"DateTime","(deg F) Mean Temperature (CFSR) at Polygon 1, 1985-01-01 to 1989-12-31"
"1985-01-01:12 AM",26.1495
"1985-01-02:12 AM",23.7366
"1985-01-03:12 AM",25.7776
"1985-01-04:12 AM",28.9294
"1985-01-05:12 AM",30.5578
"1985-01-06:12 AM",31.5766
"1985-01-07:12 AM",31.8119
"1985-01-08:12 AM",27.048
"1985-01-09:12 AM",24.5431
"1985-01-10:12 AM",24.4593
"1985-01-11:12 AM",20.2528
"1985-01-12:12 AM",18.9775
"1985-01-13:12 AM",24.2728
"1985-01-14:12 AM",25.2203
"1985-01-15:12 AM",23.6106
"1985-01-16:12 AM",25.4001
"1985-01-17:12 AM",29.2577
"1985-01-18:12 AM",29.4247
"1985-01-19:12 AM",22.87
"1985-01-20:12 AM",12.8847
"1985-01-21:12 AM",16.2273
"1985-01-22:12 AM",21.1489
"1985-01-23:12 AM",24.6456
"1985-01-24:12 AM",28.6624
"1985-01-25:12 AM",25.9477
"1985-01-26:12 AM",23.976
"1985-01-27:12 AM",26.4016
"1985-01-28:12 AM",24.1819
"1985-01-29:12 AM",23.7294
"1985-01-30:12 AM",19.292
"1985-01-31:12 AM",14.0106
"1985-02-01:12 AM",10.1208
"1985-02-02:12 AM",11.0925
"1985-02-03:12 AM",11.1144
"1985-02-04:12 AM",12.5775
"1985-02-05:12 AM",17.6976
"1985-02-06:12 AM",18.6071
"1985-02-07:12 AM",17.3917
"1985-02-08:12 AM",20.3675
"1985-02-09:12 AM",23.6615
"1985-02-10:12 AM",24.7741
"1985-02-11:12 AM",25.6636
"1985-02-12:12 AM",27.7151
"1985-02-13:12 AM",28.4241
"1985-02-14:12 AM",28.3042
"1985-02-15:12 AM",28.5318
"1985-02-16:12 AM",31.6625
"1985-02-17:12 AM",33.4153
"1985-02-18:12 AM",34.1607
"1985-02-19:12 AM",35.1792
"1985-02-20:12 AM",37.4904
"1985-02-21:12 AM",39.1213
"1985-02-22:12 AM",41.7565
"1985-02-23:12 AM",42.0559
"1985-02-24:12 AM",40.5649
"1985-02-25:12 AM",39.0078
"1985-02-26:12 AM",36.7974
"1985-02-27:12 AM",35.6677
"1985-02-28:12 AM",37.756
"1985-03-01:12 AM",40.9255
"1985-03-02:12 AM",38.6098
"1985-03-03:12 AM",35.7744
"1985-03-04:12 AM",33.6025
"1985-03-05:12 AM",32.5657
"1985-03-06:12 AM",33.7149
"1985-03-07:12 AM",37.7609
"1985-03-08:12 AM",41.9846
"1985-03-09:12 AM",42.9478
"1985-03-10:12 AM",44.5851
"1985-03-11:12 AM",45.8148
"1985-03-12:12 AM",40.9978
"1985-03-13:12 AM",40.6119
"1985-03-14:12 AM",40.77
"1985-03-15:12 AM",39.6178
"1985-03-16:12 AM",41.0166
"1985-03-17:12 AM",41.3321
"1985-03-18:12 AM",41.0023
"1985-03-19:12 AM",43.0146
"1985-03-20:12 AM",44.1279
"1985-03-21:12 AM",42.2067
"1985-03-22:12 AM",40.3257
"1985-03-23:12 AM",42.229
"1985-03-24:12 AM",43.716
"1985-03-25:12 AM",43.3198
"1985-03-26:12 AM",44.6725
"1985-03-27:12 AM",47.2752
"1985-03-28:12 AM",47.4118
"1985-03-29:12 AM",44.1304
"1985-03-30:12 AM",40.1315
"1985-03-31:12 AM",40.8736
"1985-04-01:12 AM",42.9062
"1985-04-02:12 AM",46.5098
"1985-04-03:12 AM",49.2667
"1985-04-04:12 AM",49.073
"1985-04-05:12 AM",48.7297
"1985-04-06:12 AM",47.365
"1985-04-07:12 AM",46.2447
"1985-04-08:12 AM",44.6535
"1985-04-09:12 AM",45.8694
"1985-04-10:12 AM",49.7129
"1985-04-11:12 AM",53.3208
"1985-04-12:12 AM",55.209
"1985-04-13:12 AM",55.6905
"1985-04-14:12 AM",57.0625
"1985-04-15:12 AM",58.3405
"1985-04-16:12 AM",57.2481
"1985-04-17:12 AM",56.3068
"1985-04-18:12 AM",59.0146
"1985-04-19:12 AM",57.8991
"1985-04-20:12 AM",55.4689
"1985-04-21:12 AM",55.8496
"1985-04-22:12 AM",55.8019
"1985-04-23:12 AM",55.5123
"1985-04-24:12 AM",53.0397
"1985-04-25:12 AM",51.3702
"1985-04-26:12 AM",51.4881
"1985-04-27:12 AM",54.6301
"1985-04-28:12 AM",58.2521
"1985-04-29:12 AM",59.1298
"1985-04-30:12 AM",60.7962
"1985-05-01:12 AM",61.3157
"1985-05-02:12 AM",60.8697
"1985-05-03:12 AM",59.8854
"1985-05-04:12 AM",58.1738
"1985-05-05:12 AM",59.1163
"1985-05-06:12 AM",60.5737
"1985-05-07:12 AM",60.9372
"1985-05-08:12 AM",61.1132
"1985-05-09:12 AM",62.3442
"1985-05-10:12 AM",62.3755
"1985-05-11:12 AM",60.3905
"1985-05-12:12 AM",58.761
"1985-05-13:12 AM",58.4944
"1985-05-14:12 AM",58.8652
"1985-05-15:12 AM",59.538
"1985-05-16:12 AM",60.2173
"1985-05-17:12 AM",59.1737
"1985-05-18:12 AM",59.6505
"1985-05-19:12 AM",61.2919
"1985-05-20:12 AM",62.193
"1985-05-21:12 AM",62.4816
"1985-05-22:12 AM",63.0694
"1985-05-23:12 AM",64.4344
"1985-05-24:12 AM",65.5205
"1985-05-25:12 AM",66.1266
"1985-05-26:12 AM",65.6073
"1985-05-27:12 AM",64.9434
"1985-05-28:12 AM",64.4878
"1985-05-29:12 AM",64.3539
"1985-05-30:12 AM",65.2932
"1985-05-31:12 AM",65.55
"1985-06-01:12 AM",64.2711
"1985-06-02:12 AM",63.8722
"1985-06-03:12 AM",64.0967
"1985-06-04:12 AM",64.0017
"1985-06-05:12 AM",65.012
"1985-06-06:12 AM",67.3828
"1985-06-07:12 AM",71.6101
"1985-06-08:12 AM",72.9716
"1985-06-09:12 AM",71.4987
"1985-06-10:12 AM",68.6629
"1985-06-11:12 AM",65.6517
"1985-06-12:12 AM",63.9032
"1985-06-13:12 AM",64.6414
"1985-06-14:12 AM",67.2436
"1985-06-15:12 AM",69.6877
"1985-06-16:12 AM",71.5836
"1985-06-17:12 AM",71.2105
"1985-06-18:12 AM",69.004
"1985-06-19:12 AM",68.5184
"1985-06-20:12 AM",70.1802
"1985-06-21:12 AM",70.021
"1985-06-22:12 AM",70.6912
"1985-06-23:12 AM",71.9051
"1985-06-24:12 AM",70.5945
"1985-06-25:12 AM",68.1937
"1985-06-26:12 AM",66.6855
"1985-06-27:12 AM",66.4749
"1985-06-28:12 AM",67.0932
"1985-06-29:12 AM",68.8141
"1985-06-30:12 AM",70.4507
"1985-07-01:12 AM",72.1476
"1985-07-02:12 AM",73.6516
"1985-07-03:12 AM",75.1816
"1985-07-04:12 AM",75.7936
"1985-07-05:12 AM",75.0625
"1985-07-06:12 AM",75.8154
"1985-07-07:12 AM",77.4797
"1985-07-08:12 AM",78.7098
"1985-07-09:12 AM",79.1433
"1985-07-10:12 AM",78.1034
"1985-07-11:12 AM",77.4486
"1985-07-12:12 AM",77.5616
"1985-07-13:12 AM",77.7178
"1985-07-14:12 AM",76.6035
"1985-07-15:12 AM",75.3498
"1985-07-16:12 AM",74.761
"1985-07-17:12 AM",74.5065
"1985-07-18:12 AM",74.6976
"1985-07-19:12 AM",74.8917
"1985-07-20:12 AM",74.6992
"1985-07-21:12 AM",74.5794
"1985-07-22:12 AM",73.7046
"1985-07-23:12 AM",72.4671
"1985-07-24:12 AM",72.5317
"1985-07-25:12 AM",73.702
"1985-07-26:12 AM",74.5416
"1985-07-27:12 AM",74.8774
"1985-07-28:12 AM",74.2462
"1985-07-29:12 AM",72.408
"1985-07-30:12 AM",70.8714
"1985-07-31:12 AM",71.0996
"1985-08-01:12 AM",71.3755
"1985-08-02:12 AM",70.6924
"1985-08-03:12 AM",71.532
"1985-08-04:12 AM",72.7479
"1985-08-05:12 AM",74.089
"1985-08-06:12 AM",75.061
"1985-08-07:12 AM",74.9149
"1985-08-08:12 AM",74.1452
"1985-08-09:12 AM",73.0512
"1985-08-10:12 AM",71.1244
"1985-08-11:12 AM",70.9047
"1985-08-12:12 AM",71.1156
"1985-08-13:12 AM",71.4418
"1985-08-14:12 AM",70.4055
"1985-08-15:12 AM",70.7578
"1985-08-16:12 AM",70.7184
"1985-08-17:12 AM",71.2319
"1985-08-18:12 AM",70.8278
"1985-08-19:12 AM",69.8671
"1985-08-20:12 AM",69.5745
"1985-08-21:12 AM",70.2948
"1985-08-22:12 AM",70.315
"1985-08-23:12 AM",71.0074
"1985-08-24:12 AM",71.359
"1985-08-25:12 AM",71.4888
"1985-08-26:12 AM",72.0639
"1985-08-27:12 AM",72.39
"1985-08-28:12 AM",72.2494
"1985-08-29:12 AM",72.3511
"1985-08-30:12 AM",72.9336
"1985-08-31:12 AM",72.5058
"1985-09-01:12 AM",71.5138
"1985-09-02:12 AM",70.5747
"1985-09-03:12 AM",71.3721
"1985-09-04:12 AM",70.9788
"1985-09-05:12 AM",70.9183
"1985-09-06:12 AM",70.8966
"1985-09-07:12 AM",69.5106
"1985-09-08:12 AM",67.9127
"1985-09-09:12 AM",65.8371
"1985-09-10:12 AM",64.4391
"1985-09-11:12 AM",61.885
"1985-09-12:12 AM",60.0372
"1985-09-13:12 AM",59.7643
"1985-09-14:12 AM",60.5372
"1985-09-15:12 AM",61.2817
"1985-09-16:12 AM",62.7811
"1985-09-17:12 AM",64.7488
"1985-09-18:12 AM",64.5114
"1985-09-19:12 AM",62.8608
"1985-09-20:12 AM",60.111
"1985-09-21:12 AM",59.1834
"1985-09-22:12 AM",60.0971
"1985-09-23:12 AM",57.6424
"1985-09-24:12 AM",55.5159
"1985-09-25:12 AM",56.2188
"1985-09-26:12 AM",56.4958
"1985-09-27:12 AM",55.3374
"1985-09-28:12 AM",52.1888
"1985-09-29:12 AM",50.0972
"1985-09-30:12 AM",49.1668
"1985-10-01:12 AM",49.5984
"1985-10-02:12 AM",52.8868
"1985-10-03:12 AM",55.9614
"1985-10-04:12 AM",55.4873
"1985-10-05:12 AM",53.3899
"1985-10-06:12 AM",52.5979
"1985-10-07:12 AM",52.0432
"1985-10-08:12 AM",50.3116
"1985-10-09:12 AM",48.4376
"1985-10-10:12 AM",50.4552
"1985-10-11:12 AM",52.1436
"1985-10-12:12 AM",54.6892
"1985-10-13:12 AM",54.0973
"1985-10-14:12 AM",53.8052
"1985-10-15:12 AM",53.9159
"1985-10-16:12 AM",52.9867
"1985-10-17:12 AM",54.439
"1985-10-18:12 AM",56.1402
"1985-10-19:12 AM",56.6469
"1985-10-20:12 AM",55.8194
"1985-10-21:12 AM",54.7394
"1985-10-22:12 AM",53.4333
"1985-10-23:12 AM",54.8757
"1985-10-24:12 AM",56.1645
"1985-10-25:12 AM",56.0476
"1985-10-26:12 AM",54.7731
"1985-10-27:12 AM",54.628
"1985-10-28:12 AM",53.2432
"1985-10-29:12 AM",49.127
"1985-10-30:12 AM",47.6274
"1985-10-31:12 AM",47.2321
"1985-11-01:12 AM",47.0491
"1985-11-02:12 AM",46.6588
"1985-11-03:12 AM",46.9735
"1985-11-04:12 AM",47.4105
"1985-11-05:12 AM",46.4081
"1985-11-06:12 AM",44.2936
"1985-11-07:12 AM",43.5722
"1985-11-08:12 AM",41.7344
"1985-11-09:12 AM",40.4326
"1985-11-10:12 AM",38.5495
"1985-11-11:12 AM",37.7042
"1985-11-12:12 AM",40.0789
"1985-11-13:12 AM",40.4476
"1985-11-14:12 AM",38.9651
"1985-11-15:12 AM",37.7478
"1985-11-16:12 AM",39.2826
"1985-11-17:12 AM",40.5649
"1985-11-18:12 AM",40.5208
"1985-11-19:12 AM",36.3036
"1985-11-20:12 AM",29.5965
"1985-11-21:12 AM",28.2214
"1985-11-22:12 AM",28.9679
"1985-11-23:12 AM",28.431
"1985-11-24:12 AM",30.4849
"1985-11-25:12 AM",34.5148
"1985-11-26:12 AM",35.3161
"1985-11-27:12 AM",30.7283
"1985-11-28:12 AM",28.629
"1985-11-29:12 AM",27.8717
"1985-11-30:12 AM",28.3766
"1985-12-01:12 AM",25.3891
"1985-12-02:12 AM",21.6516
"1985-12-03:12 AM",26.3113
"1985-12-04:12 AM",31.2175
"1985-12-05:12 AM",32.4464
"1985-12-06:12 AM",32.3089
"1985-12-07:12 AM",34.0036
"1985-12-08:12 AM",34.414
"1985-12-09:12 AM",32.828
"1985-12-10:12 AM",29.469
"1985-12-11:12 AM",24.3345
"1985-12-12:12 AM",22.4654
"1985-12-13:12 AM",19.4639
"1985-12-14:12 AM",20.7549
"1985-12-15:12 AM",24.1839
"1985-12-16:12 AM",25.6566
"1985-12-17:12 AM",25.0549
"1985-12-18:12 AM",22.3731
"1985-12-19:12 AM",23.4828
"1985-12-20:12 AM",24.2771
"1985-12-21:12 AM",26.6533
"1985-12-22:12 AM",32.2187
"1985-12-23:12 AM",34.245
"1985-12-24:12 AM",27.239
"1985-12-25:12 AM",21.4453
"1985-12-26:12 AM",25.8805
"1985-12-27:12 AM",27.0208
"1985-12-28:12 AM",26.5888
"1985-12-29:12 AM",28.4128
"1985-12-30:12 AM",31.3356
"1985-12-31:12 AM",31.8528
"1986-01-01:12 AM",30.7753
"1986-01-02:12 AM",32.7139
"1986-01-03:12 AM",33.3763
"1986-01-04:12 AM",29.566
"1986-01-05:12 AM",28.0389
"1986-01-06:12 AM",26.5917
"1986-01-07:12 AM",22.514
"1986-01-08:12 AM",24.2575
"1986-01-09:12 AM",30.9652
"1986-01-10:12 AM",35.3358
"1986-01-11:12 AM",36.0912
"1986-01-12:12 AM",36.2064
"1986-01-13:12 AM",32.8082
"1986-01-14:12 AM",32.6426
"1986-01-15:12 AM",33.363
"1986-01-16:12 AM",38.2721
"1986-01-17:12 AM",41.7056
"1986-01-18:12 AM",42.89
"1986-01-19:12 AM",41.4102
"1986-01-20:12 AM",39.8748
"1986-01-21:12 AM",37.702
"1986-01-22:12 AM",34.3584
"1986-01-23:12 AM",33.4454
"1986-01-24:12 AM",34.9365
"1986-01-25:12 AM",34.074
"1986-01-26:12 AM",29.4447
"1986-01-27:12 AM",25.4833
"1986-01-28:12 AM",30.2844
"1986-01-29:12 AM",33.5437
"1986-01-30:12 AM",32.9533
"1986-01-31:12 AM",36.3115
"1986-02-01:12 AM",40.156
"1986-02-02:12 AM",42.3214
"1986-02-03:12 AM",41.4291
"1986-02-04:12 AM",40.1621
"1986-02-05:12 AM",38.2847
"1986-02-06:12 AM",33.0962
"1986-02-07:12 AM",28.3957
"1986-02-08:12 AM",24.5797
"1986-02-09:12 AM",21.9985
"1986-02-10:12 AM",20.0255
"1986-02-11:12 AM",17.8113
"1986-02-12:12 AM",18.4816
"1986-02-13:12 AM",23.0862
"1986-02-14:12 AM",27.5992
"1986-02-15:12 AM",29.6425
"1986-02-16:12 AM",35.7823
"1986-02-17:12 AM",40.0181
"1986-02-18:12 AM",40.944
"1986-02-19:12 AM",39.8746
"1986-02-20:12 AM",35.7447
"1986-02-21:12 AM",33.0368
"1986-02-22:12 AM",33.5761
"1986-02-23:12 AM",36.306
"1986-02-24:12 AM",39.9621
"1986-02-25:12 AM",41.9896
"1986-02-26:12 AM",44.4034
"1986-02-27:12 AM",40.8612
"1986-02-28:12 AM",35.9364
"1986-03-01:12 AM",38.3479
"1986-03-02:12 AM",42.1563
"1986-03-03:12 AM",43.0522
"1986-03-04:12 AM",42.9044
"1986-03-05:12 AM",42.9008
"1986-03-06:12 AM",40.892
"1986-03-07:12 AM",36.338
"1986-03-08:12 AM",38.6114
"1986-03-09:12 AM",45.0383
"1986-03-10:12 AM",45.4777
"1986-03-11:12 AM",43.4122
"1986-03-12:12 AM",42.1599
"1986-03-13:12 AM",42.0213
"1986-03-14:12 AM",41.4685
"1986-03-15:12 AM",41.0855
"1986-03-16:12 AM",41.0585
"1986-03-17:12 AM",41.6617
"1986-03-18:12 AM",42.8238
"1986-03-19:12 AM",40.4335
"1986-03-20:12 AM",35.4835
"1986-03-21:12 AM",37.0546
"1986-03-22:12 AM",41.594
"1986-03-23:12 AM",44.8192
"1986-03-24:12 AM",46.5235
"1986-03-25:12 AM",49.572
"1986-03-26:12 AM",50.3384
"1986-03-27:12 AM",51.705
"1986-03-28:12 AM",55.0231
"1986-03-29:12 AM",57.5976
"1986-03-30:12 AM",57.6369
"1986-03-31:12 AM",56.0212
"1986-04-01:12 AM",52.7241
"1986-04-02:12 AM",49.6555
"1986-04-03:12 AM",48.4567
"1986-04-04:12 AM",49.753
"1986-04-05:12 AM",51.9492
"1986-04-06:12 AM",54.729
"1986-04-07:12 AM",56.4186
"1986-04-08:12 AM",53.3305
"1986-04-09:12 AM",48.393
"1986-04-10:12 AM",48.5784
"1986-04-11:12 AM",49.7012
"1986-04-12:12 AM",48.5683
"1986-04-13:12 AM",46.9695
"1986-04-14:12 AM",45.9682
"1986-04-15:12 AM",46.0663
"1986-04-16:12 AM",45.9961
"1986-04-17:12 AM",46.7787
"1986-04-18:12 AM",48.9882
"1986-04-19:12 AM",51.4348
"1986-04-20:12 AM",53.24
"1986-04-21:12 AM",53.2958
"1986-04-22:12 AM",52.3072
"1986-04-23:12 AM",51.8007
"1986-04-24:12 AM",53.2699
"1986-04-25:12 AM",55.0513
"1986-04-26:12 AM",55.4497
"1986-04-27:12 AM",55.1509
"1986-04-28:12 AM",55.8138
"1986-04-29:12 AM",56.5297
"1986-04-30:12 AM",57.8219
"1986-05-01:12 AM",57.5744
"1986-05-02:12 AM",56.178
"1986-05-03:12 AM",56.0593
"1986-05-04:12 AM",57.3613
"1986-05-05:12 AM",58.1517
"1986-05-06:12 AM",58.075
"1986-05-07:12 AM",57.1242
"1986-05-08:12 AM",55.7962
"1986-05-09:12 AM",55.6821
"1986-05-10:12 AM",57.0677
"1986-05-11:12 AM",58.7802
"1986-05-12:12 AM",59.6568
"1986-05-13:12 AM",60.3419
"1986-05-14:12 AM",59.8131
"1986-05-15:12 AM",59.4127
"1986-05-16:12 AM",59.0166
"1986-05-17:12 AM",58.0323
"1986-05-18:12 AM",59.0191
"1986-05-19:12 AM",60.5694
"1986-05-20:12 AM",60.8236
"1986-05-21:12 AM",59.7583
"1986-05-22:12 AM",58.008
"1986-05-23:12 AM",59.0418
"1986-05-24:12 AM",62.4083
"1986-05-25:12 AM",64.6601
"1986-05-26:12 AM",64.994
"1986-05-27:12 AM",65.4361
"1986-05-28:12 AM",67.0777
"1986-05-29:12 AM",69.0588
"1986-05-30:12 AM",70.2676
"1986-05-31:12 AM",70.2793
"1986-06-01:12 AM",69.3237
"1986-06-02:12 AM",67.0042
"1986-06-03:12 AM",66.8838
"1986-06-04:12 AM",67.7786
"1986-06-05:12 AM",67.4703
"1986-06-06:12 AM",68.2849
"1986-06-07:12 AM",68.8465
"1986-06-08:12 AM",67.3299
"1986-06-09:12 AM",66.429
"1986-06-10:12 AM",67.8965
"1986-06-11:12 AM",69.2024
"1986-06-12:12 AM",69.0017
"1986-06-13:12 AM",69.2526
"1986-06-14:12 AM",70.0547
"1986-06-15:12 AM",70.66
"1986-06-16:12 AM",72.2226
"1986-06-17:12 AM",71.2391
"1986-06-18:12 AM",70.4941
"1986-06-19:12 AM",70.7207
"1986-06-20:12 AM",70.5256
"1986-06-21:12 AM",71.6131
"1986-06-22:12 AM",72.6663
"1986-06-23:12 AM",73.251
"1986-06-24:12 AM",71.9773
"1986-06-25:12 AM",71.8128
"1986-06-26:12 AM",74.0064
"1986-06-27:12 AM",75.8838
"1986-06-28:12 AM",75.3926
"1986-06-29:12 AM",73.0668
"1986-06-30:12 AM",71.2404
"1986-07-01:12 AM",71.8848
"1986-07-02:12 AM",72.9181
"1986-07-03:12 AM",72.4262
"1986-07-04:12 AM",72.4302
"1986-07-05:12 AM",72.3963
"1986-07-06:12 AM",71.8563
"1986-07-07:12 AM",73.2213
"1986-07-08:12 AM",73.8469
"1986-07-09:12 AM",73.5503
"1986-07-10:12 AM",72.052
"1986-07-11:12 AM",71.9348
"1986-07-12:12 AM",72.4307
"1986-07-13:12 AM",73.5467
"1986-07-14:12 AM",74.2244
"1986-07-15:12 AM",74.3027
"1986-07-16:12 AM",73.8738
"1986-07-17:12 AM",74.3184
"1986-07-18:12 AM",75.8599
"1986-07-19:12 AM",76.2166
"1986-07-20:12 AM",75.0682
"1986-07-21:12 AM",73.5492
"1986-07-22:12 AM",73.8381
"1986-07-23:12 AM",74.8164
"1986-07-24:12 AM",75.8214
"1986-07-25:12 AM",75.6525
"1986-07-26:12 AM",74.6757
"1986-07-27:12 AM",74.8477
"1986-07-28:12 AM",75.961
"1986-07-29:12 AM",76.8909
"1986-07-30:12 AM",76.3203
"1986-07-31:12 AM",75.6271
"1986-08-01:12 AM",75.3237
"1986-08-02:12 AM",74.3977
"1986-08-03:12 AM",73.8937
"1986-08-04:12 AM",74.1551
"1986-08-05:12 AM",74.2348
"1986-08-06:12 AM",74.5095
"1986-08-07:12 AM",74.3594
"1986-08-08:12 AM",74.7802
"1986-08-09:12 AM",73.6095
"1986-08-10:12 AM",72.2485
"1986-08-11:12 AM",71.4099
"1986-08-12:12 AM",71.2895
"1986-08-13:12 AM",71.9298
"1986-08-14:12 AM",73.3201
"1986-08-15:12 AM",75.1568
"1986-08-16:12 AM",75.4657
"1986-08-17:12 AM",74.6258
"1986-08-18:12 AM",75.6014
"1986-08-19:12 AM",75.9225
"1986-08-20:12 AM",73.56
"1986-08-21:12 AM",71.3649
"1986-08-22:12 AM",71.616
"1986-08-23:12 AM",71.6448
"1986-08-24:12 AM",70.9142
"1986-08-25:12 AM",72.0592
"1986-08-26:12 AM",71.9359
"1986-08-27:12 AM",69.1776
"1986-08-28:12 AM",65.2246
"1986-08-29:12 AM",64.8788
"1986-08-30:12 AM",66.3463
"1986-08-31:12 AM",66.6846
"1986-09-01:12 AM",66.2574
"1986-09-02:12 AM",66.9423
"1986-09-03:12 AM",68.6802
"1986-09-04:12 AM",68.8114
"1986-09-05:12 AM",67.0316
"1986-09-06:12 AM",63.5925
"1986-09-07:12 AM",61.5765
"1986-09-08:12 AM",61.1355
"1986-09-09:12 AM",62.6583
"1986-09-10:12 AM",64.1826
"1986-09-11:12 AM",65.073
"1986-09-12:12 AM",63.2475
"1986-09-13:12 AM",61.2505
"1986-09-14:12 AM",60.4843
"1986-09-15:12 AM",61.3841
"1986-09-16:12 AM",60.9753
"1986-09-17:12 AM",61.311
"1986-09-18:12 AM",61.4997
"1986-09-19:12 AM",62.0622
"1986-09-20:12 AM",62.5797
"1986-09-21:12 AM",63.0763
"1986-09-22:12 AM",63.2563
"1986-09-23:12 AM",63.0219
"1986-09-24:12 AM",62.8513
"1986-09-25:12 AM",62.2013
"1986-09-26:12 AM",62.1478
"1986-09-27:12 AM",61.1859
"1986-09-28:12 AM",61.241
"1986-09-29:12 AM",60.8601
"1986-09-30:12 AM",60.2614
"1986-10-01:12 AM",59.5931
"1986-10-02:12 AM",58.1495
"1986-10-03:12 AM",57.8601
"1986-10-04:12 AM",57.7555
"1986-10-05:12 AM",56.1466
"1986-10-06:12 AM",54.6157
"1986-10-07:12 AM",55.8349
"1986-10-08:12 AM",56.6712
"1986-10-09:12 AM",55.1898
"1986-10-10:12 AM",52.5731
"1986-10-11:12 AM",48.92
"1986-10-12:12 AM",45.6345
"1986-10-13:12 AM",46.1363
"1986-10-14:12 AM",48.079
"1986-10-15:12 AM",48.4302
"1986-10-16:12 AM",50.7227
"1986-10-17:12 AM",51.4369
"1986-10-18:12 AM",51.1626
"1986-10-19:12 AM",51.602
"1986-10-20:12 AM",52.4167
"1986-10-21:12 AM",53.1532
"1986-10-22:12 AM",54.0559
"1986-10-23:12 AM",53.672
"1986-10-24:12 AM",52.0653
"1986-10-25:12 AM",51.5053
"1986-10-26:12 AM",52.6917
"1986-10-27:12 AM",53.2564
"1986-10-28:12 AM",52.8838
"1986-10-29:12 AM",51.8011
"1986-10-30:12 AM",50.747
"1986-10-31:12 AM",48.8633
"1986-11-01:12 AM",45.3666
"1986-11-02:12 AM",44.5773
"1986-11-03:12 AM",45.2752
"1986-11-04:12 AM",45.4098
"1986-11-05:12 AM",45.4566
"1986-11-06:12 AM",44.7125
"1986-11-07:12 AM",43.7851
"1986-11-08:12 AM",42.6871
"1986-11-09:12 AM",37.4058
"1986-11-10:12 AM",31.9545
"1986-11-11:12 AM",32.9284
"1986-11-12:12 AM",30.1944
"1986-11-13:12 AM",26.7928
"1986-11-14:12 AM",31.1274
"1986-11-15:12 AM",35.6959
"1986-11-16:12 AM",41.0857
"1986-11-17:12 AM",42.5894
"1986-11-18:12 AM",40.9296
"1986-11-19:12 AM",39.9529
"1986-11-20:12 AM",40.4253
"1986-11-21:12 AM",40.1544
"1986-11-22:12 AM",39.5721
"1986-11-23:12 AM",38.9997
"1986-11-24:12 AM",40.1724
"1986-11-25:12 AM",40.1479
"1986-11-26:12 AM",39.8318
"1986-11-27:12 AM",39.0459
"1986-11-28:12 AM",40.4577
"1986-11-29:12 AM",39.9126
"1986-11-30:12 AM",36.9612
"1986-12-01:12 AM",35.7633
"1986-12-02:12 AM",36.1717
"1986-12-03:12 AM",34.5706
"1986-12-04:12 AM",32.7596
"1986-12-05:12 AM",34.1751
"1986-12-06:12 AM",33.8574
"1986-12-07:12 AM",34.8933
"1986-12-08:12 AM",34.9693
"1986-12-09:12 AM",31.5336
"1986-12-10:12 AM",26.1221
"1986-12-11:12 AM",27.9217
"1986-12-12:12 AM",26.9969
"1986-12-13:12 AM",26.5608
"1986-12-14:12 AM",32.0137
"1986-12-15:12 AM",35.3064
"1986-12-16:12 AM",36.498
"1986-12-17:12 AM",36.3969
"1986-12-18:12 AM",34.1825
"1986-12-19:12 AM",32.3262
"1986-12-20:12 AM",32.216
"1986-12-21:12 AM",32.092
"1986-12-22:12 AM",32.6583
"1986-12-23:12 AM",33.8365
"1986-12-24:12 AM",34.2534
"1986-12-25:12 AM",33.5158
"1986-12-26:12 AM",32.7646
"1986-12-27:12 AM",32.4036
"1986-12-28:12 AM",32.2174
"1986-12-29:12 AM",33.1689
"1986-12-30:12 AM",33.4778
"1986-12-31:12 AM",31.6895
"1987-01-01:12 AM",31.3218
"1987-01-02:12 AM",32.2846
"1987-01-03:12 AM",32.837
"1987-01-04:12 AM",33.1698
"1987-01-05:12 AM",33.246
"1987-01-06:12 AM",33.6186
"1987-01-07:12 AM",31.7305
"1987-01-08:12 AM",29.1258
"1987-01-09:12 AM",28.8775
"1987-01-10:12 AM",28.9317
"1987-01-11:12 AM",30.9466
"1987-01-12:12 AM",34.8694
"1987-01-13:12 AM",35.9078
"1987-01-14:12 AM",34.3017
"1987-01-15:12 AM",28.9407
"1987-01-16:12 AM",23.5456
"1987-01-17:12 AM",24.0877
"1987-01-18:12 AM",26.6994
"1987-01-19:12 AM",26.0467
"1987-01-20:12 AM",22.8897
"1987-01-21:12 AM",25.3785
"1987-01-22:12 AM",24.427
"1987-01-23:12 AM",21.5839
"1987-01-24:12 AM",22.7755
"1987-01-25:12 AM",26.2076
"1987-01-26:12 AM",28.4922
"1987-01-27:12 AM",31.2881
"1987-01-28:12 AM",33.8891
"1987-01-29:12 AM",36.667
"1987-01-30:12 AM",36.8512
"1987-01-31:12 AM",36.0982
"1987-02-01:12 AM",38.8994
"1987-02-02:12 AM",40.671
"1987-02-03:12 AM",38.7653
"1987-02-04:12 AM",36.6906
"1987-02-05:12 AM",35.5356
"1987-02-06:12 AM",37.1185
"1987-02-07:12 AM",40.1977
"1987-02-08:12 AM",37.8347
"1987-02-09:12 AM",34.6766
"1987-02-10:12 AM",37.9899
"1987-02-11:12 AM",41.1235
"1987-02-12:12 AM",41.7268
"1987-02-13:12 AM",40.2206
"1987-02-14:12 AM",38.2296
"1987-02-15:12 AM",34.5353
"1987-02-16:12 AM",31.2525
"1987-02-17:12 AM",30.9439
"1987-02-18:12 AM",30.8118
"1987-02-19:12 AM",30.8908
"1987-02-20:12 AM",31.8587
"1987-02-21:12 AM",33.064
"1987-02-22:12 AM",33.6628
"1987-02-23:12 AM",33.0208
"1987-02-24:12 AM",32.7535
"1987-02-25:12 AM",33.0852
"1987-02-26:12 AM",33.9206
"1987-02-27:12 AM",34.0038
"1987-02-28:12 AM",35.3044
"1987-03-01:12 AM",36.7003
"1987-03-02:12 AM",37.3671
"1987-03-03:12 AM",39.8035
"1987-03-04:12 AM",42.7226
"1987-03-05:12 AM",44.7159
"1987-03-06:12 AM",47.1499
"1987-03-07:12 AM",48.2554
"1987-03-08:12 AM",45.0334
"1987-03-09:12 AM",38.0907
"1987-03-10:12 AM",33.7494
"1987-03-11:12 AM",35.4592
"1987-03-12:12 AM",38.7093
"1987-03-13:12 AM",41.3658
"1987-03-14:12 AM",41.7758
"1987-03-15:12 AM",41.1741
"1987-03-16:12 AM",40.5505
"1987-03-17:12 AM",40.4595
"1987-03-18:12 AM",41.2236
"1987-03-19:12 AM",42.0499
"1987-03-20:12 AM",43.1139
"1987-03-21:12 AM",42.0471
"1987-03-22:12 AM",42.7062
"1987-03-23:12 AM",42.4859
"1987-03-24:12 AM",41.4237
"1987-03-25:12 AM",41.5017
"1987-03-26:12 AM",41.6179
"1987-03-27:12 AM",41.4223
"1987-03-28:12 AM",38.4742
"1987-03-29:12 AM",34.9498
"1987-03-30:12 AM",36.1211
"1987-03-31:12 AM",39.8525
"1987-04-01:12 AM",42.663
"1987-04-02:12 AM",41.0655
"1987-04-03:12 AM",40.4623
"1987-04-04:12 AM",41.3166
"1987-04-05:12 AM",43.0608
"1987-04-06:12 AM",45.4798
"1987-04-07:12 AM",48.1964
"1987-04-08:12 AM",50.0356
"1987-04-09:12 AM",50.7004
"1987-04-10:12 AM",51.3613
"1987-04-11:12 AM",50.783
"1987-04-12:12 AM",50.0342
"1987-04-13:12 AM",50.0281
"1987-04-14:12 AM",52.1323
"1987-04-15:12 AM",55.0184
"1987-04-16:12 AM",57.1374
"1987-04-17:12 AM",59.2155
"1987-04-18:12 AM",59.4237
"1987-04-19:12 AM",57.7708
"1987-04-20:12 AM",56.1396
"1987-04-21:12 AM",55.2443
"1987-04-22:12 AM",56.3346
"1987-04-23:12 AM",57.0209
"1987-04-24:12 AM",57.1923
"1987-04-25:12 AM",57.7683
"1987-04-26:12 AM",60.4535
"1987-04-27:12 AM",61.3117
"1987-04-28:12 AM",60.795
"1987-04-29:12 AM",62.1781
"1987-04-30:12 AM",60.274
"1987-05-01:12 AM",58.8227
"1987-05-02:12 AM",57.7236
"1987-05-03:12 AM",57.1325
"1987-05-04:12 AM",57.497
"1987-05-05:12 AM",58.8967
"1987-05-06:12 AM",61.2266
"1987-05-07:12 AM",62.6364
"1987-05-08:12 AM",63.6427
"1987-05-09:12 AM",65.5455
"1987-05-10:12 AM",66.6619
"1987-05-11:12 AM",66.4126
"1987-05-12:12 AM",64.6997
"1987-05-13:12 AM",65.3027
"1987-05-14:12 AM",66.7323
"1987-05-15:12 AM",66.3181
"1987-05-16:12 AM",64.8592
"1987-05-17:12 AM",63.8505
"1987-05-18:12 AM",62.9276
"1987-05-19:12 AM",62.2197
"1987-05-20:12 AM",60.805
"1987-05-21:12 AM",59.88
"1987-05-22:12 AM",59.5348
"1987-05-23:12 AM",60.656
"1987-05-24:12 AM",60.7942
"1987-05-25:12 AM",60.9393
"1987-05-26:12 AM",61.9817
"1987-05-27:12 AM",62.5275
"1987-05-28:12 AM",63.729
"1987-05-29:12 AM",64.8864
"1987-05-30:12 AM",66.1537
"1987-05-31:12 AM",67.1347
"1987-06-01:12 AM",66.2778
"1987-06-02:12 AM",66.4155
"1987-06-03:12 AM",65.9183
"1987-06-04:12 AM",66.9787
"1987-06-05:12 AM",68.2637
"1987-06-06:12 AM",68.9583
"1987-06-07:12 AM",69.3745
"1987-06-08:12 AM",68.4885
"1987-06-09:12 AM",66.3224
"1987-06-10:12 AM",66.3078
"1987-06-11:12 AM",69.6852
"1987-06-12:12 AM",72.8476
"1987-06-13:12 AM",75.0166
"1987-06-14:12 AM",76.0527
"1987-06-15:12 AM",74.4418
"1987-06-16:12 AM",72.2953
"1987-06-17:12 AM",71.9379
"1987-06-18:12 AM",72.2552
"1987-06-19:12 AM",71.6929
"1987-06-20:12 AM",71.242
"1987-06-21:12 AM",72.0547
"1987-06-22:12 AM",71.8687
"1987-06-23:12 AM",71.4736
"1987-06-24:12 AM",72.7108
"1987-06-25:12 AM",72.4305
"1987-06-26:12 AM",71.6522
"1987-06-27:12 AM",71.4173
"1987-06-28:12 AM",71.8925
"1987-06-29:12 AM",71.6409
"1987-06-30:12 AM",71.4425
"1987-07-01:12 AM",72.0874
"1987-07-02:12 AM",72.583
"1987-07-03:12 AM",72.9005
"1987-07-04:12 AM",73.2832
"1987-07-05:12 AM",73.2508
"1987-07-06:12 AM",74.1375
"1987-07-07:12 AM",74.4769
"1987-07-08:12 AM",74.3598
"1987-07-09:12 AM",74.349
"1987-07-10:12 AM",74.2352
"1987-07-11:12 AM",73.6542
"1987-07-12:12 AM",72.2561
"1987-07-13:12 AM",71.6572
"1987-07-14:12 AM",71.8045
"1987-07-15:12 AM",72.4752
"1987-07-16:12 AM",72.6361
"1987-07-17:12 AM",71.1091
"1987-07-18:12 AM",70.6419
"1987-07-19:12 AM",72.7291
"1987-07-20:12 AM",74.9151
"1987-07-21:12 AM",74.7793
"1987-07-22:12 AM",74.5959
"1987-07-23:12 AM",75.8968
"1987-07-24:12 AM",76.9901
"1987-07-25:12 AM",77.6007
"1987-07-26:12 AM",77.7621
"1987-07-27:12 AM",77.4025
"1987-07-28:12 AM",76.9113
"1987-07-29:12 AM",77.4079
"1987-07-30:12 AM",78.2877
"1987-07-31:12 AM",78.012
"1987-08-01:12 AM",77.6944
"1987-08-02:12 AM",78.4683
"1987-08-03:12 AM",77.7895
"1987-08-04:12 AM",75.7288
"1987-08-05:12 AM",75.3872
"1987-08-06:12 AM",75.1294
"1987-08-07:12 AM",74.8031
"1987-08-08:12 AM",75.2488
"1987-08-09:12 AM",75.3751
"1987-08-10:12 AM",74.8053
"1987-08-11:12 AM",73.9105
"1987-08-12:12 AM",71.8104
"1987-08-13:12 AM",71.4259
"1987-08-14:12 AM",71.8768
"1987-08-15:12 AM",72.8177
"1987-08-16:12 AM",72.9621
"1987-08-17:12 AM",72.6532
"1987-08-18:12 AM",72.5364
"1987-08-19:12 AM",72.8454
"1987-08-20:12 AM",74.4352
"1987-08-21:12 AM",75.4381
"1987-08-22:12 AM",72.7781
"1987-08-23:12 AM",68.6721
"1987-08-24:12 AM",66.4644
"1987-08-25:12 AM",66.7839
"1987-08-26:12 AM",66.8961
"1987-08-27:12 AM",67.3374
"1987-08-28:12 AM",68.0383
"1987-08-29:12 AM",69.4132
"1987-08-30:12 AM",69.4166
"1987-08-31:12 AM",69.0177
"1987-09-01:12 AM",69.5813
"1987-09-02:12 AM",69.1336
"1987-09-03:12 AM",68.9551
"1987-09-04:12 AM",68.1422
"1987-09-05:12 AM",68.0128
"1987-09-06:12 AM",68.4788
"1987-09-07:12 AM",68.1643
"1987-09-08:12 AM",67.9766
"1987-09-09:12 AM",68.4601
"1987-09-10:12 AM",68.0842
"1987-09-11:12 AM",66.3031
"1987-09-12:12 AM",65.9345
"1987-09-13:12 AM",66.5438
"1987-09-14:12 AM",67.1812
"1987-09-15:12 AM",66.6905
"1987-09-16:12 AM",65.8441
"1987-09-17:12 AM",64.6392
"1987-09-18:12 AM",62.87
"1987-09-19:12 AM",61.8841
"1987-09-20:12 AM",62.3514
"1987-09-21:12 AM",62.8176
"1987-09-22:12 AM",63.3097
"1987-09-23:12 AM",64.3843
"1987-09-24:12 AM",63.9655
"1987-09-25:12 AM",62.6644
"1987-09-26:12 AM",63.8893
"1987-09-27:12 AM",64.5323
"1987-09-28:12 AM",63.8623
"1987-09-29:12 AM",63.1429
"1987-09-30:12 AM",61.7085
"1987-10-01:12 AM",61.297
"1987-10-02:12 AM",58.82
"1987-10-03:12 AM",56.4678
"1987-10-04:12 AM",57.9587
"1987-10-05:12 AM",58.8072
"1987-10-06:12 AM",57.3912
"1987-10-07:12 AM",54.7995
"1987-10-08:12 AM",54.5868
"1987-10-09:12 AM",53.3055
"1987-10-10:12 AM",50.4853
"1987-10-11:12 AM",50.8012
"1987-10-12:12 AM",52.25
"1987-10-13:12 AM",53.4407
"1987-10-14:12 AM",52.4507
"1987-10-15:12 AM",52.0102
"1987-10-16:12 AM",52.4797
"1987-10-17:12 AM",52.6392
"1987-10-18:12 AM",52.3519
"1987-10-19:12 AM",50.4811
"1987-10-20:12 AM",48.2607
"1987-10-21:12 AM",46.4362
"1987-10-22:12 AM",47.0608
"1987-10-23:12 AM",47.9923
"1987-10-24:12 AM",49.5315
"1987-10-25:12 AM",50.7771
"1987-10-26:12 AM",52.1152
"1987-10-27:12 AM",49.6931
"1987-10-28:12 AM",49.0984
"1987-10-29:12 AM",51.3084
"1987-10-30:12 AM",53.4873
"1987-10-31:12 AM",54.0109
"1987-11-01:12 AM",54.898
"1987-11-02:12 AM",54.5545
"1987-11-03:12 AM",55.0029
"1987-11-04:12 AM",54.6181
"1987-11-05:12 AM",50.0518
"1987-11-06:12 AM",46.1521
"1987-11-07:12 AM",47.3175
"1987-11-08:12 AM",47.3488
"1987-11-09:12 AM",44.0661
"1987-11-10:12 AM",40.4323
"1987-11-11:12 AM",39.4255
"1987-11-12:12 AM",42.8346
"1987-11-13:12 AM",45.0388
"1987-11-14:12 AM",45.0601
"1987-11-15:12 AM",44.1374
"1987-11-16:12 AM",42.8412
"1987-11-17:12 AM",41.1325
"1987-11-18:12 AM",38.2347
"1987-11-19:12 AM",38.3729
"1987-11-20:12 AM",37.193
"1987-11-21:12 AM",36.217
"1987-11-22:12 AM",38.779
"1987-11-23:12 AM",41.1271
"1987-11-24:12 AM",41.6295
"1987-11-25:12 AM",40.2013
"1987-11-26:12 AM",37.4054
"1987-11-27:12 AM",35.6531
"1987-11-28:12 AM",35.3331
"1987-11-29:12 AM",35.3309
"1987-11-30:12 AM",34.4685
"1987-12-01:12 AM",34.5011
"1987-12-02:12 AM",36.4676
"1987-12-03:12 AM",40.3756
"1987-12-04:12 AM",39.684
"1987-12-05:12 AM",39.2081
"1987-12-06:12 AM",40.12
"1987-12-07:12 AM",40.6942
"1987-12-08:12 AM",40.3012
"1987-12-09:12 AM",40.9806
"1987-12-10:12 AM",43.0124
"1987-12-11:12 AM",41.3886
"1987-12-12:12 AM",36.0158
"1987-12-13:12 AM",30.7405
"1987-12-14:12 AM",28.2189
"1987-12-15:12 AM",26.4646
"1987-12-16:12 AM",25.1668
"1987-12-17:12 AM",26.7305
"1987-12-18:12 AM",29.8209
"1987-12-19:12 AM",33.4859
"1987-12-20:12 AM",33.2008
"1987-12-21:12 AM",33.3203
"1987-12-22:12 AM",34.8521
"1987-12-23:12 AM",33.4065
"1987-12-24:12 AM",31.5658
"1987-12-25:12 AM",29.1807
"1987-12-26:12 AM",28.0589
"1987-12-27:12 AM",28.6012
"1987-12-28:12 AM",28.5057
"1987-12-29:12 AM",26.9346
"1987-12-30:12 AM",26.2942
"1987-12-31:12 AM",24.3853
"1988-01-01:12 AM",21.7258
"1988-01-02:12 AM",22.0366
"1988-01-03:12 AM",23.1647
"1988-01-04:12 AM",19.9996
"1988-01-05:12 AM",16.2374
"1988-01-06:12 AM",15.7734
"1988-01-07:12 AM",16.6204
"1988-01-08:12 AM",17.0897
"1988-01-09:12 AM",17.3935
"1988-01-10:12 AM",22.338
"1988-01-11:12 AM",26.4506
"1988-01-12:12 AM",26.8165
"1988-01-13:12 AM",22.4488
"1988-01-14:12 AM",24.7365
"1988-01-15:12 AM",31.0188
"1988-01-16:12 AM",33.7622
"1988-01-17:12 AM",34.1841
"1988-01-18:12 AM",33.6423
"1988-01-19:12 AM",31.8247
"1988-01-20:12 AM",29.1342
"1988-01-21:12 AM",27.4008
"1988-01-22:12 AM",26.2171
"1988-01-23:12 AM",29.1306
"1988-01-24:12 AM",28.5121
"1988-01-25:12 AM",24.7593
"1988-01-26:12 AM",24.3126
"1988-01-27:12 AM",27.4154
"1988-01-28:12 AM",32.1156
"1988-01-29:12 AM",37.821
"1988-01-30:12 AM",39.9513
"1988-01-31:12 AM",35.9001
"1988-02-01:12 AM",30.2536
"1988-02-02:12 AM",27.7635
"1988-02-03:12 AM",27.3173
"1988-02-04:12 AM",24.4666
"1988-02-05:12 AM",18.8764
"1988-02-06:12 AM",19.0409
"1988-02-07:12 AM",23.945
"1988-02-08:12 AM",27.3747
"1988-02-09:12 AM",28.2852
"1988-02-10:12 AM",25.6419
"1988-02-11:12 AM",24.1315
"1988-02-12:12 AM",28.5453
"1988-02-13:12 AM",31.0892
"1988-02-14:12 AM",33.7451
"1988-02-15:12 AM",33.0701
"1988-02-16:12 AM",34.2973
"1988-02-17:12 AM",34.1672
"1988-02-18:12 AM",35.0888
"1988-02-19:12 AM",35.8378
"1988-02-20:12 AM",34.3418
"1988-02-21:12 AM",35.0978
"1988-02-22:12 AM",39.1606
"1988-02-23:12 AM",35.0953
"1988-02-24:12 AM",32.7632
"1988-02-25:12 AM",35.0665
"1988-02-26:12 AM",40.4323
"1988-02-27:12 AM",42.8941
"1988-02-28:12 AM",42.004
"1988-02-29:12 AM",41.6412
"1988-03-01:12 AM",41.0866
"1988-03-02:12 AM",40.0766
"1988-03-03:12 AM",38.0005
"1988-03-04:12 AM",37.6675
"1988-03-05:12 AM",38.4847
"1988-03-06:12 AM",40.5664
"1988-03-07:12 AM",41.657
"1988-03-08:12 AM",41.9938
"1988-03-09:12 AM",42.807
"1988-03-10:12 AM",40.0687
"1988-03-11:12 AM",37.6524
"1988-03-12:12 AM",35.3322
"1988-03-13:12 AM",31.9674
"1988-03-14:12 AM",30.7078
"1988-03-15:12 AM",31.0744
"1988-03-16:12 AM",32.3152
"1988-03-17:12 AM",33.8475
"1988-03-18:12 AM",35.5073
"1988-03-19:12 AM",39.105
"1988-03-20:12 AM",43.0054
"1988-03-21:12 AM",43.7718
"1988-03-22:12 AM",45.1125
"1988-03-23:12 AM",48.2562
"1988-03-24:12 AM",49.1214
"1988-03-25:12 AM",49.7914
"1988-03-26:12 AM",50.0317
"1988-03-27:12 AM",46.963
"1988-03-28:12 AM",44.6072
"1988-03-29:12 AM",42.8727
"1988-03-30:12 AM",41.6093
"1988-03-31:12 AM",42.5131
"1988-04-01:12 AM",46.0909
"1988-04-02:12 AM",49.9552
"1988-04-03:12 AM",52.1762
"1988-04-04:12 AM",53.262
"1988-04-05:12 AM",54.0667
"1988-04-06:12 AM",53.7444
"1988-04-07:12 AM",53.0542
"1988-04-08:12 AM",50.9549
"1988-04-09:12 AM",47.1056
"1988-04-10:12 AM",47.3324
"1988-04-11:12 AM",50.1717
"1988-04-12:12 AM",53.2699
"1988-04-13:12 AM",53.9082
"1988-04-14:12 AM",51.6846
"1988-04-15:12 AM",50.7272
"1988-04-16:12 AM",51.2015
"1988-04-17:12 AM",51.6763
"1988-04-18:12 AM",48.9726
"1988-04-19:12 AM",47.7108
"1988-04-20:12 AM",50.3001
"1988-04-21:12 AM",50.5819
"1988-04-22:12 AM",49.0626
"1988-04-23:12 AM",49.8058
"1988-04-24:12 AM",49.51
"1988-04-25:12 AM",49.1727
"1988-04-26:12 AM",49.6639
"1988-04-27:12 AM",51.2938
"1988-04-28:12 AM",52.4817
"1988-04-29:12 AM",54.2964
"1988-04-30:12 AM",53.8741
"1988-05-01:12 AM",52.4158
"1988-05-02:12 AM",51.314
"1988-05-03:12 AM",52.1105
"1988-05-04:12 AM",53.9274
"1988-05-05:12 AM",56.5194
"1988-05-06:12 AM",56.955
"1988-05-07:12 AM",56.9478
"1988-05-08:12 AM",58.0136
"1988-05-09:12 AM",58.8978
"1988-05-10:12 AM",61.3717
"1988-05-11:12 AM",62.4252
"1988-05-12:12 AM",64.7488
"1988-05-13:12 AM",63.2268
"1988-05-14:12 AM",62.7912
"1988-05-15:12 AM",65.6361
"1988-05-16:12 AM",64.8012
"1988-05-17:12 AM",62.7152
"1988-05-18:12 AM",61.4581
"1988-05-19:12 AM",60.9622
"1988-05-20:12 AM",61.356
"1988-05-21:12 AM",62.2425
"1988-05-22:12 AM",63.2143
"1988-05-23:12 AM",64.5854
"1988-05-24:12 AM",64.6191
"1988-05-25:12 AM",62.7786
"1988-05-26:12 AM",63.9491
"1988-05-27:12 AM",66.1797
"1988-05-28:12 AM",67.3367
"1988-05-29:12 AM",66.528
"1988-05-30:12 AM",65.133
"1988-05-31:12 AM",65.2764
"1988-06-01:12 AM",66.1008
"1988-06-02:12 AM",66.3922
"1988-06-03:12 AM",66.7614
"1988-06-04:12 AM",66.6957
"1988-06-05:12 AM",67.7912
"1988-06-06:12 AM",68.9576
"1988-06-07:12 AM",70.5348
"1988-06-08:12 AM",69.3523
"1988-06-09:12 AM",66.6113
"1988-06-10:12 AM",66.432
"1988-06-11:12 AM",67.9023
"1988-06-12:12 AM",69.2532
"1988-06-13:12 AM",70.1965
"1988-06-14:12 AM",71.2627
"1988-06-15:12 AM",72.3198
"1988-06-16:12 AM",72.7383
"1988-06-17:12 AM",72.9262
"1988-06-18:12 AM",74.6472
"1988-06-19:12 AM",76.7399
"1988-06-20:12 AM",78.3381
"1988-06-21:12 AM",79.5684
"1988-06-22:12 AM",79.5886
"1988-06-23:12 AM",77.7907
"1988-06-24:12 AM",78.3968
"1988-06-25:12 AM",77.5103
"1988-06-26:12 AM",74.2192
"1988-06-27:12 AM",72.8335
"1988-06-28:12 AM",73.1593
"1988-06-29:12 AM",71.1451
"1988-06-30:12 AM",68.8806
"1988-07-01:12 AM",69.3621
"1988-07-02:12 AM",71.6515
"1988-07-03:12 AM",74.023
"1988-07-04:12 AM",75.1597
"1988-07-05:12 AM",75.5888
"1988-07-06:12 AM",75.4342
"1988-07-07:12 AM",75.3417
"1988-07-08:12 AM",75.7551
"1988-07-09:12 AM",76.3902
"1988-07-10:12 AM",75.2221
"1988-07-11:12 AM",73.7856
"1988-07-12:12 AM",73.9234
"1988-07-13:12 AM",76.5586
"1988-07-14:12 AM",78.9219
"1988-07-15:12 AM",79.1089
"1988-07-16:12 AM",79.1366
"1988-07-17:12 AM",78.0507
"1988-07-18:12 AM",76.5599
"1988-07-19:12 AM",74.2532
"1988-07-20:12 AM",73.8743
"1988-07-21:12 AM",74.5457
"1988-07-22:12 AM",75.6655
"1988-07-23:12 AM",76.3034
"1988-07-24:12 AM",76.5982
"1988-07-25:12 AM",77.4451
"1988-07-26:12 AM",77.8575
"1988-07-27:12 AM",77.8865
"1988-07-28:12 AM",78.5885
"1988-07-29:12 AM",79.0479
"1988-07-30:12 AM",79.0664
"1988-07-31:12 AM",78.8511
"1988-08-01:12 AM",78.2564
"1988-08-02:12 AM",77.0846
"1988-08-03:12 AM",76.4382
"1988-08-04:12 AM",75.5116
"1988-08-05:12 AM",75.3013
"1988-08-06:12 AM",75.9142
"1988-08-07:12 AM",75.4443
"1988-08-08:12 AM",74.8337
"1988-08-09:12 AM",76.1292
"1988-08-10:12 AM",77.4333
"1988-08-11:12 AM",77.8096
"1988-08-12:12 AM",77.0841
"1988-08-13:12 AM",76.5939
"1988-08-14:12 AM",77.2216
"1988-08-15:12 AM",77.7052
"1988-08-16:12 AM",77.6829
"1988-08-17:12 AM",77.3895
"1988-08-18:12 AM",75.0421
"1988-08-19:12 AM",73.7143
"1988-08-20:12 AM",73.78
"1988-08-21:12 AM",73.0393
"1988-08-22:12 AM",72.4379
"1988-08-23:12 AM",73.4119
"1988-08-24:12 AM",74.5804
"1988-08-25:12 AM",74.403
"1988-08-26:12 AM",72.8449
"1988-08-27:12 AM",70.981
"1988-08-28:12 AM",68.8773
"1988-08-29:12 AM",68.3483
"1988-08-30:12 AM",69.2451
"1988-08-31:12 AM",71.0692
"1988-09-01:12 AM",71.7193
"1988-09-02:12 AM",72.0282
"1988-09-03:12 AM",70.7959
"1988-09-04:12 AM",69.1399
"1988-09-05:12 AM",66.2693
"1988-09-06:12 AM",65.2082
"1988-09-07:12 AM",67.3344
"1988-09-08:12 AM",67.8969
"1988-09-09:12 AM",68.6905
"1988-09-10:12 AM",68.7862
"1988-09-11:12 AM",66.0112
"1988-09-12:12 AM",63.7167
"1988-09-13:12 AM",64.3743
"1988-09-14:12 AM",65.0215
"1988-09-15:12 AM",65.0833
"1988-09-16:12 AM",65.5342
"1988-09-17:12 AM",66.0645
"1988-09-18:12 AM",64.6542
"1988-09-19:12 AM",61.7007
"1988-09-20:12 AM",61.1685
"1988-09-21:12 AM",61.6894
"1988-09-22:12 AM",63.432
"1988-09-23:12 AM",62.978
"1988-09-24:12 AM",62.0434
"1988-09-25:12 AM",62.0551
"1988-09-26:12 AM",63.4977
"1988-09-27:12 AM",62.3484
"1988-09-28:12 AM",60.0406
"1988-09-29:12 AM",59.9283
"1988-09-30:12 AM",62.3302
"1988-10-01:12 AM",62.9296
"1988-10-02:12 AM",61.1757
"1988-10-03:12 AM",58.03
"1988-10-04:12 AM",54.637
"1988-10-05:12 AM",52.5808
"1988-10-06:12 AM",52.4926
"1988-10-07:12 AM",53.627
"1988-10-08:12 AM",54.9041
"1988-10-09:12 AM",56.0683
"1988-10-10:12 AM",56.7754
"1988-10-11:12 AM",54.5491
"1988-10-12:12 AM",52.4111
"1988-10-13:12 AM",53.1595
"1988-10-14:12 AM",56.2896
"1988-10-15:12 AM",59.097
"1988-10-16:12 AM",59.8073
"1988-10-17:12 AM",59.4763
"1988-10-18:12 AM",56.032
"1988-10-19:12 AM",52.9599
"1988-10-20:12 AM",52.2115
"1988-10-21:12 AM",53.1766
"1988-10-22:12 AM",53.0175
"1988-10-23:12 AM",52.0066
"1988-10-24:12 AM",51.2355
"1988-10-25:12 AM",50.2473
"1988-10-26:12 AM",49.7768
"1988-10-27:12 AM",48.7337
"1988-10-28:12 AM",45.9097
"1988-10-29:12 AM",44.7219
"1988-10-30:12 AM",46.1039
"1988-10-31:12 AM",48.2976
"1988-11-01:12 AM",50.0875
"1988-11-02:12 AM",49.8263
"1988-11-03:12 AM",51.7496
"1988-11-04:12 AM",53.3313
"1988-11-05:12 AM",49.0678
"1988-11-06:12 AM",46.236
"1988-11-07:12 AM",46.1316
"1988-11-08:12 AM",46.7073
"1988-11-09:12 AM",47.4489
"1988-11-10:12 AM",45.351
"1988-11-11:12 AM",43.2037
"1988-11-12:12 AM",43.4257
"1988-11-13:12 AM",45.435
"1988-11-14:12 AM",45.5907
"1988-11-15:12 AM",44.8263
"1988-11-16:12 AM",40.3596
"1988-11-17:12 AM",37.4211
"1988-11-18:12 AM",36.7918
"1988-11-19:12 AM",37.3892
"1988-11-20:12 AM",36.2759
"1988-11-21:12 AM",34.5331
"1988-11-22:12 AM",37.1012
"1988-11-23:12 AM",40.6294
"1988-11-24:12 AM",40.6461
"1988-11-25:12 AM",39.7071
"1988-11-26:12 AM",40.0282
"1988-11-27:12 AM",36.3873
"1988-11-28:12 AM",33.9577
"1988-11-29:12 AM",35.1016
"1988-11-30:12 AM",35.2303
"1988-12-01:12 AM",35.2328
"1988-12-02:12 AM",37.1556
"1988-12-03:12 AM",38.7628
"1988-12-04:12 AM",36.4048
"1988-12-05:12 AM",37.155
"1988-12-06:12 AM",39.3078
"1988-12-07:12 AM",37.2353
"1988-12-08:12 AM",31.2798
"1988-12-09:12 AM",29.9188
"1988-12-10:12 AM",29.0746
"1988-12-11:12 AM",27.4885
"1988-12-12:12 AM",30.1874
"1988-12-13:12 AM",36.3132
"1988-12-14:12 AM",36.0297
"1988-12-15:12 AM",28.3244
"1988-12-16:12 AM",26.429
"1988-12-17:12 AM",28.7647
"1988-12-18:12 AM",32.1975
"1988-12-19:12 AM",36.4181
"1988-12-20:12 AM",37.711
"1988-12-21:12 AM",36.7822
"1988-12-22:12 AM",36.426
"1988-12-23:12 AM",35.8889
"1988-12-24:12 AM",33.5341
"1988-12-25:12 AM",29.3693
"1988-12-26:12 AM",28.3987
"1988-12-27:12 AM",27.181
"1988-12-28:12 AM",22.7435
"1988-12-29:12 AM",22.1814
"1988-12-30:12 AM",28.4423
"1988-12-31:12 AM",30.0727
"1989-01-01:12 AM",28.4792
"1989-01-02:12 AM",29.854
"1989-01-03:12 AM",34.4916
"1989-01-04:12 AM",32.3596
"1989-01-05:12 AM",34.6609
"1989-01-06:12 AM",34.1571
"1989-01-07:12 AM",30.8419
"1989-01-08:12 AM",24.0057
"1989-01-09:12 AM",24.6744
"1989-01-10:12 AM",28.0891
"1989-01-11:12 AM",31.0483
"1989-01-12:12 AM",30.1282
"1989-01-13:12 AM",27.4087
"1989-01-14:12 AM",28.9594
"1989-01-15:12 AM",29.7347
"1989-01-16:12 AM",31.4938
"1989-01-17:12 AM",34.2801
"1989-01-18:12 AM",37.3354
"1989-01-19:12 AM",37.7413
"1989-01-20:12 AM",34.0729
"1989-01-21:12 AM",32.3883
"1989-01-22:12 AM",34.8652
"1989-01-23:12 AM",35.4274
"1989-01-24:12 AM",34.0587
"1989-01-25:12 AM",33.96
"1989-01-26:12 AM",34.0426
"1989-01-27:12 AM",34.893
"1989-01-28:12 AM",35.1808
"1989-01-29:12 AM",37.2794
"1989-01-30:12 AM",40.8778
"1989-01-31:12 AM",41.23
"1989-02-01:12 AM",33.0035
"1989-02-02:12 AM",25.3598
"1989-02-03:12 AM",17.2371
"1989-02-04:12 AM",12.8923
"1989-02-05:12 AM",13.9262
"1989-02-06:12 AM",15.5248
"1989-02-07:12 AM",18.2413
"1989-02-08:12 AM",17.9008
"1989-02-09:12 AM",20.3482
"1989-02-10:12 AM",27.435
"1989-02-11:12 AM",31.0408
"1989-02-12:12 AM",31.4735
"1989-02-13:12 AM",32.8446
"1989-02-14:12 AM",32.0207
"1989-02-15:12 AM",31.4722
"1989-02-16:12 AM",27.5877
"1989-02-17:12 AM",26.0631
"1989-02-18:12 AM",26.9575
"1989-02-19:12 AM",29.9523
"1989-02-20:12 AM",33.3307
"1989-02-21:12 AM",35.022
"1989-02-22:12 AM",30.8043
"1989-02-23:12 AM",29.2901
"1989-02-24:12 AM",32.3321
"1989-02-25:12 AM",37.3462
"1989-02-26:12 AM",37.0965
"1989-02-27:12 AM",34.086
"1989-02-28:12 AM",30.8916
"1989-03-01:12 AM",28.0999
"1989-03-02:12 AM",29.1067
"1989-03-03:12 AM",29.9755
"1989-03-04:12 AM",27.6418
"1989-03-05:12 AM",27.9406
"1989-03-06:12 AM",30.5757
"1989-03-07:12 AM",32.6268
"1989-03-08:12 AM",36.273
"1989-03-09:12 AM",41.6584
"1989-03-10:12 AM",46.2313
"1989-03-11:12 AM",48.5407
"1989-03-12:12 AM",47.2973
"1989-03-13:12 AM",45.2064
"1989-03-14:12 AM",43.6926
"1989-03-15:12 AM",40.6827
"1989-03-16:12 AM",39.5488
"1989-03-17:12 AM",40.33
"1989-03-18:12 AM",40.334
"1989-03-19:12 AM",39.5434
"1989-03-20:12 AM",39.4857
"1989-03-21:12 AM",36.0527
"1989-03-22:12 AM",38.0291
"1989-03-23:12 AM",42.0253
"1989-03-24:12 AM",45.7077
"1989-03-25:12 AM",47.9194
"1989-03-26:12 AM",50.2599
"1989-03-27:12 AM",52.1532
"1989-03-28:12 AM",53.0996
"1989-03-29:12 AM",50.6376
"1989-03-30:12 AM",47.0628
"1989-03-31:12 AM",44.4596
"1989-04-01:12 AM",44.4493
"1989-04-02:12 AM",48.1201
"1989-04-03:12 AM",49.7829
"1989-04-04:12 AM",48.7031
"1989-04-05:12 AM",48.5742
"1989-04-06:12 AM",49.7323
"1989-04-07:12 AM",50.1964
"1989-04-08:12 AM",47.529
"1989-04-09:12 AM",42.2208
"1989-04-10:12 AM",40.0032
"1989-04-11:12 AM",42.3446
"1989-04-12:12 AM",45.3722
"1989-04-13:12 AM",48.4329
"1989-04-14:12 AM",51.294
"1989-04-15:12 AM",53.587
"1989-04-16:12 AM",54.9752
"1989-04-17:12 AM",54.6177
"1989-04-18:12 AM",55.9413
"1989-04-19:12 AM",56.8053
"1989-04-20:12 AM",58.9791
"1989-04-21:12 AM",60.3167
"1989-04-22:12 AM",59.9158
"1989-04-23:12 AM",57.6167
"1989-04-24:12 AM",57.4911
"1989-04-25:12 AM",57.8887
"1989-04-26:12 AM",57.6835
"1989-04-27:12 AM",55.9333
"1989-04-28:12 AM",53.2234
"1989-04-29:12 AM",52.1663
"1989-04-30:12 AM",52.2471
"1989-05-01:12 AM",52.8609
"1989-05-02:12 AM",53.7102
"1989-05-03:12 AM",54.9441
"1989-05-04:12 AM",57.3723
"1989-05-05:12 AM",57.6446
"1989-05-06:12 AM",57.0425
"1989-05-07:12 AM",59.0549
"1989-05-08:12 AM",60.7309
"1989-05-09:12 AM",60.2836
"1989-05-10:12 AM",57.6054
"1989-05-11:12 AM",55.2
"1989-05-12:12 AM",53.7856
"1989-05-13:12 AM",54.3862
"1989-05-14:12 AM",56.7284
"1989-05-15:12 AM",59.0346
"1989-05-16:12 AM",59.7562
"1989-05-17:12 AM",61.2784
"1989-05-18:12 AM",62.0618
"1989-05-19:12 AM",61.5227
"1989-05-20:12 AM",63.2554
"1989-05-21:12 AM",65.2649
"1989-05-22:12 AM",66.1183
"1989-05-23:12 AM",65.9871
"1989-05-24:12 AM",64.5836
"1989-05-25:12 AM",63.0993
"1989-05-26:12 AM",61.9005
"1989-05-27:12 AM",62.1444
"1989-05-28:12 AM",62.8776
"1989-05-29:12 AM",63.5189
"1989-05-30:12 AM",63.7551
"1989-05-31:12 AM",65.0507
"1989-06-01:12 AM",66.6639
"1989-06-02:12 AM",67.5324
"1989-06-03:12 AM",65.7439
"1989-06-04:12 AM",64.1302
"1989-06-05:12 AM",65.3707
"1989-06-06:12 AM",67.1637
"1989-06-07:12 AM",67.1668
"1989-06-08:12 AM",65.4807
"1989-06-09:12 AM",65.1695
"1989-06-10:12 AM",65.3508
"1989-06-11:12 AM",66.9927
"1989-06-12:12 AM",67.6188
"1989-06-13:12 AM",65.7957
"1989-06-14:12 AM",64.5507
"1989-06-15:12 AM",65.435
"1989-06-16:12 AM",66.1854
"1989-06-17:12 AM",67.4424
"1989-06-18:12 AM",70.5911
"1989-06-19:12 AM",72.8319
"1989-06-20:12 AM",72.1074
"1989-06-21:12 AM",68.9556
"1989-06-22:12 AM",67.0833
"1989-06-23:12 AM",67.5653
"1989-06-24:12 AM",68.673
"1989-06-25:12 AM",69.8889
"1989-06-26:12 AM",71.0526
"1989-06-27:12 AM",71.8574
"1989-06-28:12 AM",71.632
"1989-06-29:12 AM",71.1619
"1989-06-30:12 AM",71.5978
"1989-07-01:12 AM",72.4266
"1989-07-02:12 AM",73.8876
"1989-07-03:12 AM",74.7077
"1989-07-04:12 AM",75.8311
"1989-07-05:12 AM",76.6413
"1989-07-06:12 AM",77.0068
"1989-07-07:12 AM",77.9034
"1989-07-08:12 AM",77.7556
"1989-07-09:12 AM",77.0927
"1989-07-10:12 AM",76.5207
"1989-07-11:12 AM",75.9456
"1989-07-12:12 AM",75.243
"1989-07-13:12 AM",73.9652
"1989-07-14:12 AM",72.4532
"1989-07-15:12 AM",71.7084
"1989-07-16:12 AM",71.7931
"1989-07-17:12 AM",72.4273
"1989-07-18:12 AM",73.477
"1989-07-19:12 AM",74.788
"1989-07-20:12 AM",74.4994
"1989-07-21:12 AM",73.3728
"1989-07-22:12 AM",73.2358
"1989-07-23:12 AM",73.9636
"1989-07-24:12 AM",74.5525
"1989-07-25:12 AM",75.7144
"1989-07-26:12 AM",76.1221
"1989-07-27:12 AM",75.965
"1989-07-28:12 AM",74.9485
"1989-07-29:12 AM",74.4465
"1989-07-30:12 AM",74.8346
"1989-07-31:12 AM",75.1883
"1989-08-01:12 AM",74.5977
"1989-08-02:12 AM",74.354
"1989-08-03:12 AM",75.6952
"1989-08-04:12 AM",77.1962
"1989-08-05:12 AM",76.7581
"1989-08-06:12 AM",73.7483
"1989-08-07:12 AM",69.9778
"1989-08-08:12 AM",68.493
"1989-08-09:12 AM",69.4879
"1989-08-10:12 AM",70.9842
"1989-08-11:12 AM",71.4133
"1989-08-12:12 AM",71.7534
"1989-08-13:12 AM",72.0928
"1989-08-14:12 AM",71.7786
"1989-08-15:12 AM",71.1113
"1989-08-16:12 AM",71.1565
"1989-08-17:12 AM",71.3194
"1989-08-18:12 AM",71.2225
"1989-08-19:12 AM",70.8013
"1989-08-20:12 AM",71.4139
"1989-08-21:12 AM",72.2646
"1989-08-22:12 AM",73.0337
"1989-08-23:12 AM",72.37
"1989-08-24:12 AM",70.1409
"1989-08-25:12 AM",68.7859
"1989-08-26:12 AM",70.2487
"1989-08-27:12 AM",70.9036
"1989-08-28:12 AM",71.5615
"1989-08-29:12 AM",71.8466
"1989-08-30:12 AM",71.1212
"1989-08-31:12 AM",70.8654
"1989-09-01:12 AM",71.1955
"1989-09-02:12 AM",69.8968
"1989-09-03:12 AM",68.8377
"1989-09-04:12 AM",68.7576
"1989-09-05:12 AM",70.1893
"1989-09-06:12 AM",69.8752
"1989-09-07:12 AM",69.8234
"1989-09-08:12 AM",68.2687
"1989-09-09:12 AM",65.2635
"1989-09-10:12 AM",62.8261
"1989-09-11:12 AM",60.793
"1989-09-12:12 AM",59.805
"1989-09-13:12 AM",60.2258
"1989-09-14:12 AM",61.6939
"1989-09-15:12 AM",63.585
"1989-09-16:12 AM",64.5757
"1989-09-17:12 AM",64.8457
"1989-09-18:12 AM",63.8413
"1989-09-19:12 AM",62.6659
"1989-09-20:12 AM",63.2871
"1989-09-21:12 AM",64.2976
"1989-09-22:12 AM",63.5439
"1989-09-23:12 AM",57.6354
"1989-09-24:12 AM",56.926
"1989-09-25:12 AM",59.0972
"1989-09-26:12 AM",60.1086
"1989-09-27:12 AM",60.1648
"1989-09-28:12 AM",62.3302
"1989-09-29:12 AM",63.5956
"1989-09-30:12 AM",63.6035
"1989-10-01:12 AM",61.6413
"1989-10-02:12 AM",56.685
"1989-10-03:12 AM",53.1208
"1989-10-04:12 AM",52.9234
"1989-10-05:12 AM",55.9173
"1989-10-06:12 AM",56.4872
"1989-10-07:12 AM",53.3739
"1989-10-08:12 AM",53.2616
"1989-10-09:12 AM",54.6966
"1989-10-10:12 AM",57.0155
"1989-10-11:12 AM",59.9628
"1989-10-12:12 AM",61.2682
"1989-10-13:12 AM",62.1309
"1989-10-14:12 AM",61.4201
"1989-10-15:12 AM",58.0087
"1989-10-16:12 AM",53.506
"1989-10-17:12 AM",48.8718
"1989-10-18:12 AM",45.1422
"1989-10-19:12 AM",43.911
"1989-10-20:12 AM",46.6929
"1989-10-21:12 AM",50.4473
"1989-10-22:12 AM",53.3106
"1989-10-23:12 AM",55.4464
"1989-10-24:12 AM",56.3862
"1989-10-25:12 AM",56.417
"1989-10-26:12 AM",54.6181
"1989-10-27:12 AM",52.3274
"1989-10-28:12 AM",50.5233
"1989-10-29:12 AM",48.1143
"1989-10-30:12 AM",45.0059
"1989-10-31:12 AM",43.2741
"1989-11-01:12 AM",39.67
"1989-11-02:12 AM",38.1807
"1989-11-03:12 AM",39.4021
"1989-11-04:12 AM",44.3208
"1989-11-05:12 AM",47.7676
"1989-11-06:12 AM",47.4964
"1989-11-07:12 AM",47.9178
"1989-11-08:12 AM",46.8916
"1989-11-09:12 AM",46.9294
"1989-11-10:12 AM",47.7178
"1989-11-11:12 AM",49.6049
"1989-11-12:12 AM",48.3877
"1989-11-13:12 AM",48.7612
"1989-11-14:12 AM",47.4152
"1989-11-15:12 AM",42.9422
"1989-11-16:12 AM",34.6926
"1989-11-17:12 AM",34.1906
"1989-11-18:12 AM",35.8752
"1989-11-19:12 AM",42.7401
"1989-11-20:12 AM",47.0682
"1989-11-21:12 AM",42.0741
"1989-11-22:12 AM",37.3158
"1989-11-23:12 AM",33.2847
"1989-11-24:12 AM",36.9784
"1989-11-25:12 AM",40.7127
"1989-11-26:12 AM",42.1857
"1989-11-27:12 AM",40.1905
"1989-11-28:12 AM",32.821
"1989-11-29:12 AM",30.5557
"1989-11-30:12 AM",32.7103
"1989-12-01:12 AM",33.8079
"1989-12-02:12 AM",33.6684
"1989-12-03:12 AM",31.3414
"1989-12-04:12 AM",36.8254
"1989-12-05:12 AM",41.3013
"1989-12-06:12 AM",38.8812
"1989-12-07:12 AM",31.6096
"1989-12-08:12 AM",30.5499
"1989-12-09:12 AM",32.1888
"1989-12-10:12 AM",29.7811
"1989-12-11:12 AM",23.193
"1989-12-12:12 AM",21.8871
"1989-12-13:12 AM",22.6054
"1989-12-14:12 AM",22.5293
"1989-12-15:12 AM",20.921
"1989-12-16:12 AM",17.4175
"1989-12-17:12 AM",18.0633
"1989-12-18:12 AM",17.6297
"1989-12-19:12 AM",17.6441
"1989-12-20:12 AM",17.5231
"1989-12-21:12 AM",12.7225
"1989-12-22:12 AM",8.6193
"1989-12-23:12 AM",15.7748
"1989-12-24:12 AM",23.9124
"1989-12-25:12 AM",29.6652
"1989-12-26:12 AM",28.6129
"1989-12-27:12 AM",31.7296
"1989-12-28:12 AM",33.1574
"1989-12-29:12 AM",31.8362
"1989-12-30:12 AM",32.596
"1989-12-31:12 AM",33.0499
"1990-01-01:12 AM",31.062