"DateTime","(deg F) Mean Temperature (CFSR) at Alabama, 2010-01-01 to 2019-03-14"
"2010-01-01:12 AM",40.0127
"2010-01-02:12 AM",31.0145
"2010-01-03:12 AM",28.6783
"2010-01-04:12 AM",26.4526
"2010-01-05:12 AM",24.3592
"2010-01-06:12 AM",25.2205
"2010-01-07:12 AM",30.7576
"2010-01-08:12 AM",22.8583
"2010-01-09:12 AM",22.6854
"2010-01-10:12 AM",23.2977
"2010-01-11:12 AM",27.5893
"2010-01-12:12 AM",32.1033
"2010-01-13:12 AM",29.9329
"2010-01-14:12 AM",35.4709
"2010-01-15:12 AM",41.6187
"2010-01-16:12 AM",50.6059
"2010-01-17:12 AM",50.7825
"2010-01-18:12 AM",48.9198
"2010-01-19:12 AM",49.9073
"2010-01-20:12 AM",54.0694
"2010-01-21:12 AM",60.9973
"2010-01-22:12 AM",52.709
"2010-01-23:12 AM",50.2851
"2010-01-24:12 AM",57.0195
"2010-01-25:12 AM",46.7892
"2010-01-26:12 AM",41.2239
"2010-01-27:12 AM",38.0008
"2010-01-28:12 AM",44.0152
"2010-01-29:12 AM",44.575
"2010-01-30:12 AM",41.2774
"2010-01-31:12 AM",33.3189
"2010-02-01:12 AM",38.4242
"2010-02-02:12 AM",44.5332
"2010-02-03:12 AM",42.9433
"2010-02-04:12 AM",44.2474
"2010-02-05:12 AM",49.1749
"2010-02-06:12 AM",40.4368
"2010-02-07:12 AM",35.301
"2010-02-08:12 AM",37.8626
"2010-02-09:12 AM",41.8973
"2010-02-10:12 AM",31.4449
"2010-02-11:12 AM",33.9373
"2010-02-12:12 AM",32.4383
"2010-02-13:12 AM",32.9409
"2010-02-14:12 AM",38.8306
"2010-02-15:12 AM",36.558
"2010-02-16:12 AM",30.6183
"2010-02-17:12 AM",33.4774
"2010-02-18:12 AM",36.0676
"2010-02-19:12 AM",39.5182
"2010-02-20:12 AM",43.8413
"2010-02-21:12 AM",49.6591
"2010-02-22:12 AM",54.7358
"2010-02-23:12 AM",44.3307
"2010-02-24:12 AM",38.2761
"2010-02-25:12 AM",32.7083
"2010-02-26:12 AM",36.7695
"2010-02-27:12 AM",39.3085
"2010-02-28:12 AM",40.865
"2010-03-01:12 AM",44.4047
"2010-03-02:12 AM",40.7439
"2010-03-03:12 AM",38.6857
"2010-03-04:12 AM",38.0532
"2010-03-05:12 AM",40.2528
"2010-03-06:12 AM",41.4901
"2010-03-07:12 AM",45.1024
"2010-03-08:12 AM",51.2566
"2010-03-09:12 AM",54.2111
"2010-03-10:12 AM",58.993
"2010-03-11:12 AM",61.9583
"2010-03-12:12 AM",57.9943
"2010-03-13:12 AM",48.3931
"2010-03-14:12 AM",48.598
"2010-03-15:12 AM",48.2797
"2010-03-16:12 AM",47.6172
"2010-03-17:12 AM",48.0787
"2010-03-18:12 AM",50.9763
"2010-03-19:12 AM",53.3469
"2010-03-20:12 AM",54.7439
"2010-03-21:12 AM",50.2837
"2010-03-22:12 AM",40.9424
"2010-03-23:12 AM",50.7034
"2010-03-24:12 AM",56.2663
"2010-03-25:12 AM",56.939
"2010-03-26:12 AM",49.7728
"2010-03-27:12 AM",51.5151
"2010-03-28:12 AM",57.8392
"2010-03-29:12 AM",52.2226
"2010-03-30:12 AM",51.7527
"2010-03-31:12 AM",56.9073
"2010-04-01:12 AM",60.3615
"2010-04-02:12 AM",62.6337
"2010-04-03:12 AM",63.0043
"2010-04-04:12 AM",65.8337
"2010-04-05:12 AM",68.0808
"2010-04-06:12 AM",68.0113
"2010-04-07:12 AM",68.2408
"2010-04-08:12 AM",63.334
"2010-04-09:12 AM",55.4608
"2010-04-10:12 AM",57.7337
"2010-04-11:12 AM",59.8275
"2010-04-12:12 AM",63.0072
"2010-04-13:12 AM",64.764
"2010-04-14:12 AM",67.0906
"2010-04-15:12 AM",67.0975
"2010-04-16:12 AM",67.4161
"2010-04-17:12 AM",67.2339
"2010-04-18:12 AM",63.4402
"2010-04-19:12 AM",61.2241
"2010-04-20:12 AM",60.8139
"2010-04-21:12 AM",61.1616
"2010-04-22:12 AM",65.4804
"2010-04-23:12 AM",69.481
"2010-04-24:12 AM",69.3889
"2010-04-25:12 AM",71.1149
"2010-04-26:12 AM",62.8122
"2010-04-27:12 AM",58.5442
"2010-04-28:12 AM",57.0535
"2010-04-29:12 AM",62.7645
"2010-04-30:12 AM",68.239
"2010-05-01:12 AM",74.2689
"2010-05-02:12 AM",75.7978
"2010-05-03:12 AM",72.9729
"2010-05-04:12 AM",71.7105
"2010-05-05:12 AM",72.7543
"2010-05-06:12 AM",75.5244
"2010-05-07:12 AM",76.1409
"2010-05-08:12 AM",69.3345
"2010-05-09:12 AM",60.0823
"2010-05-10:12 AM",62.568
"2010-05-11:12 AM",70.7569
"2010-05-12:12 AM",75.9812
"2010-05-13:12 AM",76.8816
"2010-05-14:12 AM",77.8582
"2010-05-15:12 AM",76.7304
"2010-05-16:12 AM",71.4643
"2010-05-17:12 AM",73.0942
"2010-05-18:12 AM",71.6805
"2010-05-19:12 AM",70.0729
"2010-05-20:12 AM",73.7407
"2010-05-21:12 AM",75.1359
"2010-05-22:12 AM",78.8043
"2010-05-23:12 AM",80.9119
"2010-05-24:12 AM",80.2503
"2010-05-25:12 AM",76.8911
"2010-05-26:12 AM",75.558
"2010-05-27:12 AM",77.1566
"2010-05-28:12 AM",77.7425
"2010-05-29:12 AM",73.198
"2010-05-30:12 AM",72.9477
"2010-05-31:12 AM",74.1159
"2010-06-01:12 AM",75.7411
"2010-06-02:12 AM",76.7658
"2010-06-03:12 AM",76.3956
"2010-06-04:12 AM",76.9222
"2010-06-05:12 AM",77.7852
"2010-06-06:12 AM",80.364
"2010-06-07:12 AM",77.9475
"2010-06-08:12 AM",78.8362
"2010-06-09:12 AM",82.0098
"2010-06-10:12 AM",83.1177
"2010-06-11:12 AM",84.0124
"2010-06-12:12 AM",85.5788
"2010-06-13:12 AM",85.9267
"2010-06-14:12 AM",85.1727
"2010-06-15:12 AM",85.9822
"2010-06-16:12 AM",81.3488
"2010-06-17:12 AM",83.6418
"2010-06-18:12 AM",83.8794
"2010-06-19:12 AM",83.5678
"2010-06-20:12 AM",84.1815
"2010-06-21:12 AM",83.775
"2010-06-22:12 AM",82.7541
"2010-06-23:12 AM",83.2035
"2010-06-24:12 AM",85.2154
"2010-06-25:12 AM",83.8704
"2010-06-26:12 AM",84.1523
"2010-06-27:12 AM",83.9118
"2010-06-28:12 AM",81.1933
"2010-06-29:12 AM",81.8551
"2010-06-30:12 AM",79.5277
"2010-07-01:12 AM",78.8268
"2010-07-02:12 AM",80.4652
"2010-07-03:12 AM",80.7175
"2010-07-04:12 AM",77.8748
"2010-07-05:12 AM",78.1664
"2010-07-06:12 AM",79.1038
"2010-07-07:12 AM",82.143
"2010-07-08:12 AM",85.6152
"2010-07-09:12 AM",85.3968
"2010-07-10:12 AM",82.0731
"2010-07-11:12 AM",81.4791
"2010-07-12:12 AM",82.308
"2010-07-13:12 AM",83.4501
"2010-07-14:12 AM",84.4378
"2010-07-15:12 AM",84.6509
"2010-07-16:12 AM",81.1882
"2010-07-17:12 AM",78.5512
"2010-07-18:12 AM",79.4512
"2010-07-19:12 AM",83.1592
"2010-07-20:12 AM",83.7734
"2010-07-21:12 AM",85.617
"2010-07-22:12 AM",87.1533
"2010-07-23:12 AM",87.8632
"2010-07-24:12 AM",85.1126
"2010-07-25:12 AM",84.5497
"2010-07-26:12 AM",85.1342
"2010-07-27:12 AM",82.1678
"2010-07-28:12 AM",83.2593
"2010-07-29:12 AM",82.7161
"2010-07-30:12 AM",84.9816
"2010-07-31:12 AM",86.5818
"2010-08-01:12 AM",87.796
"2010-08-02:12 AM",86.4232
"2010-08-03:12 AM",86.257
"2010-08-04:12 AM",87.0008
"2010-08-05:12 AM",84.6142
"2010-08-06:12 AM",82.6291
"2010-08-07:12 AM",82.9564
"2010-08-08:12 AM",83.1072
"2010-08-09:12 AM",84.5735
"2010-08-10:12 AM",84.9468
"2010-08-11:12 AM",85.8045
"2010-08-12:12 AM",85.3579
"2010-08-13:12 AM",83.2683
"2010-08-14:12 AM",81.9702
"2010-08-15:12 AM",82.9548
"2010-08-16:12 AM",80.6207
"2010-08-17:12 AM",82.022
"2010-08-18:12 AM",80.4596
"2010-08-19:12 AM",80.1792
"2010-08-20:12 AM",81.3816
"2010-08-21:12 AM",81.6413
"2010-08-22:12 AM",83.2316
"2010-08-23:12 AM",82.5294
"2010-08-24:12 AM",80.3377
"2010-08-25:12 AM",79.38
"2010-08-26:12 AM",80.1721
"2010-08-27:12 AM",79.6285
"2010-08-28:12 AM",77.1049
"2010-08-29:12 AM",73.7211
"2010-08-30:12 AM",75.4648
"2010-08-31:12 AM",76.6764
"2010-09-01:12 AM",78.273
"2010-09-02:12 AM",79.2894
"2010-09-03:12 AM",79.23
"2010-09-04:12 AM",73.8183
"2010-09-05:12 AM",69.8585
"2010-09-06:12 AM",74.3934
"2010-09-07:12 AM",80.6346
"2010-09-08:12 AM",80.697
"2010-09-09:12 AM",81.2014
"2010-09-10:12 AM",80.7046
"2010-09-11:12 AM",81.3051
"2010-09-12:12 AM",78.7951
"2010-09-13:12 AM",73.7836
"2010-09-14:12 AM",77.4315
"2010-09-15:12 AM",79.4485
"2010-09-16:12 AM",78.719
"2010-09-17:12 AM",81.0043
"2010-09-18:12 AM",79.9056
"2010-09-19:12 AM",81.5616
"2010-09-20:12 AM",81.7036
"2010-09-21:12 AM",81.2365
"2010-09-22:12 AM",79.6332
"2010-09-23:12 AM",79.192
"2010-09-24:12 AM",78.2793
"2010-09-25:12 AM",76.8591
"2010-09-26:12 AM",69.7453
"2010-09-27:12 AM",64.9695
"2010-09-28:12 AM",63.2007
"2010-09-29:12 AM",64.9938
"2010-09-30:12 AM",67.6909
"2010-10-01:12 AM",68.9898
"2010-10-02:12 AM",66.3312
"2010-10-03:12 AM",61.0486
"2010-10-04:12 AM",55.117
"2010-10-05:12 AM",56.0154
"2010-10-06:12 AM",58.397
"2010-10-07:12 AM",63.3337
"2010-10-08:12 AM",67.9631
"2010-10-09:12 AM",67.8054
"2010-10-10:12 AM",68.7056
"2010-10-11:12 AM",70.677
"2010-10-12:12 AM",69.2094
"2010-10-13:12 AM",65.8135
"2010-10-14:12 AM",63.9907
"2010-10-15:12 AM",59.7713
"2010-10-16:12 AM",59.3515
"2010-10-17:12 AM",58.5716
"2010-10-18:12 AM",62.899
"2010-10-19:12 AM",66.9373
"2010-10-20:12 AM",64.8295
"2010-10-21:12 AM",62.0382
"2010-10-22:12 AM",63.2367
"2010-10-23:12 AM",65.0079
"2010-10-24:12 AM",68.5537
"2010-10-25:12 AM",72.2298
"2010-10-26:12 AM",75.6207
"2010-10-27:12 AM",73.6194
"2010-10-28:12 AM",67.4782
"2010-10-29:12 AM",53.3089
"2010-10-30:12 AM",54.4694
"2010-10-31:12 AM",58.2078
"2010-11-01:12 AM",62.2933
"2010-11-02:12 AM",62.5519
"2010-11-03:12 AM",58.0714
"2010-11-04:12 AM",54.8319
"2010-11-05:12 AM",46.5066
"2010-11-06:12 AM",42.1358
"2010-11-07:12 AM",43.2212
"2010-11-08:12 AM",47.8438
"2010-11-09:12 AM",53.6918
"2010-11-10:12 AM",56.3961
"2010-11-11:12 AM",58.867
"2010-11-12:12 AM",58.4492
"2010-11-13:12 AM",56.8632
"2010-11-14:12 AM",56.3018
"2010-11-15:12 AM",55.6669
"2010-11-16:12 AM",60.5246
"2010-11-17:12 AM",47.8002
"2010-11-18:12 AM",48.9499
"2010-11-19:12 AM",51.8043
"2010-11-20:12 AM",56.1328
"2010-11-21:12 AM",60.5059
"2010-11-22:12 AM",63.415
"2010-11-23:12 AM",66.3048
"2010-11-24:12 AM",63.8224
"2010-11-25:12 AM",64.7719
"2010-11-26:12 AM",51.7948
"2010-11-27:12 AM",39.7785
"2010-11-28:12 AM",43.0506
"2010-11-29:12 AM",50.4583
"2010-11-30:12 AM",58.5898
"2010-12-01:12 AM",38.1888
"2010-12-02:12 AM",38.7723
"2010-12-03:12 AM",44.5159
"2010-12-04:12 AM",51.1608
"2010-12-05:12 AM",39.972
"2010-12-06:12 AM",31.8153
"2010-12-07:12 AM",31.7889
"2010-12-08:12 AM",31.0456
"2010-12-09:12 AM",31.1387
"2010-12-10:12 AM",36.8366
"2010-12-11:12 AM",46.8968
"2010-12-12:12 AM",37.6464
"2010-12-13:12 AM",25.8024
"2010-12-14:12 AM",25.9201
"2010-12-15:12 AM",33.0346
"2010-12-16:12 AM",53.1399
"2010-12-17:12 AM",42.8733
"2010-12-18:12 AM",39.7375
"2010-12-19:12 AM",36.138
"2010-12-20:12 AM",39.4889
"2010-12-21:12 AM",50.5643
"2010-12-22:12 AM",56.055
"2010-12-23:12 AM",38.3292
"2010-12-24:12 AM",37.3694
"2010-12-25:12 AM",36.9325
"2010-12-26:12 AM",31.2953
"2010-12-27:12 AM",29.9475
"2010-12-28:12 AM",31.2937
"2010-12-29:12 AM",40.2548
"2010-12-30:12 AM",47.8825
"2010-12-31:12 AM",58.6661
"2011-01-01:12 AM",57.6693
"2011-01-02:12 AM",40.1425
"2011-01-03:12 AM",34.9237
"2011-01-04:12 AM",40.1005
"2011-01-05:12 AM",44.5267
"2011-01-06:12 AM",43.9443
"2011-01-07:12 AM",45.1769
"2011-01-08:12 AM",39.8575
"2011-01-09:12 AM",30.8818
"2011-01-10:12 AM",32.0058
"2011-01-11:12 AM",33.5457
"2011-01-12:12 AM",25.7344
"2011-01-13:12 AM",24.5471
"2011-01-14:12 AM",26.3577
"2011-01-15:12 AM",32.18
"2011-01-16:12 AM",39.5825
"2011-01-17:12 AM",43.8588
"2011-01-18:12 AM",47.4069
"2011-01-19:12 AM",44.4951
"2011-01-20:12 AM",39.9549
"2011-01-21:12 AM",34.0403
"2011-01-22:12 AM",31.3191
"2011-01-23:12 AM",34.2903
"2011-01-24:12 AM",40.593
"2011-01-25:12 AM",44.1738
"2011-01-26:12 AM",38.907
"2011-01-27:12 AM",38.908
"2011-01-28:12 AM",44.2441
"2011-01-29:12 AM",49.881
"2011-01-30:12 AM",53.373
"2011-01-31:12 AM",54.5859
"2011-02-01:12 AM",56.6211
"2011-02-02:12 AM",36.7273
"2011-02-03:12 AM",31.793
"2011-02-04:12 AM",37.3698
"2011-02-05:12 AM",36.8798
"2011-02-06:12 AM",36.5005
"2011-02-07:12 AM",39.972
"2011-02-08:12 AM",34.7124
"2011-02-09:12 AM",36.1045
"2011-02-10:12 AM",31.2771
"2011-02-11:12 AM",30.0063
"2011-02-12:12 AM",36.1308
"2011-02-13:12 AM",41.7672
"2011-02-14:12 AM",47.3614
"2011-02-15:12 AM",51.3
"2011-02-16:12 AM",53.4499
"2011-02-17:12 AM",55.0456
"2011-02-18:12 AM",58.5297
"2011-02-19:12 AM",60.2994
"2011-02-20:12 AM",59.6086
"2011-02-21:12 AM",61.0495
"2011-02-22:12 AM",59.4939
"2011-02-23:12 AM",55.4131
"2011-02-24:12 AM",61.3647
"2011-02-25:12 AM",59.4594
"2011-02-26:12 AM",53.3984
"2011-02-27:12 AM",63.3999
"2011-02-28:12 AM",66.646
"2011-03-01:12 AM",51.5048
"2011-03-02:12 AM",53.9883
"2011-03-03:12 AM",57.4603
"2011-03-04:12 AM",58.0649
"2011-03-05:12 AM",58.4181
"2011-03-06:12 AM",43.9097
"2011-03-07:12 AM",41.2736
"2011-03-08:12 AM",51.0415
"2011-03-09:12 AM",59.4349
"2011-03-10:12 AM",46.1394
"2011-03-11:12 AM",43.1292
"2011-03-12:12 AM",51.2157
"2011-03-13:12 AM",56.2953
"2011-03-14:12 AM",59.9972
"2011-03-15:12 AM",55.0179
"2011-03-16:12 AM",50.0166
"2011-03-17:12 AM",56.7504
"2011-03-18:12 AM",62.6524
"2011-03-19:12 AM",65.1859
"2011-03-20:12 AM",66.2477
"2011-03-21:12 AM",64.1174
"2011-03-22:12 AM",66.7508
"2011-03-23:12 AM",67.9728
"2011-03-24:12 AM",59.7096
"2011-03-25:12 AM",53.1581
"2011-03-26:12 AM",64.3086
"2011-03-27:12 AM",61.1843
"2011-03-28:12 AM",57.0699
"2011-03-29:12 AM",54.2185
"2011-03-30:12 AM",57.0063
"2011-03-31:12 AM",50.0556
"2011-04-01:12 AM",52.7689
"2011-04-02:12 AM",58.4251
"2011-04-03:12 AM",62.6085
"2011-04-04:12 AM",69.584
"2011-04-05:12 AM",49.7518
"2011-04-06:12 AM",53.5051
"2011-04-07:12 AM",60.4413
"2011-04-08:12 AM",72.198
"2011-04-09:12 AM",73.8615
"2011-04-10:12 AM",72.8247
"2011-04-11:12 AM",72.1837
"2011-04-12:12 AM",63.1762
"2011-04-13:12 AM",60.6682
"2011-04-14:12 AM",64.0609
"2011-04-15:12 AM",65.7444
"2011-04-16:12 AM",58.4503
"2011-04-17:12 AM",55.5429
"2011-04-18:12 AM",62.373
"2011-04-19:12 AM",71.3687
"2011-04-20:12 AM",73.6772
"2011-04-21:12 AM",69.9253
"2011-04-22:12 AM",72.599
"2011-04-23:12 AM",72.4676
"2011-04-24:12 AM",73.1318
"2011-04-25:12 AM",73.301
"2011-04-26:12 AM",74.1339
"2011-04-27:12 AM",75.4941
"2011-04-28:12 AM",63.4453
"2011-04-29:12 AM",62.7228
"2011-04-30:12 AM",66.7647
"2011-05-01:12 AM",71.8365
"2011-05-02:12 AM",74.0489
"2011-05-03:12 AM",61.2136
"2011-05-04:12 AM",55.5183
"2011-05-05:12 AM",56.989
"2011-05-06:12 AM",60.9912
"2011-05-07:12 AM",65.4613
"2011-05-08:12 AM",71.8817
"2011-05-09:12 AM",75.9852
"2011-05-10:12 AM",77.7333
"2011-05-11:12 AM",77.5985
"2011-05-12:12 AM",75.5447
"2011-05-13:12 AM",70.9745
"2011-05-14:12 AM",65.2518
"2011-05-15:12 AM",58.7919
"2011-05-16:12 AM",56.1396
"2011-05-17:12 AM",57.3985
"2011-05-18:12 AM",59.5506
"2011-05-19:12 AM",67.5019
"2011-05-20:12 AM",72.7138
"2011-05-21:12 AM",76.3934
"2011-05-22:12 AM",78.6416
"2011-05-23:12 AM",78.4074
"2011-05-24:12 AM",79.23
"2011-05-25:12 AM",78.9827
"2011-05-26:12 AM",74.3295
"2011-05-27:12 AM",72.1461
"2011-05-28:12 AM",76.4944
"2011-05-29:12 AM",79.5951
"2011-05-30:12 AM",80.9103
"2011-05-31:12 AM",81.7722
"2011-06-01:12 AM",84.4277
"2011-06-02:12 AM",86.1102
"2011-06-03:12 AM",85.4465
"2011-06-04:12 AM",84.6792
"2011-06-05:12 AM",84.4594
"2011-06-06:12 AM",83.4307
"2011-06-07:12 AM",83.8362
"2011-06-08:12 AM",80.2438
"2011-06-09:12 AM",80.1658
"2011-06-10:12 AM",82.4052
"2011-06-11:12 AM",82.4531
"2011-06-12:12 AM",82.0897
"2011-06-13:12 AM",82.5786
"2011-06-14:12 AM",83.3733
"2011-06-15:12 AM",84.9211
"2011-06-16:12 AM",82.4472
"2011-06-17:12 AM",83.5227
"2011-06-18:12 AM",84.0754
"2011-06-19:12 AM",86.3344
"2011-06-20:12 AM",85.5322
"2011-06-21:12 AM",82.6596
"2011-06-22:12 AM",76.8645
"2011-06-23:12 AM",77.5744
"2011-06-24:12 AM",81.712
"2011-06-25:12 AM",81.8222
"2011-06-26:12 AM",84.6196
"2011-06-27:12 AM",82.9807
"2011-06-28:12 AM",82.6234
"2011-06-29:12 AM",80.0622
"2011-06-30:12 AM",81.0484
"2011-07-01:12 AM",83.3486
"2011-07-02:12 AM",85.1911
"2011-07-03:12 AM",84.7999
"2011-07-04:12 AM",81.0856
"2011-07-05:12 AM",79.7193
"2011-07-06:12 AM",80.6425
"2011-07-07:12 AM",81.676
"2011-07-08:12 AM",81.6235
"2011-07-09:12 AM",82.315
"2011-07-10:12 AM",82.2727
"2011-07-11:12 AM",81.8101
"2011-07-12:12 AM",84.6612
"2011-07-13:12 AM",84.3562
"2011-07-14:12 AM",81.6579
"2011-07-15:12 AM",77.733
"2011-07-16:12 AM",75.5398
"2011-07-17:12 AM",77.0081
"2011-07-18:12 AM",79.9027
"2011-07-19:12 AM",81.2422
"2011-07-20:12 AM",80.3923
"2011-07-21:12 AM",80.4367
"2011-07-22:12 AM",81.216
"2011-07-23:12 AM",79.0542
"2011-07-24:12 AM",78.8176
"2011-07-25:12 AM",79.1218
"2011-07-26:12 AM",81.3234
"2011-07-27:12 AM",80.7777
"2011-07-28:12 AM",79.0966
"2011-07-29:12 AM",81.3519
"2011-07-30:12 AM",82.6628
"2011-07-31:12 AM",82.4383
"2011-08-01:12 AM",84.2014
"2011-08-02:12 AM",85.5365
"2011-08-03:12 AM",86.9099
"2011-08-04:12 AM",83.7766
"2011-08-05:12 AM",83.0397
"2011-08-06:12 AM",83.095
"2011-08-07:12 AM",83.4739
"2011-08-08:12 AM",80.5487
"2011-08-09:12 AM",81.4519
"2011-08-10:12 AM",81.3958
"2011-08-11:12 AM",82.1156
"2011-08-12:12 AM",81.1443
"2011-08-13:12 AM",81.7597
"2011-08-14:12 AM",80.0262
"2011-08-15:12 AM",76.1513
"2011-08-16:12 AM",77.0212
"2011-08-17:12 AM",78.1839
"2011-08-18:12 AM",81.8452
"2011-08-19:12 AM",82.9695
"2011-08-20:12 AM",83.0557
"2011-08-21:12 AM",83.1094
"2011-08-22:12 AM",83.7295
"2011-08-23:12 AM",83.4885
"2011-08-24:12 AM",83.4111
"2011-08-25:12 AM",83.8904
"2011-08-26:12 AM",84.787
"2011-08-27:12 AM",81.365
"2011-08-28:12 AM",78.9942
"2011-08-29:12 AM",79.2531
"2011-08-30:12 AM",79.898
"2011-08-31:12 AM",81.279
"2011-09-01:12 AM",82.3266
"2011-09-02:12 AM",81.5484
"2011-09-03:12 AM",80.3986
"2011-09-04:12 AM",73.5537
"2011-09-05:12 AM",71.2688
"2011-09-06:12 AM",60.1182
"2011-09-07:12 AM",62.739
"2011-09-08:12 AM",65.2433
"2011-09-09:12 AM",65.7559
"2011-09-10:12 AM",67.1364
"2011-09-11:12 AM",70.1136
"2011-09-12:12 AM",71.802
"2011-09-13:12 AM",73.0288
"2011-09-14:12 AM",73.9038
"2011-09-15:12 AM",68.6507
"2011-09-16:12 AM",64.9269
"2011-09-17:12 AM",69.7116
"2011-09-18:12 AM",71.6063
"2011-09-19:12 AM",70.0196
"2011-09-20:12 AM",69.8884
"2011-09-21:12 AM",72.4838
"2011-09-22:12 AM",72.234
"2011-09-23:12 AM",70.2304
"2011-09-24:12 AM",65.3648
"2011-09-25:12 AM",71.3188
"2011-09-26:12 AM",72.7498
"2011-09-27:12 AM",69.7552
"2011-09-28:12 AM",70.7205
"2011-09-29:12 AM",69.0501
"2011-09-30:12 AM",66.4938
"2011-10-01:12 AM",57.6837
"2011-10-02:12 AM",54.4532
"2011-10-03:12 AM",56.7581
"2011-10-04:12 AM",61.0363
"2011-10-05:12 AM",64.5514
"2011-10-06:12 AM",66.6248
"2011-10-07:12 AM",67.165
"2011-10-08:12 AM",68.3353
"2011-10-09:12 AM",67.0213
"2011-10-10:12 AM",66.114
"2011-10-11:12 AM",63.5671
"2011-10-12:12 AM",63.7498
"2011-10-13:12 AM",65.5893
"2011-10-14:12 AM",62.8074
"2011-10-15:12 AM",62.9542
"2011-10-16:12 AM",63.9788
"2011-10-17:12 AM",67.2962
"2011-10-18:12 AM",67.0806
"2011-10-19:12 AM",51.9552
"2011-10-20:12 AM",48.1116
"2011-10-21:12 AM",47.3949
"2011-10-22:12 AM",50.1784
"2011-10-23:12 AM",53.2695
"2011-10-24:12 AM",59.5994
"2011-10-25:12 AM",59.6363
"2011-10-26:12 AM",60.9181
"2011-10-27:12 AM",61.9714
"2011-10-28:12 AM",57.1662
"2011-10-29:12 AM",48.5353
"2011-10-30:12 AM",47.0998
"2011-10-31:12 AM",49.3844
"2011-11-01:12 AM",52.2576
"2011-11-02:12 AM",53.8416
"2011-11-03:12 AM",54.5097
"2011-11-04:12 AM",48.7101
"2011-11-05:12 AM",51.9199
"2011-11-06:12 AM",51.4207
"2011-11-07:12 AM",58.3795
"2011-11-08:12 AM",62.8066
"2011-11-09:12 AM",62.217
"2011-11-10:12 AM",48.6939
"2011-11-11:12 AM",43.65
"2011-11-12:12 AM",47.968
"2011-11-13:12 AM",57.6253
"2011-11-14:12 AM",65.0491
"2011-11-15:12 AM",66.9801
"2011-11-16:12 AM",67.3628
"2011-11-17:12 AM",49.865
"2011-11-18:12 AM",43.8021
"2011-11-19:12 AM",51.0415
"2011-11-20:12 AM",63.1161
"2011-11-21:12 AM",66.8619
"2011-11-22:12 AM",66.9519
"2011-11-23:12 AM",57.3613
"2011-11-24:12 AM",50.4689
"2011-11-25:12 AM",51.6223
"2011-11-26:12 AM",59.986
"2011-11-27:12 AM",61.4413
"2011-11-28:12 AM",43.5042
"2011-11-29:12 AM",39.02
"2011-11-30:12 AM",38.7473
"2011-12-01:12 AM",38.6454
"2011-12-02:12 AM",43.3193
"2011-12-03:12 AM",48.4882
"2011-12-04:12 AM",55.2448
"2011-12-05:12 AM",61.0621
"2011-12-06:12 AM",55.8806
"2011-12-07:12 AM",41.67
"2011-12-08:12 AM",36.8866
"2011-12-09:12 AM",40.4215
"2011-12-10:12 AM",39.6507
"2011-12-11:12 AM",38.7489
"2011-12-12:12 AM",45.4689
"2011-12-13:12 AM",50.1445
"2011-12-14:12 AM",56.1709
"2011-12-15:12 AM",60.7264
"2011-12-16:12 AM",58.3068
"2011-12-17:12 AM",45.0995
"2011-12-18:12 AM",41.499
"2011-12-19:12 AM",46.2301
"2011-12-20:12 AM",59.2264
"2011-12-21:12 AM",62.9805
"2011-12-22:12 AM",59.5155
"2011-12-23:12 AM",48.4023
"2011-12-24:12 AM",45.1749
"2011-12-25:12 AM",47.8191
"2011-12-26:12 AM",48.4763
"2011-12-27:12 AM",48.2173
"2011-12-28:12 AM",43.6068
"2011-12-29:12 AM",44.3829
"2011-12-30:12 AM",52.6494
"2011-12-31:12 AM",52.5603
"2012-01-01:12 AM",55.4254
"2012-01-02:12 AM",40.3905
"2012-01-03:12 AM",30.2292
"2012-01-04:12 AM",35.7264
"2012-01-05:12 AM",44.9913
"2012-01-06:12 AM",49.7539
"2012-01-07:12 AM",57.8946
"2012-01-08:12 AM",57.1044
"2012-01-09:12 AM",60.0588
"2012-01-10:12 AM",58.6512
"2012-01-11:12 AM",54.1816
"2012-01-12:12 AM",44.4211
"2012-01-13:12 AM",32.7313
"2012-01-14:12 AM",37.8009
"2012-01-15:12 AM",40.6717
"2012-01-16:12 AM",48.6919
"2012-01-17:12 AM",59.0517
"2012-01-18:12 AM",41.9545
"2012-01-19:12 AM",42.3084
"2012-01-20:12 AM",57.5231
"2012-01-21:12 AM",60.0292
"2012-01-22:12 AM",59.5483
"2012-01-23:12 AM",62.3494
"2012-01-24:12 AM",52.9047
"2012-01-25:12 AM",58.7538
"2012-01-26:12 AM",63.4728
"2012-01-27:12 AM",49.9464
"2012-01-28:12 AM",46.1998
"2012-01-29:12 AM",41.6345
"2012-01-30:12 AM",43.7853
"2012-01-31:12 AM",50.8579
"2012-02-01:12 AM",57.2266
"2012-02-02:12 AM",59.292
"2012-02-03:12 AM",55.9166
"2012-02-04:12 AM",60.4918
"2012-02-05:12 AM",57.3058
"2012-02-06:12 AM",50.6061
"2012-02-07:12 AM",50.0178
"2012-02-08:12 AM",49.5565
"2012-02-09:12 AM",42.6562
"2012-02-10:12 AM",43.6024
"2012-02-11:12 AM",36.3128
"2012-02-12:12 AM",29.8733
"2012-02-13:12 AM",35.8702
"2012-02-14:12 AM",45.8434
"2012-02-15:12 AM",51.0224
"2012-02-16:12 AM",59.2542
"2012-02-17:12 AM",54.9226
"2012-02-18:12 AM",53.728
"2012-02-19:12 AM",48.6387
"2012-02-20:12 AM",42.9186
"2012-02-21:12 AM",51.9593
"2012-02-22:12 AM",58.6447
"2012-02-23:12 AM",64.5514
"2012-02-24:12 AM",57.501
"2012-02-25:12 AM",45.3351
"2012-02-26:12 AM",47.5752
"2012-02-27:12 AM",52.1758
"2012-02-28:12 AM",58.7892
"2012-02-29:12 AM",64.5548
"2012-03-01:12 AM",65.6701
"2012-03-02:12 AM",67.6281
"2012-03-03:12 AM",53.2348
"2012-03-04:12 AM",45.2007
"2012-03-05:12 AM",49.111
"2012-03-06:12 AM",49.0384
"2012-03-07:12 AM",57.4151
"2012-03-08:12 AM",63.7999
"2012-03-09:12 AM",53.7463
"2012-03-10:12 AM",51.7617
"2012-03-11:12 AM",55.9875
"2012-03-12:12 AM",64.3118
"2012-03-13:12 AM",65.3743
"2012-03-14:12 AM",66.9483
"2012-03-15:12 AM",67.5153
"2012-03-16:12 AM",67.7196
"2012-03-17:12 AM",67.5075
"2012-03-18:12 AM",67.737
"2012-03-19:12 AM",68.5407
"2012-03-20:12 AM",69.4429
"2012-03-21:12 AM",70.3704
"2012-03-22:12 AM",67.4731
"2012-03-23:12 AM",66.5877
"2012-03-24:12 AM",62.6815
"2012-03-25:12 AM",61.7927
"2012-03-26:12 AM",65.1112
"2012-03-27:12 AM",66.6851
"2012-03-28:12 AM",67.1234
"2012-03-29:12 AM",67.2546
"2012-03-30:12 AM",66.4664
"2012-03-31:12 AM",67.951
"2012-04-01:12 AM",70.3999
"2012-04-02:12 AM",71.8063
"2012-04-03:12 AM",69.3113
"2012-04-04:12 AM",69.7059
"2012-04-05:12 AM",66.027
"2012-04-06:12 AM",60.0309
"2012-04-07:12 AM",59.5749
"2012-04-08:12 AM",62.2675
"2012-04-09:12 AM",63.6598
"2012-04-10:12 AM",63.5092
"2012-04-11:12 AM",59.014
"2012-04-12:12 AM",53.6925
"2012-04-13:12 AM",59.9884
"2012-04-14:12 AM",65.8335
"2012-04-15:12 AM",70.5682
"2012-04-16:12 AM",70.2084
"2012-04-17:12 AM",65.9354
"2012-04-18:12 AM",61.6993
"2012-04-19:12 AM",64.4626
"2012-04-20:12 AM",65.6926
"2012-04-21:12 AM",63.9102
"2012-04-22:12 AM",56.6973
"2012-04-23:12 AM",52.5535
"2012-04-24:12 AM",55.4306
"2012-04-25:12 AM",65.9354
"2012-04-26:12 AM",71.4618
"2012-04-27:12 AM",70.9626
"2012-04-28:12 AM",71.0199
"2012-04-29:12 AM",71.503
"2012-04-30:12 AM",75.2083
"2012-05-01:12 AM",77.2032
"2012-05-02:12 AM",74.8463
"2012-05-03:12 AM",71.838
"2012-05-04:12 AM",73.7289
"2012-05-05:12 AM",77.0779
"2012-05-06:12 AM",76.5349
"2012-05-07:12 AM",72.7677
"2012-05-08:12 AM",72.2682
"2012-05-09:12 AM",66.4873
"2012-05-10:12 AM",65.1123
"2012-05-11:12 AM",66.1564
"2012-05-12:12 AM",69.4963
"2012-05-13:12 AM",68.178
"2012-05-14:12 AM",68.5368
"2012-05-15:12 AM",70.0509
"2012-05-16:12 AM",71.7782
"2012-05-17:12 AM",72.5995
"2012-05-18:12 AM",73.7344
"2012-05-19:12 AM",72.9331
"2012-05-20:12 AM",73.1143
"2012-05-21:12 AM",73.4535
"2012-05-22:12 AM",71.1327
"2012-05-23:12 AM",71.0373
"2012-05-24:12 AM",76.2294
"2012-05-25:12 AM",79.6474
"2012-05-26:12 AM",80.8268
"2012-05-27:12 AM",81.7545
"2012-05-28:12 AM",80.8336
"2012-05-29:12 AM",79.9245
"2012-05-30:12 AM",80.3007
"2012-05-31:12 AM",75.8883
"2012-06-01:12 AM",72.8202
"2012-06-02:12 AM",67.7394
"2012-06-03:12 AM",75.279
"2012-06-04:12 AM",78.5179
"2012-06-05:12 AM",76.3385
"2012-06-06:12 AM",74.6442
"2012-06-07:12 AM",74.9793
"2012-06-08:12 AM",75.6455
"2012-06-09:12 AM",72.3855
"2012-06-10:12 AM",72.5619
"2012-06-11:12 AM",75.2014
"2012-06-12:12 AM",76.0811
"2012-06-13:12 AM",76.6441
"2012-06-14:12 AM",78.6799
"2012-06-15:12 AM",77.2502
"2012-06-16:12 AM",76.2991
"2012-06-17:12 AM",75.9155
"2012-06-18:12 AM",77.2871
"2012-06-19:12 AM",77.8401
"2012-06-20:12 AM",77.4325
"2012-06-21:12 AM",78.2139
"2012-06-22:12 AM",81.4316
"2012-06-23:12 AM",83.2179
"2012-06-24:12 AM",82.5476
"2012-06-25:12 AM",83.1796
"2012-06-26:12 AM",83.4267
"2012-06-27:12 AM",80.1934
"2012-06-28:12 AM",83.1922
"2012-06-29:12 AM",86.592
"2012-06-30:12 AM",88.6321
"2012-07-01:12 AM",88.5367
"2012-07-02:12 AM",85.0996
"2012-07-03:12 AM",84.5364
"2012-07-04:12 AM",84.3348
"2012-07-05:12 AM",84.8934
"2012-07-06:12 AM",85.2055
"2012-07-07:12 AM",83.6647
"2012-07-08:12 AM",81.3686
"2012-07-09:12 AM",81.8784
"2012-07-10:12 AM",80.1743
"2012-07-11:12 AM",75.8017
"2012-07-12:12 AM",74.9728
"2012-07-13:12 AM",78.2047
"2012-07-14:12 AM",78.7296
"2012-07-15:12 AM",80.2967
"2012-07-16:12 AM",82.7742
"2012-07-17:12 AM",81.961
"2012-07-18:12 AM",79.9691
"2012-07-19:12 AM",78.9147
"2012-07-20:12 AM",80.9571
"2012-07-21:12 AM",78.1846
"2012-07-22:12 AM",79.903
"2012-07-23:12 AM",82.6374
"2012-07-24:12 AM",83.9734
"2012-07-25:12 AM",85.3963
"2012-07-26:12 AM",85.0023
"2012-07-27:12 AM",81.1249
"2012-07-28:12 AM",82.1419
"2012-07-29:12 AM",83.0503
"2012-07-30:12 AM",80.512
"2012-07-31:12 AM",81.212
"2012-08-01:12 AM",84.1325
"2012-08-02:12 AM",83.6001
"2012-08-03:12 AM",80.9393
"2012-08-04:12 AM",79.7493
"2012-08-05:12 AM",80.265
"2012-08-06:12 AM",79.2414
"2012-08-07:12 AM",79.8645
"2012-08-08:12 AM",81.606
"2012-08-09:12 AM",78.1374
"2012-08-10:12 AM",77.6372
"2012-08-11:12 AM",77.1692
"2012-08-12:12 AM",74.7028
"2012-08-13:12 AM",76.296
"2012-08-14:12 AM",79.7279
"2012-08-15:12 AM",79.0255
"2012-08-16:12 AM",79.779
"2012-08-17:12 AM",78.4209
"2012-08-18:12 AM",75.8995
"2012-08-19:12 AM",74.7396
"2012-08-20:12 AM",73.5148
"2012-08-21:12 AM",73.7924
"2012-08-22:12 AM",74.6245
"2012-08-23:12 AM",75.6322
"2012-08-24:12 AM",76.5381
"2012-08-25:12 AM",76.5453
"2012-08-26:12 AM",77.6295
"2012-08-27:12 AM",78.4031
"2012-08-28:12 AM",78.7861
"2012-08-29:12 AM",78.3352
"2012-08-30:12 AM",76.7097
"2012-08-31:12 AM",78.2074
"2012-09-01:12 AM",78.8086
"2012-09-02:12 AM",78.955
"2012-09-03:12 AM",79.5636
"2012-09-04:12 AM",77.2131
"2012-09-05:12 AM",77.5566
"2012-09-06:12 AM",78.2841
"2012-09-07:12 AM",78.5044
"2012-09-08:12 AM",74.4795
"2012-09-09:12 AM",67.5997
"2012-09-10:12 AM",68.7236
"2012-09-11:12 AM",69.9865
"2012-09-12:12 AM",71.5129
"2012-09-13:12 AM",72.3657
"2012-09-14:12 AM",72.502
"2012-09-15:12 AM",73.6918
"2012-09-16:12 AM",73.8549
"2012-09-17:12 AM",72.9169
"2012-09-18:12 AM",70.3684
"2012-09-19:12 AM",63.2071
"2012-09-20:12 AM",63.6445
"2012-09-21:12 AM",67.7968
"2012-09-22:12 AM",72.2278
"2012-09-23:12 AM",67.3018
"2012-09-24:12 AM",62.7523
"2012-09-25:12 AM",67.2766
"2012-09-26:12 AM",70.6489
"2012-09-27:12 AM",73.0515
"2012-09-28:12 AM",74.2143
"2012-09-29:12 AM",71.7208
"2012-09-30:12 AM",68.0781
"2012-10-01:12 AM",69.5993
"2012-10-02:12 AM",62.0982
"2012-10-03:12 AM",62.6333
"2012-10-04:12 AM",66.1928
"2012-10-05:12 AM",67.6602
"2012-10-06:12 AM",66.1568
"2012-10-07:12 AM",57.8296
"2012-10-08:12 AM",55.3014
"2012-10-09:12 AM",54.9277
"2012-10-10:12 AM",61.1425
"2012-10-11:12 AM",63.0367
"2012-10-12:12 AM",68.3337
"2012-10-13:12 AM",70.2829
"2012-10-14:12 AM",71.0767
"2012-10-15:12 AM",68.1111
"2012-10-16:12 AM",60.8083
"2012-10-17:12 AM",63.2439
"2012-10-18:12 AM",65.9127
"2012-10-19:12 AM",59.1125
"2012-10-20:12 AM",55.256
"2012-10-21:12 AM",58.5268
"2012-10-22:12 AM",62.4232
"2012-10-23:12 AM",63.4248
"2012-10-24:12 AM",64.7544
"2012-10-25:12 AM",67.2622
"2012-10-26:12 AM",67.6589
"2012-10-27:12 AM",54.5508
"2012-10-28:12 AM",51.1866
"2012-10-29:12 AM",46.3861
"2012-10-30:12 AM",47.8074
"2012-10-31:12 AM",51.7669
"2012-11-01:12 AM",52.3513
"2012-11-02:12 AM",58.5219
"2012-11-03:12 AM",64.6342
"2012-11-04:12 AM",61.4215
"2012-11-05:12 AM",53.1286
"2012-11-06:12 AM",51.1488
"2012-11-07:12 AM",50.0979
"2012-11-08:12 AM",46.9184
"2012-11-09:12 AM",48.6617
"2012-11-10:12 AM",53.5768
"2012-11-11:12 AM",58.96
"2012-11-12:12 AM",57.9236
"2012-11-13:12 AM",44.3953
"2012-11-14:12 AM",45.221
"2012-11-15:12 AM",48.8745
"2012-11-16:12 AM",48.7279
"2012-11-17:12 AM",48.5181
"2012-11-18:12 AM",49.584
"2012-11-19:12 AM",51.8781
"2012-11-20:12 AM",53.4571
"2012-11-21:12 AM",55.6936
"2012-11-22:12 AM",54.8353
"2012-11-23:12 AM",55.944
"2012-11-24:12 AM",43.7173
"2012-11-25:12 AM",40.9597
"2012-11-26:12 AM",49.5446
"2012-11-27:12 AM",53.9055
"2012-11-28:12 AM",43.0446
"2012-11-29:12 AM",44.3811
"2012-11-30:12 AM",50.4603
"2012-12-01:12 AM",57.2956
"2012-12-02:12 AM",59.0878
"2012-12-03:12 AM",60.5685
"2012-12-04:12 AM",61.8832
"2012-12-05:12 AM",61.0345
"2012-12-06:12 AM",60.1423
"2012-12-07:12 AM",59.8384
"2012-12-08:12 AM",62.5487
"2012-12-09:12 AM",62.566
"2012-12-10:12 AM",61.1238
"2012-12-11:12 AM",41.326
"2012-12-12:12 AM",40.6411
"2012-12-13:12 AM",43.3567
"2012-12-14:12 AM",45.6235
"2012-12-15:12 AM",52.6147
"2012-12-16:12 AM",59.9113
"2012-12-17:12 AM",60.0759
"2012-12-18:12 AM",50.9958
"2012-12-19:12 AM",52.9308
"2012-12-20:12 AM",53.6646
"2012-12-21:12 AM",38.1753
"2012-12-22:12 AM",37.3357
"2012-12-23:12 AM",42.8508
"2012-12-24:12 AM",55.4259
"2012-12-25:12 AM",54.9171
"2012-12-26:12 AM",42.336
"2012-12-27:12 AM",35.2774
"2012-12-28:12 AM",41.252
"2012-12-29:12 AM",40.1394
"2012-12-30:12 AM",33.3671
"2012-12-31:12 AM",41.2664
"2013-01-01:12 AM",53.9713
"2013-01-02:12 AM",43.5988
"2013-01-03:12 AM",37.3966
"2013-01-04:12 AM",37.8358
"2013-01-05:12 AM",41.2972
"2013-01-06:12 AM",43.383
"2013-01-07:12 AM",41.013
"2013-01-08:12 AM",46.8727
"2013-01-09:12 AM",56.9124
"2013-01-10:12 AM",64.0366
"2013-01-11:12 AM",65.3851
"2013-01-12:12 AM",66.0796
"2013-01-13:12 AM",64.9942
"2013-01-14:12 AM",49.7383
"2013-01-15:12 AM",47.6002
"2013-01-16:12 AM",46.2385
"2013-01-17:12 AM",38.9291
"2013-01-18:12 AM",38.5102
"2013-01-19:12 AM",41.8712
"2013-01-20:12 AM",44.8965
"2013-01-21:12 AM",45.1724
"2013-01-22:12 AM",37.7809
"2013-01-23:12 AM",43.1425
"2013-01-24:12 AM",49.3034
"2013-01-25:12 AM",51.4612
"2013-01-26:12 AM",49.856
"2013-01-27:12 AM",51.06
"2013-01-28:12 AM",56.4922
"2013-01-29:12 AM",63.874
"2013-01-30:12 AM",61.2315
"2013-01-31:12 AM",40.7926
"2013-02-01:12 AM",38.9626
"2013-02-02:12 AM",40.1702
"2013-02-03:12 AM",45.1459
"2013-02-04:12 AM",45.6534
"2013-02-05:12 AM",51.5678
"2013-02-06:12 AM",53.9154
"2013-02-07:12 AM",55.126
"2013-02-08:12 AM",51.0444
"2013-02-09:12 AM",44.6158
"2013-02-10:12 AM",53.8092
"2013-02-11:12 AM",58.2022
"2013-02-12:12 AM",51.384
"2013-02-13:12 AM",48.8876
"2013-02-14:12 AM",42.5763
"2013-02-15:12 AM",45.5988
"2013-02-16:12 AM",39.9443
"2013-02-17:12 AM",35.2375
"2013-02-18:12 AM",44.3111
"2013-02-19:12 AM",49.9737
"2013-02-20:12 AM",40.2474
"2013-02-21:12 AM",45.2583
"2013-02-22:12 AM",56.8542
"2013-02-23:12 AM",53.2762
"2013-02-24:12 AM",49.9678
"2013-02-25:12 AM",51.5662
"2013-02-26:12 AM",49.6922
"2013-02-27:12 AM",45.8377
"2013-02-28:12 AM",42.6583
"2013-03-01:12 AM",38.2174
"2013-03-02:12 AM",35.8846
"2013-03-03:12 AM",33.2267
"2013-03-04:12 AM",42.9886
"2013-03-05:12 AM",52.8116
"2013-03-06:12 AM",39.2292
"2013-03-07:12 AM",40.3624
"2013-03-08:12 AM",44.6403
"2013-03-09:12 AM",53.071
"2013-03-10:12 AM",59.3461
"2013-03-11:12 AM",53.2634
"2013-03-12:12 AM",44.0172
"2013-03-13:12 AM",44.7534
"2013-03-14:12 AM",41.4421
"2013-03-15:12 AM",52.7819
"2013-03-16:12 AM",59.083
"2013-03-17:12 AM",60.2479
"2013-03-18:12 AM",63.1411
"2013-03-19:12 AM",55.3777
"2013-03-20:12 AM",50.6021
"2013-03-21:12 AM",42.5709
"2013-03-22:12 AM",45.2962
"2013-03-23:12 AM",53.2704
"2013-03-24:12 AM",56.2631
"2013-03-25:12 AM",39.8574
"2013-03-26:12 AM",37.2218
"2013-03-27:12 AM",39.114
"2013-03-28:12 AM",45.9448
"2013-03-29:12 AM",52.401
"2013-03-30:12 AM",57.2166
"2013-03-31:12 AM",62.2521
"2013-04-01:12 AM",59.677
"2013-04-02:12 AM",56.8017
"2013-04-03:12 AM",51.3685
"2013-04-04:12 AM",52.3747
"2013-04-05:12 AM",52.2572
"2013-04-06:12 AM",55.5411
"2013-04-07:12 AM",59.6658
"2013-04-08:12 AM",64.6776
"2013-04-09:12 AM",68.9166
"2013-04-10:12 AM",69.8799
"2013-04-11:12 AM",66.9191
"2013-04-12:12 AM",55.8509
"2013-04-13:12 AM",58.7208
"2013-04-14:12 AM",58.7239
"2013-04-15:12 AM",64.8331
"2013-04-16:12 AM",71.5773
"2013-04-17:12 AM",72.2572
"2013-04-18:12 AM",71.6221
"2013-04-19:12 AM",55.7836
"2013-04-20:12 AM",50.1426
"2013-04-21:12 AM",55.2207
"2013-04-22:12 AM",57.8181
"2013-04-23:12 AM",62.4693
"2013-04-24:12 AM",62.1394
"2013-04-25:12 AM",56.9343
"2013-04-26:12 AM",59.5009
"2013-04-27:12 AM",66.094
"2013-04-28:12 AM",66.4693
"2013-04-29:12 AM",65.338
"2013-04-30:12 AM",66.4099
"2013-05-01:12 AM",65.9988
"2013-05-02:12 AM",64.1975
"2013-05-03:12 AM",61.4421
"2013-05-04:12 AM",50.7193
"2013-05-05:12 AM",51.1237
"2013-05-06:12 AM",52.9533
"2013-05-07:12 AM",58.7647
"2013-05-08:12 AM",64.7841
"2013-05-09:12 AM",69.0926
"2013-05-10:12 AM",67.6692
"2013-05-11:12 AM",66.7765
"2013-05-12:12 AM",62.3237
"2013-05-13:12 AM",58.5642
"2013-05-14:12 AM",65.3068
"2013-05-15:12 AM",69.7474
"2013-05-16:12 AM",70.464
"2013-05-17:12 AM",70.3742
"2013-05-18:12 AM",73.8392
"2013-05-19:12 AM",75.5949
"2013-05-20:12 AM",77.3071
"2013-05-21:12 AM",77.715
"2013-05-22:12 AM",74.505
"2013-05-23:12 AM",74.3358
"2013-05-24:12 AM",69.7845
"2013-05-25:12 AM",67.0059
"2013-05-26:12 AM",71.4088
"2013-05-27:12 AM",74.0242
"2013-05-28:12 AM",74.2656
"2013-05-29:12 AM",74.1088
"2013-05-30:12 AM",75.5562
"2013-05-31:12 AM",76.0849
"2013-06-01:12 AM",75.7047
"2013-06-02:12 AM",75.5951
"2013-06-03:12 AM",74.1301
"2013-06-04:12 AM",76.1862
"2013-06-05:12 AM",76.091
"2013-06-06:12 AM",75.4516
"2013-06-07:12 AM",71.2753
"2013-06-08:12 AM",72.9181
"2013-06-09:12 AM",73.8676
"2013-06-10:12 AM",75.8035
"2013-06-11:12 AM",80.4805
"2013-06-12:12 AM",82.0983
"2013-06-13:12 AM",82.3325
"2013-06-14:12 AM",77.9324
"2013-06-15:12 AM",77.3451
"2013-06-16:12 AM",79.1017
"2013-06-17:12 AM",77.5357
"2013-06-18:12 AM",76.5498
"2013-06-19:12 AM",76.4395
"2013-06-20:12 AM",77.1676
"2013-06-21:12 AM",77.3442
"2013-06-22:12 AM",76.9487
"2013-06-23:12 AM",76.1994
"2013-06-24:12 AM",77.2983
"2013-06-25:12 AM",78.2517
"2013-06-26:12 AM",80.7906
"2013-06-27:12 AM",83.0174
"2013-06-28:12 AM",81.7907
"2013-06-29:12 AM",79.5124
"2013-06-30:12 AM",77.704
"2013-07-01:12 AM",75.3022
"2013-07-02:12 AM",75.5307
"2013-07-03:12 AM",73.7467
"2013-07-04:12 AM",72.502
"2013-07-05:12 AM",72.874
"2013-07-06:12 AM",73.2459
"2013-07-07:12 AM",74.0314
"2013-07-08:12 AM",75.7423
"2013-07-09:12 AM",78.6909
"2013-07-10:12 AM",78.7977
"2013-07-11:12 AM",77.9941
"2013-07-12:12 AM",77.9567
"2013-07-13:12 AM",75.4153
"2013-07-14:12 AM",74.4411
"2013-07-15:12 AM",77.4793
"2013-07-16:12 AM",79.03
"2013-07-17:12 AM",80.7242
"2013-07-18:12 AM",80.2027
"2013-07-19:12 AM",79.0599
"2013-07-20:12 AM",77.1602
"2013-07-21:12 AM",77.4158
"2013-07-22:12 AM",75.7432
"2013-07-23:12 AM",77.7646
"2013-07-24:12 AM",76.3347
"2013-07-25:12 AM",77.0823
"2013-07-26:12 AM",77.0805
"2013-07-27:12 AM",74.0437
"2013-07-28:12 AM",75.6964
"2013-07-29:12 AM",76.6625
"2013-07-30:12 AM",78.2602
"2013-07-31:12 AM",77.3348
"2013-08-01:12 AM",79.0833
"2013-08-02:12 AM",79.74
"2013-08-03:12 AM",80.6365
"2013-08-04:12 AM",80.3475
"2013-08-05:12 AM",78.8437
"2013-08-06:12 AM",77.7142
"2013-08-07:12 AM",80.2274
"2013-08-08:12 AM",79.7076
"2013-08-09:12 AM",79.3841
"2013-08-10:12 AM",79.7544
"2013-08-11:12 AM",78.6367
"2013-08-12:12 AM",78.5669
"2013-08-13:12 AM",77.4378
"2013-08-14:12 AM",74.5738
"2013-08-15:12 AM",72.1798
"2013-08-16:12 AM",71.1075
"2013-08-17:12 AM",68.3598
"2013-08-18:12 AM",70.4458
"2013-08-19:12 AM",75.2671
"2013-08-20:12 AM",76.3261
"2013-08-21:12 AM",78.1488
"2013-08-22:12 AM",77.497
"2013-08-23:12 AM",77.2245
"2013-08-24:12 AM",76.4686
"2013-08-25:12 AM",75.5299
"2013-08-26:12 AM",71.6542
"2013-08-27:12 AM",71.9267
"2013-08-28:12 AM",75.5128
"2013-08-29:12 AM",78.3806
"2013-08-30:12 AM",80.2006
"2013-08-31:12 AM",79.198
"2013-09-01:12 AM",79.0655
"2013-09-02:12 AM",78.5161
"2013-09-03:12 AM",77.4189
"2013-09-04:12 AM",76.6256
"2013-09-05:12 AM",75.9391
"2013-09-06:12 AM",74.8972
"2013-09-07:12 AM",76.0161
"2013-09-08:12 AM",77.0563
"2013-09-09:12 AM",78.7091
"2013-09-10:12 AM",77.2408
"2013-09-11:12 AM",76.8603
"2013-09-12:12 AM",77.1125
"2013-09-13:12 AM",76.0366
"2013-09-14:12 AM",68.4453
"2013-09-15:12 AM",71.1669
"2013-09-16:12 AM",74.5387
"2013-09-17:12 AM",74.1517
"2013-09-18:12 AM",73.7339
"2013-09-19:12 AM",73.7964
"2013-09-20:12 AM",75.1752
"2013-09-21:12 AM",72.0372
"2013-09-22:12 AM",66.0531
"2013-09-23:12 AM",69.6447
"2013-09-24:12 AM",71.2508
"2013-09-25:12 AM",71.9829
"2013-09-26:12 AM",70.9214
"2013-09-27:12 AM",69.2665
"2013-09-28:12 AM",66.5505
"2013-09-29:12 AM",66.3121
"2013-09-30:12 AM",66.4871
"2013-10-01:12 AM",70.2217
"2013-10-02:12 AM",71.3041
"2013-10-03:12 AM",71.8743
"2013-10-04:12 AM",72.3481
"2013-10-05:12 AM",74.9928
"2013-10-06:12 AM",71.2209
"2013-10-07:12 AM",62.1495
"2013-10-08:12 AM",60.4657
"2013-10-09:12 AM",65.7662
"2013-10-10:12 AM",67.1725
"2013-10-11:12 AM",66.9646
"2013-10-12:12 AM",66.8977
"2013-10-13:12 AM",69.5361
"2013-10-14:12 AM",69.3252
"2013-10-15:12 AM",66.5924
"2013-10-16:12 AM",67.654
"2013-10-17:12 AM",67.3027
"2013-10-18:12 AM",60.7647
"2013-10-19:12 AM",59.4761
"2013-10-20:12 AM",54.2755
"2013-10-21:12 AM",56.4202
"2013-10-22:12 AM",61.1825
"2013-10-23:12 AM",54.5437
"2013-10-24:12 AM",52.3672
"2013-10-25:12 AM",47.6586
"2013-10-26:12 AM",47.2433
"2013-10-27:12 AM",56.2813
"2013-10-28:12 AM",61.1784
"2013-10-29:12 AM",64.0958
"2013-10-30:12 AM",66.2362
"2013-10-31:12 AM",68.716
"2013-11-01:12 AM",65.8234
"2013-11-02:12 AM",56.9892
"2013-11-03:12 AM",51.3201
"2013-11-04:12 AM",53.4313
"2013-11-05:12 AM",55.6353
"2013-11-06:12 AM",62.0533
"2013-11-07:12 AM",55.7134
"2013-11-08:12 AM",47.3853
"2013-11-09:12 AM",50.6485
"2013-11-10:12 AM",57.7389
"2013-11-11:12 AM",55.2853
"2013-11-12:12 AM",49.9941
"2013-11-13:12 AM",36.9631
"2013-11-14:12 AM",40.7291
"2013-11-15:12 AM",52.7135
"2013-11-16:12 AM",59.2295
"2013-11-17:12 AM",66.3359
"2013-11-18:12 AM",64.5571
"2013-11-19:12 AM",49.5014
"2013-11-20:12 AM",48.2304
"2013-11-21:12 AM",54.6769
"2013-11-22:12 AM",60.4722
"2013-11-23:12 AM",52.9057
"2013-11-24:12 AM",36.8659
"2013-11-25:12 AM",39.0081
"2013-11-26:12 AM",45.1791
"2013-11-27:12 AM",34.9363
"2013-11-28:12 AM",32.2178
"2013-11-29:12 AM",38.007
"2013-11-30:12 AM",41.2713
"2013-12-01:12 AM",46.9528
"2013-12-02:12 AM",52.3854
"2013-12-03:12 AM",59.7283
"2013-12-04:12 AM",64.8057
"2013-12-05:12 AM",68.2146
"2013-12-06:12 AM",61.3454
"2013-12-07:12 AM",41.846
"2013-12-08:12 AM",47.3851
"2013-12-09:12 AM",51.6918
"2013-12-10:12 AM",41.8467
"2013-12-11:12 AM",39.5404
"2013-12-12:12 AM",36.9459
"2013-12-13:12 AM",39.9205
"2013-12-14:12 AM",52.6325
"2013-12-15:12 AM",39.5186
"2013-12-16:12 AM",38.3819
"2013-12-17:12 AM",44.5285
"2013-12-18:12 AM",43.6318
"2013-12-19:12 AM",47.0196
"2013-12-20:12 AM",55.7389
"2013-12-21:12 AM",66.5893
"2013-12-22:12 AM",63.0721
"2013-12-23:12 AM",46.0063
"2013-12-24:12 AM",34.1521
"2013-12-25:12 AM",34.3747
"2013-12-26:12 AM",39.4612
"2013-12-27:12 AM",41.4916
"2013-12-28:12 AM",42.7822
"2013-12-29:12 AM",44.5856
"2013-12-30:12 AM",43.6089
"2013-12-31:12 AM",38.8951
"2014-01-01:12 AM",42.4571
"2014-01-02:12 AM",43.6521
"2014-01-03:12 AM",28.7587
"2014-01-04:12 AM",34.4183
"2014-01-05:12 AM",42.6439
"2014-01-06:12 AM",24.3545
"2014-01-07:12 AM",18.383
"2014-01-08:12 AM",26.3098
"2014-01-09:12 AM",36.6408
"2014-01-10:12 AM",45.5547
"2014-01-11:12 AM",58.6809
"2014-01-12:12 AM",46.211
"2014-01-13:12 AM",49.5813
"2014-01-14:12 AM",49.6873
"2014-01-15:12 AM",40.9033
"2014-01-16:12 AM",35.2398
"2014-01-17:12 AM",39.4281
"2014-01-18:12 AM",35.2216
"2014-01-19:12 AM",41.6725
"2014-01-20:12 AM",43.8246
"2014-01-21:12 AM",41.4768
"2014-01-22:12 AM",29.1256
"2014-01-23:12 AM",31.9953
"2014-01-24:12 AM",24.7957
"2014-01-25:12 AM",34.1391
"2014-01-26:12 AM",40.1679
"2014-01-27:12 AM",43.5988
"2014-01-28:12 AM",25.554
"2014-01-29:12 AM",19.9629
"2014-01-30:12 AM",24.784
"2014-01-31:12 AM",34.6588
"2014-02-01:12 AM",44.6299
"2014-02-02:12 AM",55.9778
"2014-02-03:12 AM",47.3617
"2014-02-04:12 AM",47.6951
"2014-02-05:12 AM",45.9025
"2014-02-06:12 AM",32.6583
"2014-02-07:12 AM",34.1249
"2014-02-08:12 AM",39.8676
"2014-02-09:12 AM",43.5853
"2014-02-10:12 AM",45.2172
"2014-02-11:12 AM",38.2593
"2014-02-12:12 AM",36.7264
"2014-02-13:12 AM",37.0036
"2014-02-14:12 AM",43.0876
"2014-02-15:12 AM",38.8562
"2014-02-16:12 AM",44.5138
"2014-02-17:12 AM",52.5574
"2014-02-18:12 AM",57.8349
"2014-02-19:12 AM",61.6917
"2014-02-20:12 AM",63.8625
"2014-02-21:12 AM",52.8845
"2014-02-22:12 AM",48.567
"2014-02-23:12 AM",52.8328
"2014-02-24:12 AM",52.8215
"2014-02-25:12 AM",50.6743
"2014-02-26:12 AM",40.5243
"2014-02-27:12 AM",33.5647
"2014-02-28:12 AM",39.2527
"2014-03-01:12 AM",49.2663
"2014-03-02:12 AM",59.0862
"2014-03-03:12 AM",45.0027
"2014-03-04:12 AM",34.9911
"2014-03-05:12 AM",43.547
"2014-03-06:12 AM",44.6203
"2014-03-07:12 AM",45.12
"2014-03-08:12 AM",50.382
"2014-03-09:12 AM",56.1349
"2014-03-10:12 AM",56.3191
"2014-03-11:12 AM",61.39
"2014-03-12:12 AM",55.065
"2014-03-13:12 AM",41.9504
"2014-03-14:12 AM",48.8336
"2014-03-15:12 AM",56.1265
"2014-03-16:12 AM",59.3463
"2014-03-17:12 AM",48.6739
"2014-03-18:12 AM",47.4159
"2014-03-19:12 AM",54.0028
"2014-03-20:12 AM",54.9707
"2014-03-21:12 AM",54.1
"2014-03-22:12 AM",59.7267
"2014-03-23:12 AM",53.9632
"2014-03-24:12 AM",49.0959
"2014-03-25:12 AM",45.4469
"2014-03-26:12 AM",39.8739
"2014-03-27:12 AM",50.5539
"2014-03-28:12 AM",60.2166
"2014-03-29:12 AM",57.0571
"2014-03-30:12 AM",48.4054
"2014-03-31:12 AM",53.7888
"2014-04-01:12 AM",60.4494
"2014-04-02:12 AM",64.1264
"2014-04-03:12 AM",67.0861
"2014-04-04:12 AM",64.7346
"2014-04-05:12 AM",55.2499
"2014-04-06:12 AM",56.8801
"2014-04-07:12 AM",63.3126
"2014-04-08:12 AM",52.4395
"2014-04-09:12 AM",54.3933
"2014-04-10:12 AM",56.8661
"2014-04-11:12 AM",60.1927
"2014-04-12:12 AM",64.6515
"2014-04-13:12 AM",66.9016
"2014-04-14:12 AM",66.0954
"2014-04-15:12 AM",48.7445
"2014-04-16:12 AM",46.3078
"2014-04-17:12 AM",52.2925
"2014-04-18:12 AM",56.3265
"2014-04-19:12 AM",59.2164
"2014-04-20:12 AM",60.7849
"2014-04-21:12 AM",63.666
"2014-04-22:12 AM",64.67
"2014-04-23:12 AM",65.2035
"2014-04-24:12 AM",66.3282
"2014-04-25:12 AM",68.3566
"2014-04-26:12 AM",68.4676
"2014-04-27:12 AM",69.4702
"2014-04-28:12 AM",74.5113
"2014-04-29:12 AM",72.0547
"2014-04-30:12 AM",66.981
"2014-05-01:12 AM",57.1203
"2014-05-02:12 AM",60.4555
"2014-05-03:12 AM",61.8141
"2014-05-04:12 AM",68.3042
"2014-05-05:12 AM",71.6014
"2014-05-06:12 AM",69.9397
"2014-05-07:12 AM",70.437
"2014-05-08:12 AM",72.2251
"2014-05-09:12 AM",70.8921
"2014-05-10:12 AM",70.8946
"2014-05-11:12 AM",73.4619
"2014-05-12:12 AM",75.0182
"2014-05-13:12 AM",75.5566
"2014-05-14:12 AM",68.9169
"2014-05-15:12 AM",57.8394
"2014-05-16:12 AM",58.2381
"2014-05-17:12 AM",63.1155
"2014-05-18:12 AM",65.8765
"2014-05-19:12 AM",68.7387
"2014-05-20:12 AM",72.0624
"2014-05-21:12 AM",74.5605
"2014-05-22:12 AM",75.4599
"2014-05-23:12 AM",76.3714
"2014-05-24:12 AM",77.094
"2014-05-25:12 AM",77.8854
"2014-05-26:12 AM",77.4282
"2014-05-27:12 AM",76.3092
"2014-05-28:12 AM",73.5876
"2014-05-29:12 AM",72.7995
"2014-05-30:12 AM",74.5169
"2014-05-31:12 AM",74.502
"2014-06-01:12 AM",73.5634
"2014-06-02:12 AM",72.3751
"2014-06-03:12 AM",74.6614
"2014-06-04:12 AM",78.1525
"2014-06-05:12 AM",79.4037
"2014-06-06:12 AM",77.6797
"2014-06-07:12 AM",78.3378
"2014-06-08:12 AM",79.2961
"2014-06-09:12 AM",79.2266
"2014-06-10:12 AM",76.3506
"2014-06-11:12 AM",73.3708
"2014-06-12:12 AM",74.6892
"2014-06-13:12 AM",73.0738
"2014-06-14:12 AM",76.116
"2014-06-15:12 AM",78.8486
"2014-06-16:12 AM",80.1937
"2014-06-17:12 AM",81.5049
"2014-06-18:12 AM",81.9547
"2014-06-19:12 AM",82.1602
"2014-06-20:12 AM",81.9347
"2014-06-21:12 AM",80.902
"2014-06-22:12 AM",78.6632
"2014-06-23:12 AM",76.4989
"2014-06-24:12 AM",76.8596
"2014-06-25:12 AM",77.4948
"2014-06-26:12 AM",74.007
"2014-06-27:12 AM",76.6306
"2014-06-28:12 AM",77.85
"2014-06-29:12 AM",80.6477
"2014-06-30:12 AM",81.437
"2014-07-01:12 AM",82.137
"2014-07-02:12 AM",83.1558
"2014-07-03:12 AM",78.4994
"2014-07-04:12 AM",74.2339
"2014-07-05:12 AM",75.8971
"2014-07-06:12 AM",77.5917
"2014-07-07:12 AM",79.1913
"2014-07-08:12 AM",80.8077
"2014-07-09:12 AM",77.7229
"2014-07-10:12 AM",77.6415
"2014-07-11:12 AM",79.1222
"2014-07-12:12 AM",80.2157
"2014-07-13:12 AM",81.8829
"2014-07-14:12 AM",82.1678
"2014-07-15:12 AM",77.2862
"2014-07-16:12 AM",73.3759
"2014-07-17:12 AM",72.8337
"2014-07-18:12 AM",71.2526
"2014-07-19:12 AM",74.7572
"2014-07-20:12 AM",76.9815
"2014-07-21:12 AM",76.8672
"2014-07-22:12 AM",77.5404
"2014-07-23:12 AM",78.0445
"2014-07-24:12 AM",78.1518
"2014-07-25:12 AM",78.2461
"2014-07-26:12 AM",79.3776
"2014-07-27:12 AM",82.4551
"2014-07-28:12 AM",81.1227
"2014-07-29:12 AM",74.8222
"2014-07-30:12 AM",71.3242
"2014-07-31:12 AM",75.0056
"2014-08-01:12 AM",76.2148
"2014-08-02:12 AM",76.9485
"2014-08-03:12 AM",78.436
"2014-08-04:12 AM",78.7102
"2014-08-05:12 AM",79.7583
"2014-08-06:12 AM",81.5121
"2014-08-07:12 AM",83.1749
"2014-08-08:12 AM",79.8665
"2014-08-09:12 AM",79.1397
"2014-08-10:12 AM",77.6941
"2014-08-11:12 AM",79.05
"2014-08-12:12 AM",78.5106
"2014-08-13:12 AM",76.2989
"2014-08-14:12 AM",75.0999
"2014-08-15:12 AM",76.4584
"2014-08-16:12 AM",78.2578
"2014-08-17:12 AM",79.0493
"2014-08-18:12 AM",77.832
"2014-08-19:12 AM",78.6931
"2014-08-20:12 AM",81.2419
"2014-08-21:12 AM",83.2361
"2014-08-22:12 AM",83.6159
"2014-08-23:12 AM",83.9381
"2014-08-24:12 AM",83.2917
"2014-08-25:12 AM",80.4292
"2014-08-26:12 AM",77.1904
"2014-08-27:12 AM",77.6662
"2014-08-28:12 AM",78.5939
"2014-08-29:12 AM",79.623
"2014-08-30:12 AM",78.6013
"2014-08-31:12 AM",79.1591
"2014-09-01:12 AM",81.3245
"2014-09-02:12 AM",80.0731
"2014-09-03:12 AM",77.7495
"2014-09-04:12 AM",77.2371
"2014-09-05:12 AM",78.0098
"2014-09-06:12 AM",78.1907
"2014-09-07:12 AM",78.2353
"2014-09-08:12 AM",76.9235
"2014-09-09:12 AM",77.0425
"2014-09-10:12 AM",77.0036
"2014-09-11:12 AM",79.77
"2014-09-12:12 AM",77.9769
"2014-09-13:12 AM",73.1707
"2014-09-14:12 AM",74.0235
"2014-09-15:12 AM",74.6857
"2014-09-16:12 AM",76.3288
"2014-09-17:12 AM",74.1272
"2014-09-18:12 AM",71.9568
"2014-09-19:12 AM",74.1198
"2014-09-20:12 AM",73.3325
"2014-09-21:12 AM",73.4293
"2014-09-22:12 AM",70.8343
"2014-09-23:12 AM",66.081
"2014-09-24:12 AM",66.9681
"2014-09-25:12 AM",67.2703
"2014-09-26:12 AM",67.8751
"2014-09-27:12 AM",70.5267
"2014-09-28:12 AM",70.5497
"2014-09-29:12 AM",70.7765
"2014-09-30:12 AM",71.0285
"2014-10-01:12 AM",71.1676
"2014-10-02:12 AM",73.7065
"2014-10-03:12 AM",73.0013
"2014-10-04:12 AM",57.1773
"2014-10-05:12 AM",55.4113
"2014-10-06:12 AM",64.7553
"2014-10-07:12 AM",70.543
"2014-10-08:12 AM",73.7155
"2014-10-09:12 AM",73.5894
"2014-10-10:12 AM",73.5773
"2014-10-11:12 AM",73.9706
"2014-10-12:12 AM",72.3366
"2014-10-13:12 AM",72.9748
"2014-10-14:12 AM",64.6021
"2014-10-15:12 AM",59.8384
"2014-10-16:12 AM",58.6512
"2014-10-17:12 AM",61.7977
"2014-10-18:12 AM",64.7078
"2014-10-19:12 AM",57.2864
"2014-10-20:12 AM",57.9979
"2014-10-21:12 AM",60.762
"2014-10-22:12 AM",57.9196
"2014-10-23:12 AM",55.9661
"2014-10-24:12 AM",58.0019
"2014-10-25:12 AM",59.517
"2014-10-26:12 AM",66.2877
"2014-10-27:12 AM",68.7218
"2014-10-28:12 AM",67.7028
"2014-10-29:12 AM",65.2915
"2014-10-30:12 AM",55.6659
"2014-10-31:12 AM",53.6149
"2014-11-01:12 AM",42.6677
"2014-11-02:12 AM",42.8268
"2014-11-03:12 AM",48.4995
"2014-11-04:12 AM",55.3176
"2014-11-05:12 AM",62.1795
"2014-11-06:12 AM",62.4664
"2014-11-07:12 AM",48.391
"2014-11-08:12 AM",47.8026
"2014-11-09:12 AM",50.7546
"2014-11-10:12 AM",51.3829
"2014-11-11:12 AM",57.6635
"2014-11-12:12 AM",53.5843
"2014-11-13:12 AM",38.6298
"2014-11-14:12 AM",33.1322
"2014-11-15:12 AM",36.1222
"2014-11-16:12 AM",49.8969
"2014-11-17:12 AM",45.838
"2014-11-18:12 AM",30.1113
"2014-11-19:12 AM",34.5371
"2014-11-20:12 AM",41.3566
"2014-11-21:12 AM",49.4242
"2014-11-22:12 AM",51.3702
"2014-11-23:12 AM",58.9989
"2014-11-24:12 AM",60.6735
"2014-11-25:12 AM",49.8886
"2014-11-26:12 AM",45.1908
"2014-11-27:12 AM",42.354
"2014-11-28:12 AM",37.9666
"2014-11-29:12 AM",46.486
"2014-11-30:12 AM",57.2061
"2014-12-01:12 AM",59.1733
"2014-12-02:12 AM",57.5215
"2014-12-03:12 AM",59.871
"2014-12-04:12 AM",61.1487
"2014-12-05:12 AM",62.2917
"2014-12-06:12 AM",60.831
"2014-12-07:12 AM",48.5983
"2014-12-08:12 AM",47.5885
"2014-12-09:12 AM",46.8205
"2014-12-10:12 AM",40.6162
"2014-12-11:12 AM",39.3647
"2014-12-12:12 AM",42.7932
"2014-12-13:12 AM",44.9913
"2014-12-14:12 AM",44.9802
"2014-12-15:12 AM",49.4931
"2014-12-16:12 AM",53.6209
"2014-12-17:12 AM",44.445
"2014-12-18:12 AM",43.884
"2014-12-19:12 AM",44.0982
"2014-12-20:12 AM",45.0453
"2014-12-21:12 AM",47.1375
"2014-12-22:12 AM",52.4482
"2014-12-23:12 AM",60.1894
"2014-12-24:12 AM",56.1846
"2014-12-25:12 AM",42.4438
"2014-12-26:12 AM",44.146
"2014-12-27:12 AM",50.3497
"2014-12-28:12 AM",57.319
"2014-12-29:12 AM",51.7552
"2014-12-30:12 AM",44.7762
"2014-12-31:12 AM",38.9563
"2015-01-01:12 AM",41.8089
"2015-01-02:12 AM",48.0378
"2015-01-03:12 AM",60.2199
"2015-01-04:12 AM",54.5949
"2015-01-05:12 AM",37.5501
"2015-01-06:12 AM",38.9545
"2015-01-07:12 AM",33.4413
"2015-01-08:12 AM",22.0383
"2015-01-09:12 AM",29.6388
"2015-01-10:12 AM",30.4975
"2015-01-11:12 AM",39.5668
"2015-01-12:12 AM",50.5121
"2015-01-13:12 AM",44.7989
"2015-01-14:12 AM",39.6414
"2015-01-15:12 AM",37.0182
"2015-01-16:12 AM",36.8713
"2015-01-17:12 AM",42.2121
"2015-01-18:12 AM",47.4467
"2015-01-19:12 AM",46.9429
"2015-01-20:12 AM",51.1281
"2015-01-21:12 AM",51.5025
"2015-01-22:12 AM",48.2473
"2015-01-23:12 AM",46.7991
"2015-01-24:12 AM",40.4713
"2015-01-25:12 AM",44.1775
"2015-01-26:12 AM",41.7724
"2015-01-27:12 AM",43.5522
"2015-01-28:12 AM",41.3323
"2015-01-29:12 AM",49.0469
"2015-01-30:12 AM",43.5969
"2015-01-31:12 AM",41.5209
"2015-02-01:12 AM",51.1232
"2015-02-02:12 AM",40.9633
"2015-02-03:12 AM",35.4241
"2015-02-04:12 AM",40.2211
"2015-02-05:12 AM",39.4725
"2015-02-06:12 AM",36.3832
"2015-02-07:12 AM",44.4956
"2015-02-08:12 AM",53.082
"2015-02-09:12 AM",55.9243
"2015-02-10:12 AM",40.6449
"2015-02-11:12 AM",42.4377
"2015-02-12:12 AM",41.2407
"2015-02-13:12 AM",33.1003
"2015-02-14:12 AM",42.3748
"2015-02-15:12 AM",37.9227
"2015-02-16:12 AM",44.9587
"2015-02-17:12 AM",32.4873
"2015-02-18:12 AM",31.7734
"2015-02-19:12 AM",25.1355
"2015-02-20:12 AM",30.6111
"2015-02-21:12 AM",47.9287
"2015-02-22:12 AM",52.5763
"2015-02-23:12 AM",40.3162
"2015-02-24:12 AM",35.7532
"2015-02-25:12 AM",35.3413
"2015-02-26:12 AM",35.7514
"2015-02-27:12 AM",34.2955
"2015-02-28:12 AM",40.3345
"2015-03-01:12 AM",47.7273
"2015-03-02:12 AM",51.5478
"2015-03-03:12 AM",58.9154
"2015-03-04:12 AM",64.5422
"2015-03-05:12 AM",42.5575
"2015-03-06:12 AM",31.6639
"2015-03-07:12 AM",38.752
"2015-03-08:12 AM",47.0842
"2015-03-09:12 AM",53.9796
"2015-03-10:12 AM",64.3051
"2015-03-11:12 AM",64.5094
"2015-03-12:12 AM",64.6041
"2015-03-13:12 AM",59.9887
"2015-03-14:12 AM",60.2017
"2015-03-15:12 AM",61.8224
"2015-03-16:12 AM",61.981
"2015-03-17:12 AM",65.9989
"2015-03-18:12 AM",64.6563
"2015-03-19:12 AM",63.7417
"2015-03-20:12 AM",62.3401
"2015-03-21:12 AM",62.3773
"2015-03-22:12 AM",59.1924
"2015-03-23:12 AM",58.7169
"2015-03-24:12 AM",58.7637
"2015-03-25:12 AM",62.2292
"2015-03-26:12 AM",63.8956
"2015-03-27:12 AM",50.4277
"2015-03-28:12 AM",42.2537
"2015-03-29:12 AM",48.4259
"2015-03-30:12 AM",60.2352
"2015-03-31:12 AM",62.8245
"2015-04-01:12 AM",67.3407
"2015-04-02:12 AM",67.2759
"2015-04-03:12 AM",68.9952
"2015-04-04:12 AM",58.6467
"2015-04-05:12 AM",56.7867
"2015-04-06:12 AM",64.9764
"2015-04-07:12 AM",69.6252
"2015-04-08:12 AM",71.4022
"2015-04-09:12 AM",72.6199
"2015-04-10:12 AM",69.7716
"2015-04-11:12 AM",63.2575
"2015-04-12:12 AM",65.0181
"2015-04-13:12 AM",68.0176
"2015-04-14:12 AM",70.0466
"2015-04-15:12 AM",70.0439
"2015-04-16:12 AM",65.9865
"2015-04-17:12 AM",63.7536
"2015-04-18:12 AM",66.2511
"2015-04-19:12 AM",68.9526
"2015-04-20:12 AM",64.9351
"2015-04-21:12 AM",59.1964
"2015-04-22:12 AM",63.9243
"2015-04-23:12 AM",64.83
"2015-04-24:12 AM",63.5
"2015-04-25:12 AM",71.5516
"2015-04-26:12 AM",70.8442
"2015-04-27:12 AM",62.9875
"2015-04-28:12 AM",60.9107
"2015-04-29:12 AM",60.4836
"2015-04-30:12 AM",61.5002
"2015-05-01:12 AM",61.0218
"2015-05-02:12 AM",62.4994
"2015-05-03:12 AM",65.6451
"2015-05-04:12 AM",68.4315
"2015-05-05:12 AM",69.7555
"2015-05-06:12 AM",69.71
"2015-05-07:12 AM",71.6675
"2015-05-08:12 AM",73.3104
"2015-05-09:12 AM",74.5459
"2015-05-10:12 AM",76.1229
"2015-05-11:12 AM",76.2152
"2015-05-12:12 AM",71.6437
"2015-05-13:12 AM",71.4535
"2015-05-14:12 AM",72.4437
"2015-05-15:12 AM",72.4262
"2015-05-16:12 AM",73.0537
"2015-05-17:12 AM",76.1763
"2015-05-18:12 AM",74.1565
"2015-05-19:12 AM",74.4654
"2015-05-20:12 AM",74.0379
"2015-05-21:12 AM",69.9645
"2015-05-22:12 AM",64.1062
"2015-05-23:12 AM",70.381
"2015-05-24:12 AM",73.7193
"2015-05-25:12 AM",73.513
"2015-05-26:12 AM",74.4676
"2015-05-27:12 AM",74.2514
"2015-05-28:12 AM",72.9545
"2015-05-29:12 AM",74.2726
"2015-05-30:12 AM",75.3571
"2015-05-31:12 AM",74.2467
"2015-06-01:12 AM",71.4787
"2015-06-02:12 AM",71.2679
"2015-06-03:12 AM",72.2741
"2015-06-04:12 AM",74.2305
"2015-06-05:12 AM",76.5829
"2015-06-06:12 AM",78.067
"2015-06-07:12 AM",78.9087
"2015-06-08:12 AM",79.1451
"2015-06-09:12 AM",77.6626
"2015-06-10:12 AM",76.7347
"2015-06-11:12 AM",75.864
"2015-06-12:12 AM",76.8789
"2015-06-13:12 AM",79.1607
"2015-06-14:12 AM",80.8858
"2015-06-15:12 AM",82.3701
"2015-06-16:12 AM",83.2935
"2015-06-17:12 AM",83.9894
"2015-06-18:12 AM",83.4823
"2015-06-19:12 AM",82.3854
"2015-06-20:12 AM",81.2835
"2015-06-21:12 AM",83.0811
"2015-06-22:12 AM",84.7812
"2015-06-23:12 AM",84.9031
"2015-06-24:12 AM",84.2376
"2015-06-25:12 AM",82.9632
"2015-06-26:12 AM",80.9807
"2015-06-27:12 AM",76.9852
"2015-06-28:12 AM",75.7742
"2015-06-29:12 AM",76.6134
"2015-06-30:12 AM",77.3391
"2015-07-01:12 AM",78.1117
"2015-07-02:12 AM",79.0209
"2015-07-03:12 AM",81.5131
"2015-07-04:12 AM",77.6962
"2015-07-05:12 AM",74.8539
"2015-07-06:12 AM",77.0025
"2015-07-07:12 AM",81.5259
"2015-07-08:12 AM",82.9549
"2015-07-09:12 AM",83.1549
"2015-07-10:12 AM",84.135
"2015-07-11:12 AM",84.1748
"2015-07-12:12 AM",83.6181
"2015-07-13:12 AM",84.4317
"2015-07-14:12 AM",85.1425
"2015-07-15:12 AM",85.0023
"2015-07-16:12 AM",83.6263
"2015-07-17:12 AM",85.0581
"2015-07-18:12 AM",85.8196
"2015-07-19:12 AM",84.4273
"2015-07-20:12 AM",85.0419
"2015-07-21:12 AM",85.6362
"2015-07-22:12 AM",83.1546
"2015-07-23:12 AM",80.949
"2015-07-24:12 AM",80.1351
"2015-07-25:12 AM",82.495
"2015-07-26:12 AM",82.3631
"2015-07-27:12 AM",83.4199
"2015-07-28:12 AM",84.0884
"2015-07-29:12 AM",80.4751
"2015-07-30:12 AM",82.8984
"2015-07-31:12 AM",81.3843
"2015-08-01:12 AM",80.2359
"2015-08-02:12 AM",82.236
"2015-08-03:12 AM",82.9166
"2015-08-04:12 AM",84.8361
"2015-08-05:12 AM",83.1416
"2015-08-06:12 AM",79.7362
"2015-08-07:12 AM",81.5128
"2015-08-08:12 AM",80.87
"2015-08-09:12 AM",84.0128
"2015-08-10:12 AM",84.3256
"2015-08-11:12 AM",82.5955
"2015-08-12:12 AM",81.6708
"2015-08-13:12 AM",79.1182
"2015-08-14:12 AM",80.3665
"2015-08-15:12 AM",78.8698
"2015-08-16:12 AM",78.1839
"2015-08-17:12 AM",75.4574
"2015-08-18:12 AM",77.2362
"2015-08-19:12 AM",78.6051
"2015-08-20:12 AM",77.9013
"2015-08-21:12 AM",78.0147
"2015-08-22:12 AM",79.5096
"2015-08-23:12 AM",79.8388
"2015-08-24:12 AM",80.2411
"2015-08-25:12 AM",73.5316
"2015-08-26:12 AM",70.0349
"2015-08-27:12 AM",72.9948
"2015-08-28:12 AM",76.1682
"2015-08-29:12 AM",75.3217
"2015-08-30:12 AM",73.2693
"2015-08-31:12 AM",75.4617
"2015-09-01:12 AM",78.7028
"2015-09-02:12 AM",79.2036
"2015-09-03:12 AM",79.9543
"2015-09-04:12 AM",80.1936
"2015-09-05:12 AM",81.4323
"2015-09-06:12 AM",78.6389
"2015-09-07:12 AM",77.2803
"2015-09-08:12 AM",76.6454
"2015-09-09:12 AM",77.5049
"2015-09-10:12 AM",75.4534
"2015-09-11:12 AM",73.1415
"2015-09-12:12 AM",70.5097
"2015-09-13:12 AM",61.6572
"2015-09-14:12 AM",63.4768
"2015-09-15:12 AM",68.2495
"2015-09-16:12 AM",72.0887
"2015-09-17:12 AM",72.1902
"2015-09-18:12 AM",72.7405
"2015-09-19:12 AM",74.129
"2015-09-20:12 AM",75.9594
"2015-09-21:12 AM",69.9966
"2015-09-22:12 AM",70.6647
"2015-09-23:12 AM",72.4073
"2015-09-24:12 AM",72.2705
"2015-09-25:12 AM",68.9871
"2015-09-26:12 AM",69.3448
"2015-09-27:12 AM",70.1667
"2015-09-28:12 AM",69.8652
"2015-09-29:12 AM",72.6339
"2015-09-30:12 AM",71.8201
"2015-10-01:12 AM",66.2198
"2015-10-02:12 AM",61.1591
"2015-10-03:12 AM",58.4411
"2015-10-04:12 AM",60.5323
"2015-10-05:12 AM",66.853
"2015-10-06:12 AM",69.3676
"2015-10-07:12 AM",70.6586
"2015-10-08:12 AM",71.3854
"2015-10-09:12 AM",71.9008
"2015-10-10:12 AM",66.3994
"2015-10-11:12 AM",60.5579
"2015-10-12:12 AM",63.6339
"2015-10-13:12 AM",69.2098
"2015-10-14:12 AM",62.0269
"2015-10-15:12 AM",64.4621
"2015-10-16:12 AM",66.9533
"2015-10-17:12 AM",57.9778
"2015-10-18:12 AM",53.8349
"2015-10-19:12 AM",53.8106
"2015-10-20:12 AM",58.3745
"2015-10-21:12 AM",63.1234
"2015-10-22:12 AM",66.4081
"2015-10-23:12 AM",69.8497
"2015-10-24:12 AM",71.1138
"2015-10-25:12 AM",68.9128
"2015-10-26:12 AM",65.5099
"2015-10-27:12 AM",61.8672
"2015-10-28:12 AM",65.7583
"2015-10-29:12 AM",65.979
"2015-10-30:12 AM",59.4559
"2015-10-31:12 AM",63.594
"2015-11-01:12 AM",66.8575
"2015-11-02:12 AM",67.8065
"2015-11-03:12 AM",67.0775
"2015-11-04:12 AM",68.2885
"2015-11-05:12 AM",70.4896
"2015-11-06:12 AM",72.5335
"2015-11-07:12 AM",66.7697
"2015-11-08:12 AM",55.5807
"2015-11-09:12 AM",53.087
"2015-11-10:12 AM",54.4773
"2015-11-11:12 AM",56.2577
"2015-11-12:12 AM",61.4464
"2015-11-13:12 AM",52.1389
"2015-11-14:12 AM",49.1502
"2015-11-15:12 AM",50.3584
"2015-11-16:12 AM",57.1275
"2015-11-17:12 AM",65.2467
"2015-11-18:12 AM",65.9282
"2015-11-19:12 AM",57.2391
"2015-11-20:12 AM",54.0374
"2015-11-21:12 AM",54.865
"2015-11-22:12 AM",40.8474
"2015-11-23:12 AM",38.7088
"2015-11-24:12 AM",43.9027
"2015-11-25:12 AM",50.6152
"2015-11-26:12 AM",57.7261
"2015-11-27:12 AM",60.7516
"2015-11-28:12 AM",62.1493
"2015-11-29:12 AM",63.7218
"2015-11-30:12 AM",64.6194
"2015-12-01:12 AM",64.274
"2015-12-02:12 AM",55.8439
"2015-12-03:12 AM",44.2135
"2015-12-04:12 AM",43.1305
"2015-12-05:12 AM",46.5204
"2015-12-06:12 AM",51.1979
"2015-12-07:12 AM",52.5076
"2015-12-08:12 AM",49.7097
"2015-12-09:12 AM",53.6616
"2015-12-10:12 AM",60.7048
"2015-12-11:12 AM",64.9827
"2015-12-12:12 AM",63.3319
"2015-12-13:12 AM",65.1184
"2015-12-14:12 AM",61.0923
"2015-12-15:12 AM",54.2151
"2015-12-16:12 AM",55.8779
"2015-12-17:12 AM",57.3883
"2015-12-18:12 AM",41.463
"2015-12-19:12 AM",38.3459
"2015-12-20:12 AM",43.2882
"2015-12-21:12 AM",53.1954
"2015-12-22:12 AM",63.8722
"2015-12-23:12 AM",66.583
"2015-12-24:12 AM",70.5965
"2015-12-25:12 AM",70.9236
"2015-12-26:12 AM",69.2802
"2015-12-27:12 AM",68.2128
"2015-12-28:12 AM",66.8719
"2015-12-29:12 AM",55.0566
"2015-12-30:12 AM",56.6033
"2015-12-31:12 AM",50.3528
"2016-01-01:12 AM",40.6404
"2016-01-02:12 AM",39.3355
"2016-01-03:12 AM",41.1436
"2016-01-04:12 AM",38.719
"2016-01-05:12 AM",34.8814
"2016-01-06:12 AM",37.1228
"2016-01-07:12 AM",43.8413
"2016-01-08:12 AM",53.4159
"2016-01-09:12 AM",54.2098
"2016-01-10:12 AM",39.6001
"2016-01-11:12 AM",32.0421
"2016-01-12:12 AM",38.1951
"2016-01-13:12 AM",39.094
"2016-01-14:12 AM",44.9083
"2016-01-15:12 AM",49.9181
"2016-01-16:12 AM",49.4235
"2016-01-17:12 AM",40.1025
"2016-01-18:12 AM",33.0499
"2016-01-19:12 AM",31.3934
"2016-01-20:12 AM",40.0791
"2016-01-21:12 AM",48.8367
"2016-01-22:12 AM",43.5159
"2016-01-23:12 AM",30.8055
"2016-01-24:12 AM",32.1386
"2016-01-25:12 AM",43.1229
"2016-01-26:12 AM",53.3345
"2016-01-27:12 AM",43.7238
"2016-01-28:12 AM",41.5454
"2016-01-29:12 AM",45.3774
"2016-01-30:12 AM",50.6638
"2016-01-31:12 AM",57.5323
"2016-02-01:12 AM",61.398
"2016-02-02:12 AM",64.3469
"2016-02-03:12 AM",58.2129
"2016-02-04:12 AM",42.402
"2016-02-05:12 AM",37.0976
"2016-02-06:12 AM",38.6908
"2016-02-07:12 AM",40.6101
"2016-02-08:12 AM",42.4468
"2016-02-09:12 AM",35.3709
"2016-02-10:12 AM",31.9422
"2016-02-11:12 AM",42.8331
"2016-02-12:12 AM",49.5846
"2016-02-13:12 AM",38.0521
"2016-02-14:12 AM",39.3255
"2016-02-15:12 AM",51.3763
"2016-02-16:12 AM",49.2314
"2016-02-17:12 AM",45.7878
"2016-02-18:12 AM",46.3971
"2016-02-19:12 AM",53.3667
"2016-02-20:12 AM",58.4919
"2016-02-21:12 AM",61.9927
"2016-02-22:12 AM",60.9867
"2016-02-23:12 AM",61.8253
"2016-02-24:12 AM",50.3334
"2016-02-25:12 AM",43.8192
"2016-02-26:12 AM",40.9919
"2016-02-27:12 AM",43.4417
"2016-02-28:12 AM",49.1542
"2016-02-29:12 AM",56.376
"2016-03-01:12 AM",61.0619
"2016-03-02:12 AM",47.5275
"2016-03-03:12 AM",46.0747
"2016-03-04:12 AM",46.9211
"2016-03-05:12 AM",48.108
"2016-03-06:12 AM",52.1787
"2016-03-07:12 AM",55.6596
"2016-03-08:12 AM",60.3356
"2016-03-09:12 AM",64.7274
"2016-03-10:12 AM",66.1163
"2016-03-11:12 AM",67.6375
"2016-03-12:12 AM",65.8328
"2016-03-13:12 AM",64.7289
"2016-03-14:12 AM",64.9576
"2016-03-15:12 AM",66.812
"2016-03-16:12 AM",66.9927
"2016-03-17:12 AM",63.7619
"2016-03-18:12 AM",60.0429
"2016-03-19:12 AM",57.6144
"2016-03-20:12 AM",45.7232
"2016-03-21:12 AM",42.1785
"2016-03-22:12 AM",48.3139
"2016-03-23:12 AM",57.2317
"2016-03-24:12 AM",62.7521
"2016-03-25:12 AM",56.2629
"2016-03-26:12 AM",60.7737
"2016-03-27:12 AM",64.9841
"2016-03-28:12 AM",60.4292
"2016-03-29:12 AM",56.151
"2016-03-30:12 AM",61.3366
"2016-03-31:12 AM",67.3669
"2016-04-01:12 AM",65.1529
"2016-04-02:12 AM",54.8722
"2016-04-03:12 AM",53.0145
"2016-04-04:12 AM",57.9078
"2016-04-05:12 AM",57.9925
"2016-04-06:12 AM",59.09
"2016-04-07:12 AM",60.5683
"2016-04-08:12 AM",56.5518
"2016-04-09:12 AM",52.9875
"2016-04-10:12 AM",57.5704
"2016-04-11:12 AM",59.9036
"2016-04-12:12 AM",63.1519
"2016-04-13:12 AM",60.3415
"2016-04-14:12 AM",60.8227
"2016-04-15:12 AM",58.0177
"2016-04-16:12 AM",61.6154
"2016-04-17:12 AM",63.0601
"2016-04-18:12 AM",62.3793
"2016-04-19:12 AM",64.049
"2016-04-20:12 AM",68.1755
"2016-04-21:12 AM",64.5177
"2016-04-22:12 AM",66.4295
"2016-04-23:12 AM",65.115
"2016-04-24:12 AM",66.6649
"2016-04-25:12 AM",69.7582
"2016-04-26:12 AM",71.4898
"2016-04-27:12 AM",71.9541
"2016-04-28:12 AM",71.931
"2016-04-29:12 AM",72.0457
"2016-04-30:12 AM",73.4621
"2016-05-01:12 AM",71.3115
"2016-05-02:12 AM",70.1598
"2016-05-03:12 AM",67.2019
"2016-05-04:12 AM",62.5998
"2016-05-05:12 AM",60.2224
"2016-05-06:12 AM",58.71
"2016-05-07:12 AM",63.7977
"2016-05-08:12 AM",69.4186
"2016-05-09:12 AM",68.5364
"2016-05-10:12 AM",72.9203
"2016-05-11:12 AM",75.3492
"2016-05-12:12 AM",73.1262
"2016-05-13:12 AM",70.7617
"2016-05-14:12 AM",66.6441
"2016-05-15:12 AM",61.923
"2016-05-16:12 AM",63.8316
"2016-05-17:12 AM",69.1794
"2016-05-18:12 AM",70.9434
"2016-05-19:12 AM",70.3105
"2016-05-20:12 AM",70.2577
"2016-05-21:12 AM",71.6562
"2016-05-22:12 AM",67.35
"2016-05-23:12 AM",70.279
"2016-05-24:12 AM",72.9549
"2016-05-25:12 AM",74.8742
"2016-05-26:12 AM",76.4213
"2016-05-27:12 AM",76.4564
"2016-05-28:12 AM",75.8365
"2016-05-29:12 AM",77.2187
"2016-05-30:12 AM",79.2279
"2016-05-31:12 AM",80.2254
"2016-06-01:12 AM",79.3463
"2016-06-02:12 AM",78.4114
"2016-06-03:12 AM",79.5238
"2016-06-04:12 AM",76.4359
"2016-06-05:12 AM",75.0349
"2016-06-06:12 AM",75.533
"2016-06-07:12 AM",77.5697
"2016-06-08:12 AM",75.3129
"2016-06-09:12 AM",75.9371
"2016-06-10:12 AM",79.4853
"2016-06-11:12 AM",79.7468
"2016-06-12:12 AM",80.4141
"2016-06-13:12 AM",82.4063
"2016-06-14:12 AM",80.0938
"2016-06-15:12 AM",77.7468
"2016-06-16:12 AM",82.3219
"2016-06-17:12 AM",84.2266
"2016-06-18:12 AM",78.0161
"2016-06-19:12 AM",78.5212
"2016-06-20:12 AM",78.2407
"2016-06-21:12 AM",78.1498
"2016-06-22:12 AM",81.4728
"2016-06-23:12 AM",81.5542
"2016-06-24:12 AM",83.4832
"2016-06-25:12 AM",85.9978
"2016-06-26:12 AM",84.5497
"2016-06-27:12 AM",82.864
"2016-06-28:12 AM",78.6315
"2016-06-29:12 AM",79.7652
"2016-06-30:12 AM",78.814
"2016-07-01:12 AM",80.7453
"2016-07-02:12 AM",84.3978
"2016-07-03:12 AM",85.0534
"2016-07-04:12 AM",85.0791
"2016-07-05:12 AM",80.7868
"2016-07-06:12 AM",82.2884
"2016-07-07:12 AM",84.7629
"2016-07-08:12 AM",86.421
"2016-07-09:12 AM",83.5702
"2016-07-10:12 AM",79.6138
"2016-07-11:12 AM",80.5442
"2016-07-12:12 AM",82.4565
"2016-07-13:12 AM",83.219
"2016-07-14:12 AM",83.9505
"2016-07-15:12 AM",80.1406
"2016-07-16:12 AM",81.6166
"2016-07-17:12 AM",81.9642
"2016-07-18:12 AM",84.1044
"2016-07-19:12 AM",85.3354
"2016-07-20:12 AM",85.6116
"2016-07-21:12 AM",85.3806
"2016-07-22:12 AM",85.2579
"2016-07-23:12 AM",83.3697
"2016-07-24:12 AM",83.5347
"2016-07-25:12 AM",84.0272
"2016-07-26:12 AM",82.693
"2016-07-27:12 AM",81.0649
"2016-07-28:12 AM",79.9578
"2016-07-29:12 AM",81.7228
"2016-07-30:12 AM",81.2221
"2016-07-31:12 AM",82.332
"2016-08-01:12 AM",83.4809
"2016-08-02:12 AM",83.5248
"2016-08-03:12 AM",82.7749
"2016-08-04:12 AM",84.0088
"2016-08-05:12 AM",84.1786
"2016-08-06:12 AM",84.5465
"2016-08-07:12 AM",84.1546
"2016-08-08:12 AM",81.0086
"2016-08-09:12 AM",80.9467
"2016-08-10:12 AM",78.1504
"2016-08-11:12 AM",78.9316
"2016-08-12:12 AM",80.267
"2016-08-13:12 AM",80.1421
"2016-08-14:12 AM",80.4751
"2016-08-15:12 AM",80.5993
"2016-08-16:12 AM",82.3779
"2016-08-17:12 AM",82.195
"2016-08-18:12 AM",82.1237
"2016-08-19:12 AM",79.131
"2016-08-20:12 AM",79.3414
"2016-08-21:12 AM",78.6924
"2016-08-22:12 AM",77.776
"2016-08-23:12 AM",81.4469
"2016-08-24:12 AM",82.5575
"2016-08-25:12 AM",83.1256
"2016-08-26:12 AM",82.0252
"2016-08-27:12 AM",81.4536
"2016-08-28:12 AM",81.514
"2016-08-29:12 AM",82.4466
"2016-08-30:12 AM",82.2735
"2016-08-31:12 AM",82.3096
"2016-09-01:12 AM",82.9902
"2016-09-02:12 AM",81.3191
"2016-09-03:12 AM",78.9487
"2016-09-04:12 AM",77.9572
"2016-09-05:12 AM",78.0775
"2016-09-06:12 AM",77.9068
"2016-09-07:12 AM",79.2727
"2016-09-08:12 AM",78.7768
"2016-09-09:12 AM",78.4328
"2016-09-10:12 AM",80.8466
"2016-09-11:12 AM",79.6842
"2016-09-12:12 AM",77.8573
"2016-09-13:12 AM",79.3362
"2016-09-14:12 AM",78.8758
"2016-09-15:12 AM",80.114
"2016-09-16:12 AM",79.7455
"2016-09-17:12 AM",75.5911
"2016-09-18:12 AM",76.8038
"2016-09-19:12 AM",77.7745
"2016-09-20:12 AM",77.1958
"2016-09-21:12 AM",78.5667
"2016-09-22:12 AM",78.9282
"2016-09-23:12 AM",79.5947
"2016-09-24:12 AM",80.1543
"2016-09-25:12 AM",80.708
"2016-09-26:12 AM",78.8162
"2016-09-27:12 AM",74.829
"2016-09-28:12 AM",71.4855
"2016-09-29:12 AM",67.4668
"2016-09-30:12 AM",61.8856
"2016-10-01:12 AM",63.6192
"2016-10-02:12 AM",67.1797
"2016-10-03:12 AM",69.0483
"2016-10-04:12 AM",74.0887
"2016-10-05:12 AM",73.5993
"2016-10-06:12 AM",72.4023
"2016-10-07:12 AM",74.01
"2016-10-08:12 AM",72.8688
"2016-10-09:12 AM",66.0729
"2016-10-10:12 AM",64.7125
"2016-10-11:12 AM",63.3378
"2016-10-12:12 AM",63.0163
"2016-10-13:12 AM",65.7948
"2016-10-14:12 AM",68.4244
"2016-10-15:12 AM",70.2664
"2016-10-16:12 AM",70.331
"2016-10-17:12 AM",72.2376
"2016-10-18:12 AM",74.8614
"2016-10-19:12 AM",75.3291
"2016-10-20:12 AM",74.6344
"2016-10-21:12 AM",62.7888
"2016-10-22:12 AM",54.5965
"2016-10-23:12 AM",55.9481
"2016-10-24:12 AM",61.3809
"2016-10-25:12 AM",65.3238
"2016-10-26:12 AM",67.1389
"2016-10-27:12 AM",69.3034
"2016-10-28:12 AM",67.2658
"2016-10-29:12 AM",67.2087
"2016-10-30:12 AM",68.0203
"2016-10-31:12 AM",68.4277
"2016-11-01:12 AM",70.1292
"2016-11-02:12 AM",70.0021
"2016-11-03:12 AM",71.2627
"2016-11-04:12 AM",70.1064
"2016-11-05:12 AM",62.8297
"2016-11-06:12 AM",60.1995
"2016-11-07:12 AM",63.5551
"2016-11-08:12 AM",62.1149
"2016-11-09:12 AM",61.2424
"2016-11-10:12 AM",55.7137
"2016-11-11:12 AM",54.4498
"2016-11-12:12 AM",56.8447
"2016-11-13:12 AM",55.5553
"2016-11-14:12 AM",53.8758
"2016-11-15:12 AM",54.7497
"2016-11-16:12 AM",56.7338
"2016-11-17:12 AM",59.756
"2016-11-18:12 AM",62.1217
"2016-11-19:12 AM",54.5311
"2016-11-20:12 AM",44.1475
"2016-11-21:12 AM",44.3509
"2016-11-22:12 AM",49.4542
"2016-11-23:12 AM",57.2054
"2016-11-24:12 AM",62.91
"2016-11-25:12 AM",57.2571
"2016-11-26:12 AM",49.0019
"2016-11-27:12 AM",47.5567
"2016-11-28:12 AM",59.1471
"2016-11-29:12 AM",67.1347
"2016-11-30:12 AM",64.3455
"2016-12-01:12 AM",47.6721
"2016-12-02:12 AM",47.6935
"2016-12-03:12 AM",49.5122
"2016-12-04:12 AM",52.5902
"2016-12-05:12 AM",53.9523
"2016-12-06:12 AM",56.7027
"2016-12-07:12 AM",48.1035
"2016-12-08:12 AM",42.5077
"2016-12-09:12 AM",34.1472
"2016-12-10:12 AM",33.9021
"2016-12-11:12 AM",42.1491
"2016-12-12:12 AM",56.4634
"2016-12-13:12 AM",58.8456
"2016-12-14:12 AM",50.5866
"2016-12-15:12 AM",38.3265
"2016-12-16:12 AM",40.429
"2016-12-17:12 AM",60.449
"2016-12-18:12 AM",49.9329
"2016-12-19:12 AM",33.8981
"2016-12-20:12 AM",38.8143
"2016-12-21:12 AM",43.5623
"2016-12-22:12 AM",52.3711
"2016-12-23:12 AM",51.3716
"2016-12-24:12 AM",59.617
"2016-12-25:12 AM",64.4565
"2016-12-26:12 AM",64.4986
"2016-12-27:12 AM",63.1864
"2016-12-28:12 AM",59.6124
"2016-12-29:12 AM",57.2304
"2016-12-30:12 AM",41.5632
"2016-12-31:12 AM",43.8609
"2017-01-01:12 AM",58.4611
"2017-01-02:12 AM",64.567
"2017-01-03:12 AM",61.2399
"2017-01-04:12 AM",48.5328
"2017-01-05:12 AM",42.811
"2017-01-06:12 AM",34.425
"2017-01-07:12 AM",20.9745
"2017-01-08:12 AM",25.918
"2017-01-09:12 AM",33.769
"2017-01-10:12 AM",45.5112
"2017-01-11:12 AM",59.7081
"2017-01-12:12 AM",62.5082
"2017-01-13:12 AM",62.7404
"2017-01-14:12 AM",60.6754
"2017-01-15:12 AM",60.0969
"2017-01-16:12 AM",61.6642
"2017-01-17:12 AM",64.6799
"2017-01-18:12 AM",61.4385
"2017-01-19:12 AM",63.349
"2017-01-20:12 AM",63.0513
"2017-01-21:12 AM",63.4521
"2017-01-22:12 AM",59.2898
"2017-01-23:12 AM",51.2251
"2017-01-24:12 AM",48.8791
"2017-01-25:12 AM",56.4411
"2017-01-26:12 AM",51.1187
"2017-01-27:12 AM",40.3925
"2017-01-28:12 AM",40.147
"2017-01-29:12 AM",42.8601
"2017-01-30:12 AM",45.0986
"2017-01-31:12 AM",54.0766
"2017-02-01:12 AM",57.3802
"2017-02-02:12 AM",56.0556
"2017-02-03:12 AM",46.314
"2017-02-04:12 AM",39.299
"2017-02-05:12 AM",47.0937
"2017-02-06:12 AM",56.2125
"2017-02-07:12 AM",60.7134
"2017-02-08:12 AM",62.4531
"2017-02-09:12 AM",46.4153
"2017-02-10:12 AM",45.613
"2017-02-11:12 AM",59.0614
"2017-02-12:12 AM",65.0464
"2017-02-13:12 AM",52.4169
"2017-02-14:12 AM",53.7454
"2017-02-15:12 AM",53.4763
"2017-02-16:12 AM",44.4409
"2017-02-17:12 AM",49.9417
"2017-02-18:12 AM",54.7093
"2017-02-19:12 AM",57.9313
"2017-02-20:12 AM",61.1586
"2017-02-21:12 AM",60.7471
"2017-02-22:12 AM",60.6324
"2017-02-23:12 AM",62.0355
"2017-02-24:12 AM",65.3187
"2017-02-25:12 AM",54.7914
"2017-02-26:12 AM",45.6786
"2017-02-27:12 AM",53.3172
"2017-02-28:12 AM",62.7847
"2017-03-01:12 AM",67.059
"2017-03-02:12 AM",49.9149
"2017-03-03:12 AM",46.6684
"2017-03-04:12 AM",47.502
"2017-03-05:12 AM",52.9338
"2017-03-06:12 AM",60.7791
"2017-03-07:12 AM",61.5783
"2017-03-08:12 AM",55.7271
"2017-03-09:12 AM",57.8538
"2017-03-10:12 AM",61.5562
"2017-03-11:12 AM",49.7376
"2017-03-12:12 AM",45.3564
"2017-03-13:12 AM",43.3456
"2017-03-14:12 AM",41.2228
"2017-03-15:12 AM",35.0793
"2017-03-16:12 AM",38.2552
"2017-03-17:12 AM",49.9366
"2017-03-18:12 AM",60.3462
"2017-03-19:12 AM",54.714
"2017-03-20:12 AM",61.1996
"2017-03-21:12 AM",68.7535
"2017-03-22:12 AM",63.4438
"2017-03-23:12 AM",61.1915
"2017-03-24:12 AM",64.724
"2017-03-25:12 AM",65.7784
"2017-03-26:12 AM",65.4391
"2017-03-27:12 AM",68.4239
"2017-03-28:12 AM",68.2196
"2017-03-29:12 AM",69.3297
"2017-03-30:12 AM",67.8547
"2017-03-31:12 AM",62.6887
"2017-04-01:12 AM",62.9469
"2017-04-02:12 AM",66.3035
"2017-04-03:12 AM",68.6865
"2017-04-04:12 AM",66.8127
"2017-04-05:12 AM",68.877
"2017-04-06:12 AM",53.9474
"2017-04-07:12 AM",53.0609
"2017-04-08:12 AM",53.4268
"2017-04-09:12 AM",59.7033
"2017-04-10:12 AM",63.2379
"2017-04-11:12 AM",66.704
"2017-04-12:12 AM",68.8552
"2017-04-13:12 AM",69.0789
"2017-04-14:12 AM",69.5325
"2017-04-15:12 AM",69.2087
"2017-04-16:12 AM",68.5513
"2017-04-17:12 AM",69.1151
"2017-04-18:12 AM",70.4671
"2017-04-19:12 AM",71.0168
"2017-04-20:12 AM",72.3999
"2017-04-21:12 AM",72.2844
"2017-04-22:12 AM",71.2107
"2017-04-23:12 AM",60.3601
"2017-04-24:12 AM",57.756
"2017-04-25:12 AM",64.3266
"2017-04-26:12 AM",68.5911
"2017-04-27:12 AM",70.6773
"2017-04-28:12 AM",74.9748
"2017-04-29:12 AM",77.4747
"2017-04-30:12 AM",75.9675
"2017-05-01:12 AM",66.6055
"2017-05-02:12 AM",65.4057
"2017-05-03:12 AM",68.4219
"2017-05-04:12 AM",60.1732
"2017-05-05:12 AM",51.9782
"2017-05-06:12 AM",59.3667
"2017-05-07:12 AM",63.8546
"2017-05-08:12 AM",65.6778
"2017-05-09:12 AM",71.0949
"2017-05-10:12 AM",73.3033
"2017-05-11:12 AM",73.2654
"2017-05-12:12 AM",72.1603
"2017-05-13:12 AM",69.4018
"2017-05-14:12 AM",69.7467
"2017-05-15:12 AM",73.215
"2017-05-16:12 AM",75.6396
"2017-05-17:12 AM",76.6207
"2017-05-18:12 AM",76.5568
"2017-05-19:12 AM",78.8261
"2017-05-20:12 AM",74.7484
"2017-05-21:12 AM",74.4197
"2017-05-22:12 AM",72.2998
"2017-05-23:12 AM",70.1125
"2017-05-24:12 AM",66.8412
"2017-05-25:12 AM",64.2128
"2017-05-26:12 AM",70.9111
"2017-05-27:12 AM",75.781
"2017-05-28:12 AM",79.437
"2017-05-29:12 AM",75.0049
"2017-05-30:12 AM",74.12
"2017-05-31:12 AM",71.2177
"2017-06-01:12 AM",71.5212
"2017-06-02:12 AM",74.1843
"2017-06-03:12 AM",75.2448
"2017-06-04:12 AM",73.8973
"2017-06-05:12 AM",74.5327
"2017-06-06:12 AM",73.1377
"2017-06-07:12 AM",72.3612
"2017-06-08:12 AM",70.6469
"2017-06-09:12 AM",72.6431
"2017-06-10:12 AM",75.1807
"2017-06-11:12 AM",76.7406
"2017-06-12:12 AM",76.7966
"2017-06-13:12 AM",75.9249
"2017-06-14:12 AM",77.2119
"2017-06-15:12 AM",78.1947
"2017-06-16:12 AM",78.2301
"2017-06-17:12 AM",76.0456
"2017-06-18:12 AM",76.7304
"2017-06-19:12 AM",77.7429
"2017-06-20:12 AM",74.0284
"2017-06-21:12 AM",71.965
"2017-06-22:12 AM",75.3363
"2017-06-23:12 AM",78.0467
"2017-06-24:12 AM",78.6751
"2017-06-25:12 AM",73.7818
"2017-06-26:12 AM",72.2615
"2017-06-27:12 AM",75.0276
"2017-06-28:12 AM",75.6894
"2017-06-29:12 AM",74.1965
"2017-06-30:12 AM",76.8697
"2017-07-01:12 AM",79.2041
"2017-07-02:12 AM",79.2354
"2017-07-03:12 AM",80.5048
"2017-07-04:12 AM",81.6748
"2017-07-05:12 AM",81.6258
"2017-07-06:12 AM",81.0095
"2017-07-07:12 AM",79.3818
"2017-07-08:12 AM",78.9105
"2017-07-09:12 AM",78.6992
"2017-07-10:12 AM",79.3621
"2017-07-11:12 AM",79.0718
"2017-07-12:12 AM",79.5054
"2017-07-13:12 AM",81.9054
"2017-07-14:12 AM",80.9708
"2017-07-15:12 AM",80.3401
"2017-07-16:12 AM",78.6229
"2017-07-17:12 AM",79.2217
"2017-07-18:12 AM",80.8965
"2017-07-19:12 AM",82.5348
"2017-07-20:12 AM",83.9932
"2017-07-21:12 AM",84.3629
"2017-07-22:12 AM",82.4004
"2017-07-23:12 AM",81.3216
"2017-07-24:12 AM",78.8968
"2017-07-25:12 AM",79.1616
"2017-07-26:12 AM",82.4821
"2017-07-27:12 AM",83.5261
"2017-07-28:12 AM",81.0216
"2017-07-29:12 AM",78.6321
"2017-07-30:12 AM",76.5489
"2017-07-31:12 AM",76.7874
"2017-08-01:12 AM",76.17
"2017-08-02:12 AM",75.6876
"2017-08-03:12 AM",74.2948
"2017-08-04:12 AM",76.0757
"2017-08-05:12 AM",77.958
"2017-08-06:12 AM",76.5091
"2017-08-07:12 AM",79.2428
"2017-08-08:12 AM",76.2402
"2017-08-09:12 AM",76.0977
"2017-08-10:12 AM",76.9309
"2017-08-11:12 AM",77.2635
"2017-08-12:12 AM",80.1045
"2017-08-13:12 AM",78.9337
"2017-08-14:12 AM",78.4531
"2017-08-15:12 AM",79.0612
"2017-08-16:12 AM",80.4839
"2017-08-17:12 AM",81.4147
"2017-08-18:12 AM",81.2084
"2017-08-19:12 AM",80.0987
"2017-08-20:12 AM",81.8195
"2017-08-21:12 AM",81.858
"2017-08-22:12 AM",81.0972
"2017-08-23:12 AM",79.6462
"2017-08-24:12 AM",76.428
"2017-08-25:12 AM",76.3761
"2017-08-26:12 AM",77.9853
"2017-08-27:12 AM",77.8554
"2017-08-28:12 AM",74.6712
"2017-08-29:12 AM",72.5801
"2017-08-30:12 AM",72.4048
"2017-08-31:12 AM",75.8653
"2017-09-01:12 AM",73.3262
"2017-09-02:12 AM",71.5719
"2017-09-03:12 AM",71.9605
"2017-09-04:12 AM",74.1016
"2017-09-05:12 AM",75.2488
"2017-09-06:12 AM",67.8238
"2017-09-07:12 AM",63.0972
"2017-09-08:12 AM",65.7615
"2017-09-09:12 AM",68.5207
"2017-09-10:12 AM",68.0905
"2017-09-11:12 AM",59.0589
"2017-09-12:12 AM",60.8815
"2017-09-13:12 AM",63.2282
"2017-09-14:12 AM",71.0631
"2017-09-15:12 AM",73.6003
"2017-09-16:12 AM",73.9366
"2017-09-17:12 AM",75.1417
"2017-09-18:12 AM",75.3895
"2017-09-19:12 AM",75.9747
"2017-09-20:12 AM",75.8343
"2017-09-21:12 AM",76.4618
"2017-09-22:12 AM",76.4407
"2017-09-23:12 AM",76.2971
"2017-09-24:12 AM",74.5639
"2017-09-25:12 AM",73.4704
"2017-09-26:12 AM",74.2293
"2017-09-27:12 AM",75.1552
"2017-09-28:12 AM",75.0897
"2017-09-29:12 AM",74.1371
"2017-09-30:12 AM",73.7283
"2017-10-01:12 AM",69.0807
"2017-10-02:12 AM",68.1805
"2017-10-03:12 AM",71.6927
"2017-10-04:12 AM",70.1645
"2017-10-05:12 AM",69.4638
"2017-10-06:12 AM",71.3172
"2017-10-07:12 AM",76.861
"2017-10-08:12 AM",74.8886
"2017-10-09:12 AM",75.8696
"2017-10-10:12 AM",76.3579
"2017-10-11:12 AM",74.6924
"2017-10-12:12 AM",68.7033
"2017-10-13:12 AM",70.9144
"2017-10-14:12 AM",73.1147
"2017-10-15:12 AM",71.8758
"2017-10-16:12 AM",61.4181
"2017-10-17:12 AM",56.3315
"2017-10-18:12 AM",56.4388
"2017-10-19:12 AM",59.9023
"2017-10-20:12 AM",61.2302
"2017-10-21:12 AM",67.3633
"2017-10-22:12 AM",69.7581
"2017-10-23:12 AM",62.3707
"2017-10-24:12 AM",55.2447
"2017-10-25:12 AM",49.6171
"2017-10-26:12 AM",53.7478
"2017-10-27:12 AM",59.3443
"2017-10-28:12 AM",51.46
"2017-10-29:12 AM",40.9098
"2017-10-30:12 AM",47.8371
"2017-10-31:12 AM",54.7855
"2017-11-01:12 AM",58.9224
"2017-11-02:12 AM",64.7834
"2017-11-03:12 AM",67.8852
"2017-11-04:12 AM",68.0509
"2017-11-05:12 AM",68.4023
"2017-11-06:12 AM",68.2425
"2017-11-07:12 AM",68.596
"2017-11-08:12 AM",60.228
"2017-11-09:12 AM",53.6013
"2017-11-10:12 AM",50.4878
"2017-11-11:12 AM",50.553
"2017-11-12:12 AM",52.5511
"2017-11-13:12 AM",54.2952
"2017-11-14:12 AM",50.8798
"2017-11-15:12 AM",51.1104
"2017-11-16:12 AM",55.0749
"2017-11-17:12 AM",54.9124
"2017-11-18:12 AM",61.3962
"2017-11-19:12 AM",47.302
"2017-11-20:12 AM",42.4744
"2017-11-21:12 AM",47.6008
"2017-11-22:12 AM",49.3219
"2017-11-23:12 AM",44.8304
"2017-11-24:12 AM",48.0157
"2017-11-25:12 AM",52.4615
"2017-11-26:12 AM",50.9648
"2017-11-27:12 AM",47.9854
"2017-11-28:12 AM",50.5681
"2017-11-29:12 AM",56.952
"2017-11-30:12 AM",60.3702
"2017-12-01:12 AM",59.5047
"2017-12-02:12 AM",56.637
"2017-12-03:12 AM",55.4059
"2017-12-04:12 AM",57.6158
"2017-12-05:12 AM",61.9768
"2017-12-06:12 AM",43.0027
"2017-12-07:12 AM",41.2311
"2017-12-08:12 AM",35.1581
"2017-12-09:12 AM",32.1282
"2017-12-10:12 AM",33.2517
"2017-12-11:12 AM",42.2778
"2017-12-12:12 AM",45.3612
"2017-12-13:12 AM",39.5218
"2017-12-14:12 AM",44.5642
"2017-12-15:12 AM",39.6725
"2017-12-16:12 AM",38.4328
"2017-12-17:12 AM",47.2937
"2017-12-18:12 AM",53.7523
"2017-12-19:12 AM",57.3618
"2017-12-20:12 AM",64.2526
"2017-12-21:12 AM",56.9545
"2017-12-22:12 AM",59.8406
"2017-12-23:12 AM",60.8679
"2017-12-24:12 AM",46.6837
"2017-12-25:12 AM",35.2263
"2017-12-26:12 AM",36.9903
"2017-12-27:12 AM",37.4428
"2017-12-28:12 AM",36.3429
"2017-12-29:12 AM",36.7745
"2017-12-30:12 AM",38.5572
"2017-12-31:12 AM",32.4945
"2018-01-01:12 AM",22.2343
"2018-01-02:12 AM",22.5225
"2018-01-03:12 AM",28.5732
"2018-01-04:12 AM",26.1111
"2018-01-05:12 AM",26.6342
"2018-01-06:12 AM",30.7715
"2018-01-07:12 AM",34.8175
"2018-01-08:12 AM",41.7879
"2018-01-09:12 AM",51.0735
"2018-01-10:12 AM",58.6629
"2018-01-11:12 AM",61.8035
"2018-01-12:12 AM",47.9448
"2018-01-13:12 AM",29.4294
"2018-01-14:12 AM",28.5283
"2018-01-15:12 AM",34.3224
"2018-01-16:12 AM",31.2217
"2018-01-17:12 AM",18.4401
"2018-01-18:12 AM",22.3815
"2018-01-19:12 AM",31.0566
"2018-01-20:12 AM",40.678
"2018-01-21:12 AM",49.3203
"2018-01-22:12 AM",56.7491
"2018-01-23:12 AM",47.4303
"2018-01-24:12 AM",40.6308
"2018-01-25:12 AM",41.1291
"2018-01-26:12 AM",46.2108
"2018-01-27:12 AM",55.0728
"2018-01-28:12 AM",56.7729
"2018-01-29:12 AM",49.3045
"2018-01-30:12 AM",36.6827
"2018-01-31:12 AM",40.6587
"2018-02-01:12 AM",50.9446
"2018-02-02:12 AM",39.5316
"2018-02-03:12 AM",38.777
"2018-02-04:12 AM",49.7845
"2018-02-05:12 AM",43.4642
"2018-02-06:12 AM",53.6095
"2018-02-07:12 AM",55.216
"2018-02-08:12 AM",42.4431
"2018-02-09:12 AM",49.7295
"2018-02-10:12 AM",60.0003
"2018-02-11:12 AM",62.9215
"2018-02-12:12 AM",48.3996
"2018-02-13:12 AM",51.7723
"2018-02-14:12 AM",58.6251
"2018-02-15:12 AM",64.5336
"2018-02-16:12 AM",63.6062
"2018-02-17:12 AM",59.3017
"2018-02-18:12 AM",56.8816
"2018-02-19:12 AM",64.8081
"2018-02-20:12 AM",67.005
"2018-02-21:12 AM",69.4618
"2018-02-22:12 AM",69.7608
"2018-02-23:12 AM",67.3131
"2018-02-24:12 AM",68.3447
"2018-02-25:12 AM",62.6797
"2018-02-26:12 AM",59.7961
"2018-02-27:12 AM",55.7751
"2018-02-28:12 AM",62.6907
"2018-03-01:12 AM",63.6886
"2018-03-02:12 AM",51.7568
"2018-03-03:12 AM",48.4578
"2018-03-04:12 AM",50.526
"2018-03-05:12 AM",56.4067
"2018-03-06:12 AM",57.078
"2018-03-07:12 AM",44.3372
"2018-03-08:12 AM",41.0806
"2018-03-09:12 AM",43.9497
"2018-03-10:12 AM",53.8304
"2018-03-11:12 AM",58.2647
"2018-03-12:12 AM",45.6548
"2018-03-13:12 AM",42.7428
"2018-03-14:12 AM",42.7143
"2018-03-15:12 AM",46.5438
"2018-03-16:12 AM",53.7138
"2018-03-17:12 AM",63.8605
"2018-03-18:12 AM",63.8532
"2018-03-19:12 AM",66.1215
"2018-03-20:12 AM",56.4611
"2018-03-21:12 AM",45.7948
"2018-03-22:12 AM",45.1971
"2018-03-23:12 AM",52.4413
"2018-03-24:12 AM",60.5266
"2018-03-25:12 AM",64.895
"2018-03-26:12 AM",53.4871
"2018-03-27:12 AM",54.671
"2018-03-28:12 AM",65.4073
"2018-03-29:12 AM",65.0547
"2018-03-30:12 AM",57.1485
"2018-03-31:12 AM",54.2781
"2018-04-01:12 AM",59.5909
"2018-04-02:12 AM",63.7075
"2018-04-03:12 AM",69.4047
"2018-04-04:12 AM",57.1915
"2018-04-05:12 AM",50.3479
"2018-04-06:12 AM",57.1464
"2018-04-07:12 AM",54.0016
"2018-04-08:12 AM",46.0362
"2018-04-09:12 AM",57.4259
"2018-04-10:12 AM",58.6382
"2018-04-11:12 AM",56.0109
"2018-04-12:12 AM",61.5524
"2018-04-13:12 AM",65.4865
"2018-04-14:12 AM",70.5562
"2018-04-15:12 AM",54.0559
"2018-04-16:12 AM",45.4462
"2018-04-17:12 AM",55.3307
"2018-04-18:12 AM",65.4316
"2018-04-19:12 AM",60.215
"2018-04-20:12 AM",54.0097
"2018-04-21:12 AM",59.8838
"2018-04-22:12 AM",63.4069
"2018-04-23:12 AM",63.1965
"2018-04-24:12 AM",59.1757
"2018-04-25:12 AM",61.961
"2018-04-26:12 AM",60.1448
"2018-04-27:12 AM",59.8816
"2018-04-28:12 AM",63.7988
"2018-04-29:12 AM",60.6268
"2018-04-30:12 AM",61.0135
"2018-05-01:12 AM",67.7129
"2018-05-02:12 AM",70.3177
"2018-05-03:12 AM",71.6272
"2018-05-04:12 AM",71.7928
"2018-05-05:12 AM",70.3368
"2018-05-06:12 AM",68.3051
"2018-05-07:12 AM",70.7621
"2018-05-08:12 AM",72.8757
"2018-05-09:12 AM",73.8414
"2018-05-10:12 AM",75.2155
"2018-05-11:12 AM",75.5465
"2018-05-12:12 AM",76.298
"2018-05-13:12 AM",77.2999
"2018-05-14:12 AM",78.6092
"2018-05-15:12 AM",75.5568
"2018-05-16:12 AM",75.137
"2018-05-17:12 AM",74.5698
"2018-05-18:12 AM",74.4694
"2018-05-19:12 AM",76.6987
"2018-05-20:12 AM",77.022
"2018-05-21:12 AM",73.2258
"2018-05-22:12 AM",73.7256
"2018-05-23:12 AM",76.3311
"2018-05-24:12 AM",77.929
"2018-05-25:12 AM",74.5938
"2018-05-26:12 AM",75.0465
"2018-05-27:12 AM",74.8562
"2018-05-28:12 AM",72.9801
"2018-05-29:12 AM",73.854
"2018-05-30:12 AM",77.0868
"2018-05-31:12 AM",78.9778
"2018-06-01:12 AM",79.2444
"2018-06-02:12 AM",79.4302
"2018-06-03:12 AM",80.2845
"2018-06-04:12 AM",75.5805
"2018-06-05:12 AM",72.7344
"2018-06-06:12 AM",74.4764
"2018-06-07:12 AM",78.4724
"2018-06-08:12 AM",80.5438
"2018-06-09:12 AM",79.7806
"2018-06-10:12 AM",78.8644
"2018-06-11:12 AM",76.8034
"2018-06-12:12 AM",75.9922
"2018-06-13:12 AM",77.5749
"2018-06-14:12 AM",76.4992
"2018-06-15:12 AM",78.424
"2018-06-16:12 AM",77.9067
"2018-06-17:12 AM",80.1034
"2018-06-18:12 AM",80.604
"2018-06-19:12 AM",81.8078
"2018-06-20:12 AM",82.8957
"2018-06-21:12 AM",79.8404
"2018-06-22:12 AM",78.6762
"2018-06-23:12 AM",81.691
"2018-06-24:12 AM",84.0277
"2018-06-25:12 AM",83.5668
"2018-06-26:12 AM",82.8212
"2018-06-27:12 AM",82.1172
"2018-06-28:12 AM",83.4422
"2018-06-29:12 AM",80.5681
"2018-06-30:12 AM",80.784
"2018-07-01:12 AM",79.5583
"2018-07-02:12 AM",77.9968
"2018-07-03:12 AM",81.5112
"2018-07-04:12 AM",81.5601
"2018-07-05:12 AM",81.5076
"2018-07-06:12 AM",81.4172
"2018-07-07:12 AM",77.1593
"2018-07-08:12 AM",77.5042
"2018-07-09:12 AM",78.6664
"2018-07-10:12 AM",80.3079
"2018-07-11:12 AM",82.7213
"2018-07-12:12 AM",83.4352
"2018-07-13:12 AM",83.6564
"2018-07-14:12 AM",81.9433
"2018-07-15:12 AM",80.7337
"2018-07-16:12 AM",80.1619
"2018-07-17:12 AM",81.0023
"2018-07-18:12 AM",81.253
"2018-07-19:12 AM",80.4114
"2018-07-20:12 AM",81.8362
"2018-07-21:12 AM",84.4288
"2018-07-22:12 AM",81.0982
"2018-07-23:12 AM",77.0119
"2018-07-24:12 AM",77.112
"2018-07-25:12 AM",79.4269
"2018-07-26:12 AM",80.883
"2018-07-27:12 AM",80.5438
"2018-07-28:12 AM",80.7953
"2018-07-29:12 AM",79.4352
"2018-07-30:12 AM",78.2969
"2018-07-31:12 AM",78.4209
"2018-08-01:12 AM",75.1449
"2018-08-02:12 AM",75.319
"2018-08-03:12 AM",78.0024
"2018-08-04:12 AM",79.3465
"2018-08-05:12 AM",80.5129
"2018-08-06:12 AM",82.7461
"2018-08-07:12 AM",83.4618
"2018-08-08:12 AM",81.9297
"2018-08-09:12 AM",79.2765
"2018-08-10:12 AM",79.0488
"2018-08-11:12 AM",78.6475
"2018-08-12:12 AM",81.4179
"2018-08-13:12 AM",79.4665
"2018-08-14:12 AM",79.619
"2018-08-15:12 AM",80.6121
"2018-08-16:12 AM",80.0753
"2018-08-17:12 AM",78.7525
"2018-08-18:12 AM",77.2767
"2018-08-19:12 AM",77.1373
"2018-08-20:12 AM",76.8223
"2018-08-21:12 AM",78.1741
"2018-08-22:12 AM",77.0626
"2018-08-23:12 AM",75.1739
"2018-08-24:12 AM",75.8392
"2018-08-25:12 AM",78.8522
"2018-08-26:12 AM",79.9147
"2018-08-27:12 AM",80.5755
"2018-08-28:12 AM",80.8452
"2018-08-29:12 AM",79.3317
"2018-08-30:12 AM",76.8187
"2018-08-31:12 AM",76.725
"2018-09-01:12 AM",78.8749
"2018-09-02:12 AM",79.3024
"2018-09-03:12 AM",79.0236
"2018-09-04:12 AM",78.579
"2018-09-05:12 AM",75.7429
"2018-09-06:12 AM",77.1287
"2018-09-07:12 AM",78.7185
"2018-09-08:12 AM",77.8678
"2018-09-09:12 AM",77.5956
"2018-09-10:12 AM",74.5828
"2018-09-11:12 AM",74.228
"2018-09-12:12 AM",76.7799
"2018-09-13:12 AM",78.0465
"2018-09-14:12 AM",79.8949
"2018-09-15:12 AM",81.2624
"2018-09-16:12 AM",79.8802
"2018-09-17:12 AM",78.4778
"2018-09-18:12 AM",78.9462
"2018-09-19:12 AM",79.2176
"2018-09-20:12 AM",80.357
"2018-09-21:12 AM",79.1739
"2018-09-22:12 AM",78.9339
"2018-09-23:12 AM",76.6791
"2018-09-24:12 AM",75.4761
"2018-09-25:12 AM",76.2618
"2018-09-26:12 AM",75.4957
"2018-09-27:12 AM",73.7827
"2018-09-28:12 AM",72.1557
"2018-09-29:12 AM",72.5772
"2018-09-30:12 AM",74.5938
"2018-10-01:12 AM",75.2536
"2018-10-02:12 AM",75.4547
"2018-10-03:12 AM",75.9018
"2018-10-04:12 AM",76.3623
"2018-10-05:12 AM",77.0612
"2018-10-06:12 AM",76.3444
"2018-10-07:12 AM",75.7814
"2018-10-08:12 AM",76.2408
"2018-10-09:12 AM",77.1372
"2018-10-10:12 AM",75.4905
"2018-10-11:12 AM",69.0692
"2018-10-12:12 AM",59.5875
"2018-10-13:12 AM",62.4564
"2018-10-14:12 AM",69.4042
"2018-10-15:12 AM",72.6505
"2018-10-16:12 AM",68.2286
"2018-10-17:12 AM",65.6128
"2018-10-18:12 AM",61.9732
"2018-10-19:12 AM",65.8954
"2018-10-20:12 AM",66.2994
"2018-10-21:12 AM",52.1204
"2018-10-22:12 AM",52.2657
"2018-10-23:12 AM",58.1254
"2018-10-24:12 AM",58.3153
"2018-10-25:12 AM",57.8624
"2018-10-26:12 AM",57.871
"2018-10-27:12 AM",54.2885
"2018-10-28:12 AM",60.49
"2018-10-29:12 AM",61.7238
"2018-10-30:12 AM",61.6906
"2018-10-31:12 AM",67.4577
"2018-11-01:12 AM",67.8202
"2018-11-02:12 AM",53.8754
"2018-11-03:12 AM",52.5504
"2018-11-04:12 AM",56.8978
"2018-11-05:12 AM",64.0953
"2018-11-06:12 AM",68.3445
"2018-11-07:12 AM",61.6591
"2018-11-08:12 AM",59.6106
"2018-11-09:12 AM",57.8421
"2018-11-10:12 AM",40.9618
"2018-11-11:12 AM",44.3007
"2018-11-12:12 AM",51.6592
"2018-11-13:12 AM",47.2564
"2018-11-14:12 AM",40.9548
"2018-11-15:12 AM",34.7205
"2018-11-16:12 AM",38.7475
"2018-11-17:12 AM",46.7985
"2018-11-18:12 AM",49.3322
"2018-11-19:12 AM",51.9485
"2018-11-20:12 AM",50.1163
"2018-11-21:12 AM",43.7265
"2018-11-22:12 AM",46.0184
"2018-11-23:12 AM",47.7977
"2018-11-24:12 AM",53.0793
"2018-11-25:12 AM",54.023
"2018-11-26:12 AM",44.5302
"2018-11-27:12 AM",34.7457
"2018-11-28:12 AM",35.697
"2018-11-29:12 AM",47.4521
"2018-11-30:12 AM",59.5666
"2018-12-01:12 AM",62.451
"2018-12-02:12 AM",63.3171
"2018-12-03:12 AM",53.5453
"2018-12-04:12 AM",42.5133
"2018-12-05:12 AM",36.014
"2018-12-06:12 AM",36.0507
"2018-12-07:12 AM",41.6284
"2018-12-08:12 AM",44.4587
"2018-12-09:12 AM",41.9619
"2018-12-10:12 AM",38.7545
"2018-12-11:12 AM",36.7792
"2018-12-12:12 AM",40.5909
"2018-12-13:12 AM",49.6792
"2018-12-14:12 AM",56.4732
"2018-12-15:12 AM",49.9816
"2018-12-16:12 AM",48.3544
"2018-12-17:12 AM",49.6078
"2018-12-18:12 AM",47.5588
"2018-12-19:12 AM",49.8664
"2018-12-20:12 AM",53.0011
"2018-12-21:12 AM",43.4336
"2018-12-22:12 AM",43.4568
"2018-12-23:12 AM",49.5208
"2018-12-24:12 AM",42.6567
"2018-12-25:12 AM",44.0946
"2018-12-26:12 AM",50.5715
"2018-12-27:12 AM",55.7314
"2018-12-28:12 AM",61.5355
"2018-12-29:12 AM",52.8748
"2018-12-30:12 AM",56.5461
"2018-12-31:12 AM",65.262
"2019-01-01:12 AM",61.1301
"2019-01-02:12 AM",55.0243
"2019-01-03:12 AM",54.9428
"2019-01-04:12 AM",53.3115
"2019-01-05:12 AM",45.7734
"2019-01-06:12 AM",47.6769
"2019-01-07:12 AM",52.0936
"2019-01-08:12 AM",57.7213
"2019-01-09:12 AM",46.6245
"2019-01-10:12 AM",37.4176
"2019-01-11:12 AM",38.6886
"2019-01-12:12 AM",47.2975
"2019-01-13:12 AM",48.6432
"2019-01-14:12 AM",40.8749
"2019-01-15:12 AM",38.1609
"2019-01-16:12 AM",38.3502
"2019-01-17:12 AM",43.9646
"2019-01-18:12 AM",53.2461
"2019-01-19:12 AM",57.7782
"2019-01-20:12 AM",33.948
"2019-01-21:12 AM",32.8271
"2019-01-22:12 AM",40.7804
"2019-01-23:12 AM",55.9636
"2019-01-24:12 AM",38.5326
"2019-01-25:12 AM",36.5488
"2019-01-26:12 AM",38.0403
"2019-01-27:12 AM",42.224
"2019-01-28:12 AM",45.5805
"2019-01-29:12 AM",37.5613
"2019-01-30:12 AM",32.4795
"2019-01-31:12 AM",36.8724
"2019-02-01:12 AM",44.0625
"2019-02-02:12 AM",51.5394
"2019-02-03:12 AM",56.6389
"2019-02-04:12 AM",59.2086
"2019-02-05:12 AM",64.2578
"2019-02-06:12 AM",65.268
"2019-02-07:12 AM",66.3877
"2019-02-08:12 AM",46.8698
"2019-02-09:12 AM",41.4198
"2019-02-10:12 AM",47.2924
"2019-02-11:12 AM",54.4053
"2019-02-12:12 AM",59.9484
"2019-02-13:12 AM",44.0553
"2019-02-14:12 AM",48.3291
"2019-02-15:12 AM",57.5024
"2019-02-16:12 AM",55.7929
"2019-02-17:12 AM",58.2868
"2019-02-18:12 AM",48.423
"2019-02-19:12 AM",46.7937
"2019-02-20:12 AM",55.6565
"2019-02-21:12 AM",59.7245
"2019-02-22:12 AM",62.7949
"2019-02-23:12 AM",66.1345
"2019-02-24:12 AM",56.9995
"2019-02-25:12 AM",46.6066
"2019-02-26:12 AM",52.8485
"2019-02-27:12 AM",58.7284
"2019-02-28:12 AM",62.1981
"2019-03-01:12 AM",59.626
"2019-03-02:12 AM",55.2378
"2019-03-03:12 AM",51.939
"2019-03-04:12 AM",36.5689
"2019-03-05:12 AM",32.3031
"2019-03-06:12 AM",33.2656
"2019-03-07:12 AM",41.0301
"2019-03-08:12 AM",54.8006
"2019-03-09:12 AM",64.1377
"2019-03-10:12 AM",64.7469
"2019-03-11:12 AM",60.2591
"2019-03-12:12 AM",56.9142
"2019-03-13:12 AM",62.1322
"2019-03-14:12 AM",67.1432
"2019-03-15:12 AM",57.7029