"DateTime","(deg F) Mean Temperature (CFSR) at Arkansas, 2010-01-01 to 2019-03-14"
"2010-01-01:12 AM",32.3807
"2010-01-02:12 AM",29.1911
"2010-01-03:12 AM",28.0702
"2010-01-04:12 AM",25.7808
"2010-01-05:12 AM",22.2492
"2010-01-06:12 AM",27.4676
"2010-01-07:12 AM",26.1525
"2010-01-08:12 AM",16.7016
"2010-01-09:12 AM",17.9884
"2010-01-10:12 AM",20.9678
"2010-01-11:12 AM",31.4676
"2010-01-12:12 AM",30.3453
"2010-01-13:12 AM",32.3505
"2010-01-14:12 AM",38.6587
"2010-01-15:12 AM",43.4905
"2010-01-16:12 AM",44.6013
"2010-01-17:12 AM",44.8387
"2010-01-18:12 AM",46.9297
"2010-01-19:12 AM",54.2494
"2010-01-20:12 AM",59.6716
"2010-01-21:12 AM",54.5632
"2010-01-22:12 AM",46.2189
"2010-01-23:12 AM",50.8044
"2010-01-24:12 AM",47.9471
"2010-01-25:12 AM",37.7514
"2010-01-26:12 AM",34.9111
"2010-01-27:12 AM",40.995
"2010-01-28:12 AM",40.9888
"2010-01-29:12 AM",29.9401
"2010-01-30:12 AM",29.1105
"2010-01-31:12 AM",30.5836
"2010-02-01:12 AM",33.0363
"2010-02-02:12 AM",36.1861
"2010-02-03:12 AM",36.6321
"2010-02-04:12 AM",37.2247
"2010-02-05:12 AM",39.7782
"2010-02-06:12 AM",37.8077
"2010-02-07:12 AM",34.6042
"2010-02-08:12 AM",33.4224
"2010-02-09:12 AM",30.0891
"2010-02-10:12 AM",29.3587
"2010-02-11:12 AM",31.7685
"2010-02-12:12 AM",33.2589
"2010-02-13:12 AM",34.9464
"2010-02-14:12 AM",35.0944
"2010-02-15:12 AM",28.1899
"2010-02-16:12 AM",30.3075
"2010-02-17:12 AM",32.6113
"2010-02-18:12 AM",35.303
"2010-02-19:12 AM",41.0803
"2010-02-20:12 AM",47.3274
"2010-02-21:12 AM",49.8567
"2010-02-22:12 AM",40.3104
"2010-02-23:12 AM",34.4529
"2010-02-24:12 AM",31.4465
"2010-02-25:12 AM",33.292
"2010-02-26:12 AM",36.1333
"2010-02-27:12 AM",39.5438
"2010-02-28:12 AM",38.7424
"2010-03-01:12 AM",40.172
"2010-03-02:12 AM",38.5272
"2010-03-03:12 AM",37.438
"2010-03-04:12 AM",39.4142
"2010-03-05:12 AM",44.7019
"2010-03-06:12 AM",47.638
"2010-03-07:12 AM",51.283
"2010-03-08:12 AM",53.6841
"2010-03-09:12 AM",57.4835
"2010-03-10:12 AM",59.8329
"2010-03-11:12 AM",53.9766
"2010-03-12:12 AM",47.7468
"2010-03-13:12 AM",44.3601
"2010-03-14:12 AM",47.9698
"2010-03-15:12 AM",50.326
"2010-03-16:12 AM",50.5107
"2010-03-17:12 AM",47.6294
"2010-03-18:12 AM",48.6957
"2010-03-19:12 AM",52.8714
"2010-03-20:12 AM",51.0823
"2010-03-21:12 AM",39.816
"2010-03-22:12 AM",46.5802
"2010-03-23:12 AM",51.8362
"2010-03-24:12 AM",56.7745
"2010-03-25:12 AM",54.5337
"2010-03-26:12 AM",48.2184
"2010-03-27:12 AM",52.7239
"2010-03-28:12 AM",49.0599
"2010-03-29:12 AM",49.199
"2010-03-30:12 AM",55.517
"2010-03-31:12 AM",61.5747
"2010-04-01:12 AM",63.5122
"2010-04-02:12 AM",63.7275
"2010-04-03:12 AM",61.9306
"2010-04-04:12 AM",62.9112
"2010-04-05:12 AM",69.042
"2010-04-06:12 AM",68.0115
"2010-04-07:12 AM",65.4445
"2010-04-08:12 AM",52.4376
"2010-04-09:12 AM",53.4429
"2010-04-10:12 AM",58.3014
"2010-04-11:12 AM",61.0178
"2010-04-12:12 AM",63.4339
"2010-04-13:12 AM",65.5443
"2010-04-14:12 AM",66.681
"2010-04-15:12 AM",68.4138
"2010-04-16:12 AM",67.0212
"2010-04-17:12 AM",62.8189
"2010-04-18:12 AM",56.0606
"2010-04-19:12 AM",56.8962
"2010-04-20:12 AM",58.4974
"2010-04-21:12 AM",60.8376
"2010-04-22:12 AM",68.3357
"2010-04-23:12 AM",68.5081
"2010-04-24:12 AM",67.4618
"2010-04-25:12 AM",61.9219
"2010-04-26:12 AM",58.8371
"2010-04-27:12 AM",54.8485
"2010-04-28:12 AM",56.9008
"2010-04-29:12 AM",67.0147
"2010-04-30:12 AM",70.1245
"2010-05-01:12 AM",69.1592
"2010-05-02:12 AM",67.8429
"2010-05-03:12 AM",66.9218
"2010-05-04:12 AM",68.0257
"2010-05-05:12 AM",71.2089
"2010-05-06:12 AM",72.8296
"2010-05-07:12 AM",72.347
"2010-05-08:12 AM",60.4168
"2010-05-09:12 AM",55.3581
"2010-05-10:12 AM",60.6427
"2010-05-11:12 AM",72.8089
"2010-05-12:12 AM",78.1218
"2010-05-13:12 AM",78.3214
"2010-05-14:12 AM",74.656
"2010-05-15:12 AM",69.3541
"2010-05-16:12 AM",71.0213
"2010-05-17:12 AM",68.9835
"2010-05-18:12 AM",66.583
"2010-05-19:12 AM",68.1051
"2010-05-20:12 AM",72.6334
"2010-05-21:12 AM",73.1174
"2010-05-22:12 AM",76.5457
"2010-05-23:12 AM",81.1119
"2010-05-24:12 AM",80.1279
"2010-05-25:12 AM",78.9642
"2010-05-26:12 AM",77.2443
"2010-05-27:12 AM",77.4504
"2010-05-28:12 AM",76.7574
"2010-05-29:12 AM",75.6761
"2010-05-30:12 AM",76.5039
"2010-05-31:12 AM",78.5507
"2010-06-01:12 AM",81.214
"2010-06-02:12 AM",82.054
"2010-06-03:12 AM",80.2965
"2010-06-04:12 AM",78.4373
"2010-06-05:12 AM",79.9718
"2010-06-06:12 AM",82.11
"2010-06-07:12 AM",79.1902
"2010-06-08:12 AM",79.5709
"2010-06-09:12 AM",81.5731
"2010-06-10:12 AM",78.3453
"2010-06-11:12 AM",80.9314
"2010-06-12:12 AM",85.0734
"2010-06-13:12 AM",83.9307
"2010-06-14:12 AM",85.5288
"2010-06-15:12 AM",84.7688
"2010-06-16:12 AM",83.4339
"2010-06-17:12 AM",85.2487
"2010-06-18:12 AM",85.2811
"2010-06-19:12 AM",86.2439
"2010-06-20:12 AM",86.8811
"2010-06-21:12 AM",87.4767
"2010-06-22:12 AM",87.5196
"2010-06-23:12 AM",85.9602
"2010-06-24:12 AM",85.1524
"2010-06-25:12 AM",85.4107
"2010-06-26:12 AM",86.245
"2010-06-27:12 AM",87.4252
"2010-06-28:12 AM",83.725
"2010-06-29:12 AM",79.9867
"2010-06-30:12 AM",79.3265
"2010-07-01:12 AM",76.9458
"2010-07-02:12 AM",78.1925
"2010-07-03:12 AM",78.4044
"2010-07-04:12 AM",81.9138
"2010-07-05:12 AM",81.8181
"2010-07-06:12 AM",81.309
"2010-07-07:12 AM",78.6004
"2010-07-08:12 AM",82.3046
"2010-07-09:12 AM",79.0266
"2010-07-10:12 AM",78.9154
"2010-07-11:12 AM",79.3184
"2010-07-12:12 AM",81.9365
"2010-07-13:12 AM",83.4622
"2010-07-14:12 AM",86.0355
"2010-07-15:12 AM",86.4925
"2010-07-16:12 AM",86.4862
"2010-07-17:12 AM",85.8582
"2010-07-18:12 AM",85.9179
"2010-07-19:12 AM",85.1754
"2010-07-20:12 AM",84.9346
"2010-07-21:12 AM",87.2267
"2010-07-22:12 AM",87.1268
"2010-07-23:12 AM",87.1687
"2010-07-24:12 AM",86.8834
"2010-07-25:12 AM",88.0772
"2010-07-26:12 AM",83.9286
"2010-07-27:12 AM",81.6343
"2010-07-28:12 AM",81.0405
"2010-07-29:12 AM",83.4917
"2010-07-30:12 AM",86.3186
"2010-07-31:12 AM",88.0369
"2010-08-01:12 AM",90.4908
"2010-08-02:12 AM",91.2142
"2010-08-03:12 AM",92.8585
"2010-08-04:12 AM",91.9974
"2010-08-05:12 AM",90.201
"2010-08-06:12 AM",83.1432
"2010-08-07:12 AM",83.0025
"2010-08-08:12 AM",84.5411
"2010-08-09:12 AM",87.5129
"2010-08-10:12 AM",86.0115
"2010-08-11:12 AM",88.8622
"2010-08-12:12 AM",90.5652
"2010-08-13:12 AM",90.4127
"2010-08-14:12 AM",90.7716
"2010-08-15:12 AM",89.5824
"2010-08-16:12 AM",86.1597
"2010-08-17:12 AM",83.0993
"2010-08-18:12 AM",84.623
"2010-08-19:12 AM",84.2787
"2010-08-20:12 AM",82.7604
"2010-08-21:12 AM",88.9632
"2010-08-22:12 AM",86.7623
"2010-08-23:12 AM",85.2685
"2010-08-24:12 AM",81.5009
"2010-08-25:12 AM",79.057
"2010-08-26:12 AM",75.8986
"2010-08-27:12 AM",74.559
"2010-08-28:12 AM",78.4479
"2010-08-29:12 AM",77.5589
"2010-08-30:12 AM",78.9967
"2010-08-31:12 AM",80.0163
"2010-09-01:12 AM",80.6401
"2010-09-02:12 AM",79.2907
"2010-09-03:12 AM",74.0671
"2010-09-04:12 AM",67.7878
"2010-09-05:12 AM",69.3702
"2010-09-06:12 AM",76.8612
"2010-09-07:12 AM",76.2521
"2010-09-08:12 AM",74.041
"2010-09-09:12 AM",76.3223
"2010-09-10:12 AM",81.5191
"2010-09-11:12 AM",81.7371
"2010-09-12:12 AM",74.8909
"2010-09-13:12 AM",71.8572
"2010-09-14:12 AM",73.2893
"2010-09-15:12 AM",77.3019
"2010-09-16:12 AM",81.2718
"2010-09-17:12 AM",78.5572
"2010-09-18:12 AM",80.4531
"2010-09-19:12 AM",79.6921
"2010-09-20:12 AM",78.109
"2010-09-21:12 AM",80.2242
"2010-09-22:12 AM",80.5735
"2010-09-23:12 AM",81.6665
"2010-09-24:12 AM",80.7064
"2010-09-25:12 AM",72.1463
"2010-09-26:12 AM",64.3937
"2010-09-27:12 AM",60.0476
"2010-09-28:12 AM",62.9789
"2010-09-29:12 AM",67.7077
"2010-09-30:12 AM",69.0764
"2010-10-01:12 AM",65.6512
"2010-10-02:12 AM",63.3522
"2010-10-03:12 AM",55.1237
"2010-10-04:12 AM",52.8739
"2010-10-05:12 AM",52.8919
"2010-10-06:12 AM",55.9326
"2010-10-07:12 AM",65.5263
"2010-10-08:12 AM",69.1772
"2010-10-09:12 AM",69.2436
"2010-10-10:12 AM",68.7319
"2010-10-11:12 AM",68.779
"2010-10-12:12 AM",65.4669
"2010-10-13:12 AM",66.4351
"2010-10-14:12 AM",60.2681
"2010-10-15:12 AM",62.5699
"2010-10-16:12 AM",61.468
"2010-10-17:12 AM",64.731
"2010-10-18:12 AM",67.5104
"2010-10-19:12 AM",63.957
"2010-10-20:12 AM",61.3679
"2010-10-21:12 AM",63.6008
"2010-10-22:12 AM",68.1231
"2010-10-23:12 AM",71.724
"2010-10-24:12 AM",69.0514
"2010-10-25:12 AM",70.0549
"2010-10-26:12 AM",68.1683
"2010-10-27:12 AM",62.6083
"2010-10-28:12 AM",55.8059
"2010-10-29:12 AM",48.099
"2010-10-30:12 AM",50.9284
"2010-10-31:12 AM",57.7758
"2010-11-01:12 AM",62.3921
"2010-11-02:12 AM",57.1735
"2010-11-03:12 AM",52.9455
"2010-11-04:12 AM",52.7805
"2010-11-05:12 AM",44.9537
"2010-11-06:12 AM",43.0129
"2010-11-07:12 AM",48.8561
"2010-11-08:12 AM",54.1863
"2010-11-09:12 AM",57.8178
"2010-11-10:12 AM",62.1752
"2010-11-11:12 AM",62.8876
"2010-11-12:12 AM",63.2134
"2010-11-13:12 AM",53.1237
"2010-11-14:12 AM",43.9084
"2010-11-15:12 AM",47.0469
"2010-11-16:12 AM",47.1808
"2010-11-17:12 AM",49.6188
"2010-11-18:12 AM",47.118
"2010-11-19:12 AM",47.122
"2010-11-20:12 AM",49.1099
"2010-11-21:12 AM",58.1387
"2010-11-22:12 AM",65.2768
"2010-11-23:12 AM",59.3472
"2010-11-24:12 AM",61.9713
"2010-11-25:12 AM",56.4818
"2010-11-26:12 AM",36.0673
"2010-11-27:12 AM",40.6105
"2010-11-28:12 AM",44.5534
"2010-11-29:12 AM",52.0239
"2010-11-30:12 AM",39.1962
"2010-12-01:12 AM",35.5894
"2010-12-02:12 AM",41.6802
"2010-12-03:12 AM",46.3386
"2010-12-04:12 AM",50.4207
"2010-12-05:12 AM",33.8968
"2010-12-06:12 AM",30.4322
"2010-12-07:12 AM",32.8357
"2010-12-08:12 AM",33.9917
"2010-12-09:12 AM",36.9828
"2010-12-10:12 AM",42.0579
"2010-12-11:12 AM",49.28
"2010-12-12:12 AM",30.078
"2010-12-13:12 AM",25.1731
"2010-12-14:12 AM",28.8963
"2010-12-15:12 AM",37.7683
"2010-12-16:12 AM",44.5775
"2010-12-17:12 AM",36.2314
"2010-12-18:12 AM",35.5114
"2010-12-19:12 AM",35.7233
"2010-12-20:12 AM",41.6332
"2010-12-21:12 AM",57.2731
"2010-12-22:12 AM",46.4243
"2010-12-23:12 AM",35.685
"2010-12-24:12 AM",35.9776
"2010-12-25:12 AM",35.7728
"2010-12-26:12 AM",28.6912
"2010-12-27:12 AM",28.0438
"2010-12-28:12 AM",32.9358
"2010-12-29:12 AM",43.1047
"2010-12-30:12 AM",56.1702
"2010-12-31:12 AM",59.7684
"2011-01-01:12 AM",37.4896
"2011-01-02:12 AM",30.5487
"2011-01-03:12 AM",33.7147
"2011-01-04:12 AM",38.6541
"2011-01-05:12 AM",42.1518
"2011-01-06:12 AM",40.4217
"2011-01-07:12 AM",44.8002
"2011-01-08:12 AM",35.1466
"2011-01-09:12 AM",26.9461
"2011-01-10:12 AM",28.3617
"2011-01-11:12 AM",25.3884
"2011-01-12:12 AM",16.9194
"2011-01-13:12 AM",18.7068
"2011-01-14:12 AM",27.9462
"2011-01-15:12 AM",36.9502
"2011-01-16:12 AM",38.5884
"2011-01-17:12 AM",41.1868
"2011-01-18:12 AM",44.7283
"2011-01-19:12 AM",35.841
"2011-01-20:12 AM",32.8969
"2011-01-21:12 AM",25.8625
"2011-01-22:12 AM",30.3202
"2011-01-23:12 AM",36.4809
"2011-01-24:12 AM",35.8641
"2011-01-25:12 AM",34.8066
"2011-01-26:12 AM",36.0153
"2011-01-27:12 AM",38.8387
"2011-01-28:12 AM",45.6393
"2011-01-29:12 AM",52.3283
"2011-01-30:12 AM",51.863
"2011-01-31:12 AM",49.1268
"2011-02-01:12 AM",39.2662
"2011-02-02:12 AM",22.7138
"2011-02-03:12 AM",22.109
"2011-02-04:12 AM",25.7922
"2011-02-05:12 AM",29.5059
"2011-02-06:12 AM",35.65
"2011-02-07:12 AM",34.1512
"2011-02-08:12 AM",27.5205
"2011-02-09:12 AM",24.1815
"2011-02-10:12 AM",15.7825
"2011-02-11:12 AM",22.7826
"2011-02-12:12 AM",35.3597
"2011-02-13:12 AM",42.0787
"2011-02-14:12 AM",47.118
"2011-02-15:12 AM",49.8513
"2011-02-16:12 AM",58.1612
"2011-02-17:12 AM",59.328
"2011-02-18:12 AM",61.254
"2011-02-19:12 AM",56.784
"2011-02-20:12 AM",60.4692
"2011-02-21:12 AM",58.6674
"2011-02-22:12 AM",42.985
"2011-02-23:12 AM",45.0835
"2011-02-24:12 AM",58.1221
"2011-02-25:12 AM",43.7076
"2011-02-26:12 AM",43.0417
"2011-02-27:12 AM",61.8872
"2011-02-28:12 AM",56.8377
"2011-03-01:12 AM",43.4467
"2011-03-02:12 AM",47.9188
"2011-03-03:12 AM",54.0372
"2011-03-04:12 AM",59.974
"2011-03-05:12 AM",48.632
"2011-03-06:12 AM",38.0982
"2011-03-07:12 AM",40.7066
"2011-03-08:12 AM",48.4113
"2011-03-09:12 AM",48.4934
"2011-03-10:12 AM",41.9263
"2011-03-11:12 AM",46.4108
"2011-03-12:12 AM",54.6899
"2011-03-13:12 AM",56.0278
"2011-03-14:12 AM",48.2711
"2011-03-15:12 AM",42.7995
"2011-03-16:12 AM",49.8758
"2011-03-17:12 AM",59.896
"2011-03-18:12 AM",63.0817
"2011-03-19:12 AM",59.1485
"2011-03-20:12 AM",64.2666
"2011-03-21:12 AM",64.827
"2011-03-22:12 AM",66.3899
"2011-03-23:12 AM",65.4366
"2011-03-24:12 AM",51.8673
"2011-03-25:12 AM",47.3961
"2011-03-26:12 AM",48.9313
"2011-03-27:12 AM",40.8785
"2011-03-28:12 AM",43.4043
"2011-03-29:12 AM",47.334
"2011-03-30:12 AM",45.676
"2011-03-31:12 AM",45.0608
"2011-04-01:12 AM",51.6083
"2011-04-02:12 AM",58.4805
"2011-04-03:12 AM",68.2628
"2011-04-04:12 AM",60.4054
"2011-04-05:12 AM",49.3842
"2011-04-06:12 AM",57.2013
"2011-04-07:12 AM",61.0083
"2011-04-08:12 AM",69.9071
"2011-04-09:12 AM",74.5671
"2011-04-10:12 AM",75.2468
"2011-04-11:12 AM",66.7299
"2011-04-12:12 AM",59.5558
"2011-04-13:12 AM",61.1904
"2011-04-14:12 AM",63.9336
"2011-04-15:12 AM",61.5067
"2011-04-16:12 AM",51.1338
"2011-04-17:12 AM",56.8603
"2011-04-18:12 AM",64.0906
"2011-04-19:12 AM",76.008
"2011-04-20:12 AM",59.2921
"2011-04-21:12 AM",56.0091
"2011-04-22:12 AM",70.2473
"2011-04-23:12 AM",72.2129
"2011-04-24:12 AM",72.7664
"2011-04-25:12 AM",70.2505
"2011-04-26:12 AM",67.5626
"2011-04-27:12 AM",61.3411
"2011-04-28:12 AM",56.5335
"2011-04-29:12 AM",61.8368
"2011-04-30:12 AM",63.9108
"2011-05-01:12 AM",64.1673
"2011-05-02:12 AM",49.6866
"2011-05-03:12 AM",52.7686
"2011-05-04:12 AM",55.5168
"2011-05-05:12 AM",58.2872
"2011-05-06:12 AM",61.7083
"2011-05-07:12 AM",68.1138
"2011-05-08:12 AM",72.4764
"2011-05-09:12 AM",76.0048
"2011-05-10:12 AM",76.9501
"2011-05-11:12 AM",75.5406
"2011-05-12:12 AM",74.0408
"2011-05-13:12 AM",67.5468
"2011-05-14:12 AM",57.4594
"2011-05-15:12 AM",54.8512
"2011-05-16:12 AM",56.6481
"2011-05-17:12 AM",57.825
"2011-05-18:12 AM",60.9778
"2011-05-19:12 AM",67.4071
"2011-05-20:12 AM",73.3746
"2011-05-21:12 AM",72.8656
"2011-05-22:12 AM",74.7907
"2011-05-23:12 AM",75.5694
"2011-05-24:12 AM",76.8731
"2011-05-25:12 AM",77.2948
"2011-05-26:12 AM",66.1935
"2011-05-27:12 AM",65.3254
"2011-05-28:12 AM",76.2231
"2011-05-29:12 AM",79.1274
"2011-05-30:12 AM",80.0056
"2011-05-31:12 AM",81.0327
"2011-06-01:12 AM",81.0943
"2011-06-02:12 AM",82.5206
"2011-06-03:12 AM",84.4329
"2011-06-04:12 AM",83.8767
"2011-06-05:12 AM",84.2121
"2011-06-06:12 AM",83.4593
"2011-06-07:12 AM",82.8021
"2011-06-08:12 AM",81.7842
"2011-06-09:12 AM",81.1386
"2011-06-10:12 AM",81.7264
"2011-06-11:12 AM",82.4085
"2011-06-12:12 AM",81.9088
"2011-06-13:12 AM",83.0406
"2011-06-14:12 AM",83.7786
"2011-06-15:12 AM",85.6846
"2011-06-16:12 AM",83.1103
"2011-06-17:12 AM",84.7551
"2011-06-18:12 AM",87.2533
"2011-06-19:12 AM",87.8018
"2011-06-20:12 AM",86.0036
"2011-06-21:12 AM",81.9027
"2011-06-22:12 AM",79.84
"2011-06-23:12 AM",80.5221
"2011-06-24:12 AM",82.2862
"2011-06-25:12 AM",83.498
"2011-06-26:12 AM",86.3879
"2011-06-27:12 AM",86.3537
"2011-06-28:12 AM",84.2718
"2011-06-29:12 AM",82.0227
"2011-06-30:12 AM",84.5658
"2011-07-01:12 AM",84.641
"2011-07-02:12 AM",84.7996
"2011-07-03:12 AM",86.4511
"2011-07-04:12 AM",82.5661
"2011-07-05:12 AM",83.3383
"2011-07-06:12 AM",85.7248
"2011-07-07:12 AM",86.3852
"2011-07-08:12 AM",85.5736
"2011-07-09:12 AM",86.8474
"2011-07-10:12 AM",90.6121
"2011-07-11:12 AM",90.2932
"2011-07-12:12 AM",90.6746
"2011-07-13:12 AM",87.5527
"2011-07-14:12 AM",80.1745
"2011-07-15:12 AM",83.5374
"2011-07-16:12 AM",83.6312
"2011-07-17:12 AM",84.1084
"2011-07-18:12 AM",84.029
"2011-07-19:12 AM",84.6651
"2011-07-20:12 AM",86.2077
"2011-07-21:12 AM",87.1245
"2011-07-22:12 AM",85.5802
"2011-07-23:12 AM",84.0297
"2011-07-24:12 AM",81.6219
"2011-07-25:12 AM",82.1014
"2011-07-26:12 AM",84.8989
"2011-07-27:12 AM",85.6335
"2011-07-28:12 AM",83.9349
"2011-07-29:12 AM",81.4545
"2011-07-30:12 AM",84.915
"2011-07-31:12 AM",88.2723
"2011-08-01:12 AM",89.5136
"2011-08-02:12 AM",91.7029
"2011-08-03:12 AM",95.1912
"2011-08-04:12 AM",92.5264
"2011-08-05:12 AM",90.2496
"2011-08-06:12 AM",92.0485
"2011-08-07:12 AM",90.6971
"2011-08-08:12 AM",87.6538
"2011-08-09:12 AM",85.908
"2011-08-10:12 AM",82.0081
"2011-08-11:12 AM",82.7937
"2011-08-12:12 AM",83.3153
"2011-08-13:12 AM",83.4242
"2011-08-14:12 AM",80.0641
"2011-08-15:12 AM",77.4007
"2011-08-16:12 AM",80.1549
"2011-08-17:12 AM",83.851
"2011-08-18:12 AM",82.7715
"2011-08-19:12 AM",84.981
"2011-08-20:12 AM",87.5619
"2011-08-21:12 AM",82.5438
"2011-08-22:12 AM",84.0214
"2011-08-23:12 AM",82.2821
"2011-08-24:12 AM",83.0066
"2011-08-25:12 AM",81.3497
"2011-08-26:12 AM",80.829
"2011-08-27:12 AM",80.1259
"2011-08-28:12 AM",81.6339
"2011-08-29:12 AM",78.7104
"2011-08-30:12 AM",81.3387
"2011-08-31:12 AM",84.1336
"2011-09-01:12 AM",85.7131
"2011-09-02:12 AM",83.7327
"2011-09-03:12 AM",79.9752
"2011-09-04:12 AM",78.2715
"2011-09-05:12 AM",70.475
"2011-09-06:12 AM",64.0036
"2011-09-07:12 AM",63.5169
"2011-09-08:12 AM",65.4726
"2011-09-09:12 AM",65.7853
"2011-09-10:12 AM",70.1298
"2011-09-11:12 AM",72.6348
"2011-09-12:12 AM",73.5822
"2011-09-13:12 AM",79.2709
"2011-09-14:12 AM",76.6294
"2011-09-15:12 AM",62.0393
"2011-09-16:12 AM",59.3998
"2011-09-17:12 AM",65.5034
"2011-09-18:12 AM",68.3307
"2011-09-19:12 AM",70.9191
"2011-09-20:12 AM",67.5628
"2011-09-21:12 AM",69.7314
"2011-09-22:12 AM",67.014
"2011-09-23:12 AM",60.6592
"2011-09-24:12 AM",65.8422
"2011-09-25:12 AM",67.977
"2011-09-26:12 AM",60.3241
"2011-09-27:12 AM",65.5414
"2011-09-28:12 AM",67.73
"2011-09-29:12 AM",72.6087
"2011-09-30:12 AM",65.932
"2011-10-01:12 AM",58.9383
"2011-10-02:12 AM",55.2079
"2011-10-03:12 AM",55.774
"2011-10-04:12 AM",59.3476
"2011-10-05:12 AM",62.9094
"2011-10-06:12 AM",68.5375
"2011-10-07:12 AM",70.7421
"2011-10-08:12 AM",71.1727
"2011-10-09:12 AM",70.2783
"2011-10-10:12 AM",67.5167
"2011-10-11:12 AM",68.8791
"2011-10-12:12 AM",65.3311
"2011-10-13:12 AM",65.0826
"2011-10-14:12 AM",63.2912
"2011-10-15:12 AM",62.766
"2011-10-16:12 AM",68.7573
"2011-10-17:12 AM",68.8966
"2011-10-18:12 AM",56.4732
"2011-10-19:12 AM",47.7777
"2011-10-20:12 AM",45.7999
"2011-10-21:12 AM",49.1778
"2011-10-22:12 AM",57.8019
"2011-10-23:12 AM",60.0759
"2011-10-24:12 AM",58.8283
"2011-10-25:12 AM",63.9133
"2011-10-26:12 AM",67.7201
"2011-10-27:12 AM",54.3018
"2011-10-28:12 AM",48.0407
"2011-10-29:12 AM",47.8625
"2011-10-30:12 AM",49.6278
"2011-10-31:12 AM",52.5947
"2011-11-01:12 AM",56.2014
"2011-11-02:12 AM",59.347
"2011-11-03:12 AM",48.7288
"2011-11-04:12 AM",47.0397
"2011-11-05:12 AM",51.0354
"2011-11-06:12 AM",57.0751
"2011-11-07:12 AM",63.7081
"2011-11-08:12 AM",66.834
"2011-11-09:12 AM",51.2148
"2011-11-10:12 AM",44.9551
"2011-11-11:12 AM",48.5382
"2011-11-12:12 AM",54.3794
"2011-11-13:12 AM",66.6781
"2011-11-14:12 AM",68.8631
"2011-11-15:12 AM",64.1534
"2011-11-16:12 AM",54.1999
"2011-11-17:12 AM",40.7545
"2011-11-18:12 AM",41.8982
"2011-11-19:12 AM",53.8894
"2011-11-20:12 AM",64.5323
"2011-11-21:12 AM",59.875
"2011-11-22:12 AM",56.7869
"2011-11-23:12 AM",48.816
"2011-11-24:12 AM",48.4363
"2011-11-25:12 AM",50.8788
"2011-11-26:12 AM",59.6835
"2011-11-27:12 AM",42.165
"2011-11-28:12 AM",36.3346
"2011-11-29:12 AM",37.837
"2011-11-30:12 AM",36.8103
"2011-12-01:12 AM",40.1144
"2011-12-02:12 AM",44.6369
"2011-12-03:12 AM",50.9551
"2011-12-04:12 AM",51.4326
"2011-12-05:12 AM",38.9923
"2011-12-06:12 AM",33.9213
"2011-12-07:12 AM",31.3821
"2011-12-08:12 AM",33.4503
"2011-12-09:12 AM",35.9713
"2011-12-10:12 AM",34.3301
"2011-12-11:12 AM",33.9557
"2011-12-12:12 AM",37.2061
"2011-12-13:12 AM",45.4118
"2011-12-14:12 AM",54.5765
"2011-12-15:12 AM",56.4449
"2011-12-16:12 AM",40.9465
"2011-12-17:12 AM",37.7586
"2011-12-18:12 AM",42.5008
"2011-12-19:12 AM",47.2683
"2011-12-20:12 AM",52.7097
"2011-12-21:12 AM",44.0947
"2011-12-22:12 AM",43.6959
"2011-12-23:12 AM",40.1149
"2011-12-24:12 AM",37.5366
"2011-12-25:12 AM",41.5031
"2011-12-26:12 AM",41.4847
"2011-12-27:12 AM",41.3323
"2011-12-28:12 AM",39.1586
"2011-12-29:12 AM",44.1667
"2011-12-30:12 AM",50.4538
"2011-12-31:12 AM",49.0744
"2012-01-01:12 AM",48.169
"2012-01-02:12 AM",35.6005
"2012-01-03:12 AM",32.1172
"2012-01-04:12 AM",38.7124
"2012-01-05:12 AM",43.41
"2012-01-06:12 AM",50.1843
"2012-01-07:12 AM",52.0137
"2012-01-08:12 AM",47.1209
"2012-01-09:12 AM",44.5701
"2012-01-10:12 AM",46.2249
"2012-01-11:12 AM",45.6228
"2012-01-12:12 AM",32.9083
"2012-01-13:12 AM",30.6541
"2012-01-14:12 AM",37.9153
"2012-01-15:12 AM",39.5209
"2012-01-16:12 AM",55.1968
"2012-01-17:12 AM",52.7862
"2012-01-18:12 AM",33.5944
"2012-01-19:12 AM",40.4177
"2012-01-20:12 AM",47.9107
"2012-01-21:12 AM",40.4928
"2012-01-22:12 AM",47.0719
"2012-01-23:12 AM",47.1124
"2012-01-24:12 AM",44.1801
"2012-01-25:12 AM",46.9299
"2012-01-26:12 AM",46.2657
"2012-01-27:12 AM",43.2241
"2012-01-28:12 AM",41.221
"2012-01-29:12 AM",39.445
"2012-01-30:12 AM",45.1432
"2012-01-31:12 AM",54.8465
"2012-02-01:12 AM",59.7504
"2012-02-02:12 AM",53.5206
"2012-02-03:12 AM",54.345
"2012-02-04:12 AM",55.5503
"2012-02-05:12 AM",42.2586
"2012-02-06:12 AM",42.1207
"2012-02-07:12 AM",42.7541
"2012-02-08:12 AM",40.8373
"2012-02-09:12 AM",38.8873
"2012-02-10:12 AM",38.9367
"2012-02-11:12 AM",27.4001
"2012-02-12:12 AM",28.128
"2012-02-13:12 AM",30.9214
"2012-02-14:12 AM",35.7742
"2012-02-15:12 AM",42.4632
"2012-02-16:12 AM",47.9642
"2012-02-17:12 AM",48.1599
"2012-02-18:12 AM",46.5017
"2012-02-19:12 AM",43.8141
"2012-02-20:12 AM",43.7619
"2012-02-21:12 AM",48.2362
"2012-02-22:12 AM",54.9043
"2012-02-23:12 AM",59.1507
"2012-02-24:12 AM",46.1214
"2012-02-25:12 AM",42.1716
"2012-02-26:12 AM",46.0202
"2012-02-27:12 AM",52.0606
"2012-02-28:12 AM",56.0869
"2012-02-29:12 AM",63.4492
"2012-03-01:12 AM",56.269
"2012-03-02:12 AM",62.3073
"2012-03-03:12 AM",45.1764
"2012-03-04:12 AM",46.845
"2012-03-05:12 AM",49.8333
"2012-03-06:12 AM",54.9435
"2012-03-07:12 AM",59.9481
"2012-03-08:12 AM",58.5613
"2012-03-09:12 AM",44.6292
"2012-03-10:12 AM",47.8702
"2012-03-11:12 AM",54.7997
"2012-03-12:12 AM",61.5436
"2012-03-13:12 AM",63.5734
"2012-03-14:12 AM",68.7223
"2012-03-15:12 AM",67.9627
"2012-03-16:12 AM",67.7064
"2012-03-17:12 AM",68.0439
"2012-03-18:12 AM",69.1455
"2012-03-19:12 AM",68.2246
"2012-03-20:12 AM",65.4278
"2012-03-21:12 AM",59.1078
"2012-03-22:12 AM",57.0324
"2012-03-23:12 AM",55.933
"2012-03-24:12 AM",58.3124
"2012-03-25:12 AM",62.7427
"2012-03-26:12 AM",65.1463
"2012-03-27:12 AM",66.898
"2012-03-28:12 AM",68.1728
"2012-03-29:12 AM",66.639
"2012-03-30:12 AM",66.8269
"2012-03-31:12 AM",69.3259
"2012-04-01:12 AM",71.6536
"2012-04-02:12 AM",71.578
"2012-04-03:12 AM",68.79
"2012-04-04:12 AM",67.2193
"2012-04-05:12 AM",61.4577
"2012-04-06:12 AM",58.9617
"2012-04-07:12 AM",58.9483
"2012-04-08:12 AM",60.4501
"2012-04-09:12 AM",61.057
"2012-04-10:12 AM",63.5517
"2012-04-11:12 AM",57.4446
"2012-04-12:12 AM",54.8713
"2012-04-13:12 AM",62.0193
"2012-04-14:12 AM",69.8682
"2012-04-15:12 AM",68.8341
"2012-04-16:12 AM",60.0084
"2012-04-17:12 AM",59.1589
"2012-04-18:12 AM",57.9031
"2012-04-19:12 AM",61.4835
"2012-04-20:12 AM",57.652
"2012-04-21:12 AM",53.4315
"2012-04-22:12 AM",55.9818
"2012-04-23:12 AM",53.1808
"2012-04-24:12 AM",59.0076
"2012-04-25:12 AM",69.4407
"2012-04-26:12 AM",73.783
"2012-04-27:12 AM",71.0962
"2012-04-28:12 AM",72.7365
"2012-04-29:12 AM",72.378
"2012-04-30:12 AM",71.2463
"2012-05-01:12 AM",74.7028
"2012-05-02:12 AM",76.0244
"2012-05-03:12 AM",76.7521
"2012-05-04:12 AM",77.036
"2012-05-05:12 AM",78.1626
"2012-05-06:12 AM",77.9508
"2012-05-07:12 AM",76.3365
"2012-05-08:12 AM",68.5881
"2012-05-09:12 AM",66.7132
"2012-05-10:12 AM",65.2642
"2012-05-11:12 AM",65.3517
"2012-05-12:12 AM",65.8643
"2012-05-13:12 AM",67.2327
"2012-05-14:12 AM",68.7704
"2012-05-15:12 AM",70.5036
"2012-05-16:12 AM",72.2224
"2012-05-17:12 AM",73.2999
"2012-05-18:12 AM",74.1222
"2012-05-19:12 AM",75.7605
"2012-05-20:12 AM",76.8709
"2012-05-21:12 AM",72.9495
"2012-05-22:12 AM",68.607
"2012-05-23:12 AM",71.7055
"2012-05-24:12 AM",78.3487
"2012-05-25:12 AM",80.5501
"2012-05-26:12 AM",80.8097
"2012-05-27:12 AM",80.0137
"2012-05-28:12 AM",81.1544
"2012-05-29:12 AM",81.9617
"2012-05-30:12 AM",81.4455
"2012-05-31:12 AM",74.2059
"2012-06-01:12 AM",65.5237
"2012-06-02:12 AM",69.4519
"2012-06-03:12 AM",79.6617
"2012-06-04:12 AM",80.8657
"2012-06-05:12 AM",79.1044
"2012-06-06:12 AM",74.7912
"2012-06-07:12 AM",73.0719
"2012-06-08:12 AM",74.6377
"2012-06-09:12 AM",78.3862
"2012-06-10:12 AM",78.0507
"2012-06-11:12 AM",83.4534
"2012-06-12:12 AM",79.3989
"2012-06-13:12 AM",75.7152
"2012-06-14:12 AM",77.4507
"2012-06-15:12 AM",80.5948
"2012-06-16:12 AM",81.2194
"2012-06-17:12 AM",81.0657
"2012-06-18:12 AM",81.1188
"2012-06-19:12 AM",82.0818
"2012-06-20:12 AM",81.7131
"2012-06-21:12 AM",81.5014
"2012-06-22:12 AM",81.8083
"2012-06-23:12 AM",83.0746
"2012-06-24:12 AM",84.5218
"2012-06-25:12 AM",88.0952
"2012-06-26:12 AM",87.6342
"2012-06-27:12 AM",82.2052
"2012-06-28:12 AM",86.7996
"2012-06-29:12 AM",88.9428
"2012-06-30:12 AM",88.6338
"2012-07-01:12 AM",87.0399
"2012-07-02:12 AM",82.4061
"2012-07-03:12 AM",85.5914
"2012-07-04:12 AM",87.4513
"2012-07-05:12 AM",88.6408
"2012-07-06:12 AM",90.4379
"2012-07-07:12 AM",87.4215
"2012-07-08:12 AM",83.9287
"2012-07-09:12 AM",79.3843
"2012-07-10:12 AM",78.4641
"2012-07-11:12 AM",77.4363
"2012-07-12:12 AM",77.8507
"2012-07-13:12 AM",77.6194
"2012-07-14:12 AM",77.14
"2012-07-15:12 AM",76.8106
"2012-07-16:12 AM",81.7065
"2012-07-17:12 AM",84.3042
"2012-07-18:12 AM",86.6367
"2012-07-19:12 AM",87.6828
"2012-07-20:12 AM",89.883
"2012-07-21:12 AM",86.4889
"2012-07-22:12 AM",83.6659
"2012-07-23:12 AM",85.2262
"2012-07-24:12 AM",86.3488
"2012-07-25:12 AM",87.0798
"2012-07-26:12 AM",88.2914
"2012-07-27:12 AM",85.9352
"2012-07-28:12 AM",87.8893
"2012-07-29:12 AM",87.5286
"2012-07-30:12 AM",91.7037
"2012-07-31:12 AM",90.6669
"2012-08-01:12 AM",86.6548
"2012-08-02:12 AM",89.1847
"2012-08-03:12 AM",89.9613
"2012-08-04:12 AM",89.9017
"2012-08-05:12 AM",87.6533
"2012-08-06:12 AM",86.4928
"2012-08-07:12 AM",86.3692
"2012-08-08:12 AM",86.8433
"2012-08-09:12 AM",86.1865
"2012-08-10:12 AM",83.1549
"2012-08-11:12 AM",77.2443
"2012-08-12:12 AM",78.0031
"2012-08-13:12 AM",81.723
"2012-08-14:12 AM",75.9875
"2012-08-15:12 AM",77.8662
"2012-08-16:12 AM",81.612
"2012-08-17:12 AM",79.286
"2012-08-18:12 AM",73.7172
"2012-08-19:12 AM",73.1183
"2012-08-20:12 AM",74.9889
"2012-08-21:12 AM",75.1899
"2012-08-22:12 AM",77.0121
"2012-08-23:12 AM",77.3656
"2012-08-24:12 AM",77.4401
"2012-08-25:12 AM",75.3361
"2012-08-26:12 AM",77.3505
"2012-08-27:12 AM",78.9413
"2012-08-28:12 AM",80.3374
"2012-08-29:12 AM",80.9728
"2012-08-30:12 AM",78.3293
"2012-08-31:12 AM",75.5065
"2012-09-01:12 AM",81.059
"2012-09-02:12 AM",82.477
"2012-09-03:12 AM",84.0807
"2012-09-04:12 AM",85.2692
"2012-09-05:12 AM",85.818
"2012-09-06:12 AM",84.6891
"2012-09-07:12 AM",84.54
"2012-09-08:12 AM",70.3148
"2012-09-09:12 AM",66.7261
"2012-09-10:12 AM",67.6877
"2012-09-11:12 AM",69.3937
"2012-09-12:12 AM",71.8938
"2012-09-13:12 AM",73.0247
"2012-09-14:12 AM",71.0766
"2012-09-15:12 AM",66.097
"2012-09-16:12 AM",68.2551
"2012-09-17:12 AM",67.4782
"2012-09-18:12 AM",64.3964
"2012-09-19:12 AM",59.8318
"2012-09-20:12 AM",65.3734
"2012-09-21:12 AM",70.3553
"2012-09-22:12 AM",69.5858
"2012-09-23:12 AM",63.927
"2012-09-24:12 AM",64.2126
"2012-09-25:12 AM",75.9029
"2012-09-26:12 AM",76.6161
"2012-09-27:12 AM",73.8415
"2012-09-28:12 AM",71.4695
"2012-09-29:12 AM",68.1787
"2012-09-30:12 AM",61.605
"2012-10-01:12 AM",61.72
"2012-10-02:12 AM",61.453
"2012-10-03:12 AM",64.3276
"2012-10-04:12 AM",66.4291
"2012-10-05:12 AM",65.874
"2012-10-06:12 AM",46.3928
"2012-10-07:12 AM",45.7579
"2012-10-08:12 AM",48.216
"2012-10-09:12 AM",52.3879
"2012-10-10:12 AM",58.5423
"2012-10-11:12 AM",58.8313
"2012-10-12:12 AM",65.2743
"2012-10-13:12 AM",69.557
"2012-10-14:12 AM",69.4047
"2012-10-15:12 AM",62.5716
"2012-10-16:12 AM",63.34
"2012-10-17:12 AM",64.7188
"2012-10-18:12 AM",57.1201
"2012-10-19:12 AM",54.8566
"2012-10-20:12 AM",56.0871
"2012-10-21:12 AM",66.3636
"2012-10-22:12 AM",69.9813
"2012-10-23:12 AM",69.3633
"2012-10-24:12 AM",70.2592
"2012-10-25:12 AM",69.267
"2012-10-26:12 AM",48.3505
"2012-10-27:12 AM",43.5767
"2012-10-28:12 AM",43.0943
"2012-10-29:12 AM",43.3414
"2012-10-30:12 AM",48.132
"2012-10-31:12 AM",52.3153
"2012-11-01:12 AM",54.1467
"2012-11-02:12 AM",61.2977
"2012-11-03:12 AM",63.6035
"2012-11-04:12 AM",52.7
"2012-11-05:12 AM",49.8929
"2012-11-06:12 AM",47.9271
"2012-11-07:12 AM",48.0835
"2012-11-08:12 AM",48.1334
"2012-11-09:12 AM",56.7738
"2012-11-10:12 AM",62.0213
"2012-11-11:12 AM",64.3176
"2012-11-12:12 AM",43.1875
"2012-11-13:12 AM",40.1718
"2012-11-14:12 AM",41.1699
"2012-11-15:12 AM",40.5199
"2012-11-16:12 AM",43.1958
"2012-11-17:12 AM",44.5888
"2012-11-18:12 AM",46.0483
"2012-11-19:12 AM",48.8867
"2012-11-20:12 AM",56.3416
"2012-11-21:12 AM",54.2901
"2012-11-22:12 AM",55.7814
"2012-11-23:12 AM",52.4772
"2012-11-24:12 AM",38.0604
"2012-11-25:12 AM",43.8046
"2012-11-26:12 AM",49.9332
"2012-11-27:12 AM",40.2318
"2012-11-28:12 AM",38.835
"2012-11-29:12 AM",43.6536
"2012-11-30:12 AM",49.8146
"2012-12-01:12 AM",60.238
"2012-12-02:12 AM",64.0697
"2012-12-03:12 AM",64.1223
"2012-12-04:12 AM",62.7186
"2012-12-05:12 AM",51.2431
"2012-12-06:12 AM",52.7653
"2012-12-07:12 AM",56.9745
"2012-12-08:12 AM",59.0679
"2012-12-09:12 AM",61.1926
"2012-12-10:12 AM",37.8478
"2012-12-11:12 AM",31.5138
"2012-12-12:12 AM",34.4062
"2012-12-13:12 AM",37.1511
"2012-12-14:12 AM",43.1389
"2012-12-15:12 AM",56.334
"2012-12-16:12 AM",56.1558
"2012-12-17:12 AM",49.4674
"2012-12-18:12 AM",46.4976
"2012-12-19:12 AM",54.2919
"2012-12-20:12 AM",46.9915
"2012-12-21:12 AM",36.3072
"2012-12-22:12 AM",41.538
"2012-12-23:12 AM",50.3676
"2012-12-24:12 AM",48.2358
"2012-12-25:12 AM",35.4547
"2012-12-26:12 AM",27.277
"2012-12-27:12 AM",27.8249
"2012-12-28:12 AM",34.0311
"2012-12-29:12 AM",27.4131
"2012-12-30:12 AM",27.345
"2012-12-31:12 AM",35.9706
"2013-01-01:12 AM",36.8242
"2013-01-02:12 AM",31.3882
"2013-01-03:12 AM",31.8295
"2013-01-04:12 AM",33.5043
"2013-01-05:12 AM",36.9091
"2013-01-06:12 AM",36.8764
"2013-01-07:12 AM",33.6994
"2013-01-08:12 AM",41.0491
"2013-01-09:12 AM",50.1798
"2013-01-10:12 AM",56.2865
"2013-01-11:12 AM",52.52
"2013-01-12:12 AM",60.0471
"2013-01-13:12 AM",37.2864
"2013-01-14:12 AM",27.5126
"2013-01-15:12 AM",28.44
"2013-01-16:12 AM",29.5745
"2013-01-17:12 AM",35.0107
"2013-01-18:12 AM",35.7001
"2013-01-19:12 AM",41.959
"2013-01-20:12 AM",44.2443
"2013-01-21:12 AM",38.1972
"2013-01-22:12 AM",32.8534
"2013-01-23:12 AM",40.6234
"2013-01-24:12 AM",40.2678
"2013-01-25:12 AM",39.9963
"2013-01-26:12 AM",41.2984
"2013-01-27:12 AM",49.0327
"2013-01-28:12 AM",62.145
"2013-01-29:12 AM",63.9734
"2013-01-30:12 AM",46.0033
"2013-01-31:12 AM",38.478
"2013-02-01:12 AM",30.5852
"2013-02-02:12 AM",38.6841
"2013-02-03:12 AM",42.3266
"2013-02-04:12 AM",45.7948
"2013-02-05:12 AM",48.1867
"2013-02-06:12 AM",48.9177
"2013-02-07:12 AM",54.295
"2013-02-08:12 AM",46.0108
"2013-02-09:12 AM",38.5335
"2013-02-10:12 AM",53.6686
"2013-02-11:12 AM",45.909
"2013-02-12:12 AM",41.7763
"2013-02-13:12 AM",40.3711
"2013-02-14:12 AM",43.4379
"2013-02-15:12 AM",42.6083
"2013-02-16:12 AM",33.5043
"2013-02-17:12 AM",40.4577
"2013-02-18:12 AM",50.4433
"2013-02-19:12 AM",39.6716
"2013-02-20:12 AM",33.4081
"2013-02-21:12 AM",34.7367
"2013-02-22:12 AM",36.3907
"2013-02-23:12 AM",35.4227
"2013-02-24:12 AM",40.0707
"2013-02-25:12 AM",44.8473
"2013-02-26:12 AM",40.6607
"2013-02-27:12 AM",38.7171
"2013-02-28:12 AM",37.4414
"2013-03-01:12 AM",35.0609
"2013-03-02:12 AM",32.2327
"2013-03-03:12 AM",35.4448
"2013-03-04:12 AM",46.5804
"2013-03-05:12 AM",47.1299
"2013-03-06:12 AM",36.7588
"2013-03-07:12 AM",41.9245
"2013-03-08:12 AM",46.3807
"2013-03-09:12 AM",55.8666
"2013-03-10:12 AM",54.8553
"2013-03-11:12 AM",39.918
"2013-03-12:12 AM",43.0848
"2013-03-13:12 AM",42.5916
"2013-03-14:12 AM",47.7626
"2013-03-15:12 AM",58.7374
"2013-03-16:12 AM",61.8449
"2013-03-17:12 AM",54.0667
"2013-03-18:12 AM",52.776
"2013-03-19:12 AM",47.0826
"2013-03-20:12 AM",45.2655
"2013-03-21:12 AM",38.2397
"2013-03-22:12 AM",38.4375
"2013-03-23:12 AM",43.2716
"2013-03-24:12 AM",40.7737
"2013-03-25:12 AM",34.3396
"2013-03-26:12 AM",34.6996
"2013-03-27:12 AM",40.5025
"2013-03-28:12 AM",48.8487
"2013-03-29:12 AM",57.1804
"2013-03-30:12 AM",57.3454
"2013-03-31:12 AM",58.3891
"2013-04-01:12 AM",55.3183
"2013-04-02:12 AM",47.5587
"2013-04-03:12 AM",41.5431
"2013-04-04:12 AM",43.4302
"2013-04-05:12 AM",50.3955
"2013-04-06:12 AM",57.1255
"2013-04-07:12 AM",60.393
"2013-04-08:12 AM",63.1519
"2013-04-09:12 AM",68.4954
"2013-04-10:12 AM",65.7815
"2013-04-11:12 AM",46.7438
"2013-04-12:12 AM",49.019
"2013-04-13:12 AM",53.9454
"2013-04-14:12 AM",61.9626
"2013-04-15:12 AM",65.1691
"2013-04-16:12 AM",70.7635
"2013-04-17:12 AM",73.8138
"2013-04-18:12 AM",62.2267
"2013-04-19:12 AM",44.4139
"2013-04-20:12 AM",50.0425
"2013-04-21:12 AM",55.1574
"2013-04-22:12 AM",57.2706
"2013-04-23:12 AM",59.6406
"2013-04-24:12 AM",48.904
"2013-04-25:12 AM",50.742
"2013-04-26:12 AM",53.6421
"2013-04-27:12 AM",59.0562
"2013-04-28:12 AM",59.9455
"2013-04-29:12 AM",64.9348
"2013-04-30:12 AM",67.8549
"2013-05-01:12 AM",66.7191
"2013-05-02:12 AM",59.859
"2013-05-03:12 AM",43.3299
"2013-05-04:12 AM",43.509
"2013-05-05:12 AM",48.0151
"2013-05-06:12 AM",57.7522
"2013-05-07:12 AM",63.4032
"2013-05-08:12 AM",66.9925
"2013-05-09:12 AM",68.225
"2013-05-10:12 AM",67.9098
"2013-05-11:12 AM",64.6866
"2013-05-12:12 AM",58.3687
"2013-05-13:12 AM",61.3141
"2013-05-14:12 AM",69.1621
"2013-05-15:12 AM",68.4777
"2013-05-16:12 AM",65.9772
"2013-05-17:12 AM",71.7343
"2013-05-18:12 AM",75.4995
"2013-05-19:12 AM",77.018
"2013-05-20:12 AM",76.0044
"2013-05-21:12 AM",73.1071
"2013-05-22:12 AM",69.5196
"2013-05-23:12 AM",70.8748
"2013-05-24:12 AM",66.5011
"2013-05-25:12 AM",67.5874
"2013-05-26:12 AM",70.7968
"2013-05-27:12 AM",74.8243
"2013-05-28:12 AM",76.3527
"2013-05-29:12 AM",76.0105
"2013-05-30:12 AM",75.4063
"2013-05-31:12 AM",77.3508
"2013-06-01:12 AM",75.4655
"2013-06-02:12 AM",68.1822
"2013-06-03:12 AM",68.3139
"2013-06-04:12 AM",71.2485
"2013-06-05:12 AM",75.6399
"2013-06-06:12 AM",71.976
"2013-06-07:12 AM",70.1649
"2013-06-08:12 AM",70.2937
"2013-06-09:12 AM",73.6129
"2013-06-10:12 AM",76.543
"2013-06-11:12 AM",80.5602
"2013-06-12:12 AM",82.438
"2013-06-13:12 AM",82.7227
"2013-06-14:12 AM",79.8148
"2013-06-15:12 AM",77.4646
"2013-06-16:12 AM",79.471
"2013-06-17:12 AM",76.8664
"2013-06-18:12 AM",75.5454
"2013-06-19:12 AM",76.4076
"2013-06-20:12 AM",78.665
"2013-06-21:12 AM",80.4582
"2013-06-22:12 AM",80.4985
"2013-06-23:12 AM",80.5915
"2013-06-24:12 AM",82.1658
"2013-06-25:12 AM",83.1427
"2013-06-26:12 AM",84.196
"2013-06-27:12 AM",86.8132
"2013-06-28:12 AM",86.1561
"2013-06-29:12 AM",79.5819
"2013-06-30:12 AM",73.6909
"2013-07-01:12 AM",71.8335
"2013-07-02:12 AM",72.4723
"2013-07-03:12 AM",73.0337
"2013-07-04:12 AM",73.9047
"2013-07-05:12 AM",76.1079
"2013-07-06:12 AM",77.3208
"2013-07-07:12 AM",80.1158
"2013-07-08:12 AM",82.2807
"2013-07-09:12 AM",84.5386
"2013-07-10:12 AM",86.0855
"2013-07-11:12 AM",83.6134
"2013-07-12:12 AM",79.4741
"2013-07-13:12 AM",75.105
"2013-07-14:12 AM",76.0901
"2013-07-15:12 AM",77.4891
"2013-07-16:12 AM",79.6739
"2013-07-17:12 AM",82.3138
"2013-07-18:12 AM",82.8673
"2013-07-19:12 AM",79.6275
"2013-07-20:12 AM",81.9801
"2013-07-21:12 AM",79.3224
"2013-07-22:12 AM",82.4679
"2013-07-23:12 AM",85.1247
"2013-07-24:12 AM",81.4343
"2013-07-25:12 AM",77.7096
"2013-07-26:12 AM",71.8902
"2013-07-27:12 AM",75.0463
"2013-07-28:12 AM",74.4067
"2013-07-29:12 AM",78.1245
"2013-07-30:12 AM",79.1164
"2013-07-31:12 AM",81.0183
"2013-08-01:12 AM",80.8767
"2013-08-02:12 AM",80.7125
"2013-08-03:12 AM",81.4793
"2013-08-04:12 AM",80.0368
"2013-08-05:12 AM",80.5311
"2013-08-06:12 AM",84.9225
"2013-08-07:12 AM",86.1555
"2013-08-08:12 AM",84.3505
"2013-08-09:12 AM",84.214
"2013-08-10:12 AM",80.793
"2013-08-11:12 AM",79.6527
"2013-08-12:12 AM",81.2406
"2013-08-13:12 AM",76.3513
"2013-08-14:12 AM",72.8744
"2013-08-15:12 AM",67.8803
"2013-08-16:12 AM",68.1795
"2013-08-17:12 AM",70.2491
"2013-08-18:12 AM",72.8517
"2013-08-19:12 AM",73.9114
"2013-08-20:12 AM",77.0859
"2013-08-21:12 AM",79.3598
"2013-08-22:12 AM",80.6596
"2013-08-23:12 AM",80.3444
"2013-08-24:12 AM",80.2602
"2013-08-25:12 AM",80.3835
"2013-08-26:12 AM",80.4517
"2013-08-27:12 AM",79.326
"2013-08-28:12 AM",81.3643
"2013-08-29:12 AM",83.5041
"2013-08-30:12 AM",84.5256
"2013-08-31:12 AM",85.2897
"2013-09-01:12 AM",86.2534
"2013-09-02:12 AM",80.2875
"2013-09-03:12 AM",77.4714
"2013-09-04:12 AM",76.1439
"2013-09-05:12 AM",74.9235
"2013-09-06:12 AM",76.2872
"2013-09-07:12 AM",78.8151
"2013-09-08:12 AM",82.8435
"2013-09-09:12 AM",83.3697
"2013-09-10:12 AM",81.856
"2013-09-11:12 AM",80.1378
"2013-09-12:12 AM",80.7589
"2013-09-13:12 AM",75.6369
"2013-09-14:12 AM",67.159
"2013-09-15:12 AM",68.302
"2013-09-16:12 AM",75.4147
"2013-09-17:12 AM",76.8835
"2013-09-18:12 AM",75.6581
"2013-09-19:12 AM",78.7739
"2013-09-20:12 AM",72.1762
"2013-09-21:12 AM",64.1716
"2013-09-22:12 AM",60.6373
"2013-09-23:12 AM",63.2923
"2013-09-24:12 AM",69.7777
"2013-09-25:12 AM",68.3128
"2013-09-26:12 AM",69.7473
"2013-09-27:12 AM",72.3573
"2013-09-28:12 AM",74.5385
"2013-09-29:12 AM",69.217
"2013-09-30:12 AM",71.082
"2013-10-01:12 AM",73.175
"2013-10-02:12 AM",72.6193
"2013-10-03:12 AM",73.5597
"2013-10-04:12 AM",75.9544
"2013-10-05:12 AM",71.182
"2013-10-06:12 AM",58.5097
"2013-10-07:12 AM",56.2876
"2013-10-08:12 AM",56.8218
"2013-10-09:12 AM",59.0194
"2013-10-10:12 AM",63.2403
"2013-10-11:12 AM",67.2233
"2013-10-12:12 AM",68.8912
"2013-10-13:12 AM",66.3766
"2013-10-14:12 AM",65.2361
"2013-10-15:12 AM",66.7324
"2013-10-16:12 AM",56.3212
"2013-10-17:12 AM",54.5286
"2013-10-18:12 AM",54.6323
"2013-10-19:12 AM",51.2416
"2013-10-20:12 AM",49.6148
"2013-10-21:12 AM",53.8306
"2013-10-22:12 AM",53.173
"2013-10-23:12 AM",51.739
"2013-10-24:12 AM",51.7527
"2013-10-25:12 AM",44.9611
"2013-10-26:12 AM",50.5279
"2013-10-27:12 AM",55.4155
"2013-10-28:12 AM",57.042
"2013-10-29:12 AM",63.0388
"2013-10-30:12 AM",65.3907
"2013-10-31:12 AM",65.6118
"2013-11-01:12 AM",56.9671
"2013-11-02:12 AM",51.8601
"2013-11-03:12 AM",47.2885
"2013-11-04:12 AM",51.8403
"2013-11-05:12 AM",57.3462
"2013-11-06:12 AM",57.4327
"2013-11-07:12 AM",44.3457
"2013-11-08:12 AM",48.3229
"2013-11-09:12 AM",52.3708
"2013-11-10:12 AM",54.3699
"2013-11-11:12 AM",52.5978
"2013-11-12:12 AM",43.1649
"2013-11-13:12 AM",32.9113
"2013-11-14:12 AM",38.6415
"2013-11-15:12 AM",47.9397
"2013-11-16:12 AM",60.1216
"2013-11-17:12 AM",67.5473
"2013-11-18:12 AM",53.8099
"2013-11-19:12 AM",47.8087
"2013-11-20:12 AM",46.3827
"2013-11-21:12 AM",54.5295
"2013-11-22:12 AM",49.5383
"2013-11-23:12 AM",38.4631
"2013-11-24:12 AM",29.3749
"2013-11-25:12 AM",31.7293
"2013-11-26:12 AM",35.0497
"2013-11-27:12 AM",28.0173
"2013-11-28:12 AM",32.5724
"2013-11-29:12 AM",36.1036
"2013-11-30:12 AM",41.0949
"2013-12-01:12 AM",50.4736
"2013-12-02:12 AM",54.8919
"2013-12-03:12 AM",53.8794
"2013-12-04:12 AM",59.1589
"2013-12-05:12 AM",41.506
"2013-12-06:12 AM",27.7777
"2013-12-07:12 AM",19.8259
"2013-12-08:12 AM",28.0348
"2013-12-09:12 AM",28.9798
"2013-12-10:12 AM",24.4789
"2013-12-11:12 AM",29.7426
"2013-12-12:12 AM",27.756
"2013-12-13:12 AM",34.2396
"2013-12-14:12 AM",37.2031
"2013-12-15:12 AM",33.5313
"2013-12-16:12 AM",41.7155
"2013-12-17:12 AM",45.4858
"2013-12-18:12 AM",45.6948
"2013-12-19:12 AM",52.3904
"2013-12-20:12 AM",61.5672
"2013-12-21:12 AM",54.6885
"2013-12-22:12 AM",41.7733
"2013-12-23:12 AM",31.0638
"2013-12-24:12 AM",29.4067
"2013-12-25:12 AM",32.8284
"2013-12-26:12 AM",34.2439
"2013-12-27:12 AM",37.6513
"2013-12-28:12 AM",40.3021
"2013-12-29:12 AM",39.5866
"2013-12-30:12 AM",30.8824
"2013-12-31:12 AM",33.3628
"2014-01-01:12 AM",37.1246
"2014-01-02:12 AM",31.9865
"2014-01-03:12 AM",26.904
"2014-01-04:12 AM",34.6053
"2014-01-05:12 AM",34.7446
"2014-01-06:12 AM",13.0242
"2014-01-07:12 AM",19.3579
"2014-01-08:12 AM",28.7577
"2014-01-09:12 AM",32.8075
"2014-01-10:12 AM",45.4372
"2014-01-11:12 AM",46.0294
"2014-01-12:12 AM",44.771
"2014-01-13:12 AM",50.6019
"2014-01-14:12 AM",43.5781
"2014-01-15:12 AM",34.0963
"2014-01-16:12 AM",39.1998
"2014-01-17:12 AM",33.4058
"2014-01-18:12 AM",38.1016
"2014-01-19:12 AM",38.6303
"2014-01-20:12 AM",44.816
"2014-01-21:12 AM",32.9196
"2014-01-22:12 AM",30.2648
"2014-01-23:12 AM",25.9036
"2014-01-24:12 AM",22.1191
"2014-01-25:12 AM",35.9989
"2014-01-26:12 AM",42.5752
"2014-01-27:12 AM",32.4441
"2014-01-28:12 AM",22.2998
"2014-01-29:12 AM",23.821
"2014-01-30:12 AM",30.803
"2014-01-31:12 AM",39.9627
"2014-02-01:12 AM",51.6848
"2014-02-02:12 AM",35.7672
"2014-02-03:12 AM",26.7292
"2014-02-04:12 AM",29.6602
"2014-02-05:12 AM",27.1492
"2014-02-06:12 AM",19.0477
"2014-02-07:12 AM",21.3373
"2014-02-08:12 AM",28.3921
"2014-02-09:12 AM",32.707
"2014-02-10:12 AM",27.8271
"2014-02-11:12 AM",23.607
"2014-02-12:12 AM",26.0928
"2014-02-13:12 AM",33.4384
"2014-02-14:12 AM",39.5775
"2014-02-15:12 AM",35.3142
"2014-02-16:12 AM",43.9396
"2014-02-17:12 AM",51.2136
"2014-02-18:12 AM",50.0913
"2014-02-19:12 AM",57.1131
"2014-02-20:12 AM",59.3794
"2014-02-21:12 AM",45.0073
"2014-02-22:12 AM",48.8817
"2014-02-23:12 AM",47.5561
"2014-02-24:12 AM",38.8141
"2014-02-25:12 AM",42.7257
"2014-02-26:12 AM",30.1433
"2014-02-27:12 AM",32.4873
"2014-02-28:12 AM",37.6212
"2014-03-01:12 AM",47.2269
"2014-03-02:12 AM",42.714
"2014-03-03:12 AM",19.4256
"2014-03-04:12 AM",21.5006
"2014-03-05:12 AM",29.6593
"2014-03-06:12 AM",34.9088
"2014-03-07:12 AM",40.0147
"2014-03-08:12 AM",47.1445
"2014-03-09:12 AM",45.9777
"2014-03-10:12 AM",51.2119
"2014-03-11:12 AM",58.1356
"2014-03-12:12 AM",49.2807
"2014-03-13:12 AM",46.8768
"2014-03-14:12 AM",51.2712
"2014-03-15:12 AM",56.5306
"2014-03-16:12 AM",48.3912
"2014-03-17:12 AM",38.2404
"2014-03-18:12 AM",45.394
"2014-03-19:12 AM",50.3134
"2014-03-20:12 AM",48.5398
"2014-03-21:12 AM",54.9469
"2014-03-22:12 AM",56.6033
"2014-03-23:12 AM",44.3844
"2014-03-24:12 AM",42.1862
"2014-03-25:12 AM",41.2536
"2014-03-26:12 AM",41.9221
"2014-03-27:12 AM",52.5961
"2014-03-28:12 AM",61.0648
"2014-03-29:12 AM",52.1758
"2014-03-30:12 AM",49.6778
"2014-03-31:12 AM",55.742
"2014-04-01:12 AM",59.3568
"2014-04-02:12 AM",65.9502
"2014-04-03:12 AM",69.0568
"2014-04-04:12 AM",55.1316
"2014-04-05:12 AM",46.1939
"2014-04-06:12 AM",47.3733
"2014-04-07:12 AM",51.287
"2014-04-08:12 AM",51.9946
"2014-04-09:12 AM",51.7609
"2014-04-10:12 AM",61.2012
"2014-04-11:12 AM",62.9737
"2014-04-12:12 AM",65.7394
"2014-04-13:12 AM",65.05
"2014-04-14:12 AM",52.4971
"2014-04-15:12 AM",42.1831
"2014-04-16:12 AM",45.5119
"2014-04-17:12 AM",51.6101
"2014-04-18:12 AM",58.7016
"2014-04-19:12 AM",61.7529
"2014-04-20:12 AM",64.6146
"2014-04-21:12 AM",66.0736
"2014-04-22:12 AM",65.2883
"2014-04-23:12 AM",62.3462
"2014-04-24:12 AM",64.0821
"2014-04-25:12 AM",61.3441
"2014-04-26:12 AM",65.2717
"2014-04-27:12 AM",70.5405
"2014-04-28:12 AM",68.947
"2014-04-29:12 AM",57.8201
"2014-04-30:12 AM",50.0544
"2014-05-01:12 AM",52.8012
"2014-05-02:12 AM",55.8464
"2014-05-03:12 AM",61.7556
"2014-05-04:12 AM",69.697
"2014-05-05:12 AM",70.1179
"2014-05-06:12 AM",69.8502
"2014-05-07:12 AM",71.6799
"2014-05-08:12 AM",71.398
"2014-05-09:12 AM",69.4166
"2014-05-10:12 AM",72.2055
"2014-05-11:12 AM",73.3294
"2014-05-12:12 AM",74.2618
"2014-05-13:12 AM",62.8644
"2014-05-14:12 AM",51.5773
"2014-05-15:12 AM",54.1033
"2014-05-16:12 AM",56.5716
"2014-05-17:12 AM",56.7815
"2014-05-18:12 AM",59.8775
"2014-05-19:12 AM",67.5703
"2014-05-20:12 AM",72.4159
"2014-05-21:12 AM",73.9814
"2014-05-22:12 AM",74.307
"2014-05-23:12 AM",73.2175
"2014-05-24:12 AM",74.1373
"2014-05-25:12 AM",72.8582
"2014-05-26:12 AM",74.647
"2014-05-27:12 AM",71.3788
"2014-05-28:12 AM",69.6483
"2014-05-29:12 AM",69.6549
"2014-05-30:12 AM",71.1662
"2014-05-31:12 AM",72.9023
"2014-06-01:12 AM",73.4484
"2014-06-02:12 AM",75.8271
"2014-06-03:12 AM",78.292
"2014-06-04:12 AM",79.4273
"2014-06-05:12 AM",78.651
"2014-06-06:12 AM",78.2688
"2014-06-07:12 AM",77.2952
"2014-06-08:12 AM",71.6509
"2014-06-09:12 AM",69.3781
"2014-06-10:12 AM",70.0986
"2014-06-11:12 AM",70.6932
"2014-06-12:12 AM",71.658
"2014-06-13:12 AM",71.8241
"2014-06-14:12 AM",72.1697
"2014-06-15:12 AM",76.716
"2014-06-16:12 AM",78.827
"2014-06-17:12 AM",80.1363
"2014-06-18:12 AM",80.7847
"2014-06-19:12 AM",79.7808
"2014-06-20:12 AM",80.0879
"2014-06-21:12 AM",79.954
"2014-06-22:12 AM",80.4034
"2014-06-23:12 AM",75.6738
"2014-06-24:12 AM",77.056
"2014-06-25:12 AM",76.2348
"2014-06-26:12 AM",74.257
"2014-06-27:12 AM",74.8443
"2014-06-28:12 AM",76.2863
"2014-06-29:12 AM",79.0975
"2014-06-30:12 AM",81.6532
"2014-07-01:12 AM",81.5763
"2014-07-02:12 AM",79.2383
"2014-07-03:12 AM",72.7479
"2014-07-04:12 AM",71.5334
"2014-07-05:12 AM",73.018
"2014-07-06:12 AM",76.2325
"2014-07-07:12 AM",80.56
"2014-07-08:12 AM",82.6794
"2014-07-09:12 AM",79.9653
"2014-07-10:12 AM",77.4664
"2014-07-11:12 AM",78.8106
"2014-07-12:12 AM",82.2542
"2014-07-13:12 AM",82.8777
"2014-07-14:12 AM",81.4113
"2014-07-15:12 AM",73.7744
"2014-07-16:12 AM",69.5203
"2014-07-17:12 AM",66.5341
"2014-07-18:12 AM",65.0496
"2014-07-19:12 AM",69.7192
"2014-07-20:12 AM",72.4496
"2014-07-21:12 AM",74.2429
"2014-07-22:12 AM",77.6934
"2014-07-23:12 AM",80.9071
"2014-07-24:12 AM",76.9111
"2014-07-25:12 AM",76.6729
"2014-07-26:12 AM",81.5052
"2014-07-27:12 AM",85.1178
"2014-07-28:12 AM",79.4617
"2014-07-29:12 AM",75.0715
"2014-07-30:12 AM",69.5179
"2014-07-31:12 AM",68.2291
"2014-08-01:12 AM",69.2874
"2014-08-02:12 AM",73.5195
"2014-08-03:12 AM",76.084
"2014-08-04:12 AM",76.3887
"2014-08-05:12 AM",78.9163
"2014-08-06:12 AM",81.0657
"2014-08-07:12 AM",81.0916
"2014-08-08:12 AM",82.0895
"2014-08-09:12 AM",80.6832
"2014-08-10:12 AM",81.0594
"2014-08-11:12 AM",80.9424
"2014-08-12:12 AM",76.0057
"2014-08-13:12 AM",73.1991
"2014-08-14:12 AM",73.9895
"2014-08-15:12 AM",75.3507
"2014-08-16:12 AM",78.3831
"2014-08-17:12 AM",82.535
"2014-08-18:12 AM",81.6078
"2014-08-19:12 AM",82.3186
"2014-08-20:12 AM",82.8808
"2014-08-21:12 AM",83.4417
"2014-08-22:12 AM",84.2194
"2014-08-23:12 AM",84.8633
"2014-08-24:12 AM",84.8858
"2014-08-25:12 AM",84.4304
"2014-08-26:12 AM",82.7209
"2014-08-27:12 AM",81.0086
"2014-08-28:12 AM",79.4957
"2014-08-29:12 AM",77.7798
"2014-08-30:12 AM",75.9171
"2014-08-31:12 AM",76.9528
"2014-09-01:12 AM",81.3123
"2014-09-02:12 AM",81.464
"2014-09-03:12 AM",79.5697
"2014-09-04:12 AM",81.9052
"2014-09-05:12 AM",82.4029
"2014-09-06:12 AM",76.8475
"2014-09-07:12 AM",71.9719
"2014-09-08:12 AM",75.3422
"2014-09-09:12 AM",78.0525
"2014-09-10:12 AM",82.9715
"2014-09-11:12 AM",73.6047
"2014-09-12:12 AM",64.4927
"2014-09-13:12 AM",60.5376
"2014-09-14:12 AM",62.6268
"2014-09-15:12 AM",67.7413
"2014-09-16:12 AM",71.0533
"2014-09-17:12 AM",72.523
"2014-09-18:12 AM",73.0755
"2014-09-19:12 AM",71.7251
"2014-09-20:12 AM",74.6688
"2014-09-21:12 AM",76.2813
"2014-09-22:12 AM",65.8902
"2014-09-23:12 AM",62.0074
"2014-09-24:12 AM",64.3523
"2014-09-25:12 AM",66.2214
"2014-09-26:12 AM",68.4325
"2014-09-27:12 AM",68.6925
"2014-09-28:12 AM",69.7795
"2014-09-29:12 AM",70.4068
"2014-09-30:12 AM",70.9792
"2014-10-01:12 AM",73.6153
"2014-10-02:12 AM",75.85
"2014-10-03:12 AM",65.7014
"2014-10-04:12 AM",53.4263
"2014-10-05:12 AM",61.6176
"2014-10-06:12 AM",68.0346
"2014-10-07:12 AM",72.3688
"2014-10-08:12 AM",73.3942
"2014-10-09:12 AM",73.8082
"2014-10-10:12 AM",73.6446
"2014-10-11:12 AM",60.1232
"2014-10-12:12 AM",61.203
"2014-10-13:12 AM",66.821
"2014-10-14:12 AM",57.9425
"2014-10-15:12 AM",57.0952
"2014-10-16:12 AM",57.9393
"2014-10-17:12 AM",64.6959
"2014-10-18:12 AM",60.8081
"2014-10-19:12 AM",54.5835
"2014-10-20:12 AM",56.3326
"2014-10-21:12 AM",61.9785
"2014-10-22:12 AM",58.9892
"2014-10-23:12 AM",54.1098
"2014-10-24:12 AM",57.4138
"2014-10-25:12 AM",66.753
"2014-10-26:12 AM",69.9318
"2014-10-27:12 AM",68.7772
"2014-10-28:12 AM",65.9674
"2014-10-29:12 AM",56.008
"2014-10-30:12 AM",54.698
"2014-10-31:12 AM",52.4565
"2014-11-01:12 AM",39.9677
"2014-11-02:12 AM",43.0408
"2014-11-03:12 AM",52.8354
"2014-11-04:12 AM",59.0225
"2014-11-05:12 AM",53.1145
"2014-11-06:12 AM",52.5267
"2014-11-07:12 AM",45.0318
"2014-11-08:12 AM",49.3844
"2014-11-09:12 AM",47.4334
"2014-11-10:12 AM",55.0971
"2014-11-11:12 AM",51.0701
"2014-11-12:12 AM",35.6655
"2014-11-13:12 AM",31.0017
"2014-11-14:12 AM",28.7341
"2014-11-15:12 AM",32.3692
"2014-11-16:12 AM",35.5141
"2014-11-17:12 AM",27.6579
"2014-11-18:12 AM",27.7025
"2014-11-19:12 AM",38.509
"2014-11-20:12 AM",41.1678
"2014-11-21:12 AM",47.9133
"2014-11-22:12 AM",54.747
"2014-11-23:12 AM",57.9776
"2014-11-24:12 AM",48.2337
"2014-11-25:12 AM",39.3696
"2014-11-26:12 AM",41.2196
"2014-11-27:12 AM",37.3626
"2014-11-28:12 AM",41.0779
"2014-11-29:12 AM",55.7226
"2014-11-30:12 AM",63.4955
"2014-12-01:12 AM",45.1238
"2014-12-02:12 AM",36.5176
"2014-12-03:12 AM",41.812
"2014-12-04:12 AM",47.2464
"2014-12-05:12 AM",57.3516
"2014-12-06:12 AM",51.9971
"2014-12-07:12 AM",41.9274
"2014-12-08:12 AM",43.3175
"2014-12-09:12 AM",43.2088
"2014-12-10:12 AM",37.3901
"2014-12-11:12 AM",38.8976
"2014-12-12:12 AM",43.6294
"2014-12-13:12 AM",49.1002
"2014-12-14:12 AM",54.0613
"2014-12-15:12 AM",56.0336
"2014-12-16:12 AM",41.0158
"2014-12-17:12 AM",36.3936
"2014-12-18:12 AM",39.7731
"2014-12-19:12 AM",41.1318
"2014-12-20:12 AM",41.0877
"2014-12-21:12 AM",41.7893
"2014-12-22:12 AM",49.5799
"2014-12-23:12 AM",46.2857
"2014-12-24:12 AM",40.1011
"2014-12-25:12 AM",40.255
"2014-12-26:12 AM",46.1275
"2014-12-27:12 AM",49.1346
"2014-12-28:12 AM",36.7871
"2014-12-29:12 AM",34.2329
"2014-12-30:12 AM",33.0327
"2014-12-31:12 AM",30.6894
"2015-01-01:12 AM",32.4284
"2015-01-02:12 AM",37.5298
"2015-01-03:12 AM",46.5064
"2015-01-04:12 AM",34.6201
"2015-01-05:12 AM",27.973
"2015-01-06:12 AM",33.9388
"2015-01-07:12 AM",26.3174
"2015-01-08:12 AM",19.7895
"2015-01-09:12 AM",26.677
"2015-01-10:12 AM",25.0536
"2015-01-11:12 AM",32.5956
"2015-01-12:12 AM",36.3508
"2015-01-13:12 AM",29.3416
"2015-01-14:12 AM",30.0625
"2015-01-15:12 AM",34.9698
"2015-01-16:12 AM",38.1652
"2015-01-17:12 AM",43.6064
"2015-01-18:12 AM",45.9682
"2015-01-19:12 AM",48.7245
"2015-01-20:12 AM",48.5676
"2015-01-21:12 AM",44.6691
"2015-01-22:12 AM",41.3202
"2015-01-23:12 AM",37.4446
"2015-01-24:12 AM",39.8406
"2015-01-25:12 AM",45.2946
"2015-01-26:12 AM",41.4694
"2015-01-27:12 AM",47.8317
"2015-01-28:12 AM",48.3858
"2015-01-29:12 AM",52.0059
"2015-01-30:12 AM",38.2341
"2015-01-31:12 AM",40.251
"2015-02-01:12 AM",45.5556
"2015-02-02:12 AM",28.5877
"2015-02-03:12 AM",34.4356
"2015-02-04:12 AM",39.0146
"2015-02-05:12 AM",31.8583
"2015-02-06:12 AM",35.5338
"2015-02-07:12 AM",44.4007
"2015-02-08:12 AM",56.1814
"2015-02-09:12 AM",50.3294
"2015-02-10:12 AM",39.2254
"2015-02-11:12 AM",42.3797
"2015-02-12:12 AM",35.5404
"2015-02-13:12 AM",33.4863
"2015-02-14:12 AM",42.9994
"2015-02-15:12 AM",32.6602
"2015-02-16:12 AM",26.3035
"2015-02-17:12 AM",26.8554
"2015-02-18:12 AM",28.2193
"2015-02-19:12 AM",22.6168
"2015-02-20:12 AM",28.283
"2015-02-21:12 AM",43.8532
"2015-02-22:12 AM",34.0644
"2015-02-23:12 AM",23.0781
"2015-02-24:12 AM",28.9479
"2015-02-25:12 AM",30.6811
"2015-02-26:12 AM",28.5501
"2015-02-27:12 AM",23.5954
"2015-02-28:12 AM",28.2578
"2015-03-01:12 AM",34.2694
"2015-03-02:12 AM",34.3085
"2015-03-03:12 AM",41.8662
"2015-03-04:12 AM",42.8941
"2015-03-05:12 AM",24.2915
"2015-03-06:12 AM",24.3973
"2015-03-07:12 AM",37.175
"2015-03-08:12 AM",41.9529
"2015-03-09:12 AM",45.0586
"2015-03-10:12 AM",50.5103
"2015-03-11:12 AM",52.749
"2015-03-12:12 AM",53.9744
"2015-03-13:12 AM",58.6053
"2015-03-14:12 AM",57.121
"2015-03-15:12 AM",56.0079
"2015-03-16:12 AM",58.7649
"2015-03-17:12 AM",60.6132
"2015-03-18:12 AM",49.9827
"2015-03-19:12 AM",49.042
"2015-03-20:12 AM",53.1138
"2015-03-21:12 AM",52.9637
"2015-03-22:12 AM",52.225
"2015-03-23:12 AM",54.9806
"2015-03-24:12 AM",60.1435
"2015-03-25:12 AM",63.2446
"2015-03-26:12 AM",53.6574
"2015-03-27:12 AM",43.7571
"2015-03-28:12 AM",41.1213
"2015-03-29:12 AM",47.208
"2015-03-30:12 AM",57.8811
"2015-03-31:12 AM",65.1832
"2015-04-01:12 AM",66.2513
"2015-04-02:12 AM",67.6614
"2015-04-03:12 AM",63.6859
"2015-04-04:12 AM",49.1225
"2015-04-05:12 AM",48.3314
"2015-04-06:12 AM",59.5011
"2015-04-07:12 AM",68.335
"2015-04-08:12 AM",71.746
"2015-04-09:12 AM",71.6248
"2015-04-10:12 AM",57.25
"2015-04-11:12 AM",56.8643
"2015-04-12:12 AM",62.1009
"2015-04-13:12 AM",66.0171
"2015-04-14:12 AM",57.2999
"2015-04-15:12 AM",60.2483
"2015-04-16:12 AM",62.8702
"2015-04-17:12 AM",67.3021
"2015-04-18:12 AM",64.1601
"2015-04-19:12 AM",64.3658
"2015-04-20:12 AM",55.9053
"2015-04-21:12 AM",55.1095
"2015-04-22:12 AM",60.1005
"2015-04-23:12 AM",57.4689
"2015-04-24:12 AM",58.1896
"2015-04-25:12 AM",69.8065
"2015-04-26:12 AM",63.2817
"2015-04-27:12 AM",57.2169
"2015-04-28:12 AM",53.4929
"2015-04-29:12 AM",58.5531
"2015-04-30:12 AM",62.631
"2015-05-01:12 AM",60.5451
"2015-05-02:12 AM",61.9351
"2015-05-03:12 AM",66.898
"2015-05-04:12 AM",69.2181
"2015-05-05:12 AM",69.6303
"2015-05-06:12 AM",69.7116
"2015-05-07:12 AM",70.9759
"2015-05-08:12 AM",71.7849
"2015-05-09:12 AM",72.6589
"2015-05-10:12 AM",73.0472
"2015-05-11:12 AM",70.2795
"2015-05-12:12 AM",61.6894
"2015-05-13:12 AM",59.1688
"2015-05-14:12 AM",68.5702
"2015-05-15:12 AM",71.38
"2015-05-16:12 AM",72.2629
"2015-05-17:12 AM",73.2124
"2015-05-18:12 AM",74.8177
"2015-05-19:12 AM",69.8382
"2015-05-20:12 AM",69.0507
"2015-05-21:12 AM",60.0786
"2015-05-22:12 AM",57.9952
"2015-05-23:12 AM",66.1001
"2015-05-24:12 AM",71.5471
"2015-05-25:12 AM",72.0212
"2015-05-26:12 AM",72.167
"2015-05-27:12 AM",74.793
"2015-05-28:12 AM",73.8061
"2015-05-29:12 AM",73.6486
"2015-05-30:12 AM",71.1477
"2015-05-31:12 AM",66.6603
"2015-06-01:12 AM",65.1828
"2015-06-02:12 AM",67.7302
"2015-06-03:12 AM",70.9583
"2015-06-04:12 AM",73.5294
"2015-06-05:12 AM",75.5209
"2015-06-06:12 AM",77.979
"2015-06-07:12 AM",79.5202
"2015-06-08:12 AM",79.657
"2015-06-09:12 AM",78.874
"2015-06-10:12 AM",79.3774
"2015-06-11:12 AM",79.8359
"2015-06-12:12 AM",80.0164
"2015-06-13:12 AM",76.9298
"2015-06-14:12 AM",76.591
"2015-06-15:12 AM",78.813
"2015-06-16:12 AM",78.5764
"2015-06-17:12 AM",79.167
"2015-06-18:12 AM",75.5031
"2015-06-19:12 AM",76.8571
"2015-06-20:12 AM",79.2597
"2015-06-21:12 AM",78.6578
"2015-06-22:12 AM",81.2313
"2015-06-23:12 AM",83.6398
"2015-06-24:12 AM",84.4666
"2015-06-25:12 AM",83.1522
"2015-06-26:12 AM",80.6724
"2015-06-27:12 AM",76.2958
"2015-06-28:12 AM",74.8728
"2015-06-29:12 AM",79.5763
"2015-06-30:12 AM",80.0764
"2015-07-01:12 AM",80.9857
"2015-07-02:12 AM",81.5405
"2015-07-03:12 AM",76.4465
"2015-07-04:12 AM",76.276
"2015-07-05:12 AM",76.6006
"2015-07-06:12 AM",78.4913
"2015-07-07:12 AM",79.425
"2015-07-08:12 AM",79.9043
"2015-07-09:12 AM",80.5375
"2015-07-10:12 AM",82.2425
"2015-07-11:12 AM",83.2599
"2015-07-12:12 AM",83.9203
"2015-07-13:12 AM",84.0709
"2015-07-14:12 AM",85.8085
"2015-07-15:12 AM",85.9939
"2015-07-16:12 AM",83.8634
"2015-07-17:12 AM",84.24
"2015-07-18:12 AM",85.3975
"2015-07-19:12 AM",86.1438
"2015-07-20:12 AM",85.9802
"2015-07-21:12 AM",84.4191
"2015-07-22:12 AM",79.8233
"2015-07-23:12 AM",80.8938
"2015-07-24:12 AM",84.5614
"2015-07-25:12 AM",86.2342
"2015-07-26:12 AM",85.0312
"2015-07-27:12 AM",86.3002
"2015-07-28:12 AM",87.4557
"2015-07-29:12 AM",87.9964
"2015-07-30:12 AM",84.2884
"2015-07-31:12 AM",79.3445
"2015-08-01:12 AM",80.6454
"2015-08-02:12 AM",81.3661
"2015-08-03:12 AM",83.4291
"2015-08-04:12 AM",82.8725
"2015-08-05:12 AM",83.5365
"2015-08-06:12 AM",82.9675
"2015-08-07:12 AM",86.2084
"2015-08-08:12 AM",86.3368
"2015-08-09:12 AM",86.3357
"2015-08-10:12 AM",86.0781
"2015-08-11:12 AM",83.8764
"2015-08-12:12 AM",78.8191
"2015-08-13:12 AM",76.0739
"2015-08-14:12 AM",75.7062
"2015-08-15:12 AM",77.4185
"2015-08-16:12 AM",79.5414
"2015-08-17:12 AM",79.4001
"2015-08-18:12 AM",81.7932
"2015-08-19:12 AM",75.8201
"2015-08-20:12 AM",70.5479
"2015-08-21:12 AM",73.1489
"2015-08-22:12 AM",76.6976
"2015-08-23:12 AM",79.7256
"2015-08-24:12 AM",74.6989
"2015-08-25:12 AM",71.9949
"2015-08-26:12 AM",72.0232
"2015-08-27:12 AM",71.2107
"2015-08-28:12 AM",71.6079
"2015-08-29:12 AM",76.0123
"2015-08-30:12 AM",78.5581
"2015-08-31:12 AM",79.3042
"2015-09-01:12 AM",79.7848
"2015-09-02:12 AM",80.2647
"2015-09-03:12 AM",80.2342
"2015-09-04:12 AM",81.1603
"2015-09-05:12 AM",82.7231
"2015-09-06:12 AM",82.2373
"2015-09-07:12 AM",81.4273
"2015-09-08:12 AM",82.229
"2015-09-09:12 AM",75.3435
"2015-09-10:12 AM",74.8393
"2015-09-11:12 AM",73.8975
"2015-09-12:12 AM",64.4081
"2015-09-13:12 AM",60.8086
"2015-09-14:12 AM",67.158
"2015-09-15:12 AM",69.6576
"2015-09-16:12 AM",74.0485
"2015-09-17:12 AM",77.8303
"2015-09-18:12 AM",79.8669
"2015-09-19:12 AM",76.4458
"2015-09-20:12 AM",68.1562
"2015-09-21:12 AM",68.0466
"2015-09-22:12 AM",70.4489
"2015-09-23:12 AM",70.961
"2015-09-24:12 AM",72.6211
"2015-09-25:12 AM",72.5893
"2015-09-26:12 AM",70.3137
"2015-09-27:12 AM",70.0556
"2015-09-28:12 AM",72.2408
"2015-09-29:12 AM",72.4156
"2015-09-30:12 AM",70.5814
"2015-10-01:12 AM",63.9955
"2015-10-02:12 AM",59.8959
"2015-10-03:12 AM",58.4114
"2015-10-04:12 AM",57.7072
"2015-10-05:12 AM",63.0793
"2015-10-06:12 AM",68.698
"2015-10-07:12 AM",70.5027
"2015-10-08:12 AM",71.7719
"2015-10-09:12 AM",70.9896
"2015-10-10:12 AM",58.5937
"2015-10-11:12 AM",62.7098
"2015-10-12:12 AM",72.6375
"2015-10-13:12 AM",65.9934
"2015-10-14:12 AM",65.8715
"2015-10-15:12 AM",71.2398
"2015-10-16:12 AM",65.4024
"2015-10-17:12 AM",55.9402
"2015-10-18:12 AM",54.5983
"2015-10-19:12 AM",57.1303
"2015-10-20:12 AM",61.5141
"2015-10-21:12 AM",67.0302
"2015-10-22:12 AM",68.8199
"2015-10-23:12 AM",69.2695
"2015-10-24:12 AM",66.1737
"2015-10-25:12 AM",56.6886
"2015-10-26:12 AM",57.772
"2015-10-27:12 AM",60.4283
"2015-10-28:12 AM",61.0729
"2015-10-29:12 AM",57.1422
"2015-10-30:12 AM",55.2816
"2015-10-31:12 AM",59.8741
"2015-11-01:12 AM",59.6444
"2015-11-02:12 AM",59.1633
"2015-11-03:12 AM",59.347
"2015-11-04:12 AM",61.5126
"2015-11-05:12 AM",66.3129
"2015-11-06:12 AM",64.378
"2015-11-07:12 AM",54.6863
"2015-11-08:12 AM",49.6031
"2015-11-09:12 AM",48.4005
"2015-11-10:12 AM",53.623
"2015-11-11:12 AM",62.6779
"2015-11-12:12 AM",51.3223
"2015-11-13:12 AM",49.2244
"2015-11-14:12 AM",49.8195
"2015-11-15:12 AM",51.4015
"2015-11-16:12 AM",53.6191
"2015-11-17:12 AM",64.9578
"2015-11-18:12 AM",50.8924
"2015-11-19:12 AM",50.0425
"2015-11-20:12 AM",48.4455
"2015-11-21:12 AM",44.5852
"2015-11-22:12 AM",35.1027
"2015-11-23:12 AM",40.6202
"2015-11-24:12 AM",46.3483
"2015-11-25:12 AM",50.835
"2015-11-26:12 AM",60.8648
"2015-11-27:12 AM",60.976
"2015-11-28:12 AM",49.4708
"2015-11-29:12 AM",44.6011
"2015-11-30:12 AM",46.9591
"2015-12-01:12 AM",44.6439
"2015-12-02:12 AM",40.9478
"2015-12-03:12 AM",40.2134
"2015-12-04:12 AM",39.7998
"2015-12-05:12 AM",41.6719
"2015-12-06:12 AM",45.694
"2015-12-07:12 AM",47.4211
"2015-12-08:12 AM",51.0462
"2015-12-09:12 AM",54.6656
"2015-12-10:12 AM",55.2337
"2015-12-11:12 AM",61.8899
"2015-12-12:12 AM",65.8141
"2015-12-13:12 AM",62.7096
"2015-12-14:12 AM",48.2013
"2015-12-15:12 AM",51.2263
"2015-12-16:12 AM",51.5719
"2015-12-17:12 AM",39.486
"2015-12-18:12 AM",35.8801
"2015-12-19:12 AM",39.4331
"2015-12-20:12 AM",43.8321
"2015-12-21:12 AM",58.0167
"2015-12-22:12 AM",50.5375
"2015-12-23:12 AM",62.0211
"2015-12-24:12 AM",54.3529
"2015-12-25:12 AM",54.8377
"2015-12-26:12 AM",62.3404
"2015-12-27:12 AM",59.2722
"2015-12-28:12 AM",46.5924
"2015-12-29:12 AM",37.166
"2015-12-30:12 AM",38.8643
"2015-12-31:12 AM",36.5853
"2016-01-01:12 AM",36.547
"2016-01-02:12 AM",37.0008
"2016-01-03:12 AM",39.2484
"2016-01-04:12 AM",34.252
"2016-01-05:12 AM",32.0137
"2016-01-06:12 AM",36.4761
"2016-01-07:12 AM",42.9219
"2016-01-08:12 AM",50.5591
"2016-01-09:12 AM",45.0937
"2016-01-10:12 AM",26.8637
"2016-01-11:12 AM",30.776
"2016-01-12:12 AM",36.2766
"2016-01-13:12 AM",38.2548
"2016-01-14:12 AM",47.2118
"2016-01-15:12 AM",52.0581
"2016-01-16:12 AM",37.4587
"2016-01-17:12 AM",33.3736
"2016-01-18:12 AM",26.9172
"2016-01-19:12 AM",30.2178
"2016-01-20:12 AM",33.9861
"2016-01-21:12 AM",32.4469
"2016-01-22:12 AM",29.959
"2016-01-23:12 AM",27.6118
"2016-01-24:12 AM",34.146
"2016-01-25:12 AM",46.1152
"2016-01-26:12 AM",38.2879
"2016-01-27:12 AM",35.6738
"2016-01-28:12 AM",41.2403
"2016-01-29:12 AM",47.2327
"2016-01-30:12 AM",53.7222
"2016-01-31:12 AM",57.7245
"2016-02-01:12 AM",53.4868
"2016-02-02:12 AM",59.2633
"2016-02-03:12 AM",40.3151
"2016-02-04:12 AM",34.9711
"2016-02-05:12 AM",37.2452
"2016-02-06:12 AM",39.0659
"2016-02-07:12 AM",42.6396
"2016-02-08:12 AM",39.2787
"2016-02-09:12 AM",33.7802
"2016-02-10:12 AM",34.0821
"2016-02-11:12 AM",40.7804
"2016-02-12:12 AM",41.5098
"2016-02-13:12 AM",35.2594
"2016-02-14:12 AM",37.1331
"2016-02-15:12 AM",42.3676
"2016-02-16:12 AM",46.2506
"2016-02-17:12 AM",44.6509
"2016-02-18:12 AM",50.5774
"2016-02-19:12 AM",57.3935
"2016-02-20:12 AM",61.5511
"2016-02-21:12 AM",63.1258
"2016-02-22:12 AM",50.8035
"2016-02-23:12 AM",45.1175
"2016-02-24:12 AM",38.6964
"2016-02-25:12 AM",38.6348
"2016-02-26:12 AM",37.8226
"2016-02-27:12 AM",46.3663
"2016-02-28:12 AM",52.8494
"2016-02-29:12 AM",54.2952
"2016-03-01:12 AM",55.4979
"2016-03-02:12 AM",44.3853
"2016-03-03:12 AM",51.0805
"2016-03-04:12 AM",49.7707
"2016-03-05:12 AM",52.9502
"2016-03-06:12 AM",55.1989
"2016-03-07:12 AM",59.0047
"2016-03-08:12 AM",62.4384
"2016-03-09:12 AM",59.5283
"2016-03-10:12 AM",58.4094
"2016-03-11:12 AM",52.007
"2016-03-12:12 AM",57.7485
"2016-03-13:12 AM",59.1289
"2016-03-14:12 AM",61.3144
"2016-03-15:12 AM",66.2896
"2016-03-16:12 AM",56.9719
"2016-03-17:12 AM",53.5759
"2016-03-18:12 AM",53.8315
"2016-03-19:12 AM",45.4771
"2016-03-20:12 AM",40.2867
"2016-03-21:12 AM",42.067
"2016-03-22:12 AM",50.9311
"2016-03-23:12 AM",59.6853
"2016-03-24:12 AM",54.3654
"2016-03-25:12 AM",45.1854
"2016-03-26:12 AM",51.6448
"2016-03-27:12 AM",56.4373
"2016-03-28:12 AM",49.0161
"2016-03-29:12 AM",53.4412
"2016-03-30:12 AM",62.1108
"2016-03-31:12 AM",67.1745
"2016-04-01:12 AM",52.9776
"2016-04-02:12 AM",49.0505
"2016-04-03:12 AM",53.9224
"2016-04-04:12 AM",60.5662
"2016-04-05:12 AM",59.8339
"2016-04-06:12 AM",60.6117
"2016-04-07:12 AM",59.1528
"2016-04-08:12 AM",54.2885
"2016-04-09:12 AM",53.6513
"2016-04-10:12 AM",61.6509
"2016-04-11:12 AM",64.0031
"2016-04-12:12 AM",54.5553
"2016-04-13:12 AM",55.3597
"2016-04-14:12 AM",57.1701
"2016-04-15:12 AM",59.493
"2016-04-16:12 AM",61.0776
"2016-04-17:12 AM",63.8998
"2016-04-18:12 AM",63.7318
"2016-04-19:12 AM",62.452
"2016-04-20:12 AM",64.4067
"2016-04-21:12 AM",63.4352
"2016-04-22:12 AM",63.5241
"2016-04-23:12 AM",65.3146
"2016-04-24:12 AM",65.8645
"2016-04-25:12 AM",66.8331
"2016-04-26:12 AM",73.1899
"2016-04-27:12 AM",71.872
"2016-04-28:12 AM",67.0244
"2016-04-29:12 AM",64.629
"2016-04-30:12 AM",69.971
"2016-05-01:12 AM",66.6086
"2016-05-02:12 AM",60.0922
"2016-05-03:12 AM",58.1716
"2016-05-04:12 AM",61.1814
"2016-05-05:12 AM",60.9532
"2016-05-06:12 AM",61.9639
"2016-05-07:12 AM",66.3444
"2016-05-08:12 AM",66.7877
"2016-05-09:12 AM",67.5804
"2016-05-10:12 AM",74.1461
"2016-05-11:12 AM",75.5128
"2016-05-12:12 AM",71.314
"2016-05-13:12 AM",65.7455
"2016-05-14:12 AM",61.1267
"2016-05-15:12 AM",58.2274
"2016-05-16:12 AM",59.2781
"2016-05-17:12 AM",64.2974
"2016-05-18:12 AM",59.9576
"2016-05-19:12 AM",61.0119
"2016-05-20:12 AM",64.3372
"2016-05-21:12 AM",66.3593
"2016-05-22:12 AM",68.461
"2016-05-23:12 AM",68.265
"2016-05-24:12 AM",74.0084
"2016-05-25:12 AM",76.0653
"2016-05-26:12 AM",76.9764
"2016-05-27:12 AM",71.8759
"2016-05-28:12 AM",71.9964
"2016-05-29:12 AM",76.5381
"2016-05-30:12 AM",74.5176
"2016-05-31:12 AM",74.1857
"2016-06-01:12 AM",73.7663
"2016-06-02:12 AM",72.192
"2016-06-03:12 AM",72.2876
"2016-06-04:12 AM",72.5394
"2016-06-05:12 AM",73.2625
"2016-06-06:12 AM",73.2477
"2016-06-07:12 AM",74.8474
"2016-06-08:12 AM",74.8251
"2016-06-09:12 AM",76.3506
"2016-06-10:12 AM",78.3064
"2016-06-11:12 AM",79.1944
"2016-06-12:12 AM",79.4948
"2016-06-13:12 AM",78.3433
"2016-06-14:12 AM",79.079
"2016-06-15:12 AM",82.6309
"2016-06-16:12 AM",84.6163
"2016-06-17:12 AM",85.1725
"2016-06-18:12 AM",80.6263
"2016-06-19:12 AM",78.4647
"2016-06-20:12 AM",80.6614
"2016-06-21:12 AM",82.3132
"2016-06-22:12 AM",83.858
"2016-06-23:12 AM",84.0063
"2016-06-24:12 AM",81.6823
"2016-06-25:12 AM",82.3008
"2016-06-26:12 AM",83.1898
"2016-06-27:12 AM",80.8173
"2016-06-28:12 AM",79.5069
"2016-06-29:12 AM",79.0529
"2016-06-30:12 AM",79.1668
"2016-07-01:12 AM",82.1241
"2016-07-02:12 AM",82.1982
"2016-07-03:12 AM",83.8873
"2016-07-04:12 AM",80.9069
"2016-07-05:12 AM",82.5055
"2016-07-06:12 AM",83.5957
"2016-07-07:12 AM",84.5328
"2016-07-08:12 AM",84.8822
"2016-07-09:12 AM",81.7441
"2016-07-10:12 AM",80.5629
"2016-07-11:12 AM",80.0397
"2016-07-12:12 AM",83.3373
"2016-07-13:12 AM",84.1699
"2016-07-14:12 AM",85.4814
"2016-07-15:12 AM",82.7328
"2016-07-16:12 AM",81.3731
"2016-07-17:12 AM",83.7167
"2016-07-18:12 AM",84.2596
"2016-07-19:12 AM",84.3867
"2016-07-20:12 AM",85.3583
"2016-07-21:12 AM",86.7108
"2016-07-22:12 AM",87.8185
"2016-07-23:12 AM",86.9167
"2016-07-24:12 AM",84.0486
"2016-07-25:12 AM",83.0601
"2016-07-26:12 AM",84.5058
"2016-07-27:12 AM",80.5654
"2016-07-28:12 AM",79.4732
"2016-07-29:12 AM",81.0136
"2016-07-30:12 AM",81.671
"2016-07-31:12 AM",81.9988
"2016-08-01:12 AM",85.3306
"2016-08-02:12 AM",86.6008
"2016-08-03:12 AM",87.0611
"2016-08-04:12 AM",87.7095
"2016-08-05:12 AM",87.0181
"2016-08-06:12 AM",81.8047
"2016-08-07:12 AM",80.1505
"2016-08-08:12 AM",80.0517
"2016-08-09:12 AM",82.2315
"2016-08-10:12 AM",83.5459
"2016-08-11:12 AM",84.9747
"2016-08-12:12 AM",83.6814
"2016-08-13:12 AM",77.0851
"2016-08-14:12 AM",72.3943
"2016-08-15:12 AM",73.1948
"2016-08-16:12 AM",72.7486
"2016-08-17:12 AM",74.6679
"2016-08-18:12 AM",73.87
"2016-08-19:12 AM",76.1772
"2016-08-20:12 AM",75.1177
"2016-08-21:12 AM",73.0929
"2016-08-22:12 AM",71.6608
"2016-08-23:12 AM",77.8156
"2016-08-24:12 AM",81.7975
"2016-08-25:12 AM",79.9054
"2016-08-26:12 AM",78.0903
"2016-08-27:12 AM",78.1182
"2016-08-28:12 AM",79.2675
"2016-08-29:12 AM",80.4108
"2016-08-30:12 AM",80.9884
"2016-08-31:12 AM",80.7325
"2016-09-01:12 AM",77.3811
"2016-09-02:12 AM",72.052
"2016-09-03:12 AM",69.7406
"2016-09-04:12 AM",73.5314
"2016-09-05:12 AM",78.5491
"2016-09-06:12 AM",80.1811
"2016-09-07:12 AM",79.7056
"2016-09-08:12 AM",81.1863
"2016-09-09:12 AM",81.2095
"2016-09-10:12 AM",77.943
"2016-09-11:12 AM",68.3231
"2016-09-12:12 AM",71.3804
"2016-09-13:12 AM",76.8839
"2016-09-14:12 AM",77.0781
"2016-09-15:12 AM",78.8376
"2016-09-16:12 AM",76.9028
"2016-09-17:12 AM",76.5585
"2016-09-18:12 AM",73.5609
"2016-09-19:12 AM",72.7462
"2016-09-20:12 AM",74.6598
"2016-09-21:12 AM",73.7793
"2016-09-22:12 AM",74.2939
"2016-09-23:12 AM",75.7882
"2016-09-24:12 AM",78.0858
"2016-09-25:12 AM",77.8381
"2016-09-26:12 AM",68.6433
"2016-09-27:12 AM",62.3097
"2016-09-28:12 AM",67.7741
"2016-09-29:12 AM",62.2722
"2016-09-30:12 AM",63.1744
"2016-10-01:12 AM",63.7808
"2016-10-02:12 AM",63.7929
"2016-10-03:12 AM",66.0236
"2016-10-04:12 AM",69.3689
"2016-10-05:12 AM",76.1495
"2016-10-06:12 AM",75.0753
"2016-10-07:12 AM",70.1123
"2016-10-08:12 AM",60.2728
"2016-10-09:12 AM",59.6746
"2016-10-10:12 AM",64.0126
"2016-10-11:12 AM",66.726
"2016-10-12:12 AM",71.1918
"2016-10-13:12 AM",63.3817
"2016-10-14:12 AM",61.335
"2016-10-15:12 AM",66.9589
"2016-10-16:12 AM",72.9421
"2016-10-17:12 AM",74.9295
"2016-10-18:12 AM",75.492
"2016-10-19:12 AM",76.0129
"2016-10-20:12 AM",66.1428
"2016-10-21:12 AM",53.8707
"2016-10-22:12 AM",54.3938
"2016-10-23:12 AM",60.0618
"2016-10-24:12 AM",63.8103
"2016-10-25:12 AM",63.1069
"2016-10-26:12 AM",64.7019
"2016-10-27:12 AM",66.8134
"2016-10-28:12 AM",67.4119
"2016-10-29:12 AM",69.5386
"2016-10-30:12 AM",69.7921
"2016-10-31:12 AM",70.1668
"2016-11-01:12 AM",70.3911
"2016-11-02:12 AM",70.8406
"2016-11-03:12 AM",70.2142
"2016-11-04:12 AM",64.7971
"2016-11-05:12 AM",57.443
"2016-11-06:12 AM",57.0837
"2016-11-07:12 AM",59.2248
"2016-11-08:12 AM",59.3685
"2016-11-09:12 AM",58.035
"2016-11-10:12 AM",51.5547
"2016-11-11:12 AM",56.9512
"2016-11-12:12 AM",52.6359
"2016-11-13:12 AM",46.3413
"2016-11-14:12 AM",52.3267
"2016-11-15:12 AM",59.0196
"2016-11-16:12 AM",61.4421
"2016-11-17:12 AM",65.3146
"2016-11-18:12 AM",61.7122
"2016-11-19:12 AM",42.7305
"2016-11-20:12 AM",40.3833
"2016-11-21:12 AM",45.2113
"2016-11-22:12 AM",51.7154
"2016-11-23:12 AM",56.3445
"2016-11-24:12 AM",47.7603
"2016-11-25:12 AM",47.4359
"2016-11-26:12 AM",43.2617
"2016-11-27:12 AM",45.4314
"2016-11-28:12 AM",53.5464
"2016-11-29:12 AM",53.4241
"2016-11-30:12 AM",46.249
"2016-12-01:12 AM",42.4879
"2016-12-02:12 AM",45.8607
"2016-12-03:12 AM",45.0797
"2016-12-04:12 AM",43.7353
"2016-12-05:12 AM",41.268
"2016-12-06:12 AM",43.8471
"2016-12-07:12 AM",39.6178
"2016-12-08:12 AM",33.3396
"2016-12-09:12 AM",28.1611
"2016-12-10:12 AM",31.8663
"2016-12-11:12 AM",42.1617
"2016-12-12:12 AM",46.9281
"2016-12-13:12 AM",45.4708
"2016-12-14:12 AM",39.2716
"2016-12-15:12 AM",31.4877
"2016-12-16:12 AM",34.768
"2016-12-17:12 AM",56.9815
"2016-12-18:12 AM",24.5133
"2016-12-19:12 AM",21.9859
"2016-12-20:12 AM",28.6995
"2016-12-21:12 AM",37.7883
"2016-12-22:12 AM",40.9161
"2016-12-23:12 AM",43.5274
"2016-12-24:12 AM",54.9725
"2016-12-25:12 AM",60.3775
"2016-12-26:12 AM",64.8597
"2016-12-27:12 AM",48.3395
"2016-12-28:12 AM",48.7683
"2016-12-29:12 AM",45.2169
"2016-12-30:12 AM",40.3486
"2016-12-31:12 AM",44.7501
"2017-01-01:12 AM",44.5579
"2017-01-02:12 AM",50.9605
"2017-01-03:12 AM",51.2031
"2017-01-04:12 AM",33.8959
"2017-01-05:12 AM",31.4794
"2017-01-06:12 AM",22.4683
"2017-01-07:12 AM",18.6166
"2017-01-08:12 AM",23.0295
"2017-01-09:12 AM",31.4868
"2017-01-10:12 AM",54.0018
"2017-01-11:12 AM",60.368
"2017-01-12:12 AM",61.889
"2017-01-13:12 AM",47.1513
"2017-01-14:12 AM",46.0972
"2017-01-15:12 AM",47.2375
"2017-01-16:12 AM",56.0797
"2017-01-17:12 AM",49.4605
"2017-01-18:12 AM",45.8834
"2017-01-19:12 AM",49.9226
"2017-01-20:12 AM",54.8069
"2017-01-21:12 AM",57.4097
"2017-01-22:12 AM",53.2305
"2017-01-23:12 AM",43.0608
"2017-01-24:12 AM",47.5975
"2017-01-25:12 AM",52.0288
"2017-01-26:12 AM",36.9642
"2017-01-27:12 AM",35.7476
"2017-01-28:12 AM",37.8428
"2017-01-29:12 AM",42.0242
"2017-01-30:12 AM",47.2674
"2017-01-31:12 AM",53.4304
"2017-02-01:12 AM",53.2033
"2017-02-02:12 AM",41.3949
"2017-02-03:12 AM",36.3236
"2017-02-04:12 AM",33.809
"2017-02-05:12 AM",43.7808
"2017-02-06:12 AM",57.5442
"2017-02-07:12 AM",64.7227
"2017-02-08:12 AM",53.9276
"2017-02-09:12 AM",36.9423
"2017-02-10:12 AM",46.6272
"2017-02-11:12 AM",65.1902
"2017-02-12:12 AM",61.5492
"2017-02-13:12 AM",47.0012
"2017-02-14:12 AM",44.4751
"2017-02-15:12 AM",43.4314
"2017-02-16:12 AM",44.5447
"2017-02-17:12 AM",50.9117
"2017-02-18:12 AM",55.0112
"2017-02-19:12 AM",59.4001
"2017-02-20:12 AM",63.3875
"2017-02-21:12 AM",59.0779
"2017-02-22:12 AM",58.1234
"2017-02-23:12 AM",60.4407
"2017-02-24:12 AM",57.6372
"2017-02-25:12 AM",37.9922
"2017-02-26:12 AM",41.6727
"2017-02-27:12 AM",52.6987
"2017-02-28:12 AM",64.9747
"2017-03-01:12 AM",59.4399
"2017-03-02:12 AM",45.2595
"2017-03-03:12 AM",45.9162
"2017-03-04:12 AM",50.5598
"2017-03-05:12 AM",51.8842
"2017-03-06:12 AM",61.0068
"2017-03-07:12 AM",55.8711
"2017-03-08:12 AM",50.4603
"2017-03-09:12 AM",59.0869
"2017-03-10:12 AM",54.9324
"2017-03-11:12 AM",40.5486
"2017-03-12:12 AM",37.5908
"2017-03-13:12 AM",39.6595
"2017-03-14:12 AM",37.9976
"2017-03-15:12 AM",35.8792
"2017-03-16:12 AM",40.8614
"2017-03-17:12 AM",57.2472
"2017-03-18:12 AM",62.3822
"2017-03-19:12 AM",62.1198
"2017-03-20:12 AM",67.3578
"2017-03-21:12 AM",66.6106
"2017-03-22:12 AM",56.9284
"2017-03-23:12 AM",59.2653
"2017-03-24:12 AM",64.418
"2017-03-25:12 AM",60.9019
"2017-03-26:12 AM",57.0025
"2017-03-27:12 AM",64.5161
"2017-03-28:12 AM",61.3152
"2017-03-29:12 AM",66.4149
"2017-03-30:12 AM",57.4659
"2017-03-31:12 AM",55.6407
"2017-04-01:12 AM",59.6309
"2017-04-02:12 AM",62.9335
"2017-04-03:12 AM",62.7478
"2017-04-04:12 AM",64.0249
"2017-04-05:12 AM",56.2206
"2017-04-06:12 AM",52.1175
"2017-04-07:12 AM",52.5628
"2017-04-08:12 AM",59.8134
"2017-04-09:12 AM",64.9371
"2017-04-10:12 AM",64.7649
"2017-04-11:12 AM",61.7801
"2017-04-12:12 AM",62.0092
"2017-04-13:12 AM",66.9985
"2017-04-14:12 AM",69.2213
"2017-04-15:12 AM",68.0754
"2017-04-16:12 AM",69.4746
"2017-04-17:12 AM",67.5378
"2017-04-18:12 AM",67.3498
"2017-04-19:12 AM",70.5085
"2017-04-20:12 AM",72.2491
"2017-04-21:12 AM",67.1004
"2017-04-22:12 AM",56.0278
"2017-04-23:12 AM",55.2609
"2017-04-24:12 AM",58.473
"2017-04-25:12 AM",64.7928
"2017-04-26:12 AM",65.2548
"2017-04-27:12 AM",55.7035
"2017-04-28:12 AM",62.9064
"2017-04-29:12 AM",74.0827
"2017-04-30:12 AM",64.0198
"2017-05-01:12 AM",55.0998
"2017-05-02:12 AM",62.3451
"2017-05-03:12 AM",61.9684
"2017-05-04:12 AM",52.9486
"2017-05-05:12 AM",58.6737
"2017-05-06:12 AM",62.2191
"2017-05-07:12 AM",65.8447
"2017-05-08:12 AM",69.0078
"2017-05-09:12 AM",70.4007
"2017-05-10:12 AM",72.4719
"2017-05-11:12 AM",71.7548
"2017-05-12:12 AM",64.1019
"2017-05-13:12 AM",64.812
"2017-05-14:12 AM",65.71
"2017-05-15:12 AM",69.6117
"2017-05-16:12 AM",72.0572
"2017-05-17:12 AM",73.7647
"2017-05-18:12 AM",75.2664
"2017-05-19:12 AM",76.6427
"2017-05-20:12 AM",73.3757
"2017-05-21:12 AM",66.2851
"2017-05-22:12 AM",63.8452
"2017-05-23:12 AM",62.9996
"2017-05-24:12 AM",60.0899
"2017-05-25:12 AM",63.3537
"2017-05-26:12 AM",71.7089
"2017-05-27:12 AM",78.1038
"2017-05-28:12 AM",76.651
"2017-05-29:12 AM",73.1466
"2017-05-30:12 AM",73.0661
"2017-05-31:12 AM",74.3571
"2017-06-01:12 AM",73.4128
"2017-06-02:12 AM",72.5086
"2017-06-03:12 AM",74.0815
"2017-06-04:12 AM",73.7211
"2017-06-05:12 AM",72.2241
"2017-06-06:12 AM",75.5125
"2017-06-07:12 AM",71.406
"2017-06-08:12 AM",69.5032
"2017-06-09:12 AM",70.4318
"2017-06-10:12 AM",72.63
"2017-06-11:12 AM",76.9141
"2017-06-12:12 AM",78.5507
"2017-06-13:12 AM",78.6092
"2017-06-14:12 AM",80.4855
"2017-06-15:12 AM",82.3766
"2017-06-16:12 AM",80.9409
"2017-06-17:12 AM",81.3497
"2017-06-18:12 AM",77.9767
"2017-06-19:12 AM",75.5166
"2017-06-20:12 AM",77.3395
"2017-06-21:12 AM",75.6234
"2017-06-22:12 AM",75.708
"2017-06-23:12 AM",80.2868
"2017-06-24:12 AM",74.3052
"2017-06-25:12 AM",73.3917
"2017-06-26:12 AM",71.478
"2017-06-27:12 AM",73.78
"2017-06-28:12 AM",75.6977
"2017-06-29:12 AM",78.487
"2017-06-30:12 AM",81.3574
"2017-07-01:12 AM",80.379
"2017-07-02:12 AM",80.0794
"2017-07-03:12 AM",78.7167
"2017-07-04:12 AM",78.0471
"2017-07-05:12 AM",76.5405
"2017-07-06:12 AM",78.6378
"2017-07-07:12 AM",81.4158
"2017-07-08:12 AM",81.3679
"2017-07-09:12 AM",78.6346
"2017-07-10:12 AM",78.4152
"2017-07-11:12 AM",80.7516
"2017-07-12:12 AM",82.3188
"2017-07-13:12 AM",82.5629
"2017-07-14:12 AM",83.0968
"2017-07-15:12 AM",79.8701
"2017-07-16:12 AM",80.4623
"2017-07-17:12 AM",80.8603
"2017-07-18:12 AM",81.6507
"2017-07-19:12 AM",84.344
"2017-07-20:12 AM",85.7457
"2017-07-21:12 AM",86.5191
"2017-07-22:12 AM",85.7242
"2017-07-23:12 AM",85.3837
"2017-07-24:12 AM",84.1296
"2017-07-25:12 AM",84.5776
"2017-07-26:12 AM",83.9187
"2017-07-27:12 AM",84.7998
"2017-07-28:12 AM",80.9562
"2017-07-29:12 AM",78.6166
"2017-07-30:12 AM",74.296
"2017-07-31:12 AM",75.6415
"2017-08-01:12 AM",74.5155
"2017-08-02:12 AM",74.6915
"2017-08-03:12 AM",78.3477
"2017-08-04:12 AM",77.632
"2017-08-05:12 AM",76.7763
"2017-08-06:12 AM",76.2465
"2017-08-07:12 AM",74.9129
"2017-08-08:12 AM",75.1671
"2017-08-09:12 AM",76.5329
"2017-08-10:12 AM",78.1198
"2017-08-11:12 AM",78.9384
"2017-08-12:12 AM",78.3901
"2017-08-13:12 AM",70.4763
"2017-08-14:12 AM",74.7657
"2017-08-15:12 AM",78.4807
"2017-08-16:12 AM",81.1603
"2017-08-17:12 AM",80.4852
"2017-08-18:12 AM",79.4201
"2017-08-19:12 AM",83.3653
"2017-08-20:12 AM",83.928
"2017-08-21:12 AM",83.7235
"2017-08-22:12 AM",83.2809
"2017-08-23:12 AM",77.3632
"2017-08-24:12 AM",72.1326
"2017-08-25:12 AM",72.6267
"2017-08-26:12 AM",73.3215
"2017-08-27:12 AM",74.7286
"2017-08-28:12 AM",74.5329
"2017-08-29:12 AM",73.6885
"2017-08-30:12 AM",73.5753
"2017-08-31:12 AM",73.3869
"2017-09-01:12 AM",72.1152
"2017-09-02:12 AM",71.2958
"2017-09-03:12 AM",75.4398
"2017-09-04:12 AM",78.3617
"2017-09-05:12 AM",74.7955
"2017-09-06:12 AM",64.276
"2017-09-07:12 AM",61.9738
"2017-09-08:12 AM",65.4924
"2017-09-09:12 AM",67.2751
"2017-09-10:12 AM",67.6391
"2017-09-11:12 AM",65.4939
"2017-09-12:12 AM",62.5401
"2017-09-13:12 AM",65.835
"2017-09-14:12 AM",69.7321
"2017-09-15:12 AM",73.6606
"2017-09-16:12 AM",75.7974
"2017-09-17:12 AM",76.7305
"2017-09-18:12 AM",76.5606
"2017-09-19:12 AM",78.0508
"2017-09-20:12 AM",79.4097
"2017-09-21:12 AM",79.479
"2017-09-22:12 AM",78.2019
"2017-09-23:12 AM",77.8939
"2017-09-24:12 AM",76.3142
"2017-09-25:12 AM",75.204
"2017-09-26:12 AM",75.1275
"2017-09-27:12 AM",75.3404
"2017-09-28:12 AM",71.2332
"2017-09-29:12 AM",68.7506
"2017-09-30:12 AM",69.2404
"2017-10-01:12 AM",67.9172
"2017-10-02:12 AM",71.6882
"2017-10-03:12 AM",72.3781
"2017-10-04:12 AM",72.5211
"2017-10-05:12 AM",71.5923
"2017-10-06:12 AM",72.5857
"2017-10-07:12 AM",72.5848
"2017-10-08:12 AM",72.1571
"2017-10-09:12 AM",75.5346
"2017-10-10:12 AM",70.7002
"2017-10-11:12 AM",56.4575
"2017-10-12:12 AM",59.6602
"2017-10-13:12 AM",68.931
"2017-10-14:12 AM",75.3946
"2017-10-15:12 AM",67.7736
"2017-10-16:12 AM",55.234
"2017-10-17:12 AM",52.5321
"2017-10-18:12 AM",57.5253
"2017-10-19:12 AM",61.9448
"2017-10-20:12 AM",63.6048
"2017-10-21:12 AM",68.7778
"2017-10-22:12 AM",65.3009
"2017-10-23:12 AM",58.1774
"2017-10-24:12 AM",55.2317
"2017-10-25:12 AM",52.2865
"2017-10-26:12 AM",61.1271
"2017-10-27:12 AM",51.8059
"2017-10-28:12 AM",39.6365
"2017-10-29:12 AM",41.9659
"2017-10-30:12 AM",52.7434
"2017-10-31:12 AM",48.4462
"2017-11-01:12 AM",53.6605
"2017-11-02:12 AM",70.8449
"2017-11-03:12 AM",67.9221
"2017-11-04:12 AM",68.6881
"2017-11-05:12 AM",71.0757
"2017-11-06:12 AM",61.3497
"2017-11-07:12 AM",53.6956
"2017-11-08:12 AM",47.8441
"2017-11-09:12 AM",46.3748
"2017-11-10:12 AM",45.6238
"2017-11-11:12 AM",45.6157
"2017-11-12:12 AM",54.7291
"2017-11-13:12 AM",51.618
"2017-11-14:12 AM",49.8535
"2017-11-15:12 AM",55.4803
"2017-11-16:12 AM",51.8058
"2017-11-17:12 AM",59.1024
"2017-11-18:12 AM",62.3478
"2017-11-19:12 AM",43.7601
"2017-11-20:12 AM",42.5752
"2017-11-21:12 AM",47.0991
"2017-11-22:12 AM",40.6479
"2017-11-23:12 AM",39.4021
"2017-11-24:12 AM",49.3896
"2017-11-25:12 AM",55.049
"2017-11-26:12 AM",49.7815
"2017-11-27:12 AM",52.1251
"2017-11-28:12 AM",53.868
"2017-11-29:12 AM",55.8862
"2017-11-30:12 AM",55.6275
"2017-12-01:12 AM",50.0293
"2017-12-02:12 AM",52.0516
"2017-12-03:12 AM",59.3686
"2017-12-04:12 AM",61.1035
"2017-12-05:12 AM",47.8319
"2017-12-06:12 AM",41.8008
"2017-12-07:12 AM",35.8903
"2017-12-08:12 AM",29.7991
"2017-12-09:12 AM",34.7263
"2017-12-10:12 AM",39.294
"2017-12-11:12 AM",49.0356
"2017-12-12:12 AM",42.4938
"2017-12-13:12 AM",42.1891
"2017-12-14:12 AM",42.7044
"2017-12-15:12 AM",37.6245
"2017-12-16:12 AM",42.1698
"2017-12-17:12 AM",45.392
"2017-12-18:12 AM",46.6383
"2017-12-19:12 AM",51.1342
"2017-12-20:12 AM",54.6942
"2017-12-21:12 AM",54.2358
"2017-12-22:12 AM",56.8963
"2017-12-23:12 AM",40.2917
"2017-12-24:12 AM",36.0151
"2017-12-25:12 AM",31.5129
"2017-12-26:12 AM",31.734
"2017-12-27:12 AM",26.4985
"2017-12-28:12 AM",24.4276
"2017-12-29:12 AM",29.7441
"2017-12-30:12 AM",33.6862
"2017-12-31:12 AM",23.0767
"2018-01-01:12 AM",15.4643
"2018-01-02:12 AM",17.2184
"2018-01-03:12 AM",23.2169
"2018-01-04:12 AM",24.7743
"2018-01-05:12 AM",29.4417
"2018-01-06:12 AM",29.9867
"2018-01-07:12 AM",36.1441
"2018-01-08:12 AM",43.4779
"2018-01-09:12 AM",41.5177
"2018-01-10:12 AM",48.3357
"2018-01-11:12 AM",55.6873
"2018-01-12:12 AM",27.0799
"2018-01-13:12 AM",25.3753
"2018-01-14:12 AM",26.0895
"2018-01-15:12 AM",30.5857
"2018-01-16:12 AM",14.3283
"2018-01-17:12 AM",12.7283
"2018-01-18:12 AM",22.4953
"2018-01-19:12 AM",32.8564
"2018-01-20:12 AM",43.9295
"2018-01-21:12 AM",57.9144
"2018-01-22:12 AM",51.1822
"2018-01-23:12 AM",38.9989
"2018-01-24:12 AM",38.2145
"2018-01-25:12 AM",42.8898
"2018-01-26:12 AM",45.8584
"2018-01-27:12 AM",54.8303
"2018-01-28:12 AM",45.5194
"2018-01-29:12 AM",38.0412
"2018-01-30:12 AM",33.3253
"2018-01-31:12 AM",41.8975
"2018-02-01:12 AM",45.975
"2018-02-02:12 AM",31.6863
"2018-02-03:12 AM",35.2377
"2018-02-04:12 AM",40.1025
"2018-02-05:12 AM",31.4044
"2018-02-06:12 AM",35.4094
"2018-02-07:12 AM",32.6268
"2018-02-08:12 AM",34.5079
"2018-02-09:12 AM",43.6176
"2018-02-10:12 AM",48.1498
"2018-02-11:12 AM",34.7169
"2018-02-12:12 AM",31.5232
"2018-02-13:12 AM",35.9082
"2018-02-14:12 AM",49.2742
"2018-02-15:12 AM",64.1422
"2018-02-16:12 AM",54.4557
"2018-02-17:12 AM",44.3754
"2018-02-18:12 AM",43.7985
"2018-02-19:12 AM",60.8641
"2018-02-20:12 AM",66.5922
"2018-02-21:12 AM",47.0253
"2018-02-22:12 AM",44.4328
"2018-02-23:12 AM",52.7304
"2018-02-24:12 AM",60.0602
"2018-02-25:12 AM",46.9074
"2018-02-26:12 AM",47.3122
"2018-02-27:12 AM",51.9112
"2018-02-28:12 AM",60.7122
"2018-03-01:12 AM",56.0035
"2018-03-02:12 AM",47.5398
"2018-03-03:12 AM",47.1853
"2018-03-04:12 AM",48.276
"2018-03-05:12 AM",54.5689
"2018-03-06:12 AM",46.4286
"2018-03-07:12 AM",38.3634
"2018-03-08:12 AM",39.6622
"2018-03-09:12 AM",49.0582
"2018-03-10:12 AM",58.6468
"2018-03-11:12 AM",53.3865
"2018-03-12:12 AM",42.1374
"2018-03-13:12 AM",42.9408
"2018-03-14:12 AM",43.3427
"2018-03-15:12 AM",51.411
"2018-03-16:12 AM",59.4885
"2018-03-17:12 AM",60.7359
"2018-03-18:12 AM",52.5405
"2018-03-19:12 AM",55.512
"2018-03-20:12 AM",47.8683
"2018-03-21:12 AM",45.5279
"2018-03-22:12 AM",50.0733
"2018-03-23:12 AM",57.8178
"2018-03-24:12 AM",63.5506
"2018-03-25:12 AM",51.9429
"2018-03-26:12 AM",56.8827
"2018-03-27:12 AM",64.9285
"2018-03-28:12 AM",59.4342
"2018-03-29:12 AM",58.5286
"2018-03-30:12 AM",50.884
"2018-03-31:12 AM",55.1964
"2018-04-01:12 AM",54.1526
"2018-04-02:12 AM",48.2922
"2018-04-03:12 AM",62.2072
"2018-04-04:12 AM",43.2102
"2018-04-05:12 AM",46.5006
"2018-04-06:12 AM",53.46
"2018-04-07:12 AM",38.1036
"2018-04-08:12 AM",38.5306
"2018-04-09:12 AM",46.5433
"2018-04-10:12 AM",48.1467
"2018-04-11:12 AM",54.3144
"2018-04-12:12 AM",62.593
"2018-04-13:12 AM",66.8338
"2018-04-14:12 AM",55.8919
"2018-04-15:12 AM",40.3144
"2018-04-16:12 AM",43.0747
"2018-04-17:12 AM",57.7114
"2018-04-18:12 AM",63.7974
"2018-04-19:12 AM",49.2193
"2018-04-20:12 AM",49.888
"2018-04-21:12 AM",55.6007
"2018-04-22:12 AM",58.4496
"2018-04-23:12 AM",56.1916
"2018-04-24:12 AM",60.735
"2018-04-25:12 AM",57.9321
"2018-04-26:12 AM",56.6487
"2018-04-27:12 AM",60.0006
"2018-04-28:12 AM",61.7941
"2018-04-29:12 AM",59.2984
"2018-04-30:12 AM",62.0865
"2018-05-01:12 AM",64.3057
"2018-05-02:12 AM",70.1325
"2018-05-03:12 AM",70.3926
"2018-05-04:12 AM",70.1728
"2018-05-05:12 AM",67.2899
"2018-05-06:12 AM",69.0741
"2018-05-07:12 AM",71.3277
"2018-05-08:12 AM",72.8544
"2018-05-09:12 AM",75.0799
"2018-05-10:12 AM",73.008
"2018-05-11:12 AM",73.6313
"2018-05-12:12 AM",75.7247
"2018-05-13:12 AM",77.313
"2018-05-14:12 AM",77.9164
"2018-05-15:12 AM",77.3703
"2018-05-16:12 AM",73.7906
"2018-05-17:12 AM",72.8168
"2018-05-18:12 AM",73.9591
"2018-05-19:12 AM",77.7358
"2018-05-20:12 AM",78.2731
"2018-05-21:12 AM",75.2947
"2018-05-22:12 AM",75.538
"2018-05-23:12 AM",75.0819
"2018-05-24:12 AM",75.1059
"2018-05-25:12 AM",77.7432
"2018-05-26:12 AM",77.5117
"2018-05-27:12 AM",78.0386
"2018-05-28:12 AM",78.579
"2018-05-29:12 AM",77.8053
"2018-05-30:12 AM",80.4447
"2018-05-31:12 AM",82.422
"2018-06-01:12 AM",82.584
"2018-06-02:12 AM",83.8216
"2018-06-03:12 AM",77.7472
"2018-06-04:12 AM",73.1295
"2018-06-05:12 AM",77.2221
"2018-06-06:12 AM",77.553
"2018-06-07:12 AM",79.3596
"2018-06-08:12 AM",80.6232
"2018-06-09:12 AM",77.4111
"2018-06-10:12 AM",80.8707
"2018-06-11:12 AM",80.7364
"2018-06-12:12 AM",82.1381
"2018-06-13:12 AM",83.4584
"2018-06-14:12 AM",83.7545
"2018-06-15:12 AM",84.202
"2018-06-16:12 AM",84.0652
"2018-06-17:12 AM",82.6002
"2018-06-18:12 AM",80.4909
"2018-06-19:12 AM",77.4153
"2018-06-20:12 AM",74.9039
"2018-06-21:12 AM",80.0049
"2018-06-22:12 AM",79.0232
"2018-06-23:12 AM",77.6548
"2018-06-24:12 AM",80.8516
"2018-06-25:12 AM",82.9794
"2018-06-26:12 AM",84.1521
"2018-06-27:12 AM",85.8141
"2018-06-28:12 AM",86.9893
"2018-06-29:12 AM",86.2912
"2018-06-30:12 AM",85.6566
"2018-07-01:12 AM",84.8514
"2018-07-02:12 AM",84.0132
"2018-07-03:12 AM",83.3713
"2018-07-04:12 AM",84.3582
"2018-07-05:12 AM",85.4814
"2018-07-06:12 AM",85.5333
"2018-07-07:12 AM",80.9287
"2018-07-08:12 AM",78.98
"2018-07-09:12 AM",79.9891
"2018-07-10:12 AM",81.3691
"2018-07-11:12 AM",84.3809
"2018-07-12:12 AM",84.3807
"2018-07-13:12 AM",85.1895
"2018-07-14:12 AM",85.6818
"2018-07-15:12 AM",85.9689
"2018-07-16:12 AM",85.926
"2018-07-17:12 AM",84.4221
"2018-07-18:12 AM",78.5001
"2018-07-19:12 AM",83.8726
"2018-07-20:12 AM",89.4439
"2018-07-21:12 AM",87.3118
"2018-07-22:12 AM",81.3758
"2018-07-23:12 AM",80.6068
"2018-07-24:12 AM",80.5329
"2018-07-25:12 AM",82.9791
"2018-07-26:12 AM",82.2378
"2018-07-27:12 AM",79.2676
"2018-07-28:12 AM",77.4133
"2018-07-29:12 AM",74.5408
"2018-07-30:12 AM",75.9969
"2018-07-31:12 AM",75.1104
"2018-08-01:12 AM",75.3606
"2018-08-02:12 AM",77.5855
"2018-08-03:12 AM",78.3939
"2018-08-04:12 AM",80.0004
"2018-08-05:12 AM",81.1058
"2018-08-06:12 AM",84.2734
"2018-08-07:12 AM",83.7932
"2018-08-08:12 AM",80.5557
"2018-08-09:12 AM",76.665
"2018-08-10:12 AM",80.0031
"2018-08-11:12 AM",80.8504
"2018-08-12:12 AM",78.2998
"2018-08-13:12 AM",77.4075
"2018-08-14:12 AM",76.2159
"2018-08-15:12 AM",80.4735
"2018-08-16:12 AM",83.815
"2018-08-17:12 AM",80.8275
"2018-08-18:12 AM",80.0024
"2018-08-19:12 AM",76.4947
"2018-08-20:12 AM",77.8782
"2018-08-21:12 AM",74.3513
"2018-08-22:12 AM",76.302
"2018-08-23:12 AM",73.2204
"2018-08-24:12 AM",77.5499
"2018-08-25:12 AM",82.4623
"2018-08-26:12 AM",82.5165
"2018-08-27:12 AM",83.4355
"2018-08-28:12 AM",82.9643
"2018-08-29:12 AM",79.795
"2018-08-30:12 AM",79.3148
"2018-08-31:12 AM",79.9909
"2018-09-01:12 AM",80.28
"2018-09-02:12 AM",79.7585
"2018-09-03:12 AM",79.605
"2018-09-04:12 AM",80.7328
"2018-09-05:12 AM",79.2984
"2018-09-06:12 AM",76.176
"2018-09-07:12 AM",75.5202
"2018-09-08:12 AM",74.3254
"2018-09-09:12 AM",67.9296
"2018-09-10:12 AM",67.6263
"2018-09-11:12 AM",67.0185
"2018-09-12:12 AM",67.4139
"2018-09-13:12 AM",72.8285
"2018-09-14:12 AM",77.8869
"2018-09-15:12 AM",78.807
"2018-09-16:12 AM",78.3622
"2018-09-17:12 AM",78.4837
"2018-09-18:12 AM",79.7445
"2018-09-19:12 AM",81.2368
"2018-09-20:12 AM",80.9505
"2018-09-21:12 AM",77.3091
"2018-09-22:12 AM",65.4991
"2018-09-23:12 AM",63.7245
"2018-09-24:12 AM",71.3021
"2018-09-25:12 AM",75.3946
"2018-09-26:12 AM",68.9373
"2018-09-27:12 AM",63.3475
"2018-09-28:12 AM",61.0444
"2018-09-29:12 AM",63.5072
"2018-09-30:12 AM",67.0251
"2018-10-01:12 AM",71.3903
"2018-10-02:12 AM",74.9568
"2018-10-03:12 AM",77.4891
"2018-10-04:12 AM",78.316
"2018-10-05:12 AM",78.0085
"2018-10-06:12 AM",76.9363
"2018-10-07:12 AM",75.1183
"2018-10-08:12 AM",75.4243
"2018-10-09:12 AM",73.7668
"2018-10-10:12 AM",68.4325
"2018-10-11:12 AM",56.1367
"2018-10-12:12 AM",54.2547
"2018-10-13:12 AM",56.4181
"2018-10-14:12 AM",62.0434
"2018-10-15:12 AM",52.3233
"2018-10-16:12 AM",45.8818
"2018-10-17:12 AM",52.0689
"2018-10-18:12 AM",55.4022
"2018-10-19:12 AM",54.4122
"2018-10-20:12 AM",58.4575
"2018-10-21:12 AM",47.5345
"2018-10-22:12 AM",46.0654
"2018-10-23:12 AM",53.5719
"2018-10-24:12 AM",54.1605
"2018-10-25:12 AM",52.6467
"2018-10-26:12 AM",51.8194
"2018-10-27:12 AM",54.5916
"2018-10-28:12 AM",62.6436
"2018-10-29:12 AM",59.3103
"2018-10-30:12 AM",65.8625
"2018-10-31:12 AM",67.4623
"2018-11-01:12 AM",51.8556
"2018-11-02:12 AM",46.8995
"2018-11-03:12 AM",51.8077
"2018-11-04:12 AM",55.0837
"2018-11-05:12 AM",52.5481
"2018-11-06:12 AM",56.3812
"2018-11-07:12 AM",53.8563
"2018-11-08:12 AM",49.2217
"2018-11-09:12 AM",43.0509
"2018-11-10:12 AM",33.1824
"2018-11-11:12 AM",36.9588
"2018-11-12:12 AM",38.4973
"2018-11-13:12 AM",31.0156
"2018-11-14:12 AM",29.3891
"2018-11-15:12 AM",33.5278
"2018-11-16:12 AM",43.8904
"2018-11-17:12 AM",49.5757
"2018-11-18:12 AM",48.9722
"2018-11-19:12 AM",41.6196
"2018-11-20:12 AM",39.1498
"2018-11-21:12 AM",39.9362
"2018-11-22:12 AM",42.8779
"2018-11-23:12 AM",47.3524
"2018-11-24:12 AM",52.3593
"2018-11-25:12 AM",50.1352
"2018-11-26:12 AM",33.4702
"2018-11-27:12 AM",33.3183
"2018-11-28:12 AM",39.6365
"2018-11-29:12 AM",55.8102
"2018-11-30:12 AM",63.8839
"2018-12-01:12 AM",61.0754
"2018-12-02:12 AM",48.3814
"2018-12-03:12 AM",39.5197
"2018-12-04:12 AM",33.8531
"2018-12-05:12 AM",34.1496
"2018-12-06:12 AM",37.0206
"2018-12-07:12 AM",38.2028
"2018-12-08:12 AM",34.3832
"2018-12-09:12 AM",33.0717
"2018-12-10:12 AM",31.5259
"2018-12-11:12 AM",37.5136
"2018-12-12:12 AM",45.0653
"2018-12-13:12 AM",53.5811
"2018-12-14:12 AM",51.2539
"2018-12-15:12 AM",44.8657
"2018-12-16:12 AM",46.2787
"2018-12-17:12 AM",46.3284
"2018-12-18:12 AM",46.8594
"2018-12-19:12 AM",47.5065
"2018-12-20:12 AM",46.274
"2018-12-21:12 AM",40.4739
"2018-12-22:12 AM",43.7344
"2018-12-23:12 AM",45.2341
"2018-12-24:12 AM",40.1027
"2018-12-25:12 AM",47.0174
"2018-12-26:12 AM",52.4444
"2018-12-27:12 AM",54.5916
"2018-12-28:12 AM",40.3707
"2018-12-29:12 AM",34.7711
"2018-12-30:12 AM",38.3751
"2018-12-31:12 AM",48.5811
"2019-01-01:12 AM",42.4598
"2019-01-02:12 AM",38.3565
"2019-01-03:12 AM",38.8938
"2019-01-04:12 AM",39.7922
"2019-01-05:12 AM",42.8851
"2019-01-06:12 AM",49.6522
"2019-01-07:12 AM",56.8359
"2019-01-08:12 AM",54.1382
"2019-01-09:12 AM",41.4199
"2019-01-10:12 AM",35.89
"2019-01-11:12 AM",36.4399
"2019-01-12:12 AM",41.0252
"2019-01-13:12 AM",36.5938
"2019-01-14:12 AM",35.7604
"2019-01-15:12 AM",37.1197
"2019-01-16:12 AM",40.3668
"2019-01-17:12 AM",49.9633
"2019-01-18:12 AM",48.0544
"2019-01-19:12 AM",42.9615
"2019-01-20:12 AM",29.0471
"2019-01-21:12 AM",31.2156
"2019-01-22:12 AM",43.2262
"2019-01-23:12 AM",36.837
"2019-01-24:12 AM",33.2991
"2019-01-25:12 AM",31.7973
"2019-01-26:12 AM",37.1775
"2019-01-27:12 AM",41.1813
"2019-01-28:12 AM",42.3696
"2019-01-29:12 AM",30.4896
"2019-01-30:12 AM",28.8039
"2019-01-31:12 AM",32.4145
"2019-02-01:12 AM",43.5153
"2019-02-02:12 AM",50.4529
"2019-02-03:12 AM",54.8289
"2019-02-04:12 AM",61.6856
"2019-02-05:12 AM",61.6282
"2019-02-06:12 AM",65.6958
"2019-02-07:12 AM",52.4455
"2019-02-08:12 AM",28.6619
"2019-02-09:12 AM",30.2569
"2019-02-10:12 AM",35.9269
"2019-02-11:12 AM",47.8026
"2019-02-12:12 AM",47.2986
"2019-02-13:12 AM",42.7176
"2019-02-14:12 AM",50.4905
"2019-02-15:12 AM",45.2896
"2019-02-16:12 AM",34.2034
"2019-02-17:12 AM",39.4574
"2019-02-18:12 AM",34.1649
"2019-02-19:12 AM",34.5533
"2019-02-20:12 AM",40.4766
"2019-02-21:12 AM",40.2906
"2019-02-22:12 AM",45.667
"2019-02-23:12 AM",55.2018
"2019-02-24:12 AM",41.9446
"2019-02-25:12 AM",41.1438
"2019-02-26:12 AM",45.2997
"2019-02-27:12 AM",50.7753
"2019-02-28:12 AM",41.9551
"2019-03-01:12 AM",38.2131
"2019-03-02:12 AM",42.1515
"2019-03-03:12 AM",35.7562
"2019-03-04:12 AM",25.0437
"2019-03-05:12 AM",28.0391
"2019-03-06:12 AM",31.2449
"2019-03-07:12 AM",35.7496
"2019-03-08:12 AM",49.532
"2019-03-09:12 AM",59.3181
"2019-03-10:12 AM",50.2959
"2019-03-11:12 AM",49.6935
"2019-03-12:12 AM",52.5312
"2019-03-13:12 AM",59.8233
"2019-03-14:12 AM",57.6477
"2019-03-15:12 AM",44.1547