"DateTime","(deg F) Mean Temperature (CFSR) at Connecticut, 2010-01-01 to 2019-03-14"
"2010-01-01:12 AM",31.0786
"2010-01-02:12 AM",26.0944
"2010-01-03:12 AM",16.6275
"2010-01-04:12 AM",20.1441
"2010-01-05:12 AM",20.3164
"2010-01-06:12 AM",22.3644
"2010-01-07:12 AM",26.6592
"2010-01-08:12 AM",25.4282
"2010-01-09:12 AM",18.2646
"2010-01-10:12 AM",15.7455
"2010-01-11:12 AM",21.4741
"2010-01-12:12 AM",23.8411
"2010-01-13:12 AM",21.7018
"2010-01-14:12 AM",28.6335
"2010-01-15:12 AM",33.8594
"2010-01-16:12 AM",33.688
"2010-01-17:12 AM",32.9081
"2010-01-18:12 AM",34.6629
"2010-01-19:12 AM",35.8628
"2010-01-20:12 AM",31.8578
"2010-01-21:12 AM",29.8501
"2010-01-22:12 AM",29.7676
"2010-01-23:12 AM",26.9656
"2010-01-24:12 AM",31.4465
"2010-01-25:12 AM",49.1662
"2010-01-26:12 AM",37.1577
"2010-01-27:12 AM",30.8345
"2010-01-28:12 AM",28.2261
"2010-01-29:12 AM",14.6804
"2010-01-30:12 AM",12.2315
"2010-01-31:12 AM",17.3188
"2010-02-01:12 AM",23.6788
"2010-02-02:12 AM",24.1452
"2010-02-03:12 AM",27.9345
"2010-02-04:12 AM",25.1793
"2010-02-05:12 AM",25.9446
"2010-02-06:12 AM",22.1356
"2010-02-07:12 AM",18.5144
"2010-02-08:12 AM",21.5244
"2010-02-09:12 AM",25.3414
"2010-02-10:12 AM",29.6091
"2010-02-11:12 AM",28.0852
"2010-02-12:12 AM",22.7853
"2010-02-13:12 AM",21.1629
"2010-02-14:12 AM",25.6253
"2010-02-15:12 AM",28.0845
"2010-02-16:12 AM",29.9061
"2010-02-17:12 AM",27.3855
"2010-02-18:12 AM",29.8418
"2010-02-19:12 AM",30.196
"2010-02-20:12 AM",32.6705
"2010-02-21:12 AM",30.4923
"2010-02-22:12 AM",30.7508
"2010-02-23:12 AM",33.5653
"2010-02-24:12 AM",36.0358
"2010-02-25:12 AM",36.8933
"2010-02-26:12 AM",32.5773
"2010-02-27:12 AM",31.4076
"2010-02-28:12 AM",31.9771
"2010-03-01:12 AM",34.8906
"2010-03-02:12 AM",35.2029
"2010-03-03:12 AM",34.1812
"2010-03-04:12 AM",34.2705
"2010-03-05:12 AM",32.5454
"2010-03-06:12 AM",32.8051
"2010-03-07:12 AM",35.0697
"2010-03-08:12 AM",38.5545
"2010-03-09:12 AM",41.3919
"2010-03-10:12 AM",37.7098
"2010-03-11:12 AM",39.1879
"2010-03-12:12 AM",38.3607
"2010-03-13:12 AM",38.1312
"2010-03-14:12 AM",43.8283
"2010-03-15:12 AM",38.5439
"2010-03-16:12 AM",40.9883
"2010-03-17:12 AM",43.0221
"2010-03-18:12 AM",46.0557
"2010-03-19:12 AM",48.643
"2010-03-20:12 AM",50.2642
"2010-03-21:12 AM",46.2529
"2010-03-22:12 AM",45.9446
"2010-03-23:12 AM",43.9815
"2010-03-24:12 AM",40.6701
"2010-03-25:12 AM",44.3406
"2010-03-26:12 AM",34.6507
"2010-03-27:12 AM",28.5521
"2010-03-28:12 AM",35.3232
"2010-03-29:12 AM",47.0979
"2010-03-30:12 AM",44.0474
"2010-03-31:12 AM",44.7006
"2010-04-01:12 AM",47.8812
"2010-04-02:12 AM",49.2274
"2010-04-03:12 AM",48.2205
"2010-04-04:12 AM",52.457
"2010-04-05:12 AM",52.9608
"2010-04-06:12 AM",56.2183
"2010-04-07:12 AM",63.7338
"2010-04-08:12 AM",60.2613
"2010-04-09:12 AM",49.4485
"2010-04-10:12 AM",40.5916
"2010-04-11:12 AM",49.8178
"2010-04-12:12 AM",47.1229
"2010-04-13:12 AM",45.2538
"2010-04-14:12 AM",47.4055
"2010-04-15:12 AM",52.0351
"2010-04-16:12 AM",44.9166
"2010-04-17:12 AM",44.4155
"2010-04-18:12 AM",43.0835
"2010-04-19:12 AM",48.1338
"2010-04-20:12 AM",52.7279
"2010-04-21:12 AM",54.3337
"2010-04-22:12 AM",53.4254
"2010-04-23:12 AM",50.257
"2010-04-24:12 AM",52.81
"2010-04-25:12 AM",48.0094
"2010-04-26:12 AM",48.4785
"2010-04-27:12 AM",47.3882
"2010-04-28:12 AM",42.1799
"2010-04-29:12 AM",49.6872
"2010-04-30:12 AM",58.2233
"2010-05-01:12 AM",65.3108
"2010-05-02:12 AM",69.4476
"2010-05-03:12 AM",69.2742
"2010-05-04:12 AM",64.0706
"2010-05-05:12 AM",62.4929
"2010-05-06:12 AM",63.7961
"2010-05-07:12 AM",57.1069
"2010-05-08:12 AM",58.1997
"2010-05-09:12 AM",44.2101
"2010-05-10:12 AM",45.6417
"2010-05-11:12 AM",46.8815
"2010-05-12:12 AM",42.2818
"2010-05-13:12 AM",49.6114
"2010-05-14:12 AM",58.039
"2010-05-15:12 AM",59.9459
"2010-05-16:12 AM",56.6263
"2010-05-17:12 AM",60.4335
"2010-05-18:12 AM",51.1871
"2010-05-19:12 AM",51.5318
"2010-05-20:12 AM",62.8255
"2010-05-21:12 AM",67.3844
"2010-05-22:12 AM",60.879
"2010-05-23:12 AM",59.7519
"2010-05-24:12 AM",63.9705
"2010-05-25:12 AM",67.1142
"2010-05-26:12 AM",75.9092
"2010-05-27:12 AM",67.1407
"2010-05-28:12 AM",61.8622
"2010-05-29:12 AM",63.3888
"2010-05-30:12 AM",68.904
"2010-05-31:12 AM",67.662
"2010-06-01:12 AM",68.1114
"2010-06-02:12 AM",69.2674
"2010-06-03:12 AM",69.3241
"2010-06-04:12 AM",72.3324
"2010-06-05:12 AM",74.3968
"2010-06-06:12 AM",69.8232
"2010-06-07:12 AM",61.9383
"2010-06-08:12 AM",59.1357
"2010-06-09:12 AM",58.1893
"2010-06-10:12 AM",61.4925
"2010-06-11:12 AM",60.4123
"2010-06-12:12 AM",62.0107
"2010-06-13:12 AM",63.6591
"2010-06-14:12 AM",65.8332
"2010-06-15:12 AM",66.3996
"2010-06-16:12 AM",63.7997
"2010-06-17:12 AM",67.9359
"2010-06-18:12 AM",69.6628
"2010-06-19:12 AM",68.5009
"2010-06-20:12 AM",72.5533
"2010-06-21:12 AM",74.0021
"2010-06-22:12 AM",71.1406
"2010-06-23:12 AM",73.5791
"2010-06-24:12 AM",77.6752
"2010-06-25:12 AM",73.8462
"2010-06-26:12 AM",71.8509
"2010-06-27:12 AM",74.4681
"2010-06-28:12 AM",80.6911
"2010-06-29:12 AM",77.6174
"2010-06-30:12 AM",65.1475
"2010-07-01:12 AM",63.5004
"2010-07-02:12 AM",65.8497
"2010-07-03:12 AM",69.1606
"2010-07-04:12 AM",76.1605
"2010-07-05:12 AM",78.2677
"2010-07-06:12 AM",84.0189
"2010-07-07:12 AM",81.833
"2010-07-08:12 AM",77.0617
"2010-07-09:12 AM",76.3939
"2010-07-10:12 AM",72.7027
"2010-07-11:12 AM",75.126
"2010-07-12:12 AM",76.131
"2010-07-13:12 AM",73.683
"2010-07-14:12 AM",71.8651
"2010-07-15:12 AM",74.1171
"2010-07-16:12 AM",77.9214
"2010-07-17:12 AM",78.7932
"2010-07-18:12 AM",79.2547
"2010-07-19:12 AM",75.202
"2010-07-20:12 AM",77.0187
"2010-07-21:12 AM",76.7568
"2010-07-22:12 AM",75.4646
"2010-07-23:12 AM",72.779
"2010-07-24:12 AM",78.2854
"2010-07-25:12 AM",75.6495
"2010-07-26:12 AM",71.9024
"2010-07-27:12 AM",74.1753
"2010-07-28:12 AM",75.366
"2010-07-29:12 AM",76.824
"2010-07-30:12 AM",69.2722
"2010-07-31:12 AM",66.5218
"2010-08-01:12 AM",66.8728
"2010-08-02:12 AM",71.0641
"2010-08-03:12 AM",72.6976
"2010-08-04:12 AM",77.5728
"2010-08-05:12 AM",77.5119
"2010-08-06:12 AM",74.4271
"2010-08-07:12 AM",67.9131
"2010-08-08:12 AM",71.5195
"2010-08-09:12 AM",77.3258
"2010-08-10:12 AM",76.6598
"2010-08-11:12 AM",76.2903
"2010-08-12:12 AM",70.009
"2010-08-13:12 AM",68.7022
"2010-08-14:12 AM",65.7547
"2010-08-15:12 AM",68.4248
"2010-08-16:12 AM",72.8996
"2010-08-17:12 AM",76.5336
"2010-08-18:12 AM",72.392
"2010-08-19:12 AM",72.1701
"2010-08-20:12 AM",72.5482
"2010-08-21:12 AM",67.4661
"2010-08-22:12 AM",69.3631
"2010-08-23:12 AM",65.7487
"2010-08-24:12 AM",62.9175
"2010-08-25:12 AM",64.5728
"2010-08-26:12 AM",69.4474
"2010-08-27:12 AM",64.522
"2010-08-28:12 AM",65.9719
"2010-08-29:12 AM",73.1449
"2010-08-30:12 AM",74.7927
"2010-08-31:12 AM",79.7599
"2010-09-01:12 AM",79.9358
"2010-09-02:12 AM",78.8151
"2010-09-03:12 AM",74.9131
"2010-09-04:12 AM",70.3706
"2010-09-05:12 AM",62.8252
"2010-09-06:12 AM",62.5195
"2010-09-07:12 AM",71.2409
"2010-09-08:12 AM",73.0144
"2010-09-09:12 AM",61.6977
"2010-09-10:12 AM",60.3813
"2010-09-11:12 AM",62.0226
"2010-09-12:12 AM",59.3087
"2010-09-13:12 AM",60.1927
"2010-09-14:12 AM",62.6625
"2010-09-15:12 AM",57.9357
"2010-09-16:12 AM",59.5398
"2010-09-17:12 AM",64.5431
"2010-09-18:12 AM",59.76
"2010-09-19:12 AM",64.2322
"2010-09-20:12 AM",61.3362
"2010-09-21:12 AM",58.3417
"2010-09-22:12 AM",69.1819
"2010-09-23:12 AM",68.322
"2010-09-24:12 AM",68.6932
"2010-09-25:12 AM",74.0833
"2010-09-26:12 AM",63.3421
"2010-09-27:12 AM",60.6101
"2010-09-28:12 AM",70.1357
"2010-09-29:12 AM",68.5904
"2010-09-30:12 AM",70.1708
"2010-10-01:12 AM",65.4424
"2010-10-02:12 AM",56.3167
"2010-10-03:12 AM",51.5921
"2010-10-04:12 AM",51.287
"2010-10-05:12 AM",54.6184
"2010-10-06:12 AM",56.3668
"2010-10-07:12 AM",54.8004
"2010-10-08:12 AM",57.6205
"2010-10-09:12 AM",56.5012
"2010-10-10:12 AM",51.5426
"2010-10-11:12 AM",56.7286
"2010-10-12:12 AM",57.9317
"2010-10-13:12 AM",49.7559
"2010-10-14:12 AM",52.1587
"2010-10-15:12 AM",48.184
"2010-10-16:12 AM",46.4904
"2010-10-17:12 AM",49.5219
"2010-10-18:12 AM",48.7668
"2010-10-19:12 AM",48.3568
"2010-10-20:12 AM",51.422
"2010-10-21:12 AM",49.3383
"2010-10-22:12 AM",41.7983
"2010-10-23:12 AM",45.6966
"2010-10-24:12 AM",48.2032
"2010-10-25:12 AM",56.7802
"2010-10-26:12 AM",63.068
"2010-10-27:12 AM",66.2032
"2010-10-28:12 AM",60.9283
"2010-10-29:12 AM",47.2959
"2010-10-30:12 AM",45.5331
"2010-10-31:12 AM",45.0221
"2010-11-01:12 AM",36.95
"2010-11-02:12 AM",36.8175
"2010-11-03:12 AM",38.4638
"2010-11-04:12 AM",45.7426
"2010-11-05:12 AM",46.5091
"2010-11-06:12 AM",41.0749
"2010-11-07:12 AM",38.3477
"2010-11-08:12 AM",36.3592
"2010-11-09:12 AM",43.3026
"2010-11-10:12 AM",46.2459
"2010-11-11:12 AM",41.6867
"2010-11-12:12 AM",44.6043
"2010-11-13:12 AM",47.5844
"2010-11-14:12 AM",45.8823
"2010-11-15:12 AM",48.0009
"2010-11-16:12 AM",49.0825
"2010-11-17:12 AM",52.2775
"2010-11-18:12 AM",42.948
"2010-11-19:12 AM",35.821
"2010-11-20:12 AM",39.2209
"2010-11-21:12 AM",33.2546
"2010-11-22:12 AM",46.9294
"2010-11-23:12 AM",53.2467
"2010-11-24:12 AM",36.9673
"2010-11-25:12 AM",32.2414
"2010-11-26:12 AM",41.7729
"2010-11-27:12 AM",33.123
"2010-11-28:12 AM",30.9927
"2010-11-29:12 AM",33.348
"2010-11-30:12 AM",42.2415
"2010-12-01:12 AM",51.4855
"2010-12-02:12 AM",33.1056
"2010-12-03:12 AM",32.0302
"2010-12-04:12 AM",29.5425
"2010-12-05:12 AM",27.1564
"2010-12-06:12 AM",27.1285
"2010-12-07:12 AM",27.3402
"2010-12-08:12 AM",25.7029
"2010-12-09:12 AM",20.8587
"2010-12-10:12 AM",21.2322
"2010-12-11:12 AM",31.6105
"2010-12-12:12 AM",43.1114
"2010-12-13:12 AM",38.1828
"2010-12-14:12 AM",20.8022
"2010-12-15:12 AM",18.81
"2010-12-16:12 AM",24.2798
"2010-12-17:12 AM",24.5476
"2010-12-18:12 AM",27.4071
"2010-12-19:12 AM",27.9163
"2010-12-20:12 AM",25.9626
"2010-12-21:12 AM",27.0707
"2010-12-22:12 AM",28.1622
"2010-12-23:12 AM",28.6538
"2010-12-24:12 AM",26.6529
"2010-12-25:12 AM",24.3873
"2010-12-26:12 AM",24.6873
"2010-12-27:12 AM",19.9027
"2010-12-28:12 AM",22.6315
"2010-12-29:12 AM",27.0331
"2010-12-30:12 AM",25.7623
"2010-12-31:12 AM",31.8238
"2011-01-01:12 AM",36.2512
"2011-01-02:12 AM",38.8596
"2011-01-03:12 AM",26.785
"2011-01-04:12 AM",29.3392
"2011-01-05:12 AM",29.8753
"2011-01-06:12 AM",26.4812
"2011-01-07:12 AM",28.8622
"2011-01-08:12 AM",27.1341
"2011-01-09:12 AM",23.3856
"2011-01-10:12 AM",22.1209
"2011-01-11:12 AM",20.5344
"2011-01-12:12 AM",25.5609
"2011-01-13:12 AM",17.314
"2011-01-14:12 AM",11.754
"2011-01-15:12 AM",16.8874
"2011-01-16:12 AM",23.0661
"2011-01-17:12 AM",7.9381
"2011-01-18:12 AM",28.7168
"2011-01-19:12 AM",32.1222
"2011-01-20:12 AM",21.4612
"2011-01-21:12 AM",23.1465
"2011-01-22:12 AM",10.4286
"2011-01-23:12 AM",8.7287
"2011-01-24:12 AM",0.0552
"2011-01-25:12 AM",21.4936
"2011-01-26:12 AM",25.4662
"2011-01-27:12 AM",25.8195
"2011-01-28:12 AM",19.2492
"2011-01-29:12 AM",24.8218
"2011-01-30:12 AM",19.8275
"2011-01-31:12 AM",13.5621
"2011-02-01:12 AM",19.7109
"2011-02-02:12 AM",27.8476
"2011-02-03:12 AM",16.1809
"2011-02-04:12 AM",14.4775
"2011-02-05:12 AM",26.4009
"2011-02-06:12 AM",29.878
"2011-02-07:12 AM",28.2358
"2011-02-08:12 AM",25.9705
"2011-02-09:12 AM",14.5926
"2011-02-10:12 AM",17.2391
"2011-02-11:12 AM",16.1785
"2011-02-12:12 AM",25.8849
"2011-02-13:12 AM",27.2053
"2011-02-14:12 AM",37.7506
"2011-02-15:12 AM",20.0433
"2011-02-16:12 AM",26.163
"2011-02-17:12 AM",37.7148
"2011-02-18:12 AM",45.6109
"2011-02-19:12 AM",29.3999
"2011-02-20:12 AM",21.4734
"2011-02-21:12 AM",24.5079
"2011-02-22:12 AM",18.2928
"2011-02-23:12 AM",21.6361
"2011-02-24:12 AM",26.6855
"2011-02-25:12 AM",34.2649
"2011-02-26:12 AM",27.5968
"2011-02-27:12 AM",31.5927
"2011-02-28:12 AM",35.9724
"2011-03-01:12 AM",28.3867
"2011-03-02:12 AM",32.4054
"2011-03-03:12 AM",15.8169
"2011-03-04:12 AM",24.0255
"2011-03-05:12 AM",39.4039
"2011-03-06:12 AM",45.9075
"2011-03-07:12 AM",35.3831
"2011-03-08:12 AM",31.6841
"2011-03-09:12 AM",32.9812
"2011-03-10:12 AM",38.381
"2011-03-11:12 AM",45.8461
"2011-03-12:12 AM",39.3174
"2011-03-13:12 AM",40.7791
"2011-03-14:12 AM",36.6575
"2011-03-15:12 AM",34.8674
"2011-03-16:12 AM",37.0371
"2011-03-17:12 AM",44.8695
"2011-03-18:12 AM",50.9506
"2011-03-19:12 AM",41.5816
"2011-03-20:12 AM",34.9414
"2011-03-21:12 AM",35.5293
"2011-03-22:12 AM",39.1505
"2011-03-23:12 AM",33.6808
"2011-03-24:12 AM",32.6854
"2011-03-25:12 AM",30.1662
"2011-03-26:12 AM",27.9918
"2011-03-27:12 AM",29.8544
"2011-03-28:12 AM",30.5199
"2011-03-29:12 AM",33.5448
"2011-03-30:12 AM",37.7596
"2011-03-31:12 AM",37.9895
"2011-04-01:12 AM",35.1523
"2011-04-02:12 AM",39.4257
"2011-04-03:12 AM",40.8555
"2011-04-04:12 AM",44.809
"2011-04-05:12 AM",47.4987
"2011-04-06:12 AM",39.9868
"2011-04-07:12 AM",41.2176
"2011-04-08:12 AM",40.5853
"2011-04-09:12 AM",42.1648
"2011-04-10:12 AM",44.6094
"2011-04-11:12 AM",52.6399
"2011-04-12:12 AM",52.4305
"2011-04-13:12 AM",44.5516
"2011-04-14:12 AM",49.498
"2011-04-15:12 AM",43.5195
"2011-04-16:12 AM",41.1807
"2011-04-17:12 AM",50.3184
"2011-04-18:12 AM",46.1098
"2011-04-19:12 AM",45.7101
"2011-04-20:12 AM",47.302
"2011-04-21:12 AM",45.5297
"2011-04-22:12 AM",41.007
"2011-04-23:12 AM",44.8286
"2011-04-24:12 AM",57.3229
"2011-04-25:12 AM",53.6581
"2011-04-26:12 AM",58.9008
"2011-04-27:12 AM",61.0632
"2011-04-28:12 AM",60.6416
"2011-04-29:12 AM",55.2283
"2011-04-30:12 AM",50.2767
"2011-05-01:12 AM",51.5345
"2011-05-02:12 AM",50.5364
"2011-05-03:12 AM",56.6193
"2011-05-04:12 AM",51.1095
"2011-05-05:12 AM",48.7062
"2011-05-06:12 AM",53.0825
"2011-05-07:12 AM",55.974
"2011-05-08:12 AM",55.0159
"2011-05-09:12 AM",55.3941
"2011-05-10:12 AM",55.1745
"2011-05-11:12 AM",52.7608
"2011-05-12:12 AM",56.1101
"2011-05-13:12 AM",55.1984
"2011-05-14:12 AM",53.2346
"2011-05-15:12 AM",57.8633
"2011-05-16:12 AM",51.629
"2011-05-17:12 AM",50.3656
"2011-05-18:12 AM",54.5967
"2011-05-19:12 AM",58.8004
"2011-05-20:12 AM",58.0453
"2011-05-21:12 AM",57.8494
"2011-05-22:12 AM",54.6958
"2011-05-23:12 AM",55.1147
"2011-05-24:12 AM",66.2999
"2011-05-25:12 AM",65.5907
"2011-05-26:12 AM",63.3376
"2011-05-27:12 AM",68.5994
"2011-05-28:12 AM",67.7624
"2011-05-29:12 AM",68.1143
"2011-05-30:12 AM",73.566
"2011-05-31:12 AM",71.3458
"2011-06-01:12 AM",70.5313
"2011-06-02:12 AM",62.8048
"2011-06-03:12 AM",59.6435
"2011-06-04:12 AM",60.3003
"2011-06-05:12 AM",57.4331
"2011-06-06:12 AM",65.1319
"2011-06-07:12 AM",71.0724
"2011-06-08:12 AM",76.7071
"2011-06-09:12 AM",78.3964
"2011-06-10:12 AM",72.644
"2011-06-11:12 AM",60.5325
"2011-06-12:12 AM",60.5973
"2011-06-13:12 AM",61.4568
"2011-06-14:12 AM",58.552
"2011-06-15:12 AM",63.4834
"2011-06-16:12 AM",68.0968
"2011-06-17:12 AM",64.9902
"2011-06-18:12 AM",67.7784
"2011-06-19:12 AM",67.6053
"2011-06-20:12 AM",64.7047
"2011-06-21:12 AM",69.9391
"2011-06-22:12 AM",69.4008
"2011-06-23:12 AM",64.4945
"2011-06-24:12 AM",62.3095
"2011-06-25:12 AM",64.9938
"2011-06-26:12 AM",66.4039
"2011-06-27:12 AM",69.6672
"2011-06-28:12 AM",70.9765
"2011-06-29:12 AM",71.2602
"2011-06-30:12 AM",69.4711
"2011-07-01:12 AM",67.6461
"2011-07-02:12 AM",69.696
"2011-07-03:12 AM",71.4906
"2011-07-04:12 AM",72.1818
"2011-07-05:12 AM",73.1579
"2011-07-06:12 AM",75.0639
"2011-07-07:12 AM",73.8446
"2011-07-08:12 AM",72.1254
"2011-07-09:12 AM",72.7115
"2011-07-10:12 AM",69.9166
"2011-07-11:12 AM",76.2854
"2011-07-12:12 AM",79.7754
"2011-07-13:12 AM",75.4315
"2011-07-14:12 AM",67.9788
"2011-07-15:12 AM",70.7608
"2011-07-16:12 AM",72.8568
"2011-07-17:12 AM",74.851
"2011-07-18:12 AM",77.4106
"2011-07-19:12 AM",75.9274
"2011-07-20:12 AM",73.8041
"2011-07-21:12 AM",78.0492
"2011-07-22:12 AM",84.4918
"2011-07-23:12 AM",81.1684
"2011-07-24:12 AM",74.941
"2011-07-25:12 AM",68.0893
"2011-07-26:12 AM",72.2541
"2011-07-27:12 AM",71.3264
"2011-07-28:12 AM",72.6067
"2011-07-29:12 AM",73.4943
"2011-07-30:12 AM",75.9535
"2011-07-31:12 AM",73.8511
"2011-08-01:12 AM",76.7194
"2011-08-02:12 AM",75.4911
"2011-08-03:12 AM",71.5915
"2011-08-04:12 AM",70.6912
"2011-08-05:12 AM",70.0536
"2011-08-06:12 AM",71.649
"2011-08-07:12 AM",74.4107
"2011-08-08:12 AM",74.786
"2011-08-09:12 AM",72.1998
"2011-08-10:12 AM",73.519
"2011-08-11:12 AM",71.559
"2011-08-12:12 AM",67.8628
"2011-08-13:12 AM",70.1793
"2011-08-14:12 AM",67.1506
"2011-08-15:12 AM",67.4897
"2011-08-16:12 AM",64.9195
"2011-08-17:12 AM",70.5744
"2011-08-18:12 AM",72.3837
"2011-08-19:12 AM",72.493
"2011-08-20:12 AM",70.2313
"2011-08-21:12 AM",71.9593
"2011-08-22:12 AM",68.3573
"2011-08-23:12 AM",64.9506
"2011-08-24:12 AM",68.1841
"2011-08-25:12 AM",73.2546
"2011-08-26:12 AM",72.3052
"2011-08-27:12 AM",69.3253
"2011-08-28:12 AM",68.484
"2011-08-29:12 AM",63.0288
"2011-08-30:12 AM",65.6389
"2011-08-31:12 AM",68.5638
"2011-09-01:12 AM",67.7597
"2011-09-02:12 AM",65.4219
"2011-09-03:12 AM",69.5149
"2011-09-04:12 AM",73.1448
"2011-09-05:12 AM",72.2309
"2011-09-06:12 AM",61.4584
"2011-09-07:12 AM",60.8315
"2011-09-08:12 AM",64.6723
"2011-09-09:12 AM",67.7242
"2011-09-10:12 AM",67.5365
"2011-09-11:12 AM",62.3145
"2011-09-12:12 AM",67.6483
"2011-09-13:12 AM",70.1598
"2011-09-14:12 AM",71.7048
"2011-09-15:12 AM",65.6256
"2011-09-16:12 AM",53.074
"2011-09-17:12 AM",52.7131
"2011-09-18:12 AM",54.684
"2011-09-19:12 AM",54.0966
"2011-09-20:12 AM",60.1812
"2011-09-21:12 AM",65.7914
"2011-09-22:12 AM",68.0898
"2011-09-23:12 AM",67.6121
"2011-09-24:12 AM",70.9016
"2011-09-25:12 AM",69.75
"2011-09-26:12 AM",70.1128
"2011-09-27:12 AM",69.0535
"2011-09-28:12 AM",66.3688
"2011-09-29:12 AM",67.7817
"2011-09-30:12 AM",64.1655
"2011-10-01:12 AM",58.5381
"2011-10-02:12 AM",55.2416
"2011-10-03:12 AM",53.6589
"2011-10-04:12 AM",53.6619
"2011-10-05:12 AM",56.7732
"2011-10-06:12 AM",51.1804
"2011-10-07:12 AM",51.224
"2011-10-08:12 AM",59.4014
"2011-10-09:12 AM",65.4602
"2011-10-10:12 AM",66.5492
"2011-10-11:12 AM",62.8509
"2011-10-12:12 AM",56.2302
"2011-10-13:12 AM",59.3897
"2011-10-14:12 AM",63.3106
"2011-10-15:12 AM",55.3332
"2011-10-16:12 AM",55.7938
"2011-10-17:12 AM",56.7595
"2011-10-18:12 AM",56.4265
"2011-10-19:12 AM",56.5047
"2011-10-20:12 AM",59.9401
"2011-10-21:12 AM",52.4433
"2011-10-22:12 AM",50.2628
"2011-10-23:12 AM",48.1563
"2011-10-24:12 AM",51.7908
"2011-10-25:12 AM",50.0128
"2011-10-26:12 AM",50.5767
"2011-10-27:12 AM",44.5438
"2011-10-28:12 AM",38.0498
"2011-10-29:12 AM",37.1323
"2011-10-30:12 AM",33.5437
"2011-10-31:12 AM",34.5499
"2011-11-01:12 AM",39.6421
"2011-11-02:12 AM",39.708
"2011-11-03:12 AM",48.9373
"2011-11-04:12 AM",45.0538
"2011-11-05:12 AM",37.4799
"2011-11-06:12 AM",40.942
"2011-11-07:12 AM",46.1982
"2011-11-08:12 AM",53.2611
"2011-11-09:12 AM",52.4809
"2011-11-10:12 AM",56.5403
"2011-11-11:12 AM",42.6949
"2011-11-12:12 AM",42.399
"2011-11-13:12 AM",50.0009
"2011-11-14:12 AM",54.4444
"2011-11-15:12 AM",59.3665
"2011-11-16:12 AM",53.6781
"2011-11-17:12 AM",44.2818
"2011-11-18:12 AM",36.4714
"2011-11-19:12 AM",40.9051
"2011-11-20:12 AM",51.2058
"2011-11-21:12 AM",47.6094
"2011-11-22:12 AM",41.8604
"2011-11-23:12 AM",42.9312
"2011-11-24:12 AM",37.8487
"2011-11-25:12 AM",44.1444
"2011-11-26:12 AM",48.6016
"2011-11-27:12 AM",50.209
"2011-11-28:12 AM",56.514
"2011-11-29:12 AM",56.4584
"2011-11-30:12 AM",48.0954
"2011-12-01:12 AM",38.3639
"2011-12-02:12 AM",38.9917
"2011-12-03:12 AM",35.9602
"2011-12-04:12 AM",40.9712
"2011-12-05:12 AM",49.51
"2011-12-06:12 AM",55.5044
"2011-12-07:12 AM",50.8239
"2011-12-08:12 AM",36.7644
"2011-12-09:12 AM",39.2295
"2011-12-10:12 AM",36.3688
"2011-12-11:12 AM",30.7823
"2011-12-12:12 AM",34.6064
"2011-12-13:12 AM",34.4905
"2011-12-14:12 AM",36.6771
"2011-12-15:12 AM",46.3626
"2011-12-16:12 AM",44.4567
"2011-12-17:12 AM",34.8121
"2011-12-18:12 AM",25.6671
"2011-12-19:12 AM",32.1053
"2011-12-20:12 AM",37.6425
"2011-12-21:12 AM",45.554
"2011-12-22:12 AM",48.6599
"2011-12-23:12 AM",41.6214
"2011-12-24:12 AM",30.3397
"2011-12-25:12 AM",33.4567
"2011-12-26:12 AM",35.46
"2011-12-27:12 AM",40.6119
"2011-12-28:12 AM",38.4674
"2011-12-29:12 AM",27.5643
"2011-12-30:12 AM",36.3339
"2011-12-31:12 AM",39.9222
"2012-01-01:12 AM",40.665
"2012-01-02:12 AM",37.6984
"2012-01-03:12 AM",23.8113
"2012-01-04:12 AM",18.3088
"2012-01-05:12 AM",28.612
"2012-01-06:12 AM",36.7894
"2012-01-07:12 AM",43.2315
"2012-01-08:12 AM",35.8027
"2012-01-09:12 AM",31.1661
"2012-01-10:12 AM",35.3368
"2012-01-11:12 AM",35.5671
"2012-01-12:12 AM",40.0366
"2012-01-13:12 AM",35.8313
"2012-01-14:12 AM",28.7775
"2012-01-15:12 AM",16.3918
"2012-01-16:12 AM",20.8089
"2012-01-17:12 AM",37.3685
"2012-01-18:12 AM",33.3984
"2012-01-19:12 AM",26.2551
"2012-01-20:12 AM",25.7977
"2012-01-21:12 AM",21.1957
"2012-01-22:12 AM",18.5045
"2012-01-23:12 AM",36.1213
"2012-01-24:12 AM",41.9387
"2012-01-25:12 AM",34.2228
"2012-01-26:12 AM",34.2763
"2012-01-27:12 AM",43.1134
"2012-01-28:12 AM",36.3535
"2012-01-29:12 AM",33.9557
"2012-01-30:12 AM",32.6574
"2012-01-31:12 AM",39.5119
"2012-02-01:12 AM",46.9645
"2012-02-02:12 AM",38.133
"2012-02-03:12 AM",31.3957
"2012-02-04:12 AM",34.4143
"2012-02-05:12 AM",30.2529
"2012-02-06:12 AM",34.7599
"2012-02-07:12 AM",36.3373
"2012-02-08:12 AM",31.1376
"2012-02-09:12 AM",33.2596
"2012-02-10:12 AM",35.2661
"2012-02-11:12 AM",33.125
"2012-02-12:12 AM",22.8839
"2012-02-13:12 AM",28.3402
"2012-02-14:12 AM",34.5481
"2012-02-15:12 AM",37.249
"2012-02-16:12 AM",35.2018
"2012-02-17:12 AM",39.0533
"2012-02-18:12 AM",35.7663
"2012-02-19:12 AM",34.1584
"2012-02-20:12 AM",32.6541
"2012-02-21:12 AM",33.9543
"2012-02-22:12 AM",41.9749
"2012-02-23:12 AM",43.5045
"2012-02-24:12 AM",36.1
"2012-02-25:12 AM",34.6413
"2012-02-26:12 AM",29.1951
"2012-02-27:12 AM",36.7898
"2012-02-28:12 AM",35.7204
"2012-02-29:12 AM",34.4768
"2012-03-01:12 AM",35.2958
"2012-03-02:12 AM",29.5331
"2012-03-03:12 AM",39.861
"2012-03-04:12 AM",35.497
"2012-03-05:12 AM",29.7007
"2012-03-06:12 AM",28.4331
"2012-03-07:12 AM",40.2348
"2012-03-08:12 AM",50.8122
"2012-03-09:12 AM",42.0181
"2012-03-10:12 AM",31.9804
"2012-03-11:12 AM",39.4146
"2012-03-12:12 AM",47.664
"2012-03-13:12 AM",53.6328
"2012-03-14:12 AM",52.3749
"2012-03-15:12 AM",42.7179
"2012-03-16:12 AM",42.0622
"2012-03-17:12 AM",45.4951
"2012-03-18:12 AM",48.3935
"2012-03-19:12 AM",54.4125
"2012-03-20:12 AM",56.1438
"2012-03-21:12 AM",55.7895
"2012-03-22:12 AM",59.9463
"2012-03-23:12 AM",60.3383
"2012-03-24:12 AM",52.6129
"2012-03-25:12 AM",45.0826
"2012-03-26:12 AM",41.9814
"2012-03-27:12 AM",33.6956
"2012-03-28:12 AM",44.8122
"2012-03-29:12 AM",46.2722
"2012-03-30:12 AM",40.8589
"2012-03-31:12 AM",38.6892
"2012-04-01:12 AM",41.0821
"2012-04-02:12 AM",41.8156
"2012-04-03:12 AM",43.3301
"2012-04-04:12 AM",49.1675
"2012-04-05:12 AM",42.9699
"2012-04-06:12 AM",41.6838
"2012-04-07:12 AM",43.3774
"2012-04-08:12 AM",46.2987
"2012-04-09:12 AM",48.1851
"2012-04-10:12 AM",47.9509
"2012-04-11:12 AM",45.633
"2012-04-12:12 AM",46.3998
"2012-04-13:12 AM",48.4009
"2012-04-14:12 AM",53.2116
"2012-04-15:12 AM",60.2013
"2012-04-16:12 AM",65.3113
"2012-04-17:12 AM",62.8126
"2012-04-18:12 AM",51.3792
"2012-04-19:12 AM",54.0239
"2012-04-20:12 AM",55.4608
"2012-04-21:12 AM",59.0131
"2012-04-22:12 AM",49.0807
"2012-04-23:12 AM",51.7676
"2012-04-24:12 AM",46.3177
"2012-04-25:12 AM",47.6627
"2012-04-26:12 AM",47.5239
"2012-04-27:12 AM",45.9943
"2012-04-28:12 AM",42.7068
"2012-04-29:12 AM",46.0987
"2012-04-30:12 AM",47.1443
"2012-05-01:12 AM",49.6359
"2012-05-02:12 AM",47.5691
"2012-05-03:12 AM",50.3542
"2012-05-04:12 AM",55.2393
"2012-05-05:12 AM",55.7667
"2012-05-06:12 AM",53.9991
"2012-05-07:12 AM",54.4563
"2012-05-08:12 AM",53.323
"2012-05-09:12 AM",58.3
"2012-05-10:12 AM",55.7776
"2012-05-11:12 AM",53.3509
"2012-05-12:12 AM",58.694
"2012-05-13:12 AM",63.8566
"2012-05-14:12 AM",62.1896
"2012-05-15:12 AM",59.6388
"2012-05-16:12 AM",63.7864
"2012-05-17:12 AM",57.0389
"2012-05-18:12 AM",56.5327
"2012-05-19:12 AM",59.7769
"2012-05-20:12 AM",62.5032
"2012-05-21:12 AM",57.9024
"2012-05-22:12 AM",61.1105
"2012-05-23:12 AM",63.6784
"2012-05-24:12 AM",62.6005
"2012-05-25:12 AM",61.4233
"2012-05-26:12 AM",69.1225
"2012-05-27:12 AM",67.3518
"2012-05-28:12 AM",71.6392
"2012-05-29:12 AM",74.2465
"2012-05-30:12 AM",68.4592
"2012-05-31:12 AM",67.2283
"2012-06-01:12 AM",62.1775
"2012-06-02:12 AM",62.2409
"2012-06-03:12 AM",62.2924
"2012-06-04:12 AM",52.498
"2012-06-05:12 AM",54.2205
"2012-06-06:12 AM",57.4491
"2012-06-07:12 AM",60.9566
"2012-06-08:12 AM",64.7137
"2012-06-09:12 AM",63.7144
"2012-06-10:12 AM",65.9781
"2012-06-11:12 AM",62.8383
"2012-06-12:12 AM",63.6094
"2012-06-13:12 AM",63.7668
"2012-06-14:12 AM",63.1769
"2012-06-15:12 AM",62.7755
"2012-06-16:12 AM",62.6635
"2012-06-17:12 AM",59.23
"2012-06-18:12 AM",58.4971
"2012-06-19:12 AM",63.7801
"2012-06-20:12 AM",75.7762
"2012-06-21:12 AM",80.7143
"2012-06-22:12 AM",78.7703
"2012-06-23:12 AM",72.3051
"2012-06-24:12 AM",70.2815
"2012-06-25:12 AM",68.1107
"2012-06-26:12 AM",61.7779
"2012-06-27:12 AM",67.0273
"2012-06-28:12 AM",71.0501
"2012-06-29:12 AM",77.4228
"2012-06-30:12 AM",76.4227
"2012-07-01:12 AM",76.095
"2012-07-02:12 AM",72.3202
"2012-07-03:12 AM",73.3109
"2012-07-04:12 AM",74.9205
"2012-07-05:12 AM",76.5171
"2012-07-06:12 AM",74.2957
"2012-07-07:12 AM",76.8954
"2012-07-08:12 AM",75.0389
"2012-07-09:12 AM",71.8329
"2012-07-10:12 AM",71.2247
"2012-07-11:12 AM",71.5879
"2012-07-12:12 AM",73.2279
"2012-07-13:12 AM",74.2852
"2012-07-14:12 AM",77.088
"2012-07-15:12 AM",76.0419
"2012-07-16:12 AM",77.9853
"2012-07-17:12 AM",81.1555
"2012-07-18:12 AM",82.3311
"2012-07-19:12 AM",69.3878
"2012-07-20:12 AM",64.8522
"2012-07-21:12 AM",66.1608
"2012-07-22:12 AM",68.5868
"2012-07-23:12 AM",73.5411
"2012-07-24:12 AM",77.2435
"2012-07-25:12 AM",71.2627
"2012-07-26:12 AM",76.4418
"2012-07-27:12 AM",74.8459
"2012-07-28:12 AM",72.0187
"2012-07-29:12 AM",69.265
"2012-07-30:12 AM",68.4552
"2012-07-31:12 AM",67.3129
"2012-08-01:12 AM",69.8162
"2012-08-02:12 AM",74.1564
"2012-08-03:12 AM",77.927
"2012-08-04:12 AM",77.473
"2012-08-05:12 AM",77.8609
"2012-08-06:12 AM",74.6805
"2012-08-07:12 AM",70.491
"2012-08-08:12 AM",72.4665
"2012-08-09:12 AM",75.6901
"2012-08-10:12 AM",73.7974
"2012-08-11:12 AM",73.7177
"2012-08-12:12 AM",75.4295
"2012-08-13:12 AM",72.6676
"2012-08-14:12 AM",73.1554
"2012-08-15:12 AM",71.6916
"2012-08-16:12 AM",71.7375
"2012-08-17:12 AM",73.7526
"2012-08-18:12 AM",67.3304
"2012-08-19:12 AM",64.0755
"2012-08-20:12 AM",65.4188
"2012-08-21:12 AM",69.1515
"2012-08-22:12 AM",69.352
"2012-08-23:12 AM",71.4249
"2012-08-24:12 AM",72.289
"2012-08-25:12 AM",71.0935
"2012-08-26:12 AM",68.5195
"2012-08-27:12 AM",70.1553
"2012-08-28:12 AM",75.133
"2012-08-29:12 AM",65.5583
"2012-08-30:12 AM",66.0088
"2012-08-31:12 AM",74.4206
"2012-09-01:12 AM",74.4681
"2012-09-02:12 AM",68.1516
"2012-09-03:12 AM",66.6493
"2012-09-04:12 AM",70.2691
"2012-09-05:12 AM",74.2635
"2012-09-06:12 AM",70.7189
"2012-09-07:12 AM",72.4278
"2012-09-08:12 AM",72.4881
"2012-09-09:12 AM",64.8334
"2012-09-10:12 AM",60.9773
"2012-09-11:12 AM",57.2023
"2012-09-12:12 AM",63.7192
"2012-09-13:12 AM",66.027
"2012-09-14:12 AM",66.4929
"2012-09-15:12 AM",63.5679
"2012-09-16:12 AM",57.9733
"2012-09-17:12 AM",60.6193
"2012-09-18:12 AM",66.2104
"2012-09-19:12 AM",61.6899
"2012-09-20:12 AM",56.7482
"2012-09-21:12 AM",58.2723
"2012-09-22:12 AM",60.4843
"2012-09-23:12 AM",59.0099
"2012-09-24:12 AM",52.9979
"2012-09-25:12 AM",58.4047
"2012-09-26:12 AM",64.0393
"2012-09-27:12 AM",64.3273
"2012-09-28:12 AM",59.464
"2012-09-29:12 AM",55.0443
"2012-09-30:12 AM",55.765
"2012-10-01:12 AM",55.9297
"2012-10-02:12 AM",58.8103
"2012-10-03:12 AM",62.8626
"2012-10-04:12 AM",63.9277
"2012-10-05:12 AM",64.3348
"2012-10-06:12 AM",63.2849
"2012-10-07:12 AM",47.6739
"2012-10-08:12 AM",48.4266
"2012-10-09:12 AM",50.5195
"2012-10-10:12 AM",54.8051
"2012-10-11:12 AM",48.8379
"2012-10-12:12 AM",47.5594
"2012-10-13:12 AM",41.5548
"2012-10-14:12 AM",56.2586
"2012-10-15:12 AM",63.7671
"2012-10-16:12 AM",50.677
"2012-10-17:12 AM",47.5772
"2012-10-18:12 AM",51.8081
"2012-10-19:12 AM",61.4604
"2012-10-20:12 AM",61.8807
"2012-10-21:12 AM",52.4014
"2012-10-22:12 AM",53.3127
"2012-10-23:12 AM",53.8716
"2012-10-24:12 AM",52.1067
"2012-10-25:12 AM",53.5462
"2012-10-26:12 AM",57.4668
"2012-10-27:12 AM",57.4662
"2012-10-28:12 AM",53.404
"2012-10-29:12 AM",57.0648
"2012-10-30:12 AM",56.9703
"2012-10-31:12 AM",49.2811
"2012-11-01:12 AM",45.7153
"2012-11-02:12 AM",45.4226
"2012-11-03:12 AM",41.7249
"2012-11-04:12 AM",39.9679
"2012-11-05:12 AM",36.3385
"2012-11-06:12 AM",33.2814
"2012-11-07:12 AM",34.0079
"2012-11-08:12 AM",33.7105
"2012-11-09:12 AM",36.1319
"2012-11-10:12 AM",42.6569
"2012-11-11:12 AM",49.3705
"2012-11-12:12 AM",54.4487
"2012-11-13:12 AM",48.8952
"2012-11-14:12 AM",37.3617
"2012-11-15:12 AM",36.0003
"2012-11-16:12 AM",36.8033
"2012-11-17:12 AM",37.9539
"2012-11-18:12 AM",37.8504
"2012-11-19:12 AM",37.8397
"2012-11-20:12 AM",38.6751
"2012-11-21:12 AM",40.773
"2012-11-22:12 AM",41.9887
"2012-11-23:12 AM",42.9226
"2012-11-24:12 AM",39.0337
"2012-11-25:12 AM",33.683
"2012-11-26:12 AM",35.4751
"2012-11-27:12 AM",34.7302
"2012-11-28:12 AM",33.1353
"2012-11-29:12 AM",34.2153
"2012-11-30:12 AM",34.2694
"2012-12-01:12 AM",32.7324
"2012-12-02:12 AM",42.3729
"2012-12-03:12 AM",47.0728
"2012-12-04:12 AM",47.0664
"2012-12-05:12 AM",47.2827
"2012-12-06:12 AM",32.1073
"2012-12-07:12 AM",36.9147
"2012-12-08:12 AM",40.7131
"2012-12-09:12 AM",42.3671
"2012-12-10:12 AM",49.6216
"2012-12-11:12 AM",42.9091
"2012-12-12:12 AM",35.0582
"2012-12-13:12 AM",35.0614
"2012-12-14:12 AM",36.7479
"2012-12-15:12 AM",36.1211
"2012-12-16:12 AM",37.8039
"2012-12-17:12 AM",39.8944
"2012-12-18:12 AM",44.4133
"2012-12-19:12 AM",38.7961
"2012-12-20:12 AM",36.3684
"2012-12-21:12 AM",43.0572
"2012-12-22:12 AM",32.7736
"2012-12-23:12 AM",33.8076
"2012-12-24:12 AM",33.1282
"2012-12-25:12 AM",33.1716
"2012-12-26:12 AM",30.4655
"2012-12-27:12 AM",35.2416
"2012-12-28:12 AM",27.3101
"2012-12-29:12 AM",28.7076
"2012-12-30:12 AM",23.61
"2012-12-31:12 AM",27.2158
"2013-01-01:12 AM",29.7572
"2013-01-02:12 AM",20.8524
"2013-01-03:12 AM",18.0802
"2013-01-04:12 AM",28.512
"2013-01-05:12 AM",30.7413
"2013-01-06:12 AM",33.3606
"2013-01-07:12 AM",31.8587
"2013-01-08:12 AM",34.6779
"2013-01-09:12 AM",35.6736
"2013-01-10:12 AM",35.7874
"2013-01-11:12 AM",34.3999
"2013-01-12:12 AM",39.4767
"2013-01-13:12 AM",40.9073
"2013-01-14:12 AM",44.4726
"2013-01-15:12 AM",35.1138
"2013-01-16:12 AM",32.158
"2013-01-17:12 AM",34.1125
"2013-01-18:12 AM",22.1245
"2013-01-19:12 AM",32.2664
"2013-01-20:12 AM",35.8677
"2013-01-21:12 AM",26.4717
"2013-01-22:12 AM",19.3003
"2013-01-23:12 AM",12.0582
"2013-01-24:12 AM",10.0528
"2013-01-25:12 AM",13.8943
"2013-01-26:12 AM",15.7145
"2013-01-27:12 AM",18.2052
"2013-01-28:12 AM",26.5456
"2013-01-29:12 AM",31.0557
"2013-01-30:12 AM",44.6113
"2013-01-31:12 AM",44.2621
"2013-02-01:12 AM",27.5194
"2013-02-02:12 AM",23.9623
"2013-02-03:12 AM",25.4007
"2013-02-04:12 AM",24.413
"2013-02-05:12 AM",25.5834
"2013-02-06:12 AM",28.1754
"2013-02-07:12 AM",23.2432
"2013-02-08:12 AM",30.4014
"2013-02-09:12 AM",20.0998
"2013-02-10:12 AM",19.3516
"2013-02-11:12 AM",34.0992
"2013-02-12:12 AM",34.3391
"2013-02-13:12 AM",31.7784
"2013-02-14:12 AM",32.7524
"2013-02-15:12 AM",36.0689
"2013-02-16:12 AM",31.5696
"2013-02-17:12 AM",21.0938
"2013-02-18:12 AM",17.773
"2013-02-19:12 AM",32.8687
"2013-02-20:12 AM",28.0567
"2013-02-21:12 AM",22.3417
"2013-02-22:12 AM",26.8783
"2013-02-23:12 AM",33.4562
"2013-02-24:12 AM",33.8754
"2013-02-25:12 AM",32.0628
"2013-02-26:12 AM",33.4144
"2013-02-27:12 AM",39.1408
"2013-02-28:12 AM",37.0202
"2013-03-01:12 AM",35.7462
"2013-03-02:12 AM",32.8156
"2013-03-03:12 AM",30.4264
"2013-03-04:12 AM",29.223
"2013-03-05:12 AM",32.7362
"2013-03-06:12 AM",35.3313
"2013-03-07:12 AM",32.7396
"2013-03-08:12 AM",32.0938
"2013-03-09:12 AM",33.7546
"2013-03-10:12 AM",35.9487
"2013-03-11:12 AM",38.1398
"2013-03-12:12 AM",47.3297
"2013-03-13:12 AM",37.789
"2013-03-14:12 AM",29.4683
"2013-03-15:12 AM",32.2372
"2013-03-16:12 AM",31.9035
"2013-03-17:12 AM",29.5183
"2013-03-18:12 AM",29.143
"2013-03-19:12 AM",32.3884
"2013-03-20:12 AM",31.026
"2013-03-21:12 AM",30.5065
"2013-03-22:12 AM",29.9158
"2013-03-23:12 AM",31.8537
"2013-03-24:12 AM",34.0399
"2013-03-25:12 AM",35.2342
"2013-03-26:12 AM",36.5279
"2013-03-27:12 AM",37.6209
"2013-03-28:12 AM",38.6706
"2013-03-29:12 AM",41.7853
"2013-03-30:12 AM",41.9194
"2013-03-31:12 AM",42.3853
"2013-04-01:12 AM",42.5435
"2013-04-02:12 AM",33.5359
"2013-04-03:12 AM",33.2964
"2013-04-04:12 AM",36.0331
"2013-04-05:12 AM",41.9144
"2013-04-06:12 AM",35.9546
"2013-04-07:12 AM",42.1092
"2013-04-08:12 AM",50.2012
"2013-04-09:12 AM",54.1731
"2013-04-10:12 AM",54.7128
"2013-04-11:12 AM",50.2054
"2013-04-12:12 AM",39.659
"2013-04-13:12 AM",41.8431
"2013-04-14:12 AM",43.6699
"2013-04-15:12 AM",43.2842
"2013-04-16:12 AM",48.625
"2013-04-17:12 AM",53.6477
"2013-04-18:12 AM",48.7391
"2013-04-19:12 AM",56.8161
"2013-04-20:12 AM",49.9903
"2013-04-21:12 AM",39.6783
"2013-04-22:12 AM",42.3444
"2013-04-23:12 AM",40.3731
"2013-04-24:12 AM",49.5387
"2013-04-25:12 AM",50.4113
"2013-04-26:12 AM",49.5885
"2013-04-27:12 AM",50.0268
"2013-04-28:12 AM",49.7248
"2013-04-29:12 AM",51.262
"2013-04-30:12 AM",52.5497
"2013-05-01:12 AM",51.3948
"2013-05-02:12 AM",54.9932
"2013-05-03:12 AM",52.2711
"2013-05-04:12 AM",51.8067
"2013-05-05:12 AM",47.4521
"2013-05-06:12 AM",49.5783
"2013-05-07:12 AM",56.1465
"2013-05-08:12 AM",56.2518
"2013-05-09:12 AM",55.6538
"2013-05-10:12 AM",61.4379
"2013-05-11:12 AM",58.6501
"2013-05-12:12 AM",56.7788
"2013-05-13:12 AM",47.1042
"2013-05-14:12 AM",46.6205
"2013-05-15:12 AM",51.438
"2013-05-16:12 AM",63.3486
"2013-05-17:12 AM",58.2863
"2013-05-18:12 AM",56.3331
"2013-05-19:12 AM",54.084
"2013-05-20:12 AM",62.7575
"2013-05-21:12 AM",69.1349
"2013-05-22:12 AM",63.8101
"2013-05-23:12 AM",65.5563
"2013-05-24:12 AM",56.6235
"2013-05-25:12 AM",42.6731
"2013-05-26:12 AM",48.9191
"2013-05-27:12 AM",55.4155
"2013-05-28:12 AM",55.9436
"2013-05-29:12 AM",60.7507
"2013-05-30:12 AM",72.475
"2013-05-31:12 AM",73.7847
"2013-06-01:12 AM",72.6033
"2013-06-02:12 AM",71.3424
"2013-06-03:12 AM",66.9976
"2013-06-04:12 AM",59.7965
"2013-06-05:12 AM",60.9456
"2013-06-06:12 AM",59.8374
"2013-06-07:12 AM",56.6757
"2013-06-08:12 AM",62.4407
"2013-06-09:12 AM",65.5486
"2013-06-10:12 AM",60.2839
"2013-06-11:12 AM",65.0219
"2013-06-12:12 AM",63.784
"2013-06-13:12 AM",56.1636
"2013-06-14:12 AM",59.3976
"2013-06-15:12 AM",64.6405
"2013-06-16:12 AM",65.5614
"2013-06-17:12 AM",69.2344
"2013-06-18:12 AM",66.4475
"2013-06-19:12 AM",62.7305
"2013-06-20:12 AM",63.4716
"2013-06-21:12 AM",67.4393
"2013-06-22:12 AM",67.6548
"2013-06-23:12 AM",71.8617
"2013-06-24:12 AM",77.5222
"2013-06-25:12 AM",76.8499
"2013-06-26:12 AM",75.6594
"2013-06-27:12 AM",69.9355
"2013-06-28:12 AM",72.1119
"2013-06-29:12 AM",73.1721
"2013-06-30:12 AM",71.6812
"2013-07-01:12 AM",72.4683
"2013-07-02:12 AM",72.055
"2013-07-03:12 AM",74.3619
"2013-07-04:12 AM",77.9347
"2013-07-05:12 AM",79.2495
"2013-07-06:12 AM",80.083
"2013-07-07:12 AM",78.7939
"2013-07-08:12 AM",77.5015
"2013-07-09:12 AM",73.7571
"2013-07-10:12 AM",75.036
"2013-07-11:12 AM",74.9271
"2013-07-12:12 AM",69.8968
"2013-07-13:12 AM",69.613
"2013-07-14:12 AM",75.5377
"2013-07-15:12 AM",79.2478
"2013-07-16:12 AM",79.1065
"2013-07-17:12 AM",79.2297
"2013-07-18:12 AM",82.3158
"2013-07-19:12 AM",83.6134
"2013-07-20:12 AM",81.9064
"2013-07-21:12 AM",74.3572
"2013-07-22:12 AM",72.7353
"2013-07-23:12 AM",75.1633
"2013-07-24:12 AM",72.9316
"2013-07-25:12 AM",58.836
"2013-07-26:12 AM",66.1386
"2013-07-27:12 AM",70.009
"2013-07-28:12 AM",68.5728
"2013-07-29:12 AM",71.8439
"2013-07-30:12 AM",69.7384
"2013-07-31:12 AM",69.5422
"2013-08-01:12 AM",67.9116
"2013-08-02:12 AM",71.2405
"2013-08-03:12 AM",68.8127
"2013-08-04:12 AM",66.279
"2013-08-05:12 AM",63.0752
"2013-08-06:12 AM",65.4885
"2013-08-07:12 AM",67.0692
"2013-08-08:12 AM",71.7431
"2013-08-09:12 AM",72.8359
"2013-08-10:12 AM",71.5815
"2013-08-11:12 AM",66.1019
"2013-08-12:12 AM",69.2055
"2013-08-13:12 AM",67.1178
"2013-08-14:12 AM",64.283
"2013-08-15:12 AM",63.2485
"2013-08-16:12 AM",65.0181
"2013-08-17:12 AM",68.0896
"2013-08-18:12 AM",65.8389
"2013-08-19:12 AM",67.7205
"2013-08-20:12 AM",71.1009
"2013-08-21:12 AM",72.3103
"2013-08-22:12 AM",72.1404
"2013-08-23:12 AM",70.7805
"2013-08-24:12 AM",64.1037
"2013-08-25:12 AM",66.7216
"2013-08-26:12 AM",70.3809
"2013-08-27:12 AM",71.8659
"2013-08-28:12 AM",71.3019
"2013-08-29:12 AM",68.3638
"2013-08-30:12 AM",69.6918
"2013-08-31:12 AM",71.8493
"2013-09-01:12 AM",73.4691
"2013-09-02:12 AM",72.5695
"2013-09-03:12 AM",70.1145
"2013-09-04:12 AM",67.3479
"2013-09-05:12 AM",65.953
"2013-09-06:12 AM",56.5142
"2013-09-07:12 AM",62.3057
"2013-09-08:12 AM",65.0982
"2013-09-09:12 AM",57.5213
"2013-09-10:12 AM",68.8318
"2013-09-11:12 AM",77.5375
"2013-09-12:12 AM",74.1033
"2013-09-13:12 AM",67.629
"2013-09-14:12 AM",57.5985
"2013-09-15:12 AM",55.8831
"2013-09-16:12 AM",59.5728
"2013-09-17:12 AM",49.2208
"2013-09-18:12 AM",54.2669
"2013-09-19:12 AM",59.3335
"2013-09-20:12 AM",61.2099
"2013-09-21:12 AM",62.9002
"2013-09-22:12 AM",62.3556
"2013-09-23:12 AM",52.3056
"2013-09-24:12 AM",52.5841
"2013-09-25:12 AM",56.7612
"2013-09-26:12 AM",57.7188
"2013-09-27:12 AM",56.4184
"2013-09-28:12 AM",57.8881
"2013-09-29:12 AM",55.9387
"2013-09-30:12 AM",56.0611
"2013-10-01:12 AM",61.738
"2013-10-02:12 AM",66.3343
"2013-10-03:12 AM",63.2467
"2013-10-04:12 AM",62.758
"2013-10-05:12 AM",64.141
"2013-10-06:12 AM",61.86
"2013-10-07:12 AM",66.1728
"2013-10-08:12 AM",56.4208
"2013-10-09:12 AM",53.7357
"2013-10-10:12 AM",54.1902
"2013-10-11:12 AM",58.9714
"2013-10-12:12 AM",57.7899
"2013-10-13:12 AM",53.2794
"2013-10-14:12 AM",51.2514
"2013-10-15:12 AM",55.3622
"2013-10-16:12 AM",54.7912
"2013-10-17:12 AM",62.2294
"2013-10-18:12 AM",59.0819
"2013-10-19:12 AM",54.2905
"2013-10-20:12 AM",52.6692
"2013-10-21:12 AM",52.156
"2013-10-22:12 AM",55.0202
"2013-10-23:12 AM",44.91
"2013-10-24:12 AM",44.371
"2013-10-25:12 AM",41.9068
"2013-10-26:12 AM",44.103
"2013-10-27:12 AM",45.93
"2013-10-28:12 AM",45.2638
"2013-10-29:12 AM",40.5019
"2013-10-30:12 AM",44.355
"2013-10-31:12 AM",55.1208
"2013-11-01:12 AM",62.438
"2013-11-02:12 AM",55.2231
"2013-11-03:12 AM",41.783
"2013-11-04:12 AM",34.3261
"2013-11-05:12 AM",40.0312
"2013-11-06:12 AM",49.4227
"2013-11-07:12 AM",53.9856
"2013-11-08:12 AM",40.2111
"2013-11-09:12 AM",38.7671
"2013-11-10:12 AM",45.6663
"2013-11-11:12 AM",42.4782
"2013-11-12:12 AM",35.7683
"2013-11-13:12 AM",29.7684
"2013-11-14:12 AM",37.8585
"2013-11-15:12 AM",42.9249
"2013-11-16:12 AM",46.8549
"2013-11-17:12 AM",50.9124
"2013-11-18:12 AM",56.1029
"2013-11-19:12 AM",38.9511
"2013-11-20:12 AM",32.5972
"2013-11-21:12 AM",35.4913
"2013-11-22:12 AM",45.6715
"2013-11-23:12 AM",39.2342
"2013-11-24:12 AM",23.2923
"2013-11-25:12 AM",24.9867
"2013-11-26:12 AM",34.5015
"2013-11-27:12 AM",47.3529
"2013-11-28:12 AM",28.6012
"2013-11-29:12 AM",28.9618
"2013-11-30:12 AM",27.5076
"2013-12-01:12 AM",36.0214
"2013-12-02:12 AM",35.1091
"2013-12-03:12 AM",36.6822
"2013-12-04:12 AM",36.7403
"2013-12-05:12 AM",46.8694
"2013-12-06:12 AM",45.9522
"2013-12-07:12 AM",33.7035
"2013-12-08:12 AM",29.2474
"2013-12-09:12 AM",33.4958
"2013-12-10:12 AM",31.5804
"2013-12-11:12 AM",24.9575
"2013-12-12:12 AM",19.812
"2013-12-13:12 AM",22.7178
"2013-12-14:12 AM",18.3621
"2013-12-15:12 AM",32.5717
"2013-12-16:12 AM",22.8906
"2013-12-17:12 AM",18.4275
"2013-12-18:12 AM",23.3587
"2013-12-19:12 AM",32.2029
"2013-12-20:12 AM",38.6924
"2013-12-21:12 AM",46.0411
"2013-12-22:12 AM",58.3471
"2013-12-23:12 AM",50.6437
"2013-12-24:12 AM",32.6968
"2013-12-25:12 AM",22.6265
"2013-12-26:12 AM",29.0521
"2013-12-27:12 AM",30.355
"2013-12-28:12 AM",36.001
"2013-12-29:12 AM",38.4231
"2013-12-30:12 AM",30.886
"2013-12-31:12 AM",24.0125
"2014-01-01:12 AM",23.6277
"2014-01-02:12 AM",23.1096
"2014-01-03:12 AM",6.1808
"2014-01-04:12 AM",12.7684
"2014-01-05:12 AM",26.6162
"2014-01-06:12 AM",40.617
"2014-01-07:12 AM",9.9325
"2014-01-08:12 AM",12.5866
"2014-01-09:12 AM",21.2742
"2014-01-10:12 AM",28.3849
"2014-01-11:12 AM",46.6819
"2014-01-12:12 AM",38.3428
"2014-01-13:12 AM",37.6934
"2014-01-14:12 AM",42.9598
"2014-01-15:12 AM",37.7415
"2014-01-16:12 AM",35.1466
"2014-01-17:12 AM",33.3743
"2014-01-18:12 AM",33.1876
"2014-01-19:12 AM",28.7224
"2014-01-20:12 AM",34.002
"2014-01-21:12 AM",17.2917
"2014-01-22:12 AM",8.7991
"2014-01-23:12 AM",8.7555
"2014-01-24:12 AM",10.4385
"2014-01-25:12 AM",21.5452
"2014-01-26:12 AM",17.2929
"2014-01-27:12 AM",30.0169
"2014-01-28:12 AM",13.5464
"2014-01-29:12 AM",16.1078
"2014-01-30:12 AM",16.7848
"2014-01-31:12 AM",27.9833
"2014-02-01:12 AM",31.3632
"2014-02-02:12 AM",36.7275
"2014-02-03:12 AM",30.8611
"2014-02-04:12 AM",24.7453
"2014-02-05:12 AM",27.9565
"2014-02-06:12 AM",18.4044
"2014-02-07:12 AM",20.4318
"2014-02-08:12 AM",19.623
"2014-02-09:12 AM",20.527
"2014-02-10:12 AM",19.9704
"2014-02-11:12 AM",15.3649
"2014-02-12:12 AM",13.0773
"2014-02-13:12 AM",29.3369
"2014-02-14:12 AM",30.337
"2014-02-15:12 AM",27.9448
"2014-02-16:12 AM",21.5679
"2014-02-17:12 AM",16.5673
"2014-02-18:12 AM",25.502
"2014-02-19:12 AM",29.4233
"2014-02-20:12 AM",33.26
"2014-02-21:12 AM",35.9731
"2014-02-22:12 AM",36.6305
"2014-02-23:12 AM",37.6772
"2014-02-24:12 AM",29.8566
"2014-02-25:12 AM",23.1667
"2014-02-26:12 AM",20.2532
"2014-02-27:12 AM",17.5357
"2014-02-28:12 AM",11.0781
"2014-03-01:12 AM",20.0228
"2014-03-02:12 AM",28.1921
"2014-03-03:12 AM",17.0091
"2014-03-04:12 AM",15.5503
"2014-03-05:12 AM",22.3291
"2014-03-06:12 AM",13.699
"2014-03-07:12 AM",21.7027
"2014-03-08:12 AM",32.2284
"2014-03-09:12 AM",28.6288
"2014-03-10:12 AM",33.7179
"2014-03-11:12 AM",40.9539
"2014-03-12:12 AM",42.0894
"2014-03-13:12 AM",18.6703
"2014-03-14:12 AM",24.7586
"2014-03-15:12 AM",39.7449
"2014-03-16:12 AM",26.3212
"2014-03-17:12 AM",23.0954
"2014-03-18:12 AM",26.5091
"2014-03-19:12 AM",31.4371
"2014-03-20:12 AM",37.9913
"2014-03-21:12 AM",34.129
"2014-03-22:12 AM",38.176
"2014-03-23:12 AM",32.3506
"2014-03-24:12 AM",24.4681
"2014-03-25:12 AM",28.0166
"2014-03-26:12 AM",26.9676
"2014-03-27:12 AM",28.2211
"2014-03-28:12 AM",41.2916
"2014-03-29:12 AM",42.8875
"2014-03-30:12 AM",40.8754
"2014-03-31:12 AM",34.8098
"2014-04-01:12 AM",39.0682
"2014-04-02:12 AM",40.0872
"2014-04-03:12 AM",43.4494
"2014-04-04:12 AM",38.8839
"2014-04-05:12 AM",40.6787
"2014-04-06:12 AM",38.4051
"2014-04-07:12 AM",41.869
"2014-04-08:12 AM",48.5521
"2014-04-09:12 AM",43.7223
"2014-04-10:12 AM",42.717
"2014-04-11:12 AM",52.4548
"2014-04-12:12 AM",51.8299
"2014-04-13:12 AM",53.044
"2014-04-14:12 AM",58.0734
"2014-04-15:12 AM",54.2584
"2014-04-16:12 AM",33.3905
"2014-04-17:12 AM",35.8088
"2014-04-18:12 AM",36.8296
"2014-04-19:12 AM",44.8012
"2014-04-20:12 AM",43.6636
"2014-04-21:12 AM",45.0516
"2014-04-22:12 AM",50.3526
"2014-04-23:12 AM",47.2122
"2014-04-24:12 AM",44.7316
"2014-04-25:12 AM",46.7973
"2014-04-26:12 AM",44.9465
"2014-04-27:12 AM",44.4459
"2014-04-28:12 AM",47.6872
"2014-04-29:12 AM",42.9696
"2014-04-30:12 AM",41.3994
"2014-05-01:12 AM",54.4316
"2014-05-02:12 AM",54.1621
"2014-05-03:12 AM",52.687
"2014-05-04:12 AM",51.6114
"2014-05-05:12 AM",51.0849
"2014-05-06:12 AM",51.1597
"2014-05-07:12 AM",51.5154
"2014-05-08:12 AM",51.5696
"2014-05-09:12 AM",51.8401
"2014-05-10:12 AM",62.1248
"2014-05-11:12 AM",61.453
"2014-05-12:12 AM",62.9706
"2014-05-13:12 AM",56.9142
"2014-05-14:12 AM",53.0143
"2014-05-15:12 AM",59.6077
"2014-05-16:12 AM",60.904
"2014-05-17:12 AM",59.2326
"2014-05-18:12 AM",55.1698
"2014-05-19:12 AM",54.4766
"2014-05-20:12 AM",59.0108
"2014-05-21:12 AM",60.8821
"2014-05-22:12 AM",54.6145
"2014-05-23:12 AM",57.1858
"2014-05-24:12 AM",55.8991
"2014-05-25:12 AM",59.6165
"2014-05-26:12 AM",66.7668
"2014-05-27:12 AM",68.4378
"2014-05-28:12 AM",51.1173
"2014-05-29:12 AM",52.3762
"2014-05-30:12 AM",55.6718
"2014-05-31:12 AM",57.0771
"2014-06-01:12 AM",59.7711
"2014-06-02:12 AM",63.2784
"2014-06-03:12 AM",66.5616
"2014-06-04:12 AM",64.0717
"2014-06-05:12 AM",60.5563
"2014-06-06:12 AM",62.4625
"2014-06-07:12 AM",65.5093
"2014-06-08:12 AM",68.4637
"2014-06-09:12 AM",61.4788
"2014-06-10:12 AM",65.8324
"2014-06-11:12 AM",62.4715
"2014-06-12:12 AM",61.6761
"2014-06-13:12 AM",64.432
"2014-06-14:12 AM",65.8193
"2014-06-15:12 AM",63.9439
"2014-06-16:12 AM",65.7282
"2014-06-17:12 AM",68.526
"2014-06-18:12 AM",75.5672
"2014-06-19:12 AM",70.1434
"2014-06-20:12 AM",64.8333
"2014-06-21:12 AM",62.7856
"2014-06-22:12 AM",63.54
"2014-06-23:12 AM",65.9507
"2014-06-24:12 AM",67.5642
"2014-06-25:12 AM",70.0723
"2014-06-26:12 AM",72.892
"2014-06-27:12 AM",68.4835
"2014-06-28:12 AM",68.2358
"2014-06-29:12 AM",67.9818
"2014-06-30:12 AM",69.8641
"2014-07-01:12 AM",74.7036
"2014-07-02:12 AM",76.7181
"2014-07-03:12 AM",74.2631
"2014-07-04:12 AM",67.8996
"2014-07-05:12 AM",67.937
"2014-07-06:12 AM",69.7744
"2014-07-07:12 AM",73.6135
"2014-07-08:12 AM",77.4037
"2014-07-09:12 AM",75.4806
"2014-07-10:12 AM",70.9034
"2014-07-11:12 AM",70.4163
"2014-07-12:12 AM",70.5384
"2014-07-13:12 AM",72.1668
"2014-07-14:12 AM",73.7528
"2014-07-15:12 AM",74.3947
"2014-07-16:12 AM",70.8138
"2014-07-17:12 AM",68.2597
"2014-07-18:12 AM",67.2233
"2014-07-19:12 AM",65.2446
"2014-07-20:12 AM",64.7258
"2014-07-21:12 AM",68.6008
"2014-07-22:12 AM",73.2409
"2014-07-23:12 AM",75.2846
"2014-07-24:12 AM",71.0029
"2014-07-25:12 AM",69.049
"2014-07-26:12 AM",69.8353
"2014-07-27:12 AM",71.398
"2014-07-28:12 AM",71.2612
"2014-07-29:12 AM",66.3022
"2014-07-30:12 AM",67.1785
"2014-07-31:12 AM",69.1579
"2014-08-01:12 AM",70.6834
"2014-08-02:12 AM",65.3817
"2014-08-03:12 AM",64.2027
"2014-08-04:12 AM",69.8459
"2014-08-05:12 AM",72.8146
"2014-08-06:12 AM",70.209
"2014-08-07:12 AM",67.689
"2014-08-08:12 AM",67.2935
"2014-08-09:12 AM",69.5883
"2014-08-10:12 AM",71.4429
"2014-08-11:12 AM",70.6572
"2014-08-12:12 AM",69.6171
"2014-08-13:12 AM",69.7651
"2014-08-14:12 AM",64.517
"2014-08-15:12 AM",62.5662
"2014-08-16:12 AM",65.541
"2014-08-17:12 AM",66.8026
"2014-08-18:12 AM",65.0377
"2014-08-19:12 AM",64.9317
"2014-08-20:12 AM",67.6389
"2014-08-21:12 AM",67.8564
"2014-08-22:12 AM",65.9633
"2014-08-23:12 AM",65.16
"2014-08-24:12 AM",64.7778
"2014-08-25:12 AM",68.8534
"2014-08-26:12 AM",70.5978
"2014-08-27:12 AM",72.7097
"2014-08-28:12 AM",69.3736
"2014-08-29:12 AM",64.9308
"2014-08-30:12 AM",65.7925
"2014-08-31:12 AM",72.5833
"2014-09-01:12 AM",73.2072
"2014-09-02:12 AM",76.1394
"2014-09-03:12 AM",72.5788
"2014-09-04:12 AM",70.7175
"2014-09-05:12 AM",72.1774
"2014-09-06:12 AM",76.2406
"2014-09-07:12 AM",66.1037
"2014-09-08:12 AM",64.1592
"2014-09-09:12 AM",62.5969
"2014-09-10:12 AM",62.8041
"2014-09-11:12 AM",67.6308
"2014-09-12:12 AM",61.6249
"2014-09-13:12 AM",58.0609
"2014-09-14:12 AM",55.861
"2014-09-15:12 AM",54.0617
"2014-09-16:12 AM",59.3217
"2014-09-17:12 AM",57.3255
"2014-09-18:12 AM",59.0126
"2014-09-19:12 AM",53.6419
"2014-09-20:12 AM",60.3082
"2014-09-21:12 AM",68.155
"2014-09-22:12 AM",60.9566
"2014-09-23:12 AM",54.3515
"2014-09-24:12 AM",59.135
"2014-09-25:12 AM",58.212
"2014-09-26:12 AM",61.4043
"2014-09-27:12 AM",64.4486
"2014-09-28:12 AM",66.1928
"2014-09-29:12 AM",66.1825
"2014-09-30:12 AM",60.5361
"2014-10-01:12 AM",57.022
"2014-10-02:12 AM",58.1371
"2014-10-03:12 AM",55.663
"2014-10-04:12 AM",58.9696
"2014-10-05:12 AM",49.6256
"2014-10-06:12 AM",54.0655
"2014-10-07:12 AM",63.5625
"2014-10-08:12 AM",62.6445
"2014-10-09:12 AM",56.3904
"2014-10-10:12 AM",52.9615
"2014-10-11:12 AM",48.2297
"2014-10-12:12 AM",49.1864
"2014-10-13:12 AM",54.2759
"2014-10-14:12 AM",65.3202
"2014-10-15:12 AM",67.6897
"2014-10-16:12 AM",66.0731
"2014-10-17:12 AM",60.8599
"2014-10-18:12 AM",59.214
"2014-10-19:12 AM",47.2165
"2014-10-20:12 AM",44.2483
"2014-10-21:12 AM",54.8809
"2014-10-22:12 AM",51.3761
"2014-10-23:12 AM",48.8304
"2014-10-24:12 AM",49.924
"2014-10-25:12 AM",52.6384
"2014-10-26:12 AM",51.8027
"2014-10-27:12 AM",50.3526
"2014-10-28:12 AM",55.4578
"2014-10-29:12 AM",60.1144
"2014-10-30:12 AM",49.9093
"2014-10-31:12 AM",46.4
"2014-11-01:12 AM",42.94
"2014-11-02:12 AM",38.5372
"2014-11-03:12 AM",42.1891
"2014-11-04:12 AM",51.7788
"2014-11-05:12 AM",56.37
"2014-11-06:12 AM",48.6162
"2014-11-07:12 AM",43.3598
"2014-11-08:12 AM",37.942
"2014-11-09:12 AM",46.1169
"2014-11-10:12 AM",45.1202
"2014-11-11:12 AM",51.5667
"2014-11-12:12 AM",52.6501
"2014-11-13:12 AM",40.5196
"2014-11-14:12 AM",33.7267
"2014-11-15:12 AM",31.7007
"2014-11-16:12 AM",36.0799
"2014-11-17:12 AM",40.6323
"2014-11-18:12 AM",30.8998
"2014-11-19:12 AM",26.6427
"2014-11-20:12 AM",34.1559
"2014-11-21:12 AM",28.1703
"2014-11-22:12 AM",31.8461
"2014-11-23:12 AM",42.1052
"2014-11-24:12 AM",56.489
"2014-11-25:12 AM",52.8447
"2014-11-26:12 AM",38.2957
"2014-11-27:12 AM",30.9587
"2014-11-28:12 AM",25.2133
"2014-11-29:12 AM",22.1742
"2014-11-30:12 AM",42.1619
"2014-12-01:12 AM",47.7217
"2014-12-02:12 AM",35.0629
"2014-12-03:12 AM",42.3873
"2014-12-04:12 AM",34.6852
"2014-12-05:12 AM",34.9821
"2014-12-06:12 AM",40.7089
"2014-12-07:12 AM",32.1017
"2014-12-08:12 AM",26.6013
"2014-12-09:12 AM",37.8234
"2014-12-10:12 AM",35.3061
"2014-12-11:12 AM",31.6992
"2014-12-12:12 AM",29.7705
"2014-12-13:12 AM",31.0815
"2014-12-14:12 AM",34.4961
"2014-12-15:12 AM",33.9933
"2014-12-16:12 AM",36.7115
"2014-12-17:12 AM",40.7872
"2014-12-18:12 AM",34.8129
"2014-12-19:12 AM",32.2284
"2014-12-20:12 AM",30.5496
"2014-12-21:12 AM",31.9116
"2014-12-22:12 AM",35.575
"2014-12-23:12 AM",40.788
"2014-12-24:12 AM",43.7693
"2014-12-25:12 AM",48.1944
"2014-12-26:12 AM",38.8661
"2014-12-27:12 AM",40.0026
"2014-12-28:12 AM",42.6652
"2014-12-29:12 AM",34.9554
"2014-12-30:12 AM",27.6503
"2014-12-31:12 AM",25.0223
"2015-01-01:12 AM",27.1368
"2015-01-02:12 AM",32.1876
"2015-01-03:12 AM",30.8332
"2015-01-04:12 AM",42.7077
"2015-01-05:12 AM",29.665
"2015-01-06:12 AM",19.3008
"2015-01-07:12 AM",16.5387
"2015-01-08:12 AM",10.4918
"2015-01-09:12 AM",22.3556
"2015-01-10:12 AM",17.1649
"2015-01-11:12 AM",21.1442
"2015-01-12:12 AM",32.1991
"2015-01-13:12 AM",20.2435
"2015-01-14:12 AM",17.8313
"2015-01-15:12 AM",21.9844
"2015-01-16:12 AM",25.1937
"2015-01-17:12 AM",16.5326
"2015-01-18:12 AM",35.2202
"2015-01-19:12 AM",32.6671
"2015-01-20:12 AM",28.8943
"2015-01-21:12 AM",25.9142
"2015-01-22:12 AM",29.0071
"2015-01-23:12 AM",27.6786
"2015-01-24:12 AM",31.7827
"2015-01-25:12 AM",25.5087
"2015-01-26:12 AM",19.0895
"2015-01-27:12 AM",17.1466
"2015-01-28:12 AM",14.7972
"2015-01-29:12 AM",15.9611
"2015-01-30:12 AM",27.8159
"2015-01-31:12 AM",8.4051
"2015-02-01:12 AM",17.7474
"2015-02-02:12 AM",21.2526
"2015-02-03:12 AM",7.6467
"2015-02-04:12 AM",22.1338
"2015-02-05:12 AM",22.6098
"2015-02-06:12 AM",7.3627
"2015-02-07:12 AM",21.0007
"2015-02-08:12 AM",26.7388
"2015-02-09:12 AM",19.4608
"2015-02-10:12 AM",21.6511
"2015-02-11:12 AM",15.2118
"2015-02-12:12 AM",18.9237
"2015-02-13:12 AM",2.5655
"2015-02-14:12 AM",12.7011
"2015-02-15:12 AM",8.8504
"2015-02-16:12 AM",0.7758
"2015-02-17:12 AM",7.8291
"2015-02-18:12 AM",7.025
"2015-02-19:12 AM",12.4812
"2015-02-20:12 AM",1.9083
"2015-02-21:12 AM",11.8805
"2015-02-22:12 AM",27.714
"2015-02-23:12 AM",11.8843
"2015-02-24:12 AM",-1.2428
"2015-02-25:12 AM",17.2708
"2015-02-26:12 AM",14.8116
"2015-02-27:12 AM",10.6824
"2015-02-28:12 AM",5.9254
"2015-03-01:12 AM",15.4438
"2015-03-02:12 AM",23.3344
"2015-03-03:12 AM",15.9699
"2015-03-04:12 AM",33.1236
"2015-03-05:12 AM",23.4462
"2015-03-06:12 AM",8.1063
"2015-03-07:12 AM",18.7173
"2015-03-08:12 AM",28.0848
"2015-03-09:12 AM",27.1132
"2015-03-10:12 AM",33.7536
"2015-03-11:12 AM",36.2215
"2015-03-12:12 AM",29.6906
"2015-03-13:12 AM",24.5777
"2015-03-14:12 AM",34.4388
"2015-03-15:12 AM",33.0885
"2015-03-16:12 AM",30.688
"2015-03-17:12 AM",35.9865
"2015-03-18:12 AM",23.2167
"2015-03-19:12 AM",22.7383
"2015-03-20:12 AM",25.1904
"2015-03-21:12 AM",30.7387
"2015-03-22:12 AM",23.259
"2015-03-23:12 AM",18.7729
"2015-03-24:12 AM",23.3217
"2015-03-25:12 AM",30.4984
"2015-03-26:12 AM",39.6498
"2015-03-27:12 AM",36.5855
"2015-03-28:12 AM",29.8391
"2015-03-29:12 AM",26.508
"2015-03-30:12 AM",34.3857
"2015-03-31:12 AM",35.9793
"2015-04-01:12 AM",33.0613
"2015-04-02:12 AM",39.4732
"2015-04-03:12 AM",51.894
"2015-04-04:12 AM",42.6457
"2015-04-05:12 AM",37.8405
"2015-04-06:12 AM",39.9573
"2015-04-07:12 AM",41.5416
"2015-04-08:12 AM",36.9007
"2015-04-09:12 AM",35.3939
"2015-04-10:12 AM",42.1036
"2015-04-11:12 AM",45.0163
"2015-04-12:12 AM",44.8428
"2015-04-13:12 AM",49.217
"2015-04-14:12 AM",52.1289
"2015-04-15:12 AM",51.5691
"2015-04-16:12 AM",47.4748
"2015-04-17:12 AM",51.9715
"2015-04-18:12 AM",56.0232
"2015-04-19:12 AM",47.7363
"2015-04-20:12 AM",46.7173
"2015-04-21:12 AM",52.808
"2015-04-22:12 AM",51.1165
"2015-04-23:12 AM",40.7007
"2015-04-24:12 AM",37.6781
"2015-04-25:12 AM",40.4524
"2015-04-26:12 AM",45.7115
"2015-04-27:12 AM",47.0466
"2015-04-28:12 AM",50.4759
"2015-04-29:12 AM",54.2865
"2015-04-30:12 AM",50.1292
"2015-05-01:12 AM",47.3475
"2015-05-02:12 AM",50.536
"2015-05-03:12 AM",55.467
"2015-05-04:12 AM",59.7958
"2015-05-05:12 AM",62.0416
"2015-05-06:12 AM",58.919
"2015-05-07:12 AM",59.2709
"2015-05-08:12 AM",61.4154
"2015-05-09:12 AM",56.82
"2015-05-10:12 AM",63.6534
"2015-05-11:12 AM",67.4033
"2015-05-12:12 AM",68.0479
"2015-05-13:12 AM",55.821
"2015-05-14:12 AM",53.2407
"2015-05-15:12 AM",57.0898
"2015-05-16:12 AM",60.5358
"2015-05-17:12 AM",65.7572
"2015-05-18:12 AM",57.9315
"2015-05-19:12 AM",58.5129
"2015-05-20:12 AM",54.2095
"2015-05-21:12 AM",53.3946
"2015-05-22:12 AM",57.5989
"2015-05-23:12 AM",51.3655
"2015-05-24:12 AM",59.8582
"2015-05-25:12 AM",65.2528
"2015-05-26:12 AM",69.0345
"2015-05-27:12 AM",68.0932
"2015-05-28:12 AM",67.7086
"2015-05-29:12 AM",65.6503
"2015-05-30:12 AM",66.2007
"2015-05-31:12 AM",65.4942
"2015-06-01:12 AM",49.9134
"2015-06-02:12 AM",48.0756
"2015-06-03:12 AM",54.1917
"2015-06-04:12 AM",55.0623
"2015-06-05:12 AM",55.1653
"2015-06-06:12 AM",61.8291
"2015-06-07:12 AM",58.3857
"2015-06-08:12 AM",62.5323
"2015-06-09:12 AM",66.8941
"2015-06-10:12 AM",67.2055
"2015-06-11:12 AM",73.6216
"2015-06-12:12 AM",71.586
"2015-06-13:12 AM",71.3199
"2015-06-14:12 AM",69.4431
"2015-06-15:12 AM",61.0176
"2015-06-16:12 AM",65.2757
"2015-06-17:12 AM",67.7466
"2015-06-18:12 AM",63.9882
"2015-06-19:12 AM",68.9774
"2015-06-20:12 AM",64.0135
"2015-06-21:12 AM",72.052
"2015-06-22:12 AM",72.5067
"2015-06-23:12 AM",72.5443
"2015-06-24:12 AM",69.4387
"2015-06-25:12 AM",68.7533
"2015-06-26:12 AM",64.8889
"2015-06-27:12 AM",62.4614
"2015-06-28:12 AM",60.7667
"2015-06-29:12 AM",62.8761
"2015-06-30:12 AM",68.632
"2015-07-01:12 AM",70.1467
"2015-07-02:12 AM",68.1885
"2015-07-03:12 AM",67.3435
"2015-07-04:12 AM",65.3909
"2015-07-05:12 AM",69.0478
"2015-07-06:12 AM",71.3574
"2015-07-07:12 AM",72.6534
"2015-07-08:12 AM",74.6877
"2015-07-09:12 AM",69.0823
"2015-07-10:12 AM",71.3844
"2015-07-11:12 AM",72.1222
"2015-07-12:12 AM",73.2549
"2015-07-13:12 AM",71.9006
"2015-07-14:12 AM",71.6329
"2015-07-15:12 AM",71.2281
"2015-07-16:12 AM",65.9939
"2015-07-17:12 AM",66.6554
"2015-07-18:12 AM",70.4728
"2015-07-19:12 AM",76.5253
"2015-07-20:12 AM",79.9632
"2015-07-21:12 AM",76.1346
"2015-07-22:12 AM",71.0506
"2015-07-23:12 AM",69.436
"2015-07-24:12 AM",69.0015
"2015-07-25:12 AM",69.8988
"2015-07-26:12 AM",72.0849
"2015-07-27:12 AM",71.2141
"2015-07-28:12 AM",75.9277
"2015-07-29:12 AM",77.5837
"2015-07-30:12 AM",76.9048
"2015-07-31:12 AM",74.1182
"2015-08-01:12 AM",75.3687
"2015-08-02:12 AM",71.694
"2015-08-03:12 AM",75.389
"2015-08-04:12 AM",75.3424
"2015-08-05:12 AM",71.728
"2015-08-06:12 AM",68.1004
"2015-08-07:12 AM",68.8737
"2015-08-08:12 AM",68.0171
"2015-08-09:12 AM",68.166
"2015-08-10:12 AM",68.4246
"2015-08-11:12 AM",69.6004
"2015-08-12:12 AM",71.3431
"2015-08-13:12 AM",68.8611
"2015-08-14:12 AM",70.6465
"2015-08-15:12 AM",74.1245
"2015-08-16:12 AM",74.2879
"2015-08-17:12 AM",76.0707
"2015-08-18:12 AM",76.6159
"2015-08-19:12 AM",75.2322
"2015-08-20:12 AM",74.4066
"2015-08-21:12 AM",71.0778
"2015-08-22:12 AM",70.5126
"2015-08-23:12 AM",70.2313
"2015-08-24:12 AM",72.8935
"2015-08-25:12 AM",73.9008
"2015-08-26:12 AM",69.2537
"2015-08-27:12 AM",67.8232
"2015-08-28:12 AM",66.6032
"2015-08-29:12 AM",67.8506
"2015-08-30:12 AM",73.4666
"2015-08-31:12 AM",76.2741
"2015-09-01:12 AM",73.195
"2015-09-02:12 AM",73.6093
"2015-09-03:12 AM",74.2883
"2015-09-04:12 AM",68.4307
"2015-09-05:12 AM",65.9525
"2015-09-06:12 AM",66.9956
"2015-09-07:12 AM",72.4019
"2015-09-08:12 AM",78.213
"2015-09-09:12 AM",76.4409
"2015-09-10:12 AM",70.2489
"2015-09-11:12 AM",66.1818
"2015-09-12:12 AM",66.7009
"2015-09-13:12 AM",66.8779
"2015-09-14:12 AM",60.5763
"2015-09-15:12 AM",65.25
"2015-09-16:12 AM",67.7966
"2015-09-17:12 AM",69.8772
"2015-09-18:12 AM",68.6066
"2015-09-19:12 AM",68.0439
"2015-09-20:12 AM",67.0735
"2015-09-21:12 AM",58.5608
"2015-09-22:12 AM",60.4686
"2015-09-23:12 AM",59.0983
"2015-09-24:12 AM",62.4709
"2015-09-25:12 AM",60.4735
"2015-09-26:12 AM",58.0627
"2015-09-27:12 AM",55.9333
"2015-09-28:12 AM",63.721
"2015-09-29:12 AM",69.904
"2015-09-30:12 AM",65.9183
"2015-10-01:12 AM",55.2009
"2015-10-02:12 AM",48.4455
"2015-10-03:12 AM",47.6202
"2015-10-04:12 AM",50.3611
"2015-10-05:12 AM",51.5872
"2015-10-06:12 AM",54.6301
"2015-10-07:12 AM",57.5899
"2015-10-08:12 AM",58.8006
"2015-10-09:12 AM",62.6713
"2015-10-10:12 AM",51.3691
"2015-10-11:12 AM",54.0788
"2015-10-12:12 AM",58.2665
"2015-10-13:12 AM",61.4133
"2015-10-14:12 AM",56.8332
"2015-10-15:12 AM",50.7864
"2015-10-16:12 AM",53.5975
"2015-10-17:12 AM",45.4359
"2015-10-18:12 AM",37.0204
"2015-10-19:12 AM",37.6196
"2015-10-20:12 AM",52.5533
"2015-10-21:12 AM",59.4694
"2015-10-22:12 AM",61.102
"2015-10-23:12 AM",48.499
"2015-10-24:12 AM",42.4872
"2015-10-25:12 AM",53.8909
"2015-10-26:12 AM",45.885
"2015-10-27:12 AM",45.0727
"2015-10-28:12 AM",53.3736
"2015-10-29:12 AM",62.942
"2015-10-30:12 AM",48.1692
"2015-10-31:12 AM",43.0227
"2015-11-01:12 AM",53.7127
"2015-11-02:12 AM",54.2534
"2015-11-03:12 AM",53.4648
"2015-11-04:12 AM",55.1277
"2015-11-05:12 AM",57.2965
"2015-11-06:12 AM",64.1012
"2015-11-07:12 AM",56.2444
"2015-11-08:12 AM",45.833
"2015-11-09:12 AM",45.2885
"2015-11-10:12 AM",50.6448
"2015-11-11:12 AM",47.7682
"2015-11-12:12 AM",50.5683
"2015-11-13:12 AM",49.159
"2015-11-14:12 AM",39.3193
"2015-11-15:12 AM",42.3588
"2015-11-16:12 AM",49.1781
"2015-11-17:12 AM",38.4462
"2015-11-18:12 AM",41.6563
"2015-11-19:12 AM",54.0576
"2015-11-20:12 AM",52.0306
"2015-11-21:12 AM",40.71
"2015-11-22:12 AM",45.2745
"2015-11-23:12 AM",34.7612
"2015-11-24:12 AM",34.0387
"2015-11-25:12 AM",37.1494
"2015-11-26:12 AM",45.4057
"2015-11-27:12 AM",52.4421
"2015-11-28:12 AM",48.6273
"2015-11-29:12 AM",37.0567
"2015-11-30:12 AM",34.423
"2015-12-01:12 AM",40.0023
"2015-12-02:12 AM",42.471
"2015-12-03:12 AM",44.0398
"2015-12-04:12 AM",40.3225
"2015-12-05:12 AM",40.3988
"2015-12-06:12 AM",39.9493
"2015-12-07:12 AM",41.378
"2015-12-08:12 AM",40.5075
"2015-12-09:12 AM",42.1164
"2015-12-10:12 AM",49.6161
"2015-12-11:12 AM",51.0256
"2015-12-12:12 AM",52.0437
"2015-12-13:12 AM",51.5997
"2015-12-14:12 AM",52.7452
"2015-12-15:12 AM",53.7879
"2015-12-16:12 AM",42.553
"2015-12-17:12 AM",48.6486
"2015-12-18:12 AM",44.0751
"2015-12-19:12 AM",33.7712
"2015-12-20:12 AM",32.9616
"2015-12-21:12 AM",41.5177
"2015-12-22:12 AM",52.2468
"2015-12-23:12 AM",50.7756
"2015-12-24:12 AM",61.3369
"2015-12-25:12 AM",53.2792
"2015-12-26:12 AM",47.5034
"2015-12-27:12 AM",50.4055
"2015-12-28:12 AM",34.3652
"2015-12-29:12 AM",35.3264
"2015-12-30:12 AM",31.4758
"2015-12-31:12 AM",38.5713
"2016-01-01:12 AM",34.396
"2016-01-02:12 AM",31.9095
"2016-01-03:12 AM",34.2417
"2016-01-04:12 AM",24.3905
"2016-01-05:12 AM",16.6581
"2016-01-06:12 AM",26.9884
"2016-01-07:12 AM",31.9647
"2016-01-08:12 AM",34.036
"2016-01-09:12 AM",37.8905
"2016-01-10:12 AM",47.5401
"2016-01-11:12 AM",30.9256
"2016-01-12:12 AM",30.2839
"2016-01-13:12 AM",24.8221
"2016-01-14:12 AM",25.268
"2016-01-15:12 AM",35.2954
"2016-01-16:12 AM",37.9893
"2016-01-17:12 AM",31.0393
"2016-01-18:12 AM",23.2392
"2016-01-19:12 AM",20.0053
"2016-01-20:12 AM",25.5587
"2016-01-21:12 AM",25.6572
"2016-01-22:12 AM",23.1001
"2016-01-23:12 AM",25.2309
"2016-01-24:12 AM",21.9445
"2016-01-25:12 AM",25.4343
"2016-01-26:12 AM",36.1101
"2016-01-27:12 AM",36.1603
"2016-01-28:12 AM",31.6711
"2016-01-29:12 AM",32.7189
"2016-01-30:12 AM",29.4687
"2016-01-31:12 AM",37.8482
"2016-02-01:12 AM",43.2648
"2016-02-02:12 AM",36.766
"2016-02-03:12 AM",44.9506
"2016-02-04:12 AM",48.2277
"2016-02-05:12 AM",32.8111
"2016-02-06:12 AM",26.0249
"2016-02-07:12 AM",30.868
"2016-02-08:12 AM",25.5421
"2016-02-09:12 AM",19.8601
"2016-02-10:12 AM",27.7191
"2016-02-11:12 AM",19.4047
"2016-02-12:12 AM",14.5251
"2016-02-13:12 AM",10.114
"2016-02-14:12 AM",-1.3832
"2016-02-15:12 AM",12.9256
"2016-02-16:12 AM",42.3925
"2016-02-17:12 AM",33.3433
"2016-02-18:12 AM",25.8703
"2016-02-19:12 AM",27.6471
"2016-02-20:12 AM",41.7166
"2016-02-21:12 AM",42.843
"2016-02-22:12 AM",36.117
"2016-02-23:12 AM",33.9154
"2016-02-24:12 AM",41.3971
"2016-02-25:12 AM",48.6234
"2016-02-26:12 AM",29.9043
"2016-02-27:12 AM",28.6747
"2016-02-28:12 AM",39.817
"2016-02-29:12 AM",44.4609
"2016-03-01:12 AM",36.8197
"2016-03-02:12 AM",39.3516
"2016-03-03:12 AM",26.8639
"2016-03-04:12 AM",29.7343
"2016-03-05:12 AM",29.3392
"2016-03-06:12 AM",31.2976
"2016-03-07:12 AM",37.6383
"2016-03-08:12 AM",44.2485
"2016-03-09:12 AM",49.7073
"2016-03-10:12 AM",57.9337
"2016-03-11:12 AM",51.6027
"2016-03-12:12 AM",42.5743
"2016-03-13:12 AM",48.7908
"2016-03-14:12 AM",41.2435
"2016-03-15:12 AM",43.4856
"2016-03-16:12 AM",46.7542
"2016-03-17:12 AM",48.7715
"2016-03-18:12 AM",42.6047
"2016-03-19:12 AM",34.7342
"2016-03-20:12 AM",32.954
"2016-03-21:12 AM",32.5474
"2016-03-22:12 AM",35.0272
"2016-03-23:12 AM",48.4133
"2016-03-24:12 AM",43.1019
"2016-03-25:12 AM",48.5202
"2016-03-26:12 AM",39.3046
"2016-03-27:12 AM",40.2517
"2016-03-28:12 AM",41.0293
"2016-03-29:12 AM",39.5393
"2016-03-30:12 AM",39.519
"2016-03-31:12 AM",51.5662
"2016-04-01:12 AM",58.6519
"2016-04-02:12 AM",46.333
"2016-04-03:12 AM",31.888
"2016-04-04:12 AM",27.237
"2016-04-05:12 AM",24.2566
"2016-04-06:12 AM",30.0861
"2016-04-07:12 AM",48.103
"2016-04-08:12 AM",41.9574
"2016-04-09:12 AM",37.2954
"2016-04-10:12 AM",35.5467
"2016-04-11:12 AM",45.9235
"2016-04-12:12 AM",48.3609
"2016-04-13:12 AM",41.691
"2016-04-14:12 AM",43.8751
"2016-04-15:12 AM",44.7411
"2016-04-16:12 AM",46.0719
"2016-04-17:12 AM",49.7446
"2016-04-18:12 AM",56.4161
"2016-04-19:12 AM",53.8752
"2016-04-20:12 AM",48.6322
"2016-04-21:12 AM",52.7011
"2016-04-22:12 AM",61.3359
"2016-04-23:12 AM",57.5249
"2016-04-24:12 AM",47.5358
"2016-04-25:12 AM",51.0427
"2016-04-26:12 AM",46.4245
"2016-04-27:12 AM",45.1639
"2016-04-28:12 AM",47.3387
"2016-04-29:12 AM",46.7173
"2016-04-30:12 AM",47.8306
"2016-05-01:12 AM",43.781
"2016-05-02:12 AM",44.9236
"2016-05-03:12 AM",48.4995
"2016-05-04:12 AM",46.3791
"2016-05-05:12 AM",45.1713
"2016-05-06:12 AM",47.9199
"2016-05-07:12 AM",48.5321
"2016-05-08:12 AM",51.08
"2016-05-09:12 AM",53.0379
"2016-05-10:12 AM",52.0345
"2016-05-11:12 AM",57.1417
"2016-05-12:12 AM",59.6464
"2016-05-13:12 AM",55.881
"2016-05-14:12 AM",60.2742
"2016-05-15:12 AM",49.4262
"2016-05-16:12 AM",46.9632
"2016-05-17:12 AM",55.7226
"2016-05-18:12 AM",55.2459
"2016-05-19:12 AM",55.686
"2016-05-20:12 AM",58.1844
"2016-05-21:12 AM",56.6744
"2016-05-22:12 AM",57.7335
"2016-05-23:12 AM",59.4019
"2016-05-24:12 AM",57.3062
"2016-05-25:12 AM",66.852
"2016-05-26:12 AM",71.4672
"2016-05-27:12 AM",68.3625
"2016-05-28:12 AM",72.6733
"2016-05-29:12 AM",70.3101
"2016-05-30:12 AM",66.9261
"2016-05-31:12 AM",70.6548
"2016-06-01:12 AM",67.285
"2016-06-02:12 AM",60.9649
"2016-06-03:12 AM",61.3825
"2016-06-04:12 AM",68.4565
"2016-06-05:12 AM",64.0904
"2016-06-06:12 AM",69.9714
"2016-06-07:12 AM",71.7287
"2016-06-08:12 AM",57.0232
"2016-06-09:12 AM",57.7938
"2016-06-10:12 AM",60.4771
"2016-06-11:12 AM",61.4898
"2016-06-12:12 AM",66.1136
"2016-06-13:12 AM",60.2339
"2016-06-14:12 AM",63.149
"2016-06-15:12 AM",67.815
"2016-06-16:12 AM",67.7215
"2016-06-17:12 AM",65.0219
"2016-06-18:12 AM",67.0872
"2016-06-19:12 AM",66.1201
"2016-06-20:12 AM",67.1824
"2016-06-21:12 AM",71.9177
"2016-06-22:12 AM",66.9344
"2016-06-23:12 AM",66.3751
"2016-06-24:12 AM",66.582
"2016-06-25:12 AM",66.855
"2016-06-26:12 AM",68.4214
"2016-06-27:12 AM",68.3519
"2016-06-28:12 AM",69.1052
"2016-06-29:12 AM",71.6567
"2016-06-30:12 AM",71.1358
"2016-07-01:12 AM",70.588
"2016-07-02:12 AM",68.4639
"2016-07-03:12 AM",68.5893
"2016-07-04:12 AM",70.8278
"2016-07-05:12 AM",74.0273
"2016-07-06:12 AM",77.8476
"2016-07-07:12 AM",74.858
"2016-07-08:12 AM",70.8015
"2016-07-09:12 AM",63.5997
"2016-07-10:12 AM",67.0118
"2016-07-11:12 AM",67.1464
"2016-07-12:12 AM",69.7095
"2016-07-13:12 AM",72.7129
"2016-07-14:12 AM",74.4238
"2016-07-15:12 AM",79.1161
"2016-07-16:12 AM",76.7764
"2016-07-17:12 AM",76.0741
"2016-07-18:12 AM",78.4243
"2016-07-19:12 AM",73.6738
"2016-07-20:12 AM",69.3034
"2016-07-21:12 AM",73.2454
"2016-07-22:12 AM",79.4257
"2016-07-23:12 AM",79.3072
"2016-07-24:12 AM",75.1789
"2016-07-25:12 AM",77.0959
"2016-07-26:12 AM",78.2942
"2016-07-27:12 AM",76.3061
"2016-07-28:12 AM",76.8
"2016-07-29:12 AM",73.0071
"2016-07-30:12 AM",73.4927
"2016-07-31:12 AM",71.9112
"2016-08-01:12 AM",67.6004
"2016-08-02:12 AM",66.8475
"2016-08-03:12 AM",67.3286
"2016-08-04:12 AM",68.8231
"2016-08-05:12 AM",71.5401
"2016-08-06:12 AM",74.5844
"2016-08-07:12 AM",74.0224
"2016-08-08:12 AM",72.3324
"2016-08-09:12 AM",72.8994
"2016-08-10:12 AM",74.8123
"2016-08-11:12 AM",76.3774
"2016-08-12:12 AM",79.2388
"2016-08-13:12 AM",80.8875
"2016-08-14:12 AM",82.1406
"2016-08-15:12 AM",77.9655
"2016-08-16:12 AM",75.0418
"2016-08-17:12 AM",77.639
"2016-08-18:12 AM",74.8186
"2016-08-19:12 AM",75.24
"2016-08-20:12 AM",72.1796
"2016-08-21:12 AM",73.9166
"2016-08-22:12 AM",69.7935
"2016-08-23:12 AM",65.2174
"2016-08-24:12 AM",70.6105
"2016-08-25:12 AM",73.2927
"2016-08-26:12 AM",77.4428
"2016-08-27:12 AM",74.4989
"2016-08-28:12 AM",73.0661
"2016-08-29:12 AM",74.6548
"2016-08-30:12 AM",68.7859
"2016-08-31:12 AM",72.1348
"2016-09-01:12 AM",69.9679
"2016-09-02:12 AM",67.0563
"2016-09-03:12 AM",64.2605
"2016-09-04:12 AM",65.4843
"2016-09-05:12 AM",67.0046
"2016-09-06:12 AM",68.286
"2016-09-07:12 AM",72.2674
"2016-09-08:12 AM",72.595
"2016-09-09:12 AM",77.535
"2016-09-10:12 AM",76.0082
"2016-09-11:12 AM",73.1545
"2016-09-12:12 AM",62.7174
"2016-09-13:12 AM",65.5723
"2016-09-14:12 AM",72.4165
"2016-09-15:12 AM",60.667
"2016-09-16:12 AM",60.9534
"2016-09-17:12 AM",62.2276
"2016-09-18:12 AM",71.7408
"2016-09-19:12 AM",69.8245
"2016-09-20:12 AM",69.9834
"2016-09-21:12 AM",68.8878
"2016-09-22:12 AM",68.1145
"2016-09-23:12 AM",67.3777
"2016-09-24:12 AM",57.9103
"2016-09-25:12 AM",54.0621
"2016-09-26:12 AM",55.6758
"2016-09-27:12 AM",64.2132
"2016-09-28:12 AM",57.5544
"2016-09-29:12 AM",55.6461
"2016-09-30:12 AM",54.4005
"2016-10-01:12 AM",54.8076
"2016-10-02:12 AM",55.1181
"2016-10-03:12 AM",61.2757
"2016-10-04:12 AM",58.0276
"2016-10-05:12 AM",54.7381
"2016-10-06:12 AM",56.2294
"2016-10-07:12 AM",58.0687
"2016-10-08:12 AM",58.8508
"2016-10-09:12 AM",54.5473
"2016-10-10:12 AM",48.4372
"2016-10-11:12 AM",48.279
"2016-10-12:12 AM",52.3866
"2016-10-13:12 AM",58.3527
"2016-10-14:12 AM",49.5765
"2016-10-15:12 AM",48.1431
"2016-10-16:12 AM",56.4409
"2016-10-17:12 AM",64.945
"2016-10-18:12 AM",67.1527
"2016-10-19:12 AM",68.1395
"2016-10-20:12 AM",60.3657
"2016-10-21:12 AM",65.6175
"2016-10-22:12 AM",51.7647
"2016-10-23:12 AM",47.5754
"2016-10-24:12 AM",48.7625
"2016-10-25:12 AM",42.64
"2016-10-26:12 AM",39.0533
"2016-10-27:12 AM",38.2377
"2016-10-28:12 AM",45.3144
"2016-10-29:12 AM",46.7118
"2016-10-30:12 AM",58.4317
"2016-10-31:12 AM",44.4861
"2016-11-01:12 AM",42.5611
"2016-11-02:12 AM",54.7135
"2016-11-03:12 AM",58.356
"2016-11-04:12 AM",49.4971
"2016-11-05:12 AM",45.1501
"2016-11-06:12 AM",46.5883
"2016-11-07:12 AM",40.2285
"2016-11-08:12 AM",45.3592
"2016-11-09:12 AM",49.7323
"2016-11-10:12 AM",44.089
"2016-11-11:12 AM",46.2641
"2016-11-12:12 AM",37.4814
"2016-11-13:12 AM",43.6356
"2016-11-14:12 AM",46.4994
"2016-11-15:12 AM",49.2204
"2016-11-16:12 AM",48.4837
"2016-11-17:12 AM",47.1799
"2016-11-18:12 AM",46.9099
"2016-11-19:12 AM",48.6334
"2016-11-20:12 AM",38.7871
"2016-11-21:12 AM",31.3138
"2016-11-22:12 AM",32.7952
"2016-11-23:12 AM",32.6982
"2016-11-24:12 AM",37.7992
"2016-11-25:12 AM",41.2126
"2016-11-26:12 AM",40.753
"2016-11-27:12 AM",37.2459
"2016-11-28:12 AM",37.4434
"2016-11-29:12 AM",48.421
"2016-11-30:12 AM",50.6633
"2016-12-01:12 AM",48.6738
"2016-12-02:12 AM",41.0931
"2016-12-03:12 AM",38.1625
"2016-12-04:12 AM",33.6124
"2016-12-05:12 AM",36.5365
"2016-12-06:12 AM",37.2877
"2016-12-07:12 AM",37.3138
"2016-12-08:12 AM",37.5004
"2016-12-09:12 AM",30.6217
"2016-12-10:12 AM",27.2685
"2016-12-11:12 AM",28.4823
"2016-12-12:12 AM",36.869
"2016-12-13:12 AM",34.149
"2016-12-14:12 AM",32.7492
"2016-12-15:12 AM",23.3555
"2016-12-16:12 AM",17.7408
"2016-12-17:12 AM",29.2145
"2016-12-18:12 AM",41.3893
"2016-12-19:12 AM",21.5478
"2016-12-20:12 AM",21.1496
"2016-12-21:12 AM",29.0284
"2016-12-22:12 AM",34.533
"2016-12-23:12 AM",34.5394
"2016-12-24:12 AM",36.7173
"2016-12-25:12 AM",34.5898
"2016-12-26:12 AM",33.3669
"2016-12-27:12 AM",45.604
"2016-12-28:12 AM",33.4508
"2016-12-29:12 AM",34.5429
"2016-12-30:12 AM",31.5421
"2016-12-31:12 AM",32.8505
"2017-01-01:12 AM",35.2656
"2017-01-02:12 AM",34.4793
"2017-01-03:12 AM",39.3886
"2017-01-04:12 AM",38.2455
"2017-01-05:12 AM",28.8664
"2017-01-06:12 AM",26.9307
"2017-01-07:12 AM",19.9749
"2017-01-08:12 AM",15.7482
"2017-01-09:12 AM",13.8155
"2017-01-10:12 AM",24.9417
"2017-01-11:12 AM",40.3012
"2017-01-12:12 AM",49.3293
"2017-01-13:12 AM",39.6766
"2017-01-14:12 AM",27.6051
"2017-01-15:12 AM",29.3992
"2017-01-16:12 AM",29.5687
"2017-01-17:12 AM",34.5727
"2017-01-18:12 AM",36.2755
"2017-01-19:12 AM",36.516
"2017-01-20:12 AM",35.6068
"2017-01-21:12 AM",39.9502
"2017-01-22:12 AM",40.8609
"2017-01-23:12 AM",36.8571
"2017-01-24:12 AM",36.7628
"2017-01-25:12 AM",34.7785
"2017-01-26:12 AM",40.6639
"2017-01-27:12 AM",36.138
"2017-01-28:12 AM",33.0553
"2017-01-29:12 AM",33.3342
"2017-01-30:12 AM",29.5713
"2017-01-31:12 AM",24.6844
"2017-02-01:12 AM",33.2436
"2017-02-02:12 AM",30.7679
"2017-02-03:12 AM",26.3221
"2017-02-04:12 AM",23.481
"2017-02-05:12 AM",31.2148
"2017-02-06:12 AM",31.2139
"2017-02-07:12 AM",34.6849
"2017-02-08:12 AM",39.1287
"2017-02-09:12 AM",24.6555
"2017-02-10:12 AM",19.3725
"2017-02-11:12 AM",29.1187
"2017-02-12:12 AM",27.5466
"2017-02-13:12 AM",25.5884
"2017-02-14:12 AM",21.972
"2017-02-15:12 AM",32.8379
"2017-02-16:12 AM",25.7981
"2017-02-17:12 AM",23.7607
"2017-02-18:12 AM",31.8481
"2017-02-19:12 AM",41.862
"2017-02-20:12 AM",36.0264
"2017-02-21:12 AM",32.3677
"2017-02-22:12 AM",39.5316
"2017-02-23:12 AM",45.1702
"2017-02-24:12 AM",52.7607
"2017-02-25:12 AM",52.5994
"2017-02-26:12 AM",35.7865
"2017-02-27:12 AM",37.4844
"2017-02-28:12 AM",43.8454
"2017-03-01:12 AM",53.2497
"2017-03-02:12 AM",41.0529
"2017-03-03:12 AM",29.4805
"2017-03-04:12 AM",19.6605
"2017-03-05:12 AM",18.9189
"2017-03-06:12 AM",27.8008
"2017-03-07:12 AM",39.4439
"2017-03-08:12 AM",48.5377
"2017-03-09:12 AM",40.8843
"2017-03-10:12 AM",29.7964
"2017-03-11:12 AM",16.272
"2017-03-12:12 AM",15.4969
"2017-03-13:12 AM",19.4995
"2017-03-14:12 AM",29.1085
"2017-03-15:12 AM",18.46
"2017-03-16:12 AM",22.8441
"2017-03-17:12 AM",28.1131
"2017-03-18:12 AM",28.7542
"2017-03-19:12 AM",30.2733
"2017-03-20:12 AM",32.2785
"2017-03-21:12 AM",37.6169
"2017-03-22:12 AM",26.4657
"2017-03-23:12 AM",23.6116
"2017-03-24:12 AM",35.3682
"2017-03-25:12 AM",40.6206
"2017-03-26:12 AM",33.9741
"2017-03-27:12 AM",37.8741
"2017-03-28:12 AM",39.4876
"2017-03-29:12 AM",41.4383
"2017-03-30:12 AM",39.2576
"2017-03-31:12 AM",36.6303
"2017-04-01:12 AM",34.6181
"2017-04-02:12 AM",41.2979
"2017-04-03:12 AM",45.2242
"2017-04-04:12 AM",43.6224
"2017-04-05:12 AM",43.3407
"2017-04-06:12 AM",42.0285
"2017-04-07:12 AM",42.7453
"2017-04-08:12 AM",39.2808
"2017-04-09:12 AM",46.0402
"2017-04-10:12 AM",53.1216
"2017-04-11:12 AM",58.6947
"2017-04-12:12 AM",55.6999
"2017-04-13:12 AM",48.578
"2017-04-14:12 AM",49.1499
"2017-04-15:12 AM",50.0517
"2017-04-16:12 AM",64.3748
"2017-04-17:12 AM",60.0958
"2017-04-18:12 AM",49.4969
"2017-04-19:12 AM",43.7029
"2017-04-20:12 AM",52.0075
"2017-04-21:12 AM",47.5965
"2017-04-22:12 AM",47.5984
"2017-04-23:12 AM",50.3886
"2017-04-24:12 AM",51.1574
"2017-04-25:12 AM",48.7233
"2017-04-26:12 AM",52.871
"2017-04-27:12 AM",55.9792
"2017-04-28:12 AM",62.2119
"2017-04-29:12 AM",65.9507
"2017-04-30:12 AM",54.8857
"2017-05-01:12 AM",53.0386
"2017-05-02:12 AM",61.1944
"2017-05-03:12 AM",51.7937
"2017-05-04:12 AM",50.2743
"2017-05-05:12 AM",51.0595
"2017-05-06:12 AM",58.5239
"2017-05-07:12 AM",50.6419
"2017-05-08:12 AM",45.1562
"2017-05-09:12 AM",46.3622
"2017-05-10:12 AM",50.2626
"2017-05-11:12 AM",50.418
"2017-05-12:12 AM",51.2308
"2017-05-13:12 AM",47.5767
"2017-05-14:12 AM",49.1434
"2017-05-15:12 AM",53.9685
"2017-05-16:12 AM",62.0803
"2017-05-17:12 AM",69.195
"2017-05-18:12 AM",76.683
"2017-05-19:12 AM",75.3067
"2017-05-20:12 AM",58.267
"2017-05-21:12 AM",56.2091
"2017-05-22:12 AM",56.5637
"2017-05-23:12 AM",59.799
"2017-05-24:12 AM",58.2334
"2017-05-25:12 AM",53.7784
"2017-05-26:12 AM",57.1487
"2017-05-27:12 AM",61.3146
"2017-05-28:12 AM",60.6492
"2017-05-29:12 AM",52.9504
"2017-05-30:12 AM",55.0042
"2017-05-31:12 AM",60.9451
"2017-06-01:12 AM",63.5884
"2017-06-02:12 AM",60.0703
"2017-06-03:12 AM",58.9464
"2017-06-04:12 AM",58.2224
"2017-06-05:12 AM",59.7515
"2017-06-06:12 AM",50.5636
"2017-06-07:12 AM",56.5925
"2017-06-08:12 AM",58.8317
"2017-06-09:12 AM",63.9284
"2017-06-10:12 AM",68.8253
"2017-06-11:12 AM",75.6293
"2017-06-12:12 AM",77.7979
"2017-06-13:12 AM",78.9159
"2017-06-14:12 AM",70.4656
"2017-06-15:12 AM",62.1059
"2017-06-16:12 AM",60.7491
"2017-06-17:12 AM",64.9292
"2017-06-18:12 AM",71.2846
"2017-06-19:12 AM",74.9309
"2017-06-20:12 AM",73.2223
"2017-06-21:12 AM",71.6907
"2017-06-22:12 AM",70.0306
"2017-06-23:12 AM",72.936
"2017-06-24:12 AM",74.9165
"2017-06-25:12 AM",71.0186
"2017-06-26:12 AM",66.9443
"2017-06-27:12 AM",63.5184
"2017-06-28:12 AM",63.7956
"2017-06-29:12 AM",69.3032
"2017-06-30:12 AM",72.7696
"2017-07-01:12 AM",72.7182
"2017-07-02:12 AM",75.5836
"2017-07-03:12 AM",74.593
"2017-07-04:12 AM",71.0181
"2017-07-05:12 AM",70.1674
"2017-07-06:12 AM",66.9439
"2017-07-07:12 AM",66.3517
"2017-07-08:12 AM",72.9601
"2017-07-09:12 AM",69.4233
"2017-07-10:12 AM",71.3664
"2017-07-11:12 AM",74.084
"2017-07-12:12 AM",75.5386
"2017-07-13:12 AM",74.3167
"2017-07-14:12 AM",61.5222
"2017-07-15:12 AM",69.7744
"2017-07-16:12 AM",73.0438
"2017-07-17:12 AM",72.963
"2017-07-18:12 AM",75.0625
"2017-07-19:12 AM",77.1598
"2017-07-20:12 AM",78.0991
"2017-07-21:12 AM",77.3092
"2017-07-22:12 AM",75.1595
"2017-07-23:12 AM",73.1694
"2017-07-24:12 AM",61.3805
"2017-07-25:12 AM",60.1907
"2017-07-26:12 AM",66.0096
"2017-07-27:12 AM",68.1755
"2017-07-28:12 AM",71.7451
"2017-07-29:12 AM",67.8306
"2017-07-30:12 AM",66.6797
"2017-07-31:12 AM",70.1947
"2017-08-01:12 AM",73.4873
"2017-08-02:12 AM",73.4173
"2017-08-03:12 AM",71.8146
"2017-08-04:12 AM",73.2871
"2017-08-05:12 AM",71.7451
"2017-08-06:12 AM",66.1939
"2017-08-07:12 AM",65.7298
"2017-08-08:12 AM",66.3557
"2017-08-09:12 AM",69.1002
"2017-08-10:12 AM",70.0682
"2017-08-11:12 AM",69.3493
"2017-08-12:12 AM",69.7096
"2017-08-13:12 AM",71.1039
"2017-08-14:12 AM",70.3429
"2017-08-15:12 AM",68.5477
"2017-08-16:12 AM",72.3308
"2017-08-17:12 AM",68.751
"2017-08-18:12 AM",71.3908
"2017-08-19:12 AM",75.3726
"2017-08-20:12 AM",71.3188
"2017-08-21:12 AM",72.9126
"2017-08-22:12 AM",77.3735
"2017-08-23:12 AM",73.0639
"2017-08-24:12 AM",66.8908
"2017-08-25:12 AM",65.6442
"2017-08-26:12 AM",62.7357
"2017-08-27:12 AM",62.6598
"2017-08-28:12 AM",63.3493
"2017-08-29:12 AM",61.1663
"2017-08-30:12 AM",61.9614
"2017-08-31:12 AM",66.9303
"2017-09-01:12 AM",58.068
"2017-09-02:12 AM",56.5061
"2017-09-03:12 AM",56.7108
"2017-09-04:12 AM",65.7478
"2017-09-05:12 AM",72.018
"2017-09-06:12 AM",65.2611
"2017-09-07:12 AM",62.9641
"2017-09-08:12 AM",61.0171
"2017-09-09:12 AM",58.1652
"2017-09-10:12 AM",59.2835
"2017-09-11:12 AM",60.5712
"2017-09-12:12 AM",64.7717
"2017-09-13:12 AM",67.3662
"2017-09-14:12 AM",69.3446
"2017-09-15:12 AM",69.5968
"2017-09-16:12 AM",68.6007
"2017-09-17:12 AM",68.8768
"2017-09-18:12 AM",67.4881
"2017-09-19:12 AM",67.8378
"2017-09-20:12 AM",68.918
"2017-09-21:12 AM",70.3323
"2017-09-22:12 AM",65.8481
"2017-09-23:12 AM",70.1595
"2017-09-24:12 AM",72.1675
"2017-09-25:12 AM",72.3537
"2017-09-26:12 AM",70.3449
"2017-09-27:12 AM",72.0261
"2017-09-28:12 AM",65.8242
"2017-09-29:12 AM",55.3244
"2017-09-30:12 AM",53.3496
"2017-10-01:12 AM",51.4677
"2017-10-02:12 AM",54.5414
"2017-10-03:12 AM",56.0719
"2017-10-04:12 AM",59.9304
"2017-10-05:12 AM",68.0266
"2017-10-06:12 AM",65.7696
"2017-10-07:12 AM",67.2755
"2017-10-08:12 AM",70.6831
"2017-10-09:12 AM",70.3758
"2017-10-10:12 AM",67.4227
"2017-10-11:12 AM",63.8744
"2017-10-12:12 AM",54.4451
"2017-10-13:12 AM",53.3709
"2017-10-14:12 AM",62.3167
"2017-10-15:12 AM",64.7541
"2017-10-16:12 AM",55.688
"2017-10-17:12 AM",46.2693
"2017-10-18:12 AM",54.9883
"2017-10-19:12 AM",58.474
"2017-10-20:12 AM",58.7644
"2017-10-21:12 AM",59.5099
"2017-10-22:12 AM",60.2442
"2017-10-23:12 AM",60.9345
"2017-10-24:12 AM",67.8393
"2017-10-25:12 AM",62.5501
"2017-10-26:12 AM",52.2817
"2017-10-27:12 AM",49.3434
"2017-10-28:12 AM",55.3901
"2017-10-29:12 AM",60.7543
"2017-10-30:12 AM",53.6468
"2017-10-31:12 AM",47.4712
"2017-11-01:12 AM",46.4985
"2017-11-02:12 AM",60.7201
"2017-11-03:12 AM",60.6376
"2017-11-04:12 AM",46.909
"2017-11-05:12 AM",51.5745
"2017-11-06:12 AM",58.0732
"2017-11-07:12 AM",43.7626
"2017-11-08:12 AM",38.6026
"2017-11-09:12 AM",40.478
"2017-11-10:12 AM",34.3391
"2017-11-11:12 AM",27.6157
"2017-11-12:12 AM",33.213
"2017-11-13:12 AM",35.8405
"2017-11-14:12 AM",35.1365
"2017-11-15:12 AM",36.2408
"2017-11-16:12 AM",44.8036
"2017-11-17:12 AM",36.7925
"2017-11-18:12 AM",39.2162
"2017-11-19:12 AM",47.3193
"2017-11-20:12 AM",35.7739
"2017-11-21:12 AM",44.3799
"2017-11-22:12 AM",45.671
"2017-11-23:12 AM",33.6913
"2017-11-24:12 AM",37.1815
"2017-11-25:12 AM",43.0767
"2017-11-26:12 AM",40.5577
"2017-11-27:12 AM",36.6688
"2017-11-28:12 AM",35.4497
"2017-11-29:12 AM",46.4967
"2017-11-30:12 AM",38.3803
"2017-12-01:12 AM",43.1355
"2017-12-02:12 AM",36.5747
"2017-12-03:12 AM",37.4344
"2017-12-04:12 AM",37.7591
"2017-12-05:12 AM",48.0411
"2017-12-06:12 AM",45.212
"2017-12-07:12 AM",36.6602
"2017-12-08:12 AM",33.6884
"2017-12-09:12 AM",31.519
"2017-12-10:12 AM",29.9226
"2017-12-11:12 AM",30.0067
"2017-12-12:12 AM",36.383
"2017-12-13:12 AM",18.489
"2017-12-14:12 AM",21.1881
"2017-12-15:12 AM",19.8219
"2017-12-16:12 AM",25.8751
"2017-12-17:12 AM",23.6631
"2017-12-18:12 AM",30.6273
"2017-12-19:12 AM",39.9418
"2017-12-20:12 AM",35.7741
"2017-12-21:12 AM",30.0274
"2017-12-22:12 AM",32.2543
"2017-12-23:12 AM",35.3125
"2017-12-24:12 AM",32.8185
"2017-12-25:12 AM",31.0582
"2017-12-26:12 AM",21.1386
"2017-12-27:12 AM",15.4065
"2017-12-28:12 AM",8.6751
"2017-12-29:12 AM",10.0054
"2017-12-30:12 AM",15.0064
"2017-12-31:12 AM",8.9649
"2018-01-01:12 AM",5.4901
"2018-01-02:12 AM",13.1322
"2018-01-03:12 AM",16.3962
"2018-01-04:12 AM",22.3387
"2018-01-05:12 AM",8.9973
"2018-01-06:12 AM",4.3218
"2018-01-07:12 AM",4.028
"2018-01-08:12 AM",20.8479
"2018-01-09:12 AM",29.8137
"2018-01-10:12 AM",24.894
"2018-01-11:12 AM",37.7632
"2018-01-12:12 AM",49.3617
"2018-01-13:12 AM",38.0876
"2018-01-14:12 AM",16.7569
"2018-01-15:12 AM",17.5255
"2018-01-16:12 AM",25.1568
"2018-01-17:12 AM",30.3159
"2018-01-18:12 AM",19.7494
"2018-01-19:12 AM",24.3257
"2018-01-20:12 AM",34.5128
"2018-01-21:12 AM",35.1205
"2018-01-22:12 AM",36.068
"2018-01-23:12 AM",42.1356
"2018-01-24:12 AM",31.7799
"2018-01-25:12 AM",24.0535
"2018-01-26:12 AM",24.7527
"2018-01-27:12 AM",36.0792
"2018-01-28:12 AM",43.5483
"2018-01-29:12 AM",34.1857
"2018-01-30:12 AM",28.297
"2018-01-31:12 AM",22.0867
"2018-02-01:12 AM",32.3996
"2018-02-02:12 AM",22.9833
"2018-02-03:12 AM",16.1798
"2018-02-04:12 AM",32.4937
"2018-02-05:12 AM",28.364
"2018-02-06:12 AM",27.0741
"2018-02-07:12 AM",29.7032
"2018-02-08:12 AM",23.5179
"2018-02-09:12 AM",23.8433
"2018-02-10:12 AM",37.4454
"2018-02-11:12 AM",40.0845
"2018-02-12:12 AM",36.8467
"2018-02-13:12 AM",27.3816
"2018-02-14:12 AM",36.198
"2018-02-15:12 AM",43.1348
"2018-02-16:12 AM",45.1544
"2018-02-17:12 AM",31.4449
"2018-02-18:12 AM",31.4294
"2018-02-19:12 AM",34.6334
"2018-02-20:12 AM",47.7205
"2018-02-21:12 AM",56.502
"2018-02-22:12 AM",39.5868
"2018-02-23:12 AM",33.1608
"2018-02-24:12 AM",39.7936
"2018-02-25:12 AM",38.295
"2018-02-26:12 AM",38.8283
"2018-02-27:12 AM",38.9017
"2018-02-28:12 AM",41.8685
"2018-03-01:12 AM",46.8001
"2018-03-02:12 AM",37.3995
"2018-03-03:12 AM",36.4572
"2018-03-04:12 AM",35.3332
"2018-03-05:12 AM",32.7925
"2018-03-06:12 AM",33.5044
"2018-03-07:12 AM",33.1788
"2018-03-08:12 AM",32.5033
"2018-03-09:12 AM",29.3193
"2018-03-10:12 AM",30.4347
"2018-03-11:12 AM",30.6201
"2018-03-12:12 AM",32.0776
"2018-03-13:12 AM",31.8904
"2018-03-14:12 AM",29.3358
"2018-03-15:12 AM",30.3663
"2018-03-16:12 AM",27.1015
"2018-03-17:12 AM",27.4195
"2018-03-18:12 AM",23.7148
"2018-03-19:12 AM",28.6074
"2018-03-20:12 AM",29.4903
"2018-03-21:12 AM",31.6785
"2018-03-22:12 AM",34.5582
"2018-03-23:12 AM",35.2427
"2018-03-24:12 AM",34.3746
"2018-03-25:12 AM",32.6757
"2018-03-26:12 AM",33.5271
"2018-03-27:12 AM",34.6064
"2018-03-28:12 AM",40.4271
"2018-03-29:12 AM",42.2145
"2018-03-30:12 AM",49.1403
"2018-03-31:12 AM",41.0785
"2018-04-01:12 AM",41.7609
"2018-04-02:12 AM",32.3793
"2018-04-03:12 AM",34.0536
"2018-04-04:12 AM",40.9485
"2018-04-05:12 AM",32.2417
"2018-04-06:12 AM",36.2377
"2018-04-07:12 AM",35.2238
"2018-04-08:12 AM",32.4356
"2018-04-09:12 AM",32.9659
"2018-04-10:12 AM",36.4368
"2018-04-11:12 AM",37.6839
"2018-04-12:12 AM",43.9702
"2018-04-13:12 AM",56.7068
"2018-04-14:12 AM",52.993
"2018-04-15:12 AM",35.3325
"2018-04-16:12 AM",43.8525
"2018-04-17:12 AM",40.4107
"2018-04-18:12 AM",39.0573
"2018-04-19:12 AM",38.1189
"2018-04-20:12 AM",37.4835
"2018-04-21:12 AM",43.3427
"2018-04-22:12 AM",46.4094
"2018-04-23:12 AM",47.8521
"2018-04-24:12 AM",48.4066
"2018-04-25:12 AM",50.1105
"2018-04-26:12 AM",53.0587
"2018-04-27:12 AM",48.3319
"2018-04-28:12 AM",52.0783
"2018-04-29:12 AM",49.0415
"2018-04-30:12 AM",43.0995
"2018-05-01:12 AM",51.3693
"2018-05-02:12 AM",66.054
"2018-05-03:12 AM",69.8484
"2018-05-04:12 AM",66.9454
"2018-05-05:12 AM",60.7273
"2018-05-06:12 AM",56.7727
"2018-05-07:12 AM",56.025
"2018-05-08:12 AM",56.5399
"2018-05-09:12 AM",56.91
"2018-05-10:12 AM",55.4247
"2018-05-11:12 AM",56.9604
"2018-05-12:12 AM",48.9997
"2018-05-13:12 AM",50.1643
"2018-05-14:12 AM",56.3353
"2018-05-15:12 AM",62.928
"2018-05-16:12 AM",58.3137
"2018-05-17:12 AM",60.1569
"2018-05-18:12 AM",58.0932
"2018-05-19:12 AM",49.741
"2018-05-20:12 AM",63.7637
"2018-05-21:12 AM",61.1649
"2018-05-22:12 AM",57.609
"2018-05-23:12 AM",63.2592
"2018-05-24:12 AM",64.6763
"2018-05-25:12 AM",68.707
"2018-05-26:12 AM",73.8059
"2018-05-27:12 AM",58.1382
"2018-05-28:12 AM",57.817
"2018-05-29:12 AM",67.6998
"2018-05-30:12 AM",63.612
"2018-05-31:12 AM",59.7519
"2018-06-01:12 AM",65.8449
"2018-06-02:12 AM",70.3839
"2018-06-03:12 AM",58.2991
"2018-06-04:12 AM",53.6806
"2018-06-05:12 AM",57.8673
"2018-06-06:12 AM",57.2698
"2018-06-07:12 AM",57.4776
"2018-06-08:12 AM",62.3601
"2018-06-09:12 AM",64.6223
"2018-06-10:12 AM",63.6654
"2018-06-11:12 AM",60.4218
"2018-06-12:12 AM",61.1119
"2018-06-13:12 AM",63.4624
"2018-06-14:12 AM",69.4584
"2018-06-15:12 AM",61.6527
"2018-06-16:12 AM",66.9493
"2018-06-17:12 AM",69.8013
"2018-06-18:12 AM",73.5013
"2018-06-19:12 AM",74.0577
"2018-06-20:12 AM",68.0947
"2018-06-21:12 AM",69.5016
"2018-06-22:12 AM",65.2818
"2018-06-23:12 AM",60.7678
"2018-06-24:12 AM",65.8458
"2018-06-25:12 AM",67.7784
"2018-06-26:12 AM",64.2904
"2018-06-27:12 AM",66.3431
"2018-06-28:12 AM",69.7176
"2018-06-29:12 AM",74.6452
"2018-06-30:12 AM",77.4054
"2018-07-01:12 AM",81.1182
"2018-07-02:12 AM",78.0913
"2018-07-03:12 AM",77.7466
"2018-07-04:12 AM",77.6266
"2018-07-05:12 AM",77.7322
"2018-07-06:12 AM",76.1655
"2018-07-07:12 AM",65.9721
"2018-07-08:12 AM",67.716
"2018-07-09:12 AM",71.1261
"2018-07-10:12 AM",74.6188
"2018-07-11:12 AM",71.2715
"2018-07-12:12 AM",68.8885
"2018-07-13:12 AM",70.1823
"2018-07-14:12 AM",72.7102
"2018-07-15:12 AM",74.1664
"2018-07-16:12 AM",76.9039
"2018-07-17:12 AM",74.8429
"2018-07-18:12 AM",71.8349
"2018-07-19:12 AM",68.9459
"2018-07-20:12 AM",69.3963
"2018-07-21:12 AM",66.1093
"2018-07-22:12 AM",71.4492
"2018-07-23:12 AM",74.1763
"2018-07-24:12 AM",75.5551
"2018-07-25:12 AM",72.612
"2018-07-26:12 AM",74.0439
"2018-07-27:12 AM",75.7042
"2018-07-28:12 AM",73.6713
"2018-07-29:12 AM",70.9698
"2018-07-30:12 AM",70.7342
"2018-07-31:12 AM",71.2238
"2018-08-01:12 AM",72.6818
"2018-08-02:12 AM",77.8152
"2018-08-03:12 AM",77.0842
"2018-08-04:12 AM",73.454
"2018-08-05:12 AM",75.5233
"2018-08-06:12 AM",78.7496
"2018-08-07:12 AM",78.8083
"2018-08-08:12 AM",77.148
"2018-08-09:12 AM",76.464
"2018-08-10:12 AM",74.6703
"2018-08-11:12 AM",71.4416
"2018-08-12:12 AM",71.6981
"2018-08-13:12 AM",69.9897
"2018-08-14:12 AM",72.6476
"2018-08-15:12 AM",73.7406
"2018-08-16:12 AM",77.7976
"2018-08-17:12 AM",74.718
"2018-08-18:12 AM",74.9327
"2018-08-19:12 AM",66.3872
"2018-08-20:12 AM",65.86
"2018-08-21:12 AM",67.3813
"2018-08-22:12 AM",71.2351
"2018-08-23:12 AM",66.7072
"2018-08-24:12 AM",68.5571
"2018-08-25:12 AM",68.8244
"2018-08-26:12 AM",68.8527
"2018-08-27:12 AM",75.5794
"2018-08-28:12 AM",80.128
"2018-08-29:12 AM",81.2824
"2018-08-30:12 AM",78.2845
"2018-08-31:12 AM",68.0301
"2018-09-01:12 AM",66.8142
"2018-09-02:12 AM",69.382
"2018-09-03:12 AM",76.8468
"2018-09-04:12 AM",77.3188
"2018-09-05:12 AM",74.8602
"2018-09-06:12 AM",77.9887
"2018-09-07:12 AM",68.0097
"2018-09-08:12 AM",63.6073
"2018-09-09:12 AM",58.0437
"2018-09-10:12 AM",58.0743
"2018-09-11:12 AM",65.9257
"2018-09-12:12 AM",69.0436
"2018-09-13:12 AM",67.7505
"2018-09-14:12 AM",68.2527
"2018-09-15:12 AM",69.4805
"2018-09-16:12 AM",69.4917
"2018-09-17:12 AM",69.5566
"2018-09-18:12 AM",70.4894
"2018-09-19:12 AM",67.08
"2018-09-20:12 AM",61.9214
"2018-09-21:12 AM",64.3744
"2018-09-22:12 AM",65.6101
"2018-09-23:12 AM",56.9833
"2018-09-24:12 AM",54.833
"2018-09-25:12 AM",60.2537
"2018-09-26:12 AM",72.3153
"2018-09-27:12 AM",63.1195
"2018-09-28:12 AM",55.4558
"2018-09-29:12 AM",59.0689
"2018-09-30:12 AM",57.243
"2018-10-01:12 AM",62.6691
"2018-10-02:12 AM",64.3289
"2018-10-03:12 AM",65.0894
"2018-10-04:12 AM",66.3046
"2018-10-05:12 AM",58.8339
"2018-10-06:12 AM",57.1264
"2018-10-07:12 AM",67.5567
"2018-10-08:12 AM",59.1775
"2018-10-09:12 AM",66.9024
"2018-10-10:12 AM",70.2163
"2018-10-11:12 AM",69.8952
"2018-10-12:12 AM",57.9598
"2018-10-13:12 AM",48.0922
"2018-10-14:12 AM",48.3258
"2018-10-15:12 AM",56.5333
"2018-10-16:12 AM",49.2728
"2018-10-17:12 AM",48.4758
"2018-10-18:12 AM",39.4326
"2018-10-19:12 AM",46.146
"2018-10-20:12 AM",54.3798
"2018-10-21:12 AM",41.8815
"2018-10-22:12 AM",40.3905
"2018-10-23:12 AM",48.5964
"2018-10-24:12 AM",44.6176
"2018-10-25:12 AM",40.512
"2018-10-26:12 AM",38.6244
"2018-10-27:12 AM",46.4515
"2018-10-28:12 AM",46.5993
"2018-10-29:12 AM",49.1301
"2018-10-30:12 AM",43.2001
"2018-10-31:12 AM",47.0889
"2018-11-01:12 AM",57.4255
"2018-11-02:12 AM",63.1872
"2018-11-03:12 AM",53.9647
"2018-11-04:12 AM",43.3432
"2018-11-05:12 AM",45.3922
"2018-11-06:12 AM",52.0338
"2018-11-07:12 AM",53.2207
"2018-11-08:12 AM",45.754
"2018-11-09:12 AM",42.2114
"2018-11-10:12 AM",40.2352
"2018-11-11:12 AM",35.3066
"2018-11-12:12 AM",37.8507
"2018-11-13:12 AM",42.3363
"2018-11-14:12 AM",31.7975
"2018-11-15:12 AM",29.4852
"2018-11-16:12 AM",37.1808
"2018-11-17:12 AM",36.6786
"2018-11-18:12 AM",33.5863
"2018-11-19:12 AM",40.5079
"2018-11-20:12 AM",37.0629
"2018-11-21:12 AM",32.0371
"2018-11-22:12 AM",16.7592
"2018-11-23:12 AM",19.4405
"2018-11-24:12 AM",34.804
"2018-11-25:12 AM",43.2153
"2018-11-26:12 AM",42.1673
"2018-11-27:12 AM",38.9217
"2018-11-28:12 AM",34.619
"2018-11-29:12 AM",35.5275
"2018-11-30:12 AM",34.3263
"2018-12-01:12 AM",35.4366
"2018-12-02:12 AM",44.3034
"2018-12-03:12 AM",46.9899
"2018-12-04:12 AM",32.6592
"2018-12-05:12 AM",29.955
"2018-12-06:12 AM",31.6407
"2018-12-07:12 AM",30.7602
"2018-12-08:12 AM",26.001
"2018-12-09:12 AM",28.5049
"2018-12-10:12 AM",29.7955
"2018-12-11:12 AM",29.3338
"2018-12-12:12 AM",30.4666
"2018-12-13:12 AM",29.7516
"2018-12-14:12 AM",37.2996
"2018-12-15:12 AM",42.2735
"2018-12-16:12 AM",38.1767
"2018-12-17:12 AM",35.546
"2018-12-18:12 AM",26.7692
"2018-12-19:12 AM",28.5373
"2018-12-20:12 AM",36.5994
"2018-12-21:12 AM",52.9169
"2018-12-22:12 AM",43.8654
"2018-12-23:12 AM",32.8356
"2018-12-24:12 AM",34.0273
"2018-12-25:12 AM",31.4006
"2018-12-26:12 AM",30.3674
"2018-12-27:12 AM",31.4496
"2018-12-28:12 AM",44.5323
"2018-12-29:12 AM",43.8219
"2018-12-30:12 AM",32.2245
"2018-12-31:12 AM",36.7741
"2019-01-01:12 AM",43.7261
"2019-01-02:12 AM",31.4812
"2019-01-03:12 AM",36.0495
"2019-01-04:12 AM",35.9006
"2019-01-05:12 AM",38.5399
"2019-01-06:12 AM",34.4102
"2019-01-07:12 AM",25.7524
"2019-01-08:12 AM",35.8268
"2019-01-09:12 AM",35.6833
"2019-01-10:12 AM",28.8639
"2019-01-11:12 AM",21.7899
"2019-01-12:12 AM",21.5416
"2019-01-13:12 AM",24.1853
"2019-01-14:12 AM",23.5636
"2019-01-15:12 AM",26.605
"2019-01-16:12 AM",30.5595
"2019-01-17:12 AM",25.322
"2019-01-18:12 AM",30.8696
"2019-01-19:12 AM",30.5802
"2019-01-20:12 AM",27.586
"2019-01-21:12 AM",3.1543
"2019-01-22:12 AM",12.5656
"2019-01-23:12 AM",30.5771
"2019-01-24:12 AM",45.5463
"2019-01-25:12 AM",29.2831
"2019-01-26:12 AM",26.3257
"2019-01-27:12 AM",33.2629
"2019-01-28:12 AM",26.1851
"2019-01-29:12 AM",30.1748
"2019-01-30:12 AM",21.5865
"2019-01-31:12 AM",4.6537
"2019-02-01:12 AM",10.1512
"2019-02-02:12 AM",17.7026
"2019-02-03:12 AM",32.7749
"2019-02-04:12 AM",37.654
"2019-02-05:12 AM",40.6915
"2019-02-06:12 AM",34.9443
"2019-02-07:12 AM",36.9387
"2019-02-08:12 AM",38.347
"2019-02-09:12 AM",25.4329
"2019-02-10:12 AM",25.4305
"2019-02-11:12 AM",29.9323
"2019-02-12:12 AM",26.3325
"2019-02-13:12 AM",33.595
"2019-02-14:12 AM",29.9246
"2019-02-15:12 AM",42.6448
"2019-02-16:12 AM",31.5237
"2019-02-17:12 AM",27.4825
"2019-02-18:12 AM",29.2732
"2019-02-19:12 AM",21.4725
"2019-02-20:12 AM",23.0495
"2019-02-21:12 AM",34.2693
"2019-02-22:12 AM",33.0278
"2019-02-23:12 AM",31.2535
"2019-02-24:12 AM",38.6186
"2019-02-25:12 AM",30.0789
"2019-02-26:12 AM",22.8292
"2019-02-27:12 AM",19.3546
"2019-02-28:12 AM",22.9404
"2019-03-01:12 AM",27.0646
"2019-03-02:12 AM",30.1896
"2019-03-03:12 AM",31.2903
"2019-03-04:12 AM",28.864
"2019-03-05:12 AM",17.742
"2019-03-06:12 AM",15.2555
"2019-03-07:12 AM",15.75
"2019-03-08:12 AM",19.3644
"2019-03-09:12 AM",27.8411
"2019-03-10:12 AM",33.3943
"2019-03-11:12 AM",35.7089
"2019-03-12:12 AM",30.6957
"2019-03-13:12 AM",31.7548
"2019-03-14:12 AM",38.8422
"2019-03-15:12 AM",49.5023