"DateTime","(deg F) Mean Temperature (CFSR) at District of Columbia, 2010-01-01 to 2019-03-14"
"2010-01-01:12 AM",32.4793
"2010-01-02:12 AM",23.8793
"2010-01-03:12 AM",18.4253
"2010-01-04:12 AM",24.089
"2010-01-05:12 AM",26.82
"2010-01-06:12 AM",29.165
"2010-01-07:12 AM",28.2461
"2010-01-08:12 AM",27.4586
"2010-01-09:12 AM",26.2656
"2010-01-10:12 AM",22.2562
"2010-01-11:12 AM",24.4814
"2010-01-12:12 AM",27.8704
"2010-01-13:12 AM",28.9346
"2010-01-14:12 AM",32.3019
"2010-01-15:12 AM",38.0755
"2010-01-16:12 AM",39.9029
"2010-01-17:12 AM",40.4321
"2010-01-18:12 AM",41.3087
"2010-01-19:12 AM",41.7524
"2010-01-20:12 AM",37.7829
"2010-01-21:12 AM",33.8004
"2010-01-22:12 AM",34.8692
"2010-01-23:12 AM",35.1541
"2010-01-24:12 AM",40.4636
"2010-01-25:12 AM",55.3784
"2010-01-26:12 AM",38.9579
"2010-01-27:12 AM",32.8397
"2010-01-28:12 AM",34.8894
"2010-01-29:12 AM",21.5627
"2010-01-30:12 AM",18.9869
"2010-01-31:12 AM",22.5014
"2010-02-01:12 AM",26.5653
"2010-02-02:12 AM",31.7813
"2010-02-03:12 AM",33.9291
"2010-02-04:12 AM",31.0788
"2010-02-05:12 AM",32.112
"2010-02-06:12 AM",28.2168
"2010-02-07:12 AM",24.886
"2010-02-08:12 AM",25.84
"2010-02-09:12 AM",28.9292
"2010-02-10:12 AM",27.0194
"2010-02-11:12 AM",30.4254
"2010-02-12:12 AM",29.1587
"2010-02-13:12 AM",29.1942
"2010-02-14:12 AM",29.6344
"2010-02-15:12 AM",31.5833
"2010-02-16:12 AM",28.5615
"2010-02-17:12 AM",29.5538
"2010-02-18:12 AM",33.9485
"2010-02-19:12 AM",34.7117
"2010-02-20:12 AM",34.1335
"2010-02-21:12 AM",37.2542
"2010-02-22:12 AM",38.0745
"2010-02-23:12 AM",37.2682
"2010-02-24:12 AM",36.5193
"2010-02-25:12 AM",35.1694
"2010-02-26:12 AM",30.114
"2010-02-27:12 AM",34.1312
"2010-02-28:12 AM",36.0374
"2010-03-01:12 AM",38.5461
"2010-03-02:12 AM",38.0998
"2010-03-03:12 AM",37.9733
"2010-03-04:12 AM",37.7006
"2010-03-05:12 AM",38.3279
"2010-03-06:12 AM",38.3482
"2010-03-07:12 AM",39.9088
"2010-03-08:12 AM",41.5873
"2010-03-09:12 AM",45.3155
"2010-03-10:12 AM",49.2985
"2010-03-11:12 AM",54.7916
"2010-03-12:12 AM",50.1008
"2010-03-13:12 AM",50.6201
"2010-03-14:12 AM",47.0314
"2010-03-15:12 AM",44.947
"2010-03-16:12 AM",47.4831
"2010-03-17:12 AM",47.8405
"2010-03-18:12 AM",50.5692
"2010-03-19:12 AM",52.002
"2010-03-20:12 AM",56.7005
"2010-03-21:12 AM",58.919
"2010-03-22:12 AM",57.9551
"2010-03-23:12 AM",46.3069
"2010-03-24:12 AM",50.4144
"2010-03-25:12 AM",55.2906
"2010-03-26:12 AM",43.9682
"2010-03-27:12 AM",36.0545
"2010-03-28:12 AM",44.5766
"2010-03-29:12 AM",52.0916
"2010-03-30:12 AM",44.7989
"2010-03-31:12 AM",50.5004
"2010-04-01:12 AM",57.7355
"2010-04-02:12 AM",58.6283
"2010-04-03:12 AM",56.6469
"2010-04-04:12 AM",60.5921
"2010-04-05:12 AM",64.1408
"2010-04-06:12 AM",72.5301
"2010-04-07:12 AM",73.4342
"2010-04-08:12 AM",70.749
"2010-04-09:12 AM",49.7781
"2010-04-10:12 AM",46.8446
"2010-04-11:12 AM",56.9174
"2010-04-12:12 AM",57.8516
"2010-04-13:12 AM",47.8481
"2010-04-14:12 AM",46.9594
"2010-04-15:12 AM",55.8302
"2010-04-16:12 AM",68.04
"2010-04-17:12 AM",54.819
"2010-04-18:12 AM",45.8469
"2010-04-19:12 AM",49.5397
"2010-04-20:12 AM",56.9867
"2010-04-21:12 AM",54.3573
"2010-04-22:12 AM",56.4804
"2010-04-23:12 AM",59.7587
"2010-04-24:12 AM",53.1162
"2010-04-25:12 AM",62.397
"2010-04-26:12 AM",55.6466
"2010-04-27:12 AM",53.0173
"2010-04-28:12 AM",47.4413
"2010-04-29:12 AM",50.4847
"2010-04-30:12 AM",62.8619
"2010-05-01:12 AM",73.9751
"2010-05-02:12 AM",79.6527
"2010-05-03:12 AM",75.9767
"2010-05-04:12 AM",71.0533
"2010-05-05:12 AM",68.94
"2010-05-06:12 AM",70.6527
"2010-05-07:12 AM",64.6754
"2010-05-08:12 AM",67.7817
"2010-05-09:12 AM",52.2068
"2010-05-10:12 AM",47.3608
"2010-05-11:12 AM",48.8998
"2010-05-12:12 AM",66.6149
"2010-05-13:12 AM",54.6512
"2010-05-14:12 AM",71.4092
"2010-05-15:12 AM",67.5068
"2010-05-16:12 AM",63.9765
"2010-05-17:12 AM",55.3955
"2010-05-18:12 AM",52.2001
"2010-05-19:12 AM",54.7304
"2010-05-20:12 AM",63.5499
"2010-05-21:12 AM",71.1153
"2010-05-22:12 AM",67.5163
"2010-05-23:12 AM",65.8873
"2010-05-24:12 AM",66.4075
"2010-05-25:12 AM",68.6197
"2010-05-26:12 AM",71.5343
"2010-05-27:12 AM",78.8612
"2010-05-28:12 AM",66.0056
"2010-05-29:12 AM",70.7162
"2010-05-30:12 AM",74.2721
"2010-05-31:12 AM",78.467
"2010-06-01:12 AM",75.8147
"2010-06-02:12 AM",77.005
"2010-06-03:12 AM",79.6154
"2010-06-04:12 AM",80.4691
"2010-06-05:12 AM",81.8339
"2010-06-06:12 AM",80.258
"2010-06-07:12 AM",64.8909
"2010-06-08:12 AM",64.4216
"2010-06-09:12 AM",66.8259
"2010-06-10:12 AM",75.5339
"2010-06-11:12 AM",73.7578
"2010-06-12:12 AM",79.6078
"2010-06-13:12 AM",79.2023
"2010-06-14:12 AM",77.6327
"2010-06-15:12 AM",74.1299
"2010-06-16:12 AM",73.8594
"2010-06-17:12 AM",75.7522
"2010-06-18:12 AM",71.2337
"2010-06-19:12 AM",77.4869
"2010-06-20:12 AM",80.8444
"2010-06-21:12 AM",78.7825
"2010-06-22:12 AM",81.2251
"2010-06-23:12 AM",82.9243
"2010-06-24:12 AM",84.7261
"2010-06-25:12 AM",79.3584
"2010-06-26:12 AM",77.576
"2010-06-27:12 AM",82.9733
"2010-06-28:12 AM",85.6679
"2010-06-29:12 AM",80.3795
"2010-06-30:12 AM",71.9159
"2010-07-01:12 AM",67.7232
"2010-07-02:12 AM",67.6013
"2010-07-03:12 AM",71.8349
"2010-07-04:12 AM",76.8078
"2010-07-05:12 AM",82.0818
"2010-07-06:12 AM",85.0766
"2010-07-07:12 AM",85.8695
"2010-07-08:12 AM",84.5312
"2010-07-09:12 AM",81.1724
"2010-07-10:12 AM",75.7656
"2010-07-11:12 AM",76.8123
"2010-07-12:12 AM",75.9785
"2010-07-13:12 AM",79.3724
"2010-07-14:12 AM",77.0846
"2010-07-15:12 AM",80.8767
"2010-07-16:12 AM",85.3075
"2010-07-17:12 AM",85.5333
"2010-07-18:12 AM",83.7064
"2010-07-19:12 AM",83.3139
"2010-07-20:12 AM",82.432
"2010-07-21:12 AM",80.4128
"2010-07-22:12 AM",82.9013
"2010-07-23:12 AM",84.3435
"2010-07-24:12 AM",89.2341
"2010-07-25:12 AM",88.3724
"2010-07-26:12 AM",77.2371
"2010-07-27:12 AM",75.9115
"2010-07-28:12 AM",81.0059
"2010-07-29:12 AM",83.0003
"2010-07-30:12 AM",74.3441
"2010-07-31:12 AM",75.3323
"2010-08-01:12 AM",74.8004
"2010-08-02:12 AM",73.6106
"2010-08-03:12 AM",77.4698
"2010-08-04:12 AM",83.3171
"2010-08-05:12 AM",84.6495
"2010-08-06:12 AM",78.6861
"2010-08-07:12 AM",75.5924
"2010-08-08:12 AM",76.1139
"2010-08-09:12 AM",81.3195
"2010-08-10:12 AM",84.8349
"2010-08-11:12 AM",85.3601
"2010-08-12:12 AM",80.276
"2010-08-13:12 AM",75.4916
"2010-08-14:12 AM",74.0525
"2010-08-15:12 AM",74.7266
"2010-08-16:12 AM",80.5298
"2010-08-17:12 AM",81.5014
"2010-08-18:12 AM",72.2894
"2010-08-19:12 AM",74.0534
"2010-08-20:12 AM",79.0583
"2010-08-21:12 AM",78.7046
"2010-08-22:12 AM",77.2106
"2010-08-23:12 AM",75.5397
"2010-08-24:12 AM",69.0823
"2010-08-25:12 AM",70.2694
"2010-08-26:12 AM",73.6592
"2010-08-27:12 AM",69.8743
"2010-08-28:12 AM",72.3511
"2010-08-29:12 AM",75.5708
"2010-08-30:12 AM",78.1389
"2010-08-31:12 AM",79.7041
"2010-09-01:12 AM",82.1376
"2010-09-02:12 AM",81.5621
"2010-09-03:12 AM",77.6809
"2010-09-04:12 AM",72.307
"2010-09-05:12 AM",63.3677
"2010-09-06:12 AM",68.0369
"2010-09-07:12 AM",75.5267
"2010-09-08:12 AM",79.8953
"2010-09-09:12 AM",66.0092
"2010-09-10:12 AM",63.0266
"2010-09-11:12 AM",66.1937
"2010-09-12:12 AM",64.7456
"2010-09-13:12 AM",68.0796
"2010-09-14:12 AM",67.3511
"2010-09-15:12 AM",67.8439
"2010-09-16:12 AM",70.8408
"2010-09-17:12 AM",67.3385
"2010-09-18:12 AM",61.6622
"2010-09-19:12 AM",66.114
"2010-09-20:12 AM",66.6378
"2010-09-21:12 AM",63.7412
"2010-09-22:12 AM",77.0158
"2010-09-23:12 AM",77.9135
"2010-09-24:12 AM",81.2435
"2010-09-25:12 AM",79.7707
"2010-09-26:12 AM",67.2732
"2010-09-27:12 AM",69.8328
"2010-09-28:12 AM",72.7704
"2010-09-29:12 AM",62.5429
"2010-09-30:12 AM",70.2797
"2010-10-01:12 AM",61.1276
"2010-10-02:12 AM",56.1848
"2010-10-03:12 AM",53.6639
"2010-10-04:12 AM",49.235
"2010-10-05:12 AM",50.364
"2010-10-06:12 AM",51.5313
"2010-10-07:12 AM",56.4211
"2010-10-08:12 AM",57.7144
"2010-10-09:12 AM",62.1914
"2010-10-10:12 AM",62.0964
"2010-10-11:12 AM",70.1168
"2010-10-12:12 AM",67.7156
"2010-10-13:12 AM",55.891
"2010-10-14:12 AM",53.0258
"2010-10-15:12 AM",51.5588
"2010-10-16:12 AM",52.5137
"2010-10-17:12 AM",56.9057
"2010-10-18:12 AM",55.9386
"2010-10-19:12 AM",54.5693
"2010-10-20:12 AM",50.756
"2010-10-21:12 AM",53.1095
"2010-10-22:12 AM",49.0028
"2010-10-23:12 AM",52.0578
"2010-10-24:12 AM",60.5745
"2010-10-25:12 AM",64.4792
"2010-10-26:12 AM",66.9272
"2010-10-27:12 AM",73.2961
"2010-10-28:12 AM",64.4671
"2010-10-29:12 AM",47.9804
"2010-10-30:12 AM",46.2245
"2010-10-31:12 AM",51.3019
"2010-11-01:12 AM",45.3992
"2010-11-02:12 AM",38.2766
"2010-11-03:12 AM",42.5421
"2010-11-04:12 AM",47.0012
"2010-11-05:12 AM",44.7566
"2010-11-06:12 AM",42.665
"2010-11-07:12 AM",39.2783
"2010-11-08:12 AM",43.8948
"2010-11-09:12 AM",48.4115
"2010-11-10:12 AM",49.932
"2010-11-11:12 AM",46.9953
"2010-11-12:12 AM",45.7664
"2010-11-13:12 AM",45.486
"2010-11-14:12 AM",45.0275
"2010-11-15:12 AM",46.728
"2010-11-16:12 AM",52.8283
"2010-11-17:12 AM",52.5969
"2010-11-18:12 AM",44.7395
"2010-11-19:12 AM",41.1278
"2010-11-20:12 AM",45.887
"2010-11-21:12 AM",44.9492
"2010-11-22:12 AM",52.8323
"2010-11-23:12 AM",57.2778
"2010-11-24:12 AM",41.5823
"2010-11-25:12 AM",46.3955
"2010-11-26:12 AM",50.2929
"2010-11-27:12 AM",35.2274
"2010-11-28:12 AM",34.2554
"2010-11-29:12 AM",36.068
"2010-11-30:12 AM",52.8796
"2010-12-01:12 AM",49.7003
"2010-12-02:12 AM",33.0931
"2010-12-03:12 AM",31.8862
"2010-12-04:12 AM",31.6629
"2010-12-05:12 AM",30.5852
"2010-12-06:12 AM",28.6957
"2010-12-07:12 AM",26.6014
"2010-12-08:12 AM",25.1272
"2010-12-09:12 AM",25.2644
"2010-12-10:12 AM",27.6008
"2010-12-11:12 AM",31.1261
"2010-12-12:12 AM",39.9528
"2010-12-13:12 AM",27.1481
"2010-12-14:12 AM",21.6185
"2010-12-15:12 AM",21.4759
"2010-12-16:12 AM",20.5525
"2010-12-17:12 AM",24.9876
"2010-12-18:12 AM",27.694
"2010-12-19:12 AM",28.1714
"2010-12-20:12 AM",27.1769
"2010-12-21:12 AM",28.7951
"2010-12-22:12 AM",32.0581
"2010-12-23:12 AM",30.736
"2010-12-24:12 AM",29.6024
"2010-12-25:12 AM",30.2585
"2010-12-26:12 AM",25.9934
"2010-12-27:12 AM",25.5115
"2010-12-28:12 AM",29.471
"2010-12-29:12 AM",30.6972
"2010-12-30:12 AM",32.4739
"2010-12-31:12 AM",36.8375
"2011-01-01:12 AM",45.9212
"2011-01-02:12 AM",45.5427
"2011-01-03:12 AM",29.98
"2011-01-04:12 AM",32.9801
"2011-01-05:12 AM",30.9421
"2011-01-06:12 AM",29.9331
"2011-01-07:12 AM",30.511
"2011-01-08:12 AM",27.2889
"2011-01-09:12 AM",24.7158
"2011-01-10:12 AM",25.2995
"2011-01-11:12 AM",27.4559
"2011-01-12:12 AM",26.9065
"2011-01-13:12 AM",25.8157
"2011-01-14:12 AM",24.953
"2011-01-15:12 AM",31.9078
"2011-01-16:12 AM",30.5528
"2011-01-17:12 AM",29.9201
"2011-01-18:12 AM",31.1355
"2011-01-19:12 AM",36.4905
"2011-01-20:12 AM",32.8726
"2011-01-21:12 AM",27.3483
"2011-01-22:12 AM",19.4932
"2011-01-23:12 AM",20.4629
"2011-01-24:12 AM",21.4358
"2011-01-25:12 AM",32.1827
"2011-01-26:12 AM",33.0728
"2011-01-27:12 AM",27.4226
"2011-01-28:12 AM",30.6977
"2011-01-29:12 AM",28.324
"2011-01-30:12 AM",31.7296
"2011-01-31:12 AM",27.0482
"2011-02-01:12 AM",31.4105
"2011-02-02:12 AM",37.8455
"2011-02-03:12 AM",26.4807
"2011-02-04:12 AM",31.6787
"2011-02-05:12 AM",34.3261
"2011-02-06:12 AM",34.723
"2011-02-07:12 AM",36.8276
"2011-02-08:12 AM",32.6953
"2011-02-09:12 AM",27.1616
"2011-02-10:12 AM",25.4579
"2011-02-11:12 AM",27.8231
"2011-02-12:12 AM",32.2547
"2011-02-13:12 AM",37.7317
"2011-02-14:12 AM",45.8163
"2011-02-15:12 AM",33.1277
"2011-02-16:12 AM",39.1127
"2011-02-17:12 AM",50.0531
"2011-02-18:12 AM",59.8883
"2011-02-19:12 AM",43.5555
"2011-02-20:12 AM",36.6021
"2011-02-21:12 AM",40.5595
"2011-02-22:12 AM",26.1405
"2011-02-23:12 AM",29.7387
"2011-02-24:12 AM",37.9594
"2011-02-25:12 AM",48.8588
"2011-02-26:12 AM",36.8717
"2011-02-27:12 AM",44.4304
"2011-02-28:12 AM",55.1192
"2011-03-01:12 AM",36.3546
"2011-03-02:12 AM",40.7926
"2011-03-03:12 AM",30.619
"2011-03-04:12 AM",35.2413
"2011-03-05:12 AM",48.1464
"2011-03-06:12 AM",50.7493
"2011-03-07:12 AM",36.8874
"2011-03-08:12 AM",37.5742
"2011-03-09:12 AM",39.907
"2011-03-10:12 AM",53.7764
"2011-03-11:12 AM",42.1583
"2011-03-12:12 AM",42.8468
"2011-03-13:12 AM",47.4494
"2011-03-14:12 AM",40.7966
"2011-03-15:12 AM",41.7668
"2011-03-16:12 AM",47.3495
"2011-03-17:12 AM",49.3178
"2011-03-18:12 AM",59.2966
"2011-03-19:12 AM",52.1227
"2011-03-20:12 AM",42.6942
"2011-03-21:12 AM",53.3538
"2011-03-22:12 AM",53.2944
"2011-03-23:12 AM",47.6852
"2011-03-24:12 AM",40.9482
"2011-03-25:12 AM",37.7307
"2011-03-26:12 AM",35.3646
"2011-03-27:12 AM",34.5591
"2011-03-28:12 AM",34.0979
"2011-03-29:12 AM",35.4988
"2011-03-30:12 AM",40.0663
"2011-03-31:12 AM",39.2711
"2011-04-01:12 AM",40.5995
"2011-04-02:12 AM",41.8766
"2011-04-03:12 AM",44.8038
"2011-04-04:12 AM",61.237
"2011-04-05:12 AM",54.4226
"2011-04-06:12 AM",46.6979
"2011-04-07:12 AM",54.4797
"2011-04-08:12 AM",48.2284
"2011-04-09:12 AM",44.4511
"2011-04-10:12 AM",53.9038
"2011-04-11:12 AM",69.6457
"2011-04-12:12 AM",59.5098
"2011-04-13:12 AM",51.8567
"2011-04-14:12 AM",52.9245
"2011-04-15:12 AM",55.2047
"2011-04-16:12 AM",55.7551
"2011-04-17:12 AM",51.7856
"2011-04-18:12 AM",60.3788
"2011-04-19:12 AM",63.8546
"2011-04-20:12 AM",70.1703
"2011-04-21:12 AM",52.3625
"2011-04-22:12 AM",44.6099
"2011-04-23:12 AM",59.4855
"2011-04-24:12 AM",70.4651
"2011-04-25:12 AM",72.2916
"2011-04-26:12 AM",73.2911
"2011-04-27:12 AM",72.7245
"2011-04-28:12 AM",67.3385
"2011-04-29:12 AM",58.1383
"2011-04-30:12 AM",53.5091
"2011-05-01:12 AM",54.9932
"2011-05-02:12 AM",64.2911
"2011-05-03:12 AM",72.5031
"2011-05-04:12 AM",51.5575
"2011-05-05:12 AM",52.7387
"2011-05-06:12 AM",57.4597
"2011-05-07:12 AM",59.1201
"2011-05-08:12 AM",57.9335
"2011-05-09:12 AM",59.5179
"2011-05-10:12 AM",58.3768
"2011-05-11:12 AM",59.981
"2011-05-12:12 AM",61.7855
"2011-05-13:12 AM",60.7235
"2011-05-14:12 AM",60.5115
"2011-05-15:12 AM",66.5474
"2011-05-16:12 AM",64.2079
"2011-05-17:12 AM",63.3452
"2011-05-18:12 AM",62.4753
"2011-05-19:12 AM",61.7954
"2011-05-20:12 AM",60.8864
"2011-05-21:12 AM",66.3328
"2011-05-22:12 AM",70.5749
"2011-05-23:12 AM",74.2222
"2011-05-24:12 AM",75.3993
"2011-05-25:12 AM",74.5002
"2011-05-26:12 AM",78.1695
"2011-05-27:12 AM",77.1139
"2011-05-28:12 AM",73.5134
"2011-05-29:12 AM",76.2224
"2011-05-30:12 AM",77.4216
"2011-05-31:12 AM",82.1165
"2011-06-01:12 AM",82.3163
"2011-06-02:12 AM",73.4882
"2011-06-03:12 AM",64.3852
"2011-06-04:12 AM",67.6692
"2011-06-05:12 AM",72.6944
"2011-06-06:12 AM",70.9426
"2011-06-07:12 AM",74.8967
"2011-06-08:12 AM",81.2372
"2011-06-09:12 AM",85.4663
"2011-06-10:12 AM",81.2844
"2011-06-11:12 AM",79.7995
"2011-06-12:12 AM",78.9706
"2011-06-13:12 AM",67.087
"2011-06-14:12 AM",66.349
"2011-06-15:12 AM",66.353
"2011-06-16:12 AM",67.4352
"2011-06-17:12 AM",72.9235
"2011-06-18:12 AM",75.3615
"2011-06-19:12 AM",74.5839
"2011-06-20:12 AM",66.7315
"2011-06-21:12 AM",76.0217
"2011-06-22:12 AM",80.3471
"2011-06-23:12 AM",78.4148
"2011-06-24:12 AM",77.9558
"2011-06-25:12 AM",73.62
"2011-06-26:12 AM",72.7344
"2011-06-27:12 AM",73.7672
"2011-06-28:12 AM",77.5598
"2011-06-29:12 AM",77.0207
"2011-06-30:12 AM",72.9977
"2011-07-01:12 AM",74.5461
"2011-07-02:12 AM",76.2445
"2011-07-03:12 AM",78.2434
"2011-07-04:12 AM",76.7399
"2011-07-05:12 AM",80.6076
"2011-07-06:12 AM",80.8214
"2011-07-07:12 AM",82.2155
"2011-07-08:12 AM",79.4565
"2011-07-09:12 AM",76.0852
"2011-07-10:12 AM",79.5704
"2011-07-11:12 AM",83.5853
"2011-07-12:12 AM",85.9568
"2011-07-13:12 AM",83.0502
"2011-07-14:12 AM",74.6245
"2011-07-15:12 AM",72.0806
"2011-07-16:12 AM",73.1809
"2011-07-17:12 AM",77.4126
"2011-07-18:12 AM",81.8249
"2011-07-19:12 AM",82.6997
"2011-07-20:12 AM",83.4521
"2011-07-21:12 AM",87.0084
"2011-07-22:12 AM",91.7231
"2011-07-23:12 AM",90.3335
"2011-07-24:12 AM",88.6771
"2011-07-25:12 AM",82.0567
"2011-07-26:12 AM",83.4125
"2011-07-27:12 AM",80.5001
"2011-07-28:12 AM",84.2891
"2011-07-29:12 AM",87.6573
"2011-07-30:12 AM",84.6559
"2011-07-31:12 AM",80.8097
"2011-08-01:12 AM",82.395
"2011-08-02:12 AM",79.6568
"2011-08-03:12 AM",81.4757
"2011-08-04:12 AM",79.9876
"2011-08-05:12 AM",77.5337
"2011-08-06:12 AM",81.5877
"2011-08-07:12 AM",82.8788
"2011-08-08:12 AM",82.1251
"2011-08-09:12 AM",82.602
"2011-08-10:12 AM",80.3341
"2011-08-11:12 AM",74.9048
"2011-08-12:12 AM",74.0282
"2011-08-13:12 AM",76.6333
"2011-08-14:12 AM",74.4314
"2011-08-15:12 AM",71.8165
"2011-08-16:12 AM",71.294
"2011-08-17:12 AM",77.3996
"2011-08-18:12 AM",80.5172
"2011-08-19:12 AM",75.8953
"2011-08-20:12 AM",75.4102
"2011-08-21:12 AM",80.7111
"2011-08-22:12 AM",73.4891
"2011-08-23:12 AM",69.7374
"2011-08-24:12 AM",74.2546
"2011-08-25:12 AM",76.0131
"2011-08-26:12 AM",76.4915
"2011-08-27:12 AM",72.437
"2011-08-28:12 AM",71.4844
"2011-08-29:12 AM",66.3629
"2011-08-30:12 AM",65.9291
"2011-08-31:12 AM",66.9821
"2011-09-01:12 AM",70.6546
"2011-09-02:12 AM",69.5669
"2011-09-03:12 AM",72.9077
"2011-09-04:12 AM",77.6043
"2011-09-05:12 AM",75.9376
"2011-09-06:12 AM",63.7614
"2011-09-07:12 AM",70.0867
"2011-09-08:12 AM",71.3543
"2011-09-09:12 AM",71.0163
"2011-09-10:12 AM",69.4063
"2011-09-11:12 AM",72.1229
"2011-09-12:12 AM",70.1812
"2011-09-13:12 AM",71.1356
"2011-09-14:12 AM",73.2605
"2011-09-15:12 AM",67.478
"2011-09-16:12 AM",53.3062
"2011-09-17:12 AM",55.6097
"2011-09-18:12 AM",54.7282
"2011-09-19:12 AM",59.5049
"2011-09-20:12 AM",66.29
"2011-09-21:12 AM",67.3344
"2011-09-22:12 AM",71.7395
"2011-09-23:12 AM",69.9777
"2011-09-24:12 AM",68.8303
"2011-09-25:12 AM",69.5908
"2011-09-26:12 AM",71.1154
"2011-09-27:12 AM",72.1328
"2011-09-28:12 AM",72.1121
"2011-09-29:12 AM",67.8785
"2011-09-30:12 AM",64.3546
"2011-10-01:12 AM",51.0863
"2011-10-02:12 AM",45.6534
"2011-10-03:12 AM",46.1259
"2011-10-04:12 AM",55.1331
"2011-10-05:12 AM",59.9027
"2011-10-06:12 AM",55.3874
"2011-10-07:12 AM",54.8235
"2011-10-08:12 AM",55.3559
"2011-10-09:12 AM",58.9244
"2011-10-10:12 AM",64.2618
"2011-10-11:12 AM",63.5585
"2011-10-12:12 AM",64.4967
"2011-10-13:12 AM",66.929
"2011-10-14:12 AM",62.1113
"2011-10-15:12 AM",57.5272
"2011-10-16:12 AM",57.8052
"2011-10-17:12 AM",61.088
"2011-10-18:12 AM",60.4351
"2011-10-19:12 AM",65.1911
"2011-10-20:12 AM",55.5823
"2011-10-21:12 AM",49.7381
"2011-10-22:12 AM",48.4993
"2011-10-23:12 AM",52.8049
"2011-10-24:12 AM",54.4329
"2011-10-25:12 AM",53.0024
"2011-10-26:12 AM",56.4525
"2011-10-27:12 AM",55.9738
"2011-10-28:12 AM",42.7402
"2011-10-29:12 AM",35.4587
"2011-10-30:12 AM",37.324
"2011-10-31:12 AM",41.0855
"2011-11-01:12 AM",46.4059
"2011-11-02:12 AM",46.3726
"2011-11-03:12 AM",48.0043
"2011-11-04:12 AM",46.9904
"2011-11-05:12 AM",39.9223
"2011-11-06:12 AM",40.8695
"2011-11-07:12 AM",47.5142
"2011-11-08:12 AM",47.9448
"2011-11-09:12 AM",48.9479
"2011-11-10:12 AM",50.486
"2011-11-11:12 AM",40.0591
"2011-11-12:12 AM",43.3918
"2011-11-13:12 AM",49.3426
"2011-11-14:12 AM",59.2075
"2011-11-15:12 AM",62.6716
"2011-11-16:12 AM",56.6145
"2011-11-17:12 AM",42.9098
"2011-11-18:12 AM",34.3791
"2011-11-19:12 AM",39.4785
"2011-11-20:12 AM",54.7597
"2011-11-21:12 AM",56.1394
"2011-11-22:12 AM",53.3107
"2011-11-23:12 AM",55.0261
"2011-11-24:12 AM",44.0456
"2011-11-25:12 AM",46.3743
"2011-11-26:12 AM",49.3088
"2011-11-27:12 AM",56.6713
"2011-11-28:12 AM",60.3711
"2011-11-29:12 AM",54.4937
"2011-11-30:12 AM",40.8204
"2011-12-01:12 AM",38.2464
"2011-12-02:12 AM",39.4736
"2011-12-03:12 AM",38.4246
"2011-12-04:12 AM",42.0683
"2011-12-05:12 AM",49.9217
"2011-12-06:12 AM",59.4419
"2011-12-07:12 AM",55.9346
"2011-12-08:12 AM",34.7324
"2011-12-09:12 AM",37.6727
"2011-12-10:12 AM",37.049
"2011-12-11:12 AM",32.396
"2011-12-12:12 AM",33.5871
"2011-12-13:12 AM",35.9969
"2011-12-14:12 AM",38.6046
"2011-12-15:12 AM",49.6062
"2011-12-16:12 AM",47.0062
"2011-12-17:12 AM",36.5792
"2011-12-18:12 AM",31.6836
"2011-12-19:12 AM",37.2376
"2011-12-20:12 AM",47.2185
"2011-12-21:12 AM",55.1867
"2011-12-22:12 AM",53.519
"2011-12-23:12 AM",49.4294
"2011-12-24:12 AM",37.886
"2011-12-25:12 AM",36.9815
"2011-12-26:12 AM",37.706
"2011-12-27:12 AM",41.5004
"2011-12-28:12 AM",36.2881
"2011-12-29:12 AM",34.5947
"2011-12-30:12 AM",40.991
"2011-12-31:12 AM",49.2017
"2012-01-01:12 AM",46.5309
"2012-01-02:12 AM",35.1338
"2012-01-03:12 AM",26.9663
"2012-01-04:12 AM",24.8761
"2012-01-05:12 AM",33.0881
"2012-01-06:12 AM",41.4968
"2012-01-07:12 AM",47.853
"2012-01-08:12 AM",41.8496
"2012-01-09:12 AM",35.0699
"2012-01-10:12 AM",35.5554
"2012-01-11:12 AM",39.2756
"2012-01-12:12 AM",48.8098
"2012-01-13:12 AM",35.8831
"2012-01-14:12 AM",29.7491
"2012-01-15:12 AM",26.605
"2012-01-16:12 AM",30.7238
"2012-01-17:12 AM",46.4738
"2012-01-18:12 AM",38.1506
"2012-01-19:12 AM",32.122
"2012-01-20:12 AM",31.9123
"2012-01-21:12 AM",29.1263
"2012-01-22:12 AM",28.6272
"2012-01-23:12 AM",36.657
"2012-01-24:12 AM",44.0393
"2012-01-25:12 AM",39.961
"2012-01-26:12 AM",45.5108
"2012-01-27:12 AM",53.8349
"2012-01-28:12 AM",40.2845
"2012-01-29:12 AM",36.3101
"2012-01-30:12 AM",35.1176
"2012-01-31:12 AM",46.3041
"2012-02-01:12 AM",54.635
"2012-02-02:12 AM",48.3107
"2012-02-03:12 AM",37.7672
"2012-02-04:12 AM",36.8803
"2012-02-05:12 AM",37.0684
"2012-02-06:12 AM",37.2101
"2012-02-07:12 AM",41.0279
"2012-02-08:12 AM",36.8798
"2012-02-09:12 AM",33.0498
"2012-02-10:12 AM",36.4892
"2012-02-11:12 AM",33.908
"2012-02-12:12 AM",24.1867
"2012-02-13:12 AM",30.4403
"2012-02-14:12 AM",38.1556
"2012-02-15:12 AM",40.932
"2012-02-16:12 AM",40.9136
"2012-02-17:12 AM",43.0871
"2012-02-18:12 AM",41.9009
"2012-02-19:12 AM",37.3878
"2012-02-20:12 AM",34.0767
"2012-02-21:12 AM",36.1674
"2012-02-22:12 AM",47.448
"2012-02-23:12 AM",51.3158
"2012-02-24:12 AM",53.4668
"2012-02-25:12 AM",36.0694
"2012-02-26:12 AM",35.0964
"2012-02-27:12 AM",42.6344
"2012-02-28:12 AM",42.0246
"2012-02-29:12 AM",46.6668
"2012-03-01:12 AM",53.6607
"2012-03-02:12 AM",45.2386
"2012-03-03:12 AM",48.1298
"2012-03-04:12 AM",39.5379
"2012-03-05:12 AM",33.9989
"2012-03-06:12 AM",33.8441
"2012-03-07:12 AM",46.3384
"2012-03-08:12 AM",58.9226
"2012-03-09:12 AM",48.812
"2012-03-10:12 AM",35.5131
"2012-03-11:12 AM",42.13
"2012-03-12:12 AM",51.6866
"2012-03-13:12 AM",63.6926
"2012-03-14:12 AM",63.0806
"2012-03-15:12 AM",65.2919
"2012-03-16:12 AM",53.3399
"2012-03-17:12 AM",56.4328
"2012-03-18:12 AM",56.4836
"2012-03-19:12 AM",58.9807
"2012-03-20:12 AM",60.832
"2012-03-21:12 AM",61.2099
"2012-03-22:12 AM",62.1032
"2012-03-23:12 AM",66.8057
"2012-03-24:12 AM",60.8531
"2012-03-25:12 AM",54.4244
"2012-03-26:12 AM",50.8379
"2012-03-27:12 AM",39.7522
"2012-03-28:12 AM",56.1137
"2012-03-29:12 AM",53.6535
"2012-03-30:12 AM",48.0191
"2012-03-31:12 AM",51.2159
"2012-04-01:12 AM",49.1036
"2012-04-02:12 AM",49.4798
"2012-04-03:12 AM",51.9899
"2012-04-04:12 AM",60.3851
"2012-04-05:12 AM",50.5216
"2012-04-06:12 AM",46.9306
"2012-04-07:12 AM",48.1145
"2012-04-08:12 AM",53.1945
"2012-04-09:12 AM",52.561
"2012-04-10:12 AM",50.6089
"2012-04-11:12 AM",43.0137
"2012-04-12:12 AM",47.5601
"2012-04-13:12 AM",49.9987
"2012-04-14:12 AM",58.3196
"2012-04-15:12 AM",67.865
"2012-04-16:12 AM",73.6777
"2012-04-17:12 AM",63.9532
"2012-04-18:12 AM",52.1847
"2012-04-19:12 AM",56.1402
"2012-04-20:12 AM",59.6012
"2012-04-21:12 AM",63.4037
"2012-04-22:12 AM",47.0053
"2012-04-23:12 AM",41.9338
"2012-04-24:12 AM",47.6375
"2012-04-25:12 AM",52.8886
"2012-04-26:12 AM",56.8017
"2012-04-27:12 AM",51.359
"2012-04-28:12 AM",49.7705
"2012-04-29:12 AM",52.0898
"2012-04-30:12 AM",55.2686
"2012-05-01:12 AM",68.644
"2012-05-02:12 AM",69.7051
"2012-05-03:12 AM",63.9698
"2012-05-04:12 AM",72.7808
"2012-05-05:12 AM",68.7398
"2012-05-06:12 AM",63.3682
"2012-05-07:12 AM",61.5515
"2012-05-08:12 AM",64.3429
"2012-05-09:12 AM",67.2714
"2012-05-10:12 AM",57.8277
"2012-05-11:12 AM",56.9062
"2012-05-12:12 AM",62.8128
"2012-05-13:12 AM",66.8048
"2012-05-14:12 AM",63.7574
"2012-05-15:12 AM",69.5431
"2012-05-16:12 AM",70.7284
"2012-05-17:12 AM",62.9559
"2012-05-18:12 AM",60.9049
"2012-05-19:12 AM",62.3314
"2012-05-20:12 AM",65.9268
"2012-05-21:12 AM",64.535
"2012-05-22:12 AM",66.803
"2012-05-23:12 AM",69.4458
"2012-05-24:12 AM",69.5025
"2012-05-25:12 AM",73.778
"2012-05-26:12 AM",73.8473
"2012-05-27:12 AM",75.2018
"2012-05-28:12 AM",78.7901
"2012-05-29:12 AM",80.4407
"2012-05-30:12 AM",71.8264
"2012-05-31:12 AM",70.8858
"2012-06-01:12 AM",73.1242
"2012-06-02:12 AM",63.1778
"2012-06-03:12 AM",66.2544
"2012-06-04:12 AM",65.975
"2012-06-05:12 AM",60.5129
"2012-06-06:12 AM",61.8642
"2012-06-07:12 AM",64.9913
"2012-06-08:12 AM",67.9127
"2012-06-09:12 AM",73.8203
"2012-06-10:12 AM",76.4771
"2012-06-11:12 AM",76.0527
"2012-06-12:12 AM",71.1307
"2012-06-13:12 AM",70.2239
"2012-06-14:12 AM",67.4695
"2012-06-15:12 AM",67.514
"2012-06-16:12 AM",65.8607
"2012-06-17:12 AM",65.1191
"2012-06-18:12 AM",65.35
"2012-06-19:12 AM",74.5678
"2012-06-20:12 AM",81.5121
"2012-06-21:12 AM",84.9636
"2012-06-22:12 AM",85.2453
"2012-06-23:12 AM",77.4441
"2012-06-24:12 AM",75.2693
"2012-06-25:12 AM",71.703
"2012-06-26:12 AM",67.0109
"2012-06-27:12 AM",71.8884
"2012-06-28:12 AM",78.7365
"2012-06-29:12 AM",87.2852
"2012-06-30:12 AM",84.8282
"2012-07-01:12 AM",85.0078
"2012-07-02:12 AM",82.04
"2012-07-03:12 AM",81.8541
"2012-07-04:12 AM",85.6585
"2012-07-05:12 AM",88.7306
"2012-07-06:12 AM",86.4567
"2012-07-07:12 AM",88.7288
"2012-07-08:12 AM",88.9394
"2012-07-09:12 AM",79.6303
"2012-07-10:12 AM",77.0266
"2012-07-11:12 AM",77.9868
"2012-07-12:12 AM",77.2219
"2012-07-13:12 AM",76.5563
"2012-07-14:12 AM",75.1046
"2012-07-15:12 AM",82.5336
"2012-07-16:12 AM",81.5977
"2012-07-17:12 AM",85.0357
"2012-07-18:12 AM",88.0345
"2012-07-19:12 AM",83.611
"2012-07-20:12 AM",75.0519
"2012-07-21:12 AM",65.7995
"2012-07-22:12 AM",71.3224
"2012-07-23:12 AM",77.2457
"2012-07-24:12 AM",85.7475
"2012-07-25:12 AM",78.8184
"2012-07-26:12 AM",85.9055
"2012-07-27:12 AM",85.1576
"2012-07-28:12 AM",82.8158
"2012-07-29:12 AM",79.3963
"2012-07-30:12 AM",79.1434
"2012-07-31:12 AM",79.4309
"2012-08-01:12 AM",79.857
"2012-08-02:12 AM",80.5384
"2012-08-03:12 AM",83.1272
"2012-08-04:12 AM",83.8346
"2012-08-05:12 AM",86.3852
"2012-08-06:12 AM",80.4938
"2012-08-07:12 AM",77.9499
"2012-08-08:12 AM",79.6892
"2012-08-09:12 AM",83.7518
"2012-08-10:12 AM",78.6659
"2012-08-11:12 AM",77.0495
"2012-08-12:12 AM",74.628
"2012-08-13:12 AM",76.8844
"2012-08-14:12 AM",80.7741
"2012-08-15:12 AM",76.806
"2012-08-16:12 AM",75.0974
"2012-08-17:12 AM",79.8309
"2012-08-18:12 AM",75.9366
"2012-08-19:12 AM",71.9078
"2012-08-20:12 AM",68.5175
"2012-08-21:12 AM",73.5296
"2012-08-22:12 AM",75.4453
"2012-08-23:12 AM",77.2898
"2012-08-24:12 AM",76.1585
"2012-08-25:12 AM",73.3712
"2012-08-26:12 AM",72.5612
"2012-08-27:12 AM",75.5695
"2012-08-28:12 AM",78.0472
"2012-08-29:12 AM",74.0953
"2012-08-30:12 AM",73.139
"2012-08-31:12 AM",79.0259
"2012-09-01:12 AM",83.3684
"2012-09-02:12 AM",78.5921
"2012-09-03:12 AM",78.0287
"2012-09-04:12 AM",78.6524
"2012-09-05:12 AM",79.079
"2012-09-06:12 AM",75.6333
"2012-09-07:12 AM",77.5166
"2012-09-08:12 AM",73.463
"2012-09-09:12 AM",65.9975
"2012-09-10:12 AM",64.4333
"2012-09-11:12 AM",61.9893
"2012-09-12:12 AM",64.4585
"2012-09-13:12 AM",65.4098
"2012-09-14:12 AM",68.1548
"2012-09-15:12 AM",66.0569
"2012-09-16:12 AM",61.9245
"2012-09-17:12 AM",65.2743
"2012-09-18:12 AM",69.4868
"2012-09-19:12 AM",61.1488
"2012-09-20:12 AM",60.2514
"2012-09-21:12 AM",65.4283
"2012-09-22:12 AM",72.2876
"2012-09-23:12 AM",59.562
"2012-09-24:12 AM",57.006
"2012-09-25:12 AM",60.8778
"2012-09-26:12 AM",71.0942
"2012-09-27:12 AM",74.453
"2012-09-28:12 AM",69.5719
"2012-09-29:12 AM",59.7326
"2012-09-30:12 AM",58.7304
"2012-10-01:12 AM",56.4301
"2012-10-02:12 AM",66.7783
"2012-10-03:12 AM",73.0346
"2012-10-04:12 AM",70.0678
"2012-10-05:12 AM",67.7871
"2012-10-06:12 AM",63.028
"2012-10-07:12 AM",49.7682
"2012-10-08:12 AM",45.4501
"2012-10-09:12 AM",50.765
"2012-10-10:12 AM",57.4155
"2012-10-11:12 AM",50.6466
"2012-10-12:12 AM",50.5908
"2012-10-13:12 AM",46.7339
"2012-10-14:12 AM",59.3892
"2012-10-15:12 AM",62.8506
"2012-10-16:12 AM",52.8508
"2012-10-17:12 AM",52.8881
"2012-10-18:12 AM",58.5297
"2012-10-19:12 AM",66.4804
"2012-10-20:12 AM",55.9337
"2012-10-21:12 AM",53.5532
"2012-10-22:12 AM",53.8709
"2012-10-23:12 AM",63.1688
"2012-10-24:12 AM",67.0028
"2012-10-25:12 AM",63.9509
"2012-10-26:12 AM",62.4596
"2012-10-27:12 AM",61.6644
"2012-10-28:12 AM",56.2442
"2012-10-29:12 AM",48.2698
"2012-10-30:12 AM",36.7439
"2012-10-31:12 AM",43.1321
"2012-11-01:12 AM",43.4372
"2012-11-02:12 AM",43.0623
"2012-11-03:12 AM",42.0206
"2012-11-04:12 AM",41.2192
"2012-11-05:12 AM",39.38
"2012-11-06:12 AM",36.4293
"2012-11-07:12 AM",38.5354
"2012-11-08:12 AM",41.0121
"2012-11-09:12 AM",43.0223
"2012-11-10:12 AM",46.3608
"2012-11-11:12 AM",51.5318
"2012-11-12:12 AM",58.4245
"2012-11-13:12 AM",46.6525
"2012-11-14:12 AM",37.1899
"2012-11-15:12 AM",39.7814
"2012-11-16:12 AM",42.3797
"2012-11-17:12 AM",40.5869
"2012-11-18:12 AM",43.2918
"2012-11-19:12 AM",45.7021
"2012-11-20:12 AM",46.1291
"2012-11-21:12 AM",42.4467
"2012-11-22:12 AM",42.4296
"2012-11-23:12 AM",44.6031
"2012-11-24:12 AM",35.8358
"2012-11-25:12 AM",32.8235
"2012-11-26:12 AM",37.9873
"2012-11-27:12 AM",39.4281
"2012-11-28:12 AM",35.8754
"2012-11-29:12 AM",37.1246
"2012-11-30:12 AM",38.1011
"2012-12-01:12 AM",39.9362
"2012-12-02:12 AM",45.7849
"2012-12-03:12 AM",57.4826
"2012-12-04:12 AM",59.6349
"2012-12-05:12 AM",52.9227
"2012-12-06:12 AM",35.3318
"2012-12-07:12 AM",41.4684
"2012-12-08:12 AM",51.5719
"2012-12-09:12 AM",48.9834
"2012-12-10:12 AM",57.6545
"2012-12-11:12 AM",44.6936
"2012-12-12:12 AM",40.0658
"2012-12-13:12 AM",37.603
"2012-12-14:12 AM",36.1049
"2012-12-15:12 AM",39.1312
"2012-12-16:12 AM",45.5275
"2012-12-17:12 AM",50.1044
"2012-12-18:12 AM",49.5927
"2012-12-19:12 AM",43.547
"2012-12-20:12 AM",42.1763
"2012-12-21:12 AM",42.2163
"2012-12-22:12 AM",33.7091
"2012-12-23:12 AM",34.5538
"2012-12-24:12 AM",35.9015
"2012-12-25:12 AM",39.3089
"2012-12-26:12 AM",38.7559
"2012-12-27:12 AM",34.866
"2012-12-28:12 AM",34.3207
"2012-12-29:12 AM",34.9934
"2012-12-30:12 AM",31.1279
"2012-12-31:12 AM",32.1714
"2013-01-01:12 AM",37.2074
"2013-01-02:12 AM",31.2157
"2013-01-03:12 AM",30.785
"2013-01-04:12 AM",32.2021
"2013-01-05:12 AM",31.9415
"2013-01-06:12 AM",38.0674
"2013-01-07:12 AM",36.9302
"2013-01-08:12 AM",37.2992
"2013-01-09:12 AM",43.2982
"2013-01-10:12 AM",42.6979
"2013-01-11:12 AM",40.7903
"2013-01-12:12 AM",45.3988
"2013-01-13:12 AM",49.1328
"2013-01-14:12 AM",54.7714
"2013-01-15:12 AM",39.916
"2013-01-16:12 AM",37.4599
"2013-01-17:12 AM",38.2527
"2013-01-18:12 AM",31.1405
"2013-01-19:12 AM",35.8952
"2013-01-20:12 AM",40.2345
"2013-01-21:12 AM",34.1105
"2013-01-22:12 AM",21.1298
"2013-01-23:12 AM",18.5535
"2013-01-24:12 AM",21.1663
"2013-01-25:12 AM",19.2299
"2013-01-26:12 AM",23.3546
"2013-01-27:12 AM",26.1275
"2013-01-28:12 AM",34.8413
"2013-01-29:12 AM",46.7434
"2013-01-30:12 AM",61.6501
"2013-01-31:12 AM",43.5996
"2013-02-01:12 AM",26.5919
"2013-02-02:12 AM",23.7429
"2013-02-03:12 AM",29.7275
"2013-02-04:12 AM",28.7825
"2013-02-05:12 AM",33.6479
"2013-02-06:12 AM",33.9111
"2013-02-07:12 AM",33.4472
"2013-02-08:12 AM",34.826
"2013-02-09:12 AM",29.3194
"2013-02-10:12 AM",32.3276
"2013-02-11:12 AM",44.9793
"2013-02-12:12 AM",43.1339
"2013-02-13:12 AM",38.9174
"2013-02-14:12 AM",36.7331
"2013-02-15:12 AM",41.9513
"2013-02-16:12 AM",35.0208
"2013-02-17:12 AM",27.5607
"2013-02-18:12 AM",28.3073
"2013-02-19:12 AM",37.5849
"2013-02-20:12 AM",29.6019
"2013-02-21:12 AM",28.337
"2013-02-22:12 AM",30.7994
"2013-02-23:12 AM",35.2247
"2013-02-24:12 AM",38.6465
"2013-02-25:12 AM",33.7523
"2013-02-26:12 AM",36.6525
"2013-02-27:12 AM",46.9269
"2013-02-28:12 AM",40.2692
"2013-03-01:12 AM",36.4816
"2013-03-02:12 AM",32.8014
"2013-03-03:12 AM",31.6031
"2013-03-04:12 AM",30.7585
"2013-03-05:12 AM",36.4676
"2013-03-06:12 AM",33.1597
"2013-03-07:12 AM",36.6264
"2013-03-08:12 AM",36.5031
"2013-03-09:12 AM",40.505
"2013-03-10:12 AM",44.0524
"2013-03-11:12 AM",48.0645
"2013-03-12:12 AM",49.136
"2013-03-13:12 AM",38.3104
"2013-03-14:12 AM",33.6515
"2013-03-15:12 AM",38.9678
"2013-03-16:12 AM",40.6823
"2013-03-17:12 AM",36.1355
"2013-03-18:12 AM",35.2103
"2013-03-19:12 AM",40.105
"2013-03-20:12 AM",39.092
"2013-03-21:12 AM",32.0995
"2013-03-22:12 AM",33.0759
"2013-03-23:12 AM",36.6953
"2013-03-24:12 AM",35.0087
"2013-03-25:12 AM",33.6362
"2013-03-26:12 AM",37.2389
"2013-03-27:12 AM",38.5826
"2013-03-28:12 AM",39.0911
"2013-03-29:12 AM",43.1663
"2013-03-30:12 AM",44.1311
"2013-03-31:12 AM",46.8684
"2013-04-01:12 AM",47.8256
"2013-04-02:12 AM",38.4669
"2013-04-03:12 AM",37.5638
"2013-04-04:12 AM",36.8569
"2013-04-05:12 AM",45.1688
"2013-04-06:12 AM",42.6591
"2013-04-07:12 AM",49.698
"2013-04-08:12 AM",64.1647
"2013-04-09:12 AM",69.687
"2013-04-10:12 AM",73.8288
"2013-04-11:12 AM",72.6472
"2013-04-12:12 AM",63.6067
"2013-04-13:12 AM",52.1767
"2013-04-14:12 AM",52.8301
"2013-04-15:12 AM",57.0259
"2013-04-16:12 AM",60.5889
"2013-04-17:12 AM",64.922
"2013-04-18:12 AM",63.1472
"2013-04-19:12 AM",67.7804
"2013-04-20:12 AM",49.6058
"2013-04-21:12 AM",43.6919
"2013-04-22:12 AM",43.349
"2013-04-23:12 AM",46.7384
"2013-04-24:12 AM",58.0811
"2013-04-25:12 AM",50.7267
"2013-04-26:12 AM",53.2198
"2013-04-27:12 AM",56.9786
"2013-04-28:12 AM",54.9131
"2013-04-29:12 AM",54.9703
"2013-04-30:12 AM",54.3083
"2013-05-01:12 AM",56.5174
"2013-05-02:12 AM",52.7338
"2013-05-03:12 AM",52.5519
"2013-05-04:12 AM",50.5004
"2013-05-05:12 AM",47.4584
"2013-05-06:12 AM",52.196
"2013-05-07:12 AM",56.6852
"2013-05-08:12 AM",59.0171
"2013-05-09:12 AM",59.4617
"2013-05-10:12 AM",69.6911
"2013-05-11:12 AM",68.2934
"2013-05-12:12 AM",58.0735
"2013-05-13:12 AM",49.7471
"2013-05-14:12 AM",52.5133
"2013-05-15:12 AM",66.2778
"2013-05-16:12 AM",73.2929
"2013-05-17:12 AM",69.9269
"2013-05-18:12 AM",60.7532
"2013-05-19:12 AM",65.0908
"2013-05-20:12 AM",70.4489
"2013-05-21:12 AM",73.6412
"2013-05-22:12 AM",75.9825
"2013-05-23:12 AM",71.5946
"2013-05-24:12 AM",57.1604
"2013-05-25:12 AM",52.4219
"2013-05-26:12 AM",55.4333
"2013-05-27:12 AM",60.3378
"2013-05-28:12 AM",70.5187
"2013-05-29:12 AM",77.4509
"2013-05-30:12 AM",78.2645
"2013-05-31:12 AM",76.9069
"2013-06-01:12 AM",78.7622
"2013-06-02:12 AM",76.7246
"2013-06-03:12 AM",71.6266
"2013-06-04:12 AM",63.0032
"2013-06-05:12 AM",64.8311
"2013-06-06:12 AM",63.2214
"2013-06-07:12 AM",67.3106
"2013-06-08:12 AM",70.3522
"2013-06-09:12 AM",70.8431
"2013-06-10:12 AM",72.1634
"2013-06-11:12 AM",73.1444
"2013-06-12:12 AM",75.9281
"2013-06-13:12 AM",74.7707
"2013-06-14:12 AM",67.9388
"2013-06-15:12 AM",70.3171
"2013-06-16:12 AM",72.9009
"2013-06-17:12 AM",74.5979
"2013-06-18:12 AM",71.8264
"2013-06-19:12 AM",68.3501
"2013-06-20:12 AM",68.6961
"2013-06-21:12 AM",68.0612
"2013-06-22:12 AM",70.9232
"2013-06-23:12 AM",71.8484
"2013-06-24:12 AM",76.4096
"2013-06-25:12 AM",79.5389
"2013-06-26:12 AM",79.4156
"2013-06-27:12 AM",74.7684
"2013-06-28:12 AM",77.6521
"2013-06-29:12 AM",76.6836
"2013-06-30:12 AM",76.0424
"2013-07-01:12 AM",74.8931
"2013-07-02:12 AM",73.427
"2013-07-03:12 AM",76.0199
"2013-07-04:12 AM",79.6784
"2013-07-05:12 AM",80.1842
"2013-07-06:12 AM",81.6881
"2013-07-07:12 AM",81.4815
"2013-07-08:12 AM",76.6998
"2013-07-09:12 AM",74.2235
"2013-07-10:12 AM",76.3506
"2013-07-11:12 AM",77.4545
"2013-07-12:12 AM",71.6315
"2013-07-13:12 AM",74.7972
"2013-07-14:12 AM",78.7694
"2013-07-15:12 AM",80.6149
"2013-07-16:12 AM",82.4428
"2013-07-17:12 AM",81.5558
"2013-07-18:12 AM",84.5672
"2013-07-19:12 AM",85.7372
"2013-07-20:12 AM",83.6847
"2013-07-21:12 AM",82.1521
"2013-07-22:12 AM",77.8627
"2013-07-23:12 AM",77.5134
"2013-07-24:12 AM",76.3358
"2013-07-25:12 AM",69.6763
"2013-07-26:12 AM",71.6657
"2013-07-27:12 AM",73.7258
"2013-07-28:12 AM",74.7536
"2013-07-29:12 AM",71.3871
"2013-07-30:12 AM",71.7926
"2013-07-31:12 AM",70.5902
"2013-08-01:12 AM",72.4024
"2013-08-02:12 AM",74.2437
"2013-08-03:12 AM",73.9503
"2013-08-04:12 AM",70.3616
"2013-08-05:12 AM",69.3928
"2013-08-06:12 AM",67.1774
"2013-08-07:12 AM",71.6036
"2013-08-08:12 AM",76.0001
"2013-08-09:12 AM",82.4315
"2013-08-10:12 AM",74.0867
"2013-08-11:12 AM",75.8152
"2013-08-12:12 AM",76.7844
"2013-08-13:12 AM",74.5412
"2013-08-14:12 AM",67.4335
"2013-08-15:12 AM",64.9261
"2013-08-16:12 AM",66.6401
"2013-08-17:12 AM",65.3796
"2013-08-18:12 AM",64.1169
"2013-08-19:12 AM",66.6779
"2013-08-20:12 AM",73.8527
"2013-08-21:12 AM",77.59
"2013-08-22:12 AM",76.7705
"2013-08-23:12 AM",73.3986
"2013-08-24:12 AM",70.0668
"2013-08-25:12 AM",68.0459
"2013-08-26:12 AM",71.523
"2013-08-27:12 AM",77.6876
"2013-08-28:12 AM",73.7069
"2013-08-29:12 AM",75.5618
"2013-08-30:12 AM",74.179
"2013-08-31:12 AM",78.0669
"2013-09-01:12 AM",79.8233
"2013-09-02:12 AM",76.9217
"2013-09-03:12 AM",76.3124
"2013-09-04:12 AM",68.7916
"2013-09-05:12 AM",71.5419
"2013-09-06:12 AM",64.0166
"2013-09-07:12 AM",65.4913
"2013-09-08:12 AM",74.4085
"2013-09-09:12 AM",68.0688
"2013-09-10:12 AM",77.6953
"2013-09-11:12 AM",81.2282
"2013-09-12:12 AM",81.0077
"2013-09-13:12 AM",68.4392
"2013-09-14:12 AM",58.0969
"2013-09-15:12 AM",60.4751
"2013-09-16:12 AM",65.5245
"2013-09-17:12 AM",58.4978
"2013-09-18:12 AM",57.0205
"2013-09-19:12 AM",61.5322
"2013-09-20:12 AM",65.944
"2013-09-21:12 AM",64.7479
"2013-09-22:12 AM",62.6531
"2013-09-23:12 AM",56.5921
"2013-09-24:12 AM",54.099
"2013-09-25:12 AM",59.1075
"2013-09-26:12 AM",62.9991
"2013-09-27:12 AM",61.2491
"2013-09-28:12 AM",60.5894
"2013-09-29:12 AM",60.2541
"2013-09-30:12 AM",60.2852
"2013-10-01:12 AM",66.0443
"2013-10-02:12 AM",69.9674
"2013-10-03:12 AM",72.4788
"2013-10-04:12 AM",71.3079
"2013-10-05:12 AM",75.8975
"2013-10-06:12 AM",75.6342
"2013-10-07:12 AM",67.2566
"2013-10-08:12 AM",57.6261
"2013-10-09:12 AM",57.0627
"2013-10-10:12 AM",54.1836
"2013-10-11:12 AM",58.8655
"2013-10-12:12 AM",62.1099
"2013-10-13:12 AM",60.1723
"2013-10-14:12 AM",57.5938
"2013-10-15:12 AM",60.2182
"2013-10-16:12 AM",62.5033
"2013-10-17:12 AM",65.1533
"2013-10-18:12 AM",54.4406
"2013-10-19:12 AM",56.1929
"2013-10-20:12 AM",49.4569
"2013-10-21:12 AM",50.9734
"2013-10-22:12 AM",55.0814
"2013-10-23:12 AM",50.4077
"2013-10-24:12 AM",43.1627
"2013-10-25:12 AM",41.7848
"2013-10-26:12 AM",43.007
"2013-10-27:12 AM",46.7267
"2013-10-28:12 AM",49.7219
"2013-10-29:12 AM",51.1745
"2013-10-30:12 AM",52.8129
"2013-10-31:12 AM",63.6152
"2013-11-01:12 AM",66.5902
"2013-11-02:12 AM",56.854
"2013-11-03:12 AM",46.3955
"2013-11-04:12 AM",37.44
"2013-11-05:12 AM",45.3992
"2013-11-06:12 AM",55.1349
"2013-11-07:12 AM",55.1021
"2013-11-08:12 AM",41.427
"2013-11-09:12 AM",41.3069
"2013-11-10:12 AM",46.9499
"2013-11-11:12 AM",44.128
"2013-11-12:12 AM",41.1273
"2013-11-13:12 AM",33.0737
"2013-11-14:12 AM",36.7389
"2013-11-15:12 AM",43.0236
"2013-11-16:12 AM",49.7723
"2013-11-17:12 AM",54.4248
"2013-11-18:12 AM",59.288
"2013-11-19:12 AM",42.4886
"2013-11-20:12 AM",36.8816
"2013-11-21:12 AM",41.0063
"2013-11-22:12 AM",53.7602
"2013-11-23:12 AM",43.6613
"2013-11-24:12 AM",26.2148
"2013-11-25:12 AM",25.9205
"2013-11-26:12 AM",35.2198
"2013-11-27:12 AM",36.1616
"2013-11-28:12 AM",28.6151
"2013-11-29:12 AM",31.6692
"2013-11-30:12 AM",30.4925
"2013-12-01:12 AM",32.4968
"2013-12-02:12 AM",37.3343
"2013-12-03:12 AM",41.6867
"2013-12-04:12 AM",45.4086
"2013-12-05:12 AM",56.9089
"2013-12-06:12 AM",53.2751
"2013-12-07:12 AM",37.1431
"2013-12-08:12 AM",28.9998
"2013-12-09:12 AM",33.1668
"2013-12-10:12 AM",30.8777
"2013-12-11:12 AM",23.9355
"2013-12-12:12 AM",24.2375
"2013-12-13:12 AM",30.3156
"2013-12-14:12 AM",34.7873
"2013-12-15:12 AM",34.1839
"2013-12-16:12 AM",30.5015
"2013-12-17:12 AM",34.5925
"2013-12-18:12 AM",31.2706
"2013-12-19:12 AM",37.9692
"2013-12-20:12 AM",47.3648
"2013-12-21:12 AM",57.7018
"2013-12-22:12 AM",66.6847
"2013-12-23:12 AM",57.1554
"2013-12-24:12 AM",33.575
"2013-12-25:12 AM",25.9637
"2013-12-26:12 AM",30.7216
"2013-12-27:12 AM",33.7109
"2013-12-28:12 AM",37.6371
"2013-12-29:12 AM",42.5237
"2013-12-30:12 AM",37.765
"2013-12-31:12 AM",32.4046
"2014-01-01:12 AM",33.9751
"2014-01-02:12 AM",33.9935
"2014-01-03:12 AM",17.4142
"2014-01-04:12 AM",19.7834
"2014-01-05:12 AM",33.7649
"2014-01-06:12 AM",35.9501
"2014-01-07:12 AM",9.6067
"2014-01-08:12 AM",18.7718
"2014-01-09:12 AM",29.3315
"2014-01-10:12 AM",31.8488
"2014-01-11:12 AM",46.0967
"2014-01-12:12 AM",39.5339
"2014-01-13:12 AM",41.4968
"2014-01-14:12 AM",45.7304
"2014-01-15:12 AM",38.7365
"2014-01-16:12 AM",32.0022
"2014-01-17:12 AM",34.6365
"2014-01-18:12 AM",28.2407
"2014-01-19:12 AM",32.2538
"2014-01-20:12 AM",36.5355
"2014-01-21:12 AM",26.3543
"2014-01-22:12 AM",7.2928
"2014-01-23:12 AM",12.0897
"2014-01-24:12 AM",11.1061
"2014-01-25:12 AM",21.2774
"2014-01-26:12 AM",22.9694
"2014-01-27:12 AM",31.604
"2014-01-28:12 AM",15.1583
"2014-01-29:12 AM",15.3887
"2014-01-30:12 AM",17.3453
"2014-01-31:12 AM",27.7259
"2014-02-01:12 AM",32.0301
"2014-02-02:12 AM",41.5836
"2014-02-03:12 AM",35.0852
"2014-02-04:12 AM",29.975
"2014-02-05:12 AM",34.0678
"2014-02-06:12 AM",27.3591
"2014-02-07:12 AM",32.6115
"2014-02-08:12 AM",29.0066
"2014-02-09:12 AM",31.0811
"2014-02-10:12 AM",26.9879
"2014-02-11:12 AM",23.3897
"2014-02-12:12 AM",22.937
"2014-02-13:12 AM",30.6198
"2014-02-14:12 AM",32.2381
"2014-02-15:12 AM",31.9419
"2014-02-16:12 AM",26.5658
"2014-02-17:12 AM",24.6376
"2014-02-18:12 AM",33.391
"2014-02-19:12 AM",42.6663
"2014-02-20:12 AM",40.7462
"2014-02-21:12 AM",50.7704
"2014-02-22:12 AM",43.1307
"2014-02-23:12 AM",46.0121
"2014-02-24:12 AM",34.3224
"2014-02-25:12 AM",29.5196
"2014-02-26:12 AM",26.7998
"2014-02-27:12 AM",26.8754
"2014-02-28:12 AM",19.4059
"2014-03-01:12 AM",28.3532
"2014-03-02:12 AM",38.0534
"2014-03-03:12 AM",19.8288
"2014-03-04:12 AM",16.866
"2014-03-05:12 AM",25.8274
"2014-03-06:12 AM",25.763
"2014-03-07:12 AM",31.4605
"2014-03-08:12 AM",38.5817
"2014-03-09:12 AM",38.2874
"2014-03-10:12 AM",41.0248
"2014-03-11:12 AM",53.6099
"2014-03-12:12 AM",52.2136
"2014-03-13:12 AM",26.3916
"2014-03-14:12 AM",36.7538
"2014-03-15:12 AM",48.9177
"2014-03-16:12 AM",36.9356
"2014-03-17:12 AM",26.3678
"2014-03-18:12 AM",29.1362
"2014-03-19:12 AM",33.3604
"2014-03-20:12 AM",42.8558
"2014-03-21:12 AM",43.034
"2014-03-22:12 AM",50.729
"2014-03-23:12 AM",38.7761
"2014-03-24:12 AM",28.6408
"2014-03-25:12 AM",31.5073
"2014-03-26:12 AM",25.4696
"2014-03-27:12 AM",30.9101
"2014-03-28:12 AM",50.3303
"2014-03-29:12 AM",54.7943
"2014-03-30:12 AM",42.1439
"2014-03-31:12 AM",44.9843
"2014-04-01:12 AM",47.7073
"2014-04-02:12 AM",53.9654
"2014-04-03:12 AM",56.7176
"2014-04-04:12 AM",51.9431
"2014-04-05:12 AM",47.6069
"2014-04-06:12 AM",42.5152
"2014-04-07:12 AM",44.9947
"2014-04-08:12 AM",52.5308
"2014-04-09:12 AM",50.6242
"2014-04-10:12 AM",53.5937
"2014-04-11:12 AM",61.8184
"2014-04-12:12 AM",59.8946
"2014-04-13:12 AM",65.1884
"2014-04-14:12 AM",66.3521
"2014-04-15:12 AM",55.7132
"2014-04-16:12 AM",35.9857
"2014-04-17:12 AM",41.0248
"2014-04-18:12 AM",42.1893
"2014-04-19:12 AM",50.5787
"2014-04-20:12 AM",50.3861
"2014-04-21:12 AM",48.9938
"2014-04-22:12 AM",56.3189
"2014-04-23:12 AM",49.2724
"2014-04-24:12 AM",46.5841
"2014-04-25:12 AM",54.7993
"2014-04-26:12 AM",56.1911
"2014-04-27:12 AM",51.9742
"2014-04-28:12 AM",52.7342
"2014-04-29:12 AM",48.5753
"2014-04-30:12 AM",61.3931
"2014-05-01:12 AM",65.3018
"2014-05-02:12 AM",58.0815
"2014-05-03:12 AM",60.4535
"2014-05-04:12 AM",58.0595
"2014-05-05:12 AM",50.9851
"2014-05-06:12 AM",56.8391
"2014-05-07:12 AM",55.8037
"2014-05-08:12 AM",67.5549
"2014-05-09:12 AM",65.2442
"2014-05-10:12 AM",71.5428
"2014-05-11:12 AM",67.5288
"2014-05-12:12 AM",71.2612
"2014-05-13:12 AM",75.987
"2014-05-14:12 AM",62.8268
"2014-05-15:12 AM",69.6583
"2014-05-16:12 AM",62.0834
"2014-05-17:12 AM",56.8171
"2014-05-18:12 AM",55.9341
"2014-05-19:12 AM",55.5931
"2014-05-20:12 AM",63.4937
"2014-05-21:12 AM",69.4035
"2014-05-22:12 AM",70.1262
"2014-05-23:12 AM",64.1858
"2014-05-24:12 AM",61.6708
"2014-05-25:12 AM",66.9875
"2014-05-26:12 AM",70.7558
"2014-05-27:12 AM",73.656
"2014-05-28:12 AM",73.3298
"2014-05-29:12 AM",56.4993
"2014-05-30:12 AM",62.686
"2014-05-31:12 AM",65.2757
"2014-06-01:12 AM",62.8983
"2014-06-02:12 AM",65.2924
"2014-06-03:12 AM",73.1615
"2014-06-04:12 AM",75.1942
"2014-06-05:12 AM",69.7487
"2014-06-06:12 AM",66.5456
"2014-06-07:12 AM",66.8849
"2014-06-08:12 AM",71.4929
"2014-06-09:12 AM",73.8446
"2014-06-10:12 AM",76.7075
"2014-06-11:12 AM",75.736
"2014-06-12:12 AM",70.718
"2014-06-13:12 AM",73.0701
"2014-06-14:12 AM",67.0168
"2014-06-15:12 AM",66.5245
"2014-06-16:12 AM",73.409
"2014-06-17:12 AM",81.3434
"2014-06-18:12 AM",83.3126
"2014-06-19:12 AM",78.715
"2014-06-20:12 AM",70.2959
"2014-06-21:12 AM",69.773
"2014-06-22:12 AM",69.6753
"2014-06-23:12 AM",70.9498
"2014-06-24:12 AM",73.9288
"2014-06-25:12 AM",77.1166
"2014-06-26:12 AM",77.1935
"2014-06-27:12 AM",76.0982
"2014-06-28:12 AM",71.906
"2014-06-29:12 AM",71.4511
"2014-06-30:12 AM",73.036
"2014-07-01:12 AM",80.5991
"2014-07-02:12 AM",84.056
"2014-07-03:12 AM",80.8714
"2014-07-04:12 AM",70.7599
"2014-07-05:12 AM",69.449
"2014-07-06:12 AM",71.8722
"2014-07-07:12 AM",79.5538
"2014-07-08:12 AM",83.7941
"2014-07-09:12 AM",81.1121
"2014-07-10:12 AM",75.758
"2014-07-11:12 AM",75.4884
"2014-07-12:12 AM",76.9379
"2014-07-13:12 AM",81.9932
"2014-07-14:12 AM",81.5355
"2014-07-15:12 AM",77.4977
"2014-07-16:12 AM",72.0905
"2014-07-17:12 AM",70.286
"2014-07-18:12 AM",70.5601
"2014-07-19:12 AM",71.1509
"2014-07-20:12 AM",74.3675
"2014-07-21:12 AM",75.1559
"2014-07-22:12 AM",77.4144
"2014-07-23:12 AM",81.6328
"2014-07-24:12 AM",74.2856
"2014-07-25:12 AM",68.1728
"2014-07-26:12 AM",74.8202
"2014-07-27:12 AM",79.4313
"2014-07-28:12 AM",76.9591
"2014-07-29:12 AM",68.4518
"2014-07-30:12 AM",67.2562
"2014-07-31:12 AM",73.7789
"2014-08-01:12 AM",72.4329
"2014-08-02:12 AM",72.1674
"2014-08-03:12 AM",69.8027
"2014-08-04:12 AM",74.6695
"2014-08-05:12 AM",75.7315
"2014-08-06:12 AM",74.6982
"2014-08-07:12 AM",73.9193
"2014-08-08:12 AM",73.5363
"2014-08-09:12 AM",72.2345
"2014-08-10:12 AM",75.11
"2014-08-11:12 AM",72.0644
"2014-08-12:12 AM",72.9639
"2014-08-13:12 AM",73.4689
"2014-08-14:12 AM",68.9252
"2014-08-15:12 AM",66.0155
"2014-08-16:12 AM",68.5198
"2014-08-17:12 AM",71.7908
"2014-08-18:12 AM",73.0953
"2014-08-19:12 AM",75.0632
"2014-08-20:12 AM",74.9998
"2014-08-21:12 AM",76.604
"2014-08-22:12 AM",74.534
"2014-08-23:12 AM",72.2628
"2014-08-24:12 AM",69.8594
"2014-08-25:12 AM",69.2578
"2014-08-26:12 AM",71.4299
"2014-08-27:12 AM",73.0117
"2014-08-28:12 AM",75.1946
"2014-08-29:12 AM",69.3748
"2014-08-30:12 AM",73.1169
"2014-08-31:12 AM",79.9412
"2014-09-01:12 AM",76.5086
"2014-09-02:12 AM",81.5365
"2014-09-03:12 AM",77.3564
"2014-09-04:12 AM",76.1275
"2014-09-05:12 AM",79.1451
"2014-09-06:12 AM",79.8291
"2014-09-07:12 AM",70.0808
"2014-09-08:12 AM",68.5152
"2014-09-09:12 AM",69.8486
"2014-09-10:12 AM",72.478
"2014-09-11:12 AM",75.3022
"2014-09-12:12 AM",67.5806
"2014-09-13:12 AM",62.5667
"2014-09-14:12 AM",58.0716
"2014-09-15:12 AM",62.0123
"2014-09-16:12 AM",66.3139
"2014-09-17:12 AM",65.8337
"2014-09-18:12 AM",65.7446
"2014-09-19:12 AM",60.1498
"2014-09-20:12 AM",67.5477
"2014-09-21:12 AM",70.6716
"2014-09-22:12 AM",63.3101
"2014-09-23:12 AM",57.0636
"2014-09-24:12 AM",60.7388
"2014-09-25:12 AM",60.3554
"2014-09-26:12 AM",63.8352
"2014-09-27:12 AM",63.5774
"2014-09-28:12 AM",64.5449
"2014-09-29:12 AM",63.2822
"2014-09-30:12 AM",64.1633
"2014-10-01:12 AM",64.5071
"2014-10-02:12 AM",66.1019
"2014-10-03:12 AM",65.8652
"2014-10-04:12 AM",60.8364
"2014-10-05:12 AM",48.4961
"2014-10-06:12 AM",58.0325
"2014-10-07:12 AM",64.2677
"2014-10-08:12 AM",66.5825
"2014-10-09:12 AM",59.8896
"2014-10-10:12 AM",61.9043
"2014-10-11:12 AM",54.9073
"2014-10-12:12 AM",53.5181
"2014-10-13:12 AM",63.0208
"2014-10-14:12 AM",71.7157
"2014-10-15:12 AM",70.8575
"2014-10-16:12 AM",59.9603
"2014-10-17:12 AM",61.4192
"2014-10-18:12 AM",57.9857
"2014-10-19:12 AM",50.4243
"2014-10-20:12 AM",51.5183
"2014-10-21:12 AM",57.4907
"2014-10-22:12 AM",52.592
"2014-10-23:12 AM",54.3591
"2014-10-24:12 AM",56.5853
"2014-10-25:12 AM",56.5857
"2014-10-26:12 AM",57.0677
"2014-10-27:12 AM",54.8506
"2014-10-28:12 AM",65.7973
"2014-10-29:12 AM",59.6786
"2014-10-30:12 AM",50.6741
"2014-10-31:12 AM",47.3572
"2014-11-01:12 AM",44.9299
"2014-11-02:12 AM",41.3753
"2014-11-03:12 AM",47.2883
"2014-11-04:12 AM",58.1783
"2014-11-05:12 AM",59.4918
"2014-11-06:12 AM",56.9795
"2014-11-07:12 AM",45.6476
"2014-11-08:12 AM",40.7147
"2014-11-09:12 AM",47.5867
"2014-11-10:12 AM",48.366
"2014-11-11:12 AM",51.9472
"2014-11-12:12 AM",53.8691
"2014-11-13:12 AM",41.2974
"2014-11-14:12 AM",34.0016
"2014-11-15:12 AM",31.4083
"2014-11-16:12 AM",39.1743
"2014-11-17:12 AM",42.0921
"2014-11-18:12 AM",27.027
"2014-11-19:12 AM",27.297
"2014-11-20:12 AM",35.0316
"2014-11-21:12 AM",28.1498
"2014-11-22:12 AM",33.6146
"2014-11-23:12 AM",46.4445
"2014-11-24:12 AM",62.5424
"2014-11-25:12 AM",53.9654
"2014-11-26:12 AM",40.0267
"2014-11-27:12 AM",33.8464
"2014-11-28:12 AM",30.695
"2014-11-29:12 AM",34.3571
"2014-11-30:12 AM",45.8253
"2014-12-01:12 AM",53.3313
"2014-12-02:12 AM",38.0795
"2014-12-03:12 AM",41.9121
"2014-12-04:12 AM",38.0561
"2014-12-05:12 AM",37.5498
"2014-12-06:12 AM",43.5097
"2014-12-07:12 AM",35.5541
"2014-12-08:12 AM",31.4456
"2014-12-09:12 AM",36.8555
"2014-12-10:12 AM",37.8271
"2014-12-11:12 AM",33.7163
"2014-12-12:12 AM",34.0966
"2014-12-13:12 AM",34.6658
"2014-12-14:12 AM",39.9416
"2014-12-15:12 AM",46.0656
"2014-12-16:12 AM",45.37
"2014-12-17:12 AM",42.0319
"2014-12-18:12 AM",33.723
"2014-12-19:12 AM",33.1277
"2014-12-20:12 AM",30.6698
"2014-12-21:12 AM",32.6345
"2014-12-22:12 AM",30.312
"2014-12-23:12 AM",37.7919
"2014-12-24:12 AM",46.7325
"2014-12-25:12 AM",48.7405
"2014-12-26:12 AM",38.9651
"2014-12-27:12 AM",42.5142
"2014-12-28:12 AM",48.9407
"2014-12-29:12 AM",40.8646
"2014-12-30:12 AM",34.9862
"2014-12-31:12 AM",29.4944
"2015-01-01:12 AM",31.6216
"2015-01-02:12 AM",35.3386
"2015-01-03:12 AM",36.2516
"2015-01-04:12 AM",51.3783
"2015-01-05:12 AM",33.2186
"2015-01-06:12 AM",27.8717
"2015-01-07:12 AM",20.9165
"2015-01-08:12 AM",12.5654
"2015-01-09:12 AM",26.1019
"2015-01-10:12 AM",19.539
"2015-01-11:12 AM",26.595
"2015-01-12:12 AM",34.2469
"2015-01-13:12 AM",27.7921
"2015-01-14:12 AM",27.4721
"2015-01-15:12 AM",29.0354
"2015-01-16:12 AM",31.865
"2015-01-17:12 AM",30.0254
"2015-01-18:12 AM",36.0257
"2015-01-19:12 AM",35.2607
"2015-01-20:12 AM",35.2553
"2015-01-21:12 AM",31.7336
"2015-01-22:12 AM",34.1812
"2015-01-23:12 AM",32.7101
"2015-01-24:12 AM",32.9203
"2015-01-25:12 AM",37.0526
"2015-01-26:12 AM",34.2019
"2015-01-27:12 AM",28.4905
"2015-01-28:12 AM",23.7461
"2015-01-29:12 AM",27.7556
"2015-01-30:12 AM",30.9029
"2015-01-31:12 AM",21.2342
"2015-02-01:12 AM",30.2941
"2015-02-02:12 AM",36.9491
"2015-02-03:12 AM",26.0204
"2015-02-04:12 AM",35.0357
"2015-02-05:12 AM",27.5472
"2015-02-06:12 AM",25.8611
"2015-02-07:12 AM",33.175
"2015-02-08:12 AM",41.9405
"2015-02-09:12 AM",36.9397
"2015-02-10:12 AM",31.1428
"2015-02-11:12 AM",30.8953
"2015-02-12:12 AM",30.2765
"2015-02-13:12 AM",18.1355
"2015-02-14:12 AM",27.0023
"2015-02-15:12 AM",11.6451
"2015-02-16:12 AM",10.5499
"2015-02-17:12 AM",16.7509
"2015-02-18:12 AM",18.2705
"2015-02-19:12 AM",8.7809
"2015-02-20:12 AM",4.9671
"2015-02-21:12 AM",18.3983
"2015-02-22:12 AM",33.9521
"2015-02-23:12 AM",24.6951
"2015-02-24:12 AM",18.0973
"2015-02-25:12 AM",26.2873
"2015-02-26:12 AM",29.2271
"2015-02-27:12 AM",25.39
"2015-02-28:12 AM",19.4198
"2015-03-01:12 AM",25.6748
"2015-03-02:12 AM",31.4717
"2015-03-03:12 AM",28.7303
"2015-03-04:12 AM",40.226
"2015-03-05:12 AM",29.8994
"2015-03-06:12 AM",13.2202
"2015-03-07:12 AM",26.6121
"2015-03-08:12 AM",38.8522
"2015-03-09:12 AM",42.296
"2015-03-10:12 AM",43.1253
"2015-03-11:12 AM",52.3405
"2015-03-12:12 AM",41.8712
"2015-03-13:12 AM",38.9372
"2015-03-14:12 AM",48.4034
"2015-03-15:12 AM",44.6922
"2015-03-16:12 AM",44.8844
"2015-03-17:12 AM",52.2054
"2015-03-18:12 AM",35.2089
"2015-03-19:12 AM",38.7626
"2015-03-20:12 AM",34.5457
"2015-03-21:12 AM",41.2322
"2015-03-22:12 AM",40.6764
"2015-03-23:12 AM",35.0397
"2015-03-24:12 AM",35.78
"2015-03-25:12 AM",37.4702
"2015-03-26:12 AM",56.3873
"2015-03-27:12 AM",41.8123
"2015-03-28:12 AM",30.4092
"2015-03-29:12 AM",31.6751
"2015-03-30:12 AM",42.5908
"2015-03-31:12 AM",49.7772
"2015-04-01:12 AM",42.2717
"2015-04-02:12 AM",51.6501
"2015-04-03:12 AM",63.5211
"2015-04-04:12 AM",51.67
"2015-04-05:12 AM",48.1402
"2015-04-06:12 AM",56.9273
"2015-04-07:12 AM",63.8807
"2015-04-08:12 AM",48.9727
"2015-04-09:12 AM",43.3666
"2015-04-10:12 AM",52.8184
"2015-04-11:12 AM",53.4942
"2015-04-12:12 AM",52.0237
"2015-04-13:12 AM",59.6017
"2015-04-14:12 AM",57.9713
"2015-04-15:12 AM",54.0639
"2015-04-16:12 AM",56.3522
"2015-04-17:12 AM",62.7377
"2015-04-18:12 AM",64.6574
"2015-04-19:12 AM",58.748
"2015-04-20:12 AM",66.294
"2015-04-21:12 AM",58.5311
"2015-04-22:12 AM",55.1768
"2015-04-23:12 AM",46.0791
"2015-04-24:12 AM",43.457
"2015-04-25:12 AM",45.217
"2015-04-26:12 AM",49.1283
"2015-04-27:12 AM",50.5458
"2015-04-28:12 AM",52.7657
"2015-04-29:12 AM",59.7312
"2015-04-30:12 AM",60.161
"2015-05-01:12 AM",52.8404
"2015-05-02:12 AM",56.4665
"2015-05-03:12 AM",64.4544
"2015-05-04:12 AM",69.8855
"2015-05-05:12 AM",72.1144
"2015-05-06:12 AM",69.9246
"2015-05-07:12 AM",66.6945
"2015-05-08:12 AM",66.9177
"2015-05-09:12 AM",66.627
"2015-05-10:12 AM",69.2078
"2015-05-11:12 AM",68.8464
"2015-05-12:12 AM",74.8661
"2015-05-13:12 AM",60.7033
"2015-05-14:12 AM",55.9616
"2015-05-15:12 AM",62.6891
"2015-05-16:12 AM",71.0884
"2015-05-17:12 AM",72.6246
"2015-05-18:12 AM",74.332
"2015-05-19:12 AM",73.3878
"2015-05-20:12 AM",61.6069
"2015-05-21:12 AM",50.4855
"2015-05-22:12 AM",58.7273
"2015-05-23:12 AM",58.6269
"2015-05-24:12 AM",65.6636
"2015-05-25:12 AM",72.0788
"2015-05-26:12 AM",74.1187
"2015-05-27:12 AM",79.1784
"2015-05-28:12 AM",77.3217
"2015-05-29:12 AM",75.9979
"2015-05-30:12 AM",75.4439
"2015-05-31:12 AM",77.6422
"2015-06-01:12 AM",75.3836
"2015-06-02:12 AM",61.0254
"2015-06-03:12 AM",57.1644
"2015-06-04:12 AM",58.5352
"2015-06-05:12 AM",61.5799
"2015-06-06:12 AM",67.235
"2015-06-07:12 AM",66.038
"2015-06-08:12 AM",73.5872
"2015-06-09:12 AM",76.9347
"2015-06-10:12 AM",73.1403
"2015-06-11:12 AM",77.8312
"2015-06-12:12 AM",81.5445
"2015-06-13:12 AM",81.2341
"2015-06-14:12 AM",80.8767
"2015-06-15:12 AM",80.0141
"2015-06-16:12 AM",81.441
"2015-06-17:12 AM",75.8444
"2015-06-18:12 AM",76.6557
"2015-06-19:12 AM",77.3451
"2015-06-20:12 AM",79.979
"2015-06-21:12 AM",80.262
"2015-06-22:12 AM",80.4794
"2015-06-23:12 AM",82.0926
"2015-06-24:12 AM",73.5179
"2015-06-25:12 AM",71.1819
"2015-06-26:12 AM",71.8092
"2015-06-27:12 AM",70.4602
"2015-06-28:12 AM",70.0165
"2015-06-29:12 AM",69.2573
"2015-06-30:12 AM",77.0239
"2015-07-01:12 AM",75.4268
"2015-07-02:12 AM",70.354
"2015-07-03:12 AM",69.8562
"2015-07-04:12 AM",72.5189
"2015-07-05:12 AM",73.4963
"2015-07-06:12 AM",75.4673
"2015-07-07:12 AM",78.6006
"2015-07-08:12 AM",79.2401
"2015-07-09:12 AM",80.8448
"2015-07-10:12 AM",77.8564
"2015-07-11:12 AM",74.6879
"2015-07-12:12 AM",71.7071
"2015-07-13:12 AM",69.2713
"2015-07-14:12 AM",77.4347
"2015-07-15:12 AM",73.4972
"2015-07-16:12 AM",69.539
"2015-07-17:12 AM",74.6623
"2015-07-18:12 AM",80.1599
"2015-07-19:12 AM",82.4698
"2015-07-20:12 AM",83.3774
"2015-07-21:12 AM",82.3995
"2015-07-22:12 AM",74.7788
"2015-07-23:12 AM",73.0175
"2015-07-24:12 AM",71.7539
"2015-07-25:12 AM",75.4578
"2015-07-26:12 AM",79.1947
"2015-07-27:12 AM",79.7612
"2015-07-28:12 AM",81.3816
"2015-07-29:12 AM",78.8612
"2015-07-30:12 AM",82.5737
"2015-07-31:12 AM",76.7534
"2015-08-01:12 AM",78.0057
"2015-08-02:12 AM",76.3727
"2015-08-03:12 AM",79.1537
"2015-08-04:12 AM",80.7814
"2015-08-05:12 AM",78.8166
"2015-08-06:12 AM",72.6503
"2015-08-07:12 AM",70.8404
"2015-08-08:12 AM",72.9694
"2015-08-09:12 AM",74.6168
"2015-08-10:12 AM",71.7283
"2015-08-11:12 AM",77.2147
"2015-08-12:12 AM",73.157
"2015-08-13:12 AM",71.402
"2015-08-14:12 AM",72.1157
"2015-08-15:12 AM",74.9399
"2015-08-16:12 AM",77.2732
"2015-08-17:12 AM",79.9556
"2015-08-18:12 AM",80.2049
"2015-08-19:12 AM",76.4609
"2015-08-20:12 AM",80.3764
"2015-08-21:12 AM",76.3016
"2015-08-22:12 AM",71.4906
"2015-08-23:12 AM",72.7484
"2015-08-24:12 AM",77.6354
"2015-08-25:12 AM",73.7681
"2015-08-26:12 AM",70.6069
"2015-08-27:12 AM",70.4804
"2015-08-28:12 AM",71.8133
"2015-08-29:12 AM",75.227
"2015-08-30:12 AM",76.766
"2015-08-31:12 AM",79.8683
"2015-09-01:12 AM",78.2658
"2015-09-02:12 AM",80.2873
"2015-09-03:12 AM",78.9305
"2015-09-04:12 AM",80.9469
"2015-09-05:12 AM",77.8924
"2015-09-06:12 AM",70.1798
"2015-09-07:12 AM",76.1675
"2015-09-08:12 AM",78.9363
"2015-09-09:12 AM",80.2144
"2015-09-10:12 AM",73.8689
"2015-09-11:12 AM",70.4255
"2015-09-12:12 AM",68.0432
"2015-09-13:12 AM",61.1771
"2015-09-14:12 AM",59.9909
"2015-09-15:12 AM",66.2153
"2015-09-16:12 AM",67.4798
"2015-09-17:12 AM",70.0952
"2015-09-18:12 AM",71.4767
"2015-09-19:12 AM",71.587
"2015-09-20:12 AM",70.5177
"2015-09-21:12 AM",66.5078
"2015-09-22:12 AM",64.8469
"2015-09-23:12 AM",64.7929
"2015-09-24:12 AM",65.6762
"2015-09-25:12 AM",67.3538
"2015-09-26:12 AM",65.9219
"2015-09-27:12 AM",66.07
"2015-09-28:12 AM",70.8971
"2015-09-29:12 AM",72.3803
"2015-09-30:12 AM",70.6676
"2015-10-01:12 AM",57.3049
"2015-10-02:12 AM",50.9338
"2015-10-03:12 AM",52.6743
"2015-10-04:12 AM",54.9738
"2015-10-05:12 AM",56.1006
"2015-10-06:12 AM",57.1703
"2015-10-07:12 AM",62.9978
"2015-10-08:12 AM",64.8698
"2015-10-09:12 AM",67.7156
"2015-10-10:12 AM",56.7662
"2015-10-11:12 AM",52.2739
"2015-10-12:12 AM",57.3809
"2015-10-13:12 AM",63.4712
"2015-10-14:12 AM",58.3601
"2015-10-15:12 AM",55.1764
"2015-10-16:12 AM",54.6098
"2015-10-17:12 AM",47.7253
"2015-10-18:12 AM",41.3191
"2015-10-19:12 AM",42.9854
"2015-10-20:12 AM",51.0278
"2015-10-21:12 AM",56.3783
"2015-10-22:12 AM",60.8878
"2015-10-23:12 AM",60.3194
"2015-10-24:12 AM",53.2557
"2015-10-25:12 AM",58.478
"2015-10-26:12 AM",51.044
"2015-10-27:12 AM",49.9019
"2015-10-28:12 AM",63.6782
"2015-10-29:12 AM",63.9968
"2015-10-30:12 AM",50.9504
"2015-10-31:12 AM",47.98
"2015-11-01:12 AM",56.2082
"2015-11-02:12 AM",57.3422
"2015-11-03:12 AM",52.3027
"2015-11-04:12 AM",54.1067
"2015-11-05:12 AM",63.887
"2015-11-06:12 AM",68.8721
"2015-11-07:12 AM",59.2219
"2015-11-08:12 AM",47.5916
"2015-11-09:12 AM",43.9979
"2015-11-10:12 AM",55.679
"2015-11-11:12 AM",52.6172
"2015-11-12:12 AM",55.1772
"2015-11-13:12 AM",49.9307
"2015-11-14:12 AM",42.8423
"2015-11-15:12 AM",45.5184
"2015-11-16:12 AM",51.3725
"2015-11-17:12 AM",51.9386
"2015-11-18:12 AM",55.0436
"2015-11-19:12 AM",61.9754
"2015-11-20:12 AM",48.0902
"2015-11-21:12 AM",44.0947
"2015-11-22:12 AM",42.2141
"2015-11-23:12 AM",31.7651
"2015-11-24:12 AM",37.5328
"2015-11-25:12 AM",42.1358
"2015-11-26:12 AM",46.2191
"2015-11-27:12 AM",51.5948
"2015-11-28:12 AM",56.9984
"2015-11-29:12 AM",48.7769
"2015-11-30:12 AM",39.8246
"2015-12-01:12 AM",44.5626
"2015-12-02:12 AM",54.774
"2015-12-03:12 AM",42.5462
"2015-12-04:12 AM",39.7477
"2015-12-05:12 AM",39.9259
"2015-12-06:12 AM",38.3639
"2015-12-07:12 AM",40.5104
"2015-12-08:12 AM",43.7801
"2015-12-09:12 AM",45.8884
"2015-12-10:12 AM",49.6134
"2015-12-11:12 AM",55.7506
"2015-12-12:12 AM",57.2707
"2015-12-13:12 AM",60.9543
"2015-12-14:12 AM",64.8909
"2015-12-15:12 AM",56.1996
"2015-12-16:12 AM",46.6902
"2015-12-17:12 AM",48.555
"2015-12-18:12 AM",41.3703
"2015-12-19:12 AM",33.0876
"2015-12-20:12 AM",34.3949
"2015-12-21:12 AM",45.0779
"2015-12-22:12 AM",56.4827
"2015-12-23:12 AM",60.3658
"2015-12-24:12 AM",68.5602
"2015-12-25:12 AM",65.9075
"2015-12-26:12 AM",55.076
"2015-12-27:12 AM",59.6264
"2015-12-28:12 AM",43.3463
"2015-12-29:12 AM",47.9327
"2015-12-30:12 AM",50.2565
"2015-12-31:12 AM",48.5735
"2016-01-01:12 AM",39.5168
"2016-01-02:12 AM",35.2611
"2016-01-03:12 AM",37.0468
"2016-01-04:12 AM",29.228
"2016-01-05:12 AM",20.7235
"2016-01-06:12 AM",24.3095
"2016-01-07:12 AM",31.3718
"2016-01-08:12 AM",37.3501
"2016-01-09:12 AM",42.6924
"2016-01-10:12 AM",49.9163
"2016-01-11:12 AM",30.1325
"2016-01-12:12 AM",33.8743
"2016-01-13:12 AM",23.3159
"2016-01-14:12 AM",33.7429
"2016-01-15:12 AM",40.0105
"2016-01-16:12 AM",42.4315
"2016-01-17:12 AM",33.0764
"2016-01-18:12 AM",21.6887
"2016-01-19:12 AM",17.478
"2016-01-20:12 AM",22.4676
"2016-01-21:12 AM",26.0582
"2016-01-22:12 AM",23.2736
"2016-01-23:12 AM",24.102
"2016-01-24:12 AM",19.1836
"2016-01-25:12 AM",20.5538
"2016-01-26:12 AM",33.557
"2016-01-27:12 AM",32.6521
"2016-01-28:12 AM",27.8213
"2016-01-29:12 AM",31.8844
"2016-01-30:12 AM",26.5307
"2016-01-31:12 AM",43.6208
"2016-02-01:12 AM",49.3403
"2016-02-02:12 AM",40.4344
"2016-02-03:12 AM",50.9864
"2016-02-04:12 AM",47.7909
"2016-02-05:12 AM",34.4237
"2016-02-06:12 AM",33.2807
"2016-02-07:12 AM",34.138
"2016-02-08:12 AM",36.8488
"2016-02-09:12 AM",34.817
"2016-02-10:12 AM",29.5434
"2016-02-11:12 AM",22.5054
"2016-02-12:12 AM",22.5442
"2016-02-13:12 AM",20.2433
"2016-02-14:12 AM",15.6686
"2016-02-15:12 AM",23.9072
"2016-02-16:12 AM",38.2753
"2016-02-17:12 AM",35.708
"2016-02-18:12 AM",29.9552
"2016-02-19:12 AM",31.4267
"2016-02-20:12 AM",48.497
"2016-02-21:12 AM",52.2198
"2016-02-22:12 AM",42.737
"2016-02-23:12 AM",39.4268
"2016-02-24:12 AM",49.5559
"2016-02-25:12 AM",42.4873
"2016-02-26:12 AM",32.5445
"2016-02-27:12 AM",32.3073
"2016-02-28:12 AM",43.0309
"2016-02-29:12 AM",50.0373
"2016-03-01:12 AM",48.6649
"2016-03-02:12 AM",41.1368
"2016-03-03:12 AM",32.5994
"2016-03-04:12 AM",33.8562
"2016-03-05:12 AM",34.7149
"2016-03-06:12 AM",37.9189
"2016-03-07:12 AM",43.4745
"2016-03-08:12 AM",58.1063
"2016-03-09:12 AM",60.458
"2016-03-10:12 AM",65.8386
"2016-03-11:12 AM",61.7211
"2016-03-12:12 AM",53.2711
"2016-03-13:12 AM",53.2301
"2016-03-14:12 AM",49.2211
"2016-03-15:12 AM",50.5247
"2016-03-16:12 AM",58.4168
"2016-03-17:12 AM",54.7336
"2016-03-18:12 AM",49.8889
"2016-03-19:12 AM",40.9316
"2016-03-20:12 AM",35.6468
"2016-03-21:12 AM",37.6187
"2016-03-22:12 AM",44.1554
"2016-03-23:12 AM",56.5192
"2016-03-24:12 AM",60.7559
"2016-03-25:12 AM",61.9722
"2016-03-26:12 AM",46.7564
"2016-03-27:12 AM",49.8006
"2016-03-28:12 AM",51.1151
"2016-03-29:12 AM",46.144
"2016-03-30:12 AM",46.9485
"2016-03-31:12 AM",59.5283
"2016-04-01:12 AM",67.7903
"2016-04-02:12 AM",53.8326
"2016-04-03:12 AM",37.6857
"2016-04-04:12 AM",54.311
"2016-04-05:12 AM",33.2528
"2016-04-06:12 AM",41.3627
"2016-04-07:12 AM",52.6375
"2016-04-08:12 AM",43.0416
"2016-04-09:12 AM",39.231
"2016-04-10:12 AM",36.8253
"2016-04-11:12 AM",53.9735
"2016-04-12:12 AM",58.0307
"2016-04-13:12 AM",45.6368
"2016-04-14:12 AM",46.4509
"2016-04-15:12 AM",48.357
"2016-04-16:12 AM",51.3748
"2016-04-17:12 AM",52.9461
"2016-04-18:12 AM",62.8628
"2016-04-19:12 AM",65.3679
"2016-04-20:12 AM",55.3244
"2016-04-21:12 AM",59.4896
"2016-04-22:12 AM",65.2838
"2016-04-23:12 AM",60.7941
"2016-04-24:12 AM",52.8287
"2016-04-25:12 AM",62.3318
"2016-04-26:12 AM",73.3312
"2016-04-27:12 AM",57.115
"2016-04-28:12 AM",52.3517
"2016-04-29:12 AM",50.2907
"2016-04-30:12 AM",53.5415
"2016-05-01:12 AM",52.6402
"2016-05-02:12 AM",63.6246
"2016-05-03:12 AM",63.7736
"2016-05-04:12 AM",54.7876
"2016-05-05:12 AM",51.346
"2016-05-06:12 AM",50.981
"2016-05-07:12 AM",54.4041
"2016-05-08:12 AM",59.2759
"2016-05-09:12 AM",54.8546
"2016-05-10:12 AM",58.4434
"2016-05-11:12 AM",56.4269
"2016-05-12:12 AM",60.3163
"2016-05-13:12 AM",63.7403
"2016-05-14:12 AM",62.3057
"2016-05-15:12 AM",50.9711
"2016-05-16:12 AM",49.3974
"2016-05-17:12 AM",50.9166
"2016-05-18:12 AM",55.8756
"2016-05-19:12 AM",57.6009
"2016-05-20:12 AM",61.8849
"2016-05-21:12 AM",55.1925
"2016-05-22:12 AM",52.9642
"2016-05-23:12 AM",59.5481
"2016-05-24:12 AM",65.8306
"2016-05-25:12 AM",70.7751
"2016-05-26:12 AM",72.8483
"2016-05-27:12 AM",77.4311
"2016-05-28:12 AM",76.1266
"2016-05-29:12 AM",70.4854
"2016-05-30:12 AM",71.0947
"2016-05-31:12 AM",72.1198
"2016-06-01:12 AM",73.5881
"2016-06-02:12 AM",70.4206
"2016-06-03:12 AM",71.4682
"2016-06-04:12 AM",73.5152
"2016-06-05:12 AM",74.1115
"2016-06-06:12 AM",73.6529
"2016-06-07:12 AM",74.0376
"2016-06-08:12 AM",63.5945
"2016-06-09:12 AM",63.3542
"2016-06-10:12 AM",66.3449
"2016-06-11:12 AM",75.961
"2016-06-12:12 AM",79.0034
"2016-06-13:12 AM",66.9218
"2016-06-14:12 AM",68.9464
"2016-06-15:12 AM",70.9484
"2016-06-16:12 AM",74.0206
"2016-06-17:12 AM",67.573
"2016-06-18:12 AM",68.1238
"2016-06-19:12 AM",73.0814
"2016-06-20:12 AM",75.0443
"2016-06-21:12 AM",78.273
"2016-06-22:12 AM",73.9355
"2016-06-23:12 AM",72.4086
"2016-06-24:12 AM",74.044
"2016-06-25:12 AM",70.8926
"2016-06-26:12 AM",70.8615
"2016-06-27:12 AM",71.8295
"2016-06-28:12 AM",74.9732
"2016-06-29:12 AM",71.9672
"2016-06-30:12 AM",72.1107
"2016-07-01:12 AM",75.443
"2016-07-02:12 AM",70.8868
"2016-07-03:12 AM",63.3668
"2016-07-04:12 AM",66.5159
"2016-07-05:12 AM",77.1035
"2016-07-06:12 AM",81.0068
"2016-07-07:12 AM",82.3599
"2016-07-08:12 AM",80.9947
"2016-07-09:12 AM",80.3174
"2016-07-10:12 AM",76.1239
"2016-07-11:12 AM",75.5722
"2016-07-12:12 AM",74.7356
"2016-07-13:12 AM",80.4038
"2016-07-14:12 AM",83.6375
"2016-07-15:12 AM",82.2605
"2016-07-16:12 AM",81.5252
"2016-07-17:12 AM",78.724
"2016-07-18:12 AM",82.8734
"2016-07-19:12 AM",82.1934
"2016-07-20:12 AM",76.928
"2016-07-21:12 AM",77.3406
"2016-07-22:12 AM",81.1126
"2016-07-23:12 AM",84.8228
"2016-07-24:12 AM",84.7405
"2016-07-25:12 AM",86.1377
"2016-07-26:12 AM",86.3447
"2016-07-27:12 AM",83.9206
"2016-07-28:12 AM",84.1527
"2016-07-29:12 AM",79.3144
"2016-07-30:12 AM",78.6636
"2016-07-31:12 AM",79.3238
"2016-08-01:12 AM",79.8453
"2016-08-02:12 AM",78.9278
"2016-08-03:12 AM",76.0694
"2016-08-04:12 AM",73.3055
"2016-08-05:12 AM",74.9615
"2016-08-06:12 AM",79.8998
"2016-08-07:12 AM",77.3325
"2016-08-08:12 AM",75.6113
"2016-08-09:12 AM",73.382
"2016-08-10:12 AM",82.4607
"2016-08-11:12 AM",85.0892
"2016-08-12:12 AM",86.9171
"2016-08-13:12 AM",88.4557
"2016-08-14:12 AM",86.6435
"2016-08-15:12 AM",85.739
"2016-08-16:12 AM",84.4822
"2016-08-17:12 AM",85.0887
"2016-08-18:12 AM",80.5059
"2016-08-19:12 AM",80.4168
"2016-08-20:12 AM",79.0448
"2016-08-21:12 AM",76.3547
"2016-08-22:12 AM",73.4347
"2016-08-23:12 AM",71.2787
"2016-08-24:12 AM",73.9805
"2016-08-25:12 AM",78.6191
"2016-08-26:12 AM",83.9889
"2016-08-27:12 AM",81.4001
"2016-08-28:12 AM",77.4113
"2016-08-29:12 AM",77.3812
"2016-08-30:12 AM",79.8418
"2016-08-31:12 AM",79.6064
"2016-09-01:12 AM",74.2298
"2016-09-02:12 AM",70.9884
"2016-09-03:12 AM",71.6054
"2016-09-04:12 AM",70.8921
"2016-09-05:12 AM",70.5875
"2016-09-06:12 AM",77.2412
"2016-09-07:12 AM",82.6623
"2016-09-08:12 AM",82.6619
"2016-09-09:12 AM",83.1474
"2016-09-10:12 AM",85.5684
"2016-09-11:12 AM",78.3041
"2016-09-12:12 AM",71.0496
"2016-09-13:12 AM",74.3455
"2016-09-14:12 AM",75.5339
"2016-09-15:12 AM",72.4825
"2016-09-16:12 AM",69.4144
"2016-09-17:12 AM",73.5238
"2016-09-18:12 AM",76.7421
"2016-09-19:12 AM",71.5833
"2016-09-20:12 AM",71.1073
"2016-09-21:12 AM",73.2412
"2016-09-22:12 AM",69.7609
"2016-09-23:12 AM",70.615
"2016-09-24:12 AM",71.4722
"2016-09-25:12 AM",62.0987
"2016-09-26:12 AM",62.4204
"2016-09-27:12 AM",67.6756
"2016-09-28:12 AM",65.3428
"2016-09-29:12 AM",68.8006
"2016-09-30:12 AM",63.1211
"2016-10-01:12 AM",63.3727
"2016-10-02:12 AM",63.2476
"2016-10-03:12 AM",64.7101
"2016-10-04:12 AM",62.5145
"2016-10-05:12 AM",60.5925
"2016-10-06:12 AM",60.1439
"2016-10-07:12 AM",64.7213
"2016-10-08:12 AM",62.4367
"2016-10-09:12 AM",56.4332
"2016-10-10:12 AM",50.7457
"2016-10-11:12 AM",50.3416
"2016-10-12:12 AM",53.2319
"2016-10-13:12 AM",59.7259
"2016-10-14:12 AM",52.2793
"2016-10-15:12 AM",52.7612
"2016-10-16:12 AM",58.9924
"2016-10-17:12 AM",67.3983
"2016-10-18:12 AM",70.0133
"2016-10-19:12 AM",72.4185
"2016-10-20:12 AM",72.0576
"2016-10-21:12 AM",65.9908
"2016-10-22:12 AM",49.6364
"2016-10-23:12 AM",51.5381
"2016-10-24:12 AM",57.4331
"2016-10-25:12 AM",49.6044
"2016-10-26:12 AM",46.3118
"2016-10-27:12 AM",53.8718
"2016-10-28:12 AM",50.7807
"2016-10-29:12 AM",54.9136
"2016-10-30:12 AM",67.6647
"2016-10-31:12 AM",52.2239
"2016-11-01:12 AM",49.0726
"2016-11-02:12 AM",57.6531
"2016-11-03:12 AM",66.3012
"2016-11-04:12 AM",54.3866
"2016-11-05:12 AM",50.7178
"2016-11-06:12 AM",54.6917
"2016-11-07:12 AM",46.2011
"2016-11-08:12 AM",48.7828
"2016-11-09:12 AM",53.1797
"2016-11-10:12 AM",48.2482
"2016-11-11:12 AM",49.6238
"2016-11-12:12 AM",39.9605
"2016-11-13:12 AM",43.0655
"2016-11-14:12 AM",43.8732
"2016-11-15:12 AM",48.6428
"2016-11-16:12 AM",51.1853
"2016-11-17:12 AM",49.6859
"2016-11-18:12 AM",50.0248
"2016-11-19:12 AM",51.1043
"2016-11-20:12 AM",36.8335
"2016-11-21:12 AM",32.6592
"2016-11-22:12 AM",33.9629
"2016-11-23:12 AM",37.1665
"2016-11-24:12 AM",45.0801
"2016-11-25:12 AM",49.505
"2016-11-26:12 AM",44.2841
"2016-11-27:12 AM",39.5793
"2016-11-28:12 AM",42.2159
"2016-11-29:12 AM",57.0722
"2016-11-30:12 AM",61.3035
"2016-12-01:12 AM",51.4729
"2016-12-02:12 AM",41.0113
"2016-12-03:12 AM",39.6063
"2016-12-04:12 AM",38.6906
"2016-12-05:12 AM",42.7878
"2016-12-06:12 AM",41.3406
"2016-12-07:12 AM",40.6553
"2016-12-08:12 AM",38.6956
"2016-12-09:12 AM",29.9183
"2016-12-10:12 AM",28.2051
"2016-12-11:12 AM",31.4087
"2016-12-12:12 AM",44.0325
"2016-12-13:12 AM",38.5367
"2016-12-14:12 AM",39.1618
"2016-12-15:12 AM",24.9809
"2016-12-16:12 AM",20.8238
"2016-12-17:12 AM",37.6147
"2016-12-18:12 AM",49.3781
"2016-12-19:12 AM",29.9916
"2016-12-20:12 AM",28.9283
"2016-12-21:12 AM",33.0787
"2016-12-22:12 AM",38.2222
"2016-12-23:12 AM",36.4213
"2016-12-24:12 AM",42.5485
"2016-12-25:12 AM",42.2051
"2016-12-26:12 AM",43.0592
"2016-12-27:12 AM",55.9553
"2016-12-28:12 AM",40.9613
"2016-12-29:12 AM",39.0142
"2016-12-30:12 AM",33.4373
"2016-12-31:12 AM",35.9091
"2017-01-01:12 AM",40.932
"2017-01-02:12 AM",41.59
"2017-01-03:12 AM",42.0233
"2017-01-04:12 AM",43.0344
"2017-01-05:12 AM",32.5486
"2017-01-06:12 AM",29.4791
"2017-01-07:12 AM",20.8846
"2017-01-08:12 AM",12.7378
"2017-01-09:12 AM",15.1295
"2017-01-10:12 AM",25.7823
"2017-01-11:12 AM",44.3079
"2017-01-12:12 AM",57.5348
"2017-01-13:12 AM",46.7573
"2017-01-14:12 AM",35.1928
"2017-01-15:12 AM",36.1549
"2017-01-16:12 AM",37.8851
"2017-01-17:12 AM",45.757
"2017-01-18:12 AM",49.8461
"2017-01-19:12 AM",44.3313
"2017-01-20:12 AM",42.2541
"2017-01-21:12 AM",47.057
"2017-01-22:12 AM",47.9273
"2017-01-23:12 AM",44.1617
"2017-01-24:12 AM",39.0119
"2017-01-25:12 AM",44.4384
"2017-01-26:12 AM",48.3831
"2017-01-27:12 AM",35.6211
"2017-01-28:12 AM",34.0245
"2017-01-29:12 AM",35.7935
"2017-01-30:12 AM",31.4227
"2017-01-31:12 AM",34.9691
"2017-02-01:12 AM",40.9667
"2017-02-02:12 AM",39.0479
"2017-02-03:12 AM",32.4855
"2017-02-04:12 AM",28.4873
"2017-02-05:12 AM",36.5765
"2017-02-06:12 AM",44.9771
"2017-02-07:12 AM",58.2607
"2017-02-08:12 AM",58.8249
"2017-02-09:12 AM",34.8305
"2017-02-10:12 AM",28.8828
"2017-02-11:12 AM",45.387
"2017-02-12:12 AM",51.3194
"2017-02-13:12 AM",36.959
"2017-02-14:12 AM",35.8695
"2017-02-15:12 AM",39.8592
"2017-02-16:12 AM",31.6688
"2017-02-17:12 AM",34.1038
"2017-02-18:12 AM",48.2243
"2017-02-19:12 AM",57.029
"2017-02-20:12 AM",51.741
"2017-02-21:12 AM",46.5638
"2017-02-22:12 AM",51.1155
"2017-02-23:12 AM",61.1568
"2017-02-24:12 AM",62.8142
"2017-02-25:12 AM",60.0634
"2017-02-26:12 AM",36.4626
"2017-02-27:12 AM",39.5416
"2017-02-28:12 AM",53.3277
"2017-03-01:12 AM",66.4349
"2017-03-02:12 AM",45.1229
"2017-03-03:12 AM",35.357
"2017-03-04:12 AM",29.9183
"2017-03-05:12 AM",27.2521
"2017-03-06:12 AM",38.2482
"2017-03-07:12 AM",55.2708
"2017-03-08:12 AM",54.4519
"2017-03-09:12 AM",53.9488
"2017-03-10:12 AM",41.2358
"2017-03-11:12 AM",27.419
"2017-03-12:12 AM",29.1646
"2017-03-13:12 AM",30.7144
"2017-03-14:12 AM",29.4332
"2017-03-15:12 AM",19.638
"2017-03-16:12 AM",25.5214
"2017-03-17:12 AM",34.4719
"2017-03-18:12 AM",44.3961
"2017-03-19:12 AM",39.4871
"2017-03-20:12 AM",44.6252
"2017-03-21:12 AM",49.1041
"2017-03-22:12 AM",40.7665
"2017-03-23:12 AM",33.8486
"2017-03-24:12 AM",45.8087
"2017-03-25:12 AM",63.7187
"2017-03-26:12 AM",51.5147
"2017-03-27:12 AM",56.8949
"2017-03-28:12 AM",64.1961
"2017-03-29:12 AM",54.2858
"2017-03-30:12 AM",46.9238
"2017-03-31:12 AM",47.9899
"2017-04-01:12 AM",45.9968
"2017-04-02:12 AM",47.8121
"2017-04-03:12 AM",54.4469
"2017-04-04:12 AM",65.75
"2017-04-05:12 AM",61.34
"2017-04-06:12 AM",58.0275
"2017-04-07:12 AM",42.5799
"2017-04-08:12 AM",44.6347
"2017-04-09:12 AM",53.3309
"2017-04-10:12 AM",62.19
"2017-04-11:12 AM",67.8371
"2017-04-12:12 AM",67.0636
"2017-04-13:12 AM",57.8759
"2017-04-14:12 AM",57.9227
"2017-04-15:12 AM",60.1245
"2017-04-16:12 AM",71.47
"2017-04-17:12 AM",62.2341
"2017-04-18:12 AM",60.3086
"2017-04-19:12 AM",53.8525
"2017-04-20:12 AM",66.3508
"2017-04-21:12 AM",68.0081
"2017-04-22:12 AM",55.0958
"2017-04-23:12 AM",51.5296
"2017-04-24:12 AM",50.0414
"2017-04-25:12 AM",54.4757
"2017-04-26:12 AM",59.8982
"2017-04-27:12 AM",68.6642
"2017-04-28:12 AM",73.5863
"2017-04-29:12 AM",78.4832
"2017-04-30:12 AM",77.5251
"2017-05-01:12 AM",72.5216
"2017-05-02:12 AM",68.662
"2017-05-03:12 AM",57.8777
"2017-05-04:12 AM",55.6952
"2017-05-05:12 AM",64.108
"2017-05-06:12 AM",54.3717
"2017-05-07:12 AM",51.665
"2017-05-08:12 AM",50.7515
"2017-05-09:12 AM",52.8355
"2017-05-10:12 AM",58.6922
"2017-05-11:12 AM",55.3046
"2017-05-12:12 AM",50.4567
"2017-05-13:12 AM",51.0539
"2017-05-14:12 AM",60.3599
"2017-05-15:12 AM",59.3051
"2017-05-16:12 AM",65.5862
"2017-05-17:12 AM",74.5182
"2017-05-18:12 AM",78.7901
"2017-05-19:12 AM",79.2775
"2017-05-20:12 AM",66.8403
"2017-05-21:12 AM",60.3073
"2017-05-22:12 AM",61.1713
"2017-05-23:12 AM",61.4012
"2017-05-24:12 AM",62.132
"2017-05-25:12 AM",63.064
"2017-05-26:12 AM",63.9392
"2017-05-27:12 AM",63.9153
"2017-05-28:12 AM",65.4894
"2017-05-29:12 AM",69.9908
"2017-05-30:12 AM",64.9873
"2017-05-31:12 AM",71.4614
"2017-06-01:12 AM",68.9509
"2017-06-02:12 AM",67.1031
"2017-06-03:12 AM",67.7228
"2017-06-04:12 AM",71.5541
"2017-06-05:12 AM",69.5637
"2017-06-06:12 AM",67.6958
"2017-06-07:12 AM",60.4679
"2017-06-08:12 AM",59.7803
"2017-06-09:12 AM",66.875
"2017-06-10:12 AM",73.1093
"2017-06-11:12 AM",78.49
"2017-06-12:12 AM",79.9722
"2017-06-13:12 AM",81.4892
"2017-06-14:12 AM",78.4171
"2017-06-15:12 AM",74.4057
"2017-06-16:12 AM",75.2031
"2017-06-17:12 AM",76.2449
"2017-06-18:12 AM",80.978
"2017-06-19:12 AM",80.1338
"2017-06-20:12 AM",75.5865
"2017-06-21:12 AM",75.4628
"2017-06-22:12 AM",81.7592
"2017-06-23:12 AM",80.069
"2017-06-24:12 AM",79.4165
"2017-06-25:12 AM",74.2739
"2017-06-26:12 AM",71.8453
"2017-06-27:12 AM",72.145
"2017-06-28:12 AM",69.3442
"2017-06-29:12 AM",75.1496
"2017-06-30:12 AM",80.0564
"2017-07-01:12 AM",79.9282
"2017-07-02:12 AM",79.0088
"2017-07-03:12 AM",81.0959
"2017-07-04:12 AM",81.6926
"2017-07-05:12 AM",75.9686
"2017-07-06:12 AM",72.6143
"2017-07-07:12 AM",78.5579
"2017-07-08:12 AM",79.3171
"2017-07-09:12 AM",75.0722
"2017-07-10:12 AM",77.9099
"2017-07-11:12 AM",82.2542
"2017-07-12:12 AM",82.3892
"2017-07-13:12 AM",86.2889
"2017-07-14:12 AM",82.9072
"2017-07-15:12 AM",79.259
"2017-07-16:12 AM",77.9234
"2017-07-17:12 AM",80.6833
"2017-07-18:12 AM",82.9746
"2017-07-19:12 AM",83.1542
"2017-07-20:12 AM",85.5527
"2017-07-21:12 AM",86.8437
"2017-07-22:12 AM",86.1134
"2017-07-23:12 AM",79.1316
"2017-07-24:12 AM",81.0482
"2017-07-25:12 AM",72.9541
"2017-07-26:12 AM",73.2299
"2017-07-27:12 AM",77.2038
"2017-07-28:12 AM",73.9027
"2017-07-29:12 AM",69.2163
"2017-07-30:12 AM",68.365
"2017-07-31:12 AM",71.0848
"2017-08-01:12 AM",77.5904
"2017-08-02:12 AM",78.4783
"2017-08-03:12 AM",80.3399
"2017-08-04:12 AM",79.4557
"2017-08-05:12 AM",73.8392
"2017-08-06:12 AM",71.8034
"2017-08-07:12 AM",71.3408
"2017-08-08:12 AM",70.3746
"2017-08-09:12 AM",70.8215
"2017-08-10:12 AM",71.9717
"2017-08-11:12 AM",72.3735
"2017-08-12:12 AM",76.9829
"2017-08-13:12 AM",72.9392
"2017-08-14:12 AM",70.3877
"2017-08-15:12 AM",72.9347
"2017-08-16:12 AM",77.5544
"2017-08-17:12 AM",79.6482
"2017-08-18:12 AM",81.4708
"2017-08-19:12 AM",78.4674
"2017-08-20:12 AM",74.624
"2017-08-21:12 AM",77.6043
"2017-08-22:12 AM",81.8069
"2017-08-23:12 AM",79.2559
"2017-08-24:12 AM",72.0586
"2017-08-25:12 AM",71.4983
"2017-08-26:12 AM",70.4647
"2017-08-27:12 AM",67.955
"2017-08-28:12 AM",67.2503
"2017-08-29:12 AM",64.3649
"2017-08-30:12 AM",65.0453
"2017-08-31:12 AM",72.2062
"2017-09-01:12 AM",62.8439
"2017-09-02:12 AM",59.5976
"2017-09-03:12 AM",65.5439
"2017-09-04:12 AM",69.7937
"2017-09-05:12 AM",75.6415
"2017-09-06:12 AM",64.7775
"2017-09-07:12 AM",61.3567
"2017-09-08:12 AM",62.578
"2017-09-09:12 AM",61.8089
"2017-09-10:12 AM",59.567
"2017-09-11:12 AM",61.7751
"2017-09-12:12 AM",63.3474
"2017-09-13:12 AM",70.3382
"2017-09-14:12 AM",69.6204
"2017-09-15:12 AM",70.3819
"2017-09-16:12 AM",72.6539
"2017-09-17:12 AM",71.3836
"2017-09-18:12 AM",68.9275
"2017-09-19:12 AM",71.8124
"2017-09-20:12 AM",74.2001
"2017-09-21:12 AM",74.0399
"2017-09-22:12 AM",73.8581
"2017-09-23:12 AM",71.2922
"2017-09-24:12 AM",72.5913
"2017-09-25:12 AM",74.3094
"2017-09-26:12 AM",72.9356
"2017-09-27:12 AM",78.0318
"2017-09-28:12 AM",72.5387
"2017-09-29:12 AM",59.4725
"2017-09-30:12 AM",60.143
"2017-10-01:12 AM",53.636
"2017-10-02:12 AM",57.9137
"2017-10-03:12 AM",59.7524
"2017-10-04:12 AM",60.6123
"2017-10-05:12 AM",67.3839
"2017-10-06:12 AM",68.5895
"2017-10-07:12 AM",72.3294
"2017-10-08:12 AM",77.423
"2017-10-09:12 AM",74.93
"2017-10-10:12 AM",76.5666
"2017-10-11:12 AM",71.4591
"2017-10-12:12 AM",63.1855
"2017-10-13:12 AM",61.6145
"2017-10-14:12 AM",62.5973
"2017-10-15:12 AM",66.4849
"2017-10-16:12 AM",59.162
"2017-10-17:12 AM",49.5073
"2017-10-18:12 AM",51.8877
"2017-10-19:12 AM",54.7988
"2017-10-20:12 AM",60.3063
"2017-10-21:12 AM",58.3299
"2017-10-22:12 AM",60.7442
"2017-10-23:12 AM",67.4956
"2017-10-24:12 AM",66.3652
"2017-10-25:12 AM",57.7472
"2017-10-26:12 AM",48.8291
"2017-10-27:12 AM",51.3248
"2017-10-28:12 AM",58.6661
"2017-10-29:12 AM",58.6787
"2017-10-30:12 AM",43.0142
"2017-10-31:12 AM",47.8764
"2017-11-01:12 AM",51.4778
"2017-11-02:12 AM",61.5745
"2017-11-03:12 AM",65.1317
"2017-11-04:12 AM",52.6852
"2017-11-05:12 AM",56.2505
"2017-11-06:12 AM",60.4809
"2017-11-07:12 AM",45.2723
"2017-11-08:12 AM",42.7816
"2017-11-09:12 AM",46.1228
"2017-11-10:12 AM",38.2631
"2017-11-11:12 AM",29.628
"2017-11-12:12 AM",34.2288
"2017-11-13:12 AM",39.9304
"2017-11-14:12 AM",41.7861
"2017-11-15:12 AM",42.2672
"2017-11-16:12 AM",46.5827
"2017-11-17:12 AM",40.2607
"2017-11-18:12 AM",47.7144
"2017-11-19:12 AM",47.6758
"2017-11-20:12 AM",38.3027
"2017-11-21:12 AM",46.6097
"2017-11-22:12 AM",47.6325
"2017-11-23:12 AM",33.6803
"2017-11-24:12 AM",37.0175
"2017-11-25:12 AM",44.9028
"2017-11-26:12 AM",46.5796
"2017-11-27:12 AM",42.7392
"2017-11-28:12 AM",46.4472
"2017-11-29:12 AM",50.3492
"2017-11-30:12 AM",47.2887
"2017-12-01:12 AM",46.0485
"2017-12-02:12 AM",39.8961
"2017-12-03:12 AM",42.9404
"2017-12-04:12 AM",40.1594
"2017-12-05:12 AM",52.9637
"2017-12-06:12 AM",45.1261
"2017-12-07:12 AM",40.8682
"2017-12-08:12 AM",36.2287
"2017-12-09:12 AM",32.9666
"2017-12-10:12 AM",28.1863
"2017-12-11:12 AM",34.245
"2017-12-12:12 AM",38.6339
"2017-12-13:12 AM",26.1968
"2017-12-14:12 AM",33.3419
"2017-12-15:12 AM",27.6769
"2017-12-16:12 AM",32.2354
"2017-12-17:12 AM",35.1748
"2017-12-18:12 AM",40.8367
"2017-12-19:12 AM",49.1927
"2017-12-20:12 AM",44.6945
"2017-12-21:12 AM",36.0122
"2017-12-22:12 AM",41.0063
"2017-12-23:12 AM",53.1824
"2017-12-24:12 AM",38.5358
"2017-12-25:12 AM",30.4236
"2017-12-26:12 AM",29.147
"2017-12-27:12 AM",25.1631
"2017-12-28:12 AM",17.362
"2017-12-29:12 AM",19.7434
"2017-12-30:12 AM",25.2594
"2017-12-31:12 AM",16.4899
"2018-01-01:12 AM",14.6908
"2018-01-02:12 AM",13.969
"2018-01-03:12 AM",20.6897
"2018-01-04:12 AM",20.4908
"2018-01-05:12 AM",10.2488
"2018-01-06:12 AM",9.3686
"2018-01-07:12 AM",11.0872
"2018-01-08:12 AM",24.2425
"2018-01-09:12 AM",33.6474
"2018-01-10:12 AM",33.4935
"2018-01-11:12 AM",42.4549
"2018-01-12:12 AM",61.3441
"2018-01-13:12 AM",35.9888
"2018-01-14:12 AM",20.0822
"2018-01-15:12 AM",20.534
"2018-01-16:12 AM",27.7457
"2018-01-17:12 AM",24.5503
"2018-01-18:12 AM",22.2381
"2018-01-19:12 AM",33.0782
"2018-01-20:12 AM",36.5184
"2018-01-21:12 AM",42.4373
"2018-01-22:12 AM",53.1347
"2018-01-23:12 AM",53.2189
"2018-01-24:12 AM",37.0265
"2018-01-25:12 AM",31.316
"2018-01-26:12 AM",32.9607
"2018-01-27:12 AM",44.6621
"2018-01-28:12 AM",50.7493
"2018-01-29:12 AM",40.4919
"2018-01-30:12 AM",29.6546
"2018-01-31:12 AM",27.4784
"2018-02-01:12 AM",41.6899
"2018-02-02:12 AM",27.7155
"2018-02-03:12 AM",24.1565
"2018-02-04:12 AM",31.7381
"2018-02-05:12 AM",27.9666
"2018-02-06:12 AM",32.9445
"2018-02-07:12 AM",34.2541
"2018-02-08:12 AM",27.0509
"2018-02-09:12 AM",33.3927
"2018-02-10:12 AM",39.3543
"2018-02-11:12 AM",59.6448
"2018-02-12:12 AM",43.9475
"2018-02-13:12 AM",33.7802
"2018-02-14:12 AM",40.1819
"2018-02-15:12 AM",57.9384
"2018-02-16:12 AM",57.294
"2018-02-17:12 AM",34.3386
"2018-02-18:12 AM",37.171
"2018-02-19:12 AM",42.0809
"2018-02-20:12 AM",59.1562
"2018-02-21:12 AM",67.6674
"2018-02-22:12 AM",52.9043
"2018-02-23:12 AM",42.1394
"2018-02-24:12 AM",47.9957
"2018-02-25:12 AM",49.6485
"2018-02-26:12 AM",45.711
"2018-02-27:12 AM",42.7901
"2018-02-28:12 AM",47.3864
"2018-03-01:12 AM",50.684
"2018-03-02:12 AM",39.5051
"2018-03-03:12 AM",36.3164
"2018-03-04:12 AM",37.2384
"2018-03-05:12 AM",33.6556
"2018-03-06:12 AM",36.482
"2018-03-07:12 AM",37.3271
"2018-03-08:12 AM",33.9921
"2018-03-09:12 AM",32.7511
"2018-03-10:12 AM",33.3216
"2018-03-11:12 AM",35.3404
"2018-03-12:12 AM",34.2099
"2018-03-13:12 AM",33.8211
"2018-03-14:12 AM",31.6094
"2018-03-15:12 AM",35.5163
"2018-03-16:12 AM",33.5696
"2018-03-17:12 AM",33.6906
"2018-03-18:12 AM",38.0606
"2018-03-19:12 AM",43.4435
"2018-03-20:12 AM",35.3309
"2018-03-21:12 AM",32.1494
"2018-03-22:12 AM",33.5349
"2018-03-23:12 AM",34.2716
"2018-03-24:12 AM",37.5485
"2018-03-25:12 AM",35.7445
"2018-03-26:12 AM",35.9834
"2018-03-27:12 AM",35.8597
"2018-03-28:12 AM",46.9864
"2018-03-29:12 AM",54.9801
"2018-03-30:12 AM",59.7704
"2018-03-31:12 AM",44.6076
"2018-04-01:12 AM",52.8274
"2018-04-02:12 AM",44.0627
"2018-04-03:12 AM",45.4014
"2018-04-04:12 AM",54.4352
"2018-04-05:12 AM",38.5736
"2018-04-06:12 AM",51.5052
"2018-04-07:12 AM",41.661
"2018-04-08:12 AM",37.522
"2018-04-09:12 AM",40.1495
"2018-04-10:12 AM",41.9086
"2018-04-11:12 AM",44.0902
"2018-04-12:12 AM",56.0269
"2018-04-13:12 AM",67.5586
"2018-04-14:12 AM",71.0267
"2018-04-15:12 AM",58.573
"2018-04-16:12 AM",52.1222
"2018-04-17:12 AM",40.5477
"2018-04-18:12 AM",45.4347
"2018-04-19:12 AM",45.6359
"2018-04-20:12 AM",42.863
"2018-04-21:12 AM",47.6978
"2018-04-22:12 AM",52.3022
"2018-04-23:12 AM",54.9509
"2018-04-24:12 AM",52.7256
"2018-04-25:12 AM",57.0056
"2018-04-26:12 AM",55.116
"2018-04-27:12 AM",55.1732
"2018-04-28:12 AM",58.8861
"2018-04-29:12 AM",45.2426
"2018-04-30:12 AM",50.0495
"2018-05-01:12 AM",61.1438
"2018-05-02:12 AM",69.9463
"2018-05-03:12 AM",75.3597
"2018-05-04:12 AM",75.8291
"2018-05-05:12 AM",65.0664
"2018-05-06:12 AM",62.6306
"2018-05-07:12 AM",59.5895
"2018-05-08:12 AM",60.6889
"2018-05-09:12 AM",60.4157
"2018-05-10:12 AM",68.6466
"2018-05-11:12 AM",69.3514
"2018-05-12:12 AM",74.2037
"2018-05-13:12 AM",65.7725
"2018-05-14:12 AM",67.7197
"2018-05-15:12 AM",74.8963
"2018-05-16:12 AM",69.6988
"2018-05-17:12 AM",67.7912
"2018-05-18:12 AM",61.2437
"2018-05-19:12 AM",61.8197
"2018-05-20:12 AM",73.0706
"2018-05-21:12 AM",69.6051
"2018-05-22:12 AM",69.3707
"2018-05-23:12 AM",69.4049
"2018-05-24:12 AM",67.519
"2018-05-25:12 AM",71.9236
"2018-05-26:12 AM",76.1333
"2018-05-27:12 AM",76.0213
"2018-05-28:12 AM",64.2511
"2018-05-29:12 AM",73.224
"2018-05-30:12 AM",70.7517
"2018-05-31:12 AM",72.9257
"2018-06-01:12 AM",77.0558
"2018-06-02:12 AM",74.1646
"2018-06-03:12 AM",63.6067
"2018-06-04:12 AM",61.974
"2018-06-05:12 AM",67.2629
"2018-06-06:12 AM",64.8662
"2018-06-07:12 AM",65.6956
"2018-06-08:12 AM",71.4339
"2018-06-09:12 AM",75.1123
"2018-06-10:12 AM",71.798
"2018-06-11:12 AM",61.7499
"2018-06-12:12 AM",64.1003
"2018-06-13:12 AM",72.9099
"2018-06-14:12 AM",73.2501
"2018-06-15:12 AM",70.2923
"2018-06-16:12 AM",70.3553
"2018-06-17:12 AM",75.992
"2018-06-18:12 AM",78.9872
"2018-06-19:12 AM",79.7747
"2018-06-20:12 AM",76.4416
"2018-06-21:12 AM",74.7671
"2018-06-22:12 AM",67.6692
"2018-06-23:12 AM",71.6477
"2018-06-24:12 AM",77.437
"2018-06-25:12 AM",72.707
"2018-06-26:12 AM",69.3424
"2018-06-27:12 AM",72.4671
"2018-06-28:12 AM",78.1408
"2018-06-29:12 AM",78.7847
"2018-06-30:12 AM",78.5916
"2018-07-01:12 AM",79.9543
"2018-07-02:12 AM",82.4076
"2018-07-03:12 AM",84.573
"2018-07-04:12 AM",81.919
"2018-07-05:12 AM",80.7503
"2018-07-06:12 AM",76.9447
"2018-07-07:12 AM",69.6605
"2018-07-08:12 AM",66.9299
"2018-07-09:12 AM",68.6187
"2018-07-10:12 AM",76.4389
"2018-07-11:12 AM",79.6334
"2018-07-12:12 AM",76.1265
"2018-07-13:12 AM",73.773
"2018-07-14:12 AM",74.1519
"2018-07-15:12 AM",77.5549
"2018-07-16:12 AM",81.9824
"2018-07-17:12 AM",80.2216
"2018-07-18:12 AM",75.2072
"2018-07-19:12 AM",72.7488
"2018-07-20:12 AM",75.5001
"2018-07-21:12 AM",68.4999
"2018-07-22:12 AM",70.4714
"2018-07-23:12 AM",76.0199
"2018-07-24:12 AM",75.0137
"2018-07-25:12 AM",74.8877
"2018-07-26:12 AM",76.1275
"2018-07-27:12 AM",78.264
"2018-07-28:12 AM",74.471
"2018-07-29:12 AM",73.6736
"2018-07-30:12 AM",71.1284
"2018-07-31:12 AM",74.286
"2018-08-01:12 AM",77.0756
"2018-08-02:12 AM",77.0004
"2018-08-03:12 AM",74.5349
"2018-08-04:12 AM",76.5333
"2018-08-05:12 AM",78.3302
"2018-08-06:12 AM",80.5591
"2018-08-07:12 AM",80.2256
"2018-08-08:12 AM",79.8557
"2018-08-09:12 AM",78.0742
"2018-08-10:12 AM",79.3666
"2018-08-11:12 AM",77.8487
"2018-08-12:12 AM",76.2431
"2018-08-13:12 AM",73.6083
"2018-08-14:12 AM",73.2214
"2018-08-15:12 AM",77.4086
"2018-08-16:12 AM",79.2001
"2018-08-17:12 AM",81.1881
"2018-08-18:12 AM",77.6745
"2018-08-19:12 AM",72.6539
"2018-08-20:12 AM",70.943
"2018-08-21:12 AM",74.5578
"2018-08-22:12 AM",75.2355
"2018-08-23:12 AM",66.9142
"2018-08-24:12 AM",68.909
"2018-08-25:12 AM",68.9131
"2018-08-26:12 AM",72.8942
"2018-08-27:12 AM",79.7554
"2018-08-28:12 AM",82.3946
"2018-08-29:12 AM",82.0692
"2018-08-30:12 AM",81.2737
"2018-08-31:12 AM",77.3429
"2018-09-01:12 AM",76.1598
"2018-09-02:12 AM",78.0161
"2018-09-03:12 AM",79.7765
"2018-09-04:12 AM",80.8381
"2018-09-05:12 AM",79.6437
"2018-09-06:12 AM",81.041
"2018-09-07:12 AM",78.7964
"2018-09-08:12 AM",69.1385
"2018-09-09:12 AM",62.7201
"2018-09-10:12 AM",70.0092
"2018-09-11:12 AM",70.6573
"2018-09-12:12 AM",73.3235
"2018-09-13:12 AM",73.1966
"2018-09-14:12 AM",72.9954
"2018-09-15:12 AM",73.067
"2018-09-16:12 AM",70.5168
"2018-09-17:12 AM",72.5445
"2018-09-18:12 AM",74.1421
"2018-09-19:12 AM",73.5089
"2018-09-20:12 AM",72.0001
"2018-09-21:12 AM",70.4354
"2018-09-22:12 AM",70.295
"2018-09-23:12 AM",59.468
"2018-09-24:12 AM",62.703
"2018-09-25:12 AM",72.2934
"2018-09-26:12 AM",74.8512
"2018-09-27:12 AM",62.991
"2018-09-28:12 AM",61.3143
"2018-09-29:12 AM",63.9522
"2018-09-30:12 AM",63.2881
"2018-10-01:12 AM",68.6313
"2018-10-02:12 AM",70.6905
"2018-10-03:12 AM",72.6445
"2018-10-04:12 AM",74.0674
"2018-10-05:12 AM",64.4833
"2018-10-06:12 AM",67.6432
"2018-10-07:12 AM",72.4897
"2018-10-08:12 AM",73.1741
"2018-10-09:12 AM",71.8714
"2018-10-10:12 AM",73.2402
"2018-10-11:12 AM",76.0226
"2018-10-12:12 AM",55.7276
"2018-10-13:12 AM",51.1948
"2018-10-14:12 AM",51.8063
"2018-10-15:12 AM",64.1696
"2018-10-16:12 AM",55.7019
"2018-10-17:12 AM",54.5662
"2018-10-18:12 AM",46.8522
"2018-10-19:12 AM",48.9979
"2018-10-20:12 AM",56.5515
"2018-10-21:12 AM",44.8763
"2018-10-22:12 AM",42.7185
"2018-10-23:12 AM",51.8153
"2018-10-24:12 AM",46.3712
"2018-10-25:12 AM",42.8031
"2018-10-26:12 AM",44.2378
"2018-10-27:12 AM",48.1114
"2018-10-28:12 AM",50.8676
"2018-10-29:12 AM",48.7764
"2018-10-30:12 AM",46.9099
"2018-10-31:12 AM",54.6301
"2018-11-01:12 AM",63.4217
"2018-11-02:12 AM",68.2921
"2018-11-03:12 AM",49.5401
"2018-11-04:12 AM",45.5126
"2018-11-05:12 AM",52.6051
"2018-11-06:12 AM",58.3812
"2018-11-07:12 AM",55.3082
"2018-11-08:12 AM",51.2892
"2018-11-09:12 AM",47.7311
"2018-11-10:12 AM",38.5083
"2018-11-11:12 AM",34.7189
"2018-11-12:12 AM",38.2258
"2018-11-13:12 AM",42.7915
"2018-11-14:12 AM",37.4117
"2018-11-15:12 AM",34.3099
"2018-11-16:12 AM",36.7812
"2018-11-17:12 AM",38.5664
"2018-11-18:12 AM",41.1732
"2018-11-19:12 AM",46.9503
"2018-11-20:12 AM",46.3757
"2018-11-21:12 AM",38.0264
"2018-11-22:12 AM",28.8284
"2018-11-23:12 AM",27.4761
"2018-11-24:12 AM",37.2627
"2018-11-25:12 AM",45.3398
"2018-11-26:12 AM",46.1426
"2018-11-27:12 AM",34.7954
"2018-11-28:12 AM",30.2927
"2018-11-29:12 AM",30.6338
"2018-11-30:12 AM",36.3398
"2018-12-01:12 AM",37.7501
"2018-12-02:12 AM",49.5171
"2018-12-03:12 AM",51.4463
"2018-12-04:12 AM",37.0616
"2018-12-05:12 AM",31.829
"2018-12-06:12 AM",33.9184
"2018-12-07:12 AM",33.5296
"2018-12-08:12 AM",30.641
"2018-12-09:12 AM",30.4371
"2018-12-10:12 AM",30.6909
"2018-12-11:12 AM",30.3786
"2018-12-12:12 AM",34.6109
"2018-12-13:12 AM",37.8073
"2018-12-14:12 AM",40.0843
"2018-12-15:12 AM",48.8525
"2018-12-16:12 AM",45.2251
"2018-12-17:12 AM",41.9769
"2018-12-18:12 AM",35.1495
"2018-12-19:12 AM",36.0424
"2018-12-20:12 AM",37.6385
"2018-12-21:12 AM",58.536
"2018-12-22:12 AM",40.9163
"2018-12-23:12 AM",37.62
"2018-12-24:12 AM",38.2235
"2018-12-25:12 AM",33.6159
"2018-12-26:12 AM",34.4169
"2018-12-27:12 AM",36.8892
"2018-12-28:12 AM",51.1704
"2018-12-29:12 AM",46.2902
"2018-12-30:12 AM",40.978
"2018-12-31:12 AM",42.7019
"2019-01-01:12 AM",53.2009
"2019-01-02:12 AM",42.4292
"2019-01-03:12 AM",42.895
"2019-01-04:12 AM",41.7691
"2019-01-05:12 AM",45.4226
"2019-01-06:12 AM",43.677
"2019-01-07:12 AM",33.7136
"2019-01-08:12 AM",44.8376
"2019-01-09:12 AM",39.2468
"2019-01-10:12 AM",28.8019
"2019-01-11:12 AM",27.9662
"2019-01-12:12 AM",30.4331
"2019-01-13:12 AM",27.4694
"2019-01-14:12 AM",25.5191
"2019-01-15:12 AM",26.6387
"2019-01-16:12 AM",27.2237
"2019-01-17:12 AM",29.2006
"2019-01-18:12 AM",32.5684
"2019-01-19:12 AM",35.7773
"2019-01-20:12 AM",36.2597
"2019-01-21:12 AM",13.6791
"2019-01-22:12 AM",20.8719
"2019-01-23:12 AM",37.9013
"2019-01-24:12 AM",47.7243
"2019-01-25:12 AM",31.0451
"2019-01-26:12 AM",29.8328
"2019-01-27:12 AM",34.7211
"2019-01-28:12 AM",29.3072
"2019-01-29:12 AM",32.1562
"2019-01-30:12 AM",20.6479
"2019-01-31:12 AM",14.1084
"2019-02-01:12 AM",19.1489
"2019-02-02:12 AM",23.1859
"2019-02-03:12 AM",34.3886
"2019-02-04:12 AM",37.7352
"2019-02-05:12 AM",49.5235
"2019-02-06:12 AM",50.5107
"2019-02-07:12 AM",45.4014
"2019-02-08:12 AM",44.8214
"2019-02-09:12 AM",28.319
"2019-02-10:12 AM",29.9273
"2019-02-11:12 AM",32.3438
"2019-02-12:12 AM",34.7648
"2019-02-13:12 AM",35.9213
"2019-02-14:12 AM",38.1587
"2019-02-15:12 AM",51.5147
"2019-02-16:12 AM",37.1552
"2019-02-17:12 AM",33.1471
"2019-02-18:12 AM",37.7947
"2019-02-19:12 AM",31.2584
"2019-02-20:12 AM",30.5321
"2019-02-21:12 AM",35.3066
"2019-02-22:12 AM",39.5429
"2019-02-23:12 AM",37.9958
"2019-02-24:12 AM",40.4335
"2019-02-25:12 AM",35.0785
"2019-02-26:12 AM",35.8997
"2019-02-27:12 AM",33.4836
"2019-02-28:12 AM",36.5958
"2019-03-01:12 AM",33.0674
"2019-03-02:12 AM",34.9934
"2019-03-03:12 AM",36.1832
"2019-03-04:12 AM",31.5365
"2019-03-05:12 AM",29.566
"2019-03-06:12 AM",23.7326
"2019-03-07:12 AM",28.2466
"2019-03-08:12 AM",32.3325
"2019-03-09:12 AM",34.8305
"2019-03-10:12 AM",46.215
"2019-03-11:12 AM",49.0109
"2019-03-12:12 AM",39.1761
"2019-03-13:12 AM",41.5103
"2019-03-14:12 AM",54.4982
"2019-03-15:12 AM",63.7151