"DateTime","(deg F) Mean Temperature (CFSR) at Delaware, 2010-01-01 to 2019-03-14"
"2010-01-01:12 AM",36.0468
"2010-01-02:12 AM",26.7742
"2010-01-03:12 AM",22.8357
"2010-01-04:12 AM",27.6359
"2010-01-05:12 AM",29.1409
"2010-01-06:12 AM",31.4152
"2010-01-07:12 AM",31.2694
"2010-01-08:12 AM",29.4044
"2010-01-09:12 AM",25.5357
"2010-01-10:12 AM",22.3747
"2010-01-11:12 AM",26.2531
"2010-01-12:12 AM",29.4436
"2010-01-13:12 AM",30.0477
"2010-01-14:12 AM",33.447
"2010-01-15:12 AM",38.6427
"2010-01-16:12 AM",38.7597
"2010-01-17:12 AM",42.6294
"2010-01-18:12 AM",41.6736
"2010-01-19:12 AM",42.2499
"2010-01-20:12 AM",37.702
"2010-01-21:12 AM",34.6386
"2010-01-22:12 AM",37.4641
"2010-01-23:12 AM",34.2698
"2010-01-24:12 AM",43.5049
"2010-01-25:12 AM",53.5903
"2010-01-26:12 AM",40.1302
"2010-01-27:12 AM",33.4909
"2010-01-28:12 AM",35.7085
"2010-01-29:12 AM",22.5819
"2010-01-30:12 AM",20.1189
"2010-01-31:12 AM",22.3428
"2010-02-01:12 AM",28.3095
"2010-02-02:12 AM",32.5488
"2010-02-03:12 AM",33.6162
"2010-02-04:12 AM",32.347
"2010-02-05:12 AM",33.8668
"2010-02-06:12 AM",29.9552
"2010-02-07:12 AM",24.2281
"2010-02-08:12 AM",26.9715
"2010-02-09:12 AM",31.0849
"2010-02-10:12 AM",29.6856
"2010-02-11:12 AM",30.7917
"2010-02-12:12 AM",29.7491
"2010-02-13:12 AM",29.824
"2010-02-14:12 AM",30.8536
"2010-02-15:12 AM",33.5075
"2010-02-16:12 AM",30.4097
"2010-02-17:12 AM",30.9972
"2010-02-18:12 AM",35.0038
"2010-02-19:12 AM",35.5078
"2010-02-20:12 AM",35.6304
"2010-02-21:12 AM",35.85
"2010-02-22:12 AM",36.9802
"2010-02-23:12 AM",39.8116
"2010-02-24:12 AM",37.7528
"2010-02-25:12 AM",35.4409
"2010-02-26:12 AM",29.6213
"2010-02-27:12 AM",34.1314
"2010-02-28:12 AM",35.4578
"2010-03-01:12 AM",37.8822
"2010-03-02:12 AM",38.0021
"2010-03-03:12 AM",36.7682
"2010-03-04:12 AM",36.558
"2010-03-05:12 AM",37.5523
"2010-03-06:12 AM",36.23
"2010-03-07:12 AM",40.1254
"2010-03-08:12 AM",42.3439
"2010-03-09:12 AM",44.8502
"2010-03-10:12 AM",46.27
"2010-03-11:12 AM",49.5597
"2010-03-12:12 AM",48.7287
"2010-03-13:12 AM",50.6763
"2010-03-14:12 AM",48.3262
"2010-03-15:12 AM",42.1221
"2010-03-16:12 AM",45.676
"2010-03-17:12 AM",47.5896
"2010-03-18:12 AM",49.6333
"2010-03-19:12 AM",52.4818
"2010-03-20:12 AM",54.1787
"2010-03-21:12 AM",55.7449
"2010-03-22:12 AM",56.1508
"2010-03-23:12 AM",49.0215
"2010-03-24:12 AM",49.0019
"2010-03-25:12 AM",53.1721
"2010-03-26:12 AM",47.1342
"2010-03-27:12 AM",37.6286
"2010-03-28:12 AM",43.7225
"2010-03-29:12 AM",52.416
"2010-03-30:12 AM",43.839
"2010-03-31:12 AM",47.6379
"2010-04-01:12 AM",53.5392
"2010-04-02:12 AM",52.7817
"2010-04-03:12 AM",51.7707
"2010-04-04:12 AM",56.9428
"2010-04-05:12 AM",59.3006
"2010-04-06:12 AM",67.4974
"2010-04-07:12 AM",70.648
"2010-04-08:12 AM",68.3083
"2010-04-09:12 AM",51.1842
"2010-04-10:12 AM",47.0572
"2010-04-11:12 AM",55.7188
"2010-04-12:12 AM",55.5579
"2010-04-13:12 AM",48.1384
"2010-04-14:12 AM",48.2855
"2010-04-15:12 AM",54.0948
"2010-04-16:12 AM",65.0158
"2010-04-17:12 AM",55.4144
"2010-04-18:12 AM",46.866
"2010-04-19:12 AM",52.077
"2010-04-20:12 AM",55.1154
"2010-04-21:12 AM",54.1168
"2010-04-22:12 AM",56.2339
"2010-04-23:12 AM",56.669
"2010-04-24:12 AM",51.5086
"2010-04-25:12 AM",57.4615
"2010-04-26:12 AM",54.7196
"2010-04-27:12 AM",52.8872
"2010-04-28:12 AM",48.2292
"2010-04-29:12 AM",53.4936
"2010-04-30:12 AM",62.1977
"2010-05-01:12 AM",70.6222
"2010-05-02:12 AM",75.3098
"2010-05-03:12 AM",72.8814
"2010-05-04:12 AM",69.4236
"2010-05-05:12 AM",66.139
"2010-05-06:12 AM",70.0896
"2010-05-07:12 AM",63.0349
"2010-05-08:12 AM",67.2157
"2010-05-09:12 AM",52.6149
"2010-05-10:12 AM",49.5176
"2010-05-11:12 AM",51.429
"2010-05-12:12 AM",60.4812
"2010-05-13:12 AM",54.5859
"2010-05-14:12 AM",66.4788
"2010-05-15:12 AM",65.8258
"2010-05-16:12 AM",61.2453
"2010-05-17:12 AM",56.0754
"2010-05-18:12 AM",53.0438
"2010-05-19:12 AM",58.0096
"2010-05-20:12 AM",62.908
"2010-05-21:12 AM",68.7294
"2010-05-22:12 AM",65.548
"2010-05-23:12 AM",64.6497
"2010-05-24:12 AM",65.6811
"2010-05-25:12 AM",66.4014
"2010-05-26:12 AM",70.0704
"2010-05-27:12 AM",72.7704
"2010-05-28:12 AM",64.9366
"2010-05-29:12 AM",68.0612
"2010-05-30:12 AM",71.5982
"2010-05-31:12 AM",76.1049
"2010-06-01:12 AM",75.6381
"2010-06-02:12 AM",74.862
"2010-06-03:12 AM",76.2064
"2010-06-04:12 AM",76.9051
"2010-06-05:12 AM",79.4442
"2010-06-06:12 AM",78.6562
"2010-06-07:12 AM",66.5802
"2010-06-08:12 AM",66.078
"2010-06-09:12 AM",65.9678
"2010-06-10:12 AM",74.6544
"2010-06-11:12 AM",71.6293
"2010-06-12:12 AM",73.6047
"2010-06-13:12 AM",78.807
"2010-06-14:12 AM",77.0819
"2010-06-15:12 AM",74.667
"2010-06-16:12 AM",73.6925
"2010-06-17:12 AM",75.6738
"2010-06-18:12 AM",70.9614
"2010-06-19:12 AM",75.3899
"2010-06-20:12 AM",80.9056
"2010-06-21:12 AM",78.7192
"2010-06-22:12 AM",80.433
"2010-06-23:12 AM",81.9358
"2010-06-24:12 AM",84.7549
"2010-06-25:12 AM",80.0159
"2010-06-26:12 AM",78.8063
"2010-06-27:12 AM",83.8778
"2010-06-28:12 AM",87.2955
"2010-06-29:12 AM",82.5292
"2010-06-30:12 AM",73.5062
"2010-07-01:12 AM",70.5067
"2010-07-02:12 AM",69.8425
"2010-07-03:12 AM",73.6212
"2010-07-04:12 AM",77.9214
"2010-07-05:12 AM",82.1984
"2010-07-06:12 AM",86.8867
"2010-07-07:12 AM",87.2508
"2010-07-08:12 AM",79.3292
"2010-07-09:12 AM",79.3108
"2010-07-10:12 AM",74.0489
"2010-07-11:12 AM",77.0835
"2010-07-12:12 AM",78.6146
"2010-07-13:12 AM",79.7851
"2010-07-14:12 AM",77.7832
"2010-07-15:12 AM",79.6764
"2010-07-16:12 AM",83.2278
"2010-07-17:12 AM",82.9587
"2010-07-18:12 AM",83.7527
"2010-07-19:12 AM",83.6785
"2010-07-20:12 AM",82.5499
"2010-07-21:12 AM",82.7069
"2010-07-22:12 AM",82.2812
"2010-07-23:12 AM",84.6986
"2010-07-24:12 AM",89.3482
"2010-07-25:12 AM",88.8235
"2010-07-26:12 AM",77.1073
"2010-07-27:12 AM",78.0577
"2010-07-28:12 AM",81.7588
"2010-07-29:12 AM",83.5108
"2010-07-30:12 AM",75.0063
"2010-07-31:12 AM",74.6065
"2010-08-01:12 AM",75.9753
"2010-08-02:12 AM",74.851
"2010-08-03:12 AM",78.9012
"2010-08-04:12 AM",82.0899
"2010-08-05:12 AM",84.1566
"2010-08-06:12 AM",81.4872
"2010-08-07:12 AM",77.981
"2010-08-08:12 AM",78.9039
"2010-08-09:12 AM",80.8752
"2010-08-10:12 AM",84.1649
"2010-08-11:12 AM",84.8066
"2010-08-12:12 AM",78.8245
"2010-08-13:12 AM",77.1382
"2010-08-14:12 AM",73.7944
"2010-08-15:12 AM",75.1055
"2010-08-16:12 AM",81.7133
"2010-08-17:12 AM",80.9776
"2010-08-18:12 AM",73.764
"2010-08-19:12 AM",75.7121
"2010-08-20:12 AM",79.1647
"2010-08-21:12 AM",78.433
"2010-08-22:12 AM",78.1146
"2010-08-23:12 AM",73.8097
"2010-08-24:12 AM",69.2917
"2010-08-25:12 AM",70.9075
"2010-08-26:12 AM",75.7733
"2010-08-27:12 AM",70.4091
"2010-08-28:12 AM",70.0167
"2010-08-29:12 AM",74.8866
"2010-08-30:12 AM",78.7881
"2010-08-31:12 AM",81.0403
"2010-09-01:12 AM",82.3833
"2010-09-02:12 AM",81.0466
"2010-09-03:12 AM",78.5928
"2010-09-04:12 AM",75.7899
"2010-09-05:12 AM",66.3395
"2010-09-06:12 AM",70.2027
"2010-09-07:12 AM",76.833
"2010-09-08:12 AM",81.4095
"2010-09-09:12 AM",68.373
"2010-09-10:12 AM",67.8331
"2010-09-11:12 AM",68.8942
"2010-09-12:12 AM",64.4655
"2010-09-13:12 AM",67.7959
"2010-09-14:12 AM",70.495
"2010-09-15:12 AM",69.0769
"2010-09-16:12 AM",73.3759
"2010-09-17:12 AM",73.7794
"2010-09-18:12 AM",65.3626
"2010-09-19:12 AM",67.9804
"2010-09-20:12 AM",68.5999
"2010-09-21:12 AM",66.0423
"2010-09-22:12 AM",76.8322
"2010-09-23:12 AM",77.3368
"2010-09-24:12 AM",80.7226
"2010-09-25:12 AM",80.0893
"2010-09-26:12 AM",68.4185
"2010-09-27:12 AM",73.0247
"2010-09-28:12 AM",75.1035
"2010-09-29:12 AM",67.6103
"2010-09-30:12 AM",75.3755
"2010-10-01:12 AM",65.4868
"2010-10-02:12 AM",58.2575
"2010-10-03:12 AM",57.5476
"2010-10-04:12 AM",53.4945
"2010-10-05:12 AM",54.3445
"2010-10-06:12 AM",55.1566
"2010-10-07:12 AM",60.1997
"2010-10-08:12 AM",62.0542
"2010-10-09:12 AM",64.4263
"2010-10-10:12 AM",62.1491
"2010-10-11:12 AM",70.1843
"2010-10-12:12 AM",68.9461
"2010-10-13:12 AM",58.005
"2010-10-14:12 AM",55.3824
"2010-10-15:12 AM",55.2367
"2010-10-16:12 AM",54.8942
"2010-10-17:12 AM",58.9595
"2010-10-18:12 AM",57.5285
"2010-10-19:12 AM",56.0678
"2010-10-20:12 AM",53.0848
"2010-10-21:12 AM",56.6184
"2010-10-22:12 AM",52.0358
"2010-10-23:12 AM",55.328
"2010-10-24:12 AM",63.2001
"2010-10-25:12 AM",66.9128
"2010-10-26:12 AM",68.1098
"2010-10-27:12 AM",73.2186
"2010-10-28:12 AM",69.3349
"2010-10-29:12 AM",52.2226
"2010-10-30:12 AM",50.1928
"2010-10-31:12 AM",55.2742
"2010-11-01:12 AM",45.6764
"2010-11-02:12 AM",42.4692
"2010-11-03:12 AM",46.3581
"2010-11-04:12 AM",52.8674
"2010-11-05:12 AM",48.7164
"2010-11-06:12 AM",46.7755
"2010-11-07:12 AM",42.6328
"2010-11-08:12 AM",47.0169
"2010-11-09:12 AM",49.0944
"2010-11-10:12 AM",51.0546
"2010-11-11:12 AM",48.9308
"2010-11-12:12 AM",48.8062
"2010-11-13:12 AM",49.7521
"2010-11-14:12 AM",48.0753
"2010-11-15:12 AM",50.0099
"2010-11-16:12 AM",55.2616
"2010-11-17:12 AM",56.6386
"2010-11-18:12 AM",49.2215
"2010-11-19:12 AM",44.0893
"2010-11-20:12 AM",48.9024
"2010-11-21:12 AM",48.2995
"2010-11-22:12 AM",54.8922
"2010-11-23:12 AM",59.5123
"2010-11-24:12 AM",43.9176
"2010-11-25:12 AM",45.8148
"2010-11-26:12 AM",52.0322
"2010-11-27:12 AM",38.2293
"2010-11-28:12 AM",37.2195
"2010-11-29:12 AM",39.2905
"2010-11-30:12 AM",55.5949
"2010-12-01:12 AM",52.9491
"2010-12-02:12 AM",36.6274
"2010-12-03:12 AM",35.3196
"2010-12-04:12 AM",34.8548
"2010-12-05:12 AM",33.0903
"2010-12-06:12 AM",31.6018
"2010-12-07:12 AM",30.2895
"2010-12-08:12 AM",29.1241
"2010-12-09:12 AM",28.5624
"2010-12-10:12 AM",31.3682
"2010-12-11:12 AM",36.2779
"2010-12-12:12 AM",50.5585
"2010-12-13:12 AM",31.1749
"2010-12-14:12 AM",23.0509
"2010-12-15:12 AM",25.7466
"2010-12-16:12 AM",25.0158
"2010-12-17:12 AM",28.3897
"2010-12-18:12 AM",30.322
"2010-12-19:12 AM",31.3178
"2010-12-20:12 AM",29.9093
"2010-12-21:12 AM",31.357
"2010-12-22:12 AM",32.4426
"2010-12-23:12 AM",30.8592
"2010-12-24:12 AM",30.578
"2010-12-25:12 AM",30.3501
"2010-12-26:12 AM",27.8481
"2010-12-27:12 AM",25.0336
"2010-12-28:12 AM",30.8147
"2010-12-29:12 AM",32.2864
"2010-12-30:12 AM",33.2348
"2010-12-31:12 AM",37.4774
"2011-01-01:12 AM",43.4782
"2011-01-02:12 AM",46.7825
"2011-01-03:12 AM",30.7643
"2011-01-04:12 AM",33.5363
"2011-01-05:12 AM",32.6514
"2011-01-06:12 AM",29.6105
"2011-01-07:12 AM",30.9731
"2011-01-08:12 AM",27.4977
"2011-01-09:12 AM",24.8527
"2011-01-10:12 AM",24.847
"2011-01-11:12 AM",27.5949
"2011-01-12:12 AM",26.8081
"2011-01-13:12 AM",22.5477
"2011-01-14:12 AM",23.5942
"2011-01-15:12 AM",27.837
"2011-01-16:12 AM",30.1455
"2011-01-17:12 AM",27.7047
"2011-01-18:12 AM",36.2912
"2011-01-19:12 AM",35.6329
"2011-01-20:12 AM",32.3362
"2011-01-21:12 AM",28.7818
"2011-01-22:12 AM",19.9049
"2011-01-23:12 AM",20.975
"2011-01-24:12 AM",20.7694
"2011-01-25:12 AM",32.6415
"2011-01-26:12 AM",35.0413
"2011-01-27:12 AM",30.9457
"2011-01-28:12 AM",30.8579
"2011-01-29:12 AM",30.207
"2011-01-30:12 AM",31.444
"2011-01-31:12 AM",26.5132
"2011-02-01:12 AM",33.6556
"2011-02-02:12 AM",41.4297
"2011-02-03:12 AM",27.628
"2011-02-04:12 AM",31.0537
"2011-02-05:12 AM",36.5821
"2011-02-06:12 AM",34.5461
"2011-02-07:12 AM",37.1088
"2011-02-08:12 AM",34.1949
"2011-02-09:12 AM",25.6464
"2011-02-10:12 AM",25.4647
"2011-02-11:12 AM",26.724
"2011-02-12:12 AM",32.7652
"2011-02-13:12 AM",36.8742
"2011-02-14:12 AM",45.6332
"2011-02-15:12 AM",32.1433
"2011-02-16:12 AM",37.5177
"2011-02-17:12 AM",48.3379
"2011-02-18:12 AM",58.4568
"2011-02-19:12 AM",41.9567
"2011-02-20:12 AM",33.1844
"2011-02-21:12 AM",39.5829
"2011-02-22:12 AM",26.1655
"2011-02-23:12 AM",24.5874
"2011-02-24:12 AM",36.3564
"2011-02-25:12 AM",48.6669
"2011-02-26:12 AM",36.8584
"2011-02-27:12 AM",43.387
"2011-02-28:12 AM",54.5538
"2011-03-01:12 AM",37.11
"2011-03-02:12 AM",40.0935
"2011-03-03:12 AM",29.4629
"2011-03-04:12 AM",35.2485
"2011-03-05:12 AM",47.9304
"2011-03-06:12 AM",53.577
"2011-03-07:12 AM",38.2485
"2011-03-08:12 AM",36.8145
"2011-03-09:12 AM",41.1966
"2011-03-10:12 AM",52.9322
"2011-03-11:12 AM",46.9688
"2011-03-12:12 AM",43.9898
"2011-03-13:12 AM",47.7147
"2011-03-14:12 AM",40.8835
"2011-03-15:12 AM",40.905
"2011-03-16:12 AM",48.6091
"2011-03-17:12 AM",49.2642
"2011-03-18:12 AM",58.4485
"2011-03-19:12 AM",50.8606
"2011-03-20:12 AM",40.3326
"2011-03-21:12 AM",51.5086
"2011-03-22:12 AM",50.3604
"2011-03-23:12 AM",43.9615
"2011-03-24:12 AM",39.3103
"2011-03-25:12 AM",35.004
"2011-03-26:12 AM",34.7245
"2011-03-27:12 AM",34.671
"2011-03-28:12 AM",34.0997
"2011-03-29:12 AM",36.9999
"2011-03-30:12 AM",41.0459
"2011-03-31:12 AM",40.6346
"2011-04-01:12 AM",40.3563
"2011-04-02:12 AM",42.1948
"2011-04-03:12 AM",44.8421
"2011-04-04:12 AM",58.017
"2011-04-05:12 AM",54.5709
"2011-04-06:12 AM",45.4307
"2011-04-07:12 AM",50.6728
"2011-04-08:12 AM",44.8504
"2011-04-09:12 AM",45.921
"2011-04-10:12 AM",51.8182
"2011-04-11:12 AM",64.5715
"2011-04-12:12 AM",59.7634
"2011-04-13:12 AM",52.6523
"2011-04-14:12 AM",53.4807
"2011-04-15:12 AM",50.8822
"2011-04-16:12 AM",54.2577
"2011-04-17:12 AM",53.1352
"2011-04-18:12 AM",56.8733
"2011-04-19:12 AM",61.7621
"2011-04-20:12 AM",67.8274
"2011-04-21:12 AM",53.3413
"2011-04-22:12 AM",45.1969
"2011-04-23:12 AM",57.7409
"2011-04-24:12 AM",68.6368
"2011-04-25:12 AM",70.4327
"2011-04-26:12 AM",69.9892
"2011-04-27:12 AM",69.0571
"2011-04-28:12 AM",67.9507
"2011-04-29:12 AM",59.7087
"2011-04-30:12 AM",53.0481
"2011-05-01:12 AM",55.6995
"2011-05-02:12 AM",60.2951
"2011-05-03:12 AM",68.0733
"2011-05-04:12 AM",52.6775
"2011-05-05:12 AM",52.7164
"2011-05-06:12 AM",57.677
"2011-05-07:12 AM",58.9032
"2011-05-08:12 AM",58.647
"2011-05-09:12 AM",58.4665
"2011-05-10:12 AM",59.3892
"2011-05-11:12 AM",57.4351
"2011-05-12:12 AM",60.0517
"2011-05-13:12 AM",58.2314
"2011-05-14:12 AM",59.6595
"2011-05-15:12 AM",66.7436
"2011-05-16:12 AM",66.301
"2011-05-17:12 AM",64.5609
"2011-05-18:12 AM",64.6326
"2011-05-19:12 AM",63.6987
"2011-05-20:12 AM",61.673
"2011-05-21:12 AM",64.6759
"2011-05-22:12 AM",65.4624
"2011-05-23:12 AM",67.7876
"2011-05-24:12 AM",74.3353
"2011-05-25:12 AM",72.8089
"2011-05-26:12 AM",75.2068
"2011-05-27:12 AM",75.9643
"2011-05-28:12 AM",73.479
"2011-05-29:12 AM",74.9037
"2011-05-30:12 AM",78.2442
"2011-05-31:12 AM",77.466
"2011-06-01:12 AM",78.9202
"2011-06-02:12 AM",72.5322
"2011-06-03:12 AM",65.4327
"2011-06-04:12 AM",66.1037
"2011-06-05:12 AM",69.2359
"2011-06-06:12 AM",69.0582
"2011-06-07:12 AM",74.1384
"2011-06-08:12 AM",79.3528
"2011-06-09:12 AM",84.7062
"2011-06-10:12 AM",78.7494
"2011-06-11:12 AM",76.6899
"2011-06-12:12 AM",76.1472
"2011-06-13:12 AM",69.242
"2011-06-14:12 AM",66.7756
"2011-06-15:12 AM",66.9817
"2011-06-16:12 AM",71.5487
"2011-06-17:12 AM",74.3986
"2011-06-18:12 AM",75.9562
"2011-06-19:12 AM",71.1754
"2011-06-20:12 AM",69.8043
"2011-06-21:12 AM",72.8283
"2011-06-22:12 AM",79.1029
"2011-06-23:12 AM",79.6314
"2011-06-24:12 AM",77.761
"2011-06-25:12 AM",76.1632
"2011-06-26:12 AM",74.8783
"2011-06-27:12 AM",74.9597
"2011-06-28:12 AM",78.055
"2011-06-29:12 AM",77.0227
"2011-06-30:12 AM",73.396
"2011-07-01:12 AM",73.0053
"2011-07-02:12 AM",75.7315
"2011-07-03:12 AM",79.8708
"2011-07-04:12 AM",78.0481
"2011-07-05:12 AM",78.8162
"2011-07-06:12 AM",77.7133
"2011-07-07:12 AM",80.9398
"2011-07-08:12 AM",78.3777
"2011-07-09:12 AM",76.4373
"2011-07-10:12 AM",77.6338
"2011-07-11:12 AM",81.6809
"2011-07-12:12 AM",84.3237
"2011-07-13:12 AM",81.7687
"2011-07-14:12 AM",73.6137
"2011-07-15:12 AM",72.6609
"2011-07-16:12 AM",75.1348
"2011-07-17:12 AM",77.3501
"2011-07-18:12 AM",80.9976
"2011-07-19:12 AM",81.7358
"2011-07-20:12 AM",79.7918
"2011-07-21:12 AM",84.6183
"2011-07-22:12 AM",90.4687
"2011-07-23:12 AM",91.2789
"2011-07-24:12 AM",87.67
"2011-07-25:12 AM",79.617
"2011-07-26:12 AM",81.1312
"2011-07-27:12 AM",80.3394
"2011-07-28:12 AM",79.5033
"2011-07-29:12 AM",86.0088
"2011-07-30:12 AM",84.1926
"2011-07-31:12 AM",79.7398
"2011-08-01:12 AM",82.3577
"2011-08-02:12 AM",80.42
"2011-08-03:12 AM",80.7103
"2011-08-04:12 AM",74.9071
"2011-08-05:12 AM",76.4519
"2011-08-06:12 AM",79.1109
"2011-08-07:12 AM",81.6802
"2011-08-08:12 AM",81.2005
"2011-08-09:12 AM",80.8115
"2011-08-10:12 AM",79.8922
"2011-08-11:12 AM",76.1922
"2011-08-12:12 AM",72.5194
"2011-08-13:12 AM",74.8472
"2011-08-14:12 AM",72.4183
"2011-08-15:12 AM",73.9548
"2011-08-16:12 AM",71.2184
"2011-08-17:12 AM",75.6239
"2011-08-18:12 AM",78.1
"2011-08-19:12 AM",77.9749
"2011-08-20:12 AM",74.6379
"2011-08-21:12 AM",77.9281
"2011-08-22:12 AM",71.5878
"2011-08-23:12 AM",70.5864
"2011-08-24:12 AM",73.3649
"2011-08-25:12 AM",79.2282
"2011-08-26:12 AM",77.9538
"2011-08-27:12 AM",74.7703
"2011-08-28:12 AM",71.3266
"2011-08-29:12 AM",66.1098
"2011-08-30:12 AM",67.1369
"2011-08-31:12 AM",66.6289
"2011-09-01:12 AM",67.3203
"2011-09-02:12 AM",69.1992
"2011-09-03:12 AM",69.692
"2011-09-04:12 AM",75.5607
"2011-09-05:12 AM",76.0505
"2011-09-06:12 AM",68.2041
"2011-09-07:12 AM",76.1529
"2011-09-08:12 AM",75.7002
"2011-09-09:12 AM",72.3042
"2011-09-10:12 AM",71.7602
"2011-09-11:12 AM",70.8397
"2011-09-12:12 AM",70.6861
"2011-09-13:12 AM",71.7989
"2011-09-14:12 AM",74.478
"2011-09-15:12 AM",69.5507
"2011-09-16:12 AM",55.4452
"2011-09-17:12 AM",57.5208
"2011-09-18:12 AM",60.9193
"2011-09-19:12 AM",60.9699
"2011-09-20:12 AM",66.7404
"2011-09-21:12 AM",68.0425
"2011-09-22:12 AM",71.7976
"2011-09-23:12 AM",70.4592
"2011-09-24:12 AM",69.8292
"2011-09-25:12 AM",69.5323
"2011-09-26:12 AM",71.5829
"2011-09-27:12 AM",71.9658
"2011-09-28:12 AM",73.2209
"2011-09-29:12 AM",70.5133
"2011-09-30:12 AM",66.6075
"2011-10-01:12 AM",55.9675
"2011-10-02:12 AM",49.2631
"2011-10-03:12 AM",49.579
"2011-10-04:12 AM",53.8666
"2011-10-05:12 AM",60.6015
"2011-10-06:12 AM",56.1898
"2011-10-07:12 AM",55.555
"2011-10-08:12 AM",57.565
"2011-10-09:12 AM",62.0614
"2011-10-10:12 AM",65.2789
"2011-10-11:12 AM",64.4994
"2011-10-12:12 AM",66.3598
"2011-10-13:12 AM",67.4994
"2011-10-14:12 AM",64.9216
"2011-10-15:12 AM",59.4426
"2011-10-16:12 AM",59.4815
"2011-10-17:12 AM",62.7078
"2011-10-18:12 AM",61.0106
"2011-10-19:12 AM",67.2283
"2011-10-20:12 AM",59.1454
"2011-10-21:12 AM",52.5769
"2011-10-22:12 AM",50.5634
"2011-10-23:12 AM",50.9533
"2011-10-24:12 AM",54.12
"2011-10-25:12 AM",53.9067
"2011-10-26:12 AM",58.3948
"2011-10-27:12 AM",60.1232
"2011-10-28:12 AM",44.8723
"2011-10-29:12 AM",41.1451
"2011-10-30:12 AM",39.4043
"2011-10-31:12 AM",43.5738
"2011-11-01:12 AM",50.6329
"2011-11-02:12 AM",46.4625
"2011-11-03:12 AM",49.7388
"2011-11-04:12 AM",47.7295
"2011-11-05:12 AM",43.3441
"2011-11-06:12 AM",45.1112
"2011-11-07:12 AM",46.8298
"2011-11-08:12 AM",49.7615
"2011-11-09:12 AM",51.8468
"2011-11-10:12 AM",52.0887
"2011-11-11:12 AM",42.7248
"2011-11-12:12 AM",46.1844
"2011-11-13:12 AM",52.8931
"2011-11-14:12 AM",59.8078
"2011-11-15:12 AM",63.509
"2011-11-16:12 AM",59.3424
"2011-11-17:12 AM",45.747
"2011-11-18:12 AM",36.6577
"2011-11-19:12 AM",43.3152
"2011-11-20:12 AM",56.4924
"2011-11-21:12 AM",56.361
"2011-11-22:12 AM",55.6974
"2011-11-23:12 AM",56.5612
"2011-11-24:12 AM",44.443
"2011-11-25:12 AM",48.7526
"2011-11-26:12 AM",50.4028
"2011-11-27:12 AM",54.943
"2011-11-28:12 AM",60.1633
"2011-11-29:12 AM",59.4007
"2011-11-30:12 AM",45.1166
"2011-12-01:12 AM",40.7487
"2011-12-02:12 AM",42.2967
"2011-12-03:12 AM",40.5471
"2011-12-04:12 AM",45.8744
"2011-12-05:12 AM",54.2167
"2011-12-06:12 AM",60.5176
"2011-12-07:12 AM",60.1786
"2011-12-08:12 AM",38.3639
"2011-12-09:12 AM",41.6435
"2011-12-10:12 AM",40.4683
"2011-12-11:12 AM",33.5905
"2011-12-12:12 AM",35.8986
"2011-12-13:12 AM",37.0769
"2011-12-14:12 AM",40.7896
"2011-12-15:12 AM",51.0375
"2011-12-16:12 AM",48.1316
"2011-12-17:12 AM",38.176
"2011-12-18:12 AM",32.5911
"2011-12-19:12 AM",38.7808
"2011-12-20:12 AM",47.1729
"2011-12-21:12 AM",54.0264
"2011-12-22:12 AM",54.6233
"2011-12-23:12 AM",50.5738
"2011-12-24:12 AM",38.5727
"2011-12-25:12 AM",38.8926
"2011-12-26:12 AM",39.101
"2011-12-27:12 AM",46.1311
"2011-12-28:12 AM",39.1816
"2011-12-29:12 AM",34.8489
"2011-12-30:12 AM",43.0423
"2011-12-31:12 AM",50.4781
"2012-01-01:12 AM",46.5265
"2012-01-02:12 AM",37.792
"2012-01-03:12 AM",28.3161
"2012-01-04:12 AM",24.7127
"2012-01-05:12 AM",34.2743
"2012-01-06:12 AM",42.3477
"2012-01-07:12 AM",48.4983
"2012-01-08:12 AM",42.2521
"2012-01-09:12 AM",35.9263
"2012-01-10:12 AM",38.3837
"2012-01-11:12 AM",42.0676
"2012-01-12:12 AM",52.0761
"2012-01-13:12 AM",37.8887
"2012-01-14:12 AM",30.5879
"2012-01-15:12 AM",26.7993
"2012-01-16:12 AM",29.8215
"2012-01-17:12 AM",46.4623
"2012-01-18:12 AM",40.6137
"2012-01-19:12 AM",32.2504
"2012-01-20:12 AM",32.412
"2012-01-21:12 AM",32.3418
"2012-01-22:12 AM",31.4852
"2012-01-23:12 AM",43.4714
"2012-01-24:12 AM",46.9614
"2012-01-25:12 AM",39.3193
"2012-01-26:12 AM",44.5426
"2012-01-27:12 AM",53.8417
"2012-01-28:12 AM",40.7332
"2012-01-29:12 AM",36.9149
"2012-01-30:12 AM",35.6302
"2012-01-31:12 AM",46.3059
"2012-02-01:12 AM",53.3437
"2012-02-02:12 AM",47.4057
"2012-02-03:12 AM",37.103
"2012-02-04:12 AM",37.6317
"2012-02-05:12 AM",37.2027
"2012-02-06:12 AM",37.0675
"2012-02-07:12 AM",40.4744
"2012-02-08:12 AM",38.0473
"2012-02-09:12 AM",34.9734
"2012-02-10:12 AM",38.1783
"2012-02-11:12 AM",36.559
"2012-02-12:12 AM",25.4037
"2012-02-13:12 AM",29.8859
"2012-02-14:12 AM",39.045
"2012-02-15:12 AM",42.6204
"2012-02-16:12 AM",41.0895
"2012-02-17:12 AM",44.2542
"2012-02-18:12 AM",40.9775
"2012-02-19:12 AM",38.5936
"2012-02-20:12 AM",37.0499
"2012-02-21:12 AM",39.2283
"2012-02-22:12 AM",48.4579
"2012-02-23:12 AM",52.588
"2012-02-24:12 AM",54.2656
"2012-02-25:12 AM",37.9337
"2012-02-26:12 AM",35.2375
"2012-02-27:12 AM",43.4329
"2012-02-28:12 AM",42.271
"2012-02-29:12 AM",45.3412
"2012-03-01:12 AM",53.6468
"2012-03-02:12 AM",44.0271
"2012-03-03:12 AM",51.5329
"2012-03-04:12 AM",40.5268
"2012-03-05:12 AM",34.833
"2012-03-06:12 AM",33.6895
"2012-03-07:12 AM",46.0771
"2012-03-08:12 AM",57.3067
"2012-03-09:12 AM",48.8815
"2012-03-10:12 AM",34.3533
"2012-03-11:12 AM",41.2545
"2012-03-12:12 AM",49.8812
"2012-03-13:12 AM",60.9539
"2012-03-14:12 AM",60.7779
"2012-03-15:12 AM",57.5476
"2012-03-16:12 AM",53.2285
"2012-03-17:12 AM",52.9387
"2012-03-18:12 AM",52.0531
"2012-03-19:12 AM",56.4967
"2012-03-20:12 AM",57.5074
"2012-03-21:12 AM",59.3773
"2012-03-22:12 AM",59.8491
"2012-03-23:12 AM",63.4291
"2012-03-24:12 AM",56.7441
"2012-03-25:12 AM",52.88
"2012-03-26:12 AM",48.578
"2012-03-27:12 AM",38.2766
"2012-03-28:12 AM",53.8311
"2012-03-29:12 AM",52.7594
"2012-03-30:12 AM",45.8775
"2012-03-31:12 AM",47.9849
"2012-04-01:12 AM",47.5385
"2012-04-02:12 AM",47.4033
"2012-04-03:12 AM",49.0334
"2012-04-04:12 AM",58.5824
"2012-04-05:12 AM",50.0464
"2012-04-06:12 AM",46.5859
"2012-04-07:12 AM",47.4163
"2012-04-08:12 AM",52.7792
"2012-04-09:12 AM",53.2081
"2012-04-10:12 AM",52.0891
"2012-04-11:12 AM",45.6591
"2012-04-12:12 AM",47.9073
"2012-04-13:12 AM",50.6017
"2012-04-14:12 AM",56.9784
"2012-04-15:12 AM",66.0778
"2012-04-16:12 AM",71.0613
"2012-04-17:12 AM",66.6001
"2012-04-18:12 AM",54.8127
"2012-04-19:12 AM",54.8911
"2012-04-20:12 AM",56.9455
"2012-04-21:12 AM",64.4365
"2012-04-22:12 AM",49.6837
"2012-04-23:12 AM",44.3997
"2012-04-24:12 AM",49.6945
"2012-04-25:12 AM",52.3481
"2012-04-26:12 AM",56.8008
"2012-04-27:12 AM",52.3999
"2012-04-28:12 AM",50.2041
"2012-04-29:12 AM",51.1576
"2012-04-30:12 AM",53.9785
"2012-05-01:12 AM",65.6474
"2012-05-02:12 AM",60.3817
"2012-05-03:12 AM",58.8344
"2012-05-04:12 AM",65.6011
"2012-05-05:12 AM",65.3914
"2012-05-06:12 AM",58.2503
"2012-05-07:12 AM",56.2352
"2012-05-08:12 AM",62.6601
"2012-05-09:12 AM",65.8764
"2012-05-10:12 AM",58.5995
"2012-05-11:12 AM",57.3723
"2012-05-12:12 AM",61.7749
"2012-05-13:12 AM",66.1269
"2012-05-14:12 AM",66.2036
"2012-05-15:12 AM",67.4433
"2012-05-16:12 AM",69.6099
"2012-05-17:12 AM",62.8621
"2012-05-18:12 AM",59.4297
"2012-05-19:12 AM",61.3303
"2012-05-20:12 AM",63.343
"2012-05-21:12 AM",66.7161
"2012-05-22:12 AM",67.932
"2012-05-23:12 AM",67.6677
"2012-05-24:12 AM",68.6599
"2012-05-25:12 AM",71.551
"2012-05-26:12 AM",72.6438
"2012-05-27:12 AM",72.7457
"2012-05-28:12 AM",76.8245
"2012-05-29:12 AM",78.6108
"2012-05-30:12 AM",70.6825
"2012-05-31:12 AM",70.804
"2012-06-01:12 AM",70.2457
"2012-06-02:12 AM",66.0573
"2012-06-03:12 AM",65.9304
"2012-06-04:12 AM",65.0041
"2012-06-05:12 AM",59.7889
"2012-06-06:12 AM",62.3277
"2012-06-07:12 AM",66.6496
"2012-06-08:12 AM",68.9954
"2012-06-09:12 AM",73.9945
"2012-06-10:12 AM",77.5769
"2012-06-11:12 AM",74.4692
"2012-06-12:12 AM",70.2009
"2012-06-13:12 AM",70.1677
"2012-06-14:12 AM",67.9492
"2012-06-15:12 AM",66.7249
"2012-06-16:12 AM",65.7795
"2012-06-17:12 AM",61.972
"2012-06-18:12 AM",61.9893
"2012-06-19:12 AM",72.4075
"2012-06-20:12 AM",80.1181
"2012-06-21:12 AM",83.295
"2012-06-22:12 AM",83.1153
"2012-06-23:12 AM",75.92
"2012-06-24:12 AM",76.6107
"2012-06-25:12 AM",75.2747
"2012-06-26:12 AM",68.043
"2012-06-27:12 AM",70.9819
"2012-06-28:12 AM",77.9792
"2012-06-29:12 AM",85.1769
"2012-06-30:12 AM",84.0886
"2012-07-01:12 AM",84.9177
"2012-07-02:12 AM",81.6832
"2012-07-03:12 AM",81.3562
"2012-07-04:12 AM",84.6946
"2012-07-05:12 AM",88.4493
"2012-07-06:12 AM",84.103
"2012-07-07:12 AM",88.1406
"2012-07-08:12 AM",85.2226
"2012-07-09:12 AM",77.2475
"2012-07-10:12 AM",76.5156
"2012-07-11:12 AM",76.077
"2012-07-12:12 AM",75.2896
"2012-07-13:12 AM",75.3724
"2012-07-14:12 AM",76.0087
"2012-07-15:12 AM",83.3499
"2012-07-16:12 AM",83.0001
"2012-07-17:12 AM",85.7419
"2012-07-18:12 AM",88.3746
"2012-07-19:12 AM",82.3266
"2012-07-20:12 AM",74.741
"2012-07-21:12 AM",70.3881
"2012-07-22:12 AM",74.381
"2012-07-23:12 AM",79.9576
"2012-07-24:12 AM",85.6328
"2012-07-25:12 AM",78.4733
"2012-07-26:12 AM",84.7562
"2012-07-27:12 AM",86.3854
"2012-07-28:12 AM",83.6103
"2012-07-29:12 AM",77.1357
"2012-07-30:12 AM",76.4289
"2012-07-31:12 AM",77.1489
"2012-08-01:12 AM",75.4556
"2012-08-02:12 AM",77.8579
"2012-08-03:12 AM",82.8405
"2012-08-04:12 AM",82.1097
"2012-08-05:12 AM",85.1394
"2012-08-06:12 AM",81.4284
"2012-08-07:12 AM",79.6469
"2012-08-08:12 AM",79.8957
"2012-08-09:12 AM",81.1058
"2012-08-10:12 AM",78.4798
"2012-08-11:12 AM",79.0065
"2012-08-12:12 AM",75.9447
"2012-08-13:12 AM",74.8058
"2012-08-14:12 AM",76.5111
"2012-08-15:12 AM",77.9997
"2012-08-16:12 AM",74.4287
"2012-08-17:12 AM",79.6174
"2012-08-18:12 AM",74.9635
"2012-08-19:12 AM",71.4472
"2012-08-20:12 AM",70.4194
"2012-08-21:12 AM",73.4463
"2012-08-22:12 AM",73.7006
"2012-08-23:12 AM",73.746
"2012-08-24:12 AM",73.1944
"2012-08-25:12 AM",75.1149
"2012-08-26:12 AM",73.9584
"2012-08-27:12 AM",76.066
"2012-08-28:12 AM",79.2712
"2012-08-29:12 AM",74.3538
"2012-08-30:12 AM",74.0746
"2012-08-31:12 AM",79.3767
"2012-09-01:12 AM",82.3698
"2012-09-02:12 AM",78.3363
"2012-09-03:12 AM",75.9605
"2012-09-04:12 AM",77.9016
"2012-09-05:12 AM",77.8255
"2012-09-06:12 AM",74.3484
"2012-09-07:12 AM",75.2569
"2012-09-08:12 AM",76.2298
"2012-09-09:12 AM",67.296
"2012-09-10:12 AM",65.6686
"2012-09-11:12 AM",62.8149
"2012-09-12:12 AM",64.3888
"2012-09-13:12 AM",65.6175
"2012-09-14:12 AM",68.4219
"2012-09-15:12 AM",67.345
"2012-09-16:12 AM",63.867
"2012-09-17:12 AM",65.6866
"2012-09-18:12 AM",72.5261
"2012-09-19:12 AM",63.8247
"2012-09-20:12 AM",61.4817
"2012-09-21:12 AM",63.5041
"2012-09-22:12 AM",71.2954
"2012-09-23:12 AM",62.9213
"2012-09-24:12 AM",56.6407
"2012-09-25:12 AM",62.4756
"2012-09-26:12 AM",72.4681
"2012-09-27:12 AM",72.4636
"2012-09-28:12 AM",72.0583
"2012-09-29:12 AM",61.1937
"2012-09-30:12 AM",60.8241
"2012-10-01:12 AM",59.6032
"2012-10-02:12 AM",69.1702
"2012-10-03:12 AM",75.1379
"2012-10-04:12 AM",73.2328
"2012-10-05:12 AM",68.9373
"2012-10-06:12 AM",68.6428
"2012-10-07:12 AM",52.4851
"2012-10-08:12 AM",49.8652
"2012-10-09:12 AM",56.0847
"2012-10-10:12 AM",59.4154
"2012-10-11:12 AM",52.3398
"2012-10-12:12 AM",53.1189
"2012-10-13:12 AM",48.5548
"2012-10-14:12 AM",61.3049
"2012-10-15:12 AM",66.9686
"2012-10-16:12 AM",55.1583
"2012-10-17:12 AM",53.3764
"2012-10-18:12 AM",60.3887
"2012-10-19:12 AM",68.1517
"2012-10-20:12 AM",60.4447
"2012-10-21:12 AM",55.5114
"2012-10-22:12 AM",55.92
"2012-10-23:12 AM",62.7289
"2012-10-24:12 AM",65.3387
"2012-10-25:12 AM",62.8173
"2012-10-26:12 AM",64.3572
"2012-10-27:12 AM",62.3068
"2012-10-28:12 AM",57.1354
"2012-10-29:12 AM",52.2599
"2012-10-30:12 AM",42.6987
"2012-10-31:12 AM",45.7763
"2012-11-01:12 AM",45.7984
"2012-11-02:12 AM",45.1177
"2012-11-03:12 AM",43.7403
"2012-11-04:12 AM",41.6395
"2012-11-05:12 AM",39.6684
"2012-11-06:12 AM",38.7363
"2012-11-07:12 AM",38.5128
"2012-11-08:12 AM",38.9507
"2012-11-09:12 AM",42.006
"2012-11-10:12 AM",47.595
"2012-11-11:12 AM",53.4853
"2012-11-12:12 AM",57.7036
"2012-11-13:12 AM",49.1358
"2012-11-14:12 AM",39.4529
"2012-11-15:12 AM",42.2737
"2012-11-16:12 AM",42.1207
"2012-11-17:12 AM",42.8959
"2012-11-18:12 AM",45.9703
"2012-11-19:12 AM",47.6109
"2012-11-20:12 AM",47.2332
"2012-11-21:12 AM",45.7837
"2012-11-22:12 AM",45.0059
"2012-11-23:12 AM",44.3885
"2012-11-24:12 AM",38.6523
"2012-11-25:12 AM",34.7581
"2012-11-26:12 AM",38.9955
"2012-11-27:12 AM",42.1981
"2012-11-28:12 AM",35.9091
"2012-11-29:12 AM",37.3122
"2012-11-30:12 AM",40.6099
"2012-12-01:12 AM",43.7016
"2012-12-02:12 AM",44.9109
"2012-12-03:12 AM",54.4179
"2012-12-04:12 AM",54.5648
"2012-12-05:12 AM",52.0642
"2012-12-06:12 AM",34.9689
"2012-12-07:12 AM",41.2696
"2012-12-08:12 AM",49.6099
"2012-12-09:12 AM",48.641
"2012-12-10:12 AM",57.6741
"2012-12-11:12 AM",49.3259
"2012-12-12:12 AM",41.0952
"2012-12-13:12 AM",40.1176
"2012-12-14:12 AM",37.8086
"2012-12-15:12 AM",40.6751
"2012-12-16:12 AM",48.733
"2012-12-17:12 AM",49.9185
"2012-12-18:12 AM",50.9623
"2012-12-19:12 AM",43.5783
"2012-12-20:12 AM",42.375
"2012-12-21:12 AM",43.1911
"2012-12-22:12 AM",35.2908
"2012-12-23:12 AM",35.3268
"2012-12-24:12 AM",38.048
"2012-12-25:12 AM",38.6634
"2012-12-26:12 AM",41.6037
"2012-12-27:12 AM",37.6356
"2012-12-28:12 AM",34.3252
"2012-12-29:12 AM",35.7229
"2012-12-30:12 AM",32.7573
"2012-12-31:12 AM",34.302
"2013-01-01:12 AM",38.7234
"2013-01-02:12 AM",32.2655
"2013-01-03:12 AM",31.0761
"2013-01-04:12 AM",33.1821
"2013-01-05:12 AM",32.1859
"2013-01-06:12 AM",38.887
"2013-01-07:12 AM",38.3418
"2013-01-08:12 AM",39.2481
"2013-01-09:12 AM",44.9762
"2013-01-10:12 AM",42.1432
"2013-01-11:12 AM",42.5813
"2013-01-12:12 AM",45.7727
"2013-01-13:12 AM",47.8472
"2013-01-14:12 AM",53.8479
"2013-01-15:12 AM",40.8855
"2013-01-16:12 AM",38.71
"2013-01-17:12 AM",39.1809
"2013-01-18:12 AM",31.3909
"2013-01-19:12 AM",37.2601
"2013-01-20:12 AM",41.2774
"2013-01-21:12 AM",34.8085
"2013-01-22:12 AM",22.3133
"2013-01-23:12 AM",18.4307
"2013-01-24:12 AM",20.8161
"2013-01-25:12 AM",20.2906
"2013-01-26:12 AM",22.2003
"2013-01-27:12 AM",24.2249
"2013-01-28:12 AM",33.7962
"2013-01-29:12 AM",44.7188
"2013-01-30:12 AM",56.9498
"2013-01-31:12 AM",45.7635
"2013-02-01:12 AM",27.8811
"2013-02-02:12 AM",22.4933
"2013-02-03:12 AM",28.4205
"2013-02-04:12 AM",26.5784
"2013-02-05:12 AM",35.0931
"2013-02-06:12 AM",34.1749
"2013-02-07:12 AM",33.6065
"2013-02-08:12 AM",38.7437
"2013-02-09:12 AM",28.56
"2013-02-10:12 AM",30.0396
"2013-02-11:12 AM",46.2798
"2013-02-12:12 AM",42.1849
"2013-02-13:12 AM",38.8929
"2013-02-14:12 AM",36.1215
"2013-02-15:12 AM",40.703
"2013-02-16:12 AM",35.5998
"2013-02-17:12 AM",28.5645
"2013-02-18:12 AM",27.2205
"2013-02-19:12 AM",38.9201
"2013-02-20:12 AM",30.5427
"2013-02-21:12 AM",28.5417
"2013-02-22:12 AM",33.0575
"2013-02-23:12 AM",39.4932
"2013-02-24:12 AM",39.5875
"2013-02-25:12 AM",33.9481
"2013-02-26:12 AM",38.5866
"2013-02-27:12 AM",48.582
"2013-02-28:12 AM",41.9477
"2013-03-01:12 AM",37.7587
"2013-03-02:12 AM",34.4777
"2013-03-03:12 AM",32.1325
"2013-03-04:12 AM",31.8846
"2013-03-05:12 AM",33.8983
"2013-03-06:12 AM",37.4545
"2013-03-07:12 AM",37.9809
"2013-03-08:12 AM",35.3975
"2013-03-09:12 AM",39.5458
"2013-03-10:12 AM",41.0743
"2013-03-11:12 AM",46.2654
"2013-03-12:12 AM",51.8473
"2013-03-13:12 AM",39.8559
"2013-03-14:12 AM",34.3843
"2013-03-15:12 AM",38.295
"2013-03-16:12 AM",40.3792
"2013-03-17:12 AM",35.6904
"2013-03-18:12 AM",38.8537
"2013-03-19:12 AM",42.6286
"2013-03-20:12 AM",39.1469
"2013-03-21:12 AM",32.7576
"2013-03-22:12 AM",32.7927
"2013-03-23:12 AM",36.3772
"2013-03-24:12 AM",35.4321
"2013-03-25:12 AM",34.9178
"2013-03-26:12 AM",37.7996
"2013-03-27:12 AM",39.477
"2013-03-28:12 AM",39.9816
"2013-03-29:12 AM",42.0327
"2013-03-30:12 AM",45.6148
"2013-03-31:12 AM",47.5133
"2013-04-01:12 AM",49.0213
"2013-04-02:12 AM",38.9181
"2013-04-03:12 AM",38.2377
"2013-04-04:12 AM",37.6056
"2013-04-05:12 AM",44.5149
"2013-04-06:12 AM",41.6282
"2013-04-07:12 AM",47.6083
"2013-04-08:12 AM",59.4428
"2013-04-09:12 AM",67.2638
"2013-04-10:12 AM",69.9571
"2013-04-11:12 AM",66.2952
"2013-04-12:12 AM",59.1352
"2013-04-13:12 AM",51.8083
"2013-04-14:12 AM",51.7816
"2013-04-15:12 AM",52.6734
"2013-04-16:12 AM",56.9372
"2013-04-17:12 AM",59.7558
"2013-04-18:12 AM",58.9008
"2013-04-19:12 AM",65.1819
"2013-04-20:12 AM",50.0657
"2013-04-21:12 AM",43.3571
"2013-04-22:12 AM",44.9424
"2013-04-23:12 AM",47.0788
"2013-04-24:12 AM",53.821
"2013-04-25:12 AM",50.7715
"2013-04-26:12 AM",51.6583
"2013-04-27:12 AM",52.8012
"2013-04-28:12 AM",54.2874
"2013-04-29:12 AM",53.6815
"2013-04-30:12 AM",53.1648
"2013-05-01:12 AM",53.3732
"2013-05-02:12 AM",52.047
"2013-05-03:12 AM",50.7738
"2013-05-04:12 AM",50.4786
"2013-05-05:12 AM",47.6856
"2013-05-06:12 AM",53.0492
"2013-05-07:12 AM",56.5813
"2013-05-08:12 AM",60.1826
"2013-05-09:12 AM",61.5479
"2013-05-10:12 AM",66.8493
"2013-05-11:12 AM",68.0171
"2013-05-12:12 AM",58.7826
"2013-05-13:12 AM",50.1177
"2013-05-14:12 AM",48.9175
"2013-05-15:12 AM",62.9341
"2013-05-16:12 AM",73.1957
"2013-05-17:12 AM",66.4176
"2013-05-18:12 AM",59.7664
"2013-05-19:12 AM",64.4203
"2013-05-20:12 AM",68.5186
"2013-05-21:12 AM",71.9274
"2013-05-22:12 AM",72.8125
"2013-05-23:12 AM",70.948
"2013-05-24:12 AM",57.7274
"2013-05-25:12 AM",52.959
"2013-05-26:12 AM",55.3116
"2013-05-27:12 AM",60.0089
"2013-05-28:12 AM",65.9363
"2013-05-29:12 AM",74.4985
"2013-05-30:12 AM",76.0689
"2013-05-31:12 AM",75.3375
"2013-06-01:12 AM",76.6081
"2013-06-02:12 AM",76.2505
"2013-06-03:12 AM",70.0284
"2013-06-04:12 AM",64.7474
"2013-06-05:12 AM",63.5409
"2013-06-06:12 AM",64.407
"2013-06-07:12 AM",68.6529
"2013-06-08:12 AM",67.4901
"2013-06-09:12 AM",69.9298
"2013-06-10:12 AM",70.5663
"2013-06-11:12 AM",72.5463
"2013-06-12:12 AM",73.0508
"2013-06-13:12 AM",75.1681
"2013-06-14:12 AM",64.4112
"2013-06-15:12 AM",68.5989
"2013-06-16:12 AM",71.9595
"2013-06-17:12 AM",73.7737
"2013-06-18:12 AM",71.7528
"2013-06-19:12 AM",65.8216
"2013-06-20:12 AM",64.5035
"2013-06-21:12 AM",65.3452
"2013-06-22:12 AM",68.1663
"2013-06-23:12 AM",72.225
"2013-06-24:12 AM",77.6637
"2013-06-25:12 AM",78.4416
"2013-06-26:12 AM",79.2435
"2013-06-27:12 AM",76.2512
"2013-06-28:12 AM",77.05
"2013-06-29:12 AM",75.2938
"2013-06-30:12 AM",75.7526
"2013-07-01:12 AM",75.7022
"2013-07-02:12 AM",75.6565
"2013-07-03:12 AM",76.384
"2013-07-04:12 AM",77.8984
"2013-07-05:12 AM",78.3968
"2013-07-06:12 AM",81.1558
"2013-07-07:12 AM",80.4061
"2013-07-08:12 AM",77.5621
"2013-07-09:12 AM",77.7954
"2013-07-10:12 AM",78.9793
"2013-07-11:12 AM",78.3678
"2013-07-12:12 AM",71.0017
"2013-07-13:12 AM",74.6442
"2013-07-14:12 AM",77.5155
"2013-07-15:12 AM",78.6153
"2013-07-16:12 AM",80.7042
"2013-07-17:12 AM",79.9738
"2013-07-18:12 AM",82.2702
"2013-07-19:12 AM",83.3733
"2013-07-20:12 AM",83.0278
"2013-07-21:12 AM",79.9887
"2013-07-22:12 AM",78.1945
"2013-07-23:12 AM",77.3996
"2013-07-24:12 AM",76.0104
"2013-07-25:12 AM",66.8984
"2013-07-26:12 AM",70.8717
"2013-07-27:12 AM",72.6901
"2013-07-28:12 AM",74.4471
"2013-07-29:12 AM",72.2736
"2013-07-30:12 AM",69.669
"2013-07-31:12 AM",71.5242
"2013-08-01:12 AM",70.5753
"2013-08-02:12 AM",73.7506
"2013-08-03:12 AM",73.0625
"2013-08-04:12 AM",69.5874
"2013-08-05:12 AM",68.7137
"2013-08-06:12 AM",67.6146
"2013-08-07:12 AM",70.8145
"2013-08-08:12 AM",75.9623
"2013-08-09:12 AM",79.0615
"2013-08-10:12 AM",75.1798
"2013-08-11:12 AM",73.2866
"2013-08-12:12 AM",75.6045
"2013-08-13:12 AM",74.7361
"2013-08-14:12 AM",66.9394
"2013-08-15:12 AM",64.0274
"2013-08-16:12 AM",65.8596
"2013-08-17:12 AM",68.2425
"2013-08-18:12 AM",66.4101
"2013-08-19:12 AM",67.852
"2013-08-20:12 AM",72.7893
"2013-08-21:12 AM",75.457
"2013-08-22:12 AM",75.8941
"2013-08-23:12 AM",73.0141
"2013-08-24:12 AM",69.4674
"2013-08-25:12 AM",67.581
"2013-08-26:12 AM",70.4867
"2013-08-27:12 AM",75.9821
"2013-08-28:12 AM",74.4028
"2013-08-29:12 AM",73.7258
"2013-08-30:12 AM",72.237
"2013-08-31:12 AM",77.038
"2013-09-01:12 AM",78.8059
"2013-09-02:12 AM",75.7798
"2013-09-03:12 AM",75.6543
"2013-09-04:12 AM",69.276
"2013-09-05:12 AM",72.0289
"2013-09-06:12 AM",63.57
"2013-09-07:12 AM",64.8631
"2013-09-08:12 AM",72.8623
"2013-09-09:12 AM",67.5259
"2013-09-10:12 AM",76.6159
"2013-09-11:12 AM",79.6834
"2013-09-12:12 AM",79.1618
"2013-09-13:12 AM",70.3596
"2013-09-14:12 AM",59.8105
"2013-09-15:12 AM",60.0913
"2013-09-16:12 AM",65.3068
"2013-09-17:12 AM",56.9953
"2013-09-18:12 AM",56.8272
"2013-09-19:12 AM",60.2074
"2013-09-20:12 AM",63.6818
"2013-09-21:12 AM",66.5947
"2013-09-22:12 AM",64.819
"2013-09-23:12 AM",56.1501
"2013-09-24:12 AM",55.0342
"2013-09-25:12 AM",59.347
"2013-09-26:12 AM",61.1958
"2013-09-27:12 AM",63.4302
"2013-09-28:12 AM",62.938
"2013-09-29:12 AM",61.925
"2013-09-30:12 AM",60.3248
"2013-10-01:12 AM",65.6586
"2013-10-02:12 AM",70.5169
"2013-10-03:12 AM",72.1229
"2013-10-04:12 AM",72.8926
"2013-10-05:12 AM",75.0733
"2013-10-06:12 AM",74.0644
"2013-10-07:12 AM",71.3493
"2013-10-08:12 AM",59.9229
"2013-10-09:12 AM",60.9019
"2013-10-10:12 AM",60.8774
"2013-10-11:12 AM",66.085
"2013-10-12:12 AM",64.3971
"2013-10-13:12 AM",62.3347
"2013-10-14:12 AM",59.3865
"2013-10-15:12 AM",59.6604
"2013-10-16:12 AM",62.1297
"2013-10-17:12 AM",64.9508
"2013-10-18:12 AM",58.4053
"2013-10-19:12 AM",57.0924
"2013-10-20:12 AM",51.4924
"2013-10-21:12 AM",52.5497
"2013-10-22:12 AM",58.226
"2013-10-23:12 AM",51.5233
"2013-10-24:12 AM",44.9269
"2013-10-25:12 AM",44.3629
"2013-10-26:12 AM",45.5738
"2013-10-27:12 AM",50.7398
"2013-10-28:12 AM",51.1632
"2013-10-29:12 AM",54.4627
"2013-10-30:12 AM",54.7146
"2013-10-31:12 AM",63.5425
"2013-11-01:12 AM",67.7156
"2013-11-02:12 AM",61.0214
"2013-11-03:12 AM",47.219
"2013-11-04:12 AM",39.9405
"2013-11-05:12 AM",50.9673
"2013-11-06:12 AM",55.2072
"2013-11-07:12 AM",58.8123
"2013-11-08:12 AM",44.2744
"2013-11-09:12 AM",43.3355
"2013-11-10:12 AM",49.8398
"2013-11-11:12 AM",46.2173
"2013-11-12:12 AM",42.4679
"2013-11-13:12 AM",33.5541
"2013-11-14:12 AM",40.4404
"2013-11-15:12 AM",46.6408
"2013-11-16:12 AM",51.0883
"2013-11-17:12 AM",54.7259
"2013-11-18:12 AM",60.7143
"2013-11-19:12 AM",44.0035
"2013-11-20:12 AM",38.3967
"2013-11-21:12 AM",45.8631
"2013-11-22:12 AM",53.7411
"2013-11-23:12 AM",45.1688
"2013-11-24:12 AM",27.8002
"2013-11-25:12 AM",27.6719
"2013-11-26:12 AM",40.1981
"2013-11-27:12 AM",44.3939
"2013-11-28:12 AM",30.9726
"2013-11-29:12 AM",32.4513
"2013-11-30:12 AM",33.8232
"2013-12-01:12 AM",36.2525
"2013-12-02:12 AM",39.0652
"2013-12-03:12 AM",41.9045
"2013-12-04:12 AM",47.3943
"2013-12-05:12 AM",54.7228
"2013-12-06:12 AM",55.0848
"2013-12-07:12 AM",38.9151
"2013-12-08:12 AM",32.0106
"2013-12-09:12 AM",36.0963
"2013-12-10:12 AM",32.9455
"2013-12-11:12 AM",29.9367
"2013-12-12:12 AM",27.1224
"2013-12-13:12 AM",30.9366
"2013-12-14:12 AM",37.9292
"2013-12-15:12 AM",38.1607
"2013-12-16:12 AM",30.0711
"2013-12-17:12 AM",36.444
"2013-12-18:12 AM",31.3101
"2013-12-19:12 AM",38.2476
"2013-12-20:12 AM",47.9563
"2013-12-21:12 AM",57.2002
"2013-12-22:12 AM",64.5348
"2013-12-23:12 AM",58.6346
"2013-12-24:12 AM",36.4233
"2013-12-25:12 AM",27.2343
"2013-12-26:12 AM",31.5473
"2013-12-27:12 AM",34.7383
"2013-12-28:12 AM",39.4363
"2013-12-29:12 AM",45.1308
"2013-12-30:12 AM",39.5546
"2013-12-31:12 AM",33.4128
"2014-01-01:12 AM",33.9778
"2014-01-02:12 AM",35.2461
"2014-01-03:12 AM",16.5387
"2014-01-04:12 AM",18.9018
"2014-01-05:12 AM",39.6356
"2014-01-06:12 AM",42.409
"2014-01-07:12 AM",10.1838
"2014-01-08:12 AM",18.2115
"2014-01-09:12 AM",29.6445
"2014-01-10:12 AM",36.3628
"2014-01-11:12 AM",55.6362
"2014-01-12:12 AM",41.8581
"2014-01-13:12 AM",42.2037
"2014-01-14:12 AM",47.1767
"2014-01-15:12 AM",41.9371
"2014-01-16:12 AM",34.903
"2014-01-17:12 AM",36.2698
"2014-01-18:12 AM",30.4509
"2014-01-19:12 AM",32.5656
"2014-01-20:12 AM",38.4508
"2014-01-21:12 AM",28.7697
"2014-01-22:12 AM",8.6029
"2014-01-23:12 AM",13.9113
"2014-01-24:12 AM",11.2773
"2014-01-25:12 AM",22.6263
"2014-01-26:12 AM",23.6786
"2014-01-27:12 AM",33.9759
"2014-01-28:12 AM",15.9039
"2014-01-29:12 AM",14.3373
"2014-01-30:12 AM",14.4865
"2014-01-31:12 AM",23.783
"2014-02-01:12 AM",31.5628
"2014-02-02:12 AM",40.1758
"2014-02-03:12 AM",35.6198
"2014-02-04:12 AM",30.8827
"2014-02-05:12 AM",35.8637
"2014-02-06:12 AM",27.3398
"2014-02-07:12 AM",31.357
"2014-02-08:12 AM",28.4711
"2014-02-09:12 AM",28.9231
"2014-02-10:12 AM",25.9162
"2014-02-11:12 AM",21.9423
"2014-02-12:12 AM",22.9071
"2014-02-13:12 AM",35.0731
"2014-02-14:12 AM",33.1993
"2014-02-15:12 AM",34.8357
"2014-02-16:12 AM",25.3389
"2014-02-17:12 AM",24.5064
"2014-02-18:12 AM",34.6152
"2014-02-19:12 AM",42.3075
"2014-02-20:12 AM",39.9654
"2014-02-21:12 AM",52.1188
"2014-02-22:12 AM",43.1838
"2014-02-23:12 AM",45.4843
"2014-02-24:12 AM",34.6271
"2014-02-25:12 AM",30.2466
"2014-02-26:12 AM",27.3231
"2014-02-27:12 AM",26.9307
"2014-02-28:12 AM",18.0912
"2014-03-01:12 AM",27.0963
"2014-03-02:12 AM",37.2384
"2014-03-03:12 AM",21.6696
"2014-03-04:12 AM",17.0791
"2014-03-05:12 AM",28.1435
"2014-03-06:12 AM",27.1848
"2014-03-07:12 AM",34.5018
"2014-03-08:12 AM",38.3115
"2014-03-09:12 AM",38.1045
"2014-03-10:12 AM",39.9488
"2014-03-11:12 AM",51.213
"2014-03-12:12 AM",53.591
"2014-03-13:12 AM",26.6068
"2014-03-14:12 AM",35.3676
"2014-03-15:12 AM",48.3021
"2014-03-16:12 AM",37.1034
"2014-03-17:12 AM",27.7317
"2014-03-18:12 AM",31.8576
"2014-03-19:12 AM",39.2095
"2014-03-20:12 AM",43.8987
"2014-03-21:12 AM",42.6
"2014-03-22:12 AM",50.4068
"2014-03-23:12 AM",40.6053
"2014-03-24:12 AM",28.6065
"2014-03-25:12 AM",32.5731
"2014-03-26:12 AM",27.5045
"2014-03-27:12 AM",27.5407
"2014-03-28:12 AM",49.4593
"2014-03-29:12 AM",53.4528
"2014-03-30:12 AM",45.2547
"2014-03-31:12 AM",40.5585
"2014-04-01:12 AM",44.4029
"2014-04-02:12 AM",48.6171
"2014-04-03:12 AM",51.7374
"2014-04-04:12 AM",49.7854
"2014-04-05:12 AM",46.9175
"2014-04-06:12 AM",41.999
"2014-04-07:12 AM",45.6541
"2014-04-08:12 AM",55.6007
"2014-04-09:12 AM",49.6992
"2014-04-10:12 AM",50.542
"2014-04-11:12 AM",60.2879
"2014-04-12:12 AM",57.9445
"2014-04-13:12 AM",61.3386
"2014-04-14:12 AM",63.6339
"2014-04-15:12 AM",58.7208
"2014-04-16:12 AM",36.5632
"2014-04-17:12 AM",40.8745
"2014-04-18:12 AM",41.5951
"2014-04-19:12 AM",48.3166
"2014-04-20:12 AM",47.4492
"2014-04-21:12 AM",47.8951
"2014-04-22:12 AM",55.5271
"2014-04-23:12 AM",50.6048
"2014-04-24:12 AM",47.0356
"2014-04-25:12 AM",50.5468
"2014-04-26:12 AM",55.5305
"2014-04-27:12 AM",51.5808
"2014-04-28:12 AM",50.2063
"2014-04-29:12 AM",49.0156
"2014-04-30:12 AM",57.6621
"2014-05-01:12 AM",66.1523
"2014-05-02:12 AM",59.0448
"2014-05-03:12 AM",56.736
"2014-05-04:12 AM",56.5381
"2014-05-05:12 AM",51.6067
"2014-05-06:12 AM",55.0823
"2014-05-07:12 AM",54.498
"2014-05-08:12 AM",61.6051
"2014-05-09:12 AM",60.7962
"2014-05-10:12 AM",69.0793
"2014-05-11:12 AM",65.1618
"2014-05-12:12 AM",68.8086
"2014-05-13:12 AM",68.9153
"2014-05-14:12 AM",61.8073
"2014-05-15:12 AM",67.8069
"2014-05-16:12 AM",64.3266
"2014-05-17:12 AM",57.7249
"2014-05-18:12 AM",55.8648
"2014-05-19:12 AM",57.3179
"2014-05-20:12 AM",61.6003
"2014-05-21:12 AM",65.5826
"2014-05-22:12 AM",67.7244
"2014-05-23:12 AM",63.5032
"2014-05-24:12 AM",60.9242
"2014-05-25:12 AM",64.5204
"2014-05-26:12 AM",70.0362
"2014-05-27:12 AM",74.7246
"2014-05-28:12 AM",68.585
"2014-05-29:12 AM",56.4942
"2014-05-30:12 AM",60.237
"2014-05-31:12 AM",62.8981
"2014-06-01:12 AM",59.7911
"2014-06-02:12 AM",62.3629
"2014-06-03:12 AM",69.4389
"2014-06-04:12 AM",73.6237
"2014-06-05:12 AM",69.4827
"2014-06-06:12 AM",65.8596
"2014-06-07:12 AM",67.0617
"2014-06-08:12 AM",69.6632
"2014-06-09:12 AM",71.5743
"2014-06-10:12 AM",74.3097
"2014-06-11:12 AM",70.0983
"2014-06-12:12 AM",69.5916
"2014-06-13:12 AM",74.3337
"2014-06-14:12 AM",66.8575
"2014-06-15:12 AM",65.5687
"2014-06-16:12 AM",72.169
"2014-06-17:12 AM",78.3358
"2014-06-18:12 AM",82.1255
"2014-06-19:12 AM",76.671
"2014-06-20:12 AM",68.4757
"2014-06-21:12 AM",67.9726
"2014-06-22:12 AM",69.2755
"2014-06-23:12 AM",69.9199
"2014-06-24:12 AM",72.6481
"2014-06-25:12 AM",76.2895
"2014-06-26:12 AM",76.9987
"2014-06-27:12 AM",73.4392
"2014-06-28:12 AM",70.6921
"2014-06-29:12 AM",69.3451
"2014-06-30:12 AM",73.949
"2014-07-01:12 AM",78.2562
"2014-07-02:12 AM",82.6079
"2014-07-03:12 AM",81.2653
"2014-07-04:12 AM",70.9522
"2014-07-05:12 AM",68.2381
"2014-07-06:12 AM",71.5545
"2014-07-07:12 AM",79.0632
"2014-07-08:12 AM",83.6569
"2014-07-09:12 AM",81.6568
"2014-07-10:12 AM",75.2598
"2014-07-11:12 AM",73.5181
"2014-07-12:12 AM",73.2745
"2014-07-13:12 AM",78.5878
"2014-07-14:12 AM",81.4321
"2014-07-15:12 AM",79.3794
"2014-07-16:12 AM",73.917
"2014-07-17:12 AM",71.4906
"2014-07-18:12 AM",70.1353
"2014-07-19:12 AM",69.2467
"2014-07-20:12 AM",73.9305
"2014-07-21:12 AM",72.1587
"2014-07-22:12 AM",74.1186
"2014-07-23:12 AM",79.8897
"2014-07-24:12 AM",74.7887
"2014-07-25:12 AM",70.2149
"2014-07-26:12 AM",72.0468
"2014-07-27:12 AM",77.8521
"2014-07-28:12 AM",77.9812
"2014-07-29:12 AM",69.5048
"2014-07-30:12 AM",68.5389
"2014-07-31:12 AM",73.9018
"2014-08-01:12 AM",72.01
"2014-08-02:12 AM",69.4494
"2014-08-03:12 AM",70.8471
"2014-08-04:12 AM",73.7722
"2014-08-05:12 AM",74.113
"2014-08-06:12 AM",73.6747
"2014-08-07:12 AM",73.2254
"2014-08-08:12 AM",70.7106
"2014-08-09:12 AM",71.8545
"2014-08-10:12 AM",72.1911
"2014-08-11:12 AM",71.4994
"2014-08-12:12 AM",73.9393
"2014-08-13:12 AM",75.9173
"2014-08-14:12 AM",70.8121
"2014-08-15:12 AM",66.2034
"2014-08-16:12 AM",69.7996
"2014-08-17:12 AM",71.9856
"2014-08-18:12 AM",70.9885
"2014-08-19:12 AM",73.8759
"2014-08-20:12 AM",73.6446
"2014-08-21:12 AM",75.3876
"2014-08-22:12 AM",74.6283
"2014-08-23:12 AM",71.3386
"2014-08-24:12 AM",70.5745
"2014-08-25:12 AM",68.2664
"2014-08-26:12 AM",70.4883
"2014-08-27:12 AM",70.7088
"2014-08-28:12 AM",74.1328
"2014-08-29:12 AM",68.2218
"2014-08-30:12 AM",69.1083
"2014-08-31:12 AM",80.1761
"2014-09-01:12 AM",80.5606
"2014-09-02:12 AM",82.1304
"2014-09-03:12 AM",76.2528
"2014-09-04:12 AM",71.2225
"2014-09-05:12 AM",78.8767
"2014-09-06:12 AM",82.2394
"2014-09-07:12 AM",72.4384
"2014-09-08:12 AM",71.1165
"2014-09-09:12 AM",71.0708
"2014-09-10:12 AM",72.1746
"2014-09-11:12 AM",76.1175
"2014-09-12:12 AM",69.0188
"2014-09-13:12 AM",65.7396
"2014-09-14:12 AM",58.9069
"2014-09-15:12 AM",60.5183
"2014-09-16:12 AM",68.0293
"2014-09-17:12 AM",65.0923
"2014-09-18:12 AM",63.5403
"2014-09-19:12 AM",64.049
"2014-09-20:12 AM",68.3526
"2014-09-21:12 AM",70.5078
"2014-09-22:12 AM",66.7344
"2014-09-23:12 AM",58.6009
"2014-09-24:12 AM",64.8455
"2014-09-25:12 AM",64.2861
"2014-09-26:12 AM",63.4685
"2014-09-27:12 AM",64.4977
"2014-09-28:12 AM",65.8562
"2014-09-29:12 AM",66.4057
"2014-09-30:12 AM",67.4204
"2014-10-01:12 AM",66.8338
"2014-10-02:12 AM",64.5382
"2014-10-03:12 AM",64.7713
"2014-10-04:12 AM",66.0349
"2014-10-05:12 AM",51.7617
"2014-10-06:12 AM",60.2816
"2014-10-07:12 AM",68.536
"2014-10-08:12 AM",68.4432
"2014-10-09:12 AM",61.9927
"2014-10-10:12 AM",61.2799
"2014-10-11:12 AM",56.8794
"2014-10-12:12 AM",55.0051
"2014-10-13:12 AM",62.6052
"2014-10-14:12 AM",70.2045
"2014-10-15:12 AM",72.8515
"2014-10-16:12 AM",63.5292
"2014-10-17:12 AM",62.218
"2014-10-18:12 AM",61.2207
"2014-10-19:12 AM",51.5446
"2014-10-20:12 AM",52.0795
"2014-10-21:12 AM",60.1509
"2014-10-22:12 AM",55.306
"2014-10-23:12 AM",52.603
"2014-10-24:12 AM",58.2195
"2014-10-25:12 AM",57.3296
"2014-10-26:12 AM",58.2692
"2014-10-27:12 AM",55.5363
"2014-10-28:12 AM",64.4274
"2014-10-29:12 AM",63.6202
"2014-10-30:12 AM",53.5482
"2014-10-31:12 AM",50.0184
"2014-11-01:12 AM",49.852
"2014-11-02:12 AM",42.8241
"2014-11-03:12 AM",46.2781
"2014-11-04:12 AM",58.4136
"2014-11-05:12 AM",60.1677
"2014-11-06:12 AM",58.0087
"2014-11-07:12 AM",47.4778
"2014-11-08:12 AM",42.4504
"2014-11-09:12 AM",48.7308
"2014-11-10:12 AM",47.0493
"2014-11-11:12 AM",55.8964
"2014-11-12:12 AM",57.0756
"2014-11-13:12 AM",42.2006
"2014-11-14:12 AM",36.5617
"2014-11-15:12 AM",33.8662
"2014-11-16:12 AM",39.7004
"2014-11-17:12 AM",49.2084
"2014-11-18:12 AM",30.2783
"2014-11-19:12 AM",28.0287
"2014-11-20:12 AM",39.5024
"2014-11-21:12 AM",30.4893
"2014-11-22:12 AM",34.3231
"2014-11-23:12 AM",48.2968
"2014-11-24:12 AM",64.2259
"2014-11-25:12 AM",56.5603
"2014-11-26:12 AM",42.9732
"2014-11-27:12 AM",36.1756
"2014-11-28:12 AM",32.7036
"2014-11-29:12 AM",34.061
"2014-11-30:12 AM",47.1319
"2014-12-01:12 AM",56.28
"2014-12-02:12 AM",41.9578
"2014-12-03:12 AM",45.6373
"2014-12-04:12 AM",39.263
"2014-12-05:12 AM",41.1282
"2014-12-06:12 AM",47.0368
"2014-12-07:12 AM",38.3257
"2014-12-08:12 AM",36.7525
"2014-12-09:12 AM",43.0669
"2014-12-10:12 AM",39.5672
"2014-12-11:12 AM",34.5076
"2014-12-12:12 AM",36.3843
"2014-12-13:12 AM",34.6912
"2014-12-14:12 AM",40.0212
"2014-12-15:12 AM",43.0369
"2014-12-16:12 AM",48.5058
"2014-12-17:12 AM",45.0808
"2014-12-18:12 AM",35.3712
"2014-12-19:12 AM",34.6041
"2014-12-20:12 AM",31.1452
"2014-12-21:12 AM",31.4017
"2014-12-22:12 AM",35.3199
"2014-12-23:12 AM",48.1318
"2014-12-24:12 AM",54.7138
"2014-12-25:12 AM",51.3988
"2014-12-26:12 AM",40.9572
"2014-12-27:12 AM",42.4112
"2014-12-28:12 AM",48.9767
"2014-12-29:12 AM",41.7537
"2014-12-30:12 AM",34.9299
"2014-12-31:12 AM",29.9154
"2015-01-01:12 AM",33.2976
"2015-01-02:12 AM",36.7268
"2015-01-03:12 AM",39.5155
"2015-01-04:12 AM",54.7889
"2015-01-05:12 AM",35.5991
"2015-01-06:12 AM",26.3314
"2015-01-07:12 AM",22.8015
"2015-01-08:12 AM",14.1271
"2015-01-09:12 AM",28.2412
"2015-01-10:12 AM",19.0479
"2015-01-11:12 AM",27.613
"2015-01-12:12 AM",36.1362
"2015-01-13:12 AM",30.7837
"2015-01-14:12 AM",30.3012
"2015-01-15:12 AM",29.3664
"2015-01-16:12 AM",32.9623
"2015-01-17:12 AM",27.8454
"2015-01-18:12 AM",40.2332
"2015-01-19:12 AM",36.0714
"2015-01-20:12 AM",36.1251
"2015-01-21:12 AM",32.3517
"2015-01-22:12 AM",30.4133
"2015-01-23:12 AM",32.1994
"2015-01-24:12 AM",34.6089
"2015-01-25:12 AM",37.0998
"2015-01-26:12 AM",35.7856
"2015-01-27:12 AM",27.007
"2015-01-28:12 AM",23.0005
"2015-01-29:12 AM",28.4131
"2015-01-30:12 AM",32.2963
"2015-01-31:12 AM",20.554
"2015-02-01:12 AM",30.2533
"2015-02-02:12 AM",36.9351
"2015-02-03:12 AM",24.0228
"2015-02-04:12 AM",35.0134
"2015-02-05:12 AM",29.435
"2015-02-06:12 AM",24.6207
"2015-02-07:12 AM",32.5936
"2015-02-08:12 AM",40.5268
"2015-02-09:12 AM",35.5435
"2015-02-10:12 AM",30.8473
"2015-02-11:12 AM",30.0659
"2015-02-12:12 AM",31.5862
"2015-02-13:12 AM",17.4013
"2015-02-14:12 AM",27.4917
"2015-02-15:12 AM",10.4113
"2015-02-16:12 AM",9.0057
"2015-02-17:12 AM",17.2573
"2015-02-18:12 AM",20.0361
"2015-02-19:12 AM",11.557
"2015-02-20:12 AM",4.6414
"2015-02-21:12 AM",19.7011
"2015-02-22:12 AM",35.0393
"2015-02-23:12 AM",24.0924
"2015-02-24:12 AM",16.8516
"2015-02-25:12 AM",25.4268
"2015-02-26:12 AM",28.1975
"2015-02-27:12 AM",22.1421
"2015-02-28:12 AM",17.865
"2015-03-01:12 AM",23.6001
"2015-03-02:12 AM",30.4522
"2015-03-03:12 AM",28.1896
"2015-03-04:12 AM",40.1673
"2015-03-05:12 AM",29.9383
"2015-03-06:12 AM",19.636
"2015-03-07:12 AM",25.4235
"2015-03-08:12 AM",38.3682
"2015-03-09:12 AM",40.4497
"2015-03-10:12 AM",44.0859
"2015-03-11:12 AM",50.5886
"2015-03-12:12 AM",40.8706
"2015-03-13:12 AM",37.5507
"2015-03-14:12 AM",48.5011
"2015-03-15:12 AM",41.5033
"2015-03-16:12 AM",40.7005
"2015-03-17:12 AM",48.8745
"2015-03-18:12 AM",34.7722
"2015-03-19:12 AM",35.7796
"2015-03-20:12 AM",34.806
"2015-03-21:12 AM",39.4216
"2015-03-22:12 AM",39.4009
"2015-03-23:12 AM",33.3914
"2015-03-24:12 AM",34.9209
"2015-03-25:12 AM",38.9671
"2015-03-26:12 AM",55.171
"2015-03-27:12 AM",41.5972
"2015-03-28:12 AM",33.6184
"2015-03-29:12 AM",31.1263
"2015-03-30:12 AM",42.3534
"2015-03-31:12 AM",47.6694
"2015-04-01:12 AM",40.5703
"2015-04-02:12 AM",47.7423
"2015-04-03:12 AM",61.1924
"2015-04-04:12 AM",51.3124
"2015-04-05:12 AM",46.5301
"2015-04-06:12 AM",54.4179
"2015-04-07:12 AM",60.8004
"2015-04-08:12 AM",45.3299
"2015-04-09:12 AM",42.3545
"2015-04-10:12 AM",53.2288
"2015-04-11:12 AM",53.1428
"2015-04-12:12 AM",49.9224
"2015-04-13:12 AM",54.9898
"2015-04-14:12 AM",56.7565
"2015-04-15:12 AM",53.1113
"2015-04-16:12 AM",54.3652
"2015-04-17:12 AM",59.8863
"2015-04-18:12 AM",62.5894
"2015-04-19:12 AM",55.2792
"2015-04-20:12 AM",63.2545
"2015-04-21:12 AM",58.7224
"2015-04-22:12 AM",56.1297
"2015-04-23:12 AM",45.8841
"2015-04-24:12 AM",42.4405
"2015-04-25:12 AM",44.3361
"2015-04-26:12 AM",48.295
"2015-04-27:12 AM",50.3992
"2015-04-28:12 AM",53.3759
"2015-04-29:12 AM",59.2671
"2015-04-30:12 AM",58.3444
"2015-05-01:12 AM",51.9793
"2015-05-02:12 AM",53.7264
"2015-05-03:12 AM",60.6713
"2015-05-04:12 AM",65.2426
"2015-05-05:12 AM",68.7655
"2015-05-06:12 AM",66.4322
"2015-05-07:12 AM",61.4764
"2015-05-08:12 AM",61.2615
"2015-05-09:12 AM",64.6673
"2015-05-10:12 AM",68.7738
"2015-05-11:12 AM",68.6622
"2015-05-12:12 AM",73.2528
"2015-05-13:12 AM",61.0461
"2015-05-14:12 AM",56.7995
"2015-05-15:12 AM",59.511
"2015-05-16:12 AM",68.4723
"2015-05-17:12 AM",70.1067
"2015-05-18:12 AM",70.8102
"2015-05-19:12 AM",70.11
"2015-05-20:12 AM",62.0884
"2015-05-21:12 AM",52.7194
"2015-05-22:12 AM",58.0635
"2015-05-23:12 AM",57.0859
"2015-05-24:12 AM",62.4337
"2015-05-25:12 AM",68.986
"2015-05-26:12 AM",70.9077
"2015-05-27:12 AM",74.1592
"2015-05-28:12 AM",74.6645
"2015-05-29:12 AM",71.5305
"2015-05-30:12 AM",71.884
"2015-05-31:12 AM",74.5617
"2015-06-01:12 AM",72.9813
"2015-06-02:12 AM",61.2874
"2015-06-03:12 AM",57.74
"2015-06-04:12 AM",59.5999
"2015-06-05:12 AM",62.5861
"2015-06-06:12 AM",67.4476
"2015-06-07:12 AM",63.3747
"2015-06-08:12 AM",68.9583
"2015-06-09:12 AM",74.5871
"2015-06-10:12 AM",71.6783
"2015-06-11:12 AM",75.7198
"2015-06-12:12 AM",79.0432
"2015-06-13:12 AM",78.5741
"2015-06-14:12 AM",75.3624
"2015-06-15:12 AM",77.4084
"2015-06-16:12 AM",79.5717
"2015-06-17:12 AM",73.3735
"2015-06-18:12 AM",73.035
"2015-06-19:12 AM",75.6624
"2015-06-20:12 AM",76.602
"2015-06-21:12 AM",77.8915
"2015-06-22:12 AM",78.5246
"2015-06-23:12 AM",81.4863
"2015-06-24:12 AM",73.1152
"2015-06-25:12 AM",72.7038
"2015-06-26:12 AM",70.5706
"2015-06-27:12 AM",69.0867
"2015-06-28:12 AM",71.0371
"2015-06-29:12 AM",68.5855
"2015-06-30:12 AM",73.827
"2015-07-01:12 AM",75.9522
"2015-07-02:12 AM",70.9248
"2015-07-03:12 AM",70.5722
"2015-07-04:12 AM",72.5106
"2015-07-05:12 AM",72.6037
"2015-07-06:12 AM",76.0044
"2015-07-07:12 AM",78.1934
"2015-07-08:12 AM",78.796
"2015-07-09:12 AM",78.2616
"2015-07-10:12 AM",75.4398
"2015-07-11:12 AM",71.4535
"2015-07-12:12 AM",71.0433
"2015-07-13:12 AM",73.7767
"2015-07-14:12 AM",77.1147
"2015-07-15:12 AM",73.7213
"2015-07-16:12 AM",69.114
"2015-07-17:12 AM",71.5077
"2015-07-18:12 AM",77.3064
"2015-07-19:12 AM",79.6312
"2015-07-20:12 AM",82.1563
"2015-07-21:12 AM",80.8547
"2015-07-22:12 AM",74.3457
"2015-07-23:12 AM",72.4289
"2015-07-24:12 AM",70.3355
"2015-07-25:12 AM",72.8398
"2015-07-26:12 AM",76.4584
"2015-07-27:12 AM",77.1357
"2015-07-28:12 AM",79.0007
"2015-07-29:12 AM",78.4411
"2015-07-30:12 AM",79.8451
"2015-07-31:12 AM",75.9209
"2015-08-01:12 AM",78.3203
"2015-08-02:12 AM",77.0038
"2015-08-03:12 AM",78.1925
"2015-08-04:12 AM",81.7039
"2015-08-05:12 AM",77.8838
"2015-08-06:12 AM",75.1114
"2015-08-07:12 AM",72.6485
"2015-08-08:12 AM",73.4275
"2015-08-09:12 AM",73.9137
"2015-08-10:12 AM",72.9237
"2015-08-11:12 AM",76.3473
"2015-08-12:12 AM",73.8487
"2015-08-13:12 AM",72.5385
"2015-08-14:12 AM",71.9357
"2015-08-15:12 AM",74.2118
"2015-08-16:12 AM",75.5071
"2015-08-17:12 AM",77.3096
"2015-08-18:12 AM",77.8804
"2015-08-19:12 AM",78.5181
"2015-08-20:12 AM",77.9916
"2015-08-21:12 AM",75.7864
"2015-08-22:12 AM",71.8412
"2015-08-23:12 AM",69.8508
"2015-08-24:12 AM",74.6677
"2015-08-25:12 AM",76.6567
"2015-08-26:12 AM",73.0481
"2015-08-27:12 AM",70.0002
"2015-08-28:12 AM",70.7592
"2015-08-29:12 AM",71.8243
"2015-08-30:12 AM",76.152
"2015-08-31:12 AM",78.8832
"2015-09-01:12 AM",78.2744
"2015-09-02:12 AM",76.9321
"2015-09-03:12 AM",78.496
"2015-09-04:12 AM",77.7189
"2015-09-05:12 AM",75.3879
"2015-09-06:12 AM",71.6292
"2015-09-07:12 AM",74.223
"2015-09-08:12 AM",78.179
"2015-09-09:12 AM",81.7291
"2015-09-10:12 AM",74.8342
"2015-09-11:12 AM",71.0069
"2015-09-12:12 AM",71.4483
"2015-09-13:12 AM",63.9415
"2015-09-14:12 AM",62.2654
"2015-09-15:12 AM",66.8291
"2015-09-16:12 AM",67.8205
"2015-09-17:12 AM",68.9979
"2015-09-18:12 AM",69.982
"2015-09-19:12 AM",72.2727
"2015-09-20:12 AM",71.2373
"2015-09-21:12 AM",68.2155
"2015-09-22:12 AM",67.775
"2015-09-23:12 AM",67.6179
"2015-09-24:12 AM",68.0423
"2015-09-25:12 AM",69.9082
"2015-09-26:12 AM",68.3206
"2015-09-27:12 AM",68.7412
"2015-09-28:12 AM",71.8126
"2015-09-29:12 AM",73.8777
"2015-09-30:12 AM",73.9872
"2015-10-01:12 AM",59.4801
"2015-10-02:12 AM",55.6554
"2015-10-03:12 AM",59.5398
"2015-10-04:12 AM",60.0978
"2015-10-05:12 AM",58.6652
"2015-10-06:12 AM",58.7804
"2015-10-07:12 AM",61.8312
"2015-10-08:12 AM",63.833
"2015-10-09:12 AM",68.378
"2015-10-10:12 AM",57.3532
"2015-10-11:12 AM",52.9376
"2015-10-12:12 AM",57.4718
"2015-10-13:12 AM",63.7684
"2015-10-14:12 AM",60.0314
"2015-10-15:12 AM",55.6556
"2015-10-16:12 AM",56.1753
"2015-10-17:12 AM",50.8276
"2015-10-18:12 AM",44.4848
"2015-10-19:12 AM",42.9096
"2015-10-20:12 AM",54.2079
"2015-10-21:12 AM",57.7011
"2015-10-22:12 AM",61.7108
"2015-10-23:12 AM",58.7577
"2015-10-24:12 AM",52.7342
"2015-10-25:12 AM",59.3789
"2015-10-26:12 AM",51.1768
"2015-10-27:12 AM",54.0685
"2015-10-28:12 AM",65.3484
"2015-10-29:12 AM",66.7477
"2015-10-30:12 AM",52.5871
"2015-10-31:12 AM",49.3482
"2015-11-01:12 AM",59.0396
"2015-11-02:12 AM",58.0474
"2015-11-03:12 AM",53.6304
"2015-11-04:12 AM",55.6376
"2015-11-05:12 AM",63.4239
"2015-11-06:12 AM",67.5664
"2015-11-07:12 AM",61.8627
"2015-11-08:12 AM",49.5136
"2015-11-09:12 AM",48.627
"2015-11-10:12 AM",61.2003
"2015-11-11:12 AM",56.1686
"2015-11-12:12 AM",58.2046
"2015-11-13:12 AM",52.477
"2015-11-14:12 AM",44.9159
"2015-11-15:12 AM",47.3104
"2015-11-16:12 AM",53.6702
"2015-11-17:12 AM",52.8215
"2015-11-18:12 AM",56.9413
"2015-11-19:12 AM",62.4594
"2015-11-20:12 AM",51.4463
"2015-11-21:12 AM",47.0919
"2015-11-22:12 AM",47.2514
"2015-11-23:12 AM",35.0019
"2015-11-24:12 AM",38.5918
"2015-11-25:12 AM",43.3785
"2015-11-26:12 AM",51.6182
"2015-11-27:12 AM",52.9084
"2015-11-28:12 AM",55.5854
"2015-11-29:12 AM",48.1471
"2015-11-30:12 AM",46.2861
"2015-12-01:12 AM",54.6451
"2015-12-02:12 AM",56.9494
"2015-12-03:12 AM",45.426
"2015-12-04:12 AM",41.8935
"2015-12-05:12 AM",40.9721
"2015-12-06:12 AM",38.3601
"2015-12-07:12 AM",43.0216
"2015-12-08:12 AM",41.8388
"2015-12-09:12 AM",47.3196
"2015-12-10:12 AM",52.0621
"2015-12-11:12 AM",53.3622
"2015-12-12:12 AM",56.404
"2015-12-13:12 AM",60.0337
"2015-12-14:12 AM",62.83
"2015-12-15:12 AM",58.4605
"2015-12-16:12 AM",48.6498
"2015-12-17:12 AM",52.1919
"2015-12-18:12 AM",44.3957
"2015-12-19:12 AM",34.6091
"2015-12-20:12 AM",34.403
"2015-12-21:12 AM",47.9586
"2015-12-22:12 AM",58.3833
"2015-12-23:12 AM",60.0384
"2015-12-24:12 AM",68.4765
"2015-12-25:12 AM",66.4941
"2015-12-26:12 AM",56.3072
"2015-12-27:12 AM",59.9365
"2015-12-28:12 AM",44.7672
"2015-12-29:12 AM",53.8968
"2015-12-30:12 AM",52.097
"2015-12-31:12 AM",49.8709
"2016-01-01:12 AM",39.8219
"2016-01-02:12 AM",36.5918
"2016-01-03:12 AM",39.2551
"2016-01-04:12 AM",29.6136
"2016-01-05:12 AM",20.6145
"2016-01-06:12 AM",26.625
"2016-01-07:12 AM",34.4867
"2016-01-08:12 AM",40.8943
"2016-01-09:12 AM",46.8669
"2016-01-10:12 AM",54.4033
"2016-01-11:12 AM",31.6603
"2016-01-12:12 AM",35.3332
"2016-01-13:12 AM",24.6758
"2016-01-14:12 AM",34.1616
"2016-01-15:12 AM",42.7872
"2016-01-16:12 AM",43.781
"2016-01-17:12 AM",34.8177
"2016-01-18:12 AM",22.4397
"2016-01-19:12 AM",19.18
"2016-01-20:12 AM",24.8031
"2016-01-21:12 AM",28.3109
"2016-01-22:12 AM",26.4
"2016-01-23:12 AM",31.8357
"2016-01-24:12 AM",21.3789
"2016-01-25:12 AM",24.5647
"2016-01-26:12 AM",38.8787
"2016-01-27:12 AM",36.912
"2016-01-28:12 AM",29.1817
"2016-01-29:12 AM",33.1421
"2016-01-30:12 AM",30.1989
"2016-01-31:12 AM",43.3526
"2016-02-01:12 AM",49.9537
"2016-02-02:12 AM",41.2353
"2016-02-03:12 AM",52.2266
"2016-02-04:12 AM",50.4883
"2016-02-05:12 AM",35.3392
"2016-02-06:12 AM",30.3046
"2016-02-07:12 AM",34.6597
"2016-02-08:12 AM",37.2121
"2016-02-09:12 AM",36.3582
"2016-02-10:12 AM",30.6631
"2016-02-11:12 AM",21.8433
"2016-02-12:12 AM",22.2465
"2016-02-13:12 AM",20.4766
"2016-02-14:12 AM",15.0892
"2016-02-15:12 AM",26.7343
"2016-02-16:12 AM",45.8298
"2016-02-17:12 AM",36.3517
"2016-02-18:12 AM",30.8235
"2016-02-19:12 AM",31.7475
"2016-02-20:12 AM",46.4536
"2016-02-21:12 AM",51.2476
"2016-02-22:12 AM",43.0705
"2016-02-23:12 AM",42.8353
"2016-02-24:12 AM",53.3455
"2016-02-25:12 AM",45.4512
"2016-02-26:12 AM",32.8233
"2016-02-27:12 AM",32.7292
"2016-02-28:12 AM",42.6198
"2016-02-29:12 AM",50.1584
"2016-03-01:12 AM",47.925
"2016-03-02:12 AM",42.7827
"2016-03-03:12 AM",32.2606
"2016-03-04:12 AM",33.3777
"2016-03-05:12 AM",31.6762
"2016-03-06:12 AM",35.5575
"2016-03-07:12 AM",43.1854
"2016-03-08:12 AM",55.5346
"2016-03-09:12 AM",57.7368
"2016-03-10:12 AM",64.13
"2016-03-11:12 AM",60.8805
"2016-03-12:12 AM",48.6111
"2016-03-13:12 AM",50.1078
"2016-03-14:12 AM",51.0888
"2016-03-15:12 AM",48.5258
"2016-03-16:12 AM",53.3244
"2016-03-17:12 AM",53.1379
"2016-03-18:12 AM",50.2412
"2016-03-19:12 AM",40.2804
"2016-03-20:12 AM",36.6966
"2016-03-21:12 AM",36.869
"2016-03-22:12 AM",43.0444
"2016-03-23:12 AM",55.2204
"2016-03-24:12 AM",59.0263
"2016-03-25:12 AM",60.6886
"2016-03-26:12 AM",45.4215
"2016-03-27:12 AM",47.7606
"2016-03-28:12 AM",50.8822
"2016-03-29:12 AM",46.1482
"2016-03-30:12 AM",44.7024
"2016-03-31:12 AM",59.0565
"2016-04-01:12 AM",66.1577
"2016-04-02:12 AM",52.3839
"2016-04-03:12 AM",37.5552
"2016-04-04:12 AM",52.3666
"2016-04-05:12 AM",35.3619
"2016-04-06:12 AM",40.746
"2016-04-07:12 AM",54.1184
"2016-04-08:12 AM",44.2405
"2016-04-09:12 AM",39.2227
"2016-04-10:12 AM",36.7596
"2016-04-11:12 AM",52.6865
"2016-04-12:12 AM",54.7324
"2016-04-13:12 AM",44.8725
"2016-04-14:12 AM",45.1094
"2016-04-15:12 AM",46.3762
"2016-04-16:12 AM",46.7445
"2016-04-17:12 AM",49.7377
"2016-04-18:12 AM",58.2136
"2016-04-19:12 AM",60.7725
"2016-04-20:12 AM",53.5062
"2016-04-21:12 AM",56.808
"2016-04-22:12 AM",66.5652
"2016-04-23:12 AM",59.7234
"2016-04-24:12 AM",51.4342
"2016-04-25:12 AM",58.1617
"2016-04-26:12 AM",70.0086
"2016-04-27:12 AM",51.2742
"2016-04-28:12 AM",49.5846
"2016-04-29:12 AM",50.0628
"2016-04-30:12 AM",50.4079
"2016-05-01:12 AM",51.438
"2016-05-02:12 AM",59.0619
"2016-05-03:12 AM",59.9355
"2016-05-04:12 AM",51.3721
"2016-05-05:12 AM",50.1388
"2016-05-06:12 AM",49.015
"2016-05-07:12 AM",51.7705
"2016-05-08:12 AM",57.2688
"2016-05-09:12 AM",54.7873
"2016-05-10:12 AM",54.9288
"2016-05-11:12 AM",56.6071
"2016-05-12:12 AM",60.609
"2016-05-13:12 AM",62.3786
"2016-05-14:12 AM",62.1815
"2016-05-15:12 AM",50.6374
"2016-05-16:12 AM",50.4793
"2016-05-17:12 AM",53.8853
"2016-05-18:12 AM",55.5535
"2016-05-19:12 AM",57.2229
"2016-05-20:12 AM",60.4355
"2016-05-21:12 AM",56.5432
"2016-05-22:12 AM",56.3927
"2016-05-23:12 AM",59.8914
"2016-05-24:12 AM",64.5384
"2016-05-25:12 AM",69.5709
"2016-05-26:12 AM",71.3737
"2016-05-27:12 AM",73.8147
"2016-05-28:12 AM",72.1056
"2016-05-29:12 AM",69.5941
"2016-05-30:12 AM",70.0149
"2016-05-31:12 AM",71.4103
"2016-06-01:12 AM",70.8733
"2016-06-02:12 AM",67.6269
"2016-06-03:12 AM",68.4473
"2016-06-04:12 AM",69.6362
"2016-06-05:12 AM",72.7338
"2016-06-06:12 AM",73.1608
"2016-06-07:12 AM",74.2719
"2016-06-08:12 AM",63.0489
"2016-06-09:12 AM",62.8457
"2016-06-10:12 AM",63.6876
"2016-06-11:12 AM",73.7373
"2016-06-12:12 AM",77.873
"2016-06-13:12 AM",66.0754
"2016-06-14:12 AM",67.2361
"2016-06-15:12 AM",67.4074
"2016-06-16:12 AM",67.0852
"2016-06-17:12 AM",65.7268
"2016-06-18:12 AM",66.9402
"2016-06-19:12 AM",72.4536
"2016-06-20:12 AM",74.8265
"2016-06-21:12 AM",77.437
"2016-06-22:12 AM",74.0532
"2016-06-23:12 AM",72.4509
"2016-06-24:12 AM",71.3233
"2016-06-25:12 AM",69.838
"2016-06-26:12 AM",68.6104
"2016-06-27:12 AM",71.1219
"2016-06-28:12 AM",72.9093
"2016-06-29:12 AM",73.0258
"2016-06-30:12 AM",72.2824
"2016-07-01:12 AM",75.2031
"2016-07-02:12 AM",72.066
"2016-07-03:12 AM",64.4958
"2016-07-04:12 AM",68.6626
"2016-07-05:12 AM",76.4533
"2016-07-06:12 AM",80.5141
"2016-07-07:12 AM",80.4414
"2016-07-08:12 AM",80.7937
"2016-07-09:12 AM",77.0391
"2016-07-10:12 AM",74.7279
"2016-07-11:12 AM",73.0789
"2016-07-12:12 AM",74.2249
"2016-07-13:12 AM",77.2677
"2016-07-14:12 AM",81.4982
"2016-07-15:12 AM",82.848
"2016-07-16:12 AM",78.2904
"2016-07-17:12 AM",78.732
"2016-07-18:12 AM",81.3137
"2016-07-19:12 AM",79.4979
"2016-07-20:12 AM",76.6533
"2016-07-21:12 AM",75.2819
"2016-07-22:12 AM",80.4637
"2016-07-23:12 AM",84.6682
"2016-07-24:12 AM",81.4282
"2016-07-25:12 AM",84.5204
"2016-07-26:12 AM",83.8546
"2016-07-27:12 AM",81.8046
"2016-07-28:12 AM",80.1988
"2016-07-29:12 AM",77.7942
"2016-07-30:12 AM",77.1262
"2016-07-31:12 AM",80.2434
"2016-08-01:12 AM",78.5214
"2016-08-02:12 AM",75.4054
"2016-08-03:12 AM",72.813
"2016-08-04:12 AM",72.8213
"2016-08-05:12 AM",73.3033
"2016-08-06:12 AM",80.3782
"2016-08-07:12 AM",77.2425
"2016-08-08:12 AM",76.532
"2016-08-09:12 AM",73.7681
"2016-08-10:12 AM",82.6961
"2016-08-11:12 AM",84.7569
"2016-08-12:12 AM",86.4363
"2016-08-13:12 AM",87.8886
"2016-08-14:12 AM",88.1011
"2016-08-15:12 AM",83.2761
"2016-08-16:12 AM",83.0214
"2016-08-17:12 AM",84.6136
"2016-08-18:12 AM",79.0018
"2016-08-19:12 AM",79.8915
"2016-08-20:12 AM",77.9891
"2016-08-21:12 AM",76.4361
"2016-08-22:12 AM",73.8892
"2016-08-23:12 AM",71.2456
"2016-08-24:12 AM",71.8941
"2016-08-25:12 AM",76.37
"2016-08-26:12 AM",81.8697
"2016-08-27:12 AM",78.7577
"2016-08-28:12 AM",76.3993
"2016-08-29:12 AM",76.7242
"2016-08-30:12 AM",77.5004
"2016-08-31:12 AM",77.3301
"2016-09-01:12 AM",75.6716
"2016-09-02:12 AM",71.8129
"2016-09-03:12 AM",71.3433
"2016-09-04:12 AM",69.8139
"2016-09-05:12 AM",73.0153
"2016-09-06:12 AM",77.947
"2016-09-07:12 AM",77.6714
"2016-09-08:12 AM",82.2222
"2016-09-09:12 AM",84.7209
"2016-09-10:12 AM",83.4354
"2016-09-11:12 AM",80.3311
"2016-09-12:12 AM",71.6691
"2016-09-13:12 AM",72.1193
"2016-09-14:12 AM",76.6233
"2016-09-15:12 AM",71.8057
"2016-09-16:12 AM",66.706
"2016-09-17:12 AM",69.1914
"2016-09-18:12 AM",76.8504
"2016-09-19:12 AM",73.3554
"2016-09-20:12 AM",71.1819
"2016-09-21:12 AM",73.3743
"2016-09-22:12 AM",71.6581
"2016-09-23:12 AM",72.0718
"2016-09-24:12 AM",69.2843
"2016-09-25:12 AM",59.9774
"2016-09-26:12 AM",62.9526
"2016-09-27:12 AM",68.2506
"2016-09-28:12 AM",66.4637
"2016-09-29:12 AM",68.1555
"2016-09-30:12 AM",68.097
"2016-10-01:12 AM",67.1128
"2016-10-02:12 AM",67.2996
"2016-10-03:12 AM",65.9433
"2016-10-04:12 AM",62.2728
"2016-10-05:12 AM",62.0789
"2016-10-06:12 AM",63.6793
"2016-10-07:12 AM",64.1827
"2016-10-08:12 AM",65.6199
"2016-10-09:12 AM",58.9509
"2016-10-10:12 AM",51.6493
"2016-10-11:12 AM",53.3286
"2016-10-12:12 AM",56.1101
"2016-10-13:12 AM",60.9501
"2016-10-14:12 AM",53.1126
"2016-10-15:12 AM",52.8334
"2016-10-16:12 AM",59.2003
"2016-10-17:12 AM",66.3474
"2016-10-18:12 AM",69.0946
"2016-10-19:12 AM",69.3829
"2016-10-20:12 AM",68.3001
"2016-10-21:12 AM",69.1286
"2016-10-22:12 AM",51.7467
"2016-10-23:12 AM",53.0427
"2016-10-24:12 AM",58.9311
"2016-10-25:12 AM",50.3487
"2016-10-26:12 AM",45.03
"2016-10-27:12 AM",54.6928
"2016-10-28:12 AM",51.7636
"2016-10-29:12 AM",54.9345
"2016-10-30:12 AM",68.689
"2016-10-31:12 AM",51.1273
"2016-11-01:12 AM",47.8517
"2016-11-02:12 AM",57.8221
"2016-11-03:12 AM",65.7597
"2016-11-04:12 AM",54.9097
"2016-11-05:12 AM",50.7488
"2016-11-06:12 AM",53.7422
"2016-11-07:12 AM",45.7596
"2016-11-08:12 AM",49.7916
"2016-11-09:12 AM",53.6961
"2016-11-10:12 AM",48.5197
"2016-11-11:12 AM",52.6521
"2016-11-12:12 AM",42.1183
"2016-11-13:12 AM",45.1195
"2016-11-14:12 AM",46.8941
"2016-11-15:12 AM",52.6438
"2016-11-16:12 AM",51.3124
"2016-11-17:12 AM",50.8413
"2016-11-18:12 AM",51.3365
"2016-11-19:12 AM",51.4215
"2016-11-20:12 AM",38.2032
"2016-11-21:12 AM",35.7503
"2016-11-22:12 AM",37.2006
"2016-11-23:12 AM",38.5633
"2016-11-24:12 AM",46.7517
"2016-11-25:12 AM",47.0723
"2016-11-26:12 AM",46.0287
"2016-11-27:12 AM",41.9875
"2016-11-28:12 AM",41.9445
"2016-11-29:12 AM",58.699
"2016-11-30:12 AM",61.2862
"2016-12-01:12 AM",54.4964
"2016-12-02:12 AM",42.8261
"2016-12-03:12 AM",41.7954
"2016-12-04:12 AM",41.3303
"2016-12-05:12 AM",44.2443
"2016-12-06:12 AM",44.2324
"2016-12-07:12 AM",45.1675
"2016-12-08:12 AM",39.4291
"2016-12-09:12 AM",31.8733
"2016-12-10:12 AM",30.2972
"2016-12-11:12 AM",32.5384
"2016-12-12:12 AM",46.809
"2016-12-13:12 AM",39.1534
"2016-12-14:12 AM",38.9799
"2016-12-15:12 AM",27.0289
"2016-12-16:12 AM",21.4396
"2016-12-17:12 AM",38.0745
"2016-12-18:12 AM",51.0231
"2016-12-19:12 AM",30.3366
"2016-12-20:12 AM",29.0644
"2016-12-21:12 AM",33.931
"2016-12-22:12 AM",39.3427
"2016-12-23:12 AM",37.3591
"2016-12-24:12 AM",44.1644
"2016-12-25:12 AM",42.6486
"2016-12-26:12 AM",44.2195
"2016-12-27:12 AM",54.8852
"2016-12-28:12 AM",41.3863
"2016-12-29:12 AM",40.8261
"2016-12-30:12 AM",35.481
"2016-12-31:12 AM",36.9856
"2017-01-01:12 AM",42.615
"2017-01-02:12 AM",44.8027
"2017-01-03:12 AM",46.1367
"2017-01-04:12 AM",45.1992
"2017-01-05:12 AM",32.8489
"2017-01-06:12 AM",30.0436
"2017-01-07:12 AM",22.7118
"2017-01-08:12 AM",15.0773
"2017-01-09:12 AM",15.6396
"2017-01-10:12 AM",26.6151
"2017-01-11:12 AM",44.9517
"2017-01-12:12 AM",56.6672
"2017-01-13:12 AM",47.417
"2017-01-14:12 AM",35.5593
"2017-01-15:12 AM",34.9171
"2017-01-16:12 AM",35.6639
"2017-01-17:12 AM",44.5143
"2017-01-18:12 AM",47.7653
"2017-01-19:12 AM",45.1465
"2017-01-20:12 AM",41.9455
"2017-01-21:12 AM",45.0984
"2017-01-22:12 AM",47.1241
"2017-01-23:12 AM",47.4163
"2017-01-24:12 AM",38.7763
"2017-01-25:12 AM",43.7731
"2017-01-26:12 AM",48.2063
"2017-01-27:12 AM",37.7013
"2017-01-28:12 AM",35.2279
"2017-01-29:12 AM",36.6633
"2017-01-30:12 AM",32.956
"2017-01-31:12 AM",35.6475
"2017-02-01:12 AM",40.6065
"2017-02-02:12 AM",39.011
"2017-02-03:12 AM",32.1084
"2017-02-04:12 AM",28.1599
"2017-02-05:12 AM",36.2788
"2017-02-06:12 AM",42.9283
"2017-02-07:12 AM",53.8981
"2017-02-08:12 AM",58.3835
"2017-02-09:12 AM",36.3229
"2017-02-10:12 AM",27.3558
"2017-02-11:12 AM",43.0412
"2017-02-12:12 AM",46.0733
"2017-02-13:12 AM",35.8794
"2017-02-14:12 AM",36.039
"2017-02-15:12 AM",39.4315
"2017-02-16:12 AM",32.3483
"2017-02-17:12 AM",32.7045
"2017-02-18:12 AM",46.1109
"2017-02-19:12 AM",55.5615
"2017-02-20:12 AM",49.5633
"2017-02-21:12 AM",42.8378
"2017-02-22:12 AM",47.991
"2017-02-23:12 AM",56.2255
"2017-02-24:12 AM",58.8526
"2017-02-25:12 AM",57.634
"2017-02-26:12 AM",38.0577
"2017-02-27:12 AM",42.5547
"2017-02-28:12 AM",53.731
"2017-03-01:12 AM",64.756
"2017-03-02:12 AM",46.9234
"2017-03-03:12 AM",35.1046
"2017-03-04:12 AM",29.7822
"2017-03-05:12 AM",25.7875
"2017-03-06:12 AM",35.1813
"2017-03-07:12 AM",51.3529
"2017-03-08:12 AM",53.7071
"2017-03-09:12 AM",51.8868
"2017-03-10:12 AM",39.3066
"2017-03-11:12 AM",27.5252
"2017-03-12:12 AM",28.5165
"2017-03-13:12 AM",30.5877
"2017-03-14:12 AM",35.3597
"2017-03-15:12 AM",24.2974
"2017-03-16:12 AM",28.7404
"2017-03-17:12 AM",34.2932
"2017-03-18:12 AM",41.997
"2017-03-19:12 AM",38.5005
"2017-03-20:12 AM",39.5546
"2017-03-21:12 AM",45.2827
"2017-03-22:12 AM",39.0754
"2017-03-23:12 AM",32.5859
"2017-03-24:12 AM",43.7781
"2017-03-25:12 AM",59.7202
"2017-03-26:12 AM",47.491
"2017-03-27:12 AM",54.9862
"2017-03-28:12 AM",58.8369
"2017-03-29:12 AM",50.7128
"2017-03-30:12 AM",43.6289
"2017-03-31:12 AM",49.7755
"2017-04-01:12 AM",45.8056
"2017-04-02:12 AM",47.2217
"2017-04-03:12 AM",51.917
"2017-04-04:12 AM",63.5707
"2017-04-05:12 AM",58.3594
"2017-04-06:12 AM",56.8416
"2017-04-07:12 AM",44.4144
"2017-04-08:12 AM",44.0555
"2017-04-09:12 AM",50.7016
"2017-04-10:12 AM",58.3313
"2017-04-11:12 AM",63.6903
"2017-04-12:12 AM",64.5818
"2017-04-13:12 AM",55.2733
"2017-04-14:12 AM",53.146
"2017-04-15:12 AM",56.2084
"2017-04-16:12 AM",70.6217
"2017-04-17:12 AM",64.5757
"2017-04-18:12 AM",56.0971
"2017-04-19:12 AM",53.6362
"2017-04-20:12 AM",64.0229
"2017-04-21:12 AM",62.3995
"2017-04-22:12 AM",54.3515
"2017-04-23:12 AM",51.12
"2017-04-24:12 AM",51.4981
"2017-04-25:12 AM",57.0016
"2017-04-26:12 AM",58.3651
"2017-04-27:12 AM",62.9312
"2017-04-28:12 AM",69.906
"2017-04-29:12 AM",75.0895
"2017-04-30:12 AM",68.2266
"2017-05-01:12 AM",69.9238
"2017-05-02:12 AM",68.1175
"2017-05-03:12 AM",59.115
"2017-05-04:12 AM",56.1355
"2017-05-05:12 AM",63.082
"2017-05-06:12 AM",57.4572
"2017-05-07:12 AM",50.9945
"2017-05-08:12 AM",48.2013
"2017-05-09:12 AM",51.6441
"2017-05-10:12 AM",58.1263
"2017-05-11:12 AM",53.1817
"2017-05-12:12 AM",52.8039
"2017-05-13:12 AM",51.8319
"2017-05-14:12 AM",58.4001
"2017-05-15:12 AM",57.6588
"2017-05-16:12 AM",62.402
"2017-05-17:12 AM",70.2792
"2017-05-18:12 AM",75.389
"2017-05-19:12 AM",76.2033
"2017-05-20:12 AM",62.8088
"2017-05-21:12 AM",58.671
"2017-05-22:12 AM",62.3957
"2017-05-23:12 AM",61.1915
"2017-05-24:12 AM",59.2358
"2017-05-25:12 AM",63.3088
"2017-05-26:12 AM",64.4272
"2017-05-27:12 AM",65.0017
"2017-05-28:12 AM",62.5275
"2017-05-29:12 AM",63.0768
"2017-05-30:12 AM",61.0738
"2017-05-31:12 AM",66.8777
"2017-06-01:12 AM",68.0833
"2017-06-02:12 AM",67.3695
"2017-06-03:12 AM",64.1723
"2017-06-04:12 AM",67.9453
"2017-06-05:12 AM",70.2999
"2017-06-06:12 AM",66.4714
"2017-06-07:12 AM",58.7926
"2017-06-08:12 AM",58.4814
"2017-06-09:12 AM",63.7578
"2017-06-10:12 AM",71.7064
"2017-06-11:12 AM",76.66
"2017-06-12:12 AM",78.7431
"2017-06-13:12 AM",79.6231
"2017-06-14:12 AM",76.2625
"2017-06-15:12 AM",69.2026
"2017-06-16:12 AM",73.4886
"2017-06-17:12 AM",75.2252
"2017-06-18:12 AM",79.4082
"2017-06-19:12 AM",79.2282
"2017-06-20:12 AM",74.8634
"2017-06-21:12 AM",76.2926
"2017-06-22:12 AM",78.674
"2017-06-23:12 AM",78.8968
"2017-06-24:12 AM",78.9706
"2017-06-25:12 AM",74.8312
"2017-06-26:12 AM",72.1301
"2017-06-27:12 AM",70.6064
"2017-06-28:12 AM",68.4579
"2017-06-29:12 AM",72.907
"2017-06-30:12 AM",78.6996
"2017-07-01:12 AM",79.0601
"2017-07-02:12 AM",79.0655
"2017-07-03:12 AM",79.765
"2017-07-04:12 AM",79.0786
"2017-07-05:12 AM",73.4031
"2017-07-06:12 AM",72.882
"2017-07-07:12 AM",75.8385
"2017-07-08:12 AM",78.7599
"2017-07-09:12 AM",73.4567
"2017-07-10:12 AM",76.1135
"2017-07-11:12 AM",82.0659
"2017-07-12:12 AM",82.4167
"2017-07-13:12 AM",83.8827
"2017-07-14:12 AM",82.1772
"2017-07-15:12 AM",78.2595
"2017-07-16:12 AM",76.8657
"2017-07-17:12 AM",77.443
"2017-07-18:12 AM",78.8176
"2017-07-19:12 AM",80.9733
"2017-07-20:12 AM",83.8717
"2017-07-21:12 AM",84.6279
"2017-07-22:12 AM",83.6038
"2017-07-23:12 AM",79.4754
"2017-07-24:12 AM",78.2803
"2017-07-25:12 AM",73.2688
"2017-07-26:12 AM",71.0361
"2017-07-27:12 AM",75.6109
"2017-07-28:12 AM",74.1258
"2017-07-29:12 AM",68.0549
"2017-07-30:12 AM",68.283
"2017-07-31:12 AM",70.4568
"2017-08-01:12 AM",76.7449
"2017-08-02:12 AM",78.0348
"2017-08-03:12 AM",77.5769
"2017-08-04:12 AM",77.3879
"2017-08-05:12 AM",74.0935
"2017-08-06:12 AM",71.6346
"2017-08-07:12 AM",72.055
"2017-08-08:12 AM",71.2434
"2017-08-09:12 AM",70.6845
"2017-08-10:12 AM",69.8205
"2017-08-11:12 AM",71.9542
"2017-08-12:12 AM",74.6902
"2017-08-13:12 AM",73.0929
"2017-08-14:12 AM",72.9932
"2017-08-15:12 AM",73.4803
"2017-08-16:12 AM",76.2069
"2017-08-17:12 AM",77.0524
"2017-08-18:12 AM",80.1432
"2017-08-19:12 AM",77.7866
"2017-08-20:12 AM",73.8131
"2017-08-21:12 AM",75.2668
"2017-08-22:12 AM",80.4414
"2017-08-23:12 AM",78.1808
"2017-08-24:12 AM",71.1351
"2017-08-25:12 AM",68.9794
"2017-08-26:12 AM",68.4453
"2017-08-27:12 AM",68.9277
"2017-08-28:12 AM",68.4639
"2017-08-29:12 AM",67.7352
"2017-08-30:12 AM",66.8115
"2017-08-31:12 AM",72.9376
"2017-09-01:12 AM",63.5182
"2017-09-02:12 AM",62.2112
"2017-09-03:12 AM",68.0139
"2017-09-04:12 AM",69.4931
"2017-09-05:12 AM",76.2849
"2017-09-06:12 AM",70.3596
"2017-09-07:12 AM",64.1768
"2017-09-08:12 AM",63.5659
"2017-09-09:12 AM",61.9648
"2017-09-10:12 AM",60.2701
"2017-09-11:12 AM",63.0266
"2017-09-12:12 AM",66.6261
"2017-09-13:12 AM",71.2612
"2017-09-14:12 AM",72.7257
"2017-09-15:12 AM",71.7265
"2017-09-16:12 AM",70.9754
"2017-09-17:12 AM",70.9714
"2017-09-18:12 AM",70.2255
"2017-09-19:12 AM",71.7976
"2017-09-20:12 AM",73.9062
"2017-09-21:12 AM",72.763
"2017-09-22:12 AM",73.1755
"2017-09-23:12 AM",74.2838
"2017-09-24:12 AM",71.7166
"2017-09-25:12 AM",71.9699
"2017-09-26:12 AM",71.5424
"2017-09-27:12 AM",75.9619
"2017-09-28:12 AM",71.7744
"2017-09-29:12 AM",60.7246
"2017-09-30:12 AM",60.4812
"2017-10-01:12 AM",55.7424
"2017-10-02:12 AM",58.8146
"2017-10-03:12 AM",60.9742
"2017-10-04:12 AM",60.6733
"2017-10-05:12 AM",69.1808
"2017-10-06:12 AM",71.0915
"2017-10-07:12 AM",72.6399
"2017-10-08:12 AM",77.0797
"2017-10-09:12 AM",75.2373
"2017-10-10:12 AM",74.7005
"2017-10-11:12 AM",69.9958
"2017-10-12:12 AM",64.4457
"2017-10-13:12 AM",63.3171
"2017-10-14:12 AM",65.4751
"2017-10-15:12 AM",68.6169
"2017-10-16:12 AM",61.1548
"2017-10-17:12 AM",48.8406
"2017-10-18:12 AM",53.7348
"2017-10-19:12 AM",58.3632
"2017-10-20:12 AM",62.1709
"2017-10-21:12 AM",60.5417
"2017-10-22:12 AM",60.5709
"2017-10-23:12 AM",66.6522
"2017-10-24:12 AM",70.4491
"2017-10-25:12 AM",58.6342
"2017-10-26:12 AM",51.7575
"2017-10-27:12 AM",53.2747
"2017-10-28:12 AM",61.266
"2017-10-29:12 AM",64.3302
"2017-10-30:12 AM",48.8232
"2017-10-31:12 AM",50.8491
"2017-11-01:12 AM",55.7148
"2017-11-02:12 AM",64.7035
"2017-11-03:12 AM",66.1419
"2017-11-04:12 AM",54.4577
"2017-11-05:12 AM",60.69
"2017-11-06:12 AM",63.7333
"2017-11-07:12 AM",46.7726
"2017-11-08:12 AM",44.598
"2017-11-09:12 AM",52.1155
"2017-11-10:12 AM",41.1168
"2017-11-11:12 AM",29.7163
"2017-11-12:12 AM",35.7724
"2017-11-13:12 AM",42.5287
"2017-11-14:12 AM",42.6704
"2017-11-15:12 AM",46.2855
"2017-11-16:12 AM",50.0045
"2017-11-17:12 AM",43.1715
"2017-11-18:12 AM",47.6821
"2017-11-19:12 AM",50.9632
"2017-11-20:12 AM",39.9198
"2017-11-21:12 AM",48.7746
"2017-11-22:12 AM",51.5129
"2017-11-23:12 AM",35.3115
"2017-11-24:12 AM",37.8572
"2017-11-25:12 AM",45.0802
"2017-11-26:12 AM",45.5616
"2017-11-27:12 AM",43.7265
"2017-11-28:12 AM",46.6518
"2017-11-29:12 AM",52.3927
"2017-11-30:12 AM",48.5062
"2017-12-01:12 AM",46.9854
"2017-12-02:12 AM",43.1114
"2017-12-03:12 AM",43.9437
"2017-12-04:12 AM",43.5915
"2017-12-05:12 AM",55.517
"2017-12-06:12 AM",46.6038
"2017-12-07:12 AM",41.6503
"2017-12-08:12 AM",37.2889
"2017-12-09:12 AM",32.1881
"2017-12-10:12 AM",29.689
"2017-12-11:12 AM",34.0234
"2017-12-12:12 AM",38.8567
"2017-12-13:12 AM",26.0834
"2017-12-14:12 AM",34.2356
"2017-12-15:12 AM",27.7975
"2017-12-16:12 AM",32.9421
"2017-12-17:12 AM",36.5362
"2017-12-18:12 AM",40.4647
"2017-12-19:12 AM",48.5245
"2017-12-20:12 AM",45.0284
"2017-12-21:12 AM",35.1988
"2017-12-22:12 AM",41.1289
"2017-12-23:12 AM",53.402
"2017-12-24:12 AM",40.3876
"2017-12-25:12 AM",33.3732
"2017-12-26:12 AM",29.3202
"2017-12-27:12 AM",25.7787
"2017-12-28:12 AM",18.4863
"2017-12-29:12 AM",20.5752
"2017-12-30:12 AM",24.9309
"2017-12-31:12 AM",16.8112
"2018-01-01:12 AM",13.8718
"2018-01-02:12 AM",15.8857
"2018-01-03:12 AM",23.2164
"2018-01-04:12 AM",22.8465
"2018-01-05:12 AM",10.4925
"2018-01-06:12 AM",8.5206
"2018-01-07:12 AM",8.4607
"2018-01-08:12 AM",24.9301
"2018-01-09:12 AM",34.7041
"2018-01-10:12 AM",34.3756
"2018-01-11:12 AM",46.0924
"2018-01-12:12 AM",58.5642
"2018-01-13:12 AM",38.3895
"2018-01-14:12 AM",20.0055
"2018-01-15:12 AM",25.578
"2018-01-16:12 AM",34.6861
"2018-01-17:12 AM",27.7437
"2018-01-18:12 AM",23.1384
"2018-01-19:12 AM",32.5969
"2018-01-20:12 AM",37.8374
"2018-01-21:12 AM",41.326
"2018-01-22:12 AM",49.1886
"2018-01-23:12 AM",51.4668
"2018-01-24:12 AM",37.2736
"2018-01-25:12 AM",31.1652
"2018-01-26:12 AM",30.9758
"2018-01-27:12 AM",42.102
"2018-01-28:12 AM",48.9407
"2018-01-29:12 AM",40.5883
"2018-01-30:12 AM",31.9813
"2018-01-31:12 AM",23.6037
"2018-02-01:12 AM",39.1806
"2018-02-02:12 AM",29.7334
"2018-02-03:12 AM",23.8582
"2018-02-04:12 AM",37.2808
"2018-02-05:12 AM",29.5398
"2018-02-06:12 AM",32.8487
"2018-02-07:12 AM",37.8572
"2018-02-08:12 AM",29.1058
"2018-02-09:12 AM",32.5054
"2018-02-10:12 AM",45.3909
"2018-02-11:12 AM",59.2552
"2018-02-12:12 AM",46.2043
"2018-02-13:12 AM",35.265
"2018-02-14:12 AM",39.7238
"2018-02-15:12 AM",55.5028
"2018-02-16:12 AM",57.3102
"2018-02-17:12 AM",36.5029
"2018-02-18:12 AM",36.9532
"2018-02-19:12 AM",42.7136
"2018-02-20:12 AM",57.8547
"2018-02-21:12 AM",62.8743
"2018-02-22:12 AM",50.3724
"2018-02-23:12 AM",42.1785
"2018-02-24:12 AM",46.4482
"2018-02-25:12 AM",49.6807
"2018-02-26:12 AM",46.6617
"2018-02-27:12 AM",42.7246
"2018-02-28:12 AM",46.4499
"2018-03-01:12 AM",49.1612
"2018-03-02:12 AM",38.9827
"2018-03-03:12 AM",36.7423
"2018-03-04:12 AM",37.0152
"2018-03-05:12 AM",34.3243
"2018-03-06:12 AM",36.5733
"2018-03-07:12 AM",35.9101
"2018-03-08:12 AM",34.5934
"2018-03-09:12 AM",33.6177
"2018-03-10:12 AM",34.729
"2018-03-11:12 AM",34.5668
"2018-03-12:12 AM",36.2262
"2018-03-13:12 AM",35.4816
"2018-03-14:12 AM",32.7389
"2018-03-15:12 AM",36.3328
"2018-03-16:12 AM",35.1498
"2018-03-17:12 AM",34.8411
"2018-03-18:12 AM",36.9802
"2018-03-19:12 AM",41.1269
"2018-03-20:12 AM",36.3794
"2018-03-21:12 AM",33.8828
"2018-03-22:12 AM",35.566
"2018-03-23:12 AM",37.1482
"2018-03-24:12 AM",38.0115
"2018-03-25:12 AM",36.9097
"2018-03-26:12 AM",36.5227
"2018-03-27:12 AM",37.7047
"2018-03-28:12 AM",44.3575
"2018-03-29:12 AM",52.7553
"2018-03-30:12 AM",59.3393
"2018-03-31:12 AM",43.5531
"2018-04-01:12 AM",50.6354
"2018-04-02:12 AM",43.0623
"2018-04-03:12 AM",43.6716
"2018-04-04:12 AM",52.4674
"2018-04-05:12 AM",37.5244
"2018-04-06:12 AM",48.668
"2018-04-07:12 AM",43.443
"2018-04-08:12 AM",37.5175
"2018-04-09:12 AM",39.2643
"2018-04-10:12 AM",42.0481
"2018-04-11:12 AM",43.0443
"2018-04-12:12 AM",53.5289
"2018-04-13:12 AM",63.2536
"2018-04-14:12 AM",66.4779
"2018-04-15:12 AM",53.935
"2018-04-16:12 AM",54.2583
"2018-04-17:12 AM",41.9936
"2018-04-18:12 AM",43.5556
"2018-04-19:12 AM",47.1499
"2018-04-20:12 AM",42.7512
"2018-04-21:12 AM",45.8015
"2018-04-22:12 AM",49.9951
"2018-04-23:12 AM",51.3763
"2018-04-24:12 AM",52.7088
"2018-04-25:12 AM",57.4511
"2018-04-26:12 AM",55.1518
"2018-04-27:12 AM",55.1719
"2018-04-28:12 AM",57.8559
"2018-04-29:12 AM",48.4106
"2018-04-30:12 AM",49.5477
"2018-05-01:12 AM",58.0177
"2018-05-02:12 AM",66.9873
"2018-05-03:12 AM",71.4823
"2018-05-04:12 AM",73.5073
"2018-05-05:12 AM",64.7834
"2018-05-06:12 AM",60.5532
"2018-05-07:12 AM",59.6743
"2018-05-08:12 AM",57.4792
"2018-05-09:12 AM",57.6594
"2018-05-10:12 AM",62.2191
"2018-05-11:12 AM",66.4835
"2018-05-12:12 AM",69.31
"2018-05-13:12 AM",59.2365
"2018-05-14:12 AM",63.219
"2018-05-15:12 AM",72.957
"2018-05-16:12 AM",67.4607
"2018-05-17:12 AM",64.4614
"2018-05-18:12 AM",59.0884
"2018-05-19:12 AM",63.7077
"2018-05-20:12 AM",72.1004
"2018-05-21:12 AM",65.9682
"2018-05-22:12 AM",64.0584
"2018-05-23:12 AM",69.2506
"2018-05-24:12 AM",67.6643
"2018-05-25:12 AM",69.7811
"2018-05-26:12 AM",75.4488
"2018-05-27:12 AM",73.4004
"2018-05-28:12 AM",61.7707
"2018-05-29:12 AM",69.5656
"2018-05-30:12 AM",67.2672
"2018-05-31:12 AM",69.5615
"2018-06-01:12 AM",75.1307
"2018-06-02:12 AM",75.0762
"2018-06-03:12 AM",63.7948
"2018-06-04:12 AM",62.5242
"2018-06-05:12 AM",66.7929
"2018-06-06:12 AM",62.5419
"2018-06-07:12 AM",61.4426
"2018-06-08:12 AM",69.1336
"2018-06-09:12 AM",72.8893
"2018-06-10:12 AM",67.7833
"2018-06-11:12 AM",61.3094
"2018-06-12:12 AM",63.0469
"2018-06-13:12 AM",71.8896
"2018-06-14:12 AM",73.1055
"2018-06-15:12 AM",68.967
"2018-06-16:12 AM",70.0572
"2018-06-17:12 AM",74.0608
"2018-06-18:12 AM",75.612
"2018-06-19:12 AM",78.6571
"2018-06-20:12 AM",74.8479
"2018-06-21:12 AM",74.3551
"2018-06-22:12 AM",68.8627
"2018-06-23:12 AM",73.3653
"2018-06-24:12 AM",76.7709
"2018-06-25:12 AM",72.4622
"2018-06-26:12 AM",69.2375
"2018-06-27:12 AM",71.3493
"2018-06-28:12 AM",77.4414
"2018-06-29:12 AM",78.6214
"2018-06-30:12 AM",78.885
"2018-07-01:12 AM",80.6639
"2018-07-02:12 AM",81.6886
"2018-07-03:12 AM",81.6197
"2018-07-04:12 AM",78.1684
"2018-07-05:12 AM",78.9989
"2018-07-06:12 AM",77.7794
"2018-07-07:12 AM",69.3849
"2018-07-08:12 AM",68.2331
"2018-07-09:12 AM",68.5576
"2018-07-10:12 AM",75.0454
"2018-07-11:12 AM",78.1133
"2018-07-12:12 AM",73.6209
"2018-07-13:12 AM",73.0924
"2018-07-14:12 AM",73.083
"2018-07-15:12 AM",77.2804
"2018-07-16:12 AM",79.466
"2018-07-17:12 AM",81.1474
"2018-07-18:12 AM",75.405
"2018-07-19:12 AM",73.0863
"2018-07-20:12 AM",72.2061
"2018-07-21:12 AM",71.3732
"2018-07-22:12 AM",75.2464
"2018-07-23:12 AM",77.5157
"2018-07-24:12 AM",76.3029
"2018-07-25:12 AM",75.1824
"2018-07-26:12 AM",76.6508
"2018-07-27:12 AM",78.2254
"2018-07-28:12 AM",76.9381
"2018-07-29:12 AM",73.9756
"2018-07-30:12 AM",70.0549
"2018-07-31:12 AM",74.671
"2018-08-01:12 AM",78.6263
"2018-08-02:12 AM",79.5164
"2018-08-03:12 AM",77.5819
"2018-08-04:12 AM",77.0367
"2018-08-05:12 AM",78.5979
"2018-08-06:12 AM",79.0808
"2018-08-07:12 AM",79.5259
"2018-08-08:12 AM",80.199
"2018-08-09:12 AM",78.7024
"2018-08-10:12 AM",78.9404
"2018-08-11:12 AM",77.8572
"2018-08-12:12 AM",76.467
"2018-08-13:12 AM",75.7288
"2018-08-14:12 AM",73.8572
"2018-08-15:12 AM",76.3142
"2018-08-16:12 AM",78.4711
"2018-08-17:12 AM",80.8131
"2018-08-18:12 AM",80.5726
"2018-08-19:12 AM",74.2806
"2018-08-20:12 AM",72.6215
"2018-08-21:12 AM",75.4151
"2018-08-22:12 AM",75.9006
"2018-08-23:12 AM",69.1723
"2018-08-24:12 AM",69.0921
"2018-08-25:12 AM",70.8912
"2018-08-26:12 AM",73.4576
"2018-08-27:12 AM",79.1922
"2018-08-28:12 AM",81.4332
"2018-08-29:12 AM",82.0396
"2018-08-30:12 AM",81.3817
"2018-08-31:12 AM",76.1083
"2018-09-01:12 AM",74.8603
"2018-09-02:12 AM",76.0084
"2018-09-03:12 AM",78.7365
"2018-09-04:12 AM",79.153
"2018-09-05:12 AM",79.9425
"2018-09-06:12 AM",80.9645
"2018-09-07:12 AM",78.8274
"2018-09-08:12 AM",71.7777
"2018-09-09:12 AM",66.349
"2018-09-10:12 AM",70.9567
"2018-09-11:12 AM",72.8611
"2018-09-12:12 AM",75.0974
"2018-09-13:12 AM",74.8002
"2018-09-14:12 AM",74.7718
"2018-09-15:12 AM",72.3618
"2018-09-16:12 AM",71.5037
"2018-09-17:12 AM",73.5004
"2018-09-18:12 AM",75.7846
"2018-09-19:12 AM",72.4656
"2018-09-20:12 AM",69.4886
"2018-09-21:12 AM",71.357
"2018-09-22:12 AM",71.8128
"2018-09-23:12 AM",65.1484
"2018-09-24:12 AM",64.996
"2018-09-25:12 AM",73.0672
"2018-09-26:12 AM",76.0906
"2018-09-27:12 AM",66.8383
"2018-09-28:12 AM",65.7595
"2018-09-29:12 AM",64.2256
"2018-09-30:12 AM",64.7569
"2018-10-01:12 AM",69.4459
"2018-10-02:12 AM",72.0709
"2018-10-03:12 AM",71.0787
"2018-10-04:12 AM",74.0622
"2018-10-05:12 AM",68.0418
"2018-10-06:12 AM",69.2337
"2018-10-07:12 AM",73.0902
"2018-10-08:12 AM",72.0657
"2018-10-09:12 AM",73.0834
"2018-10-10:12 AM",74.1479
"2018-10-11:12 AM",76.1275
"2018-10-12:12 AM",60.1133
"2018-10-13:12 AM",52.0786
"2018-10-14:12 AM",53.2513
"2018-10-15:12 AM",67.0001
"2018-10-16:12 AM",56.1454
"2018-10-17:12 AM",56.1252
"2018-10-18:12 AM",48.4273
"2018-10-19:12 AM",50.8658
"2018-10-20:12 AM",58.7253
"2018-10-21:12 AM",47.3824
"2018-10-22:12 AM",44.8108
"2018-10-23:12 AM",54.5774
"2018-10-24:12 AM",48.7623
"2018-10-25:12 AM",44.7564
"2018-10-26:12 AM",47.734
"2018-10-27:12 AM",54.7531
"2018-10-28:12 AM",51.3793
"2018-10-29:12 AM",51.9062
"2018-10-30:12 AM",48.5472
"2018-10-31:12 AM",55.3635
"2018-11-01:12 AM",63.4726
"2018-11-02:12 AM",68.6478
"2018-11-03:12 AM",54.9376
"2018-11-04:12 AM",47.3603
"2018-11-05:12 AM",56.3047
"2018-11-06:12 AM",61.5441
"2018-11-07:12 AM",56.6926
"2018-11-08:12 AM",52.0488
"2018-11-09:12 AM",53.028
"2018-11-10:12 AM",40.8988
"2018-11-11:12 AM",35.6407
"2018-11-12:12 AM",40.5531
"2018-11-13:12 AM",49.9473
"2018-11-14:12 AM",39.3699
"2018-11-15:12 AM",40.9948
"2018-11-16:12 AM",44.4114
"2018-11-17:12 AM",41.2542
"2018-11-18:12 AM",42.8576
"2018-11-19:12 AM",48.3566
"2018-11-20:12 AM",46.5885
"2018-11-21:12 AM",39.3937
"2018-11-22:12 AM",28.8934
"2018-11-23:12 AM",27.3763
"2018-11-24:12 AM",44.0609
"2018-11-25:12 AM",47.2762
"2018-11-26:12 AM",50.1172
"2018-11-27:12 AM",37.5609
"2018-11-28:12 AM",32.6597
"2018-11-29:12 AM",33.494
"2018-11-30:12 AM",37.8444
"2018-12-01:12 AM",41.5843
"2018-12-02:12 AM",57.5139
"2018-12-03:12 AM",53.6718
"2018-12-04:12 AM",39.3267
"2018-12-05:12 AM",32.8487
"2018-12-06:12 AM",34.3742
"2018-12-07:12 AM",34.6939
"2018-12-08:12 AM",31.5775
"2018-12-09:12 AM",33.1747
"2018-12-10:12 AM",32.5936
"2018-12-11:12 AM",32.1949
"2018-12-12:12 AM",35.1316
"2018-12-13:12 AM",41.3901
"2018-12-14:12 AM",45.2647
"2018-12-15:12 AM",51.0377
"2018-12-16:12 AM",46.9837
"2018-12-17:12 AM",41.9639
"2018-12-18:12 AM",36.0538
"2018-12-19:12 AM",36.4942
"2018-12-20:12 AM",43.084
"2018-12-21:12 AM",58.3797
"2018-12-22:12 AM",44.0607
"2018-12-23:12 AM",38.3094
"2018-12-24:12 AM",39.1606
"2018-12-25:12 AM",34.7821
"2018-12-26:12 AM",34.9327
"2018-12-27:12 AM",37.4288
"2018-12-28:12 AM",55.765
"2018-12-29:12 AM",49.0915
"2018-12-30:12 AM",40.269
"2018-12-31:12 AM",44.0109
"2019-01-01:12 AM",54.1121
"2019-01-02:12 AM",41.6199
"2019-01-03:12 AM",43.3513
"2019-01-04:12 AM",40.3423
"2019-01-05:12 AM",46.2915
"2019-01-06:12 AM",43.3276
"2019-01-07:12 AM",34.0839
"2019-01-08:12 AM",45.0054
"2019-01-09:12 AM",41.4882
"2019-01-10:12 AM",31.0113
"2019-01-11:12 AM",28.8667
"2019-01-12:12 AM",30.5058
"2019-01-13:12 AM",30.0769
"2019-01-14:12 AM",24.6391
"2019-01-15:12 AM",26.4088
"2019-01-16:12 AM",30.3075
"2019-01-17:12 AM",31.0149
"2019-01-18:12 AM",34.7542
"2019-01-19:12 AM",36.847
"2019-01-20:12 AM",40.0687
"2019-01-21:12 AM",14.1199
"2019-01-22:12 AM",20.7943
"2019-01-23:12 AM",39.5796
"2019-01-24:12 AM",50.616
"2019-01-25:12 AM",32.7763
"2019-01-26:12 AM",30.6788
"2019-01-27:12 AM",37.1741
"2019-01-28:12 AM",30.7134
"2019-01-29:12 AM",34.4597
"2019-01-30:12 AM",23.1055
"2019-01-31:12 AM",14.119
"2019-02-01:12 AM",18.9511
"2019-02-02:12 AM",21.5685
"2019-02-03:12 AM",32.6111
"2019-02-04:12 AM",37.2157
"2019-02-05:12 AM",43.1321
"2019-02-06:12 AM",47.0034
"2019-02-07:12 AM",45.3576
"2019-02-08:12 AM",44.7651
"2019-02-09:12 AM",28.6471
"2019-02-10:12 AM",29.446
"2019-02-11:12 AM",32.0412
"2019-02-12:12 AM",39.2916
"2019-02-13:12 AM",37.7429
"2019-02-14:12 AM",38.5884
"2019-02-15:12 AM",52.2979
"2019-02-16:12 AM",39.6878
"2019-02-17:12 AM",34.7497
"2019-02-18:12 AM",39.0913
"2019-02-19:12 AM",32.0297
"2019-02-20:12 AM",34.4131
"2019-02-21:12 AM",39.0146
"2019-02-22:12 AM",41.191
"2019-02-23:12 AM",39.6014
"2019-02-24:12 AM",43.776
"2019-02-25:12 AM",35.7211
"2019-02-26:12 AM",34.8528
"2019-02-27:12 AM",33.5365
"2019-02-28:12 AM",35.0803
"2019-03-01:12 AM",34.7374
"2019-03-02:12 AM",36.3445
"2019-03-03:12 AM",37.4477
"2019-03-04:12 AM",32.7839
"2019-03-05:12 AM",28.6594
"2019-03-06:12 AM",24.0481
"2019-03-07:12 AM",28.4934
"2019-03-08:12 AM",33.031
"2019-03-09:12 AM",34.6384
"2019-03-10:12 AM",48.1714
"2019-03-11:12 AM",47.158
"2019-03-12:12 AM",38.5799
"2019-03-13:12 AM",39.4887
"2019-03-14:12 AM",49.3578
"2019-03-15:12 AM",60.6814