"DateTime","(deg F) Mean Temperature (CFSR) at Georgia, 2010-01-01 to 2019-03-14"
"2010-01-01:12 AM",43.4439
"2010-01-02:12 AM",32.1449
"2010-01-03:12 AM",29.2381
"2010-01-04:12 AM",28.0609
"2010-01-05:12 AM",27.4953
"2010-01-06:12 AM",28.5237
"2010-01-07:12 AM",33.0868
"2010-01-08:12 AM",29.071
"2010-01-09:12 AM",26.1984
"2010-01-10:12 AM",26.1948
"2010-01-11:12 AM",29.1666
"2010-01-12:12 AM",33.5003
"2010-01-13:12 AM",31.8871
"2010-01-14:12 AM",37.2196
"2010-01-15:12 AM",42.9892
"2010-01-16:12 AM",50.4349
"2010-01-17:12 AM",54.5281
"2010-01-18:12 AM",49.2755
"2010-01-19:12 AM",50.5927
"2010-01-20:12 AM",53.2639
"2010-01-21:12 AM",56.068
"2010-01-22:12 AM",51.8576
"2010-01-23:12 AM",46.7344
"2010-01-24:12 AM",57.0555
"2010-01-25:12 AM",51.3653
"2010-01-26:12 AM",42.9057
"2010-01-27:12 AM",39.0159
"2010-01-28:12 AM",43.5888
"2010-01-29:12 AM",46.1898
"2010-01-30:12 AM",44.5622
"2010-01-31:12 AM",35.0071
"2010-02-01:12 AM",39.6261
"2010-02-02:12 AM",46.0166
"2010-02-03:12 AM",43.9601
"2010-02-04:12 AM",44.5257
"2010-02-05:12 AM",48.7938
"2010-02-06:12 AM",43.6755
"2010-02-07:12 AM",38.2701
"2010-02-08:12 AM",40.8043
"2010-02-09:12 AM",45.2806
"2010-02-10:12 AM",32.9121
"2010-02-11:12 AM",35.2891
"2010-02-12:12 AM",34.9857
"2010-02-13:12 AM",33.883
"2010-02-14:12 AM",38.0417
"2010-02-15:12 AM",39.6063
"2010-02-16:12 AM",32.0909
"2010-02-17:12 AM",33.5304
"2010-02-18:12 AM",36.6762
"2010-02-19:12 AM",41.4441
"2010-02-20:12 AM",44.5467
"2010-02-21:12 AM",48.826
"2010-02-22:12 AM",53.9235
"2010-02-23:12 AM",50.2875
"2010-02-24:12 AM",41.6035
"2010-02-25:12 AM",33.6825
"2010-02-26:12 AM",35.9125
"2010-02-27:12 AM",38.3481
"2010-02-28:12 AM",40.7435
"2010-03-01:12 AM",43.1346
"2010-03-02:12 AM",42.7136
"2010-03-03:12 AM",39.2025
"2010-03-04:12 AM",38.023
"2010-03-05:12 AM",40.1031
"2010-03-06:12 AM",41.047
"2010-03-07:12 AM",44.1324
"2010-03-08:12 AM",50.1147
"2010-03-09:12 AM",54.8973
"2010-03-10:12 AM",54.8913
"2010-03-11:12 AM",57.9583
"2010-03-12:12 AM",58.0429
"2010-03-13:12 AM",51.1219
"2010-03-14:12 AM",47.6861
"2010-03-15:12 AM",49.1117
"2010-03-16:12 AM",49.255
"2010-03-17:12 AM",49.7914
"2010-03-18:12 AM",49.2978
"2010-03-19:12 AM",54.6832
"2010-03-20:12 AM",56.8018
"2010-03-21:12 AM",56.5855
"2010-03-22:12 AM",45.3157
"2010-03-23:12 AM",49.6297
"2010-03-24:12 AM",56.2275
"2010-03-25:12 AM",58.3952
"2010-03-26:12 AM",54.4051
"2010-03-27:12 AM",50.7094
"2010-03-28:12 AM",59.3868
"2010-03-29:12 AM",53.9584
"2010-03-30:12 AM",53.6373
"2010-03-31:12 AM",57.4327
"2010-04-01:12 AM",62.3692
"2010-04-02:12 AM",64.5728
"2010-04-03:12 AM",64.589
"2010-04-04:12 AM",67.1518
"2010-04-05:12 AM",68.9101
"2010-04-06:12 AM",69.6439
"2010-04-07:12 AM",68.229
"2010-04-08:12 AM",65.8211
"2010-04-09:12 AM",57.1125
"2010-04-10:12 AM",57.2446
"2010-04-11:12 AM",59.6453
"2010-04-12:12 AM",61.6932
"2010-04-13:12 AM",63.2228
"2010-04-14:12 AM",65.043
"2010-04-15:12 AM",63.6901
"2010-04-16:12 AM",65.4814
"2010-04-17:12 AM",67.9006
"2010-04-18:12 AM",64.4101
"2010-04-19:12 AM",60.9683
"2010-04-20:12 AM",61.1427
"2010-04-21:12 AM",61.7675
"2010-04-22:12 AM",63.5538
"2010-04-23:12 AM",68.7893
"2010-04-24:12 AM",68.5135
"2010-04-25:12 AM",71.4267
"2010-04-26:12 AM",64.3705
"2010-04-27:12 AM",59.0563
"2010-04-28:12 AM",56.2912
"2010-04-29:12 AM",60.5323
"2010-04-30:12 AM",67.5586
"2010-05-01:12 AM",73.4724
"2010-05-02:12 AM",78.6277
"2010-05-03:12 AM",75.8802
"2010-05-04:12 AM",70.8958
"2010-05-05:12 AM",70.8595
"2010-05-06:12 AM",74.6202
"2010-05-07:12 AM",75.9605
"2010-05-08:12 AM",73.0996
"2010-05-09:12 AM",62.4286
"2010-05-10:12 AM",63.0608
"2010-05-11:12 AM",68.2102
"2010-05-12:12 AM",73.9312
"2010-05-13:12 AM",74.811
"2010-05-14:12 AM",75.8295
"2010-05-15:12 AM",75.826
"2010-05-16:12 AM",74.6897
"2010-05-17:12 AM",72.8415
"2010-05-18:12 AM",72.8764
"2010-05-19:12 AM",71.7872
"2010-05-20:12 AM",73.42
"2010-05-21:12 AM",74.2372
"2010-05-22:12 AM",74.968
"2010-05-23:12 AM",77.6887
"2010-05-24:12 AM",74.4904
"2010-05-25:12 AM",72.6235
"2010-05-26:12 AM",73.2225
"2010-05-27:12 AM",76.9789
"2010-05-28:12 AM",77.4621
"2010-05-29:12 AM",73.7159
"2010-05-30:12 AM",73.2407
"2010-05-31:12 AM",74.8337
"2010-06-01:12 AM",76.3833
"2010-06-02:12 AM",76.0323
"2010-06-03:12 AM",77.2185
"2010-06-04:12 AM",76.962
"2010-06-05:12 AM",78.967
"2010-06-06:12 AM",79.0533
"2010-06-07:12 AM",78.0757
"2010-06-08:12 AM",76.3164
"2010-06-09:12 AM",79.3438
"2010-06-10:12 AM",81.4602
"2010-06-11:12 AM",83.8119
"2010-06-12:12 AM",84.5785
"2010-06-13:12 AM",86.0997
"2010-06-14:12 AM",85.8643
"2010-06-15:12 AM",87.2976
"2010-06-16:12 AM",83.1288
"2010-06-17:12 AM",83.6832
"2010-06-18:12 AM",83.1733
"2010-06-19:12 AM",83.2811
"2010-06-20:12 AM",83.4244
"2010-06-21:12 AM",81.5835
"2010-06-22:12 AM",83.3934
"2010-06-23:12 AM",84.8844
"2010-06-24:12 AM",85.2498
"2010-06-25:12 AM",85.1911
"2010-06-26:12 AM",85.2863
"2010-06-27:12 AM",83.9062
"2010-06-28:12 AM",82.5413
"2010-06-29:12 AM",82.4058
"2010-06-30:12 AM",79.0029
"2010-07-01:12 AM",78.1686
"2010-07-02:12 AM",77.9754
"2010-07-03:12 AM",75.5132
"2010-07-04:12 AM",76.6758
"2010-07-05:12 AM",78.0685
"2010-07-06:12 AM",80.0843
"2010-07-07:12 AM",82.8637
"2010-07-08:12 AM",85.9782
"2010-07-09:12 AM",87.8925
"2010-07-10:12 AM",83.0786
"2010-07-11:12 AM",83.3833
"2010-07-12:12 AM",80.3043
"2010-07-13:12 AM",81.8924
"2010-07-14:12 AM",82.2133
"2010-07-15:12 AM",83.3358
"2010-07-16:12 AM",81.6404
"2010-07-17:12 AM",79.41
"2010-07-18:12 AM",81.3022
"2010-07-19:12 AM",83.0413
"2010-07-20:12 AM",85.1349
"2010-07-21:12 AM",86.4871
"2010-07-22:12 AM",87.0388
"2010-07-23:12 AM",88.0983
"2010-07-24:12 AM",86.1163
"2010-07-25:12 AM",85.6276
"2010-07-26:12 AM",85.5336
"2010-07-27:12 AM",85.0357
"2010-07-28:12 AM",84.1271
"2010-07-29:12 AM",87.4207
"2010-07-30:12 AM",87.8842
"2010-07-31:12 AM",86.4212
"2010-08-01:12 AM",84.785
"2010-08-02:12 AM",82.6358
"2010-08-03:12 AM",83.0826
"2010-08-04:12 AM",83.4147
"2010-08-05:12 AM",84.8421
"2010-08-06:12 AM",82.3129
"2010-08-07:12 AM",82.5125
"2010-08-08:12 AM",83.1546
"2010-08-09:12 AM",84.3987
"2010-08-10:12 AM",84.6145
"2010-08-11:12 AM",84.7735
"2010-08-12:12 AM",83.3016
"2010-08-13:12 AM",84.6565
"2010-08-14:12 AM",81.248
"2010-08-15:12 AM",80.8412
"2010-08-16:12 AM",80.7388
"2010-08-17:12 AM",81.6921
"2010-08-18:12 AM",81.9635
"2010-08-19:12 AM",80.5692
"2010-08-20:12 AM",81.3999
"2010-08-21:12 AM",80.4972
"2010-08-22:12 AM",82.5197
"2010-08-23:12 AM",81.7
"2010-08-24:12 AM",80.427
"2010-08-25:12 AM",80.7102
"2010-08-26:12 AM",80.035
"2010-08-27:12 AM",77.5942
"2010-08-28:12 AM",76.7867
"2010-08-29:12 AM",76.0672
"2010-08-30:12 AM",76.1673
"2010-08-31:12 AM",77.7326
"2010-09-01:12 AM",77.8332
"2010-09-02:12 AM",77.1121
"2010-09-03:12 AM",80.1676
"2010-09-04:12 AM",77.8172
"2010-09-05:12 AM",72.6877
"2010-09-06:12 AM",76.2519
"2010-09-07:12 AM",78.8605
"2010-09-08:12 AM",79.6514
"2010-09-09:12 AM",81.6946
"2010-09-10:12 AM",81.1755
"2010-09-11:12 AM",81.5985
"2010-09-12:12 AM",79.4242
"2010-09-13:12 AM",75.4092
"2010-09-14:12 AM",74.5113
"2010-09-15:12 AM",75.7767
"2010-09-16:12 AM",75.5379
"2010-09-17:12 AM",79.678
"2010-09-18:12 AM",80.4844
"2010-09-19:12 AM",77.9576
"2010-09-20:12 AM",77.8483
"2010-09-21:12 AM",79.9659
"2010-09-22:12 AM",79.3441
"2010-09-23:12 AM",77.774
"2010-09-24:12 AM",78.2434
"2010-09-25:12 AM",78.1657
"2010-09-26:12 AM",72.5938
"2010-09-27:12 AM",69.1641
"2010-09-28:12 AM",65.4435
"2010-09-29:12 AM",65.8839
"2010-09-30:12 AM",68.7873
"2010-10-01:12 AM",67.5984
"2010-10-02:12 AM",64.767
"2010-10-03:12 AM",62.1824
"2010-10-04:12 AM",57.9688
"2010-10-05:12 AM",57.2454
"2010-10-06:12 AM",57.8849
"2010-10-07:12 AM",62.9836
"2010-10-08:12 AM",66.774
"2010-10-09:12 AM",65.4775
"2010-10-10:12 AM",66.5125
"2010-10-11:12 AM",70.2153
"2010-10-12:12 AM",70.68
"2010-10-13:12 AM",70.1274
"2010-10-14:12 AM",68.1931
"2010-10-15:12 AM",61.0439
"2010-10-16:12 AM",58.7836
"2010-10-17:12 AM",58.8976
"2010-10-18:12 AM",62.9807
"2010-10-19:12 AM",65.4292
"2010-10-20:12 AM",67.1695
"2010-10-21:12 AM",63.948
"2010-10-22:12 AM",62.6702
"2010-10-23:12 AM",62.1851
"2010-10-24:12 AM",67.872
"2010-10-25:12 AM",70.6627
"2010-10-26:12 AM",75.2108
"2010-10-27:12 AM",75.8507
"2010-10-28:12 AM",71.0659
"2010-10-29:12 AM",58.9314
"2010-10-30:12 AM",55.9915
"2010-10-31:12 AM",60.087
"2010-11-01:12 AM",61.1686
"2010-11-02:12 AM",59.1285
"2010-11-03:12 AM",54.9021
"2010-11-04:12 AM",54.5806
"2010-11-05:12 AM",47.9797
"2010-11-06:12 AM",43.3963
"2010-11-07:12 AM",43.5364
"2010-11-08:12 AM",49.3745
"2010-11-09:12 AM",56.5995
"2010-11-10:12 AM",57.7168
"2010-11-11:12 AM",57.8763
"2010-11-12:12 AM",55.0521
"2010-11-13:12 AM",50.9859
"2010-11-14:12 AM",52.5258
"2010-11-15:12 AM",59.7961
"2010-11-16:12 AM",63.5875
"2010-11-17:12 AM",53.458
"2010-11-18:12 AM",50.0774
"2010-11-19:12 AM",51.4216
"2010-11-20:12 AM",55.1435
"2010-11-21:12 AM",59.0902
"2010-11-22:12 AM",61.0743
"2010-11-23:12 AM",65.4939
"2010-11-24:12 AM",62.2936
"2010-11-25:12 AM",64.1034
"2010-11-26:12 AM",60.6744
"2010-11-27:12 AM",44.8225
"2010-11-28:12 AM",44.6288
"2010-11-29:12 AM",51.4492
"2010-11-30:12 AM",65.2192
"2010-12-01:12 AM",43.3377
"2010-12-02:12 AM",38.7358
"2010-12-03:12 AM",43.8359
"2010-12-04:12 AM",49.6171
"2010-12-05:12 AM",43.3888
"2010-12-06:12 AM",33.3244
"2010-12-07:12 AM",31.8618
"2010-12-08:12 AM",30.7186
"2010-12-09:12 AM",32.2201
"2010-12-10:12 AM",37.3021
"2010-12-11:12 AM",43.3819
"2010-12-12:12 AM",41.3479
"2010-12-13:12 AM",27.4663
"2010-12-14:12 AM",25.4592
"2010-12-15:12 AM",30.1894
"2010-12-16:12 AM",46.2672
"2010-12-17:12 AM",50.2981
"2010-12-18:12 AM",44.2351
"2010-12-19:12 AM",38.3599
"2010-12-20:12 AM",37.2943
"2010-12-21:12 AM",44.681
"2010-12-22:12 AM",56.6235
"2010-12-23:12 AM",41.409
"2010-12-24:12 AM",37.4293
"2010-12-25:12 AM",39.5537
"2010-12-26:12 AM",32.9423
"2010-12-27:12 AM",30.7411
"2010-12-28:12 AM",32.3526
"2010-12-29:12 AM",37.2441
"2010-12-30:12 AM",44.0384
"2010-12-31:12 AM",53.4481
"2011-01-01:12 AM",59.1766
"2011-01-02:12 AM",52.3683
"2011-01-03:12 AM",37.8835
"2011-01-04:12 AM",40.7232
"2011-01-05:12 AM",41.7366
"2011-01-06:12 AM",44.4173
"2011-01-07:12 AM",43.8436
"2011-01-08:12 AM",41.4633
"2011-01-09:12 AM",32.4635
"2011-01-10:12 AM",32.3085
"2011-01-11:12 AM",33.4801
"2011-01-12:12 AM",28.1052
"2011-01-13:12 AM",26.0913
"2011-01-14:12 AM",27.4501
"2011-01-15:12 AM",32.2957
"2011-01-16:12 AM",39.0337
"2011-01-17:12 AM",41.6592
"2011-01-18:12 AM",45.5324
"2011-01-19:12 AM",47.3819
"2011-01-20:12 AM",43.1103
"2011-01-21:12 AM",40.3849
"2011-01-22:12 AM",34.3665
"2011-01-23:12 AM",33.5035
"2011-01-24:12 AM",39.3613
"2011-01-25:12 AM",43.3807
"2011-01-26:12 AM",43.5857
"2011-01-27:12 AM",38.4345
"2011-01-28:12 AM",44.3592
"2011-01-29:12 AM",48.8998
"2011-01-30:12 AM",53.7674
"2011-01-31:12 AM",53.488
"2011-02-01:12 AM",52.2991
"2011-02-02:12 AM",51.019
"2011-02-03:12 AM",38.5993
"2011-02-04:12 AM",39.7045
"2011-02-05:12 AM",44.031
"2011-02-06:12 AM",39.7056
"2011-02-07:12 AM",41.4097
"2011-02-08:12 AM",37.7078
"2011-02-09:12 AM",37.5163
"2011-02-10:12 AM",38.9516
"2011-02-11:12 AM",38.5318
"2011-02-12:12 AM",39.063
"2011-02-13:12 AM",43.6447
"2011-02-14:12 AM",48.3661
"2011-02-15:12 AM",50.191
"2011-02-16:12 AM",50.7403
"2011-02-17:12 AM",55.704
"2011-02-18:12 AM",57.1564
"2011-02-19:12 AM",60.2632
"2011-02-20:12 AM",56.8771
"2011-02-21:12 AM",59.2894
"2011-02-22:12 AM",62.6697
"2011-02-23:12 AM",53.497
"2011-02-24:12 AM",56.6409
"2011-02-25:12 AM",61.3407
"2011-02-26:12 AM",54.0847
"2011-02-27:12 AM",60.8702
"2011-02-28:12 AM",66.2256
"2011-03-01:12 AM",56.743
"2011-03-02:12 AM",52.0056
"2011-03-03:12 AM",55.0272
"2011-03-04:12 AM",51.6024
"2011-03-05:12 AM",57.1168
"2011-03-06:12 AM",53.5528
"2011-03-07:12 AM",43.2275
"2011-03-08:12 AM",50.7871
"2011-03-09:12 AM",60.0109
"2011-03-10:12 AM",51.9442
"2011-03-11:12 AM",43.4916
"2011-03-12:12 AM",49.0536
"2011-03-13:12 AM",56.6679
"2011-03-14:12 AM",59.7315
"2011-03-15:12 AM",57.9294
"2011-03-16:12 AM",56.0217
"2011-03-17:12 AM",56.1468
"2011-03-18:12 AM",62.7687
"2011-03-19:12 AM",66.5213
"2011-03-20:12 AM",62.5968
"2011-03-21:12 AM",63.9995
"2011-03-22:12 AM",67.0098
"2011-03-23:12 AM",68.3317
"2011-03-24:12 AM",63.043
"2011-03-25:12 AM",53.0587
"2011-03-26:12 AM",60.2397
"2011-03-27:12 AM",62.2929
"2011-03-28:12 AM",51.1052
"2011-03-29:12 AM",48.7497
"2011-03-30:12 AM",56.9122
"2011-03-31:12 AM",54.8951
"2011-04-01:12 AM",50.1705
"2011-04-02:12 AM",56.5236
"2011-04-03:12 AM",59.3344
"2011-04-04:12 AM",67.1596
"2011-04-05:12 AM",55.0767
"2011-04-06:12 AM",52.1647
"2011-04-07:12 AM",58.9678
"2011-04-08:12 AM",69.0744
"2011-04-09:12 AM",73.4565
"2011-04-10:12 AM",73.5888
"2011-04-11:12 AM",72.3405
"2011-04-12:12 AM",65.0019
"2011-04-13:12 AM",59.9689
"2011-04-14:12 AM",62.3743
"2011-04-15:12 AM",65.3599
"2011-04-16:12 AM",64.5483
"2011-04-17:12 AM",56.9928
"2011-04-18:12 AM",62.5964
"2011-04-19:12 AM",69.085
"2011-04-20:12 AM",72.2467
"2011-04-21:12 AM",72.4806
"2011-04-22:12 AM",71.195
"2011-04-23:12 AM",70.227
"2011-04-24:12 AM",72.5326
"2011-04-25:12 AM",71.6551
"2011-04-26:12 AM",73.3829
"2011-04-27:12 AM",75.7083
"2011-04-28:12 AM",67.6949
"2011-04-29:12 AM",62.1907
"2011-04-30:12 AM",65.4314
"2011-05-01:12 AM",69.7424
"2011-05-02:12 AM",71.7753
"2011-05-03:12 AM",71.0766
"2011-05-04:12 AM",59.6539
"2011-05-05:12 AM",57.2896
"2011-05-06:12 AM",63.0154
"2011-05-07:12 AM",65.3625
"2011-05-08:12 AM",70.097
"2011-05-09:12 AM",75.2085
"2011-05-10:12 AM",78.4096
"2011-05-11:12 AM",79.6084
"2011-05-12:12 AM",77.7108
"2011-05-13:12 AM",77.2147
"2011-05-14:12 AM",69.2299
"2011-05-15:12 AM",63.0547
"2011-05-16:12 AM",59.3083
"2011-05-17:12 AM",59.81
"2011-05-18:12 AM",58.883
"2011-05-19:12 AM",66.0052
"2011-05-20:12 AM",73.8477
"2011-05-21:12 AM",77.1969
"2011-05-22:12 AM",80.0467
"2011-05-23:12 AM",80.1725
"2011-05-24:12 AM",81.4204
"2011-05-25:12 AM",80.9202
"2011-05-26:12 AM",77.7839
"2011-05-27:12 AM",74.0808
"2011-05-28:12 AM",76.8267
"2011-05-29:12 AM",80.0753
"2011-05-30:12 AM",80.2211
"2011-05-31:12 AM",80.8776
"2011-06-01:12 AM",84.2385
"2011-06-02:12 AM",83.0826
"2011-06-03:12 AM",83.1693
"2011-06-04:12 AM",81.6357
"2011-06-05:12 AM",83.6236
"2011-06-06:12 AM",82.6335
"2011-06-07:12 AM",81.4213
"2011-06-08:12 AM",80.8704
"2011-06-09:12 AM",81.5569
"2011-06-10:12 AM",80.7381
"2011-06-11:12 AM",81.4152
"2011-06-12:12 AM",83.0703
"2011-06-13:12 AM",83.9221
"2011-06-14:12 AM",82.8075
"2011-06-15:12 AM",82.7235
"2011-06-16:12 AM",80.9442
"2011-06-17:12 AM",81.2219
"2011-06-18:12 AM",81.5526
"2011-06-19:12 AM",86.0421
"2011-06-20:12 AM",87.2076
"2011-06-21:12 AM",86.8685
"2011-06-22:12 AM",83.6431
"2011-06-23:12 AM",78.94
"2011-06-24:12 AM",81.0282
"2011-06-25:12 AM",80.6295
"2011-06-26:12 AM",83.9059
"2011-06-27:12 AM",80.9082
"2011-06-28:12 AM",80.1311
"2011-06-29:12 AM",80.5512
"2011-06-30:12 AM",81.0518
"2011-07-01:12 AM",82.5417
"2011-07-02:12 AM",83.6308
"2011-07-03:12 AM",83.6463
"2011-07-04:12 AM",80.9731
"2011-07-05:12 AM",80.7107
"2011-07-06:12 AM",82.6174
"2011-07-07:12 AM",83.2978
"2011-07-08:12 AM",82.4556
"2011-07-09:12 AM",81.2098
"2011-07-10:12 AM",81.6859
"2011-07-11:12 AM",83.4357
"2011-07-12:12 AM",86.9999
"2011-07-13:12 AM",86.6716
"2011-07-14:12 AM",83.2867
"2011-07-15:12 AM",77.0058
"2011-07-16:12 AM",75.2758
"2011-07-17:12 AM",77.1388
"2011-07-18:12 AM",79.1359
"2011-07-19:12 AM",82.1129
"2011-07-20:12 AM",83.4861
"2011-07-21:12 AM",82.9076
"2011-07-22:12 AM",84.4416
"2011-07-23:12 AM",83.2586
"2011-07-24:12 AM",83.736
"2011-07-25:12 AM",81.3366
"2011-07-26:12 AM",80.2913
"2011-07-27:12 AM",79.2113
"2011-07-28:12 AM",80.3811
"2011-07-29:12 AM",82.9002
"2011-07-30:12 AM",85.2674
"2011-07-31:12 AM",85.9474
"2011-08-01:12 AM",83.0032
"2011-08-02:12 AM",85.0741
"2011-08-03:12 AM",86.7997
"2011-08-04:12 AM",86.6111
"2011-08-05:12 AM",84.5737
"2011-08-06:12 AM",83.5466
"2011-08-07:12 AM",82.5168
"2011-08-08:12 AM",83.9637
"2011-08-09:12 AM",82.051
"2011-08-10:12 AM",82.3924
"2011-08-11:12 AM",84.2324
"2011-08-12:12 AM",83.493
"2011-08-13:12 AM",81.8598
"2011-08-14:12 AM",80.1493
"2011-08-15:12 AM",77.8901
"2011-08-16:12 AM",78.3504
"2011-08-17:12 AM",79.9851
"2011-08-18:12 AM",80.7462
"2011-08-19:12 AM",81.9196
"2011-08-20:12 AM",82.0335
"2011-08-21:12 AM",82.0114
"2011-08-22:12 AM",83.057
"2011-08-23:12 AM",81.1063
"2011-08-24:12 AM",80.1374
"2011-08-25:12 AM",81.0502
"2011-08-26:12 AM",83.8765
"2011-08-27:12 AM",84.609
"2011-08-28:12 AM",79.9507
"2011-08-29:12 AM",80.6428
"2011-08-30:12 AM",81.0277
"2011-08-31:12 AM",80.1595
"2011-09-01:12 AM",80.0904
"2011-09-02:12 AM",79.1805
"2011-09-03:12 AM",80.6117
"2011-09-04:12 AM",76.6585
"2011-09-05:12 AM",75.2992
"2011-09-06:12 AM",68.3974
"2011-09-07:12 AM",64.6846
"2011-09-08:12 AM",65.7306
"2011-09-09:12 AM",69.0739
"2011-09-10:12 AM",70.0975
"2011-09-11:12 AM",72.772
"2011-09-12:12 AM",73.8189
"2011-09-13:12 AM",75.7067
"2011-09-14:12 AM",76.9773
"2011-09-15:12 AM",74.8283
"2011-09-16:12 AM",67.5408
"2011-09-17:12 AM",66.2292
"2011-09-18:12 AM",67.6418
"2011-09-19:12 AM",68.2768
"2011-09-20:12 AM",70.4651
"2011-09-21:12 AM",74.0509
"2011-09-22:12 AM",73.2346
"2011-09-23:12 AM",73.4405
"2011-09-24:12 AM",71.2103
"2011-09-25:12 AM",72.745
"2011-09-26:12 AM",75.416
"2011-09-27:12 AM",74.0406
"2011-09-28:12 AM",73.5246
"2011-09-29:12 AM",71.3064
"2011-09-30:12 AM",69.8994
"2011-10-01:12 AM",59.6385
"2011-10-02:12 AM",55.1847
"2011-10-03:12 AM",57.7445
"2011-10-04:12 AM",61.6897
"2011-10-05:12 AM",63.797
"2011-10-06:12 AM",65.7576
"2011-10-07:12 AM",66.272
"2011-10-08:12 AM",67.1054
"2011-10-09:12 AM",66.7616
"2011-10-10:12 AM",65.3517
"2011-10-11:12 AM",64.9668
"2011-10-12:12 AM",65.4856
"2011-10-13:12 AM",66.8316
"2011-10-14:12 AM",63.9441
"2011-10-15:12 AM",65.0206
"2011-10-16:12 AM",64.2367
"2011-10-17:12 AM",66.1973
"2011-10-18:12 AM",67.5252
"2011-10-19:12 AM",59.3794
"2011-10-20:12 AM",49.6855
"2011-10-21:12 AM",50.0556
"2011-10-22:12 AM",50.9148
"2011-10-23:12 AM",52.0875
"2011-10-24:12 AM",57.8005
"2011-10-25:12 AM",60.1687
"2011-10-26:12 AM",60.8457
"2011-10-27:12 AM",64.0821
"2011-10-28:12 AM",62.9155
"2011-10-29:12 AM",54.2547
"2011-10-30:12 AM",48.369
"2011-10-31:12 AM",50.6617
"2011-11-01:12 AM",51.022
"2011-11-02:12 AM",51.9121
"2011-11-03:12 AM",56.4109
"2011-11-04:12 AM",52.2486
"2011-11-05:12 AM",50.3631
"2011-11-06:12 AM",51.4062
"2011-11-07:12 AM",57.0835
"2011-11-08:12 AM",59.153
"2011-11-09:12 AM",60.2973
"2011-11-10:12 AM",54.6107
"2011-11-11:12 AM",44.9924
"2011-11-12:12 AM",45.5596
"2011-11-13:12 AM",54.7965
"2011-11-14:12 AM",62.1023
"2011-11-15:12 AM",67.3212
"2011-11-16:12 AM",69.5041
"2011-11-17:12 AM",58.6031
"2011-11-18:12 AM",45.6807
"2011-11-19:12 AM",48.5362
"2011-11-20:12 AM",59.934
"2011-11-21:12 AM",65.9671
"2011-11-22:12 AM",66.6617
"2011-11-23:12 AM",61.7718
"2011-11-24:12 AM",51.7532
"2011-11-25:12 AM",50.7592
"2011-11-26:12 AM",58.5441
"2011-11-27:12 AM",63.9907
"2011-11-28:12 AM",56.7072
"2011-11-29:12 AM",41.8392
"2011-11-30:12 AM",40.7642
"2011-12-01:12 AM",42.2199
"2011-12-02:12 AM",44.073
"2011-12-03:12 AM",47.4112
"2011-12-04:12 AM",51.2492
"2011-12-05:12 AM",59.3955
"2011-12-06:12 AM",63.2376
"2011-12-07:12 AM",53.2278
"2011-12-08:12 AM",40.6683
"2011-12-09:12 AM",45.0039
"2011-12-10:12 AM",46.683
"2011-12-11:12 AM",42.5822
"2011-12-12:12 AM",44.461
"2011-12-13:12 AM",50.1028
"2011-12-14:12 AM",54.2446
"2011-12-15:12 AM",58.1554
"2011-12-16:12 AM",60.7147
"2011-12-17:12 AM",52.8678
"2011-12-18:12 AM",43.6559
"2011-12-19:12 AM",46.5555
"2011-12-20:12 AM",55.7989
"2011-12-21:12 AM",62.6248
"2011-12-22:12 AM",65.9289
"2011-12-23:12 AM",57.5055
"2011-12-24:12 AM",50.5006
"2011-12-25:12 AM",49.6625
"2011-12-26:12 AM",48.925
"2011-12-27:12 AM",51.2186
"2011-12-28:12 AM",43.821
"2011-12-29:12 AM",43.9191
"2011-12-30:12 AM",50.1802
"2011-12-31:12 AM",54.9514
"2012-01-01:12 AM",55.7211
"2012-01-02:12 AM",43.4572
"2012-01-03:12 AM",30.4925
"2012-01-04:12 AM",33.3752
"2012-01-05:12 AM",43.8872
"2012-01-06:12 AM",48.6399
"2012-01-07:12 AM",55.8525
"2012-01-08:12 AM",57.389
"2012-01-09:12 AM",58.8231
"2012-01-10:12 AM",58.6301
"2012-01-11:12 AM",56.7968
"2012-01-12:12 AM",51.5728
"2012-01-13:12 AM",35.5483
"2012-01-14:12 AM",37.4133
"2012-01-15:12 AM",41.3049
"2012-01-16:12 AM",45.4701
"2012-01-17:12 AM",55.7681
"2012-01-18:12 AM",50.2462
"2012-01-19:12 AM",41.7992
"2012-01-20:12 AM",51.2985
"2012-01-21:12 AM",60.7248
"2012-01-22:12 AM",55.4439
"2012-01-23:12 AM",57.0801
"2012-01-24:12 AM",57.8064
"2012-01-25:12 AM",56.8717
"2012-01-26:12 AM",63.3216
"2012-01-27:12 AM",56.2856
"2012-01-28:12 AM",48.2436
"2012-01-29:12 AM",44.746
"2012-01-30:12 AM",44.9933
"2012-01-31:12 AM",49.9037
"2012-02-01:12 AM",56.2383
"2012-02-02:12 AM",60.48
"2012-02-03:12 AM",56.0608
"2012-02-04:12 AM",58.2744
"2012-02-05:12 AM",61.9129
"2012-02-06:12 AM",53.6329
"2012-02-07:12 AM",50.4451
"2012-02-08:12 AM",50.1294
"2012-02-09:12 AM",45.2176
"2012-02-10:12 AM",46.575
"2012-02-11:12 AM",40.7347
"2012-02-12:12 AM",30.3177
"2012-02-13:12 AM",34.9527
"2012-02-14:12 AM",42.9939
"2012-02-15:12 AM",51.7863
"2012-02-16:12 AM",58.4985
"2012-02-17:12 AM",56.9422
"2012-02-18:12 AM",54.835
"2012-02-19:12 AM",53.7307
"2012-02-20:12 AM",44.4384
"2012-02-21:12 AM",49.0876
"2012-02-22:12 AM",57.4399
"2012-02-23:12 AM",66.0594
"2012-02-24:12 AM",63.0813
"2012-02-25:12 AM",47.0959
"2012-02-26:12 AM",46.2895
"2012-02-27:12 AM",52.8991
"2012-02-28:12 AM",57.1228
"2012-02-29:12 AM",63.6683
"2012-03-01:12 AM",66.4039
"2012-03-02:12 AM",67.7988
"2012-03-03:12 AM",59.4964
"2012-03-04:12 AM",46.6957
"2012-03-05:12 AM",48.6014
"2012-03-06:12 AM",47.4139
"2012-03-07:12 AM",54.4683
"2012-03-08:12 AM",62.2423
"2012-03-09:12 AM",60.5766
"2012-03-10:12 AM",53.775
"2012-03-11:12 AM",54.6921
"2012-03-12:12 AM",61.3702
"2012-03-13:12 AM",64.5971
"2012-03-14:12 AM",66.1744
"2012-03-15:12 AM",67.6949
"2012-03-16:12 AM",68.3184
"2012-03-17:12 AM",68.6473
"2012-03-18:12 AM",68.1496
"2012-03-19:12 AM",68.8852
"2012-03-20:12 AM",68.7841
"2012-03-21:12 AM",67.8852
"2012-03-22:12 AM",69.114
"2012-03-23:12 AM",68.297
"2012-03-24:12 AM",66.3784
"2012-03-25:12 AM",61.1602
"2012-03-26:12 AM",64.0024
"2012-03-27:12 AM",64.4239
"2012-03-28:12 AM",66.5906
"2012-03-29:12 AM",68.2956
"2012-03-30:12 AM",68.0734
"2012-03-31:12 AM",66.9078
"2012-04-01:12 AM",69.4393
"2012-04-02:12 AM",71.8329
"2012-04-03:12 AM",72.293
"2012-04-04:12 AM",70.9191
"2012-04-05:12 AM",68.5657
"2012-04-06:12 AM",59.9886
"2012-04-07:12 AM",57.0965
"2012-04-08:12 AM",61.7196
"2012-04-09:12 AM",64.8491
"2012-04-10:12 AM",64.5312
"2012-04-11:12 AM",59.5866
"2012-04-12:12 AM",53.1518
"2012-04-13:12 AM",57.3073
"2012-04-14:12 AM",62.9811
"2012-04-15:12 AM",68.689
"2012-04-16:12 AM",69.7114
"2012-04-17:12 AM",68.9104
"2012-04-18:12 AM",65.2303
"2012-04-19:12 AM",64.3186
"2012-04-20:12 AM",65.3335
"2012-04-21:12 AM",67.2555
"2012-04-22:12 AM",60.7568
"2012-04-23:12 AM",51.9411
"2012-04-24:12 AM",54.1056
"2012-04-25:12 AM",64.1892
"2012-04-26:12 AM",70.4757
"2012-04-27:12 AM",71.8716
"2012-04-28:12 AM",72.2115
"2012-04-29:12 AM",73.6885
"2012-04-30:12 AM",75.1341
"2012-05-01:12 AM",75.5811
"2012-05-02:12 AM",75.501
"2012-05-03:12 AM",74.98
"2012-05-04:12 AM",74.7565
"2012-05-05:12 AM",77.0335
"2012-05-06:12 AM",76.7719
"2012-05-07:12 AM",71.1691
"2012-05-08:12 AM",71.9229
"2012-05-09:12 AM",68.9877
"2012-05-10:12 AM",65.0221
"2012-05-11:12 AM",66.6201
"2012-05-12:12 AM",69.3066
"2012-05-13:12 AM",65.8123
"2012-05-14:12 AM",69.778
"2012-05-15:12 AM",70.8822
"2012-05-16:12 AM",71.2481
"2012-05-17:12 AM",71.5303
"2012-05-18:12 AM",69.3477
"2012-05-19:12 AM",68.9072
"2012-05-20:12 AM",68.7981
"2012-05-21:12 AM",72.5025
"2012-05-22:12 AM",72.2741
"2012-05-23:12 AM",72.9522
"2012-05-24:12 AM",76.0012
"2012-05-25:12 AM",79.1118
"2012-05-26:12 AM",80.5217
"2012-05-27:12 AM",78.2899
"2012-05-28:12 AM",75.1012
"2012-05-29:12 AM",73.6414
"2012-05-30:12 AM",77.338
"2012-05-31:12 AM",78.4582
"2012-06-01:12 AM",74.0536
"2012-06-02:12 AM",69.093
"2012-06-03:12 AM",73.0445
"2012-06-04:12 AM",77.1116
"2012-06-05:12 AM",74.0287
"2012-06-06:12 AM",71.1626
"2012-06-07:12 AM",70.6626
"2012-06-08:12 AM",73.4869
"2012-06-09:12 AM",72.7149
"2012-06-10:12 AM",72.7821
"2012-06-11:12 AM",74.8168
"2012-06-12:12 AM",75.6225
"2012-06-13:12 AM",77.9479
"2012-06-14:12 AM",76.357
"2012-06-15:12 AM",74.3578
"2012-06-16:12 AM",72.5198
"2012-06-17:12 AM",72.7938
"2012-06-18:12 AM",74.3401
"2012-06-19:12 AM",75.0508
"2012-06-20:12 AM",76.5849
"2012-06-21:12 AM",77.0437
"2012-06-22:12 AM",78.9728
"2012-06-23:12 AM",81.1294
"2012-06-24:12 AM",78.8684
"2012-06-25:12 AM",78.2231
"2012-06-26:12 AM",77.4756
"2012-06-27:12 AM",74.2273
"2012-06-28:12 AM",79.0653
"2012-06-29:12 AM",86.3056
"2012-06-30:12 AM",89.1946
"2012-07-01:12 AM",90.3236
"2012-07-02:12 AM",85.4604
"2012-07-03:12 AM",85.4796
"2012-07-04:12 AM",82.8932
"2012-07-05:12 AM",85.3137
"2012-07-06:12 AM",85.0289
"2012-07-07:12 AM",83.2194
"2012-07-08:12 AM",84.8019
"2012-07-09:12 AM",85.3324
"2012-07-10:12 AM",83.7288
"2012-07-11:12 AM",77.7317
"2012-07-12:12 AM",76.4062
"2012-07-13:12 AM",77.7864
"2012-07-14:12 AM",79.401
"2012-07-15:12 AM",80.4546
"2012-07-16:12 AM",81.9504
"2012-07-17:12 AM",82.434
"2012-07-18:12 AM",80.8738
"2012-07-19:12 AM",79.9615
"2012-07-20:12 AM",80.1801
"2012-07-21:12 AM",80.2056
"2012-07-22:12 AM",83.6479
"2012-07-23:12 AM",83.6053
"2012-07-24:12 AM",84.7787
"2012-07-25:12 AM",87.5071
"2012-07-26:12 AM",87.224
"2012-07-27:12 AM",81.6246
"2012-07-28:12 AM",82.8664
"2012-07-29:12 AM",82.7332
"2012-07-30:12 AM",82.5021
"2012-07-31:12 AM",76.8918
"2012-08-01:12 AM",80.4974
"2012-08-02:12 AM",82.9713
"2012-08-03:12 AM",79.626
"2012-08-04:12 AM",79.8044
"2012-08-05:12 AM",78.6618
"2012-08-06:12 AM",77.2219
"2012-08-07:12 AM",76.5457
"2012-08-08:12 AM",78.7505
"2012-08-09:12 AM",77.8341
"2012-08-10:12 AM",77.3562
"2012-08-11:12 AM",76.5064
"2012-08-12:12 AM",75.9645
"2012-08-13:12 AM",75.9603
"2012-08-14:12 AM",76.753
"2012-08-15:12 AM",78.7033
"2012-08-16:12 AM",79.0151
"2012-08-17:12 AM",78.3025
"2012-08-18:12 AM",77.4844
"2012-08-19:12 AM",75.3775
"2012-08-20:12 AM",73.6642
"2012-08-21:12 AM",73.4533
"2012-08-22:12 AM",73.1206
"2012-08-23:12 AM",73.5103
"2012-08-24:12 AM",74.6708
"2012-08-25:12 AM",74.2984
"2012-08-26:12 AM",74.8744
"2012-08-27:12 AM",75.8358
"2012-08-28:12 AM",76.6823
"2012-08-29:12 AM",77.3335
"2012-08-30:12 AM",75.663
"2012-08-31:12 AM",78.2292
"2012-09-01:12 AM",79.8289
"2012-09-02:12 AM",78.7768
"2012-09-03:12 AM",77.6635
"2012-09-04:12 AM",74.8081
"2012-09-05:12 AM",75.5931
"2012-09-06:12 AM",76.8241
"2012-09-07:12 AM",77.5305
"2012-09-08:12 AM",74.8648
"2012-09-09:12 AM",69.9384
"2012-09-10:12 AM",68.0466
"2012-09-11:12 AM",68.8305
"2012-09-12:12 AM",69.7383
"2012-09-13:12 AM",69.2364
"2012-09-14:12 AM",70.6687
"2012-09-15:12 AM",72.0637
"2012-09-16:12 AM",73.4396
"2012-09-17:12 AM",73.2175
"2012-09-18:12 AM",73.8547
"2012-09-19:12 AM",68.756
"2012-09-20:12 AM",69.1731
"2012-09-21:12 AM",70.6438
"2012-09-22:12 AM",72.624
"2012-09-23:12 AM",68.081
"2012-09-24:12 AM",62.7863
"2012-09-25:12 AM",66.4147
"2012-09-26:12 AM",68.9454
"2012-09-27:12 AM",71.5046
"2012-09-28:12 AM",73.3312
"2012-09-29:12 AM",72.9889
"2012-09-30:12 AM",69.233
"2012-10-01:12 AM",71.7647
"2012-10-02:12 AM",70.6478
"2012-10-03:12 AM",69.0438
"2012-10-04:12 AM",67.2832
"2012-10-05:12 AM",68.5886
"2012-10-06:12 AM",69.8135
"2012-10-07:12 AM",67.3138
"2012-10-08:12 AM",60.0714
"2012-10-09:12 AM",57.8475
"2012-10-10:12 AM",61.2577
"2012-10-11:12 AM",61.0812
"2012-10-12:12 AM",65.6676
"2012-10-13:12 AM",66.0472
"2012-10-14:12 AM",67.4706
"2012-10-15:12 AM",69.258
"2012-10-16:12 AM",59.8327
"2012-10-17:12 AM",61.23
"2012-10-18:12 AM",63.6373
"2012-10-19:12 AM",61.8098
"2012-10-20:12 AM",58.6485
"2012-10-21:12 AM",57.9319
"2012-10-22:12 AM",59.6975
"2012-10-23:12 AM",61.2437
"2012-10-24:12 AM",64.1892
"2012-10-25:12 AM",68.1447
"2012-10-26:12 AM",69.0224
"2012-10-27:12 AM",66.1557
"2012-10-28:12 AM",55.9524
"2012-10-29:12 AM",48.8741
"2012-10-30:12 AM",48.0159
"2012-10-31:12 AM",51.4726
"2012-11-01:12 AM",52.1694
"2012-11-02:12 AM",56.8573
"2012-11-03:12 AM",61.1087
"2012-11-04:12 AM",65.4883
"2012-11-05:12 AM",55.5334
"2012-11-06:12 AM",51.0107
"2012-11-07:12 AM",46.5681
"2012-11-08:12 AM",47.5853
"2012-11-09:12 AM",49.6548
"2012-11-10:12 AM",51.6672
"2012-11-11:12 AM",57.3168
"2012-11-12:12 AM",62.6997
"2012-11-13:12 AM",54.4869
"2012-11-14:12 AM",49.678
"2012-11-15:12 AM",48.4826
"2012-11-16:12 AM",47.6179
"2012-11-17:12 AM",47.8186
"2012-11-18:12 AM",50.0155
"2012-11-19:12 AM",53.9897
"2012-11-20:12 AM",55.0231
"2012-11-21:12 AM",54.889
"2012-11-22:12 AM",52.034
"2012-11-23:12 AM",54.1002
"2012-11-24:12 AM",48.3107
"2012-11-25:12 AM",42.2568
"2012-11-26:12 AM",47.6292
"2012-11-27:12 AM",51.4801
"2012-11-28:12 AM",48.2238
"2012-11-29:12 AM",46.6779
"2012-11-30:12 AM",52.2428
"2012-12-01:12 AM",57.913
"2012-12-02:12 AM",60.2958
"2012-12-03:12 AM",60.9368
"2012-12-04:12 AM",62.3635
"2012-12-05:12 AM",61.5612
"2012-12-06:12 AM",58.1486
"2012-12-07:12 AM",54.6494
"2012-12-08:12 AM",57.7915
"2012-12-09:12 AM",60.7532
"2012-12-10:12 AM",63.2431
"2012-12-11:12 AM",52.9693
"2012-12-12:12 AM",45.5452
"2012-12-13:12 AM",45.48
"2012-12-14:12 AM",45.3052
"2012-12-15:12 AM",49.1457
"2012-12-16:12 AM",57.4383
"2012-12-17:12 AM",61.0201
"2012-12-18:12 AM",54.2845
"2012-12-19:12 AM",50.7767
"2012-12-20:12 AM",53.782
"2012-12-21:12 AM",39.8869
"2012-12-22:12 AM",38.4159
"2012-12-23:12 AM",43.5834
"2012-12-24:12 AM",50.2923
"2012-12-25:12 AM",54.7128
"2012-12-26:12 AM",49.185
"2012-12-27:12 AM",37.7308
"2012-12-28:12 AM",40.5698
"2012-12-29:12 AM",44.769
"2012-12-30:12 AM",35.2096
"2012-12-31:12 AM",40.5534
"2013-01-01:12 AM",51.6906
"2013-01-02:12 AM",53.0197
"2013-01-03:12 AM",44.4312
"2013-01-04:12 AM",40.8058
"2013-01-05:12 AM",42.0865
"2013-01-06:12 AM",46.2254
"2013-01-07:12 AM",43.5146
"2013-01-08:12 AM",45.7574
"2013-01-09:12 AM",55.9402
"2013-01-10:12 AM",61.8994
"2013-01-11:12 AM",64.4436
"2013-01-12:12 AM",64.7208
"2013-01-13:12 AM",64.4706
"2013-01-14:12 AM",64.5346
"2013-01-15:12 AM",62.8743
"2013-01-16:12 AM",63.581
"2013-01-17:12 AM",52.1638
"2013-01-18:12 AM",41.7231
"2013-01-19:12 AM",43.0966
"2013-01-20:12 AM",48.5074
"2013-01-21:12 AM",48.4342
"2013-01-22:12 AM",41.3278
"2013-01-23:12 AM",41.0169
"2013-01-24:12 AM",50.1726
"2013-01-25:12 AM",44.8959
"2013-01-26:12 AM",50.4111
"2013-01-27:12 AM",47.6539
"2013-01-28:12 AM",50.911
"2013-01-29:12 AM",61.0281
"2013-01-30:12 AM",65.9385
"2013-01-31:12 AM",43.7227
"2013-02-01:12 AM",41.0232
"2013-02-02:12 AM",38.9835
"2013-02-03:12 AM",45.4402
"2013-02-04:12 AM",44.4814
"2013-02-05:12 AM",50.1485
"2013-02-06:12 AM",55.8995
"2013-02-07:12 AM",53.2904
"2013-02-08:12 AM",51.0118
"2013-02-09:12 AM",46.0234
"2013-02-10:12 AM",51.8578
"2013-02-11:12 AM",61.3517
"2013-02-12:12 AM",56.0795
"2013-02-13:12 AM",55.0911
"2013-02-14:12 AM",44.3266
"2013-02-15:12 AM",46.0009
"2013-02-16:12 AM",41.0371
"2013-02-17:12 AM",34.0446
"2013-02-18:12 AM",39.9276
"2013-02-19:12 AM",47.9678
"2013-02-20:12 AM",42.9107
"2013-02-21:12 AM",46.7863
"2013-02-22:12 AM",52.7216
"2013-02-23:12 AM",53.4335
"2013-02-24:12 AM",52.9803
"2013-02-25:12 AM",50.0517
"2013-02-26:12 AM",52.5738
"2013-02-27:12 AM",47.7414
"2013-02-28:12 AM",45.0937
"2013-03-01:12 AM",40.2913
"2013-03-02:12 AM",37.8813
"2013-03-03:12 AM",34.7333
"2013-03-04:12 AM",39.6289
"2013-03-05:12 AM",51.942
"2013-03-06:12 AM",39.8649
"2013-03-07:12 AM",40.6315
"2013-03-08:12 AM",44.5865
"2013-03-09:12 AM",48.5721
"2013-03-10:12 AM",55.3681
"2013-03-11:12 AM",57.7566
"2013-03-12:12 AM",52.3233
"2013-03-13:12 AM",47.2809
"2013-03-14:12 AM",41.4511
"2013-03-15:12 AM",49.9597
"2013-03-16:12 AM",58.6
"2013-03-17:12 AM",59.8107
"2013-03-18:12 AM",59.8991
"2013-03-19:12 AM",58.5952
"2013-03-20:12 AM",50.2275
"2013-03-21:12 AM",42.9823
"2013-03-22:12 AM",45.8035
"2013-03-23:12 AM",50.1453
"2013-03-24:12 AM",56.6166
"2013-03-25:12 AM",42.424
"2013-03-26:12 AM",38.0244
"2013-03-27:12 AM",39.6027
"2013-03-28:12 AM",45.3043
"2013-03-29:12 AM",50.3751
"2013-03-30:12 AM",56.8884
"2013-03-31:12 AM",61.3002
"2013-04-01:12 AM",62.3698
"2013-04-02:12 AM",57.5004
"2013-04-03:12 AM",54.1467
"2013-04-04:12 AM",51.2478
"2013-04-05:12 AM",49.3266
"2013-04-06:12 AM",54.5949
"2013-04-07:12 AM",59.0184
"2013-04-08:12 AM",63.8825
"2013-04-09:12 AM",67.1427
"2013-04-10:12 AM",67.8771
"2013-04-11:12 AM",68.8026
"2013-04-12:12 AM",63.9855
"2013-04-13:12 AM",59.9038
"2013-04-14:12 AM",58.8105
"2013-04-15:12 AM",63.9419
"2013-04-16:12 AM",68.1699
"2013-04-17:12 AM",68.891
"2013-04-18:12 AM",68.9554
"2013-04-19:12 AM",64.3599
"2013-04-20:12 AM",50.562
"2013-04-21:12 AM",53.7057
"2013-04-22:12 AM",55.099
"2013-04-23:12 AM",58.8936
"2013-04-24:12 AM",63.129
"2013-04-25:12 AM",62.1957
"2013-04-26:12 AM",60.7438
"2013-04-27:12 AM",63.0147
"2013-04-28:12 AM",64.6318
"2013-04-29:12 AM",65.3196
"2013-04-30:12 AM",66.6901
"2013-05-01:12 AM",64.4167
"2013-05-02:12 AM",63.0903
"2013-05-03:12 AM",60.7957
"2013-05-04:12 AM",56.998
"2013-05-05:12 AM",57.8221
"2013-05-06:12 AM",54.3213
"2013-05-07:12 AM",58.2156
"2013-05-08:12 AM",63.0183
"2013-05-09:12 AM",68.6939
"2013-05-10:12 AM",68.8672
"2013-05-11:12 AM",68.5132
"2013-05-12:12 AM",64.6052
"2013-05-13:12 AM",57.8556
"2013-05-14:12 AM",61.626
"2013-05-15:12 AM",68.8167
"2013-05-16:12 AM",70.6917
"2013-05-17:12 AM",72.1009
"2013-05-18:12 AM",69.6367
"2013-05-19:12 AM",72.2322
"2013-05-20:12 AM",74.3202
"2013-05-21:12 AM",75.0853
"2013-05-22:12 AM",74.5682
"2013-05-23:12 AM",73.9512
"2013-05-24:12 AM",69.6169
"2013-05-25:12 AM",65.0975
"2013-05-26:12 AM",68.8055
"2013-05-27:12 AM",71.5242
"2013-05-28:12 AM",73.1566
"2013-05-29:12 AM",73.7078
"2013-05-30:12 AM",75.1714
"2013-05-31:12 AM",76.3117
"2013-06-01:12 AM",75.8176
"2013-06-02:12 AM",75.2567
"2013-06-03:12 AM",75.5461
"2013-06-04:12 AM",75.9265
"2013-06-05:12 AM",74.3725
"2013-06-06:12 AM",71.1063
"2013-06-07:12 AM",73.1338
"2013-06-08:12 AM",74.4166
"2013-06-09:12 AM",74.3968
"2013-06-10:12 AM",74.9136
"2013-06-11:12 AM",78.206
"2013-06-12:12 AM",81.0466
"2013-06-13:12 AM",81.7322
"2013-06-14:12 AM",77.544
"2013-06-15:12 AM",74.6861
"2013-06-16:12 AM",76.0275
"2013-06-17:12 AM",76.8074
"2013-06-18:12 AM",76.8513
"2013-06-19:12 AM",75.7762
"2013-06-20:12 AM",74.4247
"2013-06-21:12 AM",73.9076
"2013-06-22:12 AM",73.4979
"2013-06-23:12 AM",74.7304
"2013-06-24:12 AM",76.604
"2013-06-25:12 AM",77.0927
"2013-06-26:12 AM",77.9713
"2013-06-27:12 AM",78.6967
"2013-06-28:12 AM",80.1577
"2013-06-29:12 AM",77.2014
"2013-06-30:12 AM",75.7105
"2013-07-01:12 AM",75.1759
"2013-07-02:12 AM",74.7603
"2013-07-03:12 AM",74.2235
"2013-07-04:12 AM",74.1614
"2013-07-05:12 AM",74.6049
"2013-07-06:12 AM",75.0792
"2013-07-07:12 AM",76.1725
"2013-07-08:12 AM",77.711
"2013-07-09:12 AM",78.0105
"2013-07-10:12 AM",78.0424
"2013-07-11:12 AM",75.9339
"2013-07-12:12 AM",76.2073
"2013-07-13:12 AM",73.1914
"2013-07-14:12 AM",74.79
"2013-07-15:12 AM",75.4363
"2013-07-16:12 AM",77.1336
"2013-07-17:12 AM",78.7964
"2013-07-18:12 AM",77.6948
"2013-07-19:12 AM",77.6385
"2013-07-20:12 AM",75.1584
"2013-07-21:12 AM",75.8997
"2013-07-22:12 AM",75.6055
"2013-07-23:12 AM",76.2174
"2013-07-24:12 AM",77.2131
"2013-07-25:12 AM",78.0737
"2013-07-26:12 AM",77.2585
"2013-07-27:12 AM",76.6796
"2013-07-28:12 AM",76.0282
"2013-07-29:12 AM",76.69
"2013-07-30:12 AM",77.8008
"2013-07-31:12 AM",76.0629
"2013-08-01:12 AM",76.6132
"2013-08-02:12 AM",78.0154
"2013-08-03:12 AM",78.6535
"2013-08-04:12 AM",79.1755
"2013-08-05:12 AM",78.0724
"2013-08-06:12 AM",78.2271
"2013-08-07:12 AM",77.0812
"2013-08-08:12 AM",77.6932
"2013-08-09:12 AM",79.3146
"2013-08-10:12 AM",79.3933
"2013-08-11:12 AM",79.3141
"2013-08-12:12 AM",79.5933
"2013-08-13:12 AM",78.3088
"2013-08-14:12 AM",76.2852
"2013-08-15:12 AM",70.9907
"2013-08-16:12 AM",69.2528
"2013-08-17:12 AM",68.3906
"2013-08-18:12 AM",73.1903
"2013-08-19:12 AM",75.468
"2013-08-20:12 AM",75.6628
"2013-08-21:12 AM",76.5036
"2013-08-22:12 AM",77.0956
"2013-08-23:12 AM",75.0258
"2013-08-24:12 AM",73.6018
"2013-08-25:12 AM",71.5474
"2013-08-26:12 AM",68.6602
"2013-08-27:12 AM",71.4852
"2013-08-28:12 AM",74.9118
"2013-08-29:12 AM",78.2816
"2013-08-30:12 AM",78.3856
"2013-08-31:12 AM",77.2189
"2013-09-01:12 AM",77.266
"2013-09-02:12 AM",77.2587
"2013-09-03:12 AM",77.216
"2013-09-04:12 AM",77.2122
"2013-09-05:12 AM",76.4217
"2013-09-06:12 AM",74.5221
"2013-09-07:12 AM",72.9928
"2013-09-08:12 AM",74.6001
"2013-09-09:12 AM",75.794
"2013-09-10:12 AM",75.6761
"2013-09-11:12 AM",74.3281
"2013-09-12:12 AM",75.3229
"2013-09-13:12 AM",75.8516
"2013-09-14:12 AM",70.2757
"2013-09-15:12 AM",72.4807
"2013-09-16:12 AM",74.6163
"2013-09-17:12 AM",71.6488
"2013-09-18:12 AM",69.1459
"2013-09-19:12 AM",69.4411
"2013-09-20:12 AM",72.3947
"2013-09-21:12 AM",71.9078
"2013-09-22:12 AM",68.0486
"2013-09-23:12 AM",67.3835
"2013-09-24:12 AM",67.69
"2013-09-25:12 AM",68.6705
"2013-09-26:12 AM",67.4877
"2013-09-27:12 AM",65.3567
"2013-09-28:12 AM",64.458
"2013-09-29:12 AM",64.0859
"2013-09-30:12 AM",63.8334
"2013-10-01:12 AM",65.4042
"2013-10-02:12 AM",67.2346
"2013-10-03:12 AM",68.7432
"2013-10-04:12 AM",70.7628
"2013-10-05:12 AM",71.0634
"2013-10-06:12 AM",71.244
"2013-10-07:12 AM",71.0002
"2013-10-08:12 AM",64.834
"2013-10-09:12 AM",62.472
"2013-10-10:12 AM",62.9514
"2013-10-11:12 AM",64.9117
"2013-10-12:12 AM",65.9903
"2013-10-13:12 AM",67.8675
"2013-10-14:12 AM",65.651
"2013-10-15:12 AM",65.0336
"2013-10-16:12 AM",64.9774
"2013-10-17:12 AM",67.8348
"2013-10-18:12 AM",65.7005
"2013-10-19:12 AM",63.6323
"2013-10-20:12 AM",59.2858
"2013-10-21:12 AM",61.2169
"2013-10-22:12 AM",62.4292
"2013-10-23:12 AM",57.3184
"2013-10-24:12 AM",51.0485
"2013-10-25:12 AM",49.5192
"2013-10-26:12 AM",46.8522
"2013-10-27:12 AM",53.8342
"2013-10-28:12 AM",59.7825
"2013-10-29:12 AM",62.3957
"2013-10-30:12 AM",64.0197
"2013-10-31:12 AM",66.8062
"2013-11-01:12 AM",68.4909
"2013-11-02:12 AM",60.3493
"2013-11-03:12 AM",52.6444
"2013-11-04:12 AM",51.9316
"2013-11-05:12 AM",53.7206
"2013-11-06:12 AM",60.64
"2013-11-07:12 AM",60.7964
"2013-11-08:12 AM",49.5331
"2013-11-09:12 AM",50.5675
"2013-11-10:12 AM",56.8796
"2013-11-11:12 AM",53.8849
"2013-11-12:12 AM",52.8573
"2013-11-13:12 AM",38.4409
"2013-11-14:12 AM",41.0567
"2013-11-15:12 AM",51.7705
"2013-11-16:12 AM",57.4563
"2013-11-17:12 AM",63.0882
"2013-11-18:12 AM",67.2244
"2013-11-19:12 AM",52.086
"2013-11-20:12 AM",48.1082
"2013-11-21:12 AM",52.8129
"2013-11-22:12 AM",59.3631
"2013-11-23:12 AM",58.7413
"2013-11-24:12 AM",42.224
"2013-11-25:12 AM",39.4405
"2013-11-26:12 AM",51.0003
"2013-11-27:12 AM",42.1777
"2013-11-28:12 AM",33.8803
"2013-11-29:12 AM",39.5254
"2013-11-30:12 AM",42.31
"2013-12-01:12 AM",46.926
"2013-12-02:12 AM",51.2125
"2013-12-03:12 AM",55.4472
"2013-12-04:12 AM",62.0865
"2013-12-05:12 AM",66.1827
"2013-12-06:12 AM",68.004
"2013-12-07:12 AM",58.0917
"2013-12-08:12 AM",52.153
"2013-12-09:12 AM",55.9603
"2013-12-10:12 AM",54.1121
"2013-12-11:12 AM",43.0795
"2013-12-12:12 AM",41.6581
"2013-12-13:12 AM",41.8779
"2013-12-14:12 AM",53.2981
"2013-12-15:12 AM",47.088
"2013-12-16:12 AM",39.9605
"2013-12-17:12 AM",45.936
"2013-12-18:12 AM",44.0274
"2013-12-19:12 AM",44.8972
"2013-12-20:12 AM",53.116
"2013-12-21:12 AM",63.6874
"2013-12-22:12 AM",67.543
"2013-12-23:12 AM",57.3204
"2013-12-24:12 AM",39.6014
"2013-12-25:12 AM",36.9165
"2013-12-26:12 AM",41.5175
"2013-12-27:12 AM",43.7169
"2013-12-28:12 AM",44.2355
"2013-12-29:12 AM",52.2786
"2013-12-30:12 AM",48.1834
"2013-12-31:12 AM",46.3237
"2014-01-01:12 AM",44.2368
"2014-01-02:12 AM",47.4501
"2014-01-03:12 AM",30.1455
"2014-01-04:12 AM",34.0689
"2014-01-05:12 AM",42.192
"2014-01-06:12 AM",35.2306
"2014-01-07:12 AM",20.5383
"2014-01-08:12 AM",28.7586
"2014-01-09:12 AM",38.7682
"2014-01-10:12 AM",48.15
"2014-01-11:12 AM",59.9209
"2014-01-12:12 AM",47.4368
"2014-01-13:12 AM",47.5099
"2014-01-14:12 AM",52.2988
"2014-01-15:12 AM",44.0708
"2014-01-16:12 AM",35.2924
"2014-01-17:12 AM",40.8754
"2014-01-18:12 AM",34.817
"2014-01-19:12 AM",41.8287
"2014-01-20:12 AM",44.524
"2014-01-21:12 AM",43.4529
"2014-01-22:12 AM",29.8384
"2014-01-23:12 AM",31.9732
"2014-01-24:12 AM",25.606
"2014-01-25:12 AM",34.5882
"2014-01-26:12 AM",40.4679
"2014-01-27:12 AM",48.184
"2014-01-28:12 AM",35.6689
"2014-01-29:12 AM",25.1443
"2014-01-30:12 AM",26.4556
"2014-01-31:12 AM",34.012
"2014-02-01:12 AM",43.2358
"2014-02-02:12 AM",53.8257
"2014-02-03:12 AM",59.6912
"2014-02-04:12 AM",52.1076
"2014-02-05:12 AM",51.9928
"2014-02-06:12 AM",38.5288
"2014-02-07:12 AM",39.547
"2014-02-08:12 AM",44.0998
"2014-02-09:12 AM",47.1333
"2014-02-10:12 AM",48.2484
"2014-02-11:12 AM",42.8023
"2014-02-12:12 AM",34.1398
"2014-02-13:12 AM",35.3196
"2014-02-14:12 AM",42.3675
"2014-02-15:12 AM",41.9864
"2014-02-16:12 AM",42.9348
"2014-02-17:12 AM",49.8216
"2014-02-18:12 AM",56.8441
"2014-02-19:12 AM",60.6839
"2014-02-20:12 AM",63.0878
"2014-02-21:12 AM",58.5167
"2014-02-22:12 AM",50.7202
"2014-02-23:12 AM",52.4926
"2014-02-24:12 AM",55.7542
"2014-02-25:12 AM",53.1622
"2014-02-26:12 AM",46.6867
"2014-02-27:12 AM",37.8304
"2014-02-28:12 AM",40.1635
"2014-03-01:12 AM",47.8263
"2014-03-02:12 AM",54.617
"2014-03-03:12 AM",53.6668
"2014-03-04:12 AM",39.1138
"2014-03-05:12 AM",40.9811
"2014-03-06:12 AM",40.7307
"2014-03-07:12 AM",42.2769
"2014-03-08:12 AM",49.7863
"2014-03-09:12 AM",56.4994
"2014-03-10:12 AM",58.3221
"2014-03-11:12 AM",62.0784
"2014-03-12:12 AM",59.6512
"2014-03-13:12 AM",42.366
"2014-03-14:12 AM",45.2221
"2014-03-15:12 AM",55.4166
"2014-03-16:12 AM",57.2236
"2014-03-17:12 AM",52.5672
"2014-03-18:12 AM",46.2342
"2014-03-19:12 AM",49.406
"2014-03-20:12 AM",55.9315
"2014-03-21:12 AM",54.4015
"2014-03-22:12 AM",59.704
"2014-03-23:12 AM",58.8664
"2014-03-24:12 AM",50.0572
"2014-03-25:12 AM",48.4115
"2014-03-26:12 AM",38.5749
"2014-03-27:12 AM",48.2826
"2014-03-28:12 AM",58.21
"2014-03-29:12 AM",61.0705
"2014-03-30:12 AM",50.194
"2014-03-31:12 AM",54.4404
"2014-04-01:12 AM",60.881
"2014-04-02:12 AM",63.2953
"2014-04-03:12 AM",67.0444
"2014-04-04:12 AM",66.3496
"2014-04-05:12 AM",62.0829
"2014-04-06:12 AM",58.3201
"2014-04-07:12 AM",63.1278
"2014-04-08:12 AM",56.5455
"2014-04-09:12 AM",55.6977
"2014-04-10:12 AM",57.1213
"2014-04-11:12 AM",60.3826
"2014-04-12:12 AM",64.9314
"2014-04-13:12 AM",66.9706
"2014-04-14:12 AM",67.1509
"2014-04-15:12 AM",57.3991
"2014-04-16:12 AM",46.1557
"2014-04-17:12 AM",52.0603
"2014-04-18:12 AM",54.5895
"2014-04-19:12 AM",53.47
"2014-04-20:12 AM",57.0798
"2014-04-21:12 AM",60.0519
"2014-04-22:12 AM",64.7091
"2014-04-23:12 AM",65.3617
"2014-04-24:12 AM",64.9909
"2014-04-25:12 AM",67.8445
"2014-04-26:12 AM",67.2888
"2014-04-27:12 AM",69.462
"2014-04-28:12 AM",71.9308
"2014-04-29:12 AM",72.2689
"2014-04-30:12 AM",69.4085
"2014-05-01:12 AM",60.8212
"2014-05-02:12 AM",58.7001
"2014-05-03:12 AM",60.6214
"2014-05-04:12 AM",66.8935
"2014-05-05:12 AM",71.5212
"2014-05-06:12 AM",71.4722
"2014-05-07:12 AM",71.006
"2014-05-08:12 AM",73.0092
"2014-05-09:12 AM",72.4768
"2014-05-10:12 AM",71.1297
"2014-05-11:12 AM",72.8638
"2014-05-12:12 AM",74.2692
"2014-05-13:12 AM",74.1211
"2014-05-14:12 AM",72.2376
"2014-05-15:12 AM",66.2675
"2014-05-16:12 AM",59.038
"2014-05-17:12 AM",60.7071
"2014-05-18:12 AM",64.0771
"2014-05-19:12 AM",64.4232
"2014-05-20:12 AM",68.4471
"2014-05-21:12 AM",72.9741
"2014-05-22:12 AM",75.4889
"2014-05-23:12 AM",77.716
"2014-05-24:12 AM",76.5856
"2014-05-25:12 AM",76.5525
"2014-05-26:12 AM",74.224
"2014-05-27:12 AM",74.4404
"2014-05-28:12 AM",75.3757
"2014-05-29:12 AM",75.2994
"2014-05-30:12 AM",76.0282
"2014-05-31:12 AM",75.2041
"2014-06-01:12 AM",72.2066
"2014-06-02:12 AM",70.3366
"2014-06-03:12 AM",72.4962
"2014-06-04:12 AM",76.2926
"2014-06-05:12 AM",77.8683
"2014-06-06:12 AM",77.6973
"2014-06-07:12 AM",77.23
"2014-06-08:12 AM",77.8059
"2014-06-09:12 AM",79.0866
"2014-06-10:12 AM",78.9532
"2014-06-11:12 AM",73.3698
"2014-06-12:12 AM",73.7359
"2014-06-13:12 AM",73.7877
"2014-06-14:12 AM",75.5298
"2014-06-15:12 AM",76.9888
"2014-06-16:12 AM",79.5229
"2014-06-17:12 AM",79.7869
"2014-06-18:12 AM",80.1093
"2014-06-19:12 AM",80.7539
"2014-06-20:12 AM",81.7966
"2014-06-21:12 AM",81.8481
"2014-06-22:12 AM",79.3083
"2014-06-23:12 AM",75.8095
"2014-06-24:12 AM",75.8275
"2014-06-25:12 AM",79.3638
"2014-06-26:12 AM",78.3489
"2014-06-27:12 AM",79.129
"2014-06-28:12 AM",80.8921
"2014-06-29:12 AM",80.7445
"2014-06-30:12 AM",79.713
"2014-07-01:12 AM",81.5857
"2014-07-02:12 AM",83.55
"2014-07-03:12 AM",82.1167
"2014-07-04:12 AM",77.076
"2014-07-05:12 AM",76.42
"2014-07-06:12 AM",76.6965
"2014-07-07:12 AM",79.0707
"2014-07-08:12 AM",80.814
"2014-07-09:12 AM",80.362
"2014-07-10:12 AM",79.1958
"2014-07-11:12 AM",78.5201
"2014-07-12:12 AM",77.8968
"2014-07-13:12 AM",79.6314
"2014-07-14:12 AM",81.7498
"2014-07-15:12 AM",79.1013
"2014-07-16:12 AM",76.0235
"2014-07-17:12 AM",75.1696
"2014-07-18:12 AM",75.9499
"2014-07-19:12 AM",73.7242
"2014-07-20:12 AM",75.157
"2014-07-21:12 AM",75.8134
"2014-07-22:12 AM",76.7188
"2014-07-23:12 AM",78.5475
"2014-07-24:12 AM",79.7621
"2014-07-25:12 AM",78.7973
"2014-07-26:12 AM",80.2333
"2014-07-27:12 AM",82.8311
"2014-07-28:12 AM",82.9407
"2014-07-29:12 AM",76.9104
"2014-07-30:12 AM",74.4069
"2014-07-31:12 AM",75.4198
"2014-08-01:12 AM",76.9003
"2014-08-02:12 AM",74.7945
"2014-08-03:12 AM",75.2542
"2014-08-04:12 AM",77.0013
"2014-08-05:12 AM",78.2555
"2014-08-06:12 AM",80.1221
"2014-08-07:12 AM",82.7281
"2014-08-08:12 AM",80.3678
"2014-08-09:12 AM",80.0353
"2014-08-10:12 AM",77.5832
"2014-08-11:12 AM",77.6577
"2014-08-12:12 AM",77.9065
"2014-08-13:12 AM",77.2158
"2014-08-14:12 AM",75.9025
"2014-08-15:12 AM",77.4765
"2014-08-16:12 AM",78.5376
"2014-08-17:12 AM",79.8312
"2014-08-18:12 AM",80.7337
"2014-08-19:12 AM",78.8344
"2014-08-20:12 AM",81.1468
"2014-08-21:12 AM",82.2643
"2014-08-22:12 AM",83.4053
"2014-08-23:12 AM",84.9943
"2014-08-24:12 AM",82.5067
"2014-08-25:12 AM",76.6794
"2014-08-26:12 AM",75.9859
"2014-08-27:12 AM",74.4352
"2014-08-28:12 AM",75.9882
"2014-08-29:12 AM",79.1425
"2014-08-30:12 AM",80.586
"2014-08-31:12 AM",81.7101
"2014-09-01:12 AM",83.0878
"2014-09-02:12 AM",82.6621
"2014-09-03:12 AM",81.1908
"2014-09-04:12 AM",78.5727
"2014-09-05:12 AM",78.1734
"2014-09-06:12 AM",78.6049
"2014-09-07:12 AM",79.5182
"2014-09-08:12 AM",75.9603
"2014-09-09:12 AM",75.3427
"2014-09-10:12 AM",75.9465
"2014-09-11:12 AM",78.627
"2014-09-12:12 AM",80.4387
"2014-09-13:12 AM",77.5429
"2014-09-14:12 AM",75.2225
"2014-09-15:12 AM",73.3986
"2014-09-16:12 AM",76.1421
"2014-09-17:12 AM",75.5596
"2014-09-18:12 AM",73.5397
"2014-09-19:12 AM",72.5664
"2014-09-20:12 AM",71.5854
"2014-09-21:12 AM",71.6211
"2014-09-22:12 AM",71.3894
"2014-09-23:12 AM",66.3071
"2014-09-24:12 AM",61.9036
"2014-09-25:12 AM",65.1877
"2014-09-26:12 AM",68.2821
"2014-09-27:12 AM",68.5917
"2014-09-28:12 AM",69.9773
"2014-09-29:12 AM",68.0567
"2014-09-30:12 AM",69.1516
"2014-10-01:12 AM",69.5457
"2014-10-02:12 AM",72.2127
"2014-10-03:12 AM",72.9718
"2014-10-04:12 AM",61.4991
"2014-10-05:12 AM",54.2041
"2014-10-06:12 AM",61.0423
"2014-10-07:12 AM",67.9829
"2014-10-08:12 AM",73.1257
"2014-10-09:12 AM",73.9663
"2014-10-10:12 AM",73.9985
"2014-10-11:12 AM",74.5102
"2014-10-12:12 AM",72.9297
"2014-10-13:12 AM",73.3242
"2014-10-14:12 AM",71.249
"2014-10-15:12 AM",62.2924
"2014-10-16:12 AM",60.1695
"2014-10-17:12 AM",61.1208
"2014-10-18:12 AM",65.9208
"2014-10-19:12 AM",58.9573
"2014-10-20:12 AM",58.9701
"2014-10-21:12 AM",62.8779
"2014-10-22:12 AM",57.6433
"2014-10-23:12 AM",54.2584
"2014-10-24:12 AM",57.036
"2014-10-25:12 AM",58.0996
"2014-10-26:12 AM",65.5527
"2014-10-27:12 AM",67.9703
"2014-10-28:12 AM",66.8032
"2014-10-29:12 AM",66.2173
"2014-10-30:12 AM",58.5781
"2014-10-31:12 AM",55.4124
"2014-11-01:12 AM",44.7208
"2014-11-02:12 AM",42.89
"2014-11-03:12 AM",46.3642
"2014-11-04:12 AM",52.9608
"2014-11-05:12 AM",61.3812
"2014-11-06:12 AM",65.1657
"2014-11-07:12 AM",51.8446
"2014-11-08:12 AM",49.4838
"2014-11-09:12 AM",53.5608
"2014-11-10:12 AM",53.8218
"2014-11-11:12 AM",56.8933
"2014-11-12:12 AM",59.9094
"2014-11-13:12 AM",50.6664
"2014-11-14:12 AM",39.1057
"2014-11-15:12 AM",38.7246
"2014-11-16:12 AM",48.0897
"2014-11-17:12 AM",54.4897
"2014-11-18:12 AM",33.1781
"2014-11-19:12 AM",32.4424
"2014-11-20:12 AM",40.7732
"2014-11-21:12 AM",48.1779
"2014-11-22:12 AM",49.8997
"2014-11-23:12 AM",58.9156
"2014-11-24:12 AM",64.0774
"2014-11-25:12 AM",55.5379
"2014-11-26:12 AM",48.6273
"2014-11-27:12 AM",43.934
"2014-11-28:12 AM",37.1928
"2014-11-29:12 AM",41.9428
"2014-11-30:12 AM",50.7826
"2014-12-01:12 AM",56.2415
"2014-12-02:12 AM",59.4991
"2014-12-03:12 AM",60.8589
"2014-12-04:12 AM",60.5505
"2014-12-05:12 AM",58.3914
"2014-12-06:12 AM",59.0693
"2014-12-07:12 AM",50.6986
"2014-12-08:12 AM",43.9657
"2014-12-09:12 AM",43.7144
"2014-12-10:12 AM",41.8404
"2014-12-11:12 AM",39.9699
"2014-12-12:12 AM",42.022
"2014-12-13:12 AM",44.9121
"2014-12-14:12 AM",46.0837
"2014-12-15:12 AM",46.0551
"2014-12-16:12 AM",54.4302
"2014-12-17:12 AM",47.3826
"2014-12-18:12 AM",45.4397
"2014-12-19:12 AM",48.1564
"2014-12-20:12 AM",48.9677
"2014-12-21:12 AM",47.709
"2014-12-22:12 AM",48.6547
"2014-12-23:12 AM",53.874
"2014-12-24:12 AM",61.4028
"2014-12-25:12 AM",47.226
"2014-12-26:12 AM",43.7839
"2014-12-27:12 AM",49.7768
"2014-12-28:12 AM",58.2989
"2014-12-29:12 AM",59.8894
"2014-12-30:12 AM",52.9606
"2014-12-31:12 AM",44.053
"2015-01-01:12 AM",43.2689
"2015-01-02:12 AM",49.4362
"2015-01-03:12 AM",56.6618
"2015-01-04:12 AM",60.9066
"2015-01-05:12 AM",43.1685
"2015-01-06:12 AM",41.7015
"2015-01-07:12 AM",38.1702
"2015-01-08:12 AM",24.4634
"2015-01-09:12 AM",32.5141
"2015-01-10:12 AM",33.1948
"2015-01-11:12 AM",38.8764
"2015-01-12:12 AM",46.5933
"2015-01-13:12 AM",49.3813
"2015-01-14:12 AM",43.6167
"2015-01-15:12 AM",40.015
"2015-01-16:12 AM",40.194
"2015-01-17:12 AM",43.275
"2015-01-18:12 AM",48.396
"2015-01-19:12 AM",47.0244
"2015-01-20:12 AM",49.84
"2015-01-21:12 AM",53.7147
"2015-01-22:12 AM",50.569
"2015-01-23:12 AM",51.7158
"2015-01-24:12 AM",45.3918
"2015-01-25:12 AM",43.1262
"2015-01-26:12 AM",43.8067
"2015-01-27:12 AM",40.1743
"2015-01-28:12 AM",38.2903
"2015-01-29:12 AM",43.0455
"2015-01-30:12 AM",45.4307
"2015-01-31:12 AM",40.4456
"2015-02-01:12 AM",49.1866
"2015-02-02:12 AM",48.1719
"2015-02-03:12 AM",36.6903
"2015-02-04:12 AM",41.747
"2015-02-05:12 AM",44.6781
"2015-02-06:12 AM",37.0983
"2015-02-07:12 AM",42.6718
"2015-02-08:12 AM",49.9507
"2015-02-09:12 AM",56.0005
"2015-02-10:12 AM",47.3337
"2015-02-11:12 AM",45.6519
"2015-02-12:12 AM",44.2346
"2015-02-13:12 AM",33.402
"2015-02-14:12 AM",40.6899
"2015-02-15:12 AM",38.5201
"2015-02-16:12 AM",43.561
"2015-02-17:12 AM",41.8377
"2015-02-18:12 AM",33.9388
"2015-02-19:12 AM",25.0605
"2015-02-20:12 AM",27.927
"2015-02-21:12 AM",41.025
"2015-02-22:12 AM",54.3432
"2015-02-23:12 AM",50.7564
"2015-02-24:12 AM",41.9574
"2015-02-25:12 AM",38.5443
"2015-02-26:12 AM",39.2144
"2015-02-27:12 AM",39.5933
"2015-02-28:12 AM",40.9383
"2015-03-01:12 AM",43.0129
"2015-03-02:12 AM",52.5211
"2015-03-03:12 AM",58.3115
"2015-03-04:12 AM",64.2385
"2015-03-05:12 AM",57.945
"2015-03-06:12 AM",39.1752
"2015-03-07:12 AM",42.6222
"2015-03-08:12 AM",48.7749
"2015-03-09:12 AM",57.4266
"2015-03-10:12 AM",63.6211
"2015-03-11:12 AM",66.6887
"2015-03-12:12 AM",64.047
"2015-03-13:12 AM",54.6877
"2015-03-14:12 AM",60.1036
"2015-03-15:12 AM",62.1486
"2015-03-16:12 AM",61.4791
"2015-03-17:12 AM",65.3776
"2015-03-18:12 AM",63.0354
"2015-03-19:12 AM",58.9654
"2015-03-20:12 AM",58.9525
"2015-03-21:12 AM",63.334
"2015-03-22:12 AM",59.7751
"2015-03-23:12 AM",58.2768
"2015-03-24:12 AM",57.8113
"2015-03-25:12 AM",62.5366
"2015-03-26:12 AM",64.2585
"2015-03-27:12 AM",56.7007
"2015-03-28:12 AM",44.2384
"2015-03-29:12 AM",43.9018
"2015-03-30:12 AM",54.0374
"2015-03-31:12 AM",61.266
"2015-04-01:12 AM",65.5704
"2015-04-02:12 AM",65.1094
"2015-04-03:12 AM",67.527
"2015-04-04:12 AM",62.8407
"2015-04-05:12 AM",57.0632
"2015-04-06:12 AM",62.7681
"2015-04-07:12 AM",68.0058
"2015-04-08:12 AM",71.6234
"2015-04-09:12 AM",72.4766
"2015-04-10:12 AM",70.8699
"2015-04-11:12 AM",67.0986
"2015-04-12:12 AM",65.0737
"2015-04-13:12 AM",67.6639
"2015-04-14:12 AM",71.5847
"2015-04-15:12 AM",68.6395
"2015-04-16:12 AM",59.8064
"2015-04-17:12 AM",60.6868
"2015-04-18:12 AM",67.7253
"2015-04-19:12 AM",68.5051
"2015-04-20:12 AM",65.9889
"2015-04-21:12 AM",61.0533
"2015-04-22:12 AM",63.0266
"2015-04-23:12 AM",65.7115
"2015-04-24:12 AM",62.024
"2015-04-25:12 AM",67.6009
"2015-04-26:12 AM",71.8878
"2015-04-27:12 AM",63.9126
"2015-04-28:12 AM",60.966
"2015-04-29:12 AM",57.7656
"2015-04-30:12 AM",60.5406
"2015-05-01:12 AM",59.2738
"2015-05-02:12 AM",61.2145
"2015-05-03:12 AM",65.0097
"2015-05-04:12 AM",66.9663
"2015-05-05:12 AM",67.4724
"2015-05-06:12 AM",67.3786
"2015-05-07:12 AM",67.9006
"2015-05-08:12 AM",70.9083
"2015-05-09:12 AM",72.6922
"2015-05-10:12 AM",75.0025
"2015-05-11:12 AM",76.57
"2015-05-12:12 AM",74.5956
"2015-05-13:12 AM",73.2385
"2015-05-14:12 AM",71.395
"2015-05-15:12 AM",71.6994
"2015-05-16:12 AM",71.3586
"2015-05-17:12 AM",73.3174
"2015-05-18:12 AM",74.4865
"2015-05-19:12 AM",75.5911
"2015-05-20:12 AM",76.3543
"2015-05-21:12 AM",75.0016
"2015-05-22:12 AM",67.4019
"2015-05-23:12 AM",68.8035
"2015-05-24:12 AM",72.572
"2015-05-25:12 AM",73.5289
"2015-05-26:12 AM",74.7307
"2015-05-27:12 AM",74.7864
"2015-05-28:12 AM",74.0041
"2015-05-29:12 AM",73.7139
"2015-05-30:12 AM",74.3268
"2015-05-31:12 AM",73.8826
"2015-06-01:12 AM",73.9837
"2015-06-02:12 AM",73.3446
"2015-06-03:12 AM",72.4293
"2015-06-04:12 AM",72.8319
"2015-06-05:12 AM",73.8415
"2015-06-06:12 AM",76.9046
"2015-06-07:12 AM",78.1974
"2015-06-08:12 AM",77.3235
"2015-06-09:12 AM",76.5639
"2015-06-10:12 AM",74.6442
"2015-06-11:12 AM",75.3319
"2015-06-12:12 AM",77.6984
"2015-06-13:12 AM",80.8684
"2015-06-14:12 AM",81.9712
"2015-06-15:12 AM",83.7451
"2015-06-16:12 AM",85.1648
"2015-06-17:12 AM",85.8985
"2015-06-18:12 AM",86.1913
"2015-06-19:12 AM",83.736
"2015-06-20:12 AM",82.893
"2015-06-21:12 AM",82.9931
"2015-06-22:12 AM",85.3317
"2015-06-23:12 AM",84.8008
"2015-06-24:12 AM",85.5507
"2015-06-25:12 AM",83.3594
"2015-06-26:12 AM",82.5436
"2015-06-27:12 AM",78.199
"2015-06-28:12 AM",76.4947
"2015-06-29:12 AM",75.8775
"2015-06-30:12 AM",79.2984
"2015-07-01:12 AM",80.0661
"2015-07-02:12 AM",78.9629
"2015-07-03:12 AM",81.1288
"2015-07-04:12 AM",78.7843
"2015-07-05:12 AM",77.205
"2015-07-06:12 AM",77.6705
"2015-07-07:12 AM",80.8691
"2015-07-08:12 AM",82.9747
"2015-07-09:12 AM",84.1071
"2015-07-10:12 AM",85.6897
"2015-07-11:12 AM",85.3241
"2015-07-12:12 AM",84.871
"2015-07-13:12 AM",84.5002
"2015-07-14:12 AM",85.2431
"2015-07-15:12 AM",84.5584
"2015-07-16:12 AM",83.5929
"2015-07-17:12 AM",83.6074
"2015-07-18:12 AM",84.9391
"2015-07-19:12 AM",85.48
"2015-07-20:12 AM",84.9477
"2015-07-21:12 AM",86.2201
"2015-07-22:12 AM",84.9306
"2015-07-23:12 AM",81.5927
"2015-07-24:12 AM",79.9608
"2015-07-25:12 AM",80.4717
"2015-07-26:12 AM",80.8257
"2015-07-27:12 AM",82.7884
"2015-07-28:12 AM",83.2833
"2015-07-29:12 AM",84.031
"2015-07-30:12 AM",82.0726
"2015-07-31:12 AM",82.7094
"2015-08-01:12 AM",79.0203
"2015-08-02:12 AM",79.4651
"2015-08-03:12 AM",81.2014
"2015-08-04:12 AM",83.6022
"2015-08-05:12 AM",83.8272
"2015-08-06:12 AM",79.5324
"2015-08-07:12 AM",80.0902
"2015-08-08:12 AM",81.8377
"2015-08-09:12 AM",82.5456
"2015-08-10:12 AM",82.8324
"2015-08-11:12 AM",79.7302
"2015-08-12:12 AM",81.1193
"2015-08-13:12 AM",79.3796
"2015-08-14:12 AM",79.1535
"2015-08-15:12 AM",78.7609
"2015-08-16:12 AM",77.9799
"2015-08-17:12 AM",77.5099
"2015-08-18:12 AM",76.8834
"2015-08-19:12 AM",78.6175
"2015-08-20:12 AM",80.3556
"2015-08-21:12 AM",80.5957
"2015-08-22:12 AM",81.5497
"2015-08-23:12 AM",79.9687
"2015-08-24:12 AM",80.3336
"2015-08-25:12 AM",78.9679
"2015-08-26:12 AM",75.1467
"2015-08-27:12 AM",76.9678
"2015-08-28:12 AM",76.4944
"2015-08-29:12 AM",74.6971
"2015-08-30:12 AM",73.7715
"2015-08-31:12 AM",74.9548
"2015-09-01:12 AM",77.2331
"2015-09-02:12 AM",77.9967
"2015-09-03:12 AM",78.4018
"2015-09-04:12 AM",80.2828
"2015-09-05:12 AM",79.2529
"2015-09-06:12 AM",76.9017
"2015-09-07:12 AM",75.5002
"2015-09-08:12 AM",75.2173
"2015-09-09:12 AM",77.025
"2015-09-10:12 AM",76.1164
"2015-09-11:12 AM",75.9945
"2015-09-12:12 AM",71.5541
"2015-09-13:12 AM",64.7751
"2015-09-14:12 AM",64.1613
"2015-09-15:12 AM",68.1303
"2015-09-16:12 AM",69.2825
"2015-09-17:12 AM",71.0224
"2015-09-18:12 AM",73.0321
"2015-09-19:12 AM",73.4092
"2015-09-20:12 AM",74.7432
"2015-09-21:12 AM",74.5835
"2015-09-22:12 AM",71.9571
"2015-09-23:12 AM",71.47
"2015-09-24:12 AM",66.4563
"2015-09-25:12 AM",65.2248
"2015-09-26:12 AM",69.1101
"2015-09-27:12 AM",69.4659
"2015-09-28:12 AM",72.3015
"2015-09-29:12 AM",73.5366
"2015-09-30:12 AM",74.6272
"2015-10-01:12 AM",70.9855
"2015-10-02:12 AM",63.549
"2015-10-03:12 AM",59.2597
"2015-10-04:12 AM",63.4653
"2015-10-05:12 AM",64.0555
"2015-10-06:12 AM",65.1729
"2015-10-07:12 AM",64.951
"2015-10-08:12 AM",67.0381
"2015-10-09:12 AM",70.7585
"2015-10-10:12 AM",69.2703
"2015-10-11:12 AM",62.7359
"2015-10-12:12 AM",62.366
"2015-10-13:12 AM",67.5216
"2015-10-14:12 AM",64.072
"2015-10-15:12 AM",62.7224
"2015-10-16:12 AM",65.8107
"2015-10-17:12 AM",59.6894
"2015-10-18:12 AM",53.3145
"2015-10-19:12 AM",51.4036
"2015-10-20:12 AM",54.6969
"2015-10-21:12 AM",60.7527
"2015-10-22:12 AM",64.9485
"2015-10-23:12 AM",65.8659
"2015-10-24:12 AM",66.6448
"2015-10-25:12 AM",68.1469
"2015-10-26:12 AM",66.1177
"2015-10-27:12 AM",58.7815
"2015-10-28:12 AM",67.4283
"2015-10-29:12 AM",67.4757
"2015-10-30:12 AM",61.3548
"2015-10-31:12 AM",62.4434
"2015-11-01:12 AM",67.4731
"2015-11-02:12 AM",71.2494
"2015-11-03:12 AM",69.4922
"2015-11-04:12 AM",68.3065
"2015-11-05:12 AM",68.7277
"2015-11-06:12 AM",71.154
"2015-11-07:12 AM",69.6828
"2015-11-08:12 AM",57.2173
"2015-11-09:12 AM",52.8519
"2015-11-10:12 AM",57.0144
"2015-11-11:12 AM",57.2711
"2015-11-12:12 AM",62.9058
"2015-11-13:12 AM",55.3429
"2015-11-14:12 AM",49.4103
"2015-11-15:12 AM",49.4944
"2015-11-16:12 AM",53.5309
"2015-11-17:12 AM",61.1787
"2015-11-18:12 AM",68.6835
"2015-11-19:12 AM",66.0769
"2015-11-20:12 AM",57.3777
"2015-11-21:12 AM",52.6937
"2015-11-22:12 AM",49.1934
"2015-11-23:12 AM",40.4308
"2015-11-24:12 AM",43.9905
"2015-11-25:12 AM",50.5312
"2015-11-26:12 AM",55.945
"2015-11-27:12 AM",59.0904
"2015-11-28:12 AM",60.5133
"2015-11-29:12 AM",60.5971
"2015-11-30:12 AM",62.587
"2015-12-01:12 AM",63.3025
"2015-12-02:12 AM",61.6761
"2015-12-03:12 AM",49.2575
"2015-12-04:12 AM",46.3224
"2015-12-05:12 AM",46.929
"2015-12-06:12 AM",50.6462
"2015-12-07:12 AM",53.3628
"2015-12-08:12 AM",50.9158
"2015-12-09:12 AM",51.877
"2015-12-10:12 AM",56.9111
"2015-12-11:12 AM",61.6395
"2015-12-12:12 AM",61.0693
"2015-12-13:12 AM",62.6202
"2015-12-14:12 AM",65.2359
"2015-12-15:12 AM",58.0447
"2015-12-16:12 AM",57.2578
"2015-12-17:12 AM",64.5296
"2015-12-18:12 AM",49.2346
"2015-12-19:12 AM",39.1273
"2015-12-20:12 AM",42.9805
"2015-12-21:12 AM",52.4718
"2015-12-22:12 AM",63.0705
"2015-12-23:12 AM",65.6478
"2015-12-24:12 AM",70.6244
"2015-12-25:12 AM",69.7392
"2015-12-26:12 AM",68.2732
"2015-12-27:12 AM",69.2958
"2015-12-28:12 AM",69.3507
"2015-12-29:12 AM",67.6902
"2015-12-30:12 AM",67.4568
"2015-12-31:12 AM",63.0999
"2016-01-01:12 AM",49.4587
"2016-01-02:12 AM",43.6417
"2016-01-03:12 AM",44.0438
"2016-01-04:12 AM",41.193
"2016-01-05:12 AM",34.7862
"2016-01-06:12 AM",35.6747
"2016-01-07:12 AM",44.7418
"2016-01-08:12 AM",51.948
"2016-01-09:12 AM",50.4849
"2016-01-10:12 AM",46.2972
"2016-01-11:12 AM",34.264
"2016-01-12:12 AM",38.289
"2016-01-13:12 AM",39.2761
"2016-01-14:12 AM",42.6371
"2016-01-15:12 AM",49.6051
"2016-01-16:12 AM",51.7662
"2016-01-17:12 AM",44.6625
"2016-01-18:12 AM",35.6779
"2016-01-19:12 AM",31.1473
"2016-01-20:12 AM",36.4748
"2016-01-21:12 AM",43.6975
"2016-01-22:12 AM",46.6995
"2016-01-23:12 AM",31.7685
"2016-01-24:12 AM",31.748
"2016-01-25:12 AM",39.6828
"2016-01-26:12 AM",48.8995
"2016-01-27:12 AM",51.2836
"2016-01-28:12 AM",47.624
"2016-01-29:12 AM",45.6505
"2016-01-30:12 AM",47.2093
"2016-01-31:12 AM",52.6593
"2016-02-01:12 AM",58.073
"2016-02-02:12 AM",62.8506
"2016-02-03:12 AM",64.2072
"2016-02-04:12 AM",49.818
"2016-02-05:12 AM",38.8263
"2016-02-06:12 AM",37.9458
"2016-02-07:12 AM",41.1377
"2016-02-08:12 AM",42.9663
"2016-02-09:12 AM",36.217
"2016-02-10:12 AM",31.2667
"2016-02-11:12 AM",38.5599
"2016-02-12:12 AM",47.9059
"2016-02-13:12 AM",38.8017
"2016-02-14:12 AM",36.5641
"2016-02-15:12 AM",44.6689
"2016-02-16:12 AM",51.5982
"2016-02-17:12 AM",48.3053
"2016-02-18:12 AM",45.2941
"2016-02-19:12 AM",48.9861
"2016-02-20:12 AM",54.3537
"2016-02-21:12 AM",59.2047
"2016-02-22:12 AM",61.018
"2016-02-23:12 AM",60.3477
"2016-02-24:12 AM",57.2137
"2016-02-25:12 AM",45.0667
"2016-02-26:12 AM",41.7911
"2016-02-27:12 AM",42.8535
"2016-02-28:12 AM",48.2364
"2016-02-29:12 AM",54.788
"2016-03-01:12 AM",60.22
"2016-03-02:12 AM",51.5404
"2016-03-03:12 AM",47.2327
"2016-03-04:12 AM",46.8253
"2016-03-05:12 AM",47.3896
"2016-03-06:12 AM",50.7823
"2016-03-07:12 AM",53.2396
"2016-03-08:12 AM",58.9365
"2016-03-09:12 AM",62.5771
"2016-03-10:12 AM",65.2915
"2016-03-11:12 AM",67.5945
"2016-03-12:12 AM",67.9563
"2016-03-13:12 AM",67.6675
"2016-03-14:12 AM",66.013
"2016-03-15:12 AM",67.4852
"2016-03-16:12 AM",68.3796
"2016-03-17:12 AM",65.8483
"2016-03-18:12 AM",63.198
"2016-03-19:12 AM",62.6344
"2016-03-20:12 AM",52.8991
"2016-03-21:12 AM",44.4405
"2016-03-22:12 AM",49.0888
"2016-03-23:12 AM",55.4767
"2016-03-24:12 AM",62.42
"2016-03-25:12 AM",63.709
"2016-03-26:12 AM",62.7962
"2016-03-27:12 AM",64.2951
"2016-03-28:12 AM",63.5058
"2016-03-29:12 AM",56.7525
"2016-03-30:12 AM",59.1712
"2016-03-31:12 AM",66.8404
"2016-04-01:12 AM",68.7493
"2016-04-02:12 AM",60.4701
"2016-04-03:12 AM",53.2886
"2016-04-04:12 AM",57.877
"2016-04-05:12 AM",58.2739
"2016-04-06:12 AM",56.7388
"2016-04-07:12 AM",60.5743
"2016-04-08:12 AM",57.4803
"2016-04-09:12 AM",52.5567
"2016-04-10:12 AM",51.021
"2016-04-11:12 AM",60.2809
"2016-04-12:12 AM",63.4384
"2016-04-13:12 AM",60.064
"2016-04-14:12 AM",58.3045
"2016-04-15:12 AM",54.4548
"2016-04-16:12 AM",59.1847
"2016-04-17:12 AM",58.4173
"2016-04-18:12 AM",59.1404
"2016-04-19:12 AM",63.6624
"2016-04-20:12 AM",67.1875
"2016-04-21:12 AM",66.3175
"2016-04-22:12 AM",65.2429
"2016-04-23:12 AM",65.2509
"2016-04-24:12 AM",65.9757
"2016-04-25:12 AM",67.8196
"2016-04-26:12 AM",69.44
"2016-04-27:12 AM",71.3359
"2016-04-28:12 AM",71.8666
"2016-04-29:12 AM",73.8075
"2016-04-30:12 AM",74.6029
"2016-05-01:12 AM",72.3517
"2016-05-02:12 AM",71.9645
"2016-05-03:12 AM",70.9097
"2016-05-04:12 AM",64.9659
"2016-05-05:12 AM",58.2001
"2016-05-06:12 AM",57.3737
"2016-05-07:12 AM",63.0693
"2016-05-08:12 AM",70.6804
"2016-05-09:12 AM",70.5715
"2016-05-10:12 AM",71.5431
"2016-05-11:12 AM",73.5409
"2016-05-12:12 AM",74.8549
"2016-05-13:12 AM",72.4399
"2016-05-14:12 AM",68.7007
"2016-05-15:12 AM",64.1188
"2016-05-16:12 AM",64.8068
"2016-05-17:12 AM",68.6372
"2016-05-18:12 AM",70.6323
"2016-05-19:12 AM",71.539
"2016-05-20:12 AM",67.7287
"2016-05-21:12 AM",70.6998
"2016-05-22:12 AM",67.2796
"2016-05-23:12 AM",68.3578
"2016-05-24:12 AM",71.5464
"2016-05-25:12 AM",74.3097
"2016-05-26:12 AM",75.2763
"2016-05-27:12 AM",73.3795
"2016-05-28:12 AM",73.663
"2016-05-29:12 AM",72.6096
"2016-05-30:12 AM",76.0275
"2016-05-31:12 AM",78.915
"2016-06-01:12 AM",80.4227
"2016-06-02:12 AM",79.4773
"2016-06-03:12 AM",80.1837
"2016-06-04:12 AM",80.8191
"2016-06-05:12 AM",76.246
"2016-06-06:12 AM",73.5078
"2016-06-07:12 AM",76.2976
"2016-06-08:12 AM",75.259
"2016-06-09:12 AM",75.6399
"2016-06-10:12 AM",78.7314
"2016-06-11:12 AM",80.6671
"2016-06-12:12 AM",82.6714
"2016-06-13:12 AM",83.8816
"2016-06-14:12 AM",83.6526
"2016-06-15:12 AM",80.1876
"2016-06-16:12 AM",81.4986
"2016-06-17:12 AM",84.1573
"2016-06-18:12 AM",75.918
"2016-06-19:12 AM",74.3094
"2016-06-20:12 AM",74.1088
"2016-06-21:12 AM",77.8809
"2016-06-22:12 AM",81.1677
"2016-06-23:12 AM",81.6958
"2016-06-24:12 AM",84.2898
"2016-06-25:12 AM",86.6651
"2016-06-26:12 AM",84.8642
"2016-06-27:12 AM",80.8261
"2016-06-28:12 AM",80.5804
"2016-06-29:12 AM",80.4043
"2016-06-30:12 AM",78.3729
"2016-07-01:12 AM",79.732
"2016-07-02:12 AM",83.2305
"2016-07-03:12 AM",84.7827
"2016-07-04:12 AM",84.8278
"2016-07-05:12 AM",84.0011
"2016-07-06:12 AM",83.7936
"2016-07-07:12 AM",85.3608
"2016-07-08:12 AM",87.2652
"2016-07-09:12 AM",86.5481
"2016-07-10:12 AM",83.4814
"2016-07-11:12 AM",83.2062
"2016-07-12:12 AM",83.5479
"2016-07-13:12 AM",84.2713
"2016-07-14:12 AM",85.0969
"2016-07-15:12 AM",82.7899
"2016-07-16:12 AM",83.1646
"2016-07-17:12 AM",84.193
"2016-07-18:12 AM",83.5655
"2016-07-19:12 AM",85.6868
"2016-07-20:12 AM",85.9689
"2016-07-21:12 AM",85.7277
"2016-07-22:12 AM",84.3922
"2016-07-23:12 AM",85.2258
"2016-07-24:12 AM",85.627
"2016-07-25:12 AM",85.9125
"2016-07-26:12 AM",84.7697
"2016-07-27:12 AM",85.1153
"2016-07-28:12 AM",84.8511
"2016-07-29:12 AM",85.3954
"2016-07-30:12 AM",85.1578
"2016-07-31:12 AM",83.2941
"2016-08-01:12 AM",81.4552
"2016-08-02:12 AM",81.8515
"2016-08-03:12 AM",82.7425
"2016-08-04:12 AM",81.6672
"2016-08-05:12 AM",81.525
"2016-08-06:12 AM",82.9346
"2016-08-07:12 AM",84.027
"2016-08-08:12 AM",80.4603
"2016-08-09:12 AM",78.1957
"2016-08-10:12 AM",78.7402
"2016-08-11:12 AM",82.6378
"2016-08-12:12 AM",81.8665
"2016-08-13:12 AM",82.7753
"2016-08-14:12 AM",83.6224
"2016-08-15:12 AM",83.4784
"2016-08-16:12 AM",83.4447
"2016-08-17:12 AM",84.3832
"2016-08-18:12 AM",84.4806
"2016-08-19:12 AM",82.0663
"2016-08-20:12 AM",80.9623
"2016-08-21:12 AM",82.1052
"2016-08-22:12 AM",82.4446
"2016-08-23:12 AM",81.7272
"2016-08-24:12 AM",80.573
"2016-08-25:12 AM",80.2792
"2016-08-26:12 AM",81.2507
"2016-08-27:12 AM",81.7119
"2016-08-28:12 AM",82.1311
"2016-08-29:12 AM",81.0061
"2016-08-30:12 AM",79.9776
"2016-08-31:12 AM",79.8004
"2016-09-01:12 AM",79.0131
"2016-09-02:12 AM",75.3015
"2016-09-03:12 AM",73.4806
"2016-09-04:12 AM",75.5593
"2016-09-05:12 AM",74.4759
"2016-09-06:12 AM",74.8427
"2016-09-07:12 AM",77.0508
"2016-09-08:12 AM",78.1311
"2016-09-09:12 AM",80.1255
"2016-09-10:12 AM",80.3759
"2016-09-11:12 AM",82.2137
"2016-09-12:12 AM",79.9189
"2016-09-13:12 AM",76.8515
"2016-09-14:12 AM",76.8412
"2016-09-15:12 AM",77.0221
"2016-09-16:12 AM",77.3751
"2016-09-17:12 AM",76.2534
"2016-09-18:12 AM",75.7965
"2016-09-19:12 AM",77.4358
"2016-09-20:12 AM",77.1593
"2016-09-21:12 AM",76.8461
"2016-09-22:12 AM",76.0957
"2016-09-23:12 AM",76.5795
"2016-09-24:12 AM",77.2741
"2016-09-25:12 AM",77.8005
"2016-09-26:12 AM",76.492
"2016-09-27:12 AM",76.3761
"2016-09-28:12 AM",74.6272
"2016-09-29:12 AM",73.3208
"2016-09-30:12 AM",65.7439
"2016-10-01:12 AM",65.0066
"2016-10-02:12 AM",68.6588
"2016-10-03:12 AM",71.2499
"2016-10-04:12 AM",72.7651
"2016-10-05:12 AM",70.3614
"2016-10-06:12 AM",69.5853
"2016-10-07:12 AM",71.105
"2016-10-08:12 AM",74.91
"2016-10-09:12 AM",66.5029
"2016-10-10:12 AM",61.6464
"2016-10-11:12 AM",59.9432
"2016-10-12:12 AM",61.3589
"2016-10-13:12 AM",64.9508
"2016-10-14:12 AM",66.7447
"2016-10-15:12 AM",68.3667
"2016-10-16:12 AM",68.9338
"2016-10-17:12 AM",69.4429
"2016-10-18:12 AM",71.0672
"2016-10-19:12 AM",72.0946
"2016-10-20:12 AM",72.2674
"2016-10-21:12 AM",66.2275
"2016-10-22:12 AM",55.9528
"2016-10-23:12 AM",54.8969
"2016-10-24:12 AM",61.6244
"2016-10-25:12 AM",63.8676
"2016-10-26:12 AM",63.8746
"2016-10-27:12 AM",67.165
"2016-10-28:12 AM",67.0035
"2016-10-29:12 AM",66.1213
"2016-10-30:12 AM",67.138
"2016-10-31:12 AM",68.7479
"2016-11-01:12 AM",68.542
"2016-11-02:12 AM",68.725
"2016-11-03:12 AM",69.692
"2016-11-04:12 AM",69.9732
"2016-11-05:12 AM",58.7629
"2016-11-06:12 AM",57.3111
"2016-11-07:12 AM",59.4624
"2016-11-08:12 AM",56.6226
"2016-11-09:12 AM",59.1656
"2016-11-10:12 AM",54.4233
"2016-11-11:12 AM",57.0767
"2016-11-12:12 AM",58.2685
"2016-11-13:12 AM",50.8451
"2016-11-14:12 AM",50.3334
"2016-11-15:12 AM",54.0986
"2016-11-16:12 AM",57.1026
"2016-11-17:12 AM",57.4718
"2016-11-18:12 AM",58.1396
"2016-11-19:12 AM",56.9194
"2016-11-20:12 AM",46.2038
"2016-11-21:12 AM",45.8163
"2016-11-22:12 AM",48.603
"2016-11-23:12 AM",54.6976
"2016-11-24:12 AM",61.092
"2016-11-25:12 AM",62.9073
"2016-11-26:12 AM",53.2774
"2016-11-27:12 AM",48.2731
"2016-11-28:12 AM",56.5869
"2016-11-29:12 AM",68.3096
"2016-11-30:12 AM",68.5242
"2016-12-01:12 AM",54.8812
"2016-12-02:12 AM",48.8498
"2016-12-03:12 AM",51.2596
"2016-12-04:12 AM",53.8887
"2016-12-05:12 AM",56.2053
"2016-12-06:12 AM",59.9029
"2016-12-07:12 AM",51.9852
"2016-12-08:12 AM",47.8643
"2016-12-09:12 AM",37.6903
"2016-12-10:12 AM",36.2869
"2016-12-11:12 AM",40.9453
"2016-12-12:12 AM",56.3576
"2016-12-13:12 AM",58.3408
"2016-12-14:12 AM",55.4067
"2016-12-15:12 AM",44.2512
"2016-12-16:12 AM",39.5758
"2016-12-17:12 AM",52.6456
"2016-12-18:12 AM",60.7006
"2016-12-19:12 AM",46.1959
"2016-12-20:12 AM",42.7401
"2016-12-21:12 AM",43.6334
"2016-12-22:12 AM",52.6527
"2016-12-23:12 AM",51.0532
"2016-12-24:12 AM",56.1744
"2016-12-25:12 AM",60.8778
"2016-12-26:12 AM",60.9791
"2016-12-27:12 AM",62.2337
"2016-12-28:12 AM",60.7951
"2016-12-29:12 AM",58.7669
"2016-12-30:12 AM",42.2848
"2016-12-31:12 AM",40.9737
"2017-01-01:12 AM",53.6344
"2017-01-02:12 AM",61.7817
"2017-01-03:12 AM",63.766
"2017-01-04:12 AM",54.4944
"2017-01-05:12 AM",47.1726
"2017-01-06:12 AM",45.1584
"2017-01-07:12 AM",32.2563
"2017-01-08:12 AM",26.9778
"2017-01-09:12 AM",31.7419
"2017-01-10:12 AM",40.6915
"2017-01-11:12 AM",54.7768
"2017-01-12:12 AM",58.3066
"2017-01-13:12 AM",60.2814
"2017-01-14:12 AM",60.6276
"2017-01-15:12 AM",59.8231
"2017-01-16:12 AM",60.1426
"2017-01-17:12 AM",62.44
"2017-01-18:12 AM",63.0081
"2017-01-19:12 AM",61.9561
"2017-01-20:12 AM",64.6038
"2017-01-21:12 AM",64.4587
"2017-01-22:12 AM",62.9931
"2017-01-23:12 AM",52.2437
"2017-01-24:12 AM",51.4164
"2017-01-25:12 AM",54.738
"2017-01-26:12 AM",56.7709
"2017-01-27:12 AM",42.9492
"2017-01-28:12 AM",41.3182
"2017-01-29:12 AM",43.6748
"2017-01-30:12 AM",43.3911
"2017-01-31:12 AM",52.0903
"2017-02-01:12 AM",56.8909
"2017-02-02:12 AM",57.8138
"2017-02-03:12 AM",54.2664
"2017-02-04:12 AM",42.1707
"2017-02-05:12 AM",45.0001
"2017-02-06:12 AM",52.2624
"2017-02-07:12 AM",61.3211
"2017-02-08:12 AM",62.15
"2017-02-09:12 AM",51.4116
"2017-02-10:12 AM",43.732
"2017-02-11:12 AM",54.3403
"2017-02-12:12 AM",64.2916
"2017-02-13:12 AM",56.5444
"2017-02-14:12 AM",54.707
"2017-02-15:12 AM",57.065
"2017-02-16:12 AM",46.3417
"2017-02-17:12 AM",50.3737
"2017-02-18:12 AM",54.354
"2017-02-19:12 AM",58.5014
"2017-02-20:12 AM",59.3265
"2017-02-21:12 AM",62.1063
"2017-02-22:12 AM",63.3454
"2017-02-23:12 AM",63.5688
"2017-02-24:12 AM",64.5465
"2017-02-25:12 AM",61.4719
"2017-02-26:12 AM",48.1903
"2017-02-27:12 AM",54.5454
"2017-02-28:12 AM",62.904
"2017-03-01:12 AM",67.6087
"2017-03-02:12 AM",54.8841
"2017-03-03:12 AM",47.7196
"2017-03-04:12 AM",46.5424
"2017-03-05:12 AM",52.108
"2017-03-06:12 AM",59.5539
"2017-03-07:12 AM",61.6224
"2017-03-08:12 AM",60.559
"2017-03-09:12 AM",56.8639
"2017-03-10:12 AM",62.1264
"2017-03-11:12 AM",52.9896
"2017-03-12:12 AM",47.4777
"2017-03-13:12 AM",41.0841
"2017-03-14:12 AM",42.9994
"2017-03-15:12 AM",35.7834
"2017-03-16:12 AM",36.7975
"2017-03-17:12 AM",46.5046
"2017-03-18:12 AM",58.7068
"2017-03-19:12 AM",53.2632
"2017-03-20:12 AM",54.1598
"2017-03-21:12 AM",67.5041
"2017-03-22:12 AM",65.6593
"2017-03-23:12 AM",58.4481
"2017-03-24:12 AM",60.3795
"2017-03-25:12 AM",64.3014
"2017-03-26:12 AM",66.8001
"2017-03-27:12 AM",67.7674
"2017-03-28:12 AM",68.653
"2017-03-29:12 AM",69.8983
"2017-03-30:12 AM",69.4017
"2017-03-31:12 AM",67.3687
"2017-04-01:12 AM",64.2254
"2017-04-02:12 AM",65.9592
"2017-04-03:12 AM",68.8129
"2017-04-04:12 AM",68.3411
"2017-04-05:12 AM",70.099
"2017-04-06:12 AM",56.898
"2017-04-07:12 AM",53.0328
"2017-04-08:12 AM",52.9826
"2017-04-09:12 AM",58.0068
"2017-04-10:12 AM",62.7928
"2017-04-11:12 AM",65.269
"2017-04-12:12 AM",67.2402
"2017-04-13:12 AM",67.9282
"2017-04-14:12 AM",68.7393
"2017-04-15:12 AM",69.1777
"2017-04-16:12 AM",69.7354
"2017-04-17:12 AM",69.8153
"2017-04-18:12 AM",70.3798
"2017-04-19:12 AM",70.3791
"2017-04-20:12 AM",71.051
"2017-04-21:12 AM",72.6813
"2017-04-22:12 AM",72.2358
"2017-04-23:12 AM",68.0616
"2017-04-24:12 AM",59.1631
"2017-04-25:12 AM",64.5438
"2017-04-26:12 AM",69.0363
"2017-04-27:12 AM",72.4775
"2017-04-28:12 AM",76.6533
"2017-04-29:12 AM",77.8044
"2017-04-30:12 AM",76.6614
"2017-05-01:12 AM",70.2667
"2017-05-02:12 AM",65.2654
"2017-05-03:12 AM",70.0255
"2017-05-04:12 AM",67.0215
"2017-05-05:12 AM",55.5908
"2017-05-06:12 AM",59.1732
"2017-05-07:12 AM",62.8137
"2017-05-08:12 AM",63.8168
"2017-05-09:12 AM",71.3579
"2017-05-10:12 AM",75.645
"2017-05-11:12 AM",77.049
"2017-05-12:12 AM",75.677
"2017-05-13:12 AM",69.8214
"2017-05-14:12 AM",69.9364
"2017-05-15:12 AM",73.4736
"2017-05-16:12 AM",76.0206
"2017-05-17:12 AM",77.0063
"2017-05-18:12 AM",77.6331
"2017-05-19:12 AM",77.4084
"2017-05-20:12 AM",77.0326
"2017-05-21:12 AM",74.3979
"2017-05-22:12 AM",73.4376
"2017-05-23:12 AM",70.507
"2017-05-24:12 AM",69.4809
"2017-05-25:12 AM",65.1592
"2017-05-26:12 AM",68.9095
"2017-05-27:12 AM",75.2202
"2017-05-28:12 AM",78.9625
"2017-05-29:12 AM",78.7503
"2017-05-30:12 AM",75.9969
"2017-05-31:12 AM",75.9844
"2017-06-01:12 AM",72.1364
"2017-06-02:12 AM",75.4588
"2017-06-03:12 AM",77.6754
"2017-06-04:12 AM",76.7966
"2017-06-05:12 AM",75.1422
"2017-06-06:12 AM",73.1269
"2017-06-07:12 AM",69.595
"2017-06-08:12 AM",69.3667
"2017-06-09:12 AM",72.4825
"2017-06-10:12 AM",74.8818
"2017-06-11:12 AM",76.136
"2017-06-12:12 AM",75.9247
"2017-06-13:12 AM",76.6654
"2017-06-14:12 AM",77.329
"2017-06-15:12 AM",78.6699
"2017-06-16:12 AM",77.5596
"2017-06-17:12 AM",78.1587
"2017-06-18:12 AM",78.2213
"2017-06-19:12 AM",77.6107
"2017-06-20:12 AM",73.5111
"2017-06-21:12 AM",75.0623
"2017-06-22:12 AM",77.6858
"2017-06-23:12 AM",79.6239
"2017-06-24:12 AM",79.1854
"2017-06-25:12 AM",77.5746
"2017-06-26:12 AM",74.4669
"2017-06-27:12 AM",74.9379
"2017-06-28:12 AM",75.2149
"2017-06-29:12 AM",75.8107
"2017-06-30:12 AM",76.3336
"2017-07-01:12 AM",79.923
"2017-07-02:12 AM",79.9158
"2017-07-03:12 AM",79.7313
"2017-07-04:12 AM",81.775
"2017-07-05:12 AM",83.3308
"2017-07-06:12 AM",83.2302
"2017-07-07:12 AM",82.4446
"2017-07-08:12 AM",80.7586
"2017-07-09:12 AM",80.4132
"2017-07-10:12 AM",78.8783
"2017-07-11:12 AM",79.2419
"2017-07-12:12 AM",80.6059
"2017-07-13:12 AM",82.1862
"2017-07-14:12 AM",81.9887
"2017-07-15:12 AM",82.5858
"2017-07-16:12 AM",78.5457
"2017-07-17:12 AM",77.6872
"2017-07-18:12 AM",78.6828
"2017-07-19:12 AM",81.5583
"2017-07-20:12 AM",83.161
"2017-07-21:12 AM",83.2645
"2017-07-22:12 AM",82.7674
"2017-07-23:12 AM",81.2554
"2017-07-24:12 AM",80.3658
"2017-07-25:12 AM",79.6379
"2017-07-26:12 AM",80.3647
"2017-07-27:12 AM",79.8098
"2017-07-28:12 AM",79.8553
"2017-07-29:12 AM",79.4332
"2017-07-30:12 AM",76.9113
"2017-07-31:12 AM",74.2739
"2017-08-01:12 AM",74.2285
"2017-08-02:12 AM",75.9434
"2017-08-03:12 AM",74.6575
"2017-08-04:12 AM",75.1575
"2017-08-05:12 AM",77.6127
"2017-08-06:12 AM",77.4662
"2017-08-07:12 AM",78.2501
"2017-08-08:12 AM",76.3642
"2017-08-09:12 AM",75.6117
"2017-08-10:12 AM",76.5637
"2017-08-11:12 AM",78.5005
"2017-08-12:12 AM",79.7859
"2017-08-13:12 AM",78.8929
"2017-08-14:12 AM",79.3956
"2017-08-15:12 AM",80.0004
"2017-08-16:12 AM",81.8123
"2017-08-17:12 AM",82.074
"2017-08-18:12 AM",82.6727
"2017-08-19:12 AM",80.109
"2017-08-20:12 AM",80.3977
"2017-08-21:12 AM",80.6365
"2017-08-22:12 AM",79.3445
"2017-08-23:12 AM",80.9454
"2017-08-24:12 AM",79.3171
"2017-08-25:12 AM",77.9279
"2017-08-26:12 AM",78.0327
"2017-08-27:12 AM",77.3166
"2017-08-28:12 AM",73.0213
"2017-08-29:12 AM",73.9371
"2017-08-30:12 AM",72.7515
"2017-08-31:12 AM",75.5292
"2017-09-01:12 AM",75.7341
"2017-09-02:12 AM",73.2709
"2017-09-03:12 AM",72.5202
"2017-09-04:12 AM",74.3
"2017-09-05:12 AM",76.6535
"2017-09-06:12 AM",70.5004
"2017-09-07:12 AM",65.9509
"2017-09-08:12 AM",68.4482
"2017-09-09:12 AM",69.0127
"2017-09-10:12 AM",65.3988
"2017-09-11:12 AM",61.7353
"2017-09-12:12 AM",64.1593
"2017-09-13:12 AM",68.3119
"2017-09-14:12 AM",71.3271
"2017-09-15:12 AM",72.871
"2017-09-16:12 AM",73.69
"2017-09-17:12 AM",73.4355
"2017-09-18:12 AM",74.0082
"2017-09-19:12 AM",75.0106
"2017-09-20:12 AM",76.1979
"2017-09-21:12 AM",75.7366
"2017-09-22:12 AM",74.9104
"2017-09-23:12 AM",73.9897
"2017-09-24:12 AM",73.7663
"2017-09-25:12 AM",73.2839
"2017-09-26:12 AM",72.833
"2017-09-27:12 AM",75.4734
"2017-09-28:12 AM",77.2097
"2017-09-29:12 AM",77.0832
"2017-09-30:12 AM",73.515
"2017-10-01:12 AM",65.9255
"2017-10-02:12 AM",66.6304
"2017-10-03:12 AM",69.1356
"2017-10-04:12 AM",68.8892
"2017-10-05:12 AM",69.0483
"2017-10-06:12 AM",71.0892
"2017-10-07:12 AM",76.618
"2017-10-08:12 AM",75.618
"2017-10-09:12 AM",76.9402
"2017-10-10:12 AM",77.3505
"2017-10-11:12 AM",77.2653
"2017-10-12:12 AM",75.1887
"2017-10-13:12 AM",73.0569
"2017-10-14:12 AM",71.2974
"2017-10-15:12 AM",70.9966
"2017-10-16:12 AM",68.4057
"2017-10-17:12 AM",58.154
"2017-10-18:12 AM",56.3673
"2017-10-19:12 AM",59.7906
"2017-10-20:12 AM",60.343
"2017-10-21:12 AM",65.2449
"2017-10-22:12 AM",69.1005
"2017-10-23:12 AM",68.535
"2017-10-24:12 AM",58.5714
"2017-10-25:12 AM",52.1848
"2017-10-26:12 AM",52.3935
"2017-10-27:12 AM",56.5074
"2017-10-28:12 AM",60.5678
"2017-10-29:12 AM",45.5299
"2017-10-30:12 AM",45.7758
"2017-10-31:12 AM",54.8706
"2017-11-01:12 AM",57.742
"2017-11-02:12 AM",63.349
"2017-11-03:12 AM",65.9372
"2017-11-04:12 AM",67.062
"2017-11-05:12 AM",65.8674
"2017-11-06:12 AM",65.9399
"2017-11-07:12 AM",69.1502
"2017-11-08:12 AM",65.3047
"2017-11-09:12 AM",55.2699
"2017-11-10:12 AM",52.4118
"2017-11-11:12 AM",49.0984
"2017-11-12:12 AM",49.4073
"2017-11-13:12 AM",53.9818
"2017-11-14:12 AM",51.2065
"2017-11-15:12 AM",48.1116
"2017-11-16:12 AM",52.7497
"2017-11-17:12 AM",52.6633
"2017-11-18:12 AM",57.4313
"2017-11-19:12 AM",52.6465
"2017-11-20:12 AM",46.0278
"2017-11-21:12 AM",55
"2017-11-22:12 AM",57.5375
"2017-11-23:12 AM",52.2621
"2017-11-24:12 AM",48.6761
"2017-11-25:12 AM",51.5674
"2017-11-26:12 AM",52.7502
"2017-11-27:12 AM",49.2514
"2017-11-28:12 AM",53.0744
"2017-11-29:12 AM",57.9097
"2017-11-30:12 AM",59.6635
"2017-12-01:12 AM",61.6563
"2017-12-02:12 AM",59.734
"2017-12-03:12 AM",58.0174
"2017-12-04:12 AM",55.8354
"2017-12-05:12 AM",62.5636
"2017-12-06:12 AM",52.3711
"2017-12-07:12 AM",44.4745
"2017-12-08:12 AM",40.2989
"2017-12-09:12 AM",36.9532
"2017-12-10:12 AM",33.5754
"2017-12-11:12 AM",41.103
"2017-12-12:12 AM",45.6199
"2017-12-13:12 AM",38.7286
"2017-12-14:12 AM",45.7891
"2017-12-15:12 AM",45.304
"2017-12-16:12 AM",39.2979
"2017-12-17:12 AM",46.8424
"2017-12-18:12 AM",56.64
"2017-12-19:12 AM",59.2446
"2017-12-20:12 AM",64.531
"2017-12-21:12 AM",58.0807
"2017-12-22:12 AM",55.7442
"2017-12-23:12 AM",61.4158
"2017-12-24:12 AM",54.7644
"2017-12-25:12 AM",39.4876
"2017-12-26:12 AM",39.1669
"2017-12-27:12 AM",41.401
"2017-12-28:12 AM",38.73
"2017-12-29:12 AM",38.8027
"2017-12-30:12 AM",40.1576
"2017-12-31:12 AM",36.3063
"2018-01-01:12 AM",28.974
"2018-01-02:12 AM",25.0747
"2018-01-03:12 AM",28.3282
"2018-01-04:12 AM",27.3526
"2018-01-05:12 AM",27.136
"2018-01-06:12 AM",29.4782
"2018-01-07:12 AM",30.1113
"2018-01-08:12 AM",38.0338
"2018-01-09:12 AM",50.094
"2018-01-10:12 AM",57.2621
"2018-01-11:12 AM",60.4353
"2018-01-12:12 AM",57.8815
"2018-01-13:12 AM",34.8624
"2018-01-14:12 AM",31.3473
"2018-01-15:12 AM",33.6135
"2018-01-16:12 AM",38.2149
"2018-01-17:12 AM",28.1388
"2018-01-18:12 AM",26.7433
"2018-01-19:12 AM",34.4275
"2018-01-20:12 AM",41.6993
"2018-01-21:12 AM",48.7303
"2018-01-22:12 AM",56.5124
"2018-01-23:12 AM",55.2238
"2018-01-24:12 AM",44.3928
"2018-01-25:12 AM",43.1724
"2018-01-26:12 AM",45.9664
"2018-01-27:12 AM",53.6756
"2018-01-28:12 AM",56.5515
"2018-01-29:12 AM",52.5938
"2018-01-30:12 AM",40.0809
"2018-01-31:12 AM",38.9656
"2018-02-01:12 AM",47.2408
"2018-02-02:12 AM",45.2359
"2018-02-03:12 AM",38.5813
"2018-02-04:12 AM",49.3452
"2018-02-05:12 AM",45.3175
"2018-02-06:12 AM",49.8409
"2018-02-07:12 AM",59.6023
"2018-02-08:12 AM",49.4505
"2018-02-09:12 AM",49.4249
"2018-02-10:12 AM",59.1847
"2018-02-11:12 AM",64.5073
"2018-02-12:12 AM",61.5852
"2018-02-13:12 AM",54.2386
"2018-02-14:12 AM",53.6801
"2018-02-15:12 AM",62.7507
"2018-02-16:12 AM",64.927
"2018-02-17:12 AM",62.2582
"2018-02-18:12 AM",61.6251
"2018-02-19:12 AM",64.1143
"2018-02-20:12 AM",65.9971
"2018-02-21:12 AM",68.7709
"2018-02-22:12 AM",68.819
"2018-02-23:12 AM",66.2013
"2018-02-24:12 AM",67.8326
"2018-02-25:12 AM",66.168
"2018-02-26:12 AM",61.1535
"2018-02-27:12 AM",54.2374
"2018-02-28:12 AM",58.0503
"2018-03-01:12 AM",66.0677
"2018-03-02:12 AM",53.6403
"2018-03-03:12 AM",48.6234
"2018-03-04:12 AM",48.3138
"2018-03-05:12 AM",51.0654
"2018-03-06:12 AM",55.4002
"2018-03-07:12 AM",47.5356
"2018-03-08:12 AM",40.8886
"2018-03-09:12 AM",42.4782
"2018-03-10:12 AM",50.346
"2018-03-11:12 AM",54.1794
"2018-03-12:12 AM",48.3534
"2018-03-13:12 AM",43.185
"2018-03-14:12 AM",43.1634
"2018-03-15:12 AM",46.5075
"2018-03-16:12 AM",54.4512
"2018-03-17:12 AM",60.7296
"2018-03-18:12 AM",65.435
"2018-03-19:12 AM",64.7523
"2018-03-20:12 AM",63.5976
"2018-03-21:12 AM",46.69
"2018-03-22:12 AM",44.6119
"2018-03-23:12 AM",49.1324
"2018-03-24:12 AM",57.328
"2018-03-25:12 AM",56.4877
"2018-03-26:12 AM",47.2316
"2018-03-27:12 AM",52.6752
"2018-03-28:12 AM",62.4956
"2018-03-29:12 AM",64.6723
"2018-03-30:12 AM",62.4227
"2018-03-31:12 AM",55.3696
"2018-04-01:12 AM",59.5071
"2018-04-02:12 AM",64.2454
"2018-04-03:12 AM",68.3134
"2018-04-04:12 AM",61.5718
"2018-04-05:12 AM",52.1469
"2018-04-06:12 AM",59.781
"2018-04-07:12 AM",60.1608
"2018-04-08:12 AM",49.4609
"2018-04-09:12 AM",53.1734
"2018-04-10:12 AM",55.0881
"2018-04-11:12 AM",54.7273
"2018-04-12:12 AM",59.8161
"2018-04-13:12 AM",65.1996
"2018-04-14:12 AM",69.5845
"2018-04-15:12 AM",63.6984
"2018-04-16:12 AM",47.3945
"2018-04-17:12 AM",53.5204
"2018-04-18:12 AM",65.6055
"2018-04-19:12 AM",65.2024
"2018-04-20:12 AM",55.3568
"2018-04-21:12 AM",58.2831
"2018-04-22:12 AM",61.6563
"2018-04-23:12 AM",65.1353
"2018-04-24:12 AM",63.2311
"2018-04-25:12 AM",62.2636
"2018-04-26:12 AM",61.1292
"2018-04-27:12 AM",61.3238
"2018-04-28:12 AM",63.6694
"2018-04-29:12 AM",62.1126
"2018-04-30:12 AM",60.5921
"2018-05-01:12 AM",64.9333
"2018-05-02:12 AM",68.0711
"2018-05-03:12 AM",68.6716
"2018-05-04:12 AM",70.0511
"2018-05-05:12 AM",71.7283
"2018-05-06:12 AM",70.6676
"2018-05-07:12 AM",69.9307
"2018-05-08:12 AM",70.1461
"2018-05-09:12 AM",71.7933
"2018-05-10:12 AM",74.9739
"2018-05-11:12 AM",76.4242
"2018-05-12:12 AM",77.5463
"2018-05-13:12 AM",77.8321
"2018-05-14:12 AM",74.8864
"2018-05-15:12 AM",70.9457
"2018-05-16:12 AM",71.5543
"2018-05-17:12 AM",72.4676
"2018-05-18:12 AM",73.422
"2018-05-19:12 AM",74.8762
"2018-05-20:12 AM",72.6168
"2018-05-21:12 AM",71.8192
"2018-05-22:12 AM",72.6292
"2018-05-23:12 AM",73.9386
"2018-05-24:12 AM",74.4692
"2018-05-25:12 AM",73.7038
"2018-05-26:12 AM",74.0395
"2018-05-27:12 AM",72.5261
"2018-05-28:12 AM",73.1079
"2018-05-29:12 AM",73.9591
"2018-05-30:12 AM",74.8805
"2018-05-31:12 AM",76.9613
"2018-06-01:12 AM",78.6299
"2018-06-02:12 AM",76.8355
"2018-06-03:12 AM",79.4514
"2018-06-04:12 AM",77.0218
"2018-06-05:12 AM",72.9772
"2018-06-06:12 AM",74.295
"2018-06-07:12 AM",76.9446
"2018-06-08:12 AM",76.2228
"2018-06-09:12 AM",77.5449
"2018-06-10:12 AM",77.4538
"2018-06-11:12 AM",76.4649
"2018-06-12:12 AM",74.6289
"2018-06-13:12 AM",75.8935
"2018-06-14:12 AM",76.9321
"2018-06-15:12 AM",77.2484
"2018-06-16:12 AM",78.5077
"2018-06-17:12 AM",77.4975
"2018-06-18:12 AM",79.9396
"2018-06-19:12 AM",82.3379
"2018-06-20:12 AM",83.2595
"2018-06-21:12 AM",81.3501
"2018-06-22:12 AM",79.6888
"2018-06-23:12 AM",80.4573
"2018-06-24:12 AM",82.4283
"2018-06-25:12 AM",83.6191
"2018-06-26:12 AM",81.1432
"2018-06-27:12 AM",80.6448
"2018-06-28:12 AM",80.1801
"2018-06-29:12 AM",79.2943
"2018-06-30:12 AM",79.975
"2018-07-01:12 AM",77.7472
"2018-07-02:12 AM",78.8448
"2018-07-03:12 AM",81.8631
"2018-07-04:12 AM",80.0125
"2018-07-05:12 AM",78.7699
"2018-07-06:12 AM",79.497
"2018-07-07:12 AM",77.7789
"2018-07-08:12 AM",77.2041
"2018-07-09:12 AM",78.4931
"2018-07-10:12 AM",80.6191
"2018-07-11:12 AM",83.0606
"2018-07-12:12 AM",83.5135
"2018-07-13:12 AM",82.1811
"2018-07-14:12 AM",80.2404
"2018-07-15:12 AM",77.8944
"2018-07-16:12 AM",79.1188
"2018-07-17:12 AM",79.4131
"2018-07-18:12 AM",80.7363
"2018-07-19:12 AM",78.3477
"2018-07-20:12 AM",77.7076
"2018-07-21:12 AM",80.3912
"2018-07-22:12 AM",79.317
"2018-07-23:12 AM",76.8004
"2018-07-24:12 AM",76.636
"2018-07-25:12 AM",78.5725
"2018-07-26:12 AM",79.4077
"2018-07-27:12 AM",79.8694
"2018-07-28:12 AM",80.3059
"2018-07-29:12 AM",78.8203
"2018-07-30:12 AM",77.6392
"2018-07-31:12 AM",77.1615
"2018-08-01:12 AM",74.601
"2018-08-02:12 AM",74.1967
"2018-08-03:12 AM",75.6392
"2018-08-04:12 AM",77.9369
"2018-08-05:12 AM",79.8575
"2018-08-06:12 AM",81.1715
"2018-08-07:12 AM",79.7526
"2018-08-08:12 AM",80.5129
"2018-08-09:12 AM",79.1946
"2018-08-10:12 AM",78.0939
"2018-08-11:12 AM",78.3734
"2018-08-12:12 AM",79.3436
"2018-08-13:12 AM",79.281
"2018-08-14:12 AM",77.7913
"2018-08-15:12 AM",78.1968
"2018-08-16:12 AM",79.0286
"2018-08-17:12 AM",78.2272
"2018-08-18:12 AM",77.4817
"2018-08-19:12 AM",77.328
"2018-08-20:12 AM",76.7323
"2018-08-21:12 AM",76.6803
"2018-08-22:12 AM",77.9511
"2018-08-23:12 AM",75.4556
"2018-08-24:12 AM",74.0314
"2018-08-25:12 AM",74.9925
"2018-08-26:12 AM",76.3988
"2018-08-27:12 AM",77.9617
"2018-08-28:12 AM",78.804
"2018-08-29:12 AM",77.7531
"2018-08-30:12 AM",75.8797
"2018-08-31:12 AM",76.9615
"2018-09-01:12 AM",78.256
"2018-09-02:12 AM",77.7031
"2018-09-03:12 AM",77.8854
"2018-09-04:12 AM",78.1664
"2018-09-05:12 AM",78.3484
"2018-09-06:12 AM",78.2622
"2018-09-07:12 AM",77.9603
"2018-09-08:12 AM",78.1081
"2018-09-09:12 AM",77.9121
"2018-09-10:12 AM",76.7151
"2018-09-11:12 AM",77.1874
"2018-09-12:12 AM",77.5261
"2018-09-13:12 AM",78.8369
"2018-09-14:12 AM",81.1
"2018-09-15:12 AM",80.245
"2018-09-16:12 AM",77.0068
"2018-09-17:12 AM",78.561
"2018-09-18:12 AM",79.342
"2018-09-19:12 AM",78.3721
"2018-09-20:12 AM",78.2258
"2018-09-21:12 AM",77.8204
"2018-09-22:12 AM",76.7338
"2018-09-23:12 AM",76.0505
"2018-09-24:12 AM",75.8062
"2018-09-25:12 AM",76.0725
"2018-09-26:12 AM",77.1262
"2018-09-27:12 AM",75.8255
"2018-09-28:12 AM",75.8775
"2018-09-29:12 AM",75.3881
"2018-09-30:12 AM",74.2831
"2018-10-01:12 AM",73.5003
"2018-10-02:12 AM",73.4558
"2018-10-03:12 AM",74.3718
"2018-10-04:12 AM",75.1244
"2018-10-05:12 AM",76.0235
"2018-10-06:12 AM",76.4913
"2018-10-07:12 AM",75.8001
"2018-10-08:12 AM",76.858
"2018-10-09:12 AM",76.1472
"2018-10-10:12 AM",75.7728
"2018-10-11:12 AM",73.9191
"2018-10-12:12 AM",62.8884
"2018-10-13:12 AM",62.4996
"2018-10-14:12 AM",67.3349
"2018-10-15:12 AM",71.6869
"2018-10-16:12 AM",74.509
"2018-10-17:12 AM",71.915
"2018-10-18:12 AM",64.0891
"2018-10-19:12 AM",63.7115
"2018-10-20:12 AM",67.9026
"2018-10-21:12 AM",54.4199
"2018-10-22:12 AM",52.0336
"2018-10-23:12 AM",58.8913
"2018-10-24:12 AM",58.3768
"2018-10-25:12 AM",57.3123
"2018-10-26:12 AM",58.0296
"2018-10-27:12 AM",55.1588
"2018-10-28:12 AM",56.6091
"2018-10-29:12 AM",61.0025
"2018-10-30:12 AM",57.3062
"2018-10-31:12 AM",61.4624
"2018-11-01:12 AM",67.2067
"2018-11-02:12 AM",62.4065
"2018-11-03:12 AM",50.7452
"2018-11-04:12 AM",55.0989
"2018-11-05:12 AM",63.7493
"2018-11-06:12 AM",69.2514
"2018-11-07:12 AM",66.4965
"2018-11-08:12 AM",64.2524
"2018-11-09:12 AM",64.065
"2018-11-10:12 AM",48.8941
"2018-11-11:12 AM",46.9917
"2018-11-12:12 AM",51.9757
"2018-11-13:12 AM",55.5669
"2018-11-14:12 AM",51.4233
"2018-11-15:12 AM",43.9185
"2018-11-16:12 AM",40.2762
"2018-11-17:12 AM",47.4438
"2018-11-18:12 AM",52.4149
"2018-11-19:12 AM",55.3717
"2018-11-20:12 AM",54.4708
"2018-11-21:12 AM",47.016
"2018-11-22:12 AM",47.7736
"2018-11-23:12 AM",47.6226
"2018-11-24:12 AM",49.4186
"2018-11-25:12 AM",49.2008
"2018-11-26:12 AM",50.7673
"2018-11-27:12 AM",37.422
"2018-11-28:12 AM",34.9887
"2018-11-29:12 AM",43.1944
"2018-11-30:12 AM",53.2807
"2018-12-01:12 AM",57.9722
"2018-12-02:12 AM",66.4412
"2018-12-03:12 AM",59.3242
"2018-12-04:12 AM",46.1743
"2018-12-05:12 AM",38.6508
"2018-12-06:12 AM",36.5511
"2018-12-07:12 AM",41.9112
"2018-12-08:12 AM",44.38
"2018-12-09:12 AM",42.8916
"2018-12-10:12 AM",39.6264
"2018-12-11:12 AM",40.4073
"2018-12-12:12 AM",40.6794
"2018-12-13:12 AM",46.9234
"2018-12-14:12 AM",55.7445
"2018-12-15:12 AM",54.1918
"2018-12-16:12 AM",49.7689
"2018-12-17:12 AM",49.9055
"2018-12-18:12 AM",47.1758
"2018-12-19:12 AM",49.8765
"2018-12-20:12 AM",54.8362
"2018-12-21:12 AM",48.6862
"2018-12-22:12 AM",42.0395
"2018-12-23:12 AM",46.4925
"2018-12-24:12 AM",45.4788
"2018-12-25:12 AM",44.305
"2018-12-26:12 AM",47.404
"2018-12-27:12 AM",52.6143
"2018-12-28:12 AM",64.2313
"2018-12-29:12 AM",59.0698
"2018-12-30:12 AM",58.9858
"2018-12-31:12 AM",64.1253
"2019-01-01:12 AM",65.3155
"2019-01-02:12 AM",61.2466
"2019-01-03:12 AM",60.1808
"2019-01-04:12 AM",58.5973
"2019-01-05:12 AM",48.2846
"2019-01-06:12 AM",49.8216
"2019-01-07:12 AM",52.1751
"2019-01-08:12 AM",56.2181
"2019-01-09:12 AM",48.3951
"2019-01-10:12 AM",38.4012
"2019-01-11:12 AM",39.3913
"2019-01-12:12 AM",43.8615
"2019-01-13:12 AM",49.9113
"2019-01-14:12 AM",43.9632
"2019-01-15:12 AM",40.9068
"2019-01-16:12 AM",39.585
"2019-01-17:12 AM",43.0583
"2019-01-18:12 AM",51.0661
"2019-01-19:12 AM",58.5241
"2019-01-20:12 AM",41.4621
"2019-01-21:12 AM",33.2434
"2019-01-22:12 AM",38.716
"2019-01-23:12 AM",53.5791
"2019-01-24:12 AM",48.4734
"2019-01-25:12 AM",38.3459
"2019-01-26:12 AM",38.3985
"2019-01-27:12 AM",42.0296
"2019-01-28:12 AM",43.8913
"2019-01-29:12 AM",42.4776
"2019-01-30:12 AM",33.2944
"2019-01-31:12 AM",36.4444
"2019-02-01:12 AM",42.253
"2019-02-02:12 AM",50.2849
"2019-02-03:12 AM",53.3134
"2019-02-04:12 AM",52.884
"2019-02-05:12 AM",60.3646
"2019-02-06:12 AM",63.1791
"2019-02-07:12 AM",64.9616
"2019-02-08:12 AM",57.4997
"2019-02-09:12 AM",47.0764
"2019-02-10:12 AM",44.928
"2019-02-11:12 AM",51.6785
"2019-02-12:12 AM",61.5013
"2019-02-13:12 AM",47.6269
"2019-02-14:12 AM",46.9497
"2019-02-15:12 AM",53.9602
"2019-02-16:12 AM",59.619
"2019-02-17:12 AM",57.9814
"2019-02-18:12 AM",55.3194
"2019-02-19:12 AM",48.3616
"2019-02-20:12 AM",49.9516
"2019-02-21:12 AM",61.6896
"2019-02-22:12 AM",63.9752
"2019-02-23:12 AM",59.9248
"2019-02-24:12 AM",60.0951
"2019-02-25:12 AM",48.2959
"2019-02-26:12 AM",55.3496
"2019-02-27:12 AM",59.4781
"2019-02-28:12 AM",59.3155
"2019-03-01:12 AM",61.7554
"2019-03-02:12 AM",61.0754
"2019-03-03:12 AM",60.9708
"2019-03-04:12 AM",45.3223
"2019-03-05:12 AM",37.5888
"2019-03-06:12 AM",35.3295
"2019-03-07:12 AM",40.9498
"2019-03-08:12 AM",51.7689
"2019-03-09:12 AM",59.5836
"2019-03-10:12 AM",65.0251
"2019-03-11:12 AM",62.8968
"2019-03-12:12 AM",56.8207
"2019-03-13:12 AM",58.6674
"2019-03-14:12 AM",64.7344
"2019-03-15:12 AM",64.6718