"DateTime","(deg F) Mean Temperature (CFSR) at Illinois, 2010-01-01 to 2019-03-14"
"2010-01-01:12 AM",14.5107
"2010-01-02:12 AM",8.9782
"2010-01-03:12 AM",6.2262
"2010-01-04:12 AM",8.5431
"2010-01-05:12 AM",10.4515
"2010-01-06:12 AM",14.5764
"2010-01-07:12 AM",18.0082
"2010-01-08:12 AM",16.7099
"2010-01-09:12 AM",11.2521
"2010-01-10:12 AM",9.2862
"2010-01-11:12 AM",22.176
"2010-01-12:12 AM",21.0025
"2010-01-13:12 AM",26.3682
"2010-01-14:12 AM",34.2041
"2010-01-15:12 AM",33.2526
"2010-01-16:12 AM",30.234
"2010-01-17:12 AM",30.1579
"2010-01-18:12 AM",32.3384
"2010-01-19:12 AM",31.9993
"2010-01-20:12 AM",33.7044
"2010-01-21:12 AM",35.5091
"2010-01-22:12 AM",34.1256
"2010-01-23:12 AM",39.2479
"2010-01-24:12 AM",41.2698
"2010-01-25:12 AM",29.7293
"2010-01-26:12 AM",21.3975
"2010-01-27:12 AM",23.6482
"2010-01-28:12 AM",17.7561
"2010-01-29:12 AM",14.6071
"2010-01-30:12 AM",18.0594
"2010-01-31:12 AM",19.1741
"2010-02-01:12 AM",24.7977
"2010-02-02:12 AM",30.2702
"2010-02-03:12 AM",25.1139
"2010-02-04:12 AM",28.4416
"2010-02-05:12 AM",32.3055
"2010-02-06:12 AM",28.2776
"2010-02-07:12 AM",25.4626
"2010-02-08:12 AM",26.0305
"2010-02-09:12 AM",22.0165
"2010-02-10:12 AM",24.67
"2010-02-11:12 AM",21.2812
"2010-02-12:12 AM",23.4397
"2010-02-13:12 AM",23.7781
"2010-02-14:12 AM",24.6625
"2010-02-15:12 AM",23.6584
"2010-02-16:12 AM",27.099
"2010-02-17:12 AM",28.2898
"2010-02-18:12 AM",29.7271
"2010-02-19:12 AM",29.8206
"2010-02-20:12 AM",35.3363
"2010-02-21:12 AM",36.1198
"2010-02-22:12 AM",33.6744
"2010-02-23:12 AM",29.1996
"2010-02-24:12 AM",23.4338
"2010-02-25:12 AM",24.4301
"2010-02-26:12 AM",25.0795
"2010-02-27:12 AM",28.2358
"2010-02-28:12 AM",32.9497
"2010-03-01:12 AM",33.4549
"2010-03-02:12 AM",32.6244
"2010-03-03:12 AM",32.3656
"2010-03-04:12 AM",32.4754
"2010-03-05:12 AM",32.711
"2010-03-06:12 AM",33.7208
"2010-03-07:12 AM",38.7415
"2010-03-08:12 AM",40.6778
"2010-03-09:12 AM",45.9176
"2010-03-10:12 AM",54.4158
"2010-03-11:12 AM",53.9449
"2010-03-12:12 AM",44.3806
"2010-03-13:12 AM",43.0075
"2010-03-14:12 AM",42.5266
"2010-03-15:12 AM",43.7209
"2010-03-16:12 AM",46.6475
"2010-03-17:12 AM",47.3079
"2010-03-18:12 AM",48.5173
"2010-03-19:12 AM",50.0544
"2010-03-20:12 AM",42.0346
"2010-03-21:12 AM",39.8595
"2010-03-22:12 AM",42.0994
"2010-03-23:12 AM",45.7077
"2010-03-24:12 AM",49.9264
"2010-03-25:12 AM",44.4508
"2010-03-26:12 AM",34.9257
"2010-03-27:12 AM",41.3213
"2010-03-28:12 AM",45.7711
"2010-03-29:12 AM",42.607
"2010-03-30:12 AM",48.6014
"2010-03-31:12 AM",58.7244
"2010-04-01:12 AM",64.2942
"2010-04-02:12 AM",64.1692
"2010-04-03:12 AM",55.2029
"2010-04-04:12 AM",57.6135
"2010-04-05:12 AM",62.96
"2010-04-06:12 AM",67.1752
"2010-04-07:12 AM",60.1813
"2010-04-08:12 AM",44.8889
"2010-04-09:12 AM",46.4866
"2010-04-10:12 AM",55.0686
"2010-04-11:12 AM",58.293
"2010-04-12:12 AM",60.2823
"2010-04-13:12 AM",62.8833
"2010-04-14:12 AM",65.8429
"2010-04-15:12 AM",67.4307
"2010-04-16:12 AM",62.0379
"2010-04-17:12 AM",51.2476
"2010-04-18:12 AM",49.365
"2010-04-19:12 AM",50.3346
"2010-04-20:12 AM",55.1701
"2010-04-21:12 AM",56.8767
"2010-04-22:12 AM",57.9738
"2010-04-23:12 AM",58.3552
"2010-04-24:12 AM",61.074
"2010-04-25:12 AM",54.6649
"2010-04-26:12 AM",52.0869
"2010-04-27:12 AM",49.4946
"2010-04-28:12 AM",50.9221
"2010-04-29:12 AM",60.3
"2010-04-30:12 AM",67.2314
"2010-05-01:12 AM",64.8106
"2010-05-02:12 AM",62.0514
"2010-05-03:12 AM",61.1836
"2010-05-04:12 AM",62.8169
"2010-05-05:12 AM",65.1504
"2010-05-06:12 AM",58.8619
"2010-05-07:12 AM",60.1234
"2010-05-08:12 AM",48.0254
"2010-05-09:12 AM",48.0835
"2010-05-10:12 AM",51.1014
"2010-05-11:12 AM",55.639
"2010-05-12:12 AM",58.6458
"2010-05-13:12 AM",68.0621
"2010-05-14:12 AM",59.6788
"2010-05-15:12 AM",57.0457
"2010-05-16:12 AM",57.2535
"2010-05-17:12 AM",55.3199
"2010-05-18:12 AM",57.3976
"2010-05-19:12 AM",60.0921
"2010-05-20:12 AM",58.8954
"2010-05-21:12 AM",63.4253
"2010-05-22:12 AM",67.0271
"2010-05-23:12 AM",75.2853
"2010-05-24:12 AM",78.0591
"2010-05-25:12 AM",76.662
"2010-05-26:12 AM",75.9753
"2010-05-27:12 AM",73.0778
"2010-05-28:12 AM",68.8402
"2010-05-29:12 AM",72.9779
"2010-05-30:12 AM",76.0503
"2010-05-31:12 AM",73.7083
"2010-06-01:12 AM",75.3613
"2010-06-02:12 AM",75.5668
"2010-06-03:12 AM",70.9173
"2010-06-04:12 AM",74.3475
"2010-06-05:12 AM",75.8662
"2010-06-06:12 AM",69.0895
"2010-06-07:12 AM",67.2339
"2010-06-08:12 AM",69.6983
"2010-06-09:12 AM",74.4948
"2010-06-10:12 AM",72.8215
"2010-06-11:12 AM",77.1411
"2010-06-12:12 AM",78.5408
"2010-06-13:12 AM",76.2953
"2010-06-14:12 AM",75.5605
"2010-06-15:12 AM",73.3255
"2010-06-16:12 AM",73.2364
"2010-06-17:12 AM",74.9521
"2010-06-18:12 AM",80.0299
"2010-06-19:12 AM",79.3767
"2010-06-20:12 AM",78.3637
"2010-06-21:12 AM",80.4922
"2010-06-22:12 AM",81.5585
"2010-06-23:12 AM",81.7529
"2010-06-24:12 AM",75.668
"2010-06-25:12 AM",74.4568
"2010-06-26:12 AM",80.6268
"2010-06-27:12 AM",80.2175
"2010-06-28:12 AM",75.5456
"2010-06-29:12 AM",69.6081
"2010-06-30:12 AM",67.4803
"2010-07-01:12 AM",66.7121
"2010-07-02:12 AM",68.2866
"2010-07-03:12 AM",71.6569
"2010-07-04:12 AM",77.7294
"2010-07-05:12 AM",78.7802
"2010-07-06:12 AM",79.9077
"2010-07-07:12 AM",79.0812
"2010-07-08:12 AM",77.6575
"2010-07-09:12 AM",76.0932
"2010-07-10:12 AM",75.2149
"2010-07-11:12 AM",73.7591
"2010-07-12:12 AM",74.3783
"2010-07-13:12 AM",76.9883
"2010-07-14:12 AM",81.0077
"2010-07-15:12 AM",82.7467
"2010-07-16:12 AM",77.3685
"2010-07-17:12 AM",80.0859
"2010-07-18:12 AM",80.9515
"2010-07-19:12 AM",78.5662
"2010-07-20:12 AM",79.3263
"2010-07-21:12 AM",80.0541
"2010-07-22:12 AM",80.3583
"2010-07-23:12 AM",85.068
"2010-07-24:12 AM",83.6913
"2010-07-25:12 AM",77.9661
"2010-07-26:12 AM",75.4421
"2010-07-27:12 AM",78.6393
"2010-07-28:12 AM",80.6144
"2010-07-29:12 AM",77.0023
"2010-07-30:12 AM",74.1079
"2010-07-31:12 AM",74.37
"2010-08-01:12 AM",75.6084
"2010-08-02:12 AM",76.582
"2010-08-03:12 AM",82.7609
"2010-08-04:12 AM",83.4805
"2010-08-05:12 AM",78.2411
"2010-08-06:12 AM",73.0499
"2010-08-07:12 AM",73.6579
"2010-08-08:12 AM",79.0057
"2010-08-09:12 AM",83.9403
"2010-08-10:12 AM",84.481
"2010-08-11:12 AM",84.4405
"2010-08-12:12 AM",84.2279
"2010-08-13:12 AM",83.7876
"2010-08-14:12 AM",82.7622
"2010-08-15:12 AM",78.8457
"2010-08-16:12 AM",72.7835
"2010-08-17:12 AM",71.3619
"2010-08-18:12 AM",75.3895
"2010-08-19:12 AM",77.9938
"2010-08-20:12 AM",83.2487
"2010-08-21:12 AM",79.0115
"2010-08-22:12 AM",77.5042
"2010-08-23:12 AM",73.4459
"2010-08-24:12 AM",72.7128
"2010-08-25:12 AM",70.3978
"2010-08-26:12 AM",67.1175
"2010-08-27:12 AM",68.412
"2010-08-28:12 AM",72.2212
"2010-08-29:12 AM",80.1178
"2010-08-30:12 AM",76.4474
"2010-08-31:12 AM",81.2172
"2010-09-01:12 AM",76.5205
"2010-09-02:12 AM",73.8385
"2010-09-03:12 AM",65.5421
"2010-09-04:12 AM",59.752
"2010-09-05:12 AM",61.7326
"2010-09-06:12 AM",74.0174
"2010-09-07:12 AM",73.4112
"2010-09-08:12 AM",63.5977
"2010-09-09:12 AM",62.7208
"2010-09-10:12 AM",64.3431
"2010-09-11:12 AM",66.6444
"2010-09-12:12 AM",66.6149
"2010-09-13:12 AM",70.6251
"2010-09-14:12 AM",69.0919
"2010-09-15:12 AM",70.0788
"2010-09-16:12 AM",67.0955
"2010-09-17:12 AM",62.974
"2010-09-18:12 AM",67.6909
"2010-09-19:12 AM",66.3732
"2010-09-20:12 AM",71.832
"2010-09-21:12 AM",78.6726
"2010-09-22:12 AM",72.8861
"2010-09-23:12 AM",77.779
"2010-09-24:12 AM",71.5062
"2010-09-25:12 AM",58.8889
"2010-09-26:12 AM",53.9793
"2010-09-27:12 AM",52.7688
"2010-09-28:12 AM",56.8823
"2010-09-29:12 AM",60.5212
"2010-09-30:12 AM",65.3653
"2010-10-01:12 AM",59.2255
"2010-10-02:12 AM",53.6475
"2010-10-03:12 AM",48.7155
"2010-10-04:12 AM",46.4949
"2010-10-05:12 AM",49.7007
"2010-10-06:12 AM",58.0064
"2010-10-07:12 AM",63.3187
"2010-10-08:12 AM",61.2405
"2010-10-09:12 AM",67.2876
"2010-10-10:12 AM",68.9763
"2010-10-11:12 AM",68.97
"2010-10-12:12 AM",67.8906
"2010-10-13:12 AM",62.4924
"2010-10-14:12 AM",55.8369
"2010-10-15:12 AM",56.034
"2010-10-16:12 AM",56.7325
"2010-10-17:12 AM",59.8955
"2010-10-18:12 AM",56.9532
"2010-10-19:12 AM",51.8013
"2010-10-20:12 AM",56.1663
"2010-10-21:12 AM",53.9762
"2010-10-22:12 AM",52.6645
"2010-10-23:12 AM",64.9159
"2010-10-24:12 AM",67.6774
"2010-10-25:12 AM",65.0487
"2010-10-26:12 AM",62.605
"2010-10-27:12 AM",57.1336
"2010-10-28:12 AM",44.978
"2010-10-29:12 AM",40.5748
"2010-10-30:12 AM",50.4572
"2010-10-31:12 AM",48.4497
"2010-11-01:12 AM",47.0343
"2010-11-02:12 AM",45.4435
"2010-11-03:12 AM",45.6858
"2010-11-04:12 AM",46.3667
"2010-11-05:12 AM",38.5113
"2010-11-06:12 AM",35.5591
"2010-11-07:12 AM",46.5393
"2010-11-08:12 AM",54.0243
"2010-11-09:12 AM",57.3994
"2010-11-10:12 AM",59.128
"2010-11-11:12 AM",59.7603
"2010-11-12:12 AM",57.7103
"2010-11-13:12 AM",52.1496
"2010-11-14:12 AM",41.6667
"2010-11-15:12 AM",43.007
"2010-11-16:12 AM",43.2702
"2010-11-17:12 AM",42.1511
"2010-11-18:12 AM",38.2926
"2010-11-19:12 AM",39.1251
"2010-11-20:12 AM",42.3066
"2010-11-21:12 AM",51.6128
"2010-11-22:12 AM",61.0576
"2010-11-23:12 AM",35.7708
"2010-11-24:12 AM",34.1605
"2010-11-25:12 AM",38.9237
"2010-11-26:12 AM",28.6743
"2010-11-27:12 AM",29.6751
"2010-11-28:12 AM",34.9792
"2010-11-29:12 AM",42.0955
"2010-11-30:12 AM",37.2009
"2010-12-01:12 AM",26.6027
"2010-12-02:12 AM",29.4768
"2010-12-03:12 AM",28.4616
"2010-12-04:12 AM",31.3311
"2010-12-05:12 AM",26.0647
"2010-12-06:12 AM",19.3584
"2010-12-07:12 AM",18.2233
"2010-12-08:12 AM",18.225
"2010-12-09:12 AM",24.0262
"2010-12-10:12 AM",35.5586
"2010-12-11:12 AM",36.8037
"2010-12-12:12 AM",22.9212
"2010-12-13:12 AM",13.388
"2010-12-14:12 AM",12.4113
"2010-12-15:12 AM",19.0807
"2010-12-16:12 AM",24.4456
"2010-12-17:12 AM",21.2194
"2010-12-18:12 AM",20.8935
"2010-12-19:12 AM",20.9041
"2010-12-20:12 AM",26.1304
"2010-12-21:12 AM",33.8724
"2010-12-22:12 AM",28.2814
"2010-12-23:12 AM",27.7362
"2010-12-24:12 AM",27.9315
"2010-12-25:12 AM",28.0333
"2010-12-26:12 AM",25.2405
"2010-12-27:12 AM",18.3112
"2010-12-28:12 AM",22.8378
"2010-12-29:12 AM",30.9517
"2010-12-30:12 AM",43.1465
"2010-12-31:12 AM",52.2786
"2011-01-01:12 AM",29.3045
"2011-01-02:12 AM",21.9587
"2011-01-03:12 AM",29.4327
"2011-01-04:12 AM",27.0844
"2011-01-05:12 AM",26.402
"2011-01-06:12 AM",27.9124
"2011-01-07:12 AM",25.727
"2011-01-08:12 AM",16.3585
"2011-01-09:12 AM",16.3755
"2011-01-10:12 AM",24.6315
"2011-01-11:12 AM",24.8949
"2011-01-12:12 AM",19.2272
"2011-01-13:12 AM",17.2411
"2011-01-14:12 AM",23.403
"2011-01-15:12 AM",25.8856
"2011-01-16:12 AM",19.7427
"2011-01-17:12 AM",28.3194
"2011-01-18:12 AM",31.1835
"2011-01-19:12 AM",22.4418
"2011-01-20:12 AM",19.4542
"2011-01-21:12 AM",4.8364
"2011-01-22:12 AM",15.7699
"2011-01-23:12 AM",15.9624
"2011-01-24:12 AM",25.5501
"2011-01-25:12 AM",26.7204
"2011-01-26:12 AM",23.8458
"2011-01-27:12 AM",25.0684
"2011-01-28:12 AM",27.9601
"2011-01-29:12 AM",34.1733
"2011-01-30:12 AM",31.0516
"2011-01-31:12 AM",25.5857
"2011-02-01:12 AM",24.413
"2011-02-02:12 AM",18.5551
"2011-02-03:12 AM",8.7753
"2011-02-04:12 AM",16.101
"2011-02-05:12 AM",23.5314
"2011-02-06:12 AM",29.7201
"2011-02-07:12 AM",26.1707
"2011-02-08:12 AM",9.6557
"2011-02-09:12 AM",8.8003
"2011-02-10:12 AM",8.4049
"2011-02-11:12 AM",22.0856
"2011-02-12:12 AM",32.5598
"2011-02-13:12 AM",38.0489
"2011-02-14:12 AM",39.1986
"2011-02-15:12 AM",36.4987
"2011-02-16:12 AM",46.6524
"2011-02-17:12 AM",56.3286
"2011-02-18:12 AM",47.6703
"2011-02-19:12 AM",36.5891
"2011-02-20:12 AM",42.7739
"2011-02-21:12 AM",43.4797
"2011-02-22:12 AM",30.567
"2011-02-23:12 AM",31.348
"2011-02-24:12 AM",35.7332
"2011-02-25:12 AM",31.4506
"2011-02-26:12 AM",31.2676
"2011-02-27:12 AM",37.5159
"2011-02-28:12 AM",35.1248
"2011-03-01:12 AM",33.5944
"2011-03-02:12 AM",34.5785
"2011-03-03:12 AM",38.5515
"2011-03-04:12 AM",50.9034
"2011-03-05:12 AM",38.9768
"2011-03-06:12 AM",31.9971
"2011-03-07:12 AM",33.6366
"2011-03-08:12 AM",39.9367
"2011-03-09:12 AM",42.5793
"2011-03-10:12 AM",35.7755
"2011-03-11:12 AM",37.6101
"2011-03-12:12 AM",43.5024
"2011-03-13:12 AM",36.5045
"2011-03-14:12 AM",36.4159
"2011-03-15:12 AM",39.1044
"2011-03-16:12 AM",44.8657
"2011-03-17:12 AM",55.1937
"2011-03-18:12 AM",51.0921
"2011-03-19:12 AM",44.7544
"2011-03-20:12 AM",52.9569
"2011-03-21:12 AM",60.4051
"2011-03-22:12 AM",55.9764
"2011-03-23:12 AM",53.2524
"2011-03-24:12 AM",34.9189
"2011-03-25:12 AM",34.2309
"2011-03-26:12 AM",31.5387
"2011-03-27:12 AM",31.8362
"2011-03-28:12 AM",32.8906
"2011-03-29:12 AM",36.8672
"2011-03-30:12 AM",38.3274
"2011-03-31:12 AM",39.9072
"2011-04-01:12 AM",41.1449
"2011-04-02:12 AM",45.7752
"2011-04-03:12 AM",56.8458
"2011-04-04:12 AM",52.583
"2011-04-05:12 AM",42.7843
"2011-04-06:12 AM",52.5123
"2011-04-07:12 AM",50.742
"2011-04-08:12 AM",55.5606
"2011-04-09:12 AM",62.2459
"2011-04-10:12 AM",71.5428
"2011-04-11:12 AM",59.3037
"2011-04-12:12 AM",51.8785
"2011-04-13:12 AM",53.7733
"2011-04-14:12 AM",54.3627
"2011-04-15:12 AM",51.9355
"2011-04-16:12 AM",43.623
"2011-04-17:12 AM",47.0485
"2011-04-18:12 AM",50.0382
"2011-04-19:12 AM",49.9955
"2011-04-20:12 AM",42.4818
"2011-04-21:12 AM",43.8728
"2011-04-22:12 AM",52.3778
"2011-04-23:12 AM",57.1318
"2011-04-24:12 AM",53.634
"2011-04-25:12 AM",56.8573
"2011-04-26:12 AM",58.9377
"2011-04-27:12 AM",51.1029
"2011-04-28:12 AM",46.8738
"2011-04-29:12 AM",51.5093
"2011-04-30:12 AM",58.7737
"2011-05-01:12 AM",54.9437
"2011-05-02:12 AM",48.826
"2011-05-03:12 AM",46.4511
"2011-05-04:12 AM",45.4809
"2011-05-05:12 AM",50.0544
"2011-05-06:12 AM",55.6815
"2011-05-07:12 AM",60.2278
"2011-05-08:12 AM",61.5432
"2011-05-09:12 AM",66.2239
"2011-05-10:12 AM",73.17
"2011-05-11:12 AM",75.2184
"2011-05-12:12 AM",73.6632
"2011-05-13:12 AM",67.066
"2011-05-14:12 AM",52.7652
"2011-05-15:12 AM",47.8195
"2011-05-16:12 AM",47.4548
"2011-05-17:12 AM",48.6183
"2011-05-18:12 AM",54.1465
"2011-05-19:12 AM",60.3972
"2011-05-20:12 AM",64.9373
"2011-05-21:12 AM",68.8737
"2011-05-22:12 AM",71.5024
"2011-05-23:12 AM",71.3259
"2011-05-24:12 AM",68.3992
"2011-05-25:12 AM",66.1705
"2011-05-26:12 AM",54.3355
"2011-05-27:12 AM",53.8036
"2011-05-28:12 AM",61.6528
"2011-05-29:12 AM",70.9439
"2011-05-30:12 AM",76.0923
"2011-05-31:12 AM",76.1646
"2011-06-01:12 AM",71.5759
"2011-06-02:12 AM",69.3613
"2011-06-03:12 AM",76.3277
"2011-06-04:12 AM",78.7431
"2011-06-05:12 AM",76.5653
"2011-06-06:12 AM",77.6572
"2011-06-07:12 AM",80.2108
"2011-06-08:12 AM",81.0057
"2011-06-09:12 AM",76.5037
"2011-06-10:12 AM",72.8443
"2011-06-11:12 AM",69.0258
"2011-06-12:12 AM",64.2565
"2011-06-13:12 AM",63.0358
"2011-06-14:12 AM",67.1274
"2011-06-15:12 AM",69.0984
"2011-06-16:12 AM",71.7357
"2011-06-17:12 AM",73.7195
"2011-06-18:12 AM",74.1805
"2011-06-19:12 AM",75.326
"2011-06-20:12 AM",76.4551
"2011-06-21:12 AM",76.5273
"2011-06-22:12 AM",69.8995
"2011-06-23:12 AM",65.4174
"2011-06-24:12 AM",64.9953
"2011-06-25:12 AM",67.3245
"2011-06-26:12 AM",70.1841
"2011-06-27:12 AM",73.821
"2011-06-28:12 AM",71.1158
"2011-06-29:12 AM",69.8124
"2011-06-30:12 AM",73.504
"2011-07-01:12 AM",78.3612
"2011-07-02:12 AM",81.0028
"2011-07-03:12 AM",76.7719
"2011-07-04:12 AM",74.3887
"2011-07-05:12 AM",74.4625
"2011-07-06:12 AM",76.2897
"2011-07-07:12 AM",74.2984
"2011-07-08:12 AM",74.073
"2011-07-09:12 AM",75.1951
"2011-07-10:12 AM",78.85
"2011-07-11:12 AM",84.6577
"2011-07-12:12 AM",81.1589
"2011-07-13:12 AM",73.9015
"2011-07-14:12 AM",72.5862
"2011-07-15:12 AM",75.5555
"2011-07-16:12 AM",76.7304
"2011-07-17:12 AM",80.9854
"2011-07-18:12 AM",82.7452
"2011-07-19:12 AM",85.9948
"2011-07-20:12 AM",86.3836
"2011-07-21:12 AM",87.4666
"2011-07-22:12 AM",85.2094
"2011-07-23:12 AM",85.5295
"2011-07-24:12 AM",83.6184
"2011-07-25:12 AM",79.4907
"2011-07-26:12 AM",81.0923
"2011-07-27:12 AM",82.7415
"2011-07-28:12 AM",86.2705
"2011-07-29:12 AM",82.609
"2011-07-30:12 AM",79.5652
"2011-07-31:12 AM",80.8327
"2011-08-01:12 AM",82.5678
"2011-08-02:12 AM",85.7894
"2011-08-03:12 AM",83.8521
"2011-08-04:12 AM",77.3229
"2011-08-05:12 AM",78.2343
"2011-08-06:12 AM",79.8318
"2011-08-07:12 AM",81.6159
"2011-08-08:12 AM",77.961
"2011-08-09:12 AM",77.0464
"2011-08-10:12 AM",70.7423
"2011-08-11:12 AM",69.7991
"2011-08-12:12 AM",72.4195
"2011-08-13:12 AM",74.908
"2011-08-14:12 AM",70.9839
"2011-08-15:12 AM",69.4288
"2011-08-16:12 AM",70.0936
"2011-08-17:12 AM",75.2869
"2011-08-18:12 AM",78.5536
"2011-08-19:12 AM",76.5262
"2011-08-20:12 AM",77.5247
"2011-08-21:12 AM",75.4984
"2011-08-22:12 AM",72.829
"2011-08-23:12 AM",78.0726
"2011-08-24:12 AM",86.9486
"2011-08-25:12 AM",76.2784
"2011-08-26:12 AM",72.7947
"2011-08-27:12 AM",75.9596
"2011-08-28:12 AM",71.4351
"2011-08-29:12 AM",70.7427
"2011-08-30:12 AM",71.4249
"2011-08-31:12 AM",80.3694
"2011-09-01:12 AM",88.2045
"2011-09-02:12 AM",87.9139
"2011-09-03:12 AM",82.8482
"2011-09-04:12 AM",70.7902
"2011-09-05:12 AM",62.3579
"2011-09-06:12 AM",59.2617
"2011-09-07:12 AM",61.2019
"2011-09-08:12 AM",64.2276
"2011-09-09:12 AM",63.0775
"2011-09-10:12 AM",65.9874
"2011-09-11:12 AM",68.3366
"2011-09-12:12 AM",73.1512
"2011-09-13:12 AM",74.3761
"2011-09-14:12 AM",59.2191
"2011-09-15:12 AM",50.9571
"2011-09-16:12 AM",53.8171
"2011-09-17:12 AM",58.9867
"2011-09-18:12 AM",63.1501
"2011-09-19:12 AM",63.8215
"2011-09-20:12 AM",62.4591
"2011-09-21:12 AM",64.3968
"2011-09-22:12 AM",56.6883
"2011-09-23:12 AM",54.3553
"2011-09-24:12 AM",54.734
"2011-09-25:12 AM",54.1281
"2011-09-26:12 AM",54.6094
"2011-09-27:12 AM",57.034
"2011-09-28:12 AM",58.8808
"2011-09-29:12 AM",61.6917
"2011-09-30:12 AM",57.7699
"2011-10-01:12 AM",49.4582
"2011-10-02:12 AM",48.823
"2011-10-03:12 AM",56.295
"2011-10-04:12 AM",59.1258
"2011-10-05:12 AM",63.4316
"2011-10-06:12 AM",66.6774
"2011-10-07:12 AM",70.0767
"2011-10-08:12 AM",69.2578
"2011-10-09:12 AM",66.0603
"2011-10-10:12 AM",64.9179
"2011-10-11:12 AM",66.8678
"2011-10-12:12 AM",65.1403
"2011-10-13:12 AM",60.7899
"2011-10-14:12 AM",55.7541
"2011-10-15:12 AM",53.8259
"2011-10-16:12 AM",59.3969
"2011-10-17:12 AM",50.8021
"2011-10-18:12 AM",46.4202
"2011-10-19:12 AM",44.3442
"2011-10-20:12 AM",43.1847
"2011-10-21:12 AM",44.1558
"2011-10-22:12 AM",50.1019
"2011-10-23:12 AM",56.1126
"2011-10-24:12 AM",56.6141
"2011-10-25:12 AM",61.8505
"2011-10-26:12 AM",56.3229
"2011-10-27:12 AM",47.305
"2011-10-28:12 AM",44.4792
"2011-10-29:12 AM",44.492
"2011-10-30:12 AM",47.9512
"2011-10-31:12 AM",44.8093
"2011-11-01:12 AM",51.6205
"2011-11-02:12 AM",56.656
"2011-11-03:12 AM",47.6672
"2011-11-04:12 AM",44.0944
"2011-11-05:12 AM",45.0351
"2011-11-06:12 AM",52.3071
"2011-11-07:12 AM",55.8813
"2011-11-08:12 AM",55.8433
"2011-11-09:12 AM",47.2701
"2011-11-10:12 AM",37.1124
"2011-11-11:12 AM",38.0239
"2011-11-12:12 AM",49.4355
"2011-11-13:12 AM",58.9995
"2011-11-14:12 AM",55.585
"2011-11-15:12 AM",52.151
"2011-11-16:12 AM",41.9464
"2011-11-17:12 AM",34.2005
"2011-11-18:12 AM",39.418
"2011-11-19:12 AM",48.7854
"2011-11-20:12 AM",45.8859
"2011-11-21:12 AM",44.3251
"2011-11-22:12 AM",44.3008
"2011-11-23:12 AM",41.6464
"2011-11-24:12 AM",42.6463
"2011-11-25:12 AM",48.2322
"2011-11-26:12 AM",54.1776
"2011-11-27:12 AM",40.6116
"2011-11-28:12 AM",34.8861
"2011-11-29:12 AM",35.1657
"2011-11-30:12 AM",31.2746
"2011-12-01:12 AM",35.2024
"2011-12-02:12 AM",35.2465
"2011-12-03:12 AM",44.586
"2011-12-04:12 AM",45.7441
"2011-12-05:12 AM",33.357
"2011-12-06:12 AM",33.2758
"2011-12-07:12 AM",28.9616
"2011-12-08:12 AM",30.5757
"2011-12-09:12 AM",28.5107
"2011-12-10:12 AM",22.7847
"2011-12-11:12 AM",29.7685
"2011-12-12:12 AM",33.8463
"2011-12-13:12 AM",38.7873
"2011-12-14:12 AM",48.5982
"2011-12-15:12 AM",46.1556
"2011-12-16:12 AM",31.0422
"2011-12-17:12 AM",31.9203
"2011-12-18:12 AM",35.6781
"2011-12-19:12 AM",43.1937
"2011-12-20:12 AM",40.6296
"2011-12-21:12 AM",41.9599
"2011-12-22:12 AM",37.8959
"2011-12-23:12 AM",31.7863
"2011-12-24:12 AM",31.9404
"2011-12-25:12 AM",35.4249
"2011-12-26:12 AM",35.2004
"2011-12-27:12 AM",34.9036
"2011-12-28:12 AM",31.442
"2011-12-29:12 AM",39.8966
"2011-12-30:12 AM",44.2107
"2011-12-31:12 AM",39.312
"2012-01-01:12 AM",39.0261
"2012-01-02:12 AM",25.2396
"2012-01-03:12 AM",19.9368
"2012-01-04:12 AM",32.6721
"2012-01-05:12 AM",38.7624
"2012-01-06:12 AM",46.2429
"2012-01-07:12 AM",39.364
"2012-01-08:12 AM",34.7027
"2012-01-09:12 AM",35.5966
"2012-01-10:12 AM",38.2969
"2012-01-11:12 AM",40.8051
"2012-01-12:12 AM",26.3044
"2012-01-13:12 AM",16.6158
"2012-01-14:12 AM",15.8171
"2012-01-15:12 AM",24.046
"2012-01-16:12 AM",41.0304
"2012-01-17:12 AM",37.7053
"2012-01-18:12 AM",23.0346
"2012-01-19:12 AM",22.6445
"2012-01-20:12 AM",17.7537
"2012-01-21:12 AM",20.4937
"2012-01-22:12 AM",31.5225
"2012-01-23:12 AM",38.6967
"2012-01-24:12 AM",30.0371
"2012-01-25:12 AM",30.7614
"2012-01-26:12 AM",33.8491
"2012-01-27:12 AM",34.2316
"2012-01-28:12 AM",31.7624
"2012-01-29:12 AM",31.2292
"2012-01-30:12 AM",38.363
"2012-01-31:12 AM",49.6564
"2012-02-01:12 AM",44.7609
"2012-02-02:12 AM",40.5837
"2012-02-03:12 AM",42.7536
"2012-02-04:12 AM",40.795
"2012-02-05:12 AM",36.8431
"2012-02-06:12 AM",33.7057
"2012-02-07:12 AM",33.787
"2012-02-08:12 AM",30.6869
"2012-02-09:12 AM",28.3879
"2012-02-10:12 AM",31.2161
"2012-02-11:12 AM",18.9095
"2012-02-12:12 AM",21.8727
"2012-02-13:12 AM",28.0236
"2012-02-14:12 AM",32.4397
"2012-02-15:12 AM",35.9647
"2012-02-16:12 AM",39.1496
"2012-02-17:12 AM",37.805
"2012-02-18:12 AM",35.3835
"2012-02-19:12 AM",31.9033
"2012-02-20:12 AM",32.9871
"2012-02-21:12 AM",39.2133
"2012-02-22:12 AM",41.6269
"2012-02-23:12 AM",41.8849
"2012-02-24:12 AM",35.7559
"2012-02-25:12 AM",27.0855
"2012-02-26:12 AM",35.9002
"2012-02-27:12 AM",36.7389
"2012-02-28:12 AM",38.5965
"2012-02-29:12 AM",51.7914
"2012-03-01:12 AM",40.496
"2012-03-02:12 AM",43.0673
"2012-03-03:12 AM",33.584
"2012-03-04:12 AM",31.7714
"2012-03-05:12 AM",30.123
"2012-03-06:12 AM",45.444
"2012-03-07:12 AM",55.5399
"2012-03-08:12 AM",46.3483
"2012-03-09:12 AM",35.9613
"2012-03-10:12 AM",40.2562
"2012-03-11:12 AM",49.0989
"2012-03-12:12 AM",58.9078
"2012-03-13:12 AM",58.0147
"2012-03-14:12 AM",64.9153
"2012-03-15:12 AM",67.0726
"2012-03-16:12 AM",66.1181
"2012-03-17:12 AM",66.0535
"2012-03-18:12 AM",66.3082
"2012-03-19:12 AM",68.1564
"2012-03-20:12 AM",68.0054
"2012-03-21:12 AM",69.3936
"2012-03-22:12 AM",65.0541
"2012-03-23:12 AM",59.4574
"2012-03-24:12 AM",56.646
"2012-03-25:12 AM",59.5368
"2012-03-26:12 AM",50.943
"2012-03-27:12 AM",54.9117
"2012-03-28:12 AM",62.762
"2012-03-29:12 AM",53.9107
"2012-03-30:12 AM",58.4366
"2012-03-31:12 AM",53.681
"2012-04-01:12 AM",63.2608
"2012-04-02:12 AM",64.1721
"2012-04-03:12 AM",66.666
"2012-04-04:12 AM",56.6859
"2012-04-05:12 AM",49.3407
"2012-04-06:12 AM",45.4914
"2012-04-07:12 AM",51.1111
"2012-04-08:12 AM",53.1808
"2012-04-09:12 AM",53.1374
"2012-04-10:12 AM",45.2606
"2012-04-11:12 AM",42.2946
"2012-04-12:12 AM",46.6248
"2012-04-13:12 AM",51.0924
"2012-04-14:12 AM",58.7068
"2012-04-15:12 AM",66.7292
"2012-04-16:12 AM",55.2447
"2012-04-17:12 AM",52.0887
"2012-04-18:12 AM",56.7903
"2012-04-19:12 AM",60.5507
"2012-04-20:12 AM",50.9965
"2012-04-21:12 AM",45.7567
"2012-04-22:12 AM",46.7109
"2012-04-23:12 AM",46.7254
"2012-04-24:12 AM",53.3361
"2012-04-25:12 AM",61.3751
"2012-04-26:12 AM",59.8971
"2012-04-27:12 AM",48.3843
"2012-04-28:12 AM",51.9534
"2012-04-29:12 AM",52.9324
"2012-04-30:12 AM",61.4887
"2012-05-01:12 AM",61.2311
"2012-05-02:12 AM",72.5128
"2012-05-03:12 AM",74.4049
"2012-05-04:12 AM",72.0981
"2012-05-05:12 AM",71.089
"2012-05-06:12 AM",74.2372
"2012-05-07:12 AM",66.6478
"2012-05-08:12 AM",60.8914
"2012-05-09:12 AM",57.0747
"2012-05-10:12 AM",58.017
"2012-05-11:12 AM",61.6291
"2012-05-12:12 AM",63.048
"2012-05-13:12 AM",61.6282
"2012-05-14:12 AM",63.6917
"2012-05-15:12 AM",67.0402
"2012-05-16:12 AM",64.0002
"2012-05-17:12 AM",61.4359
"2012-05-18:12 AM",67.8834
"2012-05-19:12 AM",74.5399
"2012-05-20:12 AM",74.2879
"2012-05-21:12 AM",61.9799
"2012-05-22:12 AM",61.6735
"2012-05-23:12 AM",65.6267
"2012-05-24:12 AM",72.7795
"2012-05-25:12 AM",75.3755
"2012-05-26:12 AM",76.9833
"2012-05-27:12 AM",80.4628
"2012-05-28:12 AM",81.6006
"2012-05-29:12 AM",74.217
"2012-05-30:12 AM",66.5283
"2012-05-31:12 AM",56.5601
"2012-06-01:12 AM",55.6894
"2012-06-02:12 AM",60.7066
"2012-06-03:12 AM",68.1346
"2012-06-04:12 AM",68.884
"2012-06-05:12 AM",66.339
"2012-06-06:12 AM",65.1547
"2012-06-07:12 AM",68.7402
"2012-06-08:12 AM",71.7571
"2012-06-09:12 AM",74.7727
"2012-06-10:12 AM",76.2894
"2012-06-11:12 AM",77.5843
"2012-06-12:12 AM",71.2276
"2012-06-13:12 AM",66.6669
"2012-06-14:12 AM",71.8727
"2012-06-15:12 AM",77.3845
"2012-06-16:12 AM",80.8606
"2012-06-17:12 AM",77.4592
"2012-06-18:12 AM",82.3194
"2012-06-19:12 AM",83.424
"2012-06-20:12 AM",83.2878
"2012-06-21:12 AM",79.0493
"2012-06-22:12 AM",73.8723
"2012-06-23:12 AM",73.7506
"2012-06-24:12 AM",81.462
"2012-06-25:12 AM",76.9908
"2012-06-26:12 AM",71.1729
"2012-06-27:12 AM",78.2636
"2012-06-28:12 AM",90.4761
"2012-06-29:12 AM",89.7915
"2012-06-30:12 AM",87.8824
"2012-07-01:12 AM",87.0188
"2012-07-02:12 AM",88.2732
"2012-07-03:12 AM",87.1617
"2012-07-04:12 AM",91.2204
"2012-07-05:12 AM",91.3566
"2012-07-06:12 AM",92.8368
"2012-07-07:12 AM",92.6316
"2012-07-08:12 AM",83.8265
"2012-07-09:12 AM",80.0593
"2012-07-10:12 AM",79.9844
"2012-07-11:12 AM",80.2857
"2012-07-12:12 AM",82.6959
"2012-07-13:12 AM",82.9521
"2012-07-14:12 AM",80.0195
"2012-07-15:12 AM",83.2825
"2012-07-16:12 AM",86.356
"2012-07-17:12 AM",89.4996
"2012-07-18:12 AM",88.9992
"2012-07-19:12 AM",88.3497
"2012-07-20:12 AM",79.4617
"2012-07-21:12 AM",79.8346
"2012-07-22:12 AM",85.6256
"2012-07-23:12 AM",92.426
"2012-07-24:12 AM",91.2702
"2012-07-25:12 AM",92.0016
"2012-07-26:12 AM",89.107
"2012-07-27:12 AM",81.1967
"2012-07-28:12 AM",77.9016
"2012-07-29:12 AM",79.3677
"2012-07-30:12 AM",83.9779
"2012-07-31:12 AM",84.5622
"2012-08-01:12 AM",83.8675
"2012-08-02:12 AM",84.2972
"2012-08-03:12 AM",83.786
"2012-08-04:12 AM",87.4614
"2012-08-05:12 AM",79.3418
"2012-08-06:12 AM",76.1716
"2012-08-07:12 AM",80.9816
"2012-08-08:12 AM",79.5607
"2012-08-09:12 AM",76.3102
"2012-08-10:12 AM",70.1245
"2012-08-11:12 AM",68.4959
"2012-08-12:12 AM",69.3774
"2012-08-13:12 AM",64.5748
"2012-08-14:12 AM",70.2144
"2012-08-15:12 AM",74.2914
"2012-08-16:12 AM",76.5529
"2012-08-17:12 AM",67.6659
"2012-08-18:12 AM",65.7833
"2012-08-19:12 AM",68.5371
"2012-08-20:12 AM",67.2658
"2012-08-21:12 AM",69.7912
"2012-08-22:12 AM",73.404
"2012-08-23:12 AM",79.1346
"2012-08-24:12 AM",81.4289
"2012-08-25:12 AM",80.3217
"2012-08-26:12 AM",74.683
"2012-08-27:12 AM",75.6288
"2012-08-28:12 AM",73.3393
"2012-08-29:12 AM",75.9124
"2012-08-30:12 AM",78.2535
"2012-08-31:12 AM",78.1308
"2012-09-01:12 AM",73.9798
"2012-09-02:12 AM",74.0421
"2012-09-03:12 AM",75.6826
"2012-09-04:12 AM",78.7334
"2012-09-05:12 AM",78.7393
"2012-09-06:12 AM",73.4346
"2012-09-07:12 AM",71.5388
"2012-09-08:12 AM",61.439
"2012-09-09:12 AM",60.3716
"2012-09-10:12 AM",60.4639
"2012-09-11:12 AM",66.2032
"2012-09-12:12 AM",69.9186
"2012-09-13:12 AM",65.6494
"2012-09-14:12 AM",59.9747
"2012-09-15:12 AM",60.793
"2012-09-16:12 AM",61.8397
"2012-09-17:12 AM",64.1113
"2012-09-18:12 AM",55.3708
"2012-09-19:12 AM",55.7659
"2012-09-20:12 AM",61.12
"2012-09-21:12 AM",59.2133
"2012-09-22:12 AM",52.648
"2012-09-23:12 AM",47.8942
"2012-09-24:12 AM",52.6503
"2012-09-25:12 AM",64.4499
"2012-09-26:12 AM",65.6613
"2012-09-27:12 AM",60.6421
"2012-09-28:12 AM",57.9051
"2012-09-29:12 AM",58.0919
"2012-09-30:12 AM",59.443
"2012-10-01:12 AM",56.6163
"2012-10-02:12 AM",57.7969
"2012-10-03:12 AM",59.7641
"2012-10-04:12 AM",62.312
"2012-10-05:12 AM",47.4053
"2012-10-06:12 AM",40.8987
"2012-10-07:12 AM",41.0571
"2012-10-08:12 AM",44.6758
"2012-10-09:12 AM",51.1864
"2012-10-10:12 AM",44.5861
"2012-10-11:12 AM",49.4976
"2012-10-12:12 AM",50.5215
"2012-10-13:12 AM",59.1505
"2012-10-14:12 AM",62.5579
"2012-10-15:12 AM",51.5255
"2012-10-16:12 AM",57.394
"2012-10-17:12 AM",61.3267
"2012-10-18:12 AM",49.762
"2012-10-19:12 AM",46.9116
"2012-10-20:12 AM",47.3223
"2012-10-21:12 AM",54.5882
"2012-10-22:12 AM",65.4436
"2012-10-23:12 AM",66.3094
"2012-10-24:12 AM",68.1075
"2012-10-25:12 AM",65.3644
"2012-10-26:12 AM",42.5061
"2012-10-27:12 AM",39.4677
"2012-10-28:12 AM",39.3982
"2012-10-29:12 AM",40.4739
"2012-10-30:12 AM",41.522
"2012-10-31:12 AM",39.3877
"2012-11-01:12 AM",42.3298
"2012-11-02:12 AM",43.3987
"2012-11-03:12 AM",42.5574
"2012-11-04:12 AM",39.7186
"2012-11-05:12 AM",39.1055
"2012-11-06:12 AM",38.478
"2012-11-07:12 AM",41.6007
"2012-11-08:12 AM",41.387
"2012-11-09:12 AM",48.7427
"2012-11-10:12 AM",60.1108
"2012-11-11:12 AM",59.2498
"2012-11-12:12 AM",35.1442
"2012-11-13:12 AM",32.5976
"2012-11-14:12 AM",35.2476
"2012-11-15:12 AM",36.2237
"2012-11-16:12 AM",39.3215
"2012-11-17:12 AM",40.836
"2012-11-18:12 AM",42.8873
"2012-11-19:12 AM",46.6441
"2012-11-20:12 AM",50.4091
"2012-11-21:12 AM",48.9574
"2012-11-22:12 AM",53.0163
"2012-11-23:12 AM",38.5255
"2012-11-24:12 AM",27.9358
"2012-11-25:12 AM",35.5071
"2012-11-26:12 AM",34.6377
"2012-11-27:12 AM",28.3881
"2012-11-28:12 AM",32.173
"2012-11-29:12 AM",38.6393
"2012-11-30:12 AM",45.3976
"2012-12-01:12 AM",50.1219
"2012-12-02:12 AM",58.7827
"2012-12-03:12 AM",62.0044
"2012-12-04:12 AM",53.7309
"2012-12-05:12 AM",39.9573
"2012-12-06:12 AM",40.3675
"2012-12-07:12 AM",45.5646
"2012-12-08:12 AM",43.0934
"2012-12-09:12 AM",43.1409
"2012-12-10:12 AM",31.7041
"2012-12-11:12 AM",28.3564
"2012-12-12:12 AM",33.0582
"2012-12-13:12 AM",36.3263
"2012-12-14:12 AM",40.17
"2012-12-15:12 AM",46.94
"2012-12-16:12 AM",46.0845
"2012-12-17:12 AM",37.1053
"2012-12-18:12 AM",37.0735
"2012-12-19:12 AM",37.2522
"2012-12-20:12 AM",41.2891
"2012-12-21:12 AM",23.5357
"2012-12-22:12 AM",24.1236
"2012-12-23:12 AM",30.3737
"2012-12-24:12 AM",31.1092
"2012-12-25:12 AM",25.7617
"2012-12-26:12 AM",27.768
"2012-12-27:12 AM",24.8432
"2012-12-28:12 AM",28.0998
"2012-12-29:12 AM",24.5134
"2012-12-30:12 AM",22.5109
"2012-12-31:12 AM",29.9431
"2013-01-01:12 AM",19.1664
"2013-01-02:12 AM",15.8931
"2013-01-03:12 AM",25.7769
"2013-01-04:12 AM",24.5516
"2013-01-05:12 AM",30.0672
"2013-01-06:12 AM",28.9477
"2013-01-07:12 AM",26.5519
"2013-01-08:12 AM",32.7821
"2013-01-09:12 AM",38.3668
"2013-01-10:12 AM",39.1645
"2013-01-11:12 AM",50.7022
"2013-01-12:12 AM",47.2082
"2013-01-13:12 AM",26.1246
"2013-01-14:12 AM",17.9348
"2013-01-15:12 AM",21.9157
"2013-01-16:12 AM",26.4537
"2013-01-17:12 AM",29.7675
"2013-01-18:12 AM",31.3788
"2013-01-19:12 AM",40.4636
"2013-01-20:12 AM",26.9168
"2013-01-21:12 AM",16.3765
"2013-01-22:12 AM",11.6762
"2013-01-23:12 AM",19.5114
"2013-01-24:12 AM",17.7829
"2013-01-25:12 AM",26.2051
"2013-01-26:12 AM",24.0825
"2013-01-27:12 AM",30.0475
"2013-01-28:12 AM",49.1495
"2013-01-29:12 AM",58.7268
"2013-01-30:12 AM",39.9213
"2013-01-31:12 AM",20.4393
"2013-02-01:12 AM",8.1941
"2013-02-02:12 AM",23.4174
"2013-02-03:12 AM",20.8026
"2013-02-04:12 AM",28.2299
"2013-02-05:12 AM",29.2971
"2013-02-06:12 AM",31.5964
"2013-02-07:12 AM",37.9222
"2013-02-08:12 AM",31.3378
"2013-02-09:12 AM",30.7182
"2013-02-10:12 AM",40.5297
"2013-02-11:12 AM",35.794
"2013-02-12:12 AM",32.4874
"2013-02-13:12 AM",34.8309
"2013-02-14:12 AM",37.5159
"2013-02-15:12 AM",30.9538
"2013-02-16:12 AM",23.9472
"2013-02-17:12 AM",25.3119
"2013-02-18:12 AM",39.4165
"2013-02-19:12 AM",24.9382
"2013-02-20:12 AM",18.2088
"2013-02-21:12 AM",22.9527
"2013-02-22:12 AM",30.1264
"2013-02-23:12 AM",24.3531
"2013-02-24:12 AM",27.2754
"2013-02-25:12 AM",32.6908
"2013-02-26:12 AM",34.5859
"2013-02-27:12 AM",32.4183
"2013-02-28:12 AM",32.2934
"2013-03-01:12 AM",29.4161
"2013-03-02:12 AM",25.8886
"2013-03-03:12 AM",23.4432
"2013-03-04:12 AM",31.0251
"2013-03-05:12 AM",32.4088
"2013-03-06:12 AM",28.7134
"2013-03-07:12 AM",28.5888
"2013-03-08:12 AM",32.1242
"2013-03-09:12 AM",39.9277
"2013-03-10:12 AM",49.7287
"2013-03-11:12 AM",38.5248
"2013-03-12:12 AM",32.8851
"2013-03-13:12 AM",29.0995
"2013-03-14:12 AM",31.6884
"2013-03-15:12 AM",41.203
"2013-03-16:12 AM",41.511
"2013-03-17:12 AM",33.0503
"2013-03-18:12 AM",34.6041
"2013-03-19:12 AM",29.9829
"2013-03-20:12 AM",25.8863
"2013-03-21:12 AM",24.5273
"2013-03-22:12 AM",29.4386
"2013-03-23:12 AM",35.4047
"2013-03-24:12 AM",32.6154
"2013-03-25:12 AM",30.5427
"2013-03-26:12 AM",31.71
"2013-03-27:12 AM",31.1311
"2013-03-28:12 AM",36.1308
"2013-03-29:12 AM",42.7059
"2013-03-30:12 AM",44.5192
"2013-03-31:12 AM",46.6295
"2013-04-01:12 AM",37.3107
"2013-04-02:12 AM",34.2502
"2013-04-03:12 AM",35.4915
"2013-04-04:12 AM",41.1582
"2013-04-05:12 AM",45.4345
"2013-04-06:12 AM",52.2898
"2013-04-07:12 AM",56.3045
"2013-04-08:12 AM",59.65
"2013-04-09:12 AM",61.7059
"2013-04-10:12 AM",58.1011
"2013-04-11:12 AM",47.9219
"2013-04-12:12 AM",38.4188
"2013-04-13:12 AM",40.7264
"2013-04-14:12 AM",53.951
"2013-04-15:12 AM",55.8738
"2013-04-16:12 AM",48.2135
"2013-04-17:12 AM",53.2542
"2013-04-18:12 AM",61.189
"2013-04-19:12 AM",38.5171
"2013-04-20:12 AM",38.6809
"2013-04-21:12 AM",43.8202
"2013-04-22:12 AM",52.3247
"2013-04-23:12 AM",51.6148
"2013-04-24:12 AM",41.4259
"2013-04-25:12 AM",44.0485
"2013-04-26:12 AM",49.2076
"2013-04-27:12 AM",51.5014
"2013-04-28:12 AM",54.9858
"2013-04-29:12 AM",58.3628
"2013-04-30:12 AM",67.2247
"2013-05-01:12 AM",68.0185
"2013-05-02:12 AM",59.3281
"2013-05-03:12 AM",48.8827
"2013-05-04:12 AM",51.7955
"2013-05-05:12 AM",53.6457
"2013-05-06:12 AM",57.2842
"2013-05-07:12 AM",62.1464
"2013-05-08:12 AM",65.2185
"2013-05-09:12 AM",64.5042
"2013-05-10:12 AM",56.9523
"2013-05-11:12 AM",52.4781
"2013-05-12:12 AM",46.4207
"2013-05-13:12 AM",50.8104
"2013-05-14:12 AM",65.0993
"2013-05-15:12 AM",70.9255
"2013-05-16:12 AM",68.0864
"2013-05-17:12 AM",66.5379
"2013-05-18:12 AM",67.4553
"2013-05-19:12 AM",72.7599
"2013-05-20:12 AM",74.0005
"2013-05-21:12 AM",71.9164
"2013-05-22:12 AM",65.2935
"2013-05-23:12 AM",55.9841
"2013-05-24:12 AM",51.7595
"2013-05-25:12 AM",52.9772
"2013-05-26:12 AM",58.6314
"2013-05-27:12 AM",65.5858
"2013-05-28:12 AM",70.2633
"2013-05-29:12 AM",73.0656
"2013-05-30:12 AM",72.9946
"2013-05-31:12 AM",70.5848
"2013-06-01:12 AM",68.2826
"2013-06-02:12 AM",58.6553
"2013-06-03:12 AM",57.5004
"2013-06-04:12 AM",60.5089
"2013-06-05:12 AM",65.4354
"2013-06-06:12 AM",64.7409
"2013-06-07:12 AM",61.8721
"2013-06-08:12 AM",64.0713
"2013-06-09:12 AM",67.4395
"2013-06-10:12 AM",66.1978
"2013-06-11:12 AM",71.2888
"2013-06-12:12 AM",77.2887
"2013-06-13:12 AM",71.8255
"2013-06-14:12 AM",67.4919
"2013-06-15:12 AM",71.649
"2013-06-16:12 AM",71.8673
"2013-06-17:12 AM",74.2307
"2013-06-18:12 AM",69.433
"2013-06-19:12 AM",69.2539
"2013-06-20:12 AM",73.6502
"2013-06-21:12 AM",77.1458
"2013-06-22:12 AM",77.0079
"2013-06-23:12 AM",74.5065
"2013-06-24:12 AM",75.8565
"2013-06-25:12 AM",78.5835
"2013-06-26:12 AM",78.5093
"2013-06-27:12 AM",78.1023
"2013-06-28:12 AM",74.0532
"2013-06-29:12 AM",68.1339
"2013-06-30:12 AM",65.2514
"2013-07-01:12 AM",64.7335
"2013-07-02:12 AM",63.4658
"2013-07-03:12 AM",65.8938
"2013-07-04:12 AM",69.4823
"2013-07-05:12 AM",71.2198
"2013-07-06:12 AM",71.5323
"2013-07-07:12 AM",75.3301
"2013-07-08:12 AM",78.1689
"2013-07-09:12 AM",79.1121
"2013-07-10:12 AM",78.7269
"2013-07-11:12 AM",70.4073
"2013-07-12:12 AM",68.9067
"2013-07-13:12 AM",69.784
"2013-07-14:12 AM",74.3886
"2013-07-15:12 AM",77.1525
"2013-07-16:12 AM",79.7589
"2013-07-17:12 AM",81.4019
"2013-07-18:12 AM",81.2815
"2013-07-19:12 AM",81.9705
"2013-07-20:12 AM",78.4989
"2013-07-21:12 AM",73.6306
"2013-07-22:12 AM",75.9366
"2013-07-23:12 AM",76.0102
"2013-07-24:12 AM",67.0829
"2013-07-25:12 AM",66.477
"2013-07-26:12 AM",66.9623
"2013-07-27:12 AM",63.5191
"2013-07-28:12 AM",60.879
"2013-07-29:12 AM",64.1251
"2013-07-30:12 AM",64.5377
"2013-07-31:12 AM",70.2763
"2013-08-01:12 AM",71.1561
"2013-08-02:12 AM",72.9538
"2013-08-03:12 AM",72.3618
"2013-08-04:12 AM",67.7511
"2013-08-05:12 AM",66.7756
"2013-08-06:12 AM",74.2959
"2013-08-07:12 AM",77.2941
"2013-08-08:12 AM",73.3539
"2013-08-09:12 AM",72.1366
"2013-08-10:12 AM",71.5066
"2013-08-11:12 AM",70.4629
"2013-08-12:12 AM",73.3528
"2013-08-13:12 AM",68.47
"2013-08-14:12 AM",61.4116
"2013-08-15:12 AM",62.6947
"2013-08-16:12 AM",65.6755
"2013-08-17:12 AM",66.3231
"2013-08-18:12 AM",69.2472
"2013-08-19:12 AM",70.4991
"2013-08-20:12 AM",74.4512
"2013-08-21:12 AM",77.2876
"2013-08-22:12 AM",77.2718
"2013-08-23:12 AM",75.1896
"2013-08-24:12 AM",74.7802
"2013-08-25:12 AM",77.6079
"2013-08-26:12 AM",80.2983
"2013-08-27:12 AM",83.1546
"2013-08-28:12 AM",83.3047
"2013-08-29:12 AM",80.5253
"2013-08-30:12 AM",82.8003
"2013-08-31:12 AM",82.9837
"2013-09-01:12 AM",78.7415
"2013-09-02:12 AM",72.4753
"2013-09-03:12 AM",66.353
"2013-09-04:12 AM",66.934
"2013-09-05:12 AM",72.2554
"2013-09-06:12 AM",72.9777
"2013-09-07:12 AM",75.972
"2013-09-08:12 AM",76.312
"2013-09-09:12 AM",82.4787
"2013-09-10:12 AM",85.3758
"2013-09-11:12 AM",82.2324
"2013-09-12:12 AM",74.7522
"2013-09-13:12 AM",62.7744
"2013-09-14:12 AM",57.6322
"2013-09-15:12 AM",61.2473
"2013-09-16:12 AM",60.9166
"2013-09-17:12 AM",61.2034
"2013-09-18:12 AM",71.3611
"2013-09-19:12 AM",77.031
"2013-09-20:12 AM",70.1712
"2013-09-21:12 AM",59.9412
"2013-09-22:12 AM",56.3439
"2013-09-23:12 AM",58.8976
"2013-09-24:12 AM",63.271
"2013-09-25:12 AM",66.3802
"2013-09-26:12 AM",66.8127
"2013-09-27:12 AM",67.4935
"2013-09-28:12 AM",70.1226
"2013-09-29:12 AM",62.0812
"2013-09-30:12 AM",61.4509
"2013-10-01:12 AM",67.4836
"2013-10-02:12 AM",71.0917
"2013-10-03:12 AM",72.5902
"2013-10-04:12 AM",74.197
"2013-10-05:12 AM",71.1792
"2013-10-06:12 AM",54.4131
"2013-10-07:12 AM",52.4869
"2013-10-08:12 AM",58.5693
"2013-10-09:12 AM",58.6204
"2013-10-10:12 AM",62.6833
"2013-10-11:12 AM",64.6907
"2013-10-12:12 AM",64.6869
"2013-10-13:12 AM",56.2001
"2013-10-14:12 AM",54.2811
"2013-10-15:12 AM",60.9633
"2013-10-16:12 AM",51.5304
"2013-10-17:12 AM",50.1525
"2013-10-18:12 AM",49.8916
"2013-10-19:12 AM",45.5968
"2013-10-20:12 AM",51.0687
"2013-10-21:12 AM",48.0004
"2013-10-22:12 AM",39.7067
"2013-10-23:12 AM",38.9374
"2013-10-24:12 AM",37.663
"2013-10-25:12 AM",38.0512
"2013-10-26:12 AM",45.3315
"2013-10-27:12 AM",43.0246
"2013-10-28:12 AM",46.6583
"2013-10-29:12 AM",48.2461
"2013-10-30:12 AM",58.6904
"2013-10-31:12 AM",60.5863
"2013-11-01:12 AM",48.2211
"2013-11-02:12 AM",45.2845
"2013-11-03:12 AM",41.9893
"2013-11-04:12 AM",49.0273
"2013-11-05:12 AM",53.1367
"2013-11-06:12 AM",52.0315
"2013-11-07:12 AM",38.6537
"2013-11-08:12 AM",39.7384
"2013-11-09:12 AM",49.8931
"2013-11-10:12 AM",42.4456
"2013-11-11:12 AM",42.8925
"2013-11-12:12 AM",27.0716
"2013-11-13:12 AM",27.9718
"2013-11-14:12 AM",37.8955
"2013-11-15:12 AM",44.573
"2013-11-16:12 AM",52.7184
"2013-11-17:12 AM",60.3464
"2013-11-18:12 AM",42.3491
"2013-11-19:12 AM",35.8236
"2013-11-20:12 AM",37.9819
"2013-11-21:12 AM",46.9153
"2013-11-22:12 AM",40.1371
"2013-11-23:12 AM",26.5057
"2013-11-24:12 AM",20.1808
"2013-11-25:12 AM",28.7571
"2013-11-26:12 AM",29.9862
"2013-11-27:12 AM",20.8071
"2013-11-28:12 AM",26.2476
"2013-11-29:12 AM",27.4822
"2013-11-30:12 AM",36.1168
"2013-12-01:12 AM",40.3963
"2013-12-02:12 AM",41.1274
"2013-12-03:12 AM",47.3882
"2013-12-04:12 AM",53.1673
"2013-12-05:12 AM",30.7465
"2013-12-06:12 AM",19.9234
"2013-12-07:12 AM",13.6117
"2013-12-08:12 AM",21.6023
"2013-12-09:12 AM",20.1232
"2013-12-10:12 AM",16.1055
"2013-12-11:12 AM",17.9458
"2013-12-12:12 AM",12.5042
"2013-12-13:12 AM",26.1522
"2013-12-14:12 AM",29.9349
"2013-12-15:12 AM",19.3194
"2013-12-16:12 AM",21.974
"2013-12-17:12 AM",27.1884
"2013-12-18:12 AM",27.8058
"2013-12-19:12 AM",41.7142
"2013-12-20:12 AM",45.392
"2013-12-21:12 AM",33.8887
"2013-12-22:12 AM",31.9131
"2013-12-23:12 AM",18.6255
"2013-12-24:12 AM",8.9748
"2013-12-25:12 AM",23.9252
"2013-12-26:12 AM",28.1259
"2013-12-27:12 AM",34.5598
"2013-12-28:12 AM",38.597
"2013-12-29:12 AM",31.8263
"2013-12-30:12 AM",14.5884
"2013-12-31:12 AM",19.692
"2014-01-01:12 AM",25.0648
"2014-01-02:12 AM",15.532
"2014-01-03:12 AM",10.5361
"2014-01-04:12 AM",26.5685
"2014-01-05:12 AM",18.2937
"2014-01-06:12 AM",-7.1451
"2014-01-07:12 AM",2.1868
"2014-01-08:12 AM",14.2887
"2014-01-09:12 AM",19.722
"2014-01-10:12 AM",34.4224
"2014-01-11:12 AM",36.4651
"2014-01-12:12 AM",35.7557
"2014-01-13:12 AM",40.5797
"2014-01-14:12 AM",33.111
"2014-01-15:12 AM",21.8752
"2014-01-16:12 AM",28.4362
"2014-01-17:12 AM",16.6575
"2014-01-18:12 AM",20.7415
"2014-01-19:12 AM",25.687
"2014-01-20:12 AM",33.8437
"2014-01-21:12 AM",13.9251
"2014-01-22:12 AM",12.5186
"2014-01-23:12 AM",3.0609
"2014-01-24:12 AM",10.3651
"2014-01-25:12 AM",23.1238
"2014-01-26:12 AM",28.051
"2014-01-27:12 AM",6.0622
"2014-01-28:12 AM",3.1546
"2014-01-29:12 AM",13.6189
"2014-01-30:12 AM",26.6599
"2014-01-31:12 AM",24.541
"2014-02-01:12 AM",29.5525
"2014-02-02:12 AM",19.463
"2014-02-03:12 AM",10.9272
"2014-02-04:12 AM",18.3679
"2014-02-05:12 AM",19.3147
"2014-02-06:12 AM",4.3039
"2014-02-07:12 AM",3.3872
"2014-02-08:12 AM",14.9545
"2014-02-09:12 AM",17.0569
"2014-02-10:12 AM",5.0254
"2014-02-11:12 AM",2.6758
"2014-02-12:12 AM",11.1594
"2014-02-13:12 AM",23.1229
"2014-02-14:12 AM",21.567
"2014-02-15:12 AM",16.2399
"2014-02-16:12 AM",23.0959
"2014-02-17:12 AM",26.2153
"2014-02-18:12 AM",34.7499
"2014-02-19:12 AM",37.5703
"2014-02-20:12 AM",44.4807
"2014-02-21:12 AM",33.9687
"2014-02-22:12 AM",35.3959
"2014-02-23:12 AM",25.1665
"2014-02-24:12 AM",21.0475
"2014-02-25:12 AM",19.7292
"2014-02-26:12 AM",10.2623
"2014-02-27:12 AM",12.6295
"2014-02-28:12 AM",17.8232
"2014-03-01:12 AM",28.2306
"2014-03-02:12 AM",12.2369
"2014-03-03:12 AM",6.1036
"2014-03-04:12 AM",13.557
"2014-03-05:12 AM",22.5597
"2014-03-06:12 AM",24.5487
"2014-03-07:12 AM",33.1034
"2014-03-08:12 AM",34.493
"2014-03-09:12 AM",32.6462
"2014-03-10:12 AM",45.4545
"2014-03-11:12 AM",50.1127
"2014-03-12:12 AM",35.1687
"2014-03-13:12 AM",30.8629
"2014-03-14:12 AM",44.5311
"2014-03-15:12 AM",41.5812
"2014-03-16:12 AM",29.3729
"2014-03-17:12 AM",26.1757
"2014-03-18:12 AM",38.0827
"2014-03-19:12 AM",43.0554
"2014-03-20:12 AM",39.4615
"2014-03-21:12 AM",47.3907
"2014-03-22:12 AM",39.0405
"2014-03-23:12 AM",29.6733
"2014-03-24:12 AM",28.7307
"2014-03-25:12 AM",28.8081
"2014-03-26:12 AM",28.6291
"2014-03-27:12 AM",43.4005
"2014-03-28:12 AM",44.0886
"2014-03-29:12 AM",38.5894
"2014-03-30:12 AM",40.93
"2014-03-31:12 AM",50.4414
"2014-04-01:12 AM",46.3469
"2014-04-02:12 AM",45.3537
"2014-04-03:12 AM",52.1274
"2014-04-04:12 AM",43.8525
"2014-04-05:12 AM",39.8487
"2014-04-06:12 AM",43.9426
"2014-04-07:12 AM",44.8511
"2014-04-08:12 AM",47.539
"2014-04-09:12 AM",48.0668
"2014-04-10:12 AM",55.5809
"2014-04-11:12 AM",54.5817
"2014-04-12:12 AM",61.0696
"2014-04-13:12 AM",63.0266
"2014-04-14:12 AM",45.2134
"2014-04-15:12 AM",33.4706
"2014-04-16:12 AM",39.1388
"2014-04-17:12 AM",47.3319
"2014-04-18:12 AM",50.9473
"2014-04-19:12 AM",52.9367
"2014-04-20:12 AM",60.3653
"2014-04-21:12 AM",63.7479
"2014-04-22:12 AM",54.774
"2014-04-23:12 AM",48.1836
"2014-04-24:12 AM",54.9027
"2014-04-25:12 AM",56.9449
"2014-04-26:12 AM",57.5685
"2014-04-27:12 AM",59.4802
"2014-04-28:12 AM",60.0355
"2014-04-29:12 AM",53.9571
"2014-04-30:12 AM",47.021
"2014-05-01:12 AM",44.8227
"2014-05-02:12 AM",47.9518
"2014-05-03:12 AM",55.8912
"2014-05-04:12 AM",56.8366
"2014-05-05:12 AM",57.3188
"2014-05-06:12 AM",59.6916
"2014-05-07:12 AM",68.3422
"2014-05-08:12 AM",72.5783
"2014-05-09:12 AM",66.9103
"2014-05-10:12 AM",63.3398
"2014-05-11:12 AM",69.9512
"2014-05-12:12 AM",73.2708
"2014-05-13:12 AM",59.3616
"2014-05-14:12 AM",49.7494
"2014-05-15:12 AM",49.2318
"2014-05-16:12 AM",44.5039
"2014-05-17:12 AM",47.7878
"2014-05-18:12 AM",53.2661
"2014-05-19:12 AM",57.8674
"2014-05-20:12 AM",69.3761
"2014-05-21:12 AM",74.0102
"2014-05-22:12 AM",67.4724
"2014-05-23:12 AM",64.8651
"2014-05-24:12 AM",63.7403
"2014-05-25:12 AM",68.038
"2014-05-26:12 AM",72.5074
"2014-05-27:12 AM",72.1796
"2014-05-28:12 AM",71.4425
"2014-05-29:12 AM",69.3442
"2014-05-30:12 AM",70.954
"2014-05-31:12 AM",72.8224
"2014-06-01:12 AM",73.1874
"2014-06-02:12 AM",73.0944
"2014-06-03:12 AM",73.9015
"2014-06-04:12 AM",70.9552
"2014-06-05:12 AM",65.2568
"2014-06-06:12 AM",68.5578
"2014-06-07:12 AM",68.5845
"2014-06-08:12 AM",65.4184
"2014-06-09:12 AM",65.6208
"2014-06-10:12 AM",63.0226
"2014-06-11:12 AM",64.5017
"2014-06-12:12 AM",66.7044
"2014-06-13:12 AM",63.1648
"2014-06-14:12 AM",62.661
"2014-06-15:12 AM",67.9258
"2014-06-16:12 AM",75.6077
"2014-06-17:12 AM",79.3044
"2014-06-18:12 AM",79.6685
"2014-06-19:12 AM",77.0524
"2014-06-20:12 AM",76.5414
"2014-06-21:12 AM",75.0272
"2014-06-22:12 AM",74.8182
"2014-06-23:12 AM",73.9152
"2014-06-24:12 AM",73.159
"2014-06-25:12 AM",73.6444
"2014-06-26:12 AM",72.7455
"2014-06-27:12 AM",73.5845
"2014-06-28:12 AM",74.9764
"2014-06-29:12 AM",75.4275
"2014-06-30:12 AM",78.8657
"2014-07-01:12 AM",75.0128
"2014-07-02:12 AM",65.2435
"2014-07-03:12 AM",64.2258
"2014-07-04:12 AM",66.297
"2014-07-05:12 AM",66.2184
"2014-07-06:12 AM",72.5599
"2014-07-07:12 AM",77.8604
"2014-07-08:12 AM",74.615
"2014-07-09:12 AM",69.9535
"2014-07-10:12 AM",68.8055
"2014-07-11:12 AM",70.2068
"2014-07-12:12 AM",77.5769
"2014-07-13:12 AM",77.9139
"2014-07-14:12 AM",72.3749
"2014-07-15:12 AM",62.0735
"2014-07-16:12 AM",62.6958
"2014-07-17:12 AM",65.08
"2014-07-18:12 AM",68.0986
"2014-07-19:12 AM",67.9663
"2014-07-20:12 AM",69.8324
"2014-07-21:12 AM",73.4454
"2014-07-22:12 AM",76.9318
"2014-07-23:12 AM",73.1799
"2014-07-24:12 AM",65.5603
"2014-07-25:12 AM",65.1146
"2014-07-26:12 AM",74.1396
"2014-07-27:12 AM",75.5609
"2014-07-28:12 AM",67.2777
"2014-07-29:12 AM",66.1449
"2014-07-30:12 AM",67.4202
"2014-07-31:12 AM",69.6978
"2014-08-01:12 AM",70.9482
"2014-08-02:12 AM",70.6368
"2014-08-03:12 AM",71.6693
"2014-08-04:12 AM",73.6704
"2014-08-05:12 AM",74.1565
"2014-08-06:12 AM",72.5252
"2014-08-07:12 AM",68.3217
"2014-08-08:12 AM",68.7022
"2014-08-09:12 AM",71.9605
"2014-08-10:12 AM",72.6409
"2014-08-11:12 AM",72.9358
"2014-08-12:12 AM",68.5774
"2014-08-13:12 AM",67.5293
"2014-08-14:12 AM",68.5031
"2014-08-15:12 AM",68.0342
"2014-08-16:12 AM",68.6498
"2014-08-17:12 AM",70.4763
"2014-08-18:12 AM",72.8895
"2014-08-19:12 AM",76.3844
"2014-08-20:12 AM",74.9478
"2014-08-21:12 AM",80.0811
"2014-08-22:12 AM",81.0189
"2014-08-23:12 AM",81.5407
"2014-08-24:12 AM",80.6412
"2014-08-25:12 AM",82.1867
"2014-08-26:12 AM",81.133
"2014-08-27:12 AM",77.2795
"2014-08-28:12 AM",74.2537
"2014-08-29:12 AM",77.594
"2014-08-30:12 AM",74.7313
"2014-08-31:12 AM",74.8191
"2014-09-01:12 AM",76.7104
"2014-09-02:12 AM",72.8373
"2014-09-03:12 AM",72.1036
"2014-09-04:12 AM",78.9672
"2014-09-05:12 AM",80.4243
"2014-09-06:12 AM",64.5712
"2014-09-07:12 AM",62.8619
"2014-09-08:12 AM",64.5832
"2014-09-09:12 AM",72.4107
"2014-09-10:12 AM",73.096
"2014-09-11:12 AM",59.0619
"2014-09-12:12 AM",51.3883
"2014-09-13:12 AM",47.5698
"2014-09-14:12 AM",50.3098
"2014-09-15:12 AM",55.7465
"2014-09-16:12 AM",54.5972
"2014-09-17:12 AM",55.6232
"2014-09-18:12 AM",58.6773
"2014-09-19:12 AM",61.7427
"2014-09-20:12 AM",70.304
"2014-09-21:12 AM",65.3922
"2014-09-22:12 AM",55.6286
"2014-09-23:12 AM",57.2668
"2014-09-24:12 AM",61.7727
"2014-09-25:12 AM",64.8478
"2014-09-26:12 AM",67.8697
"2014-09-27:12 AM",68.5778
"2014-09-28:12 AM",66.5586
"2014-09-29:12 AM",67.8087
"2014-09-30:12 AM",63.8038
"2014-10-01:12 AM",65.8562
"2014-10-02:12 AM",70.1537
"2014-10-03:12 AM",57.2157
"2014-10-04:12 AM",43.4266
"2014-10-05:12 AM",48.5793
"2014-10-06:12 AM",54.7896
"2014-10-07:12 AM",59.6993
"2014-10-08:12 AM",56.3445
"2014-10-09:12 AM",56.6913
"2014-10-10:12 AM",52.0689
"2014-10-11:12 AM",49.0627
"2014-10-12:12 AM",52.1778
"2014-10-13:12 AM",63.127
"2014-10-14:12 AM",58.3837
"2014-10-15:12 AM",52.329
"2014-10-16:12 AM",54.8908
"2014-10-17:12 AM",56.4805
"2014-10-18:12 AM",49.6353
"2014-10-19:12 AM",46.7753
"2014-10-20:12 AM",55.31
"2014-10-21:12 AM",51.4308
"2014-10-22:12 AM",47.0615
"2014-10-23:12 AM",49.4564
"2014-10-24:12 AM",56.2573
"2014-10-25:12 AM",61.6712
"2014-10-26:12 AM",57.0529
"2014-10-27:12 AM",66.6311
"2014-10-28:12 AM",58.8303
"2014-10-29:12 AM",46.0929
"2014-10-30:12 AM",43.8813
"2014-10-31:12 AM",41.0342
"2014-11-01:12 AM",35.0087
"2014-11-02:12 AM",38.6366
"2014-11-03:12 AM",52.6676
"2014-11-04:12 AM",52.889
"2014-11-05:12 AM",48.2646
"2014-11-06:12 AM",44.553
"2014-11-07:12 AM",38.2543
"2014-11-08:12 AM",43.4788
"2014-11-09:12 AM",41.5641
"2014-11-10:12 AM",51.116
"2014-11-11:12 AM",44.2728
"2014-11-12:12 AM",28.6916
"2014-11-13:12 AM",25.7959
"2014-11-14:12 AM",22.9005
"2014-11-15:12 AM",24.6025
"2014-11-16:12 AM",28.7454
"2014-11-17:12 AM",19.099
"2014-11-18:12 AM",15.4443
"2014-11-19:12 AM",26.3361
"2014-11-20:12 AM",22.8324
"2014-11-21:12 AM",24.546
"2014-11-22:12 AM",45.3909
"2014-11-23:12 AM",52.2063
"2014-11-24:12 AM",39.9753
"2014-11-25:12 AM",27.8276
"2014-11-26:12 AM",28.3401
"2014-11-27:12 AM",24.3271
"2014-11-28:12 AM",26.0415
"2014-11-29:12 AM",42.7626
"2014-11-30:12 AM",47.7266
"2014-12-01:12 AM",25.9394
"2014-12-02:12 AM",27.0714
"2014-12-03:12 AM",30.6552
"2014-12-04:12 AM",31.4451
"2014-12-05:12 AM",36.8541
"2014-12-06:12 AM",36.4748
"2014-12-07:12 AM",33.3804
"2014-12-08:12 AM",37.0362
"2014-12-09:12 AM",34.2604
"2014-12-10:12 AM",31.5081
"2014-12-11:12 AM",29.1322
"2014-12-12:12 AM",32.0751
"2014-12-13:12 AM",39.5863
"2014-12-14:12 AM",46.2349
"2014-12-15:12 AM",47.336
"2014-12-16:12 AM",39.0058
"2014-12-17:12 AM",27.9406
"2014-12-18:12 AM",26.8905
"2014-12-19:12 AM",27.4523
"2014-12-20:12 AM",30.7821
"2014-12-21:12 AM",33.6
"2014-12-22:12 AM",37.2108
"2014-12-23:12 AM",44.0443
"2014-12-24:12 AM",37.548
"2014-12-25:12 AM",37.1406
"2014-12-26:12 AM",42.2661
"2014-12-27:12 AM",43.356
"2014-12-28:12 AM",29.7903
"2014-12-29:12 AM",28.6149
"2014-12-30:12 AM",21.7438
"2014-12-31:12 AM",16.0367
"2015-01-01:12 AM",24.0696
"2015-01-02:12 AM",30.2988
"2015-01-03:12 AM",35.013
"2015-01-04:12 AM",26.7395
"2015-01-05:12 AM",11.6697
"2015-01-06:12 AM",14.97
"2015-01-07:12 AM",6.294
"2015-01-08:12 AM",6.4013
"2015-01-09:12 AM",11.1227
"2015-01-10:12 AM",12.5222
"2015-01-11:12 AM",25.4019
"2015-01-12:12 AM",22.8333
"2015-01-13:12 AM",14.2275
"2015-01-14:12 AM",13.9651
"2015-01-15:12 AM",24.8821
"2015-01-16:12 AM",31.9734
"2015-01-17:12 AM",38.6136
"2015-01-18:12 AM",36.8622
"2015-01-19:12 AM",36.1283
"2015-01-20:12 AM",37.9641
"2015-01-21:12 AM",35.5392
"2015-01-22:12 AM",32.2225
"2015-01-23:12 AM",29.8339
"2015-01-24:12 AM",33.9908
"2015-01-25:12 AM",35.3575
"2015-01-26:12 AM",27.1621
"2015-01-27:12 AM",31.5797
"2015-01-28:12 AM",29.9662
"2015-01-29:12 AM",36.6724
"2015-01-30:12 AM",27.5817
"2015-01-31:12 AM",31.4249
"2015-02-01:12 AM",31.8754
"2015-02-02:12 AM",14.8141
"2015-02-03:12 AM",23.1008
"2015-02-04:12 AM",25.6309
"2015-02-05:12 AM",10.8955
"2015-02-06:12 AM",23.895
"2015-02-07:12 AM",35.9328
"2015-02-08:12 AM",42.2715
"2015-02-09:12 AM",28.8473
"2015-02-10:12 AM",27.9822
"2015-02-11:12 AM",30.8197
"2015-02-12:12 AM",16.7662
"2015-02-13:12 AM",19.1313
"2015-02-14:12 AM",19.6191
"2015-02-15:12 AM",8.859
"2015-02-16:12 AM",14.1564
"2015-02-17:12 AM",16.0731
"2015-02-18:12 AM",8.9805
"2015-02-19:12 AM",0.8249
"2015-02-20:12 AM",10.1356
"2015-02-21:12 AM",26.7741
"2015-02-22:12 AM",18.3443
"2015-02-23:12 AM",4.6114
"2015-02-24:12 AM",15.319
"2015-02-25:12 AM",22.4647
"2015-02-26:12 AM",18.9558
"2015-02-27:12 AM",6.7185
"2015-02-28:12 AM",12.8133
"2015-03-01:12 AM",23.5985
"2015-03-02:12 AM",21.3755
"2015-03-03:12 AM",31.9917
"2015-03-04:12 AM",22.1702
"2015-03-05:12 AM",13.1178
"2015-03-06:12 AM",15.7536
"2015-03-07:12 AM",34.8048
"2015-03-08:12 AM",34.7868
"2015-03-09:12 AM",38.2179
"2015-03-10:12 AM",42.3154
"2015-03-11:12 AM",45.9243
"2015-03-12:12 AM",46.7708
"2015-03-13:12 AM",49.7653
"2015-03-14:12 AM",50.6786
"2015-03-15:12 AM",48.5181
"2015-03-16:12 AM",58.0204
"2015-03-17:12 AM",47.5131
"2015-03-18:12 AM",37.4322
"2015-03-19:12 AM",40.3804
"2015-03-20:12 AM",42.6864
"2015-03-21:12 AM",46.9531
"2015-03-22:12 AM",42.9926
"2015-03-23:12 AM",37.7548
"2015-03-24:12 AM",35.0839
"2015-03-25:12 AM",45.0984
"2015-03-26:12 AM",38.7244
"2015-03-27:12 AM",31.8196
"2015-03-28:12 AM",30.3886
"2015-03-29:12 AM",37.5926
"2015-03-30:12 AM",46.6007
"2015-03-31:12 AM",53.4175
"2015-04-01:12 AM",54.8731
"2015-04-02:12 AM",60.3311
"2015-04-03:12 AM",49.5288
"2015-04-04:12 AM",42.0211
"2015-04-05:12 AM",49.6351
"2015-04-06:12 AM",52.2277
"2015-04-07:12 AM",57.1415
"2015-04-08:12 AM",61.4583
"2015-04-09:12 AM",64.7521
"2015-04-10:12 AM",49.8238
"2015-04-11:12 AM",48.0855
"2015-04-12:12 AM",54.2044
"2015-04-13:12 AM",59.2639
"2015-04-14:12 AM",54.1612
"2015-04-15:12 AM",54.3281
"2015-04-16:12 AM",58.9485
"2015-04-17:12 AM",63.3801
"2015-04-18:12 AM",64.0432
"2015-04-19:12 AM",59.5098
"2015-04-20:12 AM",49.0485
"2015-04-21:12 AM",47.8688
"2015-04-22:12 AM",43.9
"2015-04-23:12 AM",44.2548
"2015-04-24:12 AM",47.9098
"2015-04-25:12 AM",49.5918
"2015-04-26:12 AM",46.9719
"2015-04-27:12 AM",47.8816
"2015-04-28:12 AM",51.3477
"2015-04-29:12 AM",54.4516
"2015-04-30:12 AM",51.6839
"2015-05-01:12 AM",52.7297
"2015-05-02:12 AM",60.3428
"2015-05-03:12 AM",66.2504
"2015-05-04:12 AM",69.2515
"2015-05-05:12 AM",68.3028
"2015-05-06:12 AM",69.5131
"2015-05-07:12 AM",70.4257
"2015-05-08:12 AM",69.6429
"2015-05-09:12 AM",66.1492
"2015-05-10:12 AM",64.4009
"2015-05-11:12 AM",64.0461
"2015-05-12:12 AM",53.4834
"2015-05-13:12 AM",53.3478
"2015-05-14:12 AM",56.2057
"2015-05-15:12 AM",68.0196
"2015-05-16:12 AM",69.4742
"2015-05-17:12 AM",70.2671
"2015-05-18:12 AM",67.5187
"2015-05-19:12 AM",51.7377
"2015-05-20:12 AM",47.3162
"2015-05-21:12 AM",50.5301
"2015-05-22:12 AM",60.4035
"2015-05-23:12 AM",64.4488
"2015-05-24:12 AM",68.3586
"2015-05-25:12 AM",71.4139
"2015-05-26:12 AM",68.916
"2015-05-27:12 AM",69.6618
"2015-05-28:12 AM",69.1633
"2015-05-29:12 AM",72.5832
"2015-05-30:12 AM",66.3975
"2015-05-31:12 AM",53.7199
"2015-06-01:12 AM",56.6359
"2015-06-02:12 AM",60.0577
"2015-06-03:12 AM",63.7696
"2015-06-04:12 AM",68.3353
"2015-06-05:12 AM",70.2657
"2015-06-06:12 AM",66.4966
"2015-06-07:12 AM",74.3274
"2015-06-08:12 AM",73.4986
"2015-06-09:12 AM",73.9915
"2015-06-10:12 AM",76.6461
"2015-06-11:12 AM",75.2949
"2015-06-12:12 AM",74.8274
"2015-06-13:12 AM",74.023
"2015-06-14:12 AM",74.7235
"2015-06-15:12 AM",74.6854
"2015-06-16:12 AM",72.0392
"2015-06-17:12 AM",70.3947
"2015-06-18:12 AM",72.6364
"2015-06-19:12 AM",67.7388
"2015-06-20:12 AM",71.0211
"2015-06-21:12 AM",76.2561
"2015-06-22:12 AM",76.8175
"2015-06-23:12 AM",74.8954
"2015-06-24:12 AM",70.0898
"2015-06-25:12 AM",75.3953
"2015-06-26:12 AM",69.523
"2015-06-27:12 AM",67.3718
"2015-06-28:12 AM",64.7339
"2015-06-29:12 AM",69.2645
"2015-06-30:12 AM",71.6968
"2015-07-01:12 AM",67.9203
"2015-07-02:12 AM",65.7522
"2015-07-03:12 AM",68.4545
"2015-07-04:12 AM",69.7869
"2015-07-05:12 AM",72.1618
"2015-07-06:12 AM",75.0578
"2015-07-07:12 AM",68.9184
"2015-07-08:12 AM",61.3899
"2015-07-09:12 AM",66.357
"2015-07-10:12 AM",68.7405
"2015-07-11:12 AM",72.2242
"2015-07-12:12 AM",77.4815
"2015-07-13:12 AM",81.1027
"2015-07-14:12 AM",78.4341
"2015-07-15:12 AM",70.6554
"2015-07-16:12 AM",72.8578
"2015-07-17:12 AM",80.0114
"2015-07-18:12 AM",81.4573
"2015-07-19:12 AM",79.0677
"2015-07-20:12 AM",74.1189
"2015-07-21:12 AM",72.1051
"2015-07-22:12 AM",69.679
"2015-07-23:12 AM",71.3061
"2015-07-24:12 AM",71.5037
"2015-07-25:12 AM",76.26
"2015-07-26:12 AM",75.5803
"2015-07-27:12 AM",77.7994
"2015-07-28:12 AM",79.979
"2015-07-29:12 AM",77.8674
"2015-07-30:12 AM",73.3098
"2015-07-31:12 AM",74.0869
"2015-08-01:12 AM",72.7097
"2015-08-02:12 AM",76.4244
"2015-08-03:12 AM",75.4578
"2015-08-04:12 AM",71.5406
"2015-08-05:12 AM",71.1199
"2015-08-06:12 AM",70.8582
"2015-08-07:12 AM",71.3327
"2015-08-08:12 AM",73.9591
"2015-08-09:12 AM",73.6214
"2015-08-10:12 AM",75.6054
"2015-08-11:12 AM",72.4287
"2015-08-12:12 AM",70.1805
"2015-08-13:12 AM",70.4134
"2015-08-14:12 AM",73.7683
"2015-08-15:12 AM",74.9064
"2015-08-16:12 AM",75.1327
"2015-08-17:12 AM",74.91
"2015-08-18:12 AM",74.0858
"2015-08-19:12 AM",67.5754
"2015-08-20:12 AM",64.9738
"2015-08-21:12 AM",66.609
"2015-08-22:12 AM",68.571
"2015-08-23:12 AM",69.2843
"2015-08-24:12 AM",62.695
"2015-08-25:12 AM",62.5348
"2015-08-26:12 AM",62.9926
"2015-08-27:12 AM",63.6591
"2015-08-28:12 AM",67.0158
"2015-08-29:12 AM",69.8347
"2015-08-30:12 AM",70.9792
"2015-08-31:12 AM",74.6051
"2015-09-01:12 AM",77.8363
"2015-09-02:12 AM",78.2704
"2015-09-03:12 AM",78.5959
"2015-09-04:12 AM",78.2105
"2015-09-05:12 AM",78.7327
"2015-09-06:12 AM",79.7871
"2015-09-07:12 AM",79.6689
"2015-09-08:12 AM",75.9949
"2015-09-09:12 AM",70.3985
"2015-09-10:12 AM",68.9535
"2015-09-11:12 AM",63.0766
"2015-09-12:12 AM",56.2649
"2015-09-13:12 AM",54.5905
"2015-09-14:12 AM",64.5201
"2015-09-15:12 AM",69.267
"2015-09-16:12 AM",70.0655
"2015-09-17:12 AM",74.4697
"2015-09-18:12 AM",76.3588
"2015-09-19:12 AM",65.2764
"2015-09-20:12 AM",57.7288
"2015-09-21:12 AM",59.9365
"2015-09-22:12 AM",63.5718
"2015-09-23:12 AM",66.5245
"2015-09-24:12 AM",67.0032
"2015-09-25:12 AM",67.8177
"2015-09-26:12 AM",67.1212
"2015-09-27:12 AM",67.9204
"2015-09-28:12 AM",69.751
"2015-09-29:12 AM",66.6646
"2015-09-30:12 AM",58.7754
"2015-10-01:12 AM",54.5281
"2015-10-02:12 AM",54.5236
"2015-10-03:12 AM",53.0856
"2015-10-04:12 AM",53.4994
"2015-10-05:12 AM",60.8353
"2015-10-06:12 AM",62.3217
"2015-10-07:12 AM",64.2013
"2015-10-08:12 AM",65.8888
"2015-10-09:12 AM",59.8224
"2015-10-10:12 AM",52.6842
"2015-10-11:12 AM",62.5046
"2015-10-12:12 AM",68.2169
"2015-10-13:12 AM",58.3448
"2015-10-14:12 AM",54.4127
"2015-10-15:12 AM",58.7667
"2015-10-16:12 AM",51.0411
"2015-10-17:12 AM",42.3306
"2015-10-18:12 AM",45.1744
"2015-10-19:12 AM",57.6396
"2015-10-20:12 AM",63.6624
"2015-10-21:12 AM",66.8887
"2015-10-22:12 AM",64.9924
"2015-10-23:12 AM",62.3734
"2015-10-24:12 AM",62.4429
"2015-10-25:12 AM",51.606
"2015-10-26:12 AM",53.1858
"2015-10-27:12 AM",54.1596
"2015-10-28:12 AM",53.9134
"2015-10-29:12 AM",43.7805
"2015-10-30:12 AM",46.3996
"2015-10-31:12 AM",51.4161
"2015-11-01:12 AM",53.7265
"2015-11-02:12 AM",56.7504
"2015-11-03:12 AM",56.3736
"2015-11-04:12 AM",59.562
"2015-11-05:12 AM",63.3812
"2015-11-06:12 AM",54.9523
"2015-11-07:12 AM",46.0976
"2015-11-08:12 AM",42.0391
"2015-11-09:12 AM",42.4474
"2015-11-10:12 AM",43.6293
"2015-11-11:12 AM",54.4521
"2015-11-12:12 AM",48.3942
"2015-11-13:12 AM",42.4684
"2015-11-14:12 AM",44.7372
"2015-11-15:12 AM",52.7563
"2015-11-16:12 AM",50.6001
"2015-11-17:12 AM",55.6581
"2015-11-18:12 AM",56.5106
"2015-11-19:12 AM",43.417
"2015-11-20:12 AM",38.9194
"2015-11-21:12 AM",32.7916
"2015-11-22:12 AM",21.6223
"2015-11-23:12 AM",33.5394
"2015-11-24:12 AM",39.6135
"2015-11-25:12 AM",46.4718
"2015-11-26:12 AM",56.9428
"2015-11-27:12 AM",48.5506
"2015-11-28:12 AM",37.9531
"2015-11-29:12 AM",36.9928
"2015-11-30:12 AM",39.0846
"2015-12-01:12 AM",40.773
"2015-12-02:12 AM",35.1918
"2015-12-03:12 AM",32.9153
"2015-12-04:12 AM",35.7123
"2015-12-05:12 AM",36.5466
"2015-12-06:12 AM",39.3339
"2015-12-07:12 AM",40.9091
"2015-12-08:12 AM",43.6496
"2015-12-09:12 AM",48.2144
"2015-12-10:12 AM",50.506
"2015-12-11:12 AM",50.3744
"2015-12-12:12 AM",59.9614
"2015-12-13:12 AM",61.2689
"2015-12-14:12 AM",51.4503
"2015-12-15:12 AM",42.5583
"2015-12-16:12 AM",45.3391
"2015-12-17:12 AM",32.7753
"2015-12-18:12 AM",30.6248
"2015-12-19:12 AM",28.1485
"2015-12-20:12 AM",39.4128
"2015-12-21:12 AM",49.681
"2015-12-22:12 AM",41.5416
"2015-12-23:12 AM",54.5736
"2015-12-24:12 AM",41.7637
"2015-12-25:12 AM",40.3786
"2015-12-26:12 AM",44.0098
"2015-12-27:12 AM",40.7559
"2015-12-28:12 AM",37.0636
"2015-12-29:12 AM",32.9662
"2015-12-30:12 AM",30.3165
"2015-12-31:12 AM",28.1741
"2016-01-01:12 AM",27.2329
"2016-01-02:12 AM",30.6804
"2016-01-03:12 AM",30.3678
"2016-01-04:12 AM",26.5496
"2016-01-05:12 AM",27.4062
"2016-01-06:12 AM",30.9828
"2016-01-07:12 AM",36.46
"2016-01-08:12 AM",43.4113
"2016-01-09:12 AM",37.0915
"2016-01-10:12 AM",11.6325
"2016-01-11:12 AM",16.8071
"2016-01-12:12 AM",17.724
"2016-01-13:12 AM",17.7512
"2016-01-14:12 AM",37.3411
"2016-01-15:12 AM",39.4423
"2016-01-16:12 AM",27.8418
"2016-01-17:12 AM",12.6291
"2016-01-18:12 AM",4.2595
"2016-01-19:12 AM",11.1664
"2016-01-20:12 AM",17.0373
"2016-01-21:12 AM",19.312
"2016-01-22:12 AM",23.1859
"2016-01-23:12 AM",22.7759
"2016-01-24:12 AM",26.5415
"2016-01-25:12 AM",35.096
"2016-01-26:12 AM",30.4725
"2016-01-27:12 AM",28.9404
"2016-01-28:12 AM",35.7384
"2016-01-29:12 AM",32.2849
"2016-01-30:12 AM",42.1657
"2016-01-31:12 AM",48.333
"2016-02-01:12 AM",39.0371
"2016-02-02:12 AM",42.6229
"2016-02-03:12 AM",35.7575
"2016-02-04:12 AM",27.5232
"2016-02-05:12 AM",29.3758
"2016-02-06:12 AM",33.3111
"2016-02-07:12 AM",38.6024
"2016-02-08:12 AM",28.9216
"2016-02-09:12 AM",19.0688
"2016-02-10:12 AM",15.5685
"2016-02-11:12 AM",16.4079
"2016-02-12:12 AM",20.6523
"2016-02-13:12 AM",11.9669
"2016-02-14:12 AM",18.8022
"2016-02-15:12 AM",26.4393
"2016-02-16:12 AM",28.292
"2016-02-17:12 AM",31.7296
"2016-02-18:12 AM",35.2672
"2016-02-19:12 AM",50.1836
"2016-02-20:12 AM",51.9408
"2016-02-21:12 AM",44.0242
"2016-02-22:12 AM",37.5201
"2016-02-23:12 AM",38.8562
"2016-02-24:12 AM",35.0703
"2016-02-25:12 AM",33.118
"2016-02-26:12 AM",31.5397
"2016-02-27:12 AM",38.397
"2016-02-28:12 AM",50.232
"2016-02-29:12 AM",42.2962
"2016-03-01:12 AM",36.7
"2016-03-02:12 AM",27.9576
"2016-03-03:12 AM",34.4133
"2016-03-04:12 AM",33.4751
"2016-03-05:12 AM",37.1692
"2016-03-06:12 AM",40.1499
"2016-03-07:12 AM",54.2957
"2016-03-08:12 AM",59.598
"2016-03-09:12 AM",58.4548
"2016-03-10:12 AM",49.7712
"2016-03-11:12 AM",46.2438
"2016-03-12:12 AM",51.0575
"2016-03-13:12 AM",53.8066
"2016-03-14:12 AM",53.172
"2016-03-15:12 AM",57.9555
"2016-03-16:12 AM",51.2116
"2016-03-17:12 AM",47.6332
"2016-03-18:12 AM",42.5131
"2016-03-19:12 AM",38.8805
"2016-03-20:12 AM",36.7795
"2016-03-21:12 AM",39.5472
"2016-03-22:12 AM",49.4877
"2016-03-23:12 AM",52.848
"2016-03-24:12 AM",48.753
"2016-03-25:12 AM",37.9733
"2016-03-26:12 AM",44.0256
"2016-03-27:12 AM",48.0362
"2016-03-28:12 AM",43.6665
"2016-03-29:12 AM",45.9482
"2016-03-30:12 AM",51.0057
"2016-03-31:12 AM",58.3781
"2016-04-01:12 AM",45.0313
"2016-04-02:12 AM",38.5498
"2016-04-03:12 AM",45.284
"2016-04-04:12 AM",46.1809
"2016-04-05:12 AM",37.7442
"2016-04-06:12 AM",48.2092
"2016-04-07:12 AM",42.4994
"2016-04-08:12 AM",39.2004
"2016-04-09:12 AM",34.0331
"2016-04-10:12 AM",44.762
"2016-04-11:12 AM",48.292
"2016-04-12:12 AM",41.4174
"2016-04-13:12 AM",45.9514
"2016-04-14:12 AM",51.3628
"2016-04-15:12 AM",57.1838
"2016-04-16:12 AM",62.0838
"2016-04-17:12 AM",64.2916
"2016-04-18:12 AM",64.7222
"2016-04-19:12 AM",62.3296
"2016-04-20:12 AM",59.9266
"2016-04-21:12 AM",61.1398
"2016-04-22:12 AM",56.1798
"2016-04-23:12 AM",55.1104
"2016-04-24:12 AM",61.7263
"2016-04-25:12 AM",67.7883
"2016-04-26:12 AM",63.8236
"2016-04-27:12 AM",55.5586
"2016-04-28:12 AM",56.1412
"2016-04-29:12 AM",52.9048
"2016-04-30:12 AM",54.0261
"2016-05-01:12 AM",55.6252
"2016-05-02:12 AM",51.3093
"2016-05-03:12 AM",53.8092
"2016-05-04:12 AM",53.2531
"2016-05-05:12 AM",51.0244
"2016-05-06:12 AM",59.3674
"2016-05-07:12 AM",64.7371
"2016-05-08:12 AM",58.4031
"2016-05-09:12 AM",60.535
"2016-05-10:12 AM",63.8623
"2016-05-11:12 AM",66.8156
"2016-05-12:12 AM",63.4725
"2016-05-13:12 AM",57.366
"2016-05-14:12 AM",47.1918
"2016-05-15:12 AM",48.632
"2016-05-16:12 AM",52.1607
"2016-05-17:12 AM",51.5356
"2016-05-18:12 AM",54.1951
"2016-05-19:12 AM",57.5593
"2016-05-20:12 AM",58.982
"2016-05-21:12 AM",61.1368
"2016-05-22:12 AM",65.4219
"2016-05-23:12 AM",67.3569
"2016-05-24:12 AM",68.6685
"2016-05-25:12 AM",70.8867
"2016-05-26:12 AM",74.8119
"2016-05-27:12 AM",71.2731
"2016-05-28:12 AM",70.9187
"2016-05-29:12 AM",71.2177
"2016-05-30:12 AM",73.3613
"2016-05-31:12 AM",72.1281
"2016-06-01:12 AM",72.2134
"2016-06-02:12 AM",69.8146
"2016-06-03:12 AM",69.4085
"2016-06-04:12 AM",69.1709
"2016-06-05:12 AM",67.6047
"2016-06-06:12 AM",70.9295
"2016-06-07:12 AM",64.7838
"2016-06-08:12 AM",65.4442
"2016-06-09:12 AM",69.8311
"2016-06-10:12 AM",77.5832
"2016-06-11:12 AM",80.0163
"2016-06-12:12 AM",77.2992
"2016-06-13:12 AM",76.7212
"2016-06-14:12 AM",78.2875
"2016-06-15:12 AM",80.9371
"2016-06-16:12 AM",77.0364
"2016-06-17:12 AM",73.5984
"2016-06-18:12 AM",74.7793
"2016-06-19:12 AM",77.2606
"2016-06-20:12 AM",81.032
"2016-06-21:12 AM",75.9996
"2016-06-22:12 AM",77.8636
"2016-06-23:12 AM",80.5539
"2016-06-24:12 AM",75.7506
"2016-06-25:12 AM",78.8646
"2016-06-26:12 AM",80.2024
"2016-06-27:12 AM",78.7935
"2016-06-28:12 AM",71.7694
"2016-06-29:12 AM",67.2944
"2016-06-30:12 AM",70.0677
"2016-07-01:12 AM",69.3603
"2016-07-02:12 AM",63.6714
"2016-07-03:12 AM",63.4089
"2016-07-04:12 AM",69.3239
"2016-07-05:12 AM",75.8512
"2016-07-06:12 AM",80.5305
"2016-07-07:12 AM",74.5435
"2016-07-08:12 AM",78.6427
"2016-07-09:12 AM",74.3648
"2016-07-10:12 AM",73.5521
"2016-07-11:12 AM",78.3455
"2016-07-12:12 AM",78.4125
"2016-07-13:12 AM",79.0086
"2016-07-14:12 AM",77.7452
"2016-07-15:12 AM",73.7195
"2016-07-16:12 AM",71.6247
"2016-07-17:12 AM",78.2802
"2016-07-18:12 AM",81.6336
"2016-07-19:12 AM",79.7337
"2016-07-20:12 AM",79.817
"2016-07-21:12 AM",84.2176
"2016-07-22:12 AM",84.3213
"2016-07-23:12 AM",82.4983
"2016-07-24:12 AM",84.7504
"2016-07-25:12 AM",80.9029
"2016-07-26:12 AM",78.6504
"2016-07-27:12 AM",78.7329
"2016-07-28:12 AM",79.3407
"2016-07-29:12 AM",75.4108
"2016-07-30:12 AM",73.7431
"2016-07-31:12 AM",76.2636
"2016-08-01:12 AM",76.6526
"2016-08-02:12 AM",78.9481
"2016-08-03:12 AM",79.18
"2016-08-04:12 AM",80.519
"2016-08-05:12 AM",79.239
"2016-08-06:12 AM",75.4824
"2016-08-07:12 AM",73.341
"2016-08-08:12 AM",76.2134
"2016-08-09:12 AM",78.7654
"2016-08-10:12 AM",80.3959
"2016-08-11:12 AM",84.1266
"2016-08-12:12 AM",80.8705
"2016-08-13:12 AM",76.2415
"2016-08-14:12 AM",73.3111
"2016-08-15:12 AM",70.4034
"2016-08-16:12 AM",74.5833
"2016-08-17:12 AM",76.0413
"2016-08-18:12 AM",77.225
"2016-08-19:12 AM",77.2074
"2016-08-20:12 AM",74.2276
"2016-08-21:12 AM",67.7071
"2016-08-22:12 AM",65.4382
"2016-08-23:12 AM",70.3585
"2016-08-24:12 AM",77.4552
"2016-08-25:12 AM",76.6447
"2016-08-26:12 AM",73.8808
"2016-08-27:12 AM",75.8878
"2016-08-28:12 AM",77.1548
"2016-08-29:12 AM",76.5648
"2016-08-30:12 AM",77.1492
"2016-08-31:12 AM",73.4929
"2016-09-01:12 AM",67.3903
"2016-09-02:12 AM",66.0171
"2016-09-03:12 AM",66.3604
"2016-09-04:12 AM",68.7673
"2016-09-05:12 AM",76.4073
"2016-09-06:12 AM",80.4103
"2016-09-07:12 AM",81.5169
"2016-09-08:12 AM",77.022
"2016-09-09:12 AM",71.9953
"2016-09-10:12 AM",68.8374
"2016-09-11:12 AM",62.0001
"2016-09-12:12 AM",65.0647
"2016-09-13:12 AM",71.0913
"2016-09-14:12 AM",69.7107
"2016-09-15:12 AM",70.1649
"2016-09-16:12 AM",71.2202
"2016-09-17:12 AM",69.6852
"2016-09-18:12 AM",66.1771
"2016-09-19:12 AM",68.481
"2016-09-20:12 AM",72.277
"2016-09-21:12 AM",74.1297
"2016-09-22:12 AM",71.9357
"2016-09-23:12 AM",72.4881
"2016-09-24:12 AM",72.2237
"2016-09-25:12 AM",72.7833
"2016-09-26:12 AM",62.7733
"2016-09-27:12 AM",60.5295
"2016-09-28:12 AM",57.3899
"2016-09-29:12 AM",59.2381
"2016-09-30:12 AM",60.9006
"2016-10-01:12 AM",61.7302
"2016-10-02:12 AM",60.9613
"2016-10-03:12 AM",62.5548
"2016-10-04:12 AM",66.33
"2016-10-05:12 AM",70.3119
"2016-10-06:12 AM",69.8277
"2016-10-07:12 AM",62.8327
"2016-10-08:12 AM",52.8193
"2016-10-09:12 AM",57.0225
"2016-10-10:12 AM",60.0618
"2016-10-11:12 AM",64.6309
"2016-10-12:12 AM",63.1152
"2016-10-13:12 AM",49.3401
"2016-10-14:12 AM",52.7342
"2016-10-15:12 AM",61.9297
"2016-10-16:12 AM",69.9957
"2016-10-17:12 AM",73.8502
"2016-10-18:12 AM",72.4143
"2016-10-19:12 AM",64.33
"2016-10-20:12 AM",55.6965
"2016-10-21:12 AM",46.7643
"2016-10-22:12 AM",48.058
"2016-10-23:12 AM",58.5655
"2016-10-24:12 AM",53.8786
"2016-10-25:12 AM",51.2578
"2016-10-26:12 AM",54.6042
"2016-10-27:12 AM",50.9464
"2016-10-28:12 AM",54.7171
"2016-10-29:12 AM",68.866
"2016-10-30:12 AM",61.574
"2016-10-31:12 AM",55.8504
"2016-11-01:12 AM",68.3328
"2016-11-02:12 AM",68.0693
"2016-11-03:12 AM",60.5791
"2016-11-04:12 AM",53.4193
"2016-11-05:12 AM",52.7851
"2016-11-06:12 AM",53.3512
"2016-11-07:12 AM",54.8569
"2016-11-08:12 AM",57.2842
"2016-11-09:12 AM",47.9354
"2016-11-10:12 AM",48.5238
"2016-11-11:12 AM",50.8402
"2016-11-12:12 AM",41.2572
"2016-11-13:12 AM",42.8162
"2016-11-14:12 AM",49.3918
"2016-11-15:12 AM",50.5009
"2016-11-16:12 AM",51.3914
"2016-11-17:12 AM",61.2257
"2016-11-18:12 AM",59.4282
"2016-11-19:12 AM",37.4083
"2016-11-20:12 AM",30.3417
"2016-11-21:12 AM",31.773
"2016-11-22:12 AM",38.8141
"2016-11-23:12 AM",44.4439
"2016-11-24:12 AM",40.5547
"2016-11-25:12 AM",39.0225
"2016-11-26:12 AM",38.665
"2016-11-27:12 AM",40.777
"2016-11-28:12 AM",47.4528
"2016-11-29:12 AM",48.5402
"2016-11-30:12 AM",40.4906
"2016-12-01:12 AM",36.7588
"2016-12-02:12 AM",36.4525
"2016-12-03:12 AM",34.0986
"2016-12-04:12 AM",34.3026
"2016-12-05:12 AM",34.1751
"2016-12-06:12 AM",32.023
"2016-12-07:12 AM",27.9208
"2016-12-08:12 AM",21.7521
"2016-12-09:12 AM",21.06
"2016-12-10:12 AM",21.893
"2016-12-11:12 AM",31.9845
"2016-12-12:12 AM",27.1962
"2016-12-13:12 AM",23.8579
"2016-12-14:12 AM",18.1234
"2016-12-15:12 AM",11.1634
"2016-12-16:12 AM",18.8787
"2016-12-17:12 AM",26.9748
"2016-12-18:12 AM",6.1657
"2016-12-19:12 AM",5.6611
"2016-12-20:12 AM",20.6532
"2016-12-21:12 AM",28.7402
"2016-12-22:12 AM",32.1775
"2016-12-23:12 AM",33.5908
"2016-12-24:12 AM",37.2331
"2016-12-25:12 AM",38.673
"2016-12-26:12 AM",50.7598
"2016-12-27:12 AM",32.5994
"2016-12-28:12 AM",35.8268
"2016-12-29:12 AM",35.0312
"2016-12-30:12 AM",32.4932
"2016-12-31:12 AM",37.02
"2017-01-01:12 AM",32.0259
"2017-01-02:12 AM",38.5158
"2017-01-03:12 AM",38.5484
"2017-01-04:12 AM",19.6853
"2017-01-05:12 AM",14.6347
"2017-01-06:12 AM",7.2741
"2017-01-07:12 AM",9.1843
"2017-01-08:12 AM",12.0261
"2017-01-09:12 AM",24.337
"2017-01-10:12 AM",41.0373
"2017-01-11:12 AM",40.6533
"2017-01-12:12 AM",35.3442
"2017-01-13:12 AM",25.8463
"2017-01-14:12 AM",30.0031
"2017-01-15:12 AM",30.2342
"2017-01-16:12 AM",37.4891
"2017-01-17:12 AM",41.6343
"2017-01-18:12 AM",35.7426
"2017-01-19:12 AM",39.4677
"2017-01-20:12 AM",44.157
"2017-01-21:12 AM",51.3144
"2017-01-22:12 AM",45.1855
"2017-01-23:12 AM",39.3679
"2017-01-24:12 AM",37.4538
"2017-01-25:12 AM",41.2781
"2017-01-26:12 AM",32.4208
"2017-01-27:12 AM",28.0053
"2017-01-28:12 AM",30.8115
"2017-01-29:12 AM",29.4951
"2017-01-30:12 AM",29.2964
"2017-01-31:12 AM",39.2934
"2017-02-01:12 AM",36.4357
"2017-02-02:12 AM",25.4608
"2017-02-03:12 AM",23.5243
"2017-02-04:12 AM",26.8711
"2017-02-05:12 AM",33.6731
"2017-02-06:12 AM",40.9669
"2017-02-07:12 AM",51.3167
"2017-02-08:12 AM",31.228
"2017-02-09:12 AM",20.8693
"2017-02-10:12 AM",32.7502
"2017-02-11:12 AM",48.7258
"2017-02-12:12 AM",44.1439
"2017-02-13:12 AM",36.1342
"2017-02-14:12 AM",39.4417
"2017-02-15:12 AM",35.002
"2017-02-16:12 AM",38.0255
"2017-02-17:12 AM",49.6369
"2017-02-18:12 AM",52.5079
"2017-02-19:12 AM",51.5464
"2017-02-20:12 AM",57.13
"2017-02-21:12 AM",58.6062
"2017-02-22:12 AM",57.2097
"2017-02-23:12 AM",54.1308
"2017-02-24:12 AM",50.6934
"2017-02-25:12 AM",30.1185
"2017-02-26:12 AM",33.7262
"2017-02-27:12 AM",41.7182
"2017-02-28:12 AM",56.6917
"2017-03-01:12 AM",48.0168
"2017-03-02:12 AM",34.1704
"2017-03-03:12 AM",30.459
"2017-03-04:12 AM",39.1829
"2017-03-05:12 AM",48.3739
"2017-03-06:12 AM",54.7882
"2017-03-07:12 AM",51.2287
"2017-03-08:12 AM",44.8538
"2017-03-09:12 AM",43.6507
"2017-03-10:12 AM",33.3291
"2017-03-11:12 AM",28.5427
"2017-03-12:12 AM",28.6266
"2017-03-13:12 AM",30.2749
"2017-03-14:12 AM",24.0647
"2017-03-15:12 AM",21.7846
"2017-03-16:12 AM",28.7919
"2017-03-17:12 AM",42.0975
"2017-03-18:12 AM",40.1688
"2017-03-19:12 AM",40.3504
"2017-03-20:12 AM",52.1213
"2017-03-21:12 AM",47.9818
"2017-03-22:12 AM",36.6262
"2017-03-23:12 AM",39.2455
"2017-03-24:12 AM",59.9378
"2017-03-25:12 AM",56.071
"2017-03-26:12 AM",53.2396
"2017-03-27:12 AM",51.4657
"2017-03-28:12 AM",49.4532
"2017-03-29:12 AM",48.6246
"2017-03-30:12 AM",53.3955
"2017-03-31:12 AM",43.4059
"2017-04-01:12 AM",44.5289
"2017-04-02:12 AM",49.2548
"2017-04-03:12 AM",54.7804
"2017-04-04:12 AM",52.6023
"2017-04-05:12 AM",47.0619
"2017-04-06:12 AM",42.692
"2017-04-07:12 AM",43.2111
"2017-04-08:12 AM",51.022
"2017-04-09:12 AM",62.0236
"2017-04-10:12 AM",64.7101
"2017-04-11:12 AM",51.9737
"2017-04-12:12 AM",51.5977
"2017-04-13:12 AM",59.0045
"2017-04-14:12 AM",63.8125
"2017-04-15:12 AM",67.7782
"2017-04-16:12 AM",65.4904
"2017-04-17:12 AM",58.8605
"2017-04-18:12 AM",60.2888
"2017-04-19:12 AM",66.4536
"2017-04-20:12 AM",64.2362
"2017-04-21:12 AM",49.48
"2017-04-22:12 AM",48.367
"2017-04-23:12 AM",52.3665
"2017-04-24:12 AM",57.5938
"2017-04-25:12 AM",63.2619
"2017-04-26:12 AM",63.8008
"2017-04-27:12 AM",49.8591
"2017-04-28:12 AM",52.3618
"2017-04-29:12 AM",53.9199
"2017-04-30:12 AM",55.3939
"2017-05-01:12 AM",48.706
"2017-05-02:12 AM",48.6034
"2017-05-03:12 AM",46.864
"2017-05-04:12 AM",47.041
"2017-05-05:12 AM",50.5236
"2017-05-06:12 AM",53.3851
"2017-05-07:12 AM",52.6505
"2017-05-08:12 AM",55.6282
"2017-05-09:12 AM",62.1102
"2017-05-10:12 AM",65.9323
"2017-05-11:12 AM",62.8997
"2017-05-12:12 AM",60.0692
"2017-05-13:12 AM",62.866
"2017-05-14:12 AM",66.0412
"2017-05-15:12 AM",68.1966
"2017-05-16:12 AM",71.9483
"2017-05-17:12 AM",72.513
"2017-05-18:12 AM",71.161
"2017-05-19:12 AM",59.515
"2017-05-20:12 AM",60.4661
"2017-05-21:12 AM",58.7665
"2017-05-22:12 AM",57.8408
"2017-05-23:12 AM",59.6388
"2017-05-24:12 AM",56.2527
"2017-05-25:12 AM",60.0105
"2017-05-26:12 AM",64.9852
"2017-05-27:12 AM",69.2074
"2017-05-28:12 AM",67.1603
"2017-05-29:12 AM",66.9877
"2017-05-30:12 AM",64.2371
"2017-05-31:12 AM",64.7812
"2017-06-01:12 AM",66.7893
"2017-06-02:12 AM",70.6053
"2017-06-03:12 AM",74.3947
"2017-06-04:12 AM",74.9379
"2017-06-05:12 AM",72.693
"2017-06-06:12 AM",65.7205
"2017-06-07:12 AM",64.9913
"2017-06-08:12 AM",66.6801
"2017-06-09:12 AM",71.2535
"2017-06-10:12 AM",72.0898
"2017-06-11:12 AM",76.2946
"2017-06-12:12 AM",79.8616
"2017-06-13:12 AM",80.6202
"2017-06-14:12 AM",79.403
"2017-06-15:12 AM",78.1167
"2017-06-16:12 AM",77.4675
"2017-06-17:12 AM",77.1069
"2017-06-18:12 AM",72.8998
"2017-06-19:12 AM",68.4763
"2017-06-20:12 AM",71.434
"2017-06-21:12 AM",74.3029
"2017-06-22:12 AM",76.525
"2017-06-23:12 AM",74.8715
"2017-06-24:12 AM",67.1833
"2017-06-25:12 AM",64.4108
"2017-06-26:12 AM",62.56
"2017-06-27:12 AM",64.5053
"2017-06-28:12 AM",70.7671
"2017-06-29:12 AM",76.6704
"2017-06-30:12 AM",75.9965
"2017-07-01:12 AM",74.1511
"2017-07-02:12 AM",74.0601
"2017-07-03:12 AM",77.0178
"2017-07-04:12 AM",75.8034
"2017-07-05:12 AM",74.9628
"2017-07-06:12 AM",77.9747
"2017-07-07:12 AM",78.9933
"2017-07-08:12 AM",73.9308
"2017-07-09:12 AM",74.5887
"2017-07-10:12 AM",81.705
"2017-07-11:12 AM",81.1636
"2017-07-12:12 AM",83.5815
"2017-07-13:12 AM",80.8765
"2017-07-14:12 AM",74.2856
"2017-07-15:12 AM",72.592
"2017-07-16:12 AM",74.4901
"2017-07-17:12 AM",74.3061
"2017-07-18:12 AM",77.3533
"2017-07-19:12 AM",83.2941
"2017-07-20:12 AM",86.1778
"2017-07-21:12 AM",85.4146
"2017-07-22:12 AM",85.9132
"2017-07-23:12 AM",82.1041
"2017-07-24:12 AM",75.2801
"2017-07-25:12 AM",75.2221
"2017-07-26:12 AM",79.1991
"2017-07-27:12 AM",75.403
"2017-07-28:12 AM",75.0202
"2017-07-29:12 AM",70.4881
"2017-07-30:12 AM",70.6741
"2017-07-31:12 AM",72.554
"2017-08-01:12 AM",75.1919
"2017-08-02:12 AM",76.4166
"2017-08-03:12 AM",78.5314
"2017-08-04:12 AM",66.6104
"2017-08-05:12 AM",67.588
"2017-08-06:12 AM",65.5311
"2017-08-07:12 AM",70.0156
"2017-08-08:12 AM",69.5691
"2017-08-09:12 AM",69.7962
"2017-08-10:12 AM",75.137
"2017-08-11:12 AM",72.7776
"2017-08-12:12 AM",68.6494
"2017-08-13:12 AM",68.3335
"2017-08-14:12 AM",72.5857
"2017-08-15:12 AM",76.6688
"2017-08-16:12 AM",76.0107
"2017-08-17:12 AM",77.7259
"2017-08-18:12 AM",75.1093
"2017-08-19:12 AM",75.1291
"2017-08-20:12 AM",78.6351
"2017-08-21:12 AM",81.5832
"2017-08-22:12 AM",75.5364
"2017-08-23:12 AM",67.3176
"2017-08-24:12 AM",66.4191
"2017-08-25:12 AM",66.5289
"2017-08-26:12 AM",68.9119
"2017-08-27:12 AM",68.1539
"2017-08-28:12 AM",69.7478
"2017-08-29:12 AM",68.4583
"2017-08-30:12 AM",69.6508
"2017-08-31:12 AM",69.3923
"2017-09-01:12 AM",65.9916
"2017-09-02:12 AM",61.4568
"2017-09-03:12 AM",70.1508
"2017-09-04:12 AM",78.3945
"2017-09-05:12 AM",66.3507
"2017-09-06:12 AM",57.6637
"2017-09-07:12 AM",57.3739
"2017-09-08:12 AM",64.3879
"2017-09-09:12 AM",65.6229
"2017-09-10:12 AM",63.5486
"2017-09-11:12 AM",62.6484
"2017-09-12:12 AM",64.5687
"2017-09-13:12 AM",65.3454
"2017-09-14:12 AM",69.2002
"2017-09-15:12 AM",74.318
"2017-09-16:12 AM",76.7187
"2017-09-17:12 AM",75.087
"2017-09-18:12 AM",69.6108
"2017-09-19:12 AM",72.4318
"2017-09-20:12 AM",78.7118
"2017-09-21:12 AM",81.151
"2017-09-22:12 AM",80.9344
"2017-09-23:12 AM",80.094
"2017-09-24:12 AM",77.9554
"2017-09-25:12 AM",78.3721
"2017-09-26:12 AM",77.9553
"2017-09-27:12 AM",69.1221
"2017-09-28:12 AM",59.8145
"2017-09-29:12 AM",62.812
"2017-09-30:12 AM",59.1309
"2017-10-01:12 AM",61.2684
"2017-10-02:12 AM",72.5659
"2017-10-03:12 AM",71.55
"2017-10-04:12 AM",69.42
"2017-10-05:12 AM",66.958
"2017-10-06:12 AM",68.45
"2017-10-07:12 AM",70.1359
"2017-10-08:12 AM",63.8557
"2017-10-09:12 AM",67.9327
"2017-10-10:12 AM",65.5338
"2017-10-11:12 AM",56.4688
"2017-10-12:12 AM",56.6719
"2017-10-13:12 AM",59.6372
"2017-10-14:12 AM",68.0905
"2017-10-15:12 AM",58.4859
"2017-10-16:12 AM",49.4479
"2017-10-17:12 AM",54.4347
"2017-10-18:12 AM",57.1771
"2017-10-19:12 AM",60.6189
"2017-10-20:12 AM",63.5581
"2017-10-21:12 AM",66.5866
"2017-10-22:12 AM",61.8951
"2017-10-23:12 AM",52.6485
"2017-10-24:12 AM",46.155
"2017-10-25:12 AM",44.1378
"2017-10-26:12 AM",51.4688
"2017-10-27:12 AM",43.6102
"2017-10-28:12 AM",37.083
"2017-10-29:12 AM",36.9039
"2017-10-30:12 AM",43.4748
"2017-10-31:12 AM",36.2192
"2017-11-01:12 AM",40.777
"2017-11-02:12 AM",54.7673
"2017-11-03:12 AM",47.4894
"2017-11-04:12 AM",51.2757
"2017-11-05:12 AM",56.0529
"2017-11-06:12 AM",41.3836
"2017-11-07:12 AM",41.6032
"2017-11-08:12 AM",38.3185
"2017-11-09:12 AM",37.7722
"2017-11-10:12 AM",28.5213
"2017-11-11:12 AM",33.6843
"2017-11-12:12 AM",39.0315
"2017-11-13:12 AM",36.7241
"2017-11-14:12 AM",40.7941
"2017-11-15:12 AM",47.7516
"2017-11-16:12 AM",35.5302
"2017-11-17:12 AM",38.4881
"2017-11-18:12 AM",47.98
"2017-11-19:12 AM",32.0194
"2017-11-20:12 AM",39.2378
"2017-11-21:12 AM",40.9177
"2017-11-22:12 AM",29.898
"2017-11-23:12 AM",34.639
"2017-11-24:12 AM",45.0084
"2017-11-25:12 AM",47.923
"2017-11-26:12 AM",41.2858
"2017-11-27:12 AM",48.4993
"2017-11-28:12 AM",53.5447
"2017-11-29:12 AM",45.1414
"2017-11-30:12 AM",46.3824
"2017-12-01:12 AM",40.3448
"2017-12-02:12 AM",43.9237
"2017-12-03:12 AM",46.3881
"2017-12-04:12 AM",57.3327
"2017-12-05:12 AM",37.7483
"2017-12-06:12 AM",33.8326
"2017-12-07:12 AM",26.3142
"2017-12-08:12 AM",25.2288
"2017-12-09:12 AM",28.544
"2017-12-10:12 AM",29.3018
"2017-12-11:12 AM",37.4803
"2017-12-12:12 AM",27.896
"2017-12-13:12 AM",32.3112
"2017-12-14:12 AM",27.2743
"2017-12-15:12 AM",29.2699
"2017-12-16:12 AM",37.2528
"2017-12-17:12 AM",40.4962
"2017-12-18:12 AM",42.6096
"2017-12-19:12 AM",43.7
"2017-12-20:12 AM",36.9957
"2017-12-21:12 AM",37.9315
"2017-12-22:12 AM",41.5058
"2017-12-23:12 AM",31.3947
"2017-12-24:12 AM",24.0168
"2017-12-25:12 AM",18.5938
"2017-12-26:12 AM",9.903
"2017-12-27:12 AM",3.85
"2017-12-28:12 AM",10.3379
"2017-12-29:12 AM",14.7159
"2017-12-30:12 AM",9.8132
"2017-12-31:12 AM",2.7459
"2018-01-01:12 AM",-3.7399
"2018-01-02:12 AM",-0.1093
"2018-01-03:12 AM",12.5913
"2018-01-04:12 AM",4.7242
"2018-01-05:12 AM",6.1259
"2018-01-06:12 AM",3.915
"2018-01-07:12 AM",21.3822
"2018-01-08:12 AM",32.4093
"2018-01-09:12 AM",29.9928
"2018-01-10:12 AM",41.6968
"2018-01-11:12 AM",49.1443
"2018-01-12:12 AM",19.6855
"2018-01-13:12 AM",12.6437
"2018-01-14:12 AM",14.1285
"2018-01-15:12 AM",18.4764
"2018-01-16:12 AM",8.1538
"2018-01-17:12 AM",10.7503
"2018-01-18:12 AM",20.6348
"2018-01-19:12 AM",30.2016
"2018-01-20:12 AM",36.9309
"2018-01-21:12 AM",44.9447
"2018-01-22:12 AM",50.135
"2018-01-23:12 AM",34.038
"2018-01-24:12 AM",29.5896
"2018-01-25:12 AM",35.794
"2018-01-26:12 AM",43.1227
"2018-01-27:12 AM",45.7016
"2018-01-28:12 AM",36.9678
"2018-01-29:12 AM",27.4939
"2018-01-30:12 AM",25.2147
"2018-01-31:12 AM",36.3231
"2018-02-01:12 AM",28.0537
"2018-02-02:12 AM",16.0887
"2018-02-03:12 AM",29.5858
"2018-02-04:12 AM",26.8345
"2018-02-05:12 AM",14.8969
"2018-02-06:12 AM",16.032
"2018-02-07:12 AM",17.902
"2018-02-08:12 AM",19.9107
"2018-02-09:12 AM",30.5762
"2018-02-10:12 AM",22.4915
"2018-02-11:12 AM",20.1398
"2018-02-12:12 AM",16.968
"2018-02-13:12 AM",24.1799
"2018-02-14:12 AM",37.5944
"2018-02-15:12 AM",49.7565
"2018-02-16:12 AM",35.1799
"2018-02-17:12 AM",30.5236
"2018-02-18:12 AM",33.5188
"2018-02-19:12 AM",50.9922
"2018-02-20:12 AM",54.5837
"2018-02-21:12 AM",31.8783
"2018-02-22:12 AM",35.4722
"2018-02-23:12 AM",41.1039
"2018-02-24:12 AM",40.5536
"2018-02-25:12 AM",38.7543
"2018-02-26:12 AM",40.3277
"2018-02-27:12 AM",47.7214
"2018-02-28:12 AM",51.7026
"2018-03-01:12 AM",44.7953
"2018-03-02:12 AM",37.9116
"2018-03-03:12 AM",38.3306
"2018-03-04:12 AM",39.177
"2018-03-05:12 AM",39.0159
"2018-03-06:12 AM",35.7208
"2018-03-07:12 AM",31.498
"2018-03-08:12 AM",28.6362
"2018-03-09:12 AM",31.2768
"2018-03-10:12 AM",34.6471
"2018-03-11:12 AM",34.7464
"2018-03-12:12 AM",33.962
"2018-03-13:12 AM",33.3028
"2018-03-14:12 AM",34.0673
"2018-03-15:12 AM",42.5653
"2018-03-16:12 AM",36.8728
"2018-03-17:12 AM",39.0756
"2018-03-18:12 AM",38.8416
"2018-03-19:12 AM",41.5924
"2018-03-20:12 AM",35.1579
"2018-03-21:12 AM",34.3144
"2018-03-22:12 AM",36.772
"2018-03-23:12 AM",39.567
"2018-03-24:12 AM",35.7778
"2018-03-25:12 AM",34.6046
"2018-03-26:12 AM",39.969
"2018-03-27:12 AM",49.6258
"2018-03-28:12 AM",44.8889
"2018-03-29:12 AM",45.6498
"2018-03-30:12 AM",41.2383
"2018-03-31:12 AM",44.0769
"2018-04-01:12 AM",32.29
"2018-04-02:12 AM",31.6107
"2018-04-03:12 AM",43.0138
"2018-04-04:12 AM",31.4866
"2018-04-05:12 AM",35.9164
"2018-04-06:12 AM",36.3884
"2018-04-07:12 AM",30.0736
"2018-04-08:12 AM",31.7422
"2018-04-09:12 AM",34.7592
"2018-04-10:12 AM",35.4589
"2018-04-11:12 AM",47.8821
"2018-04-12:12 AM",60.1245
"2018-04-13:12 AM",59.6772
"2018-04-14:12 AM",52.8217
"2018-04-15:12 AM",38.6942
"2018-04-16:12 AM",31.8144
"2018-04-17:12 AM",37.5976
"2018-04-18:12 AM",39.7233
"2018-04-19:12 AM",39.6212
"2018-04-20:12 AM",44.6738
"2018-04-21:12 AM",48.9706
"2018-04-22:12 AM",51.9118
"2018-04-23:12 AM",52.7655
"2018-04-24:12 AM",56.1632
"2018-04-25:12 AM",53.6533
"2018-04-26:12 AM",52.6856
"2018-04-27:12 AM",54.3969
"2018-04-28:12 AM",48.227
"2018-04-29:12 AM",46.729
"2018-04-30:12 AM",55.1449
"2018-05-01:12 AM",65.2757
"2018-05-02:12 AM",69.9908
"2018-05-03:12 AM",69.1444
"2018-05-04:12 AM",66.1624
"2018-05-05:12 AM",64.488
"2018-05-06:12 AM",64.8576
"2018-05-07:12 AM",62.3811
"2018-05-08:12 AM",63.959
"2018-05-09:12 AM",66.6198
"2018-05-10:12 AM",67.2858
"2018-05-11:12 AM",65.7266
"2018-05-12:12 AM",65.0437
"2018-05-13:12 AM",68.3373
"2018-05-14:12 AM",74.2095
"2018-05-15:12 AM",69.5638
"2018-05-16:12 AM",67.3047
"2018-05-17:12 AM",68.7709
"2018-05-18:12 AM",66.0999
"2018-05-19:12 AM",68.7693
"2018-05-20:12 AM",66.9495
"2018-05-21:12 AM",65.887
"2018-05-22:12 AM",68.6691
"2018-05-23:12 AM",69.8652
"2018-05-24:12 AM",72.3807
"2018-05-25:12 AM",72.7362
"2018-05-26:12 AM",76.3731
"2018-05-27:12 AM",80.4985
"2018-05-28:12 AM",80.3282
"2018-05-29:12 AM",75.3674
"2018-05-30:12 AM",75.1282
"2018-05-31:12 AM",76.165
"2018-06-01:12 AM",76.5711
"2018-06-02:12 AM",72.1344
"2018-06-03:12 AM",69.2668
"2018-06-04:12 AM",66.0087
"2018-06-05:12 AM",70.2563
"2018-06-06:12 AM",69.4305
"2018-06-07:12 AM",76.4074
"2018-06-08:12 AM",75.5955
"2018-06-09:12 AM",76.4452
"2018-06-10:12 AM",75.5127
"2018-06-11:12 AM",72.1677
"2018-06-12:12 AM",75.4273
"2018-06-13:12 AM",74.9525
"2018-06-14:12 AM",71.6083
"2018-06-15:12 AM",77.3643
"2018-06-16:12 AM",82.0818
"2018-06-17:12 AM",82.8185
"2018-06-18:12 AM",82.8504
"2018-06-19:12 AM",79.8892
"2018-06-20:12 AM",74.9759
"2018-06-21:12 AM",71.8165
"2018-06-22:12 AM",66.3188
"2018-06-23:12 AM",68.1571
"2018-06-24:12 AM",71.9607
"2018-06-25:12 AM",72.7099
"2018-06-26:12 AM",73.9904
"2018-06-27:12 AM",73.7501
"2018-06-28:12 AM",76.955
"2018-06-29:12 AM",80.0508
"2018-06-30:12 AM",82.3667
"2018-07-01:12 AM",81.1517
"2018-07-02:12 AM",76.9725
"2018-07-03:12 AM",78.6
"2018-07-04:12 AM",81.9745
"2018-07-05:12 AM",82.2753
"2018-07-06:12 AM",74.3466
"2018-07-07:12 AM",68.6379
"2018-07-08:12 AM",71.3835
"2018-07-09:12 AM",77.9918
"2018-07-10:12 AM",80.5694
"2018-07-11:12 AM",76.8259
"2018-07-12:12 AM",76.2895
"2018-07-13:12 AM",77.5557
"2018-07-14:12 AM",79.8278
"2018-07-15:12 AM",76.2991
"2018-07-16:12 AM",78.6625
"2018-07-17:12 AM",75.7387
"2018-07-18:12 AM",72.0682
"2018-07-19:12 AM",71.3991
"2018-07-20:12 AM",75.8611
"2018-07-21:12 AM",72.4021
"2018-07-22:12 AM",70.2307
"2018-07-23:12 AM",72.7462
"2018-07-24:12 AM",74.73
"2018-07-25:12 AM",74.4166
"2018-07-26:12 AM",73.6241
"2018-07-27:12 AM",69.3774
"2018-07-28:12 AM",69.3187
"2018-07-29:12 AM",66.9207
"2018-07-30:12 AM",67.773
"2018-07-31:12 AM",70.002
"2018-08-01:12 AM",71.1115
"2018-08-02:12 AM",74.7712
"2018-08-03:12 AM",76.6378
"2018-08-04:12 AM",80.6407
"2018-08-05:12 AM",82.4185
"2018-08-06:12 AM",82.863
"2018-08-07:12 AM",74.4447
"2018-08-08:12 AM",75.3202
"2018-08-09:12 AM",75.5643
"2018-08-10:12 AM",77.9083
"2018-08-11:12 AM",76.6128
"2018-08-12:12 AM",75.7474
"2018-08-13:12 AM",75.6903
"2018-08-14:12 AM",74.8326
"2018-08-15:12 AM",73.8579
"2018-08-16:12 AM",75.9983
"2018-08-17:12 AM",75.8901
"2018-08-18:12 AM",75.6176
"2018-08-19:12 AM",74.5777
"2018-08-20:12 AM",73.5636
"2018-08-21:12 AM",70.934
"2018-08-22:12 AM",67.5084
"2018-08-23:12 AM",65.4336
"2018-08-24:12 AM",64.7857
"2018-08-25:12 AM",76.8798
"2018-08-26:12 AM",79.0929
"2018-08-27:12 AM",83.0255
"2018-08-28:12 AM",83.6006
"2018-08-29:12 AM",74.2516
"2018-08-30:12 AM",68.7983
"2018-08-31:12 AM",72.752
"2018-09-01:12 AM",75.8433
"2018-09-02:12 AM",77.407
"2018-09-03:12 AM",78.7993
"2018-09-04:12 AM",79.637
"2018-09-05:12 AM",79.0236
"2018-09-06:12 AM",71.7418
"2018-09-07:12 AM",67.181
"2018-09-08:12 AM",62.9173
"2018-09-09:12 AM",61.1573
"2018-09-10:12 AM",61.495
"2018-09-11:12 AM",64.0418
"2018-09-12:12 AM",65.1853
"2018-09-13:12 AM",67.5954
"2018-09-14:12 AM",71.8083
"2018-09-15:12 AM",73.1383
"2018-09-16:12 AM",74.4325
"2018-09-17:12 AM",75.2992
"2018-09-18:12 AM",75.2949
"2018-09-19:12 AM",74.9296
"2018-09-20:12 AM",78.5062
"2018-09-21:12 AM",73.5386
"2018-09-22:12 AM",58.9672
"2018-09-23:12 AM",59.3109
"2018-09-24:12 AM",64.7839
"2018-09-25:12 AM",71.5404
"2018-09-26:12 AM",59.7931
"2018-09-27:12 AM",56.0439
"2018-09-28:12 AM",55.7647
"2018-09-29:12 AM",52.5092
"2018-09-30:12 AM",61.426
"2018-10-01:12 AM",67.3117
"2018-10-02:12 AM",68.7582
"2018-10-03:12 AM",75.6473
"2018-10-04:12 AM",64.674
"2018-10-05:12 AM",65.1423
"2018-10-06:12 AM",69.7397
"2018-10-07:12 AM",66.6084
"2018-10-08:12 AM",73.0443
"2018-10-09:12 AM",74.7192
"2018-10-10:12 AM",68.4792
"2018-10-11:12 AM",47.5318
"2018-10-12:12 AM",39.7645
"2018-10-13:12 AM",41.8287
"2018-10-14:12 AM",47.5455
"2018-10-15:12 AM",42.4508
"2018-10-16:12 AM",42.372
"2018-10-17:12 AM",47.0498
"2018-10-18:12 AM",44.6344
"2018-10-19:12 AM",49.1581
"2018-10-20:12 AM",48.5996
"2018-10-21:12 AM",38.5273
"2018-10-22:12 AM",49.0568
"2018-10-23:12 AM",49.2204
"2018-10-24:12 AM",44.3698
"2018-10-25:12 AM",46.9231
"2018-10-26:12 AM",47.0484
"2018-10-27:12 AM",46.9935
"2018-10-28:12 AM",50.9311
"2018-10-29:12 AM",48.7315
"2018-10-30:12 AM",57.7566
"2018-10-31:12 AM",55.9729
"2018-11-01:12 AM",46.5373
"2018-11-02:12 AM",44.044
"2018-11-03:12 AM",44.3872
"2018-11-04:12 AM",49.7732
"2018-11-05:12 AM",47.3482
"2018-11-06:12 AM",47.4028
"2018-11-07:12 AM",39.2796
"2018-11-08:12 AM",35.0436
"2018-11-09:12 AM",32.1706
"2018-11-10:12 AM",23.5074
"2018-11-11:12 AM",29.9719
"2018-11-12:12 AM",31.6791
"2018-11-13:12 AM",24.2541
"2018-11-14:12 AM",24.741
"2018-11-15:12 AM",28.7195
"2018-11-16:12 AM",33.6236
"2018-11-17:12 AM",35.2492
"2018-11-18:12 AM",33.2773
"2018-11-19:12 AM",32.1825
"2018-11-20:12 AM",30.4464
"2018-11-21:12 AM",34.3638
"2018-11-22:12 AM",38.6721
"2018-11-23:12 AM",44.7418
"2018-11-24:12 AM",46.1349
"2018-11-25:12 AM",44.303
"2018-11-26:12 AM",27.8555
"2018-11-27:12 AM",19.344
"2018-11-28:12 AM",21.4551
"2018-11-29:12 AM",32.5328
"2018-11-30:12 AM",36.8152
"2018-12-01:12 AM",47.4096
"2018-12-02:12 AM",42.1774
"2018-12-03:12 AM",34.0484
"2018-12-04:12 AM",30.4414
"2018-12-05:12 AM",29.5299
"2018-12-06:12 AM",30.9634
"2018-12-07:12 AM",23.6901
"2018-12-08:12 AM",23.0898
"2018-12-09:12 AM",23.1114
"2018-12-10:12 AM",24.2199
"2018-12-11:12 AM",31.4577
"2018-12-12:12 AM",37.5894
"2018-12-13:12 AM",39.3287
"2018-12-14:12 AM",41.6104
"2018-12-15:12 AM",39.2797
"2018-12-16:12 AM",38.5108
"2018-12-17:12 AM",36.1938
"2018-12-18:12 AM",35.3421
"2018-12-19:12 AM",39.9816
"2018-12-20:12 AM",44.7768
"2018-12-21:12 AM",35.0524
"2018-12-22:12 AM",33.1912
"2018-12-23:12 AM",32.7549
"2018-12-24:12 AM",32.767
"2018-12-25:12 AM",37.2655
"2018-12-26:12 AM",37.7847
"2018-12-27:12 AM",46.6358
"2018-12-28:12 AM",38.1582
"2018-12-29:12 AM",28.3854
"2018-12-30:12 AM",30.0438
"2018-12-31:12 AM",38.3333
"2019-01-01:12 AM",33.7199
"2019-01-02:12 AM",30.1847
"2019-01-03:12 AM",31.0248
"2019-01-04:12 AM",34.8373
"2019-01-05:12 AM",40.0608
"2019-01-06:12 AM",42.7348
"2019-01-07:12 AM",50.506
"2019-01-08:12 AM",44.2256
"2019-01-09:12 AM",27.5135
"2019-01-10:12 AM",23.14
"2019-01-11:12 AM",26.7071
"2019-01-12:12 AM",30.024
"2019-01-13:12 AM",29.2984
"2019-01-14:12 AM",25.7047
"2019-01-15:12 AM",28.8815
"2019-01-16:12 AM",31.7919
"2019-01-17:12 AM",32.9835
"2019-01-18:12 AM",30.9574
"2019-01-19:12 AM",28.0233
"2019-01-20:12 AM",11.8562
"2019-01-21:12 AM",10.63
"2019-01-22:12 AM",26.0515
"2019-01-23:12 AM",30.1336
"2019-01-24:12 AM",20.322
"2019-01-25:12 AM",9.7266
"2019-01-26:12 AM",15.3547
"2019-01-27:12 AM",13.4998
"2019-01-28:12 AM",25.9318
"2019-01-29:12 AM",9.5338
"2019-01-30:12 AM",-7.2258
"2019-01-31:12 AM",-1.0824
"2019-02-01:12 AM",18.5733
"2019-02-02:12 AM",34.9317
"2019-02-03:12 AM",45.4422
"2019-02-04:12 AM",51.0289
"2019-02-05:12 AM",32.8788
"2019-02-06:12 AM",37.8316
"2019-02-07:12 AM",36.1047
"2019-02-08:12 AM",13.7606
"2019-02-09:12 AM",16.3717
"2019-02-10:12 AM",25.2478
"2019-02-11:12 AM",31.451
"2019-02-12:12 AM",32.9178
"2019-02-13:12 AM",25.2059
"2019-02-14:12 AM",39.7441
"2019-02-15:12 AM",21.7188
"2019-02-16:12 AM",23.3964
"2019-02-17:12 AM",28.2389
"2019-02-18:12 AM",25.9214
"2019-02-19:12 AM",26.4492
"2019-02-20:12 AM",32.4394
"2019-02-21:12 AM",30.8359
"2019-02-22:12 AM",32.1103
"2019-02-23:12 AM",40.8963
"2019-02-24:12 AM",32.9598
"2019-02-25:12 AM",21.5458
"2019-02-26:12 AM",27.8829
"2019-02-27:12 AM",30.2727
"2019-02-28:12 AM",22.7721
"2019-03-01:12 AM",28.6493
"2019-03-02:12 AM",31.188
"2019-03-03:12 AM",22.1283
"2019-03-04:12 AM",7.9482
"2019-03-05:12 AM",14.7436
"2019-03-06:12 AM",19.4378
"2019-03-07:12 AM",26.7408
"2019-03-08:12 AM",31.6634
"2019-03-09:12 AM",37.7582
"2019-03-10:12 AM",36.095
"2019-03-11:12 AM",34.3287
"2019-03-12:12 AM",38.2273
"2019-03-13:12 AM",51.129
"2019-03-14:12 AM",53.5654
"2019-03-15:12 AM",37.7699