"DateTime","(deg F) Mean Temperature (CFSR) at Iowa, 2010-01-01 to 2019-03-14"
"2010-01-01:12 AM",5.9268
"2010-01-02:12 AM",-2.5199
"2010-01-03:12 AM",0.4919
"2010-01-04:12 AM",0.529
"2010-01-05:12 AM",1.9544
"2010-01-06:12 AM",8.7712
"2010-01-07:12 AM",11.0808
"2010-01-08:12 AM",3.7902
"2010-01-09:12 AM",-0.2132
"2010-01-10:12 AM",11.2541
"2010-01-11:12 AM",22.9201
"2010-01-12:12 AM",18.7142
"2010-01-13:12 AM",28.7719
"2010-01-14:12 AM",32.9304
"2010-01-15:12 AM",27.4636
"2010-01-16:12 AM",25.648
"2010-01-17:12 AM",29.0084
"2010-01-18:12 AM",29.0892
"2010-01-19:12 AM",26.9472
"2010-01-20:12 AM",28.3996
"2010-01-21:12 AM",30.884
"2010-01-22:12 AM",31.4497
"2010-01-23:12 AM",35.5975
"2010-01-24:12 AM",31.9269
"2010-01-25:12 AM",24.4927
"2010-01-26:12 AM",14.3917
"2010-01-27:12 AM",16.4973
"2010-01-28:12 AM",8.1653
"2010-01-29:12 AM",6.9201
"2010-01-30:12 AM",8.8317
"2010-01-31:12 AM",14.1449
"2010-02-01:12 AM",18.988
"2010-02-02:12 AM",20.6915
"2010-02-03:12 AM",16.2219
"2010-02-04:12 AM",27.7799
"2010-02-05:12 AM",29.7864
"2010-02-06:12 AM",27.151
"2010-02-07:12 AM",24.0282
"2010-02-08:12 AM",21.8035
"2010-02-09:12 AM",16.509
"2010-02-10:12 AM",17.148
"2010-02-11:12 AM",15.9607
"2010-02-12:12 AM",22.491
"2010-02-13:12 AM",22.9788
"2010-02-14:12 AM",21.2515
"2010-02-15:12 AM",20.9113
"2010-02-16:12 AM",23.5744
"2010-02-17:12 AM",20.7847
"2010-02-18:12 AM",21.3586
"2010-02-19:12 AM",23.8617
"2010-02-20:12 AM",27.5117
"2010-02-21:12 AM",24.168
"2010-02-22:12 AM",22.9023
"2010-02-23:12 AM",19.2294
"2010-02-24:12 AM",10.6398
"2010-02-25:12 AM",11.4534
"2010-02-26:12 AM",17.4373
"2010-02-27:12 AM",21.7148
"2010-02-28:12 AM",24.4567
"2010-03-01:12 AM",28.0222
"2010-03-02:12 AM",28.9998
"2010-03-03:12 AM",29.683
"2010-03-04:12 AM",28.9767
"2010-03-05:12 AM",30.6144
"2010-03-06:12 AM",32.6529
"2010-03-07:12 AM",35.6101
"2010-03-08:12 AM",35.3658
"2010-03-09:12 AM",39.3885
"2010-03-10:12 AM",41.8492
"2010-03-11:12 AM",40.87
"2010-03-12:12 AM",38.1083
"2010-03-13:12 AM",39.1116
"2010-03-14:12 AM",42.6729
"2010-03-15:12 AM",44.0359
"2010-03-16:12 AM",41.0932
"2010-03-17:12 AM",42.1378
"2010-03-18:12 AM",45.2397
"2010-03-19:12 AM",38.6848
"2010-03-20:12 AM",30.6439
"2010-03-21:12 AM",30.9846
"2010-03-22:12 AM",36.1481
"2010-03-23:12 AM",42.4269
"2010-03-24:12 AM",44.1324
"2010-03-25:12 AM",38.1432
"2010-03-26:12 AM",36.0203
"2010-03-27:12 AM",39.9956
"2010-03-28:12 AM",40.1905
"2010-03-29:12 AM",43.8723
"2010-03-30:12 AM",53.4342
"2010-03-31:12 AM",60.2654
"2010-04-01:12 AM",64.0312
"2010-04-02:12 AM",62.7669
"2010-04-03:12 AM",48.1609
"2010-04-04:12 AM",52.1017
"2010-04-05:12 AM",50.0749
"2010-04-06:12 AM",55.8617
"2010-04-07:12 AM",45.102
"2010-04-08:12 AM",41.3011
"2010-04-09:12 AM",47.1668
"2010-04-10:12 AM",51.4585
"2010-04-11:12 AM",53.103
"2010-04-12:12 AM",58.7966
"2010-04-13:12 AM",63.0145
"2010-04-14:12 AM",65.1456
"2010-04-15:12 AM",65.7896
"2010-04-16:12 AM",54.4487
"2010-04-17:12 AM",49.6978
"2010-04-18:12 AM",52.021
"2010-04-19:12 AM",55.3082
"2010-04-20:12 AM",57.7306
"2010-04-21:12 AM",59.1649
"2010-04-22:12 AM",57.3971
"2010-04-23:12 AM",56.3275
"2010-04-24:12 AM",60.4036
"2010-04-25:12 AM",51.3864
"2010-04-26:12 AM",48.6151
"2010-04-27:12 AM",50.5884
"2010-04-28:12 AM",53.4918
"2010-04-29:12 AM",62.1918
"2010-04-30:12 AM",62.5687
"2010-05-01:12 AM",56.3733
"2010-05-02:12 AM",58.1248
"2010-05-03:12 AM",55.3064
"2010-05-04:12 AM",60.9498
"2010-05-05:12 AM",56.5002
"2010-05-06:12 AM",52.6294
"2010-05-07:12 AM",50.5355
"2010-05-08:12 AM",45.4141
"2010-05-09:12 AM",47.4526
"2010-05-10:12 AM",49.1182
"2010-05-11:12 AM",47.7586
"2010-05-12:12 AM",45.9154
"2010-05-13:12 AM",52.6766
"2010-05-14:12 AM",54.1553
"2010-05-15:12 AM",58.1929
"2010-05-16:12 AM",57.2112
"2010-05-17:12 AM",57.6554
"2010-05-18:12 AM",60.4758
"2010-05-19:12 AM",60.9184
"2010-05-20:12 AM",58.6904
"2010-05-21:12 AM",60.2557
"2010-05-22:12 AM",66.9218
"2010-05-23:12 AM",74.5135
"2010-05-24:12 AM",77.7706
"2010-05-25:12 AM",77.2275
"2010-05-26:12 AM",71.5615
"2010-05-27:12 AM",69.053
"2010-05-28:12 AM",69.1273
"2010-05-29:12 AM",71.0877
"2010-05-30:12 AM",71.3869
"2010-05-31:12 AM",68.1958
"2010-06-01:12 AM",70.9981
"2010-06-02:12 AM",68.2363
"2010-06-03:12 AM",66.7321
"2010-06-04:12 AM",74.0962
"2010-06-05:12 AM",73.0591
"2010-06-06:12 AM",66.2511
"2010-06-07:12 AM",63.7853
"2010-06-08:12 AM",67.2836
"2010-06-09:12 AM",70.1206
"2010-06-10:12 AM",67.1778
"2010-06-11:12 AM",74.8364
"2010-06-12:12 AM",74.1382
"2010-06-13:12 AM",67.9201
"2010-06-14:12 AM",66.3442
"2010-06-15:12 AM",68.7366
"2010-06-16:12 AM",69.4461
"2010-06-17:12 AM",74.194
"2010-06-18:12 AM",77.1622
"2010-06-19:12 AM",72.8962
"2010-06-20:12 AM",73.7024
"2010-06-21:12 AM",75.7229
"2010-06-22:12 AM",77.8996
"2010-06-23:12 AM",77.6151
"2010-06-24:12 AM",71.0652
"2010-06-25:12 AM",72.6733
"2010-06-26:12 AM",80.3626
"2010-06-27:12 AM",77.7774
"2010-06-28:12 AM",70.0074
"2010-06-29:12 AM",65.5358
"2010-06-30:12 AM",66.2589
"2010-07-01:12 AM",68.7862
"2010-07-02:12 AM",70.2727
"2010-07-03:12 AM",74.2843
"2010-07-04:12 AM",72.8784
"2010-07-05:12 AM",71.6279
"2010-07-06:12 AM",75.0119
"2010-07-07:12 AM",74.2564
"2010-07-08:12 AM",72.5043
"2010-07-09:12 AM",72.5706
"2010-07-10:12 AM",72.7345
"2010-07-11:12 AM",71.6239
"2010-07-12:12 AM",70.4174
"2010-07-13:12 AM",73.7559
"2010-07-14:12 AM",81.8584
"2010-07-15:12 AM",75.789
"2010-07-16:12 AM",75.2365
"2010-07-17:12 AM",79.4232
"2010-07-18:12 AM",79.1548
"2010-07-19:12 AM",72.6004
"2010-07-20:12 AM",75.9346
"2010-07-21:12 AM",74.2015
"2010-07-22:12 AM",78.9523
"2010-07-23:12 AM",78.935
"2010-07-24:12 AM",76.699
"2010-07-25:12 AM",71.8207
"2010-07-26:12 AM",72.5889
"2010-07-27:12 AM",79.6026
"2010-07-28:12 AM",77.2439
"2010-07-29:12 AM",70.1776
"2010-07-30:12 AM",71.4499
"2010-07-31:12 AM",74.1564
"2010-08-01:12 AM",74.3621
"2010-08-02:12 AM",76.6362
"2010-08-03:12 AM",79.3006
"2010-08-04:12 AM",76.6915
"2010-08-05:12 AM",72.0946
"2010-08-06:12 AM",70.5393
"2010-08-07:12 AM",74.588
"2010-08-08:12 AM",81.0025
"2010-08-09:12 AM",82.4527
"2010-08-10:12 AM",81.1929
"2010-08-11:12 AM",81.0462
"2010-08-12:12 AM",79.6878
"2010-08-13:12 AM",81.9039
"2010-08-14:12 AM",74.5311
"2010-08-15:12 AM",70.0029
"2010-08-16:12 AM",67.8506
"2010-08-17:12 AM",65.5362
"2010-08-18:12 AM",69.1556
"2010-08-19:12 AM",74.2777
"2010-08-20:12 AM",76.588
"2010-08-21:12 AM",75.8928
"2010-08-22:12 AM",75.8001
"2010-08-23:12 AM",74.2901
"2010-08-24:12 AM",69.4416
"2010-08-25:12 AM",63.6715
"2010-08-26:12 AM",63.9889
"2010-08-27:12 AM",71.256
"2010-08-28:12 AM",71.6974
"2010-08-29:12 AM",76.8078
"2010-08-30:12 AM",78.2649
"2010-08-31:12 AM",78.08
"2010-09-01:12 AM",71.5107
"2010-09-02:12 AM",67.9026
"2010-09-03:12 AM",61.7322
"2010-09-04:12 AM",57.8079
"2010-09-05:12 AM",63.8292
"2010-09-06:12 AM",72.3549
"2010-09-07:12 AM",63.1773
"2010-09-08:12 AM",58.4668
"2010-09-09:12 AM",63.6235
"2010-09-10:12 AM",63.7896
"2010-09-11:12 AM",64.2393
"2010-09-12:12 AM",66.7611
"2010-09-13:12 AM",66.286
"2010-09-14:12 AM",67.1101
"2010-09-15:12 AM",68.1298
"2010-09-16:12 AM",59.2174
"2010-09-17:12 AM",62.1297
"2010-09-18:12 AM",57.7639
"2010-09-19:12 AM",53.6299
"2010-09-20:12 AM",66.1874
"2010-09-21:12 AM",72.9273
"2010-09-22:12 AM",67.0541
"2010-09-23:12 AM",71.4713
"2010-09-24:12 AM",58.4125
"2010-09-25:12 AM",51.9042
"2010-09-26:12 AM",50.0146
"2010-09-27:12 AM",52.954
"2010-09-28:12 AM",59.4945
"2010-09-29:12 AM",62.3089
"2010-09-30:12 AM",60.6398
"2010-10-01:12 AM",57.7945
"2010-10-02:12 AM",51.2317
"2010-10-03:12 AM",43.981
"2010-10-04:12 AM",47.4714
"2010-10-05:12 AM",53.2443
"2010-10-06:12 AM",60.1198
"2010-10-07:12 AM",56.9424
"2010-10-08:12 AM",64.7339
"2010-10-09:12 AM",69.0973
"2010-10-10:12 AM",65.1013
"2010-10-11:12 AM",64.6929
"2010-10-12:12 AM",63.9635
"2010-10-13:12 AM",56.9712
"2010-10-14:12 AM",55.0747
"2010-10-15:12 AM",53.6328
"2010-10-16:12 AM",57.9234
"2010-10-17:12 AM",53.3068
"2010-10-18:12 AM",51.7015
"2010-10-19:12 AM",48.4653
"2010-10-20:12 AM",55.8804
"2010-10-21:12 AM",50.3442
"2010-10-22:12 AM",53.7372
"2010-10-23:12 AM",63.1312
"2010-10-24:12 AM",60.4236
"2010-10-25:12 AM",59.5247
"2010-10-26:12 AM",52.4464
"2010-10-27:12 AM",47.2762
"2010-10-28:12 AM",39.4158
"2010-10-29:12 AM",42.1106
"2010-10-30:12 AM",52.9018
"2010-10-31:12 AM",44.704
"2010-11-01:12 AM",43.7274
"2010-11-02:12 AM",43.135
"2010-11-03:12 AM",49.4341
"2010-11-04:12 AM",44.9163
"2010-11-05:12 AM",37.0108
"2010-11-06:12 AM",41.7411
"2010-11-07:12 AM",52.6186
"2010-11-08:12 AM",56.6532
"2010-11-09:12 AM",57.519
"2010-11-10:12 AM",57.4468
"2010-11-11:12 AM",46.1804
"2010-11-12:12 AM",42.1311
"2010-11-13:12 AM",38.6913
"2010-11-14:12 AM",36.9882
"2010-11-15:12 AM",36.8053
"2010-11-16:12 AM",37.1057
"2010-11-17:12 AM",34.9279
"2010-11-18:12 AM",31.9665
"2010-11-19:12 AM",35.4565
"2010-11-20:12 AM",29.8305
"2010-11-21:12 AM",40.1031
"2010-11-22:12 AM",34.594
"2010-11-23:12 AM",21.2931
"2010-11-24:12 AM",28.812
"2010-11-25:12 AM",20.7723
"2010-11-26:12 AM",25.4005
"2010-11-27:12 AM",28.4329
"2010-11-28:12 AM",36.8955
"2010-11-29:12 AM",40.3279
"2010-11-30:12 AM",26.404
"2010-12-01:12 AM",20.8648
"2010-12-02:12 AM",25.88
"2010-12-03:12 AM",24.3828
"2010-12-04:12 AM",24.9778
"2010-12-05:12 AM",17.6355
"2010-12-06:12 AM",16.2536
"2010-12-07:12 AM",14.2052
"2010-12-08:12 AM",14.4707
"2010-12-09:12 AM",26.7366
"2010-12-10:12 AM",34.1217
"2010-12-11:12 AM",29.6434
"2010-12-12:12 AM",10.9582
"2010-12-13:12 AM",5.034
"2010-12-14:12 AM",11.1319
"2010-12-15:12 AM",17.3628
"2010-12-16:12 AM",21.0744
"2010-12-17:12 AM",16.929
"2010-12-18:12 AM",16.5267
"2010-12-19:12 AM",15.3669
"2010-12-20:12 AM",26.3676
"2010-12-21:12 AM",26.2566
"2010-12-22:12 AM",22.6848
"2010-12-23:12 AM",24.7611
"2010-12-24:12 AM",27.2394
"2010-12-25:12 AM",21.3339
"2010-12-26:12 AM",13.1754
"2010-12-27:12 AM",13.9849
"2010-12-28:12 AM",25.3683
"2010-12-29:12 AM",31.0195
"2010-12-30:12 AM",41.4448
"2010-12-31:12 AM",24.9917
"2011-01-01:12 AM",10.8347
"2011-01-02:12 AM",15.0508
"2011-01-03:12 AM",25.0014
"2011-01-04:12 AM",17.3739
"2011-01-05:12 AM",23.4041
"2011-01-06:12 AM",26.6146
"2011-01-07:12 AM",23.5094
"2011-01-08:12 AM",10.22
"2011-01-09:12 AM",10.9067
"2011-01-10:12 AM",20.0516
"2011-01-11:12 AM",17.8567
"2011-01-12:12 AM",11.3238
"2011-01-13:12 AM",10.5321
"2011-01-14:12 AM",18.7696
"2011-01-15:12 AM",17.3894
"2011-01-16:12 AM",8.6866
"2011-01-17:12 AM",27.5576
"2011-01-18:12 AM",14.5836
"2011-01-19:12 AM",6.5831
"2011-01-20:12 AM",7.5805
"2011-01-21:12 AM",-2.4615
"2011-01-22:12 AM",11.7655
"2011-01-23:12 AM",2.0044
"2011-01-24:12 AM",18.5211
"2011-01-25:12 AM",18.6886
"2011-01-26:12 AM",20.1636
"2011-01-27:12 AM",26.2056
"2011-01-28:12 AM",30.524
"2011-01-29:12 AM",29.8971
"2011-01-30:12 AM",17.568
"2011-01-31:12 AM",20.8864
"2011-02-01:12 AM",14.9187
"2011-02-02:12 AM",5.7954
"2011-02-03:12 AM",6.0647
"2011-02-04:12 AM",20.2653
"2011-02-05:12 AM",27.4401
"2011-02-06:12 AM",28.686
"2011-02-07:12 AM",13.7151
"2011-02-08:12 AM",-3.5761
"2011-02-09:12 AM",2.1126
"2011-02-10:12 AM",8.6589
"2011-02-11:12 AM",25.2815
"2011-02-12:12 AM",30.3314
"2011-02-13:12 AM",36.4995
"2011-02-14:12 AM",35.5012
"2011-02-15:12 AM",36.4483
"2011-02-16:12 AM",41.6707
"2011-02-17:12 AM",53.6324
"2011-02-18:12 AM",37.7733
"2011-02-19:12 AM",34.2095
"2011-02-20:12 AM",37.3451
"2011-02-21:12 AM",29.5486
"2011-02-22:12 AM",25.3767
"2011-02-23:12 AM",28.821
"2011-02-24:12 AM",26.7798
"2011-02-25:12 AM",18.8229
"2011-02-26:12 AM",17.6718
"2011-02-27:12 AM",24.2316
"2011-02-28:12 AM",23.6494
"2011-03-01:12 AM",31.1875
"2011-03-02:12 AM",22.1432
"2011-03-03:12 AM",32.5229
"2011-03-04:12 AM",35.3482
"2011-03-05:12 AM",26.6284
"2011-03-06:12 AM",27.7128
"2011-03-07:12 AM",30.7767
"2011-03-08:12 AM",32.9923
"2011-03-09:12 AM",32.9203
"2011-03-10:12 AM",31.0604
"2011-03-11:12 AM",36.99
"2011-03-12:12 AM",34.7896
"2011-03-13:12 AM",29.485
"2011-03-14:12 AM",32.6534
"2011-03-15:12 AM",37.6626
"2011-03-16:12 AM",45.5027
"2011-03-17:12 AM",57.1527
"2011-03-18:12 AM",44.1311
"2011-03-19:12 AM",41.3976
"2011-03-20:12 AM",51.1144
"2011-03-21:12 AM",48.6669
"2011-03-22:12 AM",49.6652
"2011-03-23:12 AM",38.6508
"2011-03-24:12 AM",30.9508
"2011-03-25:12 AM",33.0037
"2011-03-26:12 AM",30.0303
"2011-03-27:12 AM",29.8261
"2011-03-28:12 AM",31.1986
"2011-03-29:12 AM",33.3322
"2011-03-30:12 AM",34.7139
"2011-03-31:12 AM",39.1638
"2011-04-01:12 AM",40.923
"2011-04-02:12 AM",45.8577
"2011-04-03:12 AM",56.0662
"2011-04-04:12 AM",42.2494
"2011-04-05:12 AM",43.7072
"2011-04-06:12 AM",52.0363
"2011-04-07:12 AM",47.5327
"2011-04-08:12 AM",48.3739
"2011-04-09:12 AM",56.034
"2011-04-10:12 AM",66.9267
"2011-04-11:12 AM",49.9462
"2011-04-12:12 AM",52.4037
"2011-04-13:12 AM",56.2132
"2011-04-14:12 AM",49.5266
"2011-04-15:12 AM",42.3234
"2011-04-16:12 AM",39.1413
"2011-04-17:12 AM",38.962
"2011-04-18:12 AM",39.8917
"2011-04-19:12 AM",35.7246
"2011-04-20:12 AM",37.873
"2011-04-21:12 AM",39.821
"2011-04-22:12 AM",45.2579
"2011-04-23:12 AM",46.1662
"2011-04-24:12 AM",45.5167
"2011-04-25:12 AM",46.63
"2011-04-26:12 AM",48.3485
"2011-04-27:12 AM",43.2635
"2011-04-28:12 AM",47.217
"2011-04-29:12 AM",50.6853
"2011-04-30:12 AM",56.8591
"2011-05-01:12 AM",46.3402
"2011-05-02:12 AM",43.1933
"2011-05-03:12 AM",42.7098
"2011-05-04:12 AM",47.5147
"2011-05-05:12 AM",53.8833
"2011-05-06:12 AM",55.0971
"2011-05-07:12 AM",60.9397
"2011-05-08:12 AM",60.1565
"2011-05-09:12 AM",67.1362
"2011-05-10:12 AM",76.2973
"2011-05-11:12 AM",73.9317
"2011-05-12:12 AM",68.6064
"2011-05-13:12 AM",52.97
"2011-05-14:12 AM",46.9544
"2011-05-15:12 AM",49.0788
"2011-05-16:12 AM",50.0194
"2011-05-17:12 AM",52.2644
"2011-05-18:12 AM",54.8389
"2011-05-19:12 AM",59.8105
"2011-05-20:12 AM",62.2204
"2011-05-21:12 AM",67.7835
"2011-05-22:12 AM",66.4369
"2011-05-23:12 AM",64.9999
"2011-05-24:12 AM",66.618
"2011-05-25:12 AM",57.0699
"2011-05-26:12 AM",53.7375
"2011-05-27:12 AM",52.4536
"2011-05-28:12 AM",57.8062
"2011-05-29:12 AM",62.3084
"2011-05-30:12 AM",72.9871
"2011-05-31:12 AM",71.4911
"2011-06-01:12 AM",66.0598
"2011-06-02:12 AM",70.1173
"2011-06-03:12 AM",76.7901
"2011-06-04:12 AM",75.2153
"2011-06-05:12 AM",74.5146
"2011-06-06:12 AM",79.4088
"2011-06-07:12 AM",80.0038
"2011-06-08:12 AM",77.9265
"2011-06-09:12 AM",63.5
"2011-06-10:12 AM",60.2051
"2011-06-11:12 AM",61.4016
"2011-06-12:12 AM",60.2026
"2011-06-13:12 AM",62.026
"2011-06-14:12 AM",65.5599
"2011-06-15:12 AM",67.813
"2011-06-16:12 AM",69.3252
"2011-06-17:12 AM",72.5569
"2011-06-18:12 AM",73.2153
"2011-06-19:12 AM",73.6218
"2011-06-20:12 AM",74.3563
"2011-06-21:12 AM",70.6843
"2011-06-22:12 AM",61.5369
"2011-06-23:12 AM",61.1332
"2011-06-24:12 AM",63.2574
"2011-06-25:12 AM",65.5725
"2011-06-26:12 AM",67.9825
"2011-06-27:12 AM",71.2956
"2011-06-28:12 AM",68.0891
"2011-06-29:12 AM",70.2959
"2011-06-30:12 AM",80.3595
"2011-07-01:12 AM",83.5723
"2011-07-02:12 AM",76.7154
"2011-07-03:12 AM",70.4725
"2011-07-04:12 AM",71.4205
"2011-07-05:12 AM",72.9367
"2011-07-06:12 AM",74.1877
"2011-07-07:12 AM",74.2285
"2011-07-08:12 AM",76.2141
"2011-07-09:12 AM",77.2203
"2011-07-10:12 AM",80.9065
"2011-07-11:12 AM",81.6427
"2011-07-12:12 AM",73.1095
"2011-07-13:12 AM",69.3703
"2011-07-14:12 AM",71.7165
"2011-07-15:12 AM",78.575
"2011-07-16:12 AM",79.1852
"2011-07-17:12 AM",84.5211
"2011-07-18:12 AM",87.436
"2011-07-19:12 AM",86.6995
"2011-07-20:12 AM",88.0059
"2011-07-21:12 AM",81.4096
"2011-07-22:12 AM",80.2861
"2011-07-23:12 AM",84.3591
"2011-07-24:12 AM",80.7571
"2011-07-25:12 AM",79.1789
"2011-07-26:12 AM",81.6665
"2011-07-27:12 AM",84.6993
"2011-07-28:12 AM",82.517
"2011-07-29:12 AM",78.3198
"2011-07-30:12 AM",78.0256
"2011-07-31:12 AM",81.1629
"2011-08-01:12 AM",84.5474
"2011-08-02:12 AM",87.424
"2011-08-03:12 AM",78.6589
"2011-08-04:12 AM",72.8573
"2011-08-05:12 AM",74.6623
"2011-08-06:12 AM",78.1666
"2011-08-07:12 AM",77.668
"2011-08-08:12 AM",73.1273
"2011-08-09:12 AM",72.325
"2011-08-10:12 AM",67.8861
"2011-08-11:12 AM",68.3568
"2011-08-12:12 AM",73.1395
"2011-08-13:12 AM",70.0493
"2011-08-14:12 AM",70.7139
"2011-08-15:12 AM",72.1024
"2011-08-16:12 AM",70.4763
"2011-08-17:12 AM",75.4952
"2011-08-18:12 AM",73.1622
"2011-08-19:12 AM",74.3205
"2011-08-20:12 AM",71.933
"2011-08-21:12 AM",71.0429
"2011-08-22:12 AM",72.8992
"2011-08-23:12 AM",81.3877
"2011-08-24:12 AM",80.7134
"2011-08-25:12 AM",71.6038
"2011-08-26:12 AM",72.4955
"2011-08-27:12 AM",74.325
"2011-08-28:12 AM",67.734
"2011-08-29:12 AM",67.1661
"2011-08-30:12 AM",65.1828
"2011-08-31:12 AM",75.3251
"2011-09-01:12 AM",85.4479
"2011-09-02:12 AM",82.6266
"2011-09-03:12 AM",70.8363
"2011-09-04:12 AM",61.498
"2011-09-05:12 AM",57.0529
"2011-09-06:12 AM",55.9177
"2011-09-07:12 AM",58.4699
"2011-09-08:12 AM",62.8021
"2011-09-09:12 AM",68.0673
"2011-09-10:12 AM",66.2875
"2011-09-11:12 AM",68.6818
"2011-09-12:12 AM",75.6073
"2011-09-13:12 AM",65.7099
"2011-09-14:12 AM",55.2736
"2011-09-15:12 AM",45.8847
"2011-09-16:12 AM",48.2727
"2011-09-17:12 AM",52.3837
"2011-09-18:12 AM",58.6096
"2011-09-19:12 AM",60.1527
"2011-09-20:12 AM",65.1135
"2011-09-21:12 AM",58.3097
"2011-09-22:12 AM",50.4135
"2011-09-23:12 AM",49.4226
"2011-09-24:12 AM",51.2976
"2011-09-25:12 AM",51.1992
"2011-09-26:12 AM",54.842
"2011-09-27:12 AM",60.0672
"2011-09-28:12 AM",60.0172
"2011-09-29:12 AM",64.18
"2011-09-30:12 AM",55.9373
"2011-10-01:12 AM",49.3277
"2011-10-02:12 AM",53.5609
"2011-10-03:12 AM",59.8894
"2011-10-04:12 AM",66.0448
"2011-10-05:12 AM",68.9488
"2011-10-06:12 AM",68.4171
"2011-10-07:12 AM",73.4092
"2011-10-08:12 AM",72.6301
"2011-10-09:12 AM",68.8692
"2011-10-10:12 AM",63.3319
"2011-10-11:12 AM",62.9791
"2011-10-12:12 AM",62.6313
"2011-10-13:12 AM",59.1012
"2011-10-14:12 AM",54.2847
"2011-10-15:12 AM",52.4511
"2011-10-16:12 AM",53.9706
"2011-10-17:12 AM",47.4465
"2011-10-18:12 AM",45.9869
"2011-10-19:12 AM",41.4334
"2011-10-20:12 AM",42.103
"2011-10-21:12 AM",44.8736
"2011-10-22:12 AM",51.17
"2011-10-23:12 AM",56.0566
"2011-10-24:12 AM",56.1893
"2011-10-25:12 AM",62.7037
"2011-10-26:12 AM",48.2331
"2011-10-27:12 AM",44.2683
"2011-10-28:12 AM",44.1079
"2011-10-29:12 AM",44.5957
"2011-10-30:12 AM",49.3597
"2011-10-31:12 AM",43.3371
"2011-11-01:12 AM",53.362
"2011-11-02:12 AM",46.162
"2011-11-03:12 AM",39.63
"2011-11-04:12 AM",39.7159
"2011-11-05:12 AM",45.6962
"2011-11-06:12 AM",50.1357
"2011-11-07:12 AM",46.0735
"2011-11-08:12 AM",41.9468
"2011-11-09:12 AM",37.0663
"2011-11-10:12 AM",33.847
"2011-11-11:12 AM",38.1319
"2011-11-12:12 AM",46.1073
"2011-11-13:12 AM",49.7037
"2011-11-14:12 AM",46.81
"2011-11-15:12 AM",46.4891
"2011-11-16:12 AM",34.1676
"2011-11-17:12 AM",31.192
"2011-11-18:12 AM",41.5233
"2011-11-19:12 AM",41.1139
"2011-11-20:12 AM",29.4282
"2011-11-21:12 AM",31.5718
"2011-11-22:12 AM",37.5188
"2011-11-23:12 AM",38.2807
"2011-11-24:12 AM",47.1355
"2011-11-25:12 AM",50.1469
"2011-11-26:12 AM",45.6787
"2011-11-27:12 AM",33.8787
"2011-11-28:12 AM",30.1764
"2011-11-29:12 AM",33.5307
"2011-11-30:12 AM",33.9784
"2011-12-01:12 AM",34.0041
"2011-12-02:12 AM",27.2606
"2011-12-03:12 AM",36.2896
"2011-12-04:12 AM",28.0618
"2011-12-05:12 AM",20.8949
"2011-12-06:12 AM",17.2234
"2011-12-07:12 AM",20.5857
"2011-12-08:12 AM",25.1172
"2011-12-09:12 AM",17.5375
"2011-12-10:12 AM",19.1028
"2011-12-11:12 AM",31.3583
"2011-12-12:12 AM",36.2552
"2011-12-13:12 AM",36.8478
"2011-12-14:12 AM",42.8373
"2011-12-15:12 AM",33.4881
"2011-12-16:12 AM",27.5569
"2011-12-17:12 AM",30.9232
"2011-12-18:12 AM",36.3481
"2011-12-19:12 AM",35.8844
"2011-12-20:12 AM",30.2376
"2011-12-21:12 AM",32.5369
"2011-12-22:12 AM",28.6689
"2011-12-23:12 AM",25.162
"2011-12-24:12 AM",30.6072
"2011-12-25:12 AM",34.3067
"2011-12-26:12 AM",34.9921
"2011-12-27:12 AM",34.2586
"2011-12-28:12 AM",33.1569
"2011-12-29:12 AM",40.8596
"2011-12-30:12 AM",39.3764
"2011-12-31:12 AM",38.4636
"2012-01-01:12 AM",32.5364
"2012-01-02:12 AM",22.537
"2012-01-03:12 AM",20.4361
"2012-01-04:12 AM",34.7337
"2012-01-05:12 AM",41.3461
"2012-01-06:12 AM",44.0267
"2012-01-07:12 AM",34.5551
"2012-01-08:12 AM",31.9923
"2012-01-09:12 AM",35.3984
"2012-01-10:12 AM",39.1109
"2012-01-11:12 AM",35.8966
"2012-01-12:12 AM",16.304
"2012-01-13:12 AM",12.6165
"2012-01-14:12 AM",18.7079
"2012-01-15:12 AM",30.2882
"2012-01-16:12 AM",34.7754
"2012-01-17:12 AM",20.5453
"2012-01-18:12 AM",16.5589
"2012-01-19:12 AM",7.7108
"2012-01-20:12 AM",7.2885
"2012-01-21:12 AM",9.1265
"2012-01-22:12 AM",28.0639
"2012-01-23:12 AM",27.3076
"2012-01-24:12 AM",20.2568
"2012-01-25:12 AM",27.5257
"2012-01-26:12 AM",32.1393
"2012-01-27:12 AM",29.8841
"2012-01-28:12 AM",28.7548
"2012-01-29:12 AM",27.3605
"2012-01-30:12 AM",37.6147
"2012-01-31:12 AM",44.0024
"2012-02-01:12 AM",38.6748
"2012-02-02:12 AM",38.6145
"2012-02-03:12 AM",36.3954
"2012-02-04:12 AM",32.2891
"2012-02-05:12 AM",29.1969
"2012-02-06:12 AM",28.8203
"2012-02-07:12 AM",30.7746
"2012-02-08:12 AM",24.1165
"2012-02-09:12 AM",25.2698
"2012-02-10:12 AM",21.2569
"2012-02-11:12 AM",12.0121
"2012-02-12:12 AM",16.8039
"2012-02-13:12 AM",25.4059
"2012-02-14:12 AM",28.6455
"2012-02-15:12 AM",32.8978
"2012-02-16:12 AM",33.3532
"2012-02-17:12 AM",33.2172
"2012-02-18:12 AM",28.5305
"2012-02-19:12 AM",29.8083
"2012-02-20:12 AM",32.7146
"2012-02-21:12 AM",34.8373
"2012-02-22:12 AM",36.3591
"2012-02-23:12 AM",35.3921
"2012-02-24:12 AM",29.4073
"2012-02-25:12 AM",21.4869
"2012-02-26:12 AM",33.5131
"2012-02-27:12 AM",26.641
"2012-02-28:12 AM",33.6369
"2012-02-29:12 AM",37.6848
"2012-03-01:12 AM",33.3424
"2012-03-02:12 AM",32.9772
"2012-03-03:12 AM",29.5232
"2012-03-04:12 AM",27.1791
"2012-03-05:12 AM",28.2722
"2012-03-06:12 AM",47.4098
"2012-03-07:12 AM",51.6987
"2012-03-08:12 AM",35.6853
"2012-03-09:12 AM",34.776
"2012-03-10:12 AM",46.3741
"2012-03-11:12 AM",49.6818
"2012-03-12:12 AM",51.1419
"2012-03-13:12 AM",54.0338
"2012-03-14:12 AM",62.4994
"2012-03-15:12 AM",61.7034
"2012-03-16:12 AM",66.3822
"2012-03-17:12 AM",66.7789
"2012-03-18:12 AM",66.445
"2012-03-19:12 AM",66.0344
"2012-03-20:12 AM",60.9865
"2012-03-21:12 AM",61.3
"2012-03-22:12 AM",61.1152
"2012-03-23:12 AM",57.2754
"2012-03-24:12 AM",59.7787
"2012-03-25:12 AM",59.9085
"2012-03-26:12 AM",52.4012
"2012-03-27:12 AM",62.2906
"2012-03-28:12 AM",58.2622
"2012-03-29:12 AM",53.9128
"2012-03-30:12 AM",56.7264
"2012-03-31:12 AM",57.5125
"2012-04-01:12 AM",65.1853
"2012-04-02:12 AM",65.9217
"2012-04-03:12 AM",60.4355
"2012-04-04:12 AM",54.2233
"2012-04-05:12 AM",52.0066
"2012-04-06:12 AM",48.2992
"2012-04-07:12 AM",51.2731
"2012-04-08:12 AM",51.8344
"2012-04-09:12 AM",51.4315
"2012-04-10:12 AM",43.9043
"2012-04-11:12 AM",41.6086
"2012-04-12:12 AM",46.8948
"2012-04-13:12 AM",52.5844
"2012-04-14:12 AM",60.0667
"2012-04-15:12 AM",65.9543
"2012-04-16:12 AM",49.4406
"2012-04-17:12 AM",50.1062
"2012-04-18:12 AM",60.2614
"2012-04-19:12 AM",53.672
"2012-04-20:12 AM",45.2482
"2012-04-21:12 AM",45.8967
"2012-04-22:12 AM",47.7606
"2012-04-23:12 AM",49.4726
"2012-04-24:12 AM",60.1239
"2012-04-25:12 AM",66.8597
"2012-04-26:12 AM",60.1387
"2012-04-27:12 AM",49.1578
"2012-04-28:12 AM",46.6417
"2012-04-29:12 AM",47.5659
"2012-04-30:12 AM",54.7592
"2012-05-01:12 AM",59.7024
"2012-05-02:12 AM",71.0667
"2012-05-03:12 AM",74.2006
"2012-05-04:12 AM",72.8704
"2012-05-05:12 AM",70.9902
"2012-05-06:12 AM",70.6251
"2012-05-07:12 AM",60.7825
"2012-05-08:12 AM",56.0532
"2012-05-09:12 AM",54.5529
"2012-05-10:12 AM",58.867
"2012-05-11:12 AM",63.8017
"2012-05-12:12 AM",59.3638
"2012-05-13:12 AM",61.3143
"2012-05-14:12 AM",64.6966
"2012-05-15:12 AM",68.6741
"2012-05-16:12 AM",63.3481
"2012-05-17:12 AM",65.7082
"2012-05-18:12 AM",71.6328
"2012-05-19:12 AM",73.267
"2012-05-20:12 AM",65.5961
"2012-05-21:12 AM",60.8518
"2012-05-22:12 AM",66.033
"2012-05-23:12 AM",71.6887
"2012-05-24:12 AM",69.2321
"2012-05-25:12 AM",61.1703
"2012-05-26:12 AM",70.0291
"2012-05-27:12 AM",79.4334
"2012-05-28:12 AM",73.9848
"2012-05-29:12 AM",63.8157
"2012-05-30:12 AM",57.8876
"2012-05-31:12 AM",52.9498
"2012-06-01:12 AM",55.8243
"2012-06-02:12 AM",62.6214
"2012-06-03:12 AM",68.4932
"2012-06-04:12 AM",72.0689
"2012-06-05:12 AM",72.4338
"2012-06-06:12 AM",69.6321
"2012-06-07:12 AM",71.4549
"2012-06-08:12 AM",74.0809
"2012-06-09:12 AM",75.9976
"2012-06-10:12 AM",78.4609
"2012-06-11:12 AM",72.7689
"2012-06-12:12 AM",64.852
"2012-06-13:12 AM",66.4362
"2012-06-14:12 AM",75.6405
"2012-06-15:12 AM",73.5985
"2012-06-16:12 AM",72.8566
"2012-06-17:12 AM",73.2301
"2012-06-18:12 AM",85.1391
"2012-06-19:12 AM",84.7981
"2012-06-20:12 AM",80.4344
"2012-06-21:12 AM",70.4694
"2012-06-22:12 AM",71.5114
"2012-06-23:12 AM",68.4673
"2012-06-24:12 AM",78.3633
"2012-06-25:12 AM",75.436
"2012-06-26:12 AM",72.4019
"2012-06-27:12 AM",86.369
"2012-06-28:12 AM",86.6208
"2012-06-29:12 AM",81.5472
"2012-06-30:12 AM",82.1817
"2012-07-01:12 AM",85.8873
"2012-07-02:12 AM",87.2933
"2012-07-03:12 AM",88.923
"2012-07-04:12 AM",90.6492
"2012-07-05:12 AM",92.1054
"2012-07-06:12 AM",91.0767
"2012-07-07:12 AM",85.87
"2012-07-08:12 AM",79.8319
"2012-07-09:12 AM",78.6146
"2012-07-10:12 AM",76.399
"2012-07-11:12 AM",76.9775
"2012-07-12:12 AM",79.6501
"2012-07-13:12 AM",82.9107
"2012-07-14:12 AM",82.8005
"2012-07-15:12 AM",84.5902
"2012-07-16:12 AM",87.4114
"2012-07-17:12 AM",88.5636
"2012-07-18:12 AM",88.5875
"2012-07-19:12 AM",84.065
"2012-07-20:12 AM",80.6409
"2012-07-21:12 AM",82.3073
"2012-07-22:12 AM",89.7712
"2012-07-23:12 AM",93.699
"2012-07-24:12 AM",91.5165
"2012-07-25:12 AM",93.1786
"2012-07-26:12 AM",82.697
"2012-07-27:12 AM",75.5541
"2012-07-28:12 AM",71.685
"2012-07-29:12 AM",78.8063
"2012-07-30:12 AM",83.0831
"2012-07-31:12 AM",83.5075
"2012-08-01:12 AM",85.7817
"2012-08-02:12 AM",86.0628
"2012-08-03:12 AM",84.718
"2012-08-04:12 AM",79.8748
"2012-08-05:12 AM",72.5761
"2012-08-06:12 AM",75.6284
"2012-08-07:12 AM",84.0421
"2012-08-08:12 AM",80.9494
"2012-08-09:12 AM",74.8074
"2012-08-10:12 AM",68.0563
"2012-08-11:12 AM",67.4073
"2012-08-12:12 AM",64.7955
"2012-08-13:12 AM",68.2138
"2012-08-14:12 AM",71.6052
"2012-08-15:12 AM",76.3293
"2012-08-16:12 AM",72.1085
"2012-08-17:12 AM",64.6322
"2012-08-18:12 AM",58.7777
"2012-08-19:12 AM",64.7515
"2012-08-20:12 AM",66.7143
"2012-08-21:12 AM",69.3982
"2012-08-22:12 AM",77.2552
"2012-08-23:12 AM",81.7252
"2012-08-24:12 AM",81.6625
"2012-08-25:12 AM",73.2119
"2012-08-26:12 AM",73.4932
"2012-08-27:12 AM",73.8932
"2012-08-28:12 AM",77.904
"2012-08-29:12 AM",82.2789
"2012-08-30:12 AM",84.7236
"2012-08-31:12 AM",79.9218
"2012-09-01:12 AM",76.9908
"2012-09-02:12 AM",76.6121
"2012-09-03:12 AM",75.8322
"2012-09-04:12 AM",79.9547
"2012-09-05:12 AM",78.0674
"2012-09-06:12 AM",69.1995
"2012-09-07:12 AM",63.6771
"2012-09-08:12 AM",62.2494
"2012-09-09:12 AM",60.0951
"2012-09-10:12 AM",64.5438
"2012-09-11:12 AM",74.4994
"2012-09-12:12 AM",69.5462
"2012-09-13:12 AM",56.6409
"2012-09-14:12 AM",60.037
"2012-09-15:12 AM",63.0637
"2012-09-16:12 AM",65.3382
"2012-09-17:12 AM",58.7109
"2012-09-18:12 AM",51.2521
"2012-09-19:12 AM",62.3426
"2012-09-20:12 AM",58.6647
"2012-09-21:12 AM",58.2091
"2012-09-22:12 AM",49.8963
"2012-09-23:12 AM",44.6988
"2012-09-24:12 AM",56.2361
"2012-09-25:12 AM",63.3245
"2012-09-26:12 AM",60.0188
"2012-09-27:12 AM",55.1867
"2012-09-28:12 AM",55.2128
"2012-09-29:12 AM",60.2928
"2012-09-30:12 AM",62.8902
"2012-10-01:12 AM",61.9385
"2012-10-02:12 AM",58.7102
"2012-10-03:12 AM",60.9039
"2012-10-04:12 AM",53.1615
"2012-10-05:12 AM",40.9302
"2012-10-06:12 AM",38.0158
"2012-10-07:12 AM",37.9319
"2012-10-08:12 AM",50.4055
"2012-10-09:12 AM",50.0211
"2012-10-10:12 AM",42.606
"2012-10-11:12 AM",50.4729
"2012-10-12:12 AM",44.6648
"2012-10-13:12 AM",58.9348
"2012-10-14:12 AM",56.1241
"2012-10-15:12 AM",52.3746
"2012-10-16:12 AM",60.064
"2012-10-17:12 AM",58.2571
"2012-10-18:12 AM",44.1383
"2012-10-19:12 AM",44.1977
"2012-10-20:12 AM",46.2963
"2012-10-21:12 AM",54.8188
"2012-10-22:12 AM",63.2777
"2012-10-23:12 AM",64.71
"2012-10-24:12 AM",64.4283
"2012-10-25:12 AM",47.3641
"2012-10-26:12 AM",35.2852
"2012-10-27:12 AM",33.577
"2012-10-28:12 AM",35.6265
"2012-10-29:12 AM",38.6614
"2012-10-30:12 AM",39.5238
"2012-10-31:12 AM",39.6311
"2012-11-01:12 AM",45.0289
"2012-11-02:12 AM",38.8767
"2012-11-03:12 AM",40.3455
"2012-11-04:12 AM",41.9187
"2012-11-05:12 AM",41.2072
"2012-11-06:12 AM",40.9293
"2012-11-07:12 AM",41.243
"2012-11-08:12 AM",43.3747
"2012-11-09:12 AM",47.9815
"2012-11-10:12 AM",62.1959
"2012-11-11:12 AM",43.7274
"2012-11-12:12 AM",28.1908
"2012-11-13:12 AM",32.8595
"2012-11-14:12 AM",40.0131
"2012-11-15:12 AM",43.2905
"2012-11-16:12 AM",38.9881
"2012-11-17:12 AM",44.62
"2012-11-18:12 AM",47.2393
"2012-11-19:12 AM",50.1591
"2012-11-20:12 AM",46.3194
"2012-11-21:12 AM",52.0446
"2012-11-22:12 AM",54.9786
"2012-11-23:12 AM",30.6397
"2012-11-24:12 AM",26.1518
"2012-11-25:12 AM",33.4267
"2012-11-26:12 AM",27.9693
"2012-11-27:12 AM",24.296
"2012-11-28:12 AM",30.733
"2012-11-29:12 AM",37.7838
"2012-11-30:12 AM",38.5961
"2012-12-01:12 AM",44.5989
"2012-12-02:12 AM",48.5987
"2012-12-03:12 AM",53.9299
"2012-12-04:12 AM",44.9478
"2012-12-05:12 AM",37.0719
"2012-12-06:12 AM",44.2463
"2012-12-07:12 AM",38.2435
"2012-12-08:12 AM",33.1471
"2012-12-09:12 AM",32.1881
"2012-12-10:12 AM",19.6196
"2012-12-11:12 AM",24.5624
"2012-12-12:12 AM",33.4672
"2012-12-13:12 AM",37.2385
"2012-12-14:12 AM",37.9983
"2012-12-15:12 AM",43.9547
"2012-12-16:12 AM",35.2798
"2012-12-17:12 AM",28.8549
"2012-12-18:12 AM",31.296
"2012-12-19:12 AM",31.0971
"2012-12-20:12 AM",25.1388
"2012-12-21:12 AM",14.0074
"2012-12-22:12 AM",18.6987
"2012-12-23:12 AM",20.0901
"2012-12-24:12 AM",17.2666
"2012-12-25:12 AM",9.045
"2012-12-26:12 AM",10.5264
"2012-12-27:12 AM",17.2733
"2012-12-28:12 AM",22.7091
"2012-12-29:12 AM",15.5248
"2012-12-30:12 AM",23.8402
"2012-12-31:12 AM",21.3816
"2013-01-01:12 AM",7.9155
"2013-01-02:12 AM",20.2545
"2013-01-03:12 AM",20.2869
"2013-01-04:12 AM",21.1888
"2013-01-05:12 AM",26.98
"2013-01-06:12 AM",21.3624
"2013-01-07:12 AM",28.9344
"2013-01-08:12 AM",32.3265
"2013-01-09:12 AM",34.1454
"2013-01-10:12 AM",34.4156
"2013-01-11:12 AM",40.5853
"2013-01-12:12 AM",29.5032
"2013-01-13:12 AM",13.8733
"2013-01-14:12 AM",14.558
"2013-01-15:12 AM",20.4964
"2013-01-16:12 AM",28.1847
"2013-01-17:12 AM",26.3581
"2013-01-18:12 AM",34.8048
"2013-01-19:12 AM",37.2853
"2013-01-20:12 AM",16.4916
"2013-01-21:12 AM",8.7145
"2013-01-22:12 AM",7.072
"2013-01-23:12 AM",13.7025
"2013-01-24:12 AM",7.3584
"2013-01-25:12 AM",22.185
"2013-01-26:12 AM",20.3207
"2013-01-27:12 AM",31.5534
"2013-01-28:12 AM",37.3572
"2013-01-29:12 AM",40.3689
"2013-01-30:12 AM",22.75
"2013-01-31:12 AM",5.7423
"2013-02-01:12 AM",3.5901
"2013-02-02:12 AM",17.5768
"2013-02-03:12 AM",21.0004
"2013-02-04:12 AM",21.8775
"2013-02-05:12 AM",26.2006
"2013-02-06:12 AM",28.7985
"2013-02-07:12 AM",33.4017
"2013-02-08:12 AM",27.3591
"2013-02-09:12 AM",29.3256
"2013-02-10:12 AM",35.6556
"2013-02-11:12 AM",29.0133
"2013-02-12:12 AM",29.0386
"2013-02-13:12 AM",33.3205
"2013-02-14:12 AM",34.5297
"2013-02-15:12 AM",22.7692
"2013-02-16:12 AM",21.3627
"2013-02-17:12 AM",27.5871
"2013-02-18:12 AM",33.156
"2013-02-19:12 AM",14.6917
"2013-02-20:12 AM",12.0216
"2013-02-21:12 AM",18.4973
"2013-02-22:12 AM",23.1127
"2013-02-23:12 AM",19.8338
"2013-02-24:12 AM",28.4009
"2013-02-25:12 AM",30.0531
"2013-02-26:12 AM",30.0373
"2013-02-27:12 AM",29.43
"2013-02-28:12 AM",28.8694
"2013-03-01:12 AM",24.6609
"2013-03-02:12 AM",21.9699
"2013-03-03:12 AM",24.4355
"2013-03-04:12 AM",28.9206
"2013-03-05:12 AM",27.5139
"2013-03-06:12 AM",23.9371
"2013-03-07:12 AM",25.9615
"2013-03-08:12 AM",31.7237
"2013-03-09:12 AM",38.4994
"2013-03-10:12 AM",34.9932
"2013-03-11:12 AM",27.5589
"2013-03-12:12 AM",26.7561
"2013-03-13:12 AM",23.7114
"2013-03-14:12 AM",32.6129
"2013-03-15:12 AM",38.2228
"2013-03-16:12 AM",32.0823
"2013-03-17:12 AM",27.514
"2013-03-18:12 AM",28.6417
"2013-03-19:12 AM",22.3308
"2013-03-20:12 AM",18.7088
"2013-03-21:12 AM",19.4767
"2013-03-22:12 AM",24.6324
"2013-03-23:12 AM",28.4346
"2013-03-24:12 AM",28.6475
"2013-03-25:12 AM",27.9552
"2013-03-26:12 AM",27.5733
"2013-03-27:12 AM",30.1996
"2013-03-28:12 AM",35.2317
"2013-03-29:12 AM",42.4533
"2013-03-30:12 AM",46.5782
"2013-03-31:12 AM",42.4096
"2013-04-01:12 AM",31.1173
"2013-04-02:12 AM",32.11
"2013-04-03:12 AM",34.9718
"2013-04-04:12 AM",42.2406
"2013-04-05:12 AM",42.4519
"2013-04-06:12 AM",52.1812
"2013-04-07:12 AM",48.1023
"2013-04-08:12 AM",55.3642
"2013-04-09:12 AM",49.3707
"2013-04-10:12 AM",37.0787
"2013-04-11:12 AM",35.9238
"2013-04-12:12 AM",34.4478
"2013-04-13:12 AM",36.0559
"2013-04-14:12 AM",47.5569
"2013-04-15:12 AM",41.6262
"2013-04-16:12 AM",39.2742
"2013-04-17:12 AM",41.6057
"2013-04-18:12 AM",36.8209
"2013-04-19:12 AM",33.5644
"2013-04-20:12 AM",35.2807
"2013-04-21:12 AM",45.381
"2013-04-22:12 AM",48.5499
"2013-04-23:12 AM",35.1426
"2013-04-24:12 AM",37.8685
"2013-04-25:12 AM",42.9028
"2013-04-26:12 AM",53.8326
"2013-04-27:12 AM",54.7309
"2013-04-28:12 AM",57.1863
"2013-04-29:12 AM",62.5107
"2013-04-30:12 AM",66.889
"2013-05-01:12 AM",48.7076
"2013-05-02:12 AM",35.8597
"2013-05-03:12 AM",34.8629
"2013-05-04:12 AM",41.7742
"2013-05-05:12 AM",48.8781
"2013-05-06:12 AM",55.8468
"2013-05-07:12 AM",61.3153
"2013-05-08:12 AM",61.2219
"2013-05-09:12 AM",59.4856
"2013-05-10:12 AM",52.7423
"2013-05-11:12 AM",49.7529
"2013-05-12:12 AM",45.1436
"2013-05-13:12 AM",53.8257
"2013-05-14:12 AM",69.9305
"2013-05-15:12 AM",67.7253
"2013-05-16:12 AM",67.4393
"2013-05-17:12 AM",69.4474
"2013-05-18:12 AM",69.1529
"2013-05-19:12 AM",71.5251
"2013-05-20:12 AM",67.1121
"2013-05-21:12 AM",59.7124
"2013-05-22:12 AM",54.9653
"2013-05-23:12 AM",55.1154
"2013-05-24:12 AM",54.6879
"2013-05-25:12 AM",54.0457
"2013-05-26:12 AM",55.4929
"2013-05-27:12 AM",61.5799
"2013-05-28:12 AM",66.2014
"2013-05-29:12 AM",69.2528
"2013-05-30:12 AM",68.1692
"2013-05-31:12 AM",65.9304
"2013-06-01:12 AM",59.6458
"2013-06-02:12 AM",54.8073
"2013-06-03:12 AM",56.9309
"2013-06-04:12 AM",58.3747
"2013-06-05:12 AM",61.1101
"2013-06-06:12 AM",58.9028
"2013-06-07:12 AM",57.6165
"2013-06-08:12 AM",60.1342
"2013-06-09:12 AM",62.7354
"2013-06-10:12 AM",64.114
"2013-06-11:12 AM",71.5818
"2013-06-12:12 AM",74.0021
"2013-06-13:12 AM",68.3469
"2013-06-14:12 AM",67.2395
"2013-06-15:12 AM",72.4172
"2013-06-16:12 AM",71.3912
"2013-06-17:12 AM",70.7005
"2013-06-18:12 AM",68.8143
"2013-06-19:12 AM",69.3322
"2013-06-20:12 AM",73.7611
"2013-06-21:12 AM",78.3599
"2013-06-22:12 AM",79.1521
"2013-06-23:12 AM",76.239
"2013-06-24:12 AM",75.8874
"2013-06-25:12 AM",77.2448
"2013-06-26:12 AM",77.814
"2013-06-27:12 AM",75.0288
"2013-06-28:12 AM",71.6376
"2013-06-29:12 AM",66.1208
"2013-06-30:12 AM",64.7564
"2013-07-01:12 AM",66.3597
"2013-07-02:12 AM",67.8794
"2013-07-03:12 AM",68.3937
"2013-07-04:12 AM",69.8308
"2013-07-05:12 AM",72.7938
"2013-07-06:12 AM",75.9623
"2013-07-07:12 AM",77.9778
"2013-07-08:12 AM",78.5223
"2013-07-09:12 AM",78.9364
"2013-07-10:12 AM",73.7982
"2013-07-11:12 AM",69.9001
"2013-07-12:12 AM",71.6682
"2013-07-13:12 AM",72.5038
"2013-07-14:12 AM",73.2096
"2013-07-15:12 AM",74.8738
"2013-07-16:12 AM",79.0848
"2013-07-17:12 AM",80.7762
"2013-07-18:12 AM",81.9856
"2013-07-19:12 AM",83.271
"2013-07-20:12 AM",74.0847
"2013-07-21:12 AM",74.446
"2013-07-22:12 AM",77.3942
"2013-07-23:12 AM",70.2806
"2013-07-24:12 AM",67.9078
"2013-07-25:12 AM",71.1365
"2013-07-26:12 AM",68.6127
"2013-07-27:12 AM",60.9476
"2013-07-28:12 AM",60.5143
"2013-07-29:12 AM",60.5345
"2013-07-30:12 AM",66.312
"2013-07-31:12 AM",70.2792
"2013-08-01:12 AM",71.4526
"2013-08-02:12 AM",74.0376
"2013-08-03:12 AM",69.1954
"2013-08-04:12 AM",68.2891
"2013-08-05:12 AM",71.9406
"2013-08-06:12 AM",76.7327
"2013-08-07:12 AM",74.4062
"2013-08-08:12 AM",68.8294
"2013-08-09:12 AM",71.5602
"2013-08-10:12 AM",69.3588
"2013-08-11:12 AM",74.376
"2013-08-12:12 AM",73.5073
"2013-08-13:12 AM",67.1041
"2013-08-14:12 AM",63.1414
"2013-08-15:12 AM",62.7256
"2013-08-16:12 AM",64.6979
"2013-08-17:12 AM",67.0537
"2013-08-18:12 AM",68.5566
"2013-08-19:12 AM",74.6681
"2013-08-20:12 AM",79.8984
"2013-08-21:12 AM",83.5893
"2013-08-22:12 AM",77.5031
"2013-08-23:12 AM",76.6798
"2013-08-24:12 AM",81.9198
"2013-08-25:12 AM",86.6581
"2013-08-26:12 AM",88.1947
"2013-08-27:12 AM",90.3285
"2013-08-28:12 AM",86.711
"2013-08-29:12 AM",83.8092
"2013-08-30:12 AM",86.3163
"2013-08-31:12 AM",80.3203
"2013-09-01:12 AM",76.4013
"2013-09-02:12 AM",66.8034
"2013-09-03:12 AM",64.5577
"2013-09-04:12 AM",73.8934
"2013-09-05:12 AM",76.5955
"2013-09-06:12 AM",78.8491
"2013-09-07:12 AM",82.4657
"2013-09-08:12 AM",79.5254
"2013-09-09:12 AM",85.8274
"2013-09-10:12 AM",83.5536
"2013-09-11:12 AM",77.1426
"2013-09-12:12 AM",71.3091
"2013-09-13:12 AM",60.2787
"2013-09-14:12 AM",60.6128
"2013-09-15:12 AM",62.2792
"2013-09-16:12 AM",57.7517
"2013-09-17:12 AM",57.2824
"2013-09-18:12 AM",69.728
"2013-09-19:12 AM",75.288
"2013-09-20:12 AM",61.8922
"2013-09-21:12 AM",54.7907
"2013-09-22:12 AM",60.9024
"2013-09-23:12 AM",62.6639
"2013-09-24:12 AM",61.4921
"2013-09-25:12 AM",62.9866
"2013-09-26:12 AM",69.5538
"2013-09-27:12 AM",74.5371
"2013-09-28:12 AM",65.071
"2013-09-29:12 AM",58.6944
"2013-09-30:12 AM",64.0726
"2013-10-01:12 AM",67.6461
"2013-10-02:12 AM",68.6365
"2013-10-03:12 AM",68.7859
"2013-10-04:12 AM",68.4932
"2013-10-05:12 AM",54.5515
"2013-10-06:12 AM",45.718
"2013-10-07:12 AM",53.3277
"2013-10-08:12 AM",62.3597
"2013-10-09:12 AM",62.6844
"2013-10-10:12 AM",63.1306
"2013-10-11:12 AM",66.1878
"2013-10-12:12 AM",57.5051
"2013-10-13:12 AM",50.9632
"2013-10-14:12 AM",52.6554
"2013-10-15:12 AM",52.7261
"2013-10-16:12 AM",46.2598
"2013-10-17:12 AM",47.4501
"2013-10-18:12 AM",45.2736
"2013-10-19:12 AM",43.8498
"2013-10-20:12 AM",47.1682
"2013-10-21:12 AM",40.5567
"2013-10-22:12 AM",38.0885
"2013-10-23:12 AM",36.3056
"2013-10-24:12 AM",35.978
"2013-10-25:12 AM",40.2348
"2013-10-26:12 AM",44.5897
"2013-10-27:12 AM",42.7831
"2013-10-28:12 AM",44.0294
"2013-10-29:12 AM",44.9479
"2013-10-30:12 AM",53.591
"2013-10-31:12 AM",47.6883
"2013-11-01:12 AM",45.5313
"2013-11-02:12 AM",43.0533
"2013-11-03:12 AM",44.6605
"2013-11-04:12 AM",48.1651
"2013-11-05:12 AM",44.992
"2013-11-06:12 AM",38.6388
"2013-11-07:12 AM",35.4312
"2013-11-08:12 AM",40.6956
"2013-11-09:12 AM",47.3139
"2013-11-10:12 AM",38.5867
"2013-11-11:12 AM",34.9583
"2013-11-12:12 AM",19.1948
"2013-11-13:12 AM",29.3227
"2013-11-14:12 AM",39.3278
"2013-11-15:12 AM",43.4872
"2013-11-16:12 AM",50.9859
"2013-11-17:12 AM",48.3075
"2013-11-18:12 AM",38.0766
"2013-11-19:12 AM",39.1264
"2013-11-20:12 AM",41.6046
"2013-11-21:12 AM",35.8772
"2013-11-22:12 AM",24.2796
"2013-11-23:12 AM",15.6151
"2013-11-24:12 AM",14.5288
"2013-11-25:12 AM",27.3567
"2013-11-26:12 AM",25.8874
"2013-11-27:12 AM",18.4167
"2013-11-28:12 AM",23.1337
"2013-11-29:12 AM",23.6966
"2013-11-30:12 AM",34.2457
"2013-12-01:12 AM",32.3555
"2013-12-02:12 AM",36.6449
"2013-12-03:12 AM",39.6293
"2013-12-04:12 AM",34.3081
"2013-12-05:12 AM",15.1817
"2013-12-06:12 AM",7.6381
"2013-12-07:12 AM",5.4946
"2013-12-08:12 AM",12.913
"2013-12-09:12 AM",8.0701
"2013-12-10:12 AM",13.7925
"2013-12-11:12 AM",9.0982
"2013-12-12:12 AM",13.9221
"2013-12-13:12 AM",22.1311
"2013-12-14:12 AM",18.8134
"2013-12-15:12 AM",12.7872
"2013-12-16:12 AM",18.4822
"2013-12-17:12 AM",26.4157
"2013-12-18:12 AM",29.4517
"2013-12-19:12 AM",30.8601
"2013-12-20:12 AM",22.7147
"2013-12-21:12 AM",20.7676
"2013-12-22:12 AM",18.1216
"2013-12-23:12 AM",1.5118
"2013-12-24:12 AM",1.8608
"2013-12-25:12 AM",21.7245
"2013-12-26:12 AM",25.5245
"2013-12-27:12 AM",33.0323
"2013-12-28:12 AM",36.1639
"2013-12-29:12 AM",15.7568
"2013-12-30:12 AM",8.0488
"2013-12-31:12 AM",10.1179
"2014-01-01:12 AM",6.0654
"2014-01-02:12 AM",0.9914
"2014-01-03:12 AM",9.1776
"2014-01-04:12 AM",23.0923
"2014-01-05:12 AM",2.7748
"2014-01-06:12 AM",-10.4069
"2014-01-07:12 AM",-0.5516
"2014-01-08:12 AM",3.2778
"2014-01-09:12 AM",9.3357
"2014-01-10:12 AM",26.7964
"2014-01-11:12 AM",29.7379
"2014-01-12:12 AM",33.8068
"2014-01-13:12 AM",33.4168
"2014-01-14:12 AM",29.2771
"2014-01-15:12 AM",17.8549
"2014-01-16:12 AM",27.9273
"2014-01-17:12 AM",11.4476
"2014-01-18:12 AM",22.3138
"2014-01-19:12 AM",28.5494
"2014-01-20:12 AM",30.4075
"2014-01-21:12 AM",5.3818
"2014-01-22:12 AM",10.7364
"2014-01-23:12 AM",-2.0355
"2014-01-24:12 AM",17.2126
"2014-01-25:12 AM",21.5019
"2014-01-26:12 AM",27.4395
"2014-01-27:12 AM",-0.9461
"2014-01-28:12 AM",1.0965
"2014-01-29:12 AM",13.993
"2014-01-30:12 AM",26.5303
"2014-01-31:12 AM",10.803
"2014-02-01:12 AM",15.9186
"2014-02-02:12 AM",6.348
"2014-02-03:12 AM",11.817
"2014-02-04:12 AM",14.1571
"2014-02-05:12 AM",4.2474
"2014-02-06:12 AM",-1.0484
"2014-02-07:12 AM",3.3624
"2014-02-08:12 AM",11.0043
"2014-02-09:12 AM",6.3304
"2014-02-10:12 AM",-2.9861
"2014-02-11:12 AM",0.4672
"2014-02-12:12 AM",15.3072
"2014-02-13:12 AM",24.6488
"2014-02-14:12 AM",13.2053
"2014-02-15:12 AM",15.7831
"2014-02-16:12 AM",19.182
"2014-02-17:12 AM",28.0317
"2014-02-18:12 AM",34.209
"2014-02-19:12 AM",35.1622
"2014-02-20:12 AM",33.7514
"2014-02-21:12 AM",25.0504
"2014-02-22:12 AM",22.9233
"2014-02-23:12 AM",17.5098
"2014-02-24:12 AM",15.5746
"2014-02-25:12 AM",10.8484
"2014-02-26:12 AM",6.7789
"2014-02-27:12 AM",3.1372
"2014-02-28:12 AM",10.7946
"2014-03-01:12 AM",9.0759
"2014-03-02:12 AM",-3.078
"2014-03-03:12 AM",0.6984
"2014-03-04:12 AM",16.7184
"2014-03-05:12 AM",20.9899
"2014-03-06:12 AM",22.8331
"2014-03-07:12 AM",31.6971
"2014-03-08:12 AM",26.4391
"2014-03-09:12 AM",31.8423
"2014-03-10:12 AM",44.2593
"2014-03-11:12 AM",41.4545
"2014-03-12:12 AM",31.3273
"2014-03-13:12 AM",37.8453
"2014-03-14:12 AM",43.9153
"2014-03-15:12 AM",35.1802
"2014-03-16:12 AM",26.3068
"2014-03-17:12 AM",29.1938
"2014-03-18:12 AM",37.7332
"2014-03-19:12 AM",35.4177
"2014-03-20:12 AM",38.4229
"2014-03-21:12 AM",41.1586
"2014-03-22:12 AM",28.614
"2014-03-23:12 AM",23.8854
"2014-03-24:12 AM",29.5185
"2014-03-25:12 AM",25.5628
"2014-03-26:12 AM",32.1804
"2014-03-27:12 AM",42.7138
"2014-03-28:12 AM",35.184
"2014-03-29:12 AM",36.8758
"2014-03-30:12 AM",47.565
"2014-03-31:12 AM",54.2935
"2014-04-01:12 AM",33.8151
"2014-04-02:12 AM",36.729
"2014-04-03:12 AM",39.9096
"2014-04-04:12 AM",33.9139
"2014-04-05:12 AM",38.1744
"2014-04-06:12 AM",46.6894
"2014-04-07:12 AM",48.2283
"2014-04-08:12 AM",44.712
"2014-04-09:12 AM",48.6664
"2014-04-10:12 AM",55.9164
"2014-04-11:12 AM",54.5495
"2014-04-12:12 AM",62.9677
"2014-04-13:12 AM",49.9638
"2014-04-14:12 AM",33.4402
"2014-04-15:12 AM",31.4188
"2014-04-16:12 AM",42.339
"2014-04-17:12 AM",40.509
"2014-04-18:12 AM",45.2133
"2014-04-19:12 AM",56.1862
"2014-04-20:12 AM",64.0546
"2014-04-21:12 AM",62.5024
"2014-04-22:12 AM",51.3392
"2014-04-23:12 AM",49.4735
"2014-04-24:12 AM",51.3469
"2014-04-25:12 AM",55.2807
"2014-04-26:12 AM",55.5996
"2014-04-27:12 AM",53.411
"2014-04-28:12 AM",54.2683
"2014-04-29:12 AM",44.0919
"2014-04-30:12 AM",39.8091
"2014-05-01:12 AM",41.6673
"2014-05-02:12 AM",50.1982
"2014-05-03:12 AM",53.7082
"2014-05-04:12 AM",51.9323
"2014-05-05:12 AM",53.3586
"2014-05-06:12 AM",54.8247
"2014-05-07:12 AM",69.0559
"2014-05-08:12 AM",69.9771
"2014-05-09:12 AM",56.3542
"2014-05-10:12 AM",59.8384
"2014-05-11:12 AM",63.9455
"2014-05-12:12 AM",63.1
"2014-05-13:12 AM",49.4591
"2014-05-14:12 AM",50.1755
"2014-05-15:12 AM",44.5822
"2014-05-16:12 AM",43.6683
"2014-05-17:12 AM",50.0589
"2014-05-18:12 AM",55.3977
"2014-05-19:12 AM",60.0564
"2014-05-20:12 AM",69.5313
"2014-05-21:12 AM",67.7529
"2014-05-22:12 AM",62.2299
"2014-05-23:12 AM",63.5293
"2014-05-24:12 AM",65.579
"2014-05-25:12 AM",68.0238
"2014-05-26:12 AM",71.7933
"2014-05-27:12 AM",72.4879
"2014-05-28:12 AM",69.4866
"2014-05-29:12 AM",69.8079
"2014-05-30:12 AM",72.986
"2014-05-31:12 AM",72.709
"2014-06-01:12 AM",73.2306
"2014-06-02:12 AM",70.2135
"2014-06-03:12 AM",69.0301
"2014-06-04:12 AM",67.4922
"2014-06-05:12 AM",65.2899
"2014-06-06:12 AM",70.0016
"2014-06-07:12 AM",65.4636
"2014-06-08:12 AM",61.5439
"2014-06-09:12 AM",63.6409
"2014-06-10:12 AM",63.6238
"2014-06-11:12 AM",67.401
"2014-06-12:12 AM",64.0195
"2014-06-13:12 AM",61.5637
"2014-06-14:12 AM",65.5812
"2014-06-15:12 AM",70.6726
"2014-06-16:12 AM",72.5315
"2014-06-17:12 AM",78.5331
"2014-06-18:12 AM",80.2598
"2014-06-19:12 AM",76.9548
"2014-06-20:12 AM",74.8926
"2014-06-21:12 AM",75.3084
"2014-06-22:12 AM",73.1617
"2014-06-23:12 AM",70.5934
"2014-06-24:12 AM",71.4054
"2014-06-25:12 AM",72.5013
"2014-06-26:12 AM",73.4878
"2014-06-27:12 AM",74.3988
"2014-06-28:12 AM",73.873
"2014-06-29:12 AM",72.4005
"2014-06-30:12 AM",73.2411
"2014-07-01:12 AM",65.4984
"2014-07-02:12 AM",59.1642
"2014-07-03:12 AM",63.3895
"2014-07-04:12 AM",66.3526
"2014-07-05:12 AM",68.0641
"2014-07-06:12 AM",75.6718
"2014-07-07:12 AM",74.9424
"2014-07-08:12 AM",69.9121
"2014-07-09:12 AM",67.9354
"2014-07-10:12 AM",69.4675
"2014-07-11:12 AM",72.0972
"2014-07-12:12 AM",74.313
"2014-07-13:12 AM",73.1439
"2014-07-14:12 AM",65.0529
"2014-07-15:12 AM",58.6416
"2014-07-16:12 AM",62.5825
"2014-07-17:12 AM",64.476
"2014-07-18:12 AM",66.6365
"2014-07-19:12 AM",69.895
"2014-07-20:12 AM",72.9291
"2014-07-21:12 AM",78.0984
"2014-07-22:12 AM",81.486
"2014-07-23:12 AM",72.0016
"2014-07-24:12 AM",68.3694
"2014-07-25:12 AM",72.7664
"2014-07-26:12 AM",75.628
"2014-07-27:12 AM",69.6061
"2014-07-28:12 AM",64.1046
"2014-07-29:12 AM",65.3016
"2014-07-30:12 AM",67.1761
"2014-07-31:12 AM",67.8322
"2014-08-01:12 AM",70.7689
"2014-08-02:12 AM",71.3534
"2014-08-03:12 AM",73.594
"2014-08-04:12 AM",74.3904
"2014-08-05:12 AM",72.5549
"2014-08-06:12 AM",66.1023
"2014-08-07:12 AM",65.8497
"2014-08-08:12 AM",70.0626
"2014-08-09:12 AM",71.5714
"2014-08-10:12 AM",70.2826
"2014-08-11:12 AM",67.8286
"2014-08-12:12 AM",66.0963
"2014-08-13:12 AM",67.0386
"2014-08-14:12 AM",68.6795
"2014-08-15:12 AM",70.6296
"2014-08-16:12 AM",71.1802
"2014-08-17:12 AM",73.4936
"2014-08-18:12 AM",75.0972
"2014-08-19:12 AM",75.3602
"2014-08-20:12 AM",73.0717
"2014-08-21:12 AM",79.9104
"2014-08-22:12 AM",80.2776
"2014-08-23:12 AM",79.9597
"2014-08-24:12 AM",81.1357
"2014-08-25:12 AM",75.8028
"2014-08-26:12 AM",70.3254
"2014-08-27:12 AM",70.4358
"2014-08-28:12 AM",67.4971
"2014-08-29:12 AM",73.2324
"2014-08-30:12 AM",68.9502
"2014-08-31:12 AM",71.6247
"2014-09-01:12 AM",70.4997
"2014-09-02:12 AM",66.9011
"2014-09-03:12 AM",71.8101
"2014-09-04:12 AM",80.6209
"2014-09-05:12 AM",65.003
"2014-09-06:12 AM",58.9275
"2014-09-07:12 AM",60.4571
"2014-09-08:12 AM",65.0316
"2014-09-09:12 AM",72.0158
"2014-09-10:12 AM",62.1687
"2014-09-11:12 AM",52.5486
"2014-09-12:12 AM",45.3927
"2014-09-13:12 AM",45.4428
"2014-09-14:12 AM",52.1056
"2014-09-15:12 AM",55.2636
"2014-09-16:12 AM",50.8359
"2014-09-17:12 AM",59.268
"2014-09-18:12 AM",60.7658
"2014-09-19:12 AM",65.4111
"2014-09-20:12 AM",72.345
"2014-09-21:12 AM",61.4664
"2014-09-22:12 AM",55.13
"2014-09-23:12 AM",59.1436
"2014-09-24:12 AM",60.1453
"2014-09-25:12 AM",66.0051
"2014-09-26:12 AM",66.7661
"2014-09-27:12 AM",68.8147
"2014-09-28:12 AM",67.0329
"2014-09-29:12 AM",67.3704
"2014-09-30:12 AM",62.085
"2014-10-01:12 AM",60.1079
"2014-10-02:12 AM",60.269
"2014-10-03:12 AM",47.6456
"2014-10-04:12 AM",40.901
"2014-10-05:12 AM",47.8693
"2014-10-06:12 AM",53.0953
"2014-10-07:12 AM",56.3027
"2014-10-08:12 AM",53.7658
"2014-10-09:12 AM",52.9327
"2014-10-10:12 AM",47.638
"2014-10-11:12 AM",45.3864
"2014-10-12:12 AM",48.8615
"2014-10-13:12 AM",52.5668
"2014-10-14:12 AM",52.1296
"2014-10-15:12 AM",51.1077
"2014-10-16:12 AM",55.3753
"2014-10-17:12 AM",53.9611
"2014-10-18:12 AM",47.3884
"2014-10-19:12 AM",50.4646
"2014-10-20:12 AM",55.7771
"2014-10-21:12 AM",52.2311
"2014-10-22:12 AM",52.5792
"2014-10-23:12 AM",55.8365
"2014-10-24:12 AM",58.3189
"2014-10-25:12 AM",58.3387
"2014-10-26:12 AM",55.0771
"2014-10-27:12 AM",61.8017
"2014-10-28:12 AM",49.2379
"2014-10-29:12 AM",41.6824
"2014-10-30:12 AM",45.9192
"2014-10-31:12 AM",35.3613
"2014-11-01:12 AM",33.1277
"2014-11-02:12 AM",43.5864
"2014-11-03:12 AM",53.4414
"2014-11-04:12 AM",48.2481
"2014-11-05:12 AM",48.1086
"2014-11-06:12 AM",41.2234
"2014-11-07:12 AM",41.6057
"2014-11-08:12 AM",42.0724
"2014-11-09:12 AM",42.6177
"2014-11-10:12 AM",44.1151
"2014-11-11:12 AM",27.0342
"2014-11-12:12 AM",20.2687
"2014-11-13:12 AM",20.8636
"2014-11-14:12 AM",16.6978
"2014-11-15:12 AM",19.769
"2014-11-16:12 AM",18.8267
"2014-11-17:12 AM",13.2739
"2014-11-18:12 AM",13.2674
"2014-11-19:12 AM",22.307
"2014-11-20:12 AM",17.4517
"2014-11-21:12 AM",20.8049
"2014-11-22:12 AM",40.1709
"2014-11-23:12 AM",49.2156
"2014-11-24:12 AM",29.4058
"2014-11-25:12 AM",24.0064
"2014-11-26:12 AM",26.9375
"2014-11-27:12 AM",14.1109
"2014-11-28:12 AM",25.0488
"2014-11-29:12 AM",40.0714
"2014-11-30:12 AM",25.6924
"2014-12-01:12 AM",14.0855
"2014-12-02:12 AM",20.7273
"2014-12-03:12 AM",26.8191
"2014-12-04:12 AM",28.0884
"2014-12-05:12 AM",32.6347
"2014-12-06:12 AM",31.3288
"2014-12-07:12 AM",31.6009
"2014-12-08:12 AM",35.4103
"2014-12-09:12 AM",28.7856
"2014-12-10:12 AM",29.1765
"2014-12-11:12 AM",29.0547
"2014-12-12:12 AM",33.0987
"2014-12-13:12 AM",44.4474
"2014-12-14:12 AM",50.6865
"2014-12-15:12 AM",48.4741
"2014-12-16:12 AM",29.0399
"2014-12-17:12 AM",21.5533
"2014-12-18:12 AM",22.9737
"2014-12-19:12 AM",28.0342
"2014-12-20:12 AM",31.0091
"2014-12-21:12 AM",35.3917
"2014-12-22:12 AM",37.6236
"2014-12-23:12 AM",35.3455
"2014-12-24:12 AM",32.8705
"2014-12-25:12 AM",32.6491
"2014-12-26:12 AM",35.7145
"2014-12-27:12 AM",28.3309
"2014-12-28:12 AM",22.2786
"2014-12-29:12 AM",19.9045
"2014-12-30:12 AM",5.3132
"2014-12-31:12 AM",7.3409
"2015-01-01:12 AM",20.9759
"2015-01-02:12 AM",25.2423
"2015-01-03:12 AM",27.6426
"2015-01-04:12 AM",8.2263
"2015-01-05:12 AM",3.8719
"2015-01-06:12 AM",6.7447
"2015-01-07:12 AM",-2.2571
"2015-01-08:12 AM",7.4188
"2015-01-09:12 AM",4.6722
"2015-01-10:12 AM",12.4637
"2015-01-11:12 AM",20.4312
"2015-01-12:12 AM",7.6559
"2015-01-13:12 AM",3.8151
"2015-01-14:12 AM",18.3348
"2015-01-15:12 AM",27.3668
"2015-01-16:12 AM",33.1974
"2015-01-17:12 AM",37.2366
"2015-01-18:12 AM",34.4316
"2015-01-19:12 AM",34.8474
"2015-01-20:12 AM",36.3047
"2015-01-21:12 AM",33.2296
"2015-01-22:12 AM",28.9674
"2015-01-23:12 AM",30.0024
"2015-01-24:12 AM",36.8094
"2015-01-25:12 AM",33.1747
"2015-01-26:12 AM",32.9522
"2015-01-27:12 AM",34.7265
"2015-01-28:12 AM",33.775
"2015-01-29:12 AM",33.3187
"2015-01-30:12 AM",25.3432
"2015-01-31:12 AM",31.1835
"2015-02-01:12 AM",22.2715
"2015-02-02:12 AM",6.8781
"2015-02-03:12 AM",18.997
"2015-02-04:12 AM",14.9495
"2015-02-05:12 AM",4.8621
"2015-02-06:12 AM",24.5367
"2015-02-07:12 AM",34.9398
"2015-02-08:12 AM",34.8683
"2015-02-09:12 AM",28.2621
"2015-02-10:12 AM",28.2024
"2015-02-11:12 AM",26.7085
"2015-02-12:12 AM",9.8908
"2015-02-13:12 AM",19.8043
"2015-02-14:12 AM",13.5361
"2015-02-15:12 AM",6.0301
"2015-02-16:12 AM",13.9543
"2015-02-17:12 AM",14.3231
"2015-02-18:12 AM",4.415
"2015-02-19:12 AM",2.6415
"2015-02-20:12 AM",17.4484
"2015-02-21:12 AM",25.8739
"2015-02-22:12 AM",7.1976
"2015-02-23:12 AM",3.1078
"2015-02-24:12 AM",21.576
"2015-02-25:12 AM",19.7013
"2015-02-26:12 AM",6.5905
"2015-02-27:12 AM",1.6624
"2015-02-28:12 AM",8.7939
"2015-03-01:12 AM",18.1353
"2015-03-02:12 AM",19.5229
"2015-03-03:12 AM",26.9717
"2015-03-04:12 AM",14.6644
"2015-03-05:12 AM",7.2635
"2015-03-06:12 AM",24.4648
"2015-03-07:12 AM",34.4008
"2015-03-08:12 AM",34.9371
"2015-03-09:12 AM",38.5741
"2015-03-10:12 AM",45.7218
"2015-03-11:12 AM",46.4061
"2015-03-12:12 AM",48.8624
"2015-03-13:12 AM",53.7622
"2015-03-14:12 AM",48.1519
"2015-03-15:12 AM",51.8014
"2015-03-16:12 AM",60.3185
"2015-03-17:12 AM",41.3902
"2015-03-18:12 AM",40.0901
"2015-03-19:12 AM",40.7763
"2015-03-20:12 AM",44.6124
"2015-03-21:12 AM",46.0141
"2015-03-22:12 AM",41.3742
"2015-03-23:12 AM",35.9303
"2015-03-24:12 AM",33.0548
"2015-03-25:12 AM",36.2872
"2015-03-26:12 AM",35.0215
"2015-03-27:12 AM",30.7436
"2015-03-28:12 AM",34.4651
"2015-03-29:12 AM",43.475
"2015-03-30:12 AM",50.8017
"2015-03-31:12 AM",56.0118
"2015-04-01:12 AM",61.6971
"2015-04-02:12 AM",58.2154
"2015-04-03:12 AM",43.1447
"2015-04-04:12 AM",44.7019
"2015-04-05:12 AM",53.2785
"2015-04-06:12 AM",50.1165
"2015-04-07:12 AM",45.9896
"2015-04-08:12 AM",44.6441
"2015-04-09:12 AM",47.9061
"2015-04-10:12 AM",44.386
"2015-04-11:12 AM",49.4443
"2015-04-12:12 AM",57.1231
"2015-04-13:12 AM",54.7864
"2015-04-14:12 AM",53.5539
"2015-04-15:12 AM",53.4261
"2015-04-16:12 AM",58.4697
"2015-04-17:12 AM",63.6408
"2015-04-18:12 AM",63.3454
"2015-04-19:12 AM",55.8644
"2015-04-20:12 AM",45.1985
"2015-04-21:12 AM",44.0519
"2015-04-22:12 AM",40.9116
"2015-04-23:12 AM",44.8291
"2015-04-24:12 AM",48.9578
"2015-04-25:12 AM",47.804
"2015-04-26:12 AM",47.6892
"2015-04-27:12 AM",50.833
"2015-04-28:12 AM",55.5042
"2015-04-29:12 AM",57.2781
"2015-04-30:12 AM",56.1553
"2015-05-01:12 AM",55.8626
"2015-05-02:12 AM",61.3767
"2015-05-03:12 AM",67.7532
"2015-05-04:12 AM",64.1044
"2015-05-05:12 AM",63.0199
"2015-05-06:12 AM",65.0352
"2015-05-07:12 AM",66.1804
"2015-05-08:12 AM",60.1025
"2015-05-09:12 AM",59.1559
"2015-05-10:12 AM",60.1957
"2015-05-11:12 AM",49.9073
"2015-05-12:12 AM",50.8604
"2015-05-13:12 AM",54.7938
"2015-05-14:12 AM",55.2931
"2015-05-15:12 AM",65.5416
"2015-05-16:12 AM",68.1615
"2015-05-17:12 AM",67.759
"2015-05-18:12 AM",51.1174
"2015-05-19:12 AM",45.4998
"2015-05-20:12 AM",46.8909
"2015-05-21:12 AM",53.3957
"2015-05-22:12 AM",60.7041
"2015-05-23:12 AM",61.3681
"2015-05-24:12 AM",60.5338
"2015-05-25:12 AM",66.0472
"2015-05-26:12 AM",64.2466
"2015-05-27:12 AM",66.7168
"2015-05-28:12 AM",67.5734
"2015-05-29:12 AM",67.8565
"2015-05-30:12 AM",56.4732
"2015-05-31:12 AM",54.5239
"2015-06-01:12 AM",58.023
"2015-06-02:12 AM",60.7107
"2015-06-03:12 AM",66.2068
"2015-06-04:12 AM",70.736
"2015-06-05:12 AM",70.9225
"2015-06-06:12 AM",69.1983
"2015-06-07:12 AM",74.2192
"2015-06-08:12 AM",71.4929
"2015-06-09:12 AM",74.8746
"2015-06-10:12 AM",76.8474
"2015-06-11:12 AM",67.6126
"2015-06-12:12 AM",63.8353
"2015-06-13:12 AM",68.2871
"2015-06-14:12 AM",72.2725
"2015-06-15:12 AM",70.6395
"2015-06-16:12 AM",66.5866
"2015-06-17:12 AM",70.6104
"2015-06-18:12 AM",68.1611
"2015-06-19:12 AM",68.074
"2015-06-20:12 AM",73.0443
"2015-06-21:12 AM",73.1293
"2015-06-22:12 AM",75.906
"2015-06-23:12 AM",67.6738
"2015-06-24:12 AM",68.245
"2015-06-25:12 AM",71.7685
"2015-06-26:12 AM",69.445
"2015-06-27:12 AM",69.3208
"2015-06-28:12 AM",69.0562
"2015-06-29:12 AM",70.317
"2015-06-30:12 AM",71.1864
"2015-07-01:12 AM",67.298
"2015-07-02:12 AM",64.2292
"2015-07-03:12 AM",66.1599
"2015-07-04:12 AM",67.7145
"2015-07-05:12 AM",72.5797
"2015-07-06:12 AM",73.7564
"2015-07-07:12 AM",63.1828
"2015-07-08:12 AM",61.3886
"2015-07-09:12 AM",65.764
"2015-07-10:12 AM",69.7775
"2015-07-11:12 AM",72.8314
"2015-07-12:12 AM",79.3517
"2015-07-13:12 AM",81.97
"2015-07-14:12 AM",77.2394
"2015-07-15:12 AM",71.7435
"2015-07-16:12 AM",72.7578
"2015-07-17:12 AM",80.0213
"2015-07-18:12 AM",80.6733
"2015-07-19:12 AM",75.0861
"2015-07-20:12 AM",73.4392
"2015-07-21:12 AM",68.9614
"2015-07-22:12 AM",68.1787
"2015-07-23:12 AM",71.1473
"2015-07-24:12 AM",77.1766
"2015-07-25:12 AM",77.3958
"2015-07-26:12 AM",77.2493
"2015-07-27:12 AM",77.6341
"2015-07-28:12 AM",78.8301
"2015-07-29:12 AM",73.2481
"2015-07-30:12 AM",73.0657
"2015-07-31:12 AM",74.0581
"2015-08-01:12 AM",74.0226
"2015-08-02:12 AM",79.1857
"2015-08-03:12 AM",71.1676
"2015-08-04:12 AM",67.9743
"2015-08-05:12 AM",69.6659
"2015-08-06:12 AM",69.8306
"2015-08-07:12 AM",76.3248
"2015-08-08:12 AM",71.2751
"2015-08-09:12 AM",73.0665
"2015-08-10:12 AM",72.039
"2015-08-11:12 AM",70.4381
"2015-08-12:12 AM",70.3434
"2015-08-13:12 AM",73.4988
"2015-08-14:12 AM",76.4114
"2015-08-15:12 AM",75.2409
"2015-08-16:12 AM",75.3082
"2015-08-17:12 AM",69.9476
"2015-08-18:12 AM",68.0371
"2015-08-19:12 AM",59.2716
"2015-08-20:12 AM",63.0873
"2015-08-21:12 AM",69.4047
"2015-08-22:12 AM",71.53
"2015-08-23:12 AM",63.5792
"2015-08-24:12 AM",60.2967
"2015-08-25:12 AM",60.5991
"2015-08-26:12 AM",60.8682
"2015-08-27:12 AM",64.5181
"2015-08-28:12 AM",64.0589
"2015-08-29:12 AM",65.1598
"2015-08-30:12 AM",65.745
"2015-08-31:12 AM",72.9696
"2015-09-01:12 AM",76.9879
"2015-09-02:12 AM",77.1885
"2015-09-03:12 AM",78.5248
"2015-09-04:12 AM",77.2185
"2015-09-05:12 AM",79.8341
"2015-09-06:12 AM",81.0324
"2015-09-07:12 AM",75.6223
"2015-09-08:12 AM",72.1908
"2015-09-09:12 AM",66.2356
"2015-09-10:12 AM",67.1441
"2015-09-11:12 AM",57.2166
"2015-09-12:12 AM",52.327
"2015-09-13:12 AM",57.4369
"2015-09-14:12 AM",68.6541
"2015-09-15:12 AM",73.814
"2015-09-16:12 AM",75.4619
"2015-09-17:12 AM",74.4784
"2015-09-18:12 AM",61.7776
"2015-09-19:12 AM",55.1885
"2015-09-20:12 AM",56.9449
"2015-09-21:12 AM",62.6979
"2015-09-22:12 AM",68.7402
"2015-09-23:12 AM",69.7125
"2015-09-24:12 AM",66.9821
"2015-09-25:12 AM",67.2935
"2015-09-26:12 AM",65.0383
"2015-09-27:12 AM",66.0252
"2015-09-28:12 AM",68.6111
"2015-09-29:12 AM",61.4005
"2015-09-30:12 AM",52.0389
"2015-10-01:12 AM",50.7756
"2015-10-02:12 AM",49.5768
"2015-10-03:12 AM",49.7255
"2015-10-04:12 AM",48.8052
"2015-10-05:12 AM",53.5843
"2015-10-06:12 AM",59.8642
"2015-10-07:12 AM",62.5622
"2015-10-08:12 AM",65.5374
"2015-10-09:12 AM",52.6768
"2015-10-10:12 AM",54.7011
"2015-10-11:12 AM",66.931
"2015-10-12:12 AM",65.5608
"2015-10-13:12 AM",54.8548
"2015-10-14:12 AM",54.0378
"2015-10-15:12 AM",57.5679
"2015-10-16:12 AM",45.9594
"2015-10-17:12 AM",42.4708
"2015-10-18:12 AM",49.8025
"2015-10-19:12 AM",64.2785
"2015-10-20:12 AM",66.3258
"2015-10-21:12 AM",62.8407
"2015-10-22:12 AM",55.6873
"2015-10-23:12 AM",57.7702
"2015-10-24:12 AM",54.1193
"2015-10-25:12 AM",48.1834
"2015-10-26:12 AM",50.8548
"2015-10-27:12 AM",50.1463
"2015-10-28:12 AM",45.8343
"2015-10-29:12 AM",39.7692
"2015-10-30:12 AM",43.6512
"2015-10-31:12 AM",47.1652
"2015-11-01:12 AM",53.046
"2015-11-02:12 AM",58.8999
"2015-11-03:12 AM",58.0647
"2015-11-04:12 AM",59.6379
"2015-11-05:12 AM",59.8726
"2015-11-06:12 AM",45.7963
"2015-11-07:12 AM",41.855
"2015-11-08:12 AM",44.3565
"2015-11-09:12 AM",44.8471
"2015-11-10:12 AM",46.5283
"2015-11-11:12 AM",52.8422
"2015-11-12:12 AM",42.541
"2015-11-13:12 AM",39.1096
"2015-11-14:12 AM",45.9691
"2015-11-15:12 AM",52.2025
"2015-11-16:12 AM",51.264
"2015-11-17:12 AM",54.5011
"2015-11-18:12 AM",48.3525
"2015-11-19:12 AM",36.6161
"2015-11-20:12 AM",32.0139
"2015-11-21:12 AM",23.0688
"2015-11-22:12 AM",24.2823
"2015-11-23:12 AM",34.579
"2015-11-24:12 AM",36.3
"2015-11-25:12 AM",46.5388
"2015-11-26:12 AM",40.6953
"2015-11-27:12 AM",26.9226
"2015-11-28:12 AM",25.5477
"2015-11-29:12 AM",29.9359
"2015-11-30:12 AM",32.0709
"2015-12-01:12 AM",31.0894
"2015-12-02:12 AM",31.3169
"2015-12-03:12 AM",31.3653
"2015-12-04:12 AM",37.4376
"2015-12-05:12 AM",40.4974
"2015-12-06:12 AM",39.6007
"2015-12-07:12 AM",38.0975
"2015-12-08:12 AM",42.8668
"2015-12-09:12 AM",44.4151
"2015-12-10:12 AM",49.1527
"2015-12-11:12 AM",43.8012
"2015-12-12:12 AM",43.9524
"2015-12-13:12 AM",47.7239
"2015-12-14:12 AM",40.5441
"2015-12-15:12 AM",35.9863
"2015-12-16:12 AM",35.9078
"2015-12-17:12 AM",28.5278
"2015-12-18:12 AM",25.3278
"2015-12-19:12 AM",24.2352
"2015-12-20:12 AM",39.5861
"2015-12-21:12 AM",36.4761
"2015-12-22:12 AM",32.535
"2015-12-23:12 AM",39.2479
"2015-12-24:12 AM",31.608
"2015-12-25:12 AM",29.2338
"2015-12-26:12 AM",32.4901
"2015-12-27:12 AM",24.8202
"2015-12-28:12 AM",23.0378
"2015-12-29:12 AM",23.0765
"2015-12-30:12 AM",22.5687
"2015-12-31:12 AM",18.5895
"2016-01-01:12 AM",23.7191
"2016-01-02:12 AM",26.505
"2016-01-03:12 AM",26.5595
"2016-01-04:12 AM",19.5282
"2016-01-05:12 AM",23.8195
"2016-01-06:12 AM",29.8031
"2016-01-07:12 AM",33.0984
"2016-01-08:12 AM",33.2267
"2016-01-09:12 AM",15.5719
"2016-01-10:12 AM",0.6559
"2016-01-11:12 AM",13.3243
"2016-01-12:12 AM",7.0578
"2016-01-13:12 AM",19.8664
"2016-01-14:12 AM",33.7208
"2016-01-15:12 AM",26.0415
"2016-01-16:12 AM",13.1977
"2016-01-17:12 AM",-1.5135
"2016-01-18:12 AM",-1.2577
"2016-01-19:12 AM",6.4164
"2016-01-20:12 AM",14.9376
"2016-01-21:12 AM",19.7974
"2016-01-22:12 AM",19.2225
"2016-01-23:12 AM",17.4186
"2016-01-24:12 AM",25.633
"2016-01-25:12 AM",29.5059
"2016-01-26:12 AM",25.5
"2016-01-27:12 AM",25.8363
"2016-01-28:12 AM",33.9798
"2016-01-29:12 AM",30.3505
"2016-01-30:12 AM",35.9118
"2016-01-31:12 AM",35.9505
"2016-02-01:12 AM",34.8609
"2016-02-02:12 AM",32.5357
"2016-02-03:12 AM",23.7949
"2016-02-04:12 AM",21.0659
"2016-02-05:12 AM",20.0179
"2016-02-06:12 AM",30.3244
"2016-02-07:12 AM",34.4163
"2016-02-08:12 AM",20.4712
"2016-02-09:12 AM",12.3098
"2016-02-10:12 AM",13.2132
"2016-02-11:12 AM",10.9818
"2016-02-12:12 AM",14.3802
"2016-02-13:12 AM",4.1961
"2016-02-14:12 AM",17.5978
"2016-02-15:12 AM",25.7934
"2016-02-16:12 AM",31.2723
"2016-02-17:12 AM",28.724
"2016-02-18:12 AM",36.8191
"2016-02-19:12 AM",47.8911
"2016-02-20:12 AM",44.2837
"2016-02-21:12 AM",36.421
"2016-02-22:12 AM",34.7824
"2016-02-23:12 AM",35.7964
"2016-02-24:12 AM",33.3963
"2016-02-25:12 AM",30.9276
"2016-02-26:12 AM",31.0006
"2016-02-27:12 AM",41.8334
"2016-02-28:12 AM",47.2519
"2016-02-29:12 AM",38.2296
"2016-03-01:12 AM",24.8382
"2016-03-02:12 AM",23.464
"2016-03-03:12 AM",30.4545
"2016-03-04:12 AM",33.2958
"2016-03-05:12 AM",36.367
"2016-03-06:12 AM",44.8597
"2016-03-07:12 AM",56.0876
"2016-03-08:12 AM",59.3499
"2016-03-09:12 AM",46.4751
"2016-03-10:12 AM",43.9972
"2016-03-11:12 AM",48.866
"2016-03-12:12 AM",49.6908
"2016-03-13:12 AM",50.6226
"2016-03-14:12 AM",52.907
"2016-03-15:12 AM",53.6952
"2016-03-16:12 AM",45.7648
"2016-03-17:12 AM",42.8295
"2016-03-18:12 AM",35.8896
"2016-03-19:12 AM",33.5203
"2016-03-20:12 AM",33.6495
"2016-03-21:12 AM",39.3076
"2016-03-22:12 AM",50.9191
"2016-03-23:12 AM",44.1907
"2016-03-24:12 AM",31.9221
"2016-03-25:12 AM",37.1559
"2016-03-26:12 AM",42.6844
"2016-03-27:12 AM",39.2468
"2016-03-28:12 AM",42.1839
"2016-03-29:12 AM",48.1332
"2016-03-30:12 AM",52.6757
"2016-03-31:12 AM",48.0315
"2016-04-01:12 AM",38.6166
"2016-04-02:12 AM",36.4539
"2016-04-03:12 AM",50.3112
"2016-04-04:12 AM",44.139
"2016-04-05:12 AM",40.2015
"2016-04-06:12 AM",44.8446
"2016-04-07:12 AM",40.2555
"2016-04-08:12 AM",36.8292
"2016-04-09:12 AM",34.0803
"2016-04-10:12 AM",46.1658
"2016-04-11:12 AM",40.7826
"2016-04-12:12 AM",40.2415
"2016-04-13:12 AM",51.0004
"2016-04-14:12 AM",56.0509
"2016-04-15:12 AM",59.1602
"2016-04-16:12 AM",63.1598
"2016-04-17:12 AM",64.1052
"2016-04-18:12 AM",62.3098
"2016-04-19:12 AM",56.2563
"2016-04-20:12 AM",54.4698
"2016-04-21:12 AM",54.8213
"2016-04-22:12 AM",53.9359
"2016-04-23:12 AM",56.4584
"2016-04-24:12 AM",63.1056
"2016-04-25:12 AM",62.4457
"2016-04-26:12 AM",56.9323
"2016-04-27:12 AM",47.7559
"2016-04-28:12 AM",46.1736
"2016-04-29:12 AM",45.518
"2016-04-30:12 AM",45.1533
"2016-05-01:12 AM",45.0052
"2016-05-02:12 AM",50.6282
"2016-05-03:12 AM",53.7373
"2016-05-04:12 AM",54.6208
"2016-05-05:12 AM",56.0295
"2016-05-06:12 AM",64.4778
"2016-05-07:12 AM",62.2279
"2016-05-08:12 AM",56.9644
"2016-05-09:12 AM",57.8136
"2016-05-10:12 AM",61.9734
"2016-05-11:12 AM",58.8429
"2016-05-12:12 AM",54.9858
"2016-05-13:12 AM",48.9463
"2016-05-14:12 AM",43.3445
"2016-05-15:12 AM",49.4503
"2016-05-16:12 AM",52.9282
"2016-05-17:12 AM",54.2808
"2016-05-18:12 AM",55.2052
"2016-05-19:12 AM",58.0177
"2016-05-20:12 AM",58.9737
"2016-05-21:12 AM",60.557
"2016-05-22:12 AM",63.9046
"2016-05-23:12 AM",66.9925
"2016-05-24:12 AM",69.8061
"2016-05-25:12 AM",70.5097
"2016-05-26:12 AM",72.7826
"2016-05-27:12 AM",67.6798
"2016-05-28:12 AM",66.5409
"2016-05-29:12 AM",67.8828
"2016-05-30:12 AM",71.0301
"2016-05-31:12 AM",68.1436
"2016-06-01:12 AM",65.2186
"2016-06-02:12 AM",65.6764
"2016-06-03:12 AM",69.2182
"2016-06-04:12 AM",66.7818
"2016-06-05:12 AM",67.5367
"2016-06-06:12 AM",67.3138
"2016-06-07:12 AM",63.0797
"2016-06-08:12 AM",65.4782
"2016-06-09:12 AM",74.5957
"2016-06-10:12 AM",79.9903
"2016-06-11:12 AM",81.9079
"2016-06-12:12 AM",79.799
"2016-06-13:12 AM",77.0652
"2016-06-14:12 AM",77.0639
"2016-06-15:12 AM",78.55
"2016-06-16:12 AM",74.4316
"2016-06-17:12 AM",75.1701
"2016-06-18:12 AM",75.6939
"2016-06-19:12 AM",76.3576
"2016-06-20:12 AM",77.0254
"2016-06-21:12 AM",73.0969
"2016-06-22:12 AM",77.8975
"2016-06-23:12 AM",71.5032
"2016-06-24:12 AM",71.8741
"2016-06-25:12 AM",78.4081
"2016-06-26:12 AM",77.6973
"2016-06-27:12 AM",74.19
"2016-06-28:12 AM",68.9864
"2016-06-29:12 AM",66.1332
"2016-06-30:12 AM",69.4971
"2016-07-01:12 AM",66.2814
"2016-07-02:12 AM",63.5648
"2016-07-03:12 AM",64.3546
"2016-07-04:12 AM",67.0987
"2016-07-05:12 AM",75.4569
"2016-07-06:12 AM",80.7746
"2016-07-07:12 AM",76.4904
"2016-07-08:12 AM",73.983
"2016-07-09:12 AM",71.8921
"2016-07-10:12 AM",76.1562
"2016-07-11:12 AM",82.1025
"2016-07-12:12 AM",77.9767
"2016-07-13:12 AM",76.8493
"2016-07-14:12 AM",73.4331
"2016-07-15:12 AM",66.3022
"2016-07-16:12 AM",69.3691
"2016-07-17:12 AM",78.7996
"2016-07-18:12 AM",77.4043
"2016-07-19:12 AM",76.1248
"2016-07-20:12 AM",81.3254
"2016-07-21:12 AM",86.9405
"2016-07-22:12 AM",85.1522
"2016-07-23:12 AM",81.171
"2016-07-24:12 AM",81.3331
"2016-07-25:12 AM",75.1323
"2016-07-26:12 AM",75.7659
"2016-07-27:12 AM",76.0624
"2016-07-28:12 AM",72.6372
"2016-07-29:12 AM",68.9862
"2016-07-30:12 AM",70.6577
"2016-07-31:12 AM",75.4207
"2016-08-01:12 AM",75.256
"2016-08-02:12 AM",77.5377
"2016-08-03:12 AM",79.2403
"2016-08-04:12 AM",82.8181
"2016-08-05:12 AM",74.529
"2016-08-06:12 AM",70.3222
"2016-08-07:12 AM",70.2579
"2016-08-08:12 AM",72.6584
"2016-08-09:12 AM",78.4062
"2016-08-10:12 AM",82.5213
"2016-08-11:12 AM",83.439
"2016-08-12:12 AM",73.7186
"2016-08-13:12 AM",72.9999
"2016-08-14:12 AM",71.697
"2016-08-15:12 AM",71.7415
"2016-08-16:12 AM",73.9184
"2016-08-17:12 AM",76.5651
"2016-08-18:12 AM",79.1814
"2016-08-19:12 AM",77.2639
"2016-08-20:12 AM",67.5
"2016-08-21:12 AM",65.2626
"2016-08-22:12 AM",70.3179
"2016-08-23:12 AM",73.5998
"2016-08-24:12 AM",75.5494
"2016-08-25:12 AM",69.2233
"2016-08-26:12 AM",65.3133
"2016-08-27:12 AM",68.7351
"2016-08-28:12 AM",74.6107
"2016-08-29:12 AM",75.5296
"2016-08-30:12 AM",75.1176
"2016-08-31:12 AM",70.7272
"2016-09-01:12 AM",65.5488
"2016-09-02:12 AM",64.3438
"2016-09-03:12 AM",66.3877
"2016-09-04:12 AM",69.307
"2016-09-05:12 AM",77.2032
"2016-09-06:12 AM",80.8828
"2016-09-07:12 AM",75.1635
"2016-09-08:12 AM",73.5712
"2016-09-09:12 AM",70.9552
"2016-09-10:12 AM",62.926
"2016-09-11:12 AM",63.293
"2016-09-12:12 AM",69.1322
"2016-09-13:12 AM",64.0207
"2016-09-14:12 AM",61.5819
"2016-09-15:12 AM",68.5643
"2016-09-16:12 AM",69.6578
"2016-09-17:12 AM",63.709
"2016-09-18:12 AM",67.8126
"2016-09-19:12 AM",71.1142
"2016-09-20:12 AM",71.2013
"2016-09-21:12 AM",79.8267
"2016-09-22:12 AM",75.4698
"2016-09-23:12 AM",72.3461
"2016-09-24:12 AM",73.2726
"2016-09-25:12 AM",66.2196
"2016-09-26:12 AM",58.2841
"2016-09-27:12 AM",58.9748
"2016-09-28:12 AM",54.0716
"2016-09-29:12 AM",57.141
"2016-09-30:12 AM",57.5553
"2016-10-01:12 AM",59.8734
"2016-10-02:12 AM",60.217
"2016-10-03:12 AM",61.3841
"2016-10-04:12 AM",66.2239
"2016-10-05:12 AM",62.8329
"2016-10-06:12 AM",61.7565
"2016-10-07:12 AM",49.5991
"2016-10-08:12 AM",50.9898
"2016-10-09:12 AM",52.8706
"2016-10-10:12 AM",58.8313
"2016-10-11:12 AM",62.2108
"2016-10-12:12 AM",49.0743
"2016-10-13:12 AM",41.8845
"2016-10-14:12 AM",51.9375
"2016-10-15:12 AM",64.1349
"2016-10-16:12 AM",66.6997
"2016-10-17:12 AM",71.8549
"2016-10-18:12 AM",62.8345
"2016-10-19:12 AM",57.3102
"2016-10-20:12 AM",47.5817
"2016-10-21:12 AM",44.6598
"2016-10-22:12 AM",52.4172
"2016-10-23:12 AM",57.2362
"2016-10-24:12 AM",49.2186
"2016-10-25:12 AM",51.1849
"2016-10-26:12 AM",52.0369
"2016-10-27:12 AM",48.3015
"2016-10-28:12 AM",60.7465
"2016-10-29:12 AM",63.3556
"2016-10-30:12 AM",49.8641
"2016-10-31:12 AM",53.7433
"2016-11-01:12 AM",61.9108
"2016-11-02:12 AM",57.8577
"2016-11-03:12 AM",54.0351
"2016-11-04:12 AM",53.9643
"2016-11-05:12 AM",57.0898
"2016-11-06:12 AM",55.2319
"2016-11-07:12 AM",53.5546
"2016-11-08:12 AM",52.4714
"2016-11-09:12 AM",45.4077
"2016-11-10:12 AM",51.1927
"2016-11-11:12 AM",47.7892
"2016-11-12:12 AM",41.0295
"2016-11-13:12 AM",46.8003
"2016-11-14:12 AM",50.3143
"2016-11-15:12 AM",48.6513
"2016-11-16:12 AM",51.2991
"2016-11-17:12 AM",60.4665
"2016-11-18:12 AM",47.1348
"2016-11-19:12 AM",31.0572
"2016-11-20:12 AM",28.5746
"2016-11-21:12 AM",32.3388
"2016-11-22:12 AM",37.5451
"2016-11-23:12 AM",39.1525
"2016-11-24:12 AM",36.1274
"2016-11-25:12 AM",37.1457
"2016-11-26:12 AM",40.5658
"2016-11-27:12 AM",42.4162
"2016-11-28:12 AM",48.3523
"2016-11-29:12 AM",39.8539
"2016-11-30:12 AM",34.9502
"2016-12-01:12 AM",34.2822
"2016-12-02:12 AM",34.0758
"2016-12-03:12 AM",32.2376
"2016-12-04:12 AM",33.4645
"2016-12-05:12 AM",35.7273
"2016-12-06:12 AM",28.5714
"2016-12-07:12 AM",20.9534
"2016-12-08:12 AM",16.8579
"2016-12-09:12 AM",16.3011
"2016-12-10:12 AM",19.2942
"2016-12-11:12 AM",26.5978
"2016-12-12:12 AM",15.1093
"2016-12-13:12 AM",10.2884
"2016-12-14:12 AM",12.2049
"2016-12-15:12 AM",5.6813
"2016-12-16:12 AM",14.9871
"2016-12-17:12 AM",10.7218
"2016-12-18:12 AM",-6.3693
"2016-12-19:12 AM",9.0462
"2016-12-20:12 AM",24.8792
"2016-12-21:12 AM",30.5308
"2016-12-22:12 AM",29.1418
"2016-12-23:12 AM",32.2846
"2016-12-24:12 AM",30.537
"2016-12-25:12 AM",35.6446
"2016-12-26:12 AM",33.2361
"2016-12-27:12 AM",28.8577
"2016-12-28:12 AM",33.2656
"2016-12-29:12 AM",32.0047
"2016-12-30:12 AM",31.0815
"2016-12-31:12 AM",29.4051
"2017-01-01:12 AM",27.8238
"2017-01-02:12 AM",32.0697
"2017-01-03:12 AM",24.6675
"2017-01-04:12 AM",9.3331
"2017-01-05:12 AM",7.6032
"2017-01-06:12 AM",2.192
"2017-01-07:12 AM",7.5389
"2017-01-08:12 AM",9.4694
"2017-01-09:12 AM",21.5663
"2017-01-10:12 AM",30.2299
"2017-01-11:12 AM",23.2209
"2017-01-12:12 AM",13.7035
"2017-01-13:12 AM",11.8794
"2017-01-14:12 AM",18.1895
"2017-01-15:12 AM",22.8015
"2017-01-16:12 AM",30.7524
"2017-01-17:12 AM",30.1428
"2017-01-18:12 AM",31.3831
"2017-01-19:12 AM",34.1119
"2017-01-20:12 AM",35.4448
"2017-01-21:12 AM",38.9111
"2017-01-22:12 AM",35.2137
"2017-01-23:12 AM",32.8822
"2017-01-24:12 AM",30.591
"2017-01-25:12 AM",31.1896
"2017-01-26:12 AM",25.9113
"2017-01-27:12 AM",23.4831
"2017-01-28:12 AM",30.3456
"2017-01-29:12 AM",28.4725
"2017-01-30:12 AM",31.3963
"2017-01-31:12 AM",34.9171
"2017-02-01:12 AM",28.5589
"2017-02-02:12 AM",17.9839
"2017-02-03:12 AM",17.5946
"2017-02-04:12 AM",26.38
"2017-02-05:12 AM",27.6001
"2017-02-06:12 AM",33.4918
"2017-02-07:12 AM",33.7642
"2017-02-08:12 AM",17.4589
"2017-02-09:12 AM",13.813
"2017-02-10:12 AM",31.399
"2017-02-11:12 AM",40.6171
"2017-02-12:12 AM",37.2801
"2017-02-13:12 AM",36.0682
"2017-02-14:12 AM",36.3303
"2017-02-15:12 AM",32.2779
"2017-02-16:12 AM",39.8336
"2017-02-17:12 AM",49.2498
"2017-02-18:12 AM",47.8065
"2017-02-19:12 AM",50.8334
"2017-02-20:12 AM",57.3897
"2017-02-21:12 AM",50.0778
"2017-02-22:12 AM",53.7712
"2017-02-23:12 AM",41.7367
"2017-02-24:12 AM",30.3321
"2017-02-25:12 AM",22.4062
"2017-02-26:12 AM",29.6425
"2017-02-27:12 AM",35.4589
"2017-02-28:12 AM",46.2043
"2017-03-01:12 AM",35.5831
"2017-03-02:12 AM",28.4378
"2017-03-03:12 AM",27.5529
"2017-03-04:12 AM",37.1419
"2017-03-05:12 AM",48.8696
"2017-03-06:12 AM",56.8951
"2017-03-07:12 AM",43.1717
"2017-03-08:12 AM",39.6408
"2017-03-09:12 AM",33.6913
"2017-03-10:12 AM",24.6848
"2017-03-11:12 AM",24.3144
"2017-03-12:12 AM",23.61
"2017-03-13:12 AM",25.0639
"2017-03-14:12 AM",18.1168
"2017-03-15:12 AM",19.0755
"2017-03-16:12 AM",31.1389
"2017-03-17:12 AM",44.6828
"2017-03-18:12 AM",37.7164
"2017-03-19:12 AM",43.8642
"2017-03-20:12 AM",51.5199
"2017-03-21:12 AM",41.5312
"2017-03-22:12 AM",34.875
"2017-03-23:12 AM",41.707
"2017-03-24:12 AM",52.191
"2017-03-25:12 AM",41.2891
"2017-03-26:12 AM",41.671
"2017-03-27:12 AM",44.1048
"2017-03-28:12 AM",46.0733
"2017-03-29:12 AM",43.4628
"2017-03-30:12 AM",40.1022
"2017-03-31:12 AM",40.3506
"2017-04-01:12 AM",43.804
"2017-04-02:12 AM",47.6814
"2017-04-03:12 AM",49.4285
"2017-04-04:12 AM",49.2552
"2017-04-05:12 AM",44.9728
"2017-04-06:12 AM",43.3243
"2017-04-07:12 AM",43.9914
"2017-04-08:12 AM",55.6543
"2017-04-09:12 AM",63.3614
"2017-04-10:12 AM",53.5285
"2017-04-11:12 AM",44.6821
"2017-04-12:12 AM",51.9895
"2017-04-13:12 AM",57.1392
"2017-04-14:12 AM",61.9146
"2017-04-15:12 AM",64.4869
"2017-04-16:12 AM",58.4415
"2017-04-17:12 AM",57.069
"2017-04-18:12 AM",60.2433
"2017-04-19:12 AM",58.4676
"2017-04-20:12 AM",52.0218
"2017-04-21:12 AM",47.8753
"2017-04-22:12 AM",52.1026
"2017-04-23:12 AM",54.8184
"2017-04-24:12 AM",57.4759
"2017-04-25:12 AM",57.7359
"2017-04-26:12 AM",46.7928
"2017-04-27:12 AM",41.3551
"2017-04-28:12 AM",40.1608
"2017-04-29:12 AM",42.0541
"2017-04-30:12 AM",40.8699
"2017-05-01:12 AM",40.6837
"2017-05-02:12 AM",47.0604
"2017-05-03:12 AM",50.7052
"2017-05-04:12 AM",52.7479
"2017-05-05:12 AM",57.9331
"2017-05-06:12 AM",59.5846
"2017-05-07:12 AM",58.0617
"2017-05-08:12 AM",63.6537
"2017-05-09:12 AM",64.5633
"2017-05-10:12 AM",60.9039
"2017-05-11:12 AM",59.0868
"2017-05-12:12 AM",59.6903
"2017-05-13:12 AM",64.0816
"2017-05-14:12 AM",67.8027
"2017-05-15:12 AM",72.6381
"2017-05-16:12 AM",74.6013
"2017-05-17:12 AM",67.3002
"2017-05-18:12 AM",58.0327
"2017-05-19:12 AM",46.5663
"2017-05-20:12 AM",48.22
"2017-05-21:12 AM",48.4259
"2017-05-22:12 AM",55.7755
"2017-05-23:12 AM",53.802
"2017-05-24:12 AM",53.0487
"2017-05-25:12 AM",58.7444
"2017-05-26:12 AM",64.582
"2017-05-27:12 AM",64.5685
"2017-05-28:12 AM",63.4235
"2017-05-29:12 AM",61.3717
"2017-05-30:12 AM",59.9821
"2017-05-31:12 AM",60.3723
"2017-06-01:12 AM",65.3169
"2017-06-02:12 AM",71.3314
"2017-06-03:12 AM",75.5731
"2017-06-04:12 AM",76.631
"2017-06-05:12 AM",71.1108
"2017-06-06:12 AM",68.0355
"2017-06-07:12 AM",68.2169
"2017-06-08:12 AM",70.003
"2017-06-09:12 AM",74.8733
"2017-06-10:12 AM",76.7001
"2017-06-11:12 AM",79.5472
"2017-06-12:12 AM",80.1657
"2017-06-13:12 AM",80.6697
"2017-06-14:12 AM",79.1429
"2017-06-15:12 AM",77.3364
"2017-06-16:12 AM",74.8708
"2017-06-17:12 AM",72.4237
"2017-06-18:12 AM",66.353
"2017-06-19:12 AM",67.3124
"2017-06-20:12 AM",70.2291
"2017-06-21:12 AM",72.5187
"2017-06-22:12 AM",75.6597
"2017-06-23:12 AM",67.0908
"2017-06-24:12 AM",62.6412
"2017-06-25:12 AM",59.3953
"2017-06-26:12 AM",60.8871
"2017-06-27:12 AM",62.7606
"2017-06-28:12 AM",73.2072
"2017-06-29:12 AM",73.1271
"2017-06-30:12 AM",70.4511
"2017-07-01:12 AM",69.3748
"2017-07-02:12 AM",74.4382
"2017-07-03:12 AM",75.344
"2017-07-04:12 AM",76.8196
"2017-07-05:12 AM",76.9473
"2017-07-06:12 AM",79.3387
"2017-07-07:12 AM",76.4487
"2017-07-08:12 AM",73.4162
"2017-07-09:12 AM",76.0816
"2017-07-10:12 AM",82.3464
"2017-07-11:12 AM",79.417
"2017-07-12:12 AM",83.341
"2017-07-13:12 AM",73.1424
"2017-07-14:12 AM",70.4304
"2017-07-15:12 AM",76.5894
"2017-07-16:12 AM",79.2518
"2017-07-17:12 AM",78.1403
"2017-07-18:12 AM",80.5377
"2017-07-19:12 AM",83.7442
"2017-07-20:12 AM",86.7054
"2017-07-21:12 AM",84.0106
"2017-07-22:12 AM",82.0521
"2017-07-23:12 AM",76.7683
"2017-07-24:12 AM",71.6412
"2017-07-25:12 AM",78.5647
"2017-07-26:12 AM",76.6548
"2017-07-27:12 AM",76.0712
"2017-07-28:12 AM",74.6652
"2017-07-29:12 AM",71.8122
"2017-07-30:12 AM",71.3824
"2017-07-31:12 AM",71.3878
"2017-08-01:12 AM",75.124
"2017-08-02:12 AM",75.3276
"2017-08-03:12 AM",69.9582
"2017-08-04:12 AM",65.0514
"2017-08-05:12 AM",64.3437
"2017-08-06:12 AM",67.8619
"2017-08-07:12 AM",70.4376
"2017-08-08:12 AM",69.1133
"2017-08-09:12 AM",70.8408
"2017-08-10:12 AM",75.4243
"2017-08-11:12 AM",69.881
"2017-08-12:12 AM",68.4428
"2017-08-13:12 AM",67.8339
"2017-08-14:12 AM",70.0783
"2017-08-15:12 AM",71.7386
"2017-08-16:12 AM",72.2885
"2017-08-17:12 AM",72.9183
"2017-08-18:12 AM",71.9184
"2017-08-19:12 AM",72.64
"2017-08-20:12 AM",78.5743
"2017-08-21:12 AM",77.5891
"2017-08-22:12 AM",70.5204
"2017-08-23:12 AM",65.7999
"2017-08-24:12 AM",68.5162
"2017-08-25:12 AM",68.803
"2017-08-26:12 AM",71.4033
"2017-08-27:12 AM",72.5229
"2017-08-28:12 AM",66.2952
"2017-08-29:12 AM",67.1972
"2017-08-30:12 AM",68.0299
"2017-08-31:12 AM",68.0117
"2017-09-01:12 AM",65.0655
"2017-09-02:12 AM",70.416
"2017-09-03:12 AM",72.6708
"2017-09-04:12 AM",76.9876
"2017-09-05:12 AM",62.1322
"2017-09-06:12 AM",57.1055
"2017-09-07:12 AM",58.5315
"2017-09-08:12 AM",69.0195
"2017-09-09:12 AM",70.846
"2017-09-10:12 AM",73.2135
"2017-09-11:12 AM",70.9974
"2017-09-12:12 AM",69.9309
"2017-09-13:12 AM",71.2105
"2017-09-14:12 AM",77.0749
"2017-09-15:12 AM",80.3518
"2017-09-16:12 AM",73.467
"2017-09-17:12 AM",62.0695
"2017-09-18:12 AM",62.6121
"2017-09-19:12 AM",70.7383
"2017-09-20:12 AM",76.3666
"2017-09-21:12 AM",77.1386
"2017-09-22:12 AM",83.428
"2017-09-23:12 AM",80.9398
"2017-09-24:12 AM",78.6681
"2017-09-25:12 AM",71.238
"2017-09-26:12 AM",62.01
"2017-09-27:12 AM",57.3676
"2017-09-28:12 AM",58.3896
"2017-09-29:12 AM",61.1397
"2017-09-30:12 AM",59.5895
"2017-10-01:12 AM",63.7196
"2017-10-02:12 AM",69.177
"2017-10-03:12 AM",69.5811
"2017-10-04:12 AM",59.2401
"2017-10-05:12 AM",59.6628
"2017-10-06:12 AM",62.2803
"2017-10-07:12 AM",60.4369
"2017-10-08:12 AM",61.3852
"2017-10-09:12 AM",55.6322
"2017-10-10:12 AM",45.5716
"2017-10-11:12 AM",48.1786
"2017-10-12:12 AM",54.3303
"2017-10-13:12 AM",54.0032
"2017-10-14:12 AM",58.2505
"2017-10-15:12 AM",47.6992
"2017-10-16:12 AM",50.1028
"2017-10-17:12 AM",57.0731
"2017-10-18:12 AM",58.6765
"2017-10-19:12 AM",58.7712
"2017-10-20:12 AM",63.664
"2017-10-21:12 AM",64.0807
"2017-10-22:12 AM",53.2936
"2017-10-23:12 AM",51.5761
"2017-10-24:12 AM",44.227
"2017-10-25:12 AM",47.6881
"2017-10-26:12 AM",51.616
"2017-10-27:12 AM",35.3183
"2017-10-28:12 AM",32.9711
"2017-10-29:12 AM",38.739
"2017-10-30:12 AM",39.8008
"2017-10-31:12 AM",30.5861
"2017-11-01:12 AM",35.7242
"2017-11-02:12 AM",42.8265
"2017-11-03:12 AM",37.4013
"2017-11-04:12 AM",43.9111
"2017-11-05:12 AM",41.3503
"2017-11-06:12 AM",31.8749
"2017-11-07:12 AM",34.0223
"2017-11-08:12 AM",34.4118
"2017-11-09:12 AM",31.0489
"2017-11-10:12 AM",23.3371
"2017-11-11:12 AM",33.8414
"2017-11-12:12 AM",36.1632
"2017-11-13:12 AM",36.5576
"2017-11-14:12 AM",43.7086
"2017-11-15:12 AM",44.4051
"2017-11-16:12 AM",31.9782
"2017-11-17:12 AM",40.7671
"2017-11-18:12 AM",38.8209
"2017-11-19:12 AM",32.4216
"2017-11-20:12 AM",43.0891
"2017-11-21:12 AM",36.4636
"2017-11-22:12 AM",27.1373
"2017-11-23:12 AM",37.7595
"2017-11-24:12 AM",52.9212
"2017-11-25:12 AM",44.8498
"2017-11-26:12 AM",40.9843
"2017-11-27:12 AM",48.7373
"2017-11-28:12 AM",51.0274
"2017-11-29:12 AM",38.8848
"2017-11-30:12 AM",42.3408
"2017-12-01:12 AM",41.8381
"2017-12-02:12 AM",42.1423
"2017-12-03:12 AM",45.7587
"2017-12-04:12 AM",54.8983
"2017-12-05:12 AM",31.0008
"2017-12-06:12 AM",29.0709
"2017-12-07:12 AM",19.1512
"2017-12-08:12 AM",25.1341
"2017-12-09:12 AM",26.4794
"2017-12-10:12 AM",31.8596
"2017-12-11:12 AM",35.9897
"2017-12-12:12 AM",24.9289
"2017-12-13:12 AM",34.6199
"2017-12-14:12 AM",28.1539
"2017-12-15:12 AM",31.6971
"2017-12-16:12 AM",37.3969
"2017-12-17:12 AM",33.7327
"2017-12-18:12 AM",35.7357
"2017-12-19:12 AM",40.0141
"2017-12-20:12 AM",31.8493
"2017-12-21:12 AM",30.9846
"2017-12-22:12 AM",26.1441
"2017-12-23:12 AM",19.2004
"2017-12-24:12 AM",17.7049
"2017-12-25:12 AM",9.9514
"2017-12-26:12 AM",0.977
"2017-12-27:12 AM",-1.9808
"2017-12-28:12 AM",8.1426
"2017-12-29:12 AM",10.1484
"2017-12-30:12 AM",-2.5641
"2017-12-31:12 AM",-7.9542
"2018-01-01:12 AM",-12.222
"2018-01-02:12 AM",-1.6325
"2018-01-03:12 AM",7.8379
"2018-01-04:12 AM",-0.0456
"2018-01-05:12 AM",2.7153
"2018-01-06:12 AM",0.32
"2018-01-07:12 AM",23.4887
"2018-01-08:12 AM",29.3178
"2018-01-09:12 AM",32.9198
"2018-01-10:12 AM",36.9815
"2018-01-11:12 AM",24.989
"2018-01-12:12 AM",4.914
"2018-01-13:12 AM",3.3807
"2018-01-14:12 AM",11.397
"2018-01-15:12 AM",6.6132
"2018-01-16:12 AM",1.1844
"2018-01-17:12 AM",9.6625
"2018-01-18:12 AM",22.6236
"2018-01-19:12 AM",32.0977
"2018-01-20:12 AM",34.5135
"2018-01-21:12 AM",35.9976
"2018-01-22:12 AM",36.7399
"2018-01-23:12 AM",26.6734
"2018-01-24:12 AM",27.5405
"2018-01-25:12 AM",32.1076
"2018-01-26:12 AM",40.6922
"2018-01-27:12 AM",36.5434
"2018-01-28:12 AM",27.5947
"2018-01-29:12 AM",16.9794
"2018-01-30:12 AM",23.1899
"2018-01-31:12 AM",34.1161
"2018-02-01:12 AM",17.3235
"2018-02-02:12 AM",13.5055
"2018-02-03:12 AM",28.5496
"2018-02-04:12 AM",13.6812
"2018-02-05:12 AM",8.382
"2018-02-06:12 AM",5.1377
"2018-02-07:12 AM",9.8521
"2018-02-08:12 AM",16.2385
"2018-02-09:12 AM",12.8219
"2018-02-10:12 AM",7.8849
"2018-02-11:12 AM",9.581
"2018-02-12:12 AM",8.9006
"2018-02-13:12 AM",20.1151
"2018-02-14:12 AM",32.2736
"2018-02-15:12 AM",36.0372
"2018-02-16:12 AM",19.5804
"2018-02-17:12 AM",25.6649
"2018-02-18:12 AM",32.785
"2018-02-19:12 AM",33.7748
"2018-02-20:12 AM",24.5289
"2018-02-21:12 AM",16.3621
"2018-02-22:12 AM",24.1975
"2018-02-23:12 AM",28.177
"2018-02-24:12 AM",27.3823
"2018-02-25:12 AM",28.4072
"2018-02-26:12 AM",33.9271
"2018-02-27:12 AM",40.5491
"2018-02-28:12 AM",40.5941
"2018-03-01:12 AM",36.1612
"2018-03-02:12 AM",33.9751
"2018-03-03:12 AM",39.4482
"2018-03-04:12 AM",43.5331
"2018-03-05:12 AM",38.3428
"2018-03-06:12 AM",30.0097
"2018-03-07:12 AM",26.0569
"2018-03-08:12 AM",23.0806
"2018-03-09:12 AM",26.3664
"2018-03-10:12 AM",30.1557
"2018-03-11:12 AM",32.4696
"2018-03-12:12 AM",31.3156
"2018-03-13:12 AM",31.4892
"2018-03-14:12 AM",35.7872
"2018-03-15:12 AM",38.629
"2018-03-16:12 AM",34.0471
"2018-03-17:12 AM",34.0884
"2018-03-18:12 AM",36.5853
"2018-03-19:12 AM",38.7037
"2018-03-20:12 AM",34.6609
"2018-03-21:12 AM",34.4822
"2018-03-22:12 AM",38.5794
"2018-03-23:12 AM",39.1959
"2018-03-24:12 AM",32.6554
"2018-03-25:12 AM",31.5199
"2018-03-26:12 AM",35.2908
"2018-03-27:12 AM",37.4083
"2018-03-28:12 AM",39.9623
"2018-03-29:12 AM",36.6512
"2018-03-30:12 AM",37.7379
"2018-03-31:12 AM",38.26
"2018-04-01:12 AM",26.8122
"2018-04-02:12 AM",28.9407
"2018-04-03:12 AM",30.8341
"2018-04-04:12 AM",23.2785
"2018-04-05:12 AM",34.9254
"2018-04-06:12 AM",27.5758
"2018-04-07:12 AM",25.896
"2018-04-08:12 AM",27.6388
"2018-04-09:12 AM",31.1565
"2018-04-10:12 AM",34.0597
"2018-04-11:12 AM",46.7042
"2018-04-12:12 AM",54.4696
"2018-04-13:12 AM",50.0734
"2018-04-14:12 AM",34.2041
"2018-04-15:12 AM",26.7681
"2018-04-16:12 AM",27.3891
"2018-04-17:12 AM",33.8805
"2018-04-18:12 AM",33.5869
"2018-04-19:12 AM",36.0451
"2018-04-20:12 AM",40.4323
"2018-04-21:12 AM",46.072
"2018-04-22:12 AM",49.2125
"2018-04-23:12 AM",53.4799
"2018-04-24:12 AM",55.3818
"2018-04-25:12 AM",51.6796
"2018-04-26:12 AM",51.9467
"2018-04-27:12 AM",54.0842
"2018-04-28:12 AM",48.627
"2018-04-29:12 AM",51.6819
"2018-04-30:12 AM",63.8829
"2018-05-01:12 AM",68.1696
"2018-05-02:12 AM",64.5507
"2018-05-03:12 AM",61.3674
"2018-05-04:12 AM",61.7083
"2018-05-05:12 AM",64.0654
"2018-05-06:12 AM",65.2642
"2018-05-07:12 AM",64.4767
"2018-05-08:12 AM",66.2941
"2018-05-09:12 AM",66.0717
"2018-05-10:12 AM",61.9398
"2018-05-11:12 AM",56.9588
"2018-05-12:12 AM",51.9321
"2018-05-13:12 AM",59.3413
"2018-05-14:12 AM",66.3273
"2018-05-15:12 AM",67.208
"2018-05-16:12 AM",68.5873
"2018-05-17:12 AM",69.3997
"2018-05-18:12 AM",68.4439
"2018-05-19:12 AM",65.4202
"2018-05-20:12 AM",56.6242
"2018-05-21:12 AM",60.7435
"2018-05-22:12 AM",68.0292
"2018-05-23:12 AM",73.0854
"2018-05-24:12 AM",75.4309
"2018-05-25:12 AM",76.6614
"2018-05-26:12 AM",79.8656
"2018-05-27:12 AM",81.8204
"2018-05-28:12 AM",82.1408
"2018-05-29:12 AM",78.0582
"2018-05-30:12 AM",74.0777
"2018-05-31:12 AM",76.4166
"2018-06-01:12 AM",78.4503
"2018-06-02:12 AM",72.86
"2018-06-03:12 AM",67.0519
"2018-06-04:12 AM",66.9636
"2018-06-05:12 AM",74.3396
"2018-06-06:12 AM",76.8427
"2018-06-07:12 AM",74.2231
"2018-06-08:12 AM",76.9629
"2018-06-09:12 AM",78.5428
"2018-06-10:12 AM",74.9817
"2018-06-11:12 AM",70.405
"2018-06-12:12 AM",74.8519
"2018-06-13:12 AM",70.5744
"2018-06-14:12 AM",71.0715
"2018-06-15:12 AM",81.8762
"2018-06-16:12 AM",84.3742
"2018-06-17:12 AM",85.0672
"2018-06-18:12 AM",82.3464
"2018-06-19:12 AM",75.4374
"2018-06-20:12 AM",70.5625
"2018-06-21:12 AM",64.7715
"2018-06-22:12 AM",66.0313
"2018-06-23:12 AM",69.1749
"2018-06-24:12 AM",72.4262
"2018-06-25:12 AM",69.4146
"2018-06-26:12 AM",70.718
"2018-06-27:12 AM",73.746
"2018-06-28:12 AM",75.686
"2018-06-29:12 AM",83.8531
"2018-06-30:12 AM",83.8296
"2018-07-01:12 AM",74.161
"2018-07-02:12 AM",73.121
"2018-07-03:12 AM",78.2593
"2018-07-04:12 AM",82.3366
"2018-07-05:12 AM",78.291
"2018-07-06:12 AM",72.5607
"2018-07-07:12 AM",71.5827
"2018-07-08:12 AM",73.2864
"2018-07-09:12 AM",77.7879
"2018-07-10:12 AM",79.7913
"2018-07-11:12 AM",80.141
"2018-07-12:12 AM",84.1392
"2018-07-13:12 AM",81.2894
"2018-07-14:12 AM",76.1077
"2018-07-15:12 AM",77.1561
"2018-07-16:12 AM",75.2002
"2018-07-17:12 AM",74.5702
"2018-07-18:12 AM",73.666
"2018-07-19:12 AM",73.6169
"2018-07-20:12 AM",72.9707
"2018-07-21:12 AM",71.5993
"2018-07-22:12 AM",71.4497
"2018-07-23:12 AM",72.5979
"2018-07-24:12 AM",72.6688
"2018-07-25:12 AM",73.4434
"2018-07-26:12 AM",69.3358
"2018-07-27:12 AM",65.8238
"2018-07-28:12 AM",67.6985
"2018-07-29:12 AM",69.2695
"2018-07-30:12 AM",68.5612
"2018-07-31:12 AM",71.2258
"2018-08-01:12 AM",71.7627
"2018-08-02:12 AM",69.8338
"2018-08-03:12 AM",78.1576
"2018-08-04:12 AM",81.0343
"2018-08-05:12 AM",82.5501
"2018-08-06:12 AM",76.5993
"2018-08-07:12 AM",73.895
"2018-08-08:12 AM",74.9273
"2018-08-09:12 AM",79.4712
"2018-08-10:12 AM",75.7832
"2018-08-11:12 AM",76.1535
"2018-08-12:12 AM",76.6915
"2018-08-13:12 AM",78.8619
"2018-08-14:12 AM",75.772
"2018-08-15:12 AM",72.4825
"2018-08-16:12 AM",73.7379
"2018-08-17:12 AM",73.7452
"2018-08-18:12 AM",74.4656
"2018-08-19:12 AM",72.932
"2018-08-20:12 AM",67.2474
"2018-08-21:12 AM",67.3475
"2018-08-22:12 AM",64.1932
"2018-08-23:12 AM",65.4175
"2018-08-24:12 AM",70.1901
"2018-08-25:12 AM",75.3377
"2018-08-26:12 AM",77.6464
"2018-08-27:12 AM",81.5508
"2018-08-28:12 AM",75.5798
"2018-08-29:12 AM",63.6228
"2018-08-30:12 AM",65.2608
"2018-08-31:12 AM",72.8721
"2018-09-01:12 AM",76.4191
"2018-09-02:12 AM",75.1989
"2018-09-03:12 AM",72.4519
"2018-09-04:12 AM",74.0275
"2018-09-05:12 AM",69.8344
"2018-09-06:12 AM",64.1284
"2018-09-07:12 AM",61.2082
"2018-09-08:12 AM",60.1556
"2018-09-09:12 AM",59.1706
"2018-09-10:12 AM",60.5449
"2018-09-11:12 AM",65.2879
"2018-09-12:12 AM",68.2268
"2018-09-13:12 AM",69.3027
"2018-09-14:12 AM",73.6075
"2018-09-15:12 AM",75.4853
"2018-09-16:12 AM",73.8138
"2018-09-17:12 AM",75.133
"2018-09-18:12 AM",73.5921
"2018-09-19:12 AM",69.5293
"2018-09-20:12 AM",75.2664
"2018-09-21:12 AM",60.5626
"2018-09-22:12 AM",51.8311
"2018-09-23:12 AM",58.4175
"2018-09-24:12 AM",62.6306
"2018-09-25:12 AM",59.1586
"2018-09-26:12 AM",52.1123
"2018-09-27:12 AM",56.5331
"2018-09-28:12 AM",48.2574
"2018-09-29:12 AM",43.4323
"2018-09-30:12 AM",49.0082
"2018-10-01:12 AM",53.2891
"2018-10-02:12 AM",54.7718
"2018-10-03:12 AM",70.176
"2018-10-04:12 AM",47.7639
"2018-10-05:12 AM",53.7982
"2018-10-06:12 AM",49.725
"2018-10-07:12 AM",49.0892
"2018-10-08:12 AM",59.6559
"2018-10-09:12 AM",61.3141
"2018-10-10:12 AM",52.583
"2018-10-11:12 AM",38.4469
"2018-10-12:12 AM",37.4025
"2018-10-13:12 AM",42.1038
"2018-10-14:12 AM",39.0771
"2018-10-15:12 AM",33.2415
"2018-10-16:12 AM",42.3666
"2018-10-17:12 AM",44.0557
"2018-10-18:12 AM",47.7106
"2018-10-19:12 AM",54.0331
"2018-10-20:12 AM",43.9093
"2018-10-21:12 AM",39.5971
"2018-10-22:12 AM",49.5948
"2018-10-23:12 AM",44.4771
"2018-10-24:12 AM",43.4579
"2018-10-25:12 AM",45.3173
"2018-10-26:12 AM",45.876
"2018-10-27:12 AM",49.8151
"2018-10-28:12 AM",49.8758
"2018-10-29:12 AM",47.275
"2018-10-30:12 AM",51.3977
"2018-10-31:12 AM",47.6006
"2018-11-01:12 AM",46.2171
"2018-11-02:12 AM",44.4958
"2018-11-03:12 AM",42.2145
"2018-11-04:12 AM",41.5555
"2018-11-05:12 AM",42.0195
"2018-11-06:12 AM",38.5756
"2018-11-07:12 AM",31.3596
"2018-11-08:12 AM",29.0473
"2018-11-09:12 AM",24.2265
"2018-11-10:12 AM",18.9223
"2018-11-11:12 AM",28.4864
"2018-11-12:12 AM",24.1668
"2018-11-13:12 AM",20.2759
"2018-11-14:12 AM",28.2229
"2018-11-15:12 AM",31.7665
"2018-11-16:12 AM",35.5152
"2018-11-17:12 AM",29.3101
"2018-11-18:12 AM",21.5919
"2018-11-19:12 AM",26.4582
"2018-11-20:12 AM",24.0586
"2018-11-21:12 AM",32.4828
"2018-11-22:12 AM",37.8936
"2018-11-23:12 AM",43.2815
"2018-11-24:12 AM",42.0993
"2018-11-25:12 AM",30.0673
"2018-11-26:12 AM",20.1936
"2018-11-27:12 AM",16.8845
"2018-11-28:12 AM",22.5435
"2018-11-29:12 AM",29.5077
"2018-11-30:12 AM",32.2513
"2018-12-01:12 AM",34.9655
"2018-12-02:12 AM",32.065
"2018-12-03:12 AM",26.226
"2018-12-04:12 AM",23.2218
"2018-12-05:12 AM",27.1985
"2018-12-06:12 AM",23.0835
"2018-12-07:12 AM",17.8327
"2018-12-08:12 AM",21.7449
"2018-12-09:12 AM",21.1969
"2018-12-10:12 AM",23.4361
"2018-12-11:12 AM",29.3013
"2018-12-12:12 AM",30.8035
"2018-12-13:12 AM",32.1582
"2018-12-14:12 AM",30.4646
"2018-12-15:12 AM",31.4888
"2018-12-16:12 AM",34.5097
"2018-12-17:12 AM",32.3175
"2018-12-18:12 AM",36.345
"2018-12-19:12 AM",40.8859
"2018-12-20:12 AM",36.455
"2018-12-21:12 AM",29.3821
"2018-12-22:12 AM",30.5132
"2018-12-23:12 AM",30.2954
"2018-12-24:12 AM",28.6194
"2018-12-25:12 AM",32.7601
"2018-12-26:12 AM",34.3924
"2018-12-27:12 AM",41.0441
"2018-12-28:12 AM",25.2313
"2018-12-29:12 AM",16.6923
"2018-12-30:12 AM",24.7456
"2018-12-31:12 AM",29.3005
"2019-01-01:12 AM",16.7707
"2019-01-02:12 AM",19.6237
"2019-01-03:12 AM",30.5551
"2019-01-04:12 AM",35.2738
"2019-01-05:12 AM",38.4597
"2019-01-06:12 AM",38.6431
"2019-01-07:12 AM",45.5054
"2019-01-08:12 AM",38.0498
"2019-01-09:12 AM",23.4261
"2019-01-10:12 AM",21.8426
"2019-01-11:12 AM",28.1939
"2019-01-12:12 AM",29.0809
"2019-01-13:12 AM",27.5846
"2019-01-14:12 AM",27.2349
"2019-01-15:12 AM",29.2503
"2019-01-16:12 AM",24.9426
"2019-01-17:12 AM",26.4472
"2019-01-18:12 AM",19.6711
"2019-01-19:12 AM",11.3133
"2019-01-20:12 AM",3.2607
"2019-01-21:12 AM",8.1919
"2019-01-22:12 AM",22.2786
"2019-01-23:12 AM",17.0555
"2019-01-24:12 AM",14.027
"2019-01-25:12 AM",3.5919
"2019-01-26:12 AM",8.7618
"2019-01-27:12 AM",6.2492
"2019-01-28:12 AM",15.3768
"2019-01-29:12 AM",-0.2808
"2019-01-30:12 AM",-16.5028
"2019-01-31:12 AM",-5.2305
"2019-02-01:12 AM",11.4294
"2019-02-02:12 AM",36.2584
"2019-02-03:12 AM",45.7075
"2019-02-04:12 AM",31.7601
"2019-02-05:12 AM",15.9375
"2019-02-06:12 AM",21.0146
"2019-02-07:12 AM",13.7413
"2019-02-08:12 AM",2.0037
"2019-02-09:12 AM",8.1316
"2019-02-10:12 AM",20.946
"2019-02-11:12 AM",23.9126
"2019-02-12:12 AM",22.546
"2019-02-13:12 AM",14.4489
"2019-02-14:12 AM",27.1222
"2019-02-15:12 AM",6.4461
"2019-02-16:12 AM",11.3203
"2019-02-17:12 AM",22.2193
"2019-02-18:12 AM",16.7664
"2019-02-19:12 AM",10.5886
"2019-02-20:12 AM",26.0737
"2019-02-21:12 AM",15.7087
"2019-02-22:12 AM",21.3953
"2019-02-23:12 AM",31.442
"2019-02-24:12 AM",18.0118
"2019-02-25:12 AM",5.9403
"2019-02-26:12 AM",9.1629
"2019-02-27:12 AM",11.5344
"2019-02-28:12 AM",10.1469
"2019-03-01:12 AM",17.6947
"2019-03-02:12 AM",16.3285
"2019-03-03:12 AM",2.8306
"2019-03-04:12 AM",1.1408
"2019-03-05:12 AM",12.254
"2019-03-06:12 AM",16.4421
"2019-03-07:12 AM",19.6462
"2019-03-08:12 AM",26.4337
"2019-03-09:12 AM",32.4468
"2019-03-10:12 AM",28.7056
"2019-03-11:12 AM",28.0936
"2019-03-12:12 AM",34.3407
"2019-03-13:12 AM",46.733
"2019-03-14:12 AM",43.2106
"2019-03-15:12 AM",33.9053