"DateTime","(deg F) Mean Temperature (CFSR) at Kansas, 2010-01-01 to 2019-03-14"
"2010-01-01:12 AM",24.1707
"2010-01-02:12 AM",15.2548
"2010-01-03:12 AM",19.8799
"2010-01-04:12 AM",19.1737
"2010-01-05:12 AM",21.1575
"2010-01-06:12 AM",24.4393
"2010-01-07:12 AM",12.1608
"2010-01-08:12 AM",8.247
"2010-01-09:12 AM",10.9339
"2010-01-10:12 AM",23.5515
"2010-01-11:12 AM",33.769
"2010-01-12:12 AM",33.2701
"2010-01-13:12 AM",40.0118
"2010-01-14:12 AM",40.9338
"2010-01-15:12 AM",36.896
"2010-01-16:12 AM",37.1095
"2010-01-17:12 AM",40.5297
"2010-01-18:12 AM",39.137
"2010-01-19:12 AM",39.3379
"2010-01-20:12 AM",40.5291
"2010-01-21:12 AM",37.7548
"2010-01-22:12 AM",43.3143
"2010-01-23:12 AM",49.35
"2010-01-24:12 AM",37.6716
"2010-01-25:12 AM",33.2022
"2010-01-26:12 AM",30.7
"2010-01-27:12 AM",35.829
"2010-01-28:12 AM",25.7128
"2010-01-29:12 AM",20.6618
"2010-01-30:12 AM",25.1564
"2010-01-31:12 AM",29.9084
"2010-02-01:12 AM",31.5889
"2010-02-02:12 AM",33.9643
"2010-02-03:12 AM",36.1769
"2010-02-04:12 AM",35.1167
"2010-02-05:12 AM",35.4421
"2010-02-06:12 AM",32.6692
"2010-02-07:12 AM",33.7293
"2010-02-08:12 AM",29.2228
"2010-02-09:12 AM",22.0924
"2010-02-10:12 AM",24.2771
"2010-02-11:12 AM",31.1493
"2010-02-12:12 AM",33.706
"2010-02-13:12 AM",38.8168
"2010-02-14:12 AM",29.6922
"2010-02-15:12 AM",26.3543
"2010-02-16:12 AM",27.196
"2010-02-17:12 AM",30.3813
"2010-02-18:12 AM",38.5761
"2010-02-19:12 AM",37.1251
"2010-02-20:12 AM",32.0491
"2010-02-21:12 AM",30.0133
"2010-02-22:12 AM",27.1297
"2010-02-23:12 AM",27.7738
"2010-02-24:12 AM",28.6234
"2010-02-25:12 AM",31.572
"2010-02-26:12 AM",36.1359
"2010-02-27:12 AM",37.5701
"2010-02-28:12 AM",38.0692
"2010-03-01:12 AM",35.643
"2010-03-02:12 AM",36.045
"2010-03-03:12 AM",38.7104
"2010-03-04:12 AM",42.4139
"2010-03-05:12 AM",47.7932
"2010-03-06:12 AM",52.0522
"2010-03-07:12 AM",46.7442
"2010-03-08:12 AM",49.7901
"2010-03-09:12 AM",50.0459
"2010-03-10:12 AM",44.1194
"2010-03-11:12 AM",41.1337
"2010-03-12:12 AM",41.5085
"2010-03-13:12 AM",43.414
"2010-03-14:12 AM",42.5253
"2010-03-15:12 AM",44.0078
"2010-03-16:12 AM",45.1584
"2010-03-17:12 AM",43.4727
"2010-03-18:12 AM",48.4057
"2010-03-19:12 AM",43.1553
"2010-03-20:12 AM",31.6796
"2010-03-21:12 AM",36.7687
"2010-03-22:12 AM",46.2452
"2010-03-23:12 AM",51.847
"2010-03-24:12 AM",45.5851
"2010-03-25:12 AM",45.7813
"2010-03-26:12 AM",49.0984
"2010-03-27:12 AM",46.4583
"2010-03-28:12 AM",47.3448
"2010-03-29:12 AM",53.9434
"2010-03-30:12 AM",63.736
"2010-03-31:12 AM",70.7175
"2010-04-01:12 AM",71.0854
"2010-04-02:12 AM",60.5012
"2010-04-03:12 AM",52.2977
"2010-04-04:12 AM",59.8714
"2010-04-05:12 AM",65.1929
"2010-04-06:12 AM",69.2397
"2010-04-07:12 AM",48.6556
"2010-04-08:12 AM",49.1373
"2010-04-09:12 AM",56.7417
"2010-04-10:12 AM",61.2428
"2010-04-11:12 AM",61.5333
"2010-04-12:12 AM",67.4863
"2010-04-13:12 AM",67.1383
"2010-04-14:12 AM",67.3815
"2010-04-15:12 AM",67.2091
"2010-04-16:12 AM",57.0479
"2010-04-17:12 AM",51.6547
"2010-04-18:12 AM",52.0338
"2010-04-19:12 AM",53.8228
"2010-04-20:12 AM",56.8324
"2010-04-21:12 AM",59.5621
"2010-04-22:12 AM",59.551
"2010-04-23:12 AM",62.6968
"2010-04-24:12 AM",55.8253
"2010-04-25:12 AM",57.7089
"2010-04-26:12 AM",52.5663
"2010-04-27:12 AM",52.5043
"2010-04-28:12 AM",63.0684
"2010-04-29:12 AM",71.6628
"2010-04-30:12 AM",61.7765
"2010-05-01:12 AM",55.6878
"2010-05-02:12 AM",58.9399
"2010-05-03:12 AM",60.2103
"2010-05-04:12 AM",68.8127
"2010-05-05:12 AM",64.1305
"2010-05-06:12 AM",65.7221
"2010-05-07:12 AM",57.5521
"2010-05-08:12 AM",50.6516
"2010-05-09:12 AM",57.3552
"2010-05-10:12 AM",56.9556
"2010-05-11:12 AM",59.0108
"2010-05-12:12 AM",57.2304
"2010-05-13:12 AM",54.5403
"2010-05-14:12 AM",56.2996
"2010-05-15:12 AM",58.4568
"2010-05-16:12 AM",59.5708
"2010-05-17:12 AM",59.8348
"2010-05-18:12 AM",60.9865
"2010-05-19:12 AM",58.3363
"2010-05-20:12 AM",58.0354
"2010-05-21:12 AM",63.7596
"2010-05-22:12 AM",76.0581
"2010-05-23:12 AM",79.2545
"2010-05-24:12 AM",76.6436
"2010-05-25:12 AM",72.4422
"2010-05-26:12 AM",72.5175
"2010-05-27:12 AM",74.5887
"2010-05-28:12 AM",77.2966
"2010-05-29:12 AM",78.1005
"2010-05-30:12 AM",73.4365
"2010-05-31:12 AM",71.7505
"2010-06-01:12 AM",80.8497
"2010-06-02:12 AM",77.5099
"2010-06-03:12 AM",75.9776
"2010-06-04:12 AM",83.2951
"2010-06-05:12 AM",85.5801
"2010-06-06:12 AM",78.8405
"2010-06-07:12 AM",80.1444
"2010-06-08:12 AM",81.6638
"2010-06-09:12 AM",76.9444
"2010-06-10:12 AM",81.849
"2010-06-11:12 AM",85.4913
"2010-06-12:12 AM",79.3927
"2010-06-13:12 AM",74.5466
"2010-06-14:12 AM",70.7686
"2010-06-15:12 AM",72.9786
"2010-06-16:12 AM",78.1797
"2010-06-17:12 AM",84.229
"2010-06-18:12 AM",85.0129
"2010-06-19:12 AM",86.0259
"2010-06-20:12 AM",86.6424
"2010-06-21:12 AM",85.9867
"2010-06-22:12 AM",88.3688
"2010-06-23:12 AM",85.2715
"2010-06-24:12 AM",78.0372
"2010-06-25:12 AM",84.4396
"2010-06-26:12 AM",88.9306
"2010-06-27:12 AM",84.7656
"2010-06-28:12 AM",80.1756
"2010-06-29:12 AM",79.8836
"2010-06-30:12 AM",78.3689
"2010-07-01:12 AM",77.4126
"2010-07-02:12 AM",79.8112
"2010-07-03:12 AM",79.4496
"2010-07-04:12 AM",76.489
"2010-07-05:12 AM",75.747
"2010-07-06:12 AM",77.2322
"2010-07-07:12 AM",75.5483
"2010-07-08:12 AM",72.9601
"2010-07-09:12 AM",74.4226
"2010-07-10:12 AM",78.1158
"2010-07-11:12 AM",81.934
"2010-07-12:12 AM",80.8437
"2010-07-13:12 AM",84.6261
"2010-07-14:12 AM",90.1391
"2010-07-15:12 AM",83.1081
"2010-07-16:12 AM",85.1016
"2010-07-17:12 AM",89.5212
"2010-07-18:12 AM",89.9919
"2010-07-19:12 AM",90.6579
"2010-07-20:12 AM",89.0733
"2010-07-21:12 AM",84.6167
"2010-07-22:12 AM",88.6815
"2010-07-23:12 AM",88.9414
"2010-07-24:12 AM",82.7834
"2010-07-25:12 AM",76.3489
"2010-07-26:12 AM",80.6133
"2010-07-27:12 AM",84.7056
"2010-07-28:12 AM",84.5731
"2010-07-29:12 AM",82.8718
"2010-07-30:12 AM",87.3657
"2010-07-31:12 AM",85.8958
"2010-08-01:12 AM",83.9651
"2010-08-02:12 AM",92.181
"2010-08-03:12 AM",92.7779
"2010-08-04:12 AM",87.1896
"2010-08-05:12 AM",81.1744
"2010-08-06:12 AM",79.81
"2010-08-07:12 AM",83.71
"2010-08-08:12 AM",91.1455
"2010-08-09:12 AM",92.7615
"2010-08-10:12 AM",89.6403
"2010-08-11:12 AM",89.3539
"2010-08-12:12 AM",91.4517
"2010-08-13:12 AM",92.4274
"2010-08-14:12 AM",85.429
"2010-08-15:12 AM",80.3111
"2010-08-16:12 AM",76.2692
"2010-08-17:12 AM",71.3498
"2010-08-18:12 AM",76.9104
"2010-08-19:12 AM",82.706
"2010-08-20:12 AM",86.1291
"2010-08-21:12 AM",84.1995
"2010-08-22:12 AM",82.4826
"2010-08-23:12 AM",84.6187
"2010-08-24:12 AM",73.9938
"2010-08-25:12 AM",69.8221
"2010-08-26:12 AM",71.3435
"2010-08-27:12 AM",74.7691
"2010-08-28:12 AM",79.6167
"2010-08-29:12 AM",83.637
"2010-08-30:12 AM",84.668
"2010-08-31:12 AM",86.7454
"2010-09-01:12 AM",80.5692
"2010-09-02:12 AM",74.9044
"2010-09-03:12 AM",67.1598
"2010-09-04:12 AM",69.7611
"2010-09-05:12 AM",80.1689
"2010-09-06:12 AM",84.3636
"2010-09-07:12 AM",70.644
"2010-09-08:12 AM",72.234
"2010-09-09:12 AM",72.5243
"2010-09-10:12 AM",78.9924
"2010-09-11:12 AM",73.7231
"2010-09-12:12 AM",74.9935
"2010-09-13:12 AM",79.198
"2010-09-14:12 AM",79.8514
"2010-09-15:12 AM",77.5697
"2010-09-16:12 AM",70.3454
"2010-09-17:12 AM",74.118
"2010-09-18:12 AM",76.7817
"2010-09-19:12 AM",72.5052
"2010-09-20:12 AM",80.8246
"2010-09-21:12 AM",80.1518
"2010-09-22:12 AM",79.821
"2010-09-23:12 AM",76.7185
"2010-09-24:12 AM",68.2363
"2010-09-25:12 AM",69.6227
"2010-09-26:12 AM",59.9673
"2010-09-27:12 AM",61.9252
"2010-09-28:12 AM",68.2592
"2010-09-29:12 AM",70.981
"2010-09-30:12 AM",67.3893
"2010-10-01:12 AM",62.8097
"2010-10-02:12 AM",59.7007
"2010-10-03:12 AM",53.1203
"2010-10-04:12 AM",56.5309
"2010-10-05:12 AM",63.1092
"2010-10-06:12 AM",67.6774
"2010-10-07:12 AM",69.523
"2010-10-08:12 AM",74.0853
"2010-10-09:12 AM",68.9634
"2010-10-10:12 AM",64.3012
"2010-10-11:12 AM",59.5953
"2010-10-12:12 AM",61.9806
"2010-10-13:12 AM",57.7584
"2010-10-14:12 AM",59.3389
"2010-10-15:12 AM",63.6305
"2010-10-16:12 AM",68.3159
"2010-10-17:12 AM",62.9501
"2010-10-18:12 AM",60.6645
"2010-10-19:12 AM",55.908
"2010-10-20:12 AM",59.4496
"2010-10-21:12 AM",62.6131
"2010-10-22:12 AM",64.2065
"2010-10-23:12 AM",65.0683
"2010-10-24:12 AM",61.9453
"2010-10-25:12 AM",65.2431
"2010-10-26:12 AM",56.226
"2010-10-27:12 AM",53.6862
"2010-10-28:12 AM",48.5213
"2010-10-29:12 AM",53.4378
"2010-10-30:12 AM",59.0619
"2010-10-31:12 AM",54.6287
"2010-11-01:12 AM",50.8791
"2010-11-02:12 AM",50.589
"2010-11-03:12 AM",54.4944
"2010-11-04:12 AM",49.0492
"2010-11-05:12 AM",42.4303
"2010-11-06:12 AM",50.72
"2010-11-07:12 AM",59.8509
"2010-11-08:12 AM",61.5961
"2010-11-09:12 AM",63.2111
"2010-11-10:12 AM",52.9623
"2010-11-11:12 AM",46.5919
"2010-11-12:12 AM",43.1742
"2010-11-13:12 AM",38.9073
"2010-11-14:12 AM",41.5357
"2010-11-15:12 AM",43.4975
"2010-11-16:12 AM",44.1819
"2010-11-17:12 AM",40.8925
"2010-11-18:12 AM",36.8931
"2010-11-19:12 AM",45.7457
"2010-11-20:12 AM",41.9202
"2010-11-21:12 AM",50.304
"2010-11-22:12 AM",46.2942
"2010-11-23:12 AM",36.4435
"2010-11-24:12 AM",48.8907
"2010-11-25:12 AM",28.4248
"2010-11-26:12 AM",33.8207
"2010-11-27:12 AM",41.3501
"2010-11-28:12 AM",46.9
"2010-11-29:12 AM",43.29
"2010-11-30:12 AM",31.8933
"2010-12-01:12 AM",32.2227
"2010-12-02:12 AM",40.8855
"2010-12-03:12 AM",44.7161
"2010-12-04:12 AM",38.9032
"2010-12-05:12 AM",27.4546
"2010-12-06:12 AM",28.4693
"2010-12-07:12 AM",32.6592
"2010-12-08:12 AM",33.6349
"2010-12-09:12 AM",43.0342
"2010-12-10:12 AM",46.4347
"2010-12-11:12 AM",38.9403
"2010-12-12:12 AM",24.7498
"2010-12-13:12 AM",25.171
"2010-12-14:12 AM",30.3141
"2010-12-15:12 AM",32.338
"2010-12-16:12 AM",34.0651
"2010-12-17:12 AM",30.9927
"2010-12-18:12 AM",29.9845
"2010-12-19:12 AM",35.364
"2010-12-20:12 AM",43.8861
"2010-12-21:12 AM",38.8774
"2010-12-22:12 AM",28.8973
"2010-12-23:12 AM",29.602
"2010-12-24:12 AM",34.0156
"2010-12-25:12 AM",25.7308
"2010-12-26:12 AM",23.2882
"2010-12-27:12 AM",27.3439
"2010-12-28:12 AM",35.0586
"2010-12-29:12 AM",41.7178
"2010-12-30:12 AM",50.1703
"2010-12-31:12 AM",25.7203
"2011-01-01:12 AM",15.6454
"2011-01-02:12 AM",22.1468
"2011-01-03:12 AM",27.2692
"2011-01-04:12 AM",26.0092
"2011-01-05:12 AM",31.4305
"2011-01-06:12 AM",37.7553
"2011-01-07:12 AM",41.2576
"2011-01-08:12 AM",30.4308
"2011-01-09:12 AM",26.9775
"2011-01-10:12 AM",21.3937
"2011-01-11:12 AM",11.224
"2011-01-12:12 AM",7.1294
"2011-01-13:12 AM",19.1988
"2011-01-14:12 AM",29.8654
"2011-01-15:12 AM",33.2722
"2011-01-16:12 AM",27.7902
"2011-01-17:12 AM",39.4453
"2011-01-18:12 AM",32.8131
"2011-01-19:12 AM",23.6885
"2011-01-20:12 AM",18.3277
"2011-01-21:12 AM",26.9528
"2011-01-22:12 AM",33.4177
"2011-01-23:12 AM",25.7731
"2011-01-24:12 AM",29.3923
"2011-01-25:12 AM",30.4952
"2011-01-26:12 AM",32.2662
"2011-01-27:12 AM",39.8017
"2011-01-28:12 AM",45.6264
"2011-01-29:12 AM",45.0624
"2011-01-30:12 AM",30.3577
"2011-01-31:12 AM",24.9219
"2011-02-01:12 AM",8.4283
"2011-02-02:12 AM",4.5255
"2011-02-03:12 AM",8.1907
"2011-02-04:12 AM",20.1159
"2011-02-05:12 AM",32.8678
"2011-02-06:12 AM",34.7736
"2011-02-07:12 AM",28.1586
"2011-02-08:12 AM",12.0796
"2011-02-09:12 AM",7.515
"2011-02-10:12 AM",13.1162
"2011-02-11:12 AM",25.8354
"2011-02-12:12 AM",34.1996
"2011-02-13:12 AM",43.191
"2011-02-14:12 AM",42.1927
"2011-02-15:12 AM",45.3652
"2011-02-16:12 AM",53.3799
"2011-02-17:12 AM",61.9734
"2011-02-18:12 AM",48.8752
"2011-02-19:12 AM",50.9941
"2011-02-20:12 AM",58.473
"2011-02-21:12 AM",33.5151
"2011-02-22:12 AM",33.5179
"2011-02-23:12 AM",44.524
"2011-02-24:12 AM",34.2189
"2011-02-25:12 AM",25.8751
"2011-02-26:12 AM",29.9714
"2011-02-27:12 AM",42.8857
"2011-02-28:12 AM",35.5834
"2011-03-01:12 AM",46.5537
"2011-03-02:12 AM",39.8658
"2011-03-03:12 AM",48.0488
"2011-03-04:12 AM",45.0707
"2011-03-05:12 AM",34.9054
"2011-03-06:12 AM",40.5945
"2011-03-07:12 AM",40.6402
"2011-03-08:12 AM",35.2645
"2011-03-09:12 AM",35.2706
"2011-03-10:12 AM",40.9197
"2011-03-11:12 AM",52.6753
"2011-03-12:12 AM",50.9637
"2011-03-13:12 AM",39.9951
"2011-03-14:12 AM",37.6093
"2011-03-15:12 AM",43.621
"2011-03-16:12 AM",54.8269
"2011-03-17:12 AM",65.3362
"2011-03-18:12 AM",52.3283
"2011-03-19:12 AM",48.8786
"2011-03-20:12 AM",64.6727
"2011-03-21:12 AM",66.0844
"2011-03-22:12 AM",68.0092
"2011-03-23:12 AM",53.9506
"2011-03-24:12 AM",41.3326
"2011-03-25:12 AM",43.0097
"2011-03-26:12 AM",39.6172
"2011-03-27:12 AM",34.259
"2011-03-28:12 AM",35.6268
"2011-03-29:12 AM",37.1588
"2011-03-30:12 AM",39.7465
"2011-03-31:12 AM",47.1988
"2011-04-01:12 AM",52.9511
"2011-04-02:12 AM",59.3098
"2011-04-03:12 AM",72.0842
"2011-04-04:12 AM",47.2755
"2011-04-05:12 AM",53.5991
"2011-04-06:12 AM",61.7846
"2011-04-07:12 AM",57.8449
"2011-04-08:12 AM",61.8967
"2011-04-09:12 AM",73.4099
"2011-04-10:12 AM",70.1956
"2011-04-11:12 AM",57.3667
"2011-04-12:12 AM",58.0921
"2011-04-13:12 AM",64.013
"2011-04-14:12 AM",55.7281
"2011-04-15:12 AM",44.0488
"2011-04-16:12 AM",49.5214
"2011-04-17:12 AM",60.9535
"2011-04-18:12 AM",61.2111
"2011-04-19:12 AM",52.7241
"2011-04-20:12 AM",48.2011
"2011-04-21:12 AM",51.3815
"2011-04-22:12 AM",61.3207
"2011-04-23:12 AM",55.3046
"2011-04-24:12 AM",50.4651
"2011-04-25:12 AM",50.3701
"2011-04-26:12 AM",49.3635
"2011-04-27:12 AM",49.2373
"2011-04-28:12 AM",56.7455
"2011-04-29:12 AM",65.9451
"2011-04-30:12 AM",58.9534
"2011-05-01:12 AM",49.951
"2011-05-02:12 AM",49.5516
"2011-05-03:12 AM",54.194
"2011-05-04:12 AM",62.3003
"2011-05-05:12 AM",59.1427
"2011-05-06:12 AM",63.5412
"2011-05-07:12 AM",71.762
"2011-05-08:12 AM",77.3965
"2011-05-09:12 AM",81.4636
"2011-05-10:12 AM",79.7558
"2011-05-11:12 AM",73.922
"2011-05-12:12 AM",62.3201
"2011-05-13:12 AM",53.3881
"2011-05-14:12 AM",49.8121
"2011-05-15:12 AM",50.9256
"2011-05-16:12 AM",54.8299
"2011-05-17:12 AM",60.0476
"2011-05-18:12 AM",56.9584
"2011-05-19:12 AM",63.0626
"2011-05-20:12 AM",68.3807
"2011-05-21:12 AM",68.6815
"2011-05-22:12 AM",72.8382
"2011-05-23:12 AM",72.8944
"2011-05-24:12 AM",69.3307
"2011-05-25:12 AM",60.9472
"2011-05-26:12 AM",59.7661
"2011-05-27:12 AM",65.7435
"2011-05-28:12 AM",66.4095
"2011-05-29:12 AM",75.7765
"2011-05-30:12 AM",83.615
"2011-05-31:12 AM",75.4101
"2011-06-01:12 AM",75.1118
"2011-06-02:12 AM",82.5134
"2011-06-03:12 AM",86.09
"2011-06-04:12 AM",83.9773
"2011-06-05:12 AM",84.241
"2011-06-06:12 AM",87.2618
"2011-06-07:12 AM",88.5816
"2011-06-08:12 AM",84.6514
"2011-06-09:12 AM",78.0199
"2011-06-10:12 AM",71.1259
"2011-06-11:12 AM",71.6108
"2011-06-12:12 AM",75.6536
"2011-06-13:12 AM",82.6572
"2011-06-14:12 AM",81.7659
"2011-06-15:12 AM",78.8855
"2011-06-16:12 AM",82.4225
"2011-06-17:12 AM",82.9099
"2011-06-18:12 AM",81.3589
"2011-06-19:12 AM",84.043
"2011-06-20:12 AM",83.2752
"2011-06-21:12 AM",73.6182
"2011-06-22:12 AM",75.7746
"2011-06-23:12 AM",77.8303
"2011-06-24:12 AM",82.3719
"2011-06-25:12 AM",86.5134
"2011-06-26:12 AM",89.3721
"2011-06-27:12 AM",83.732
"2011-06-28:12 AM",78.6371
"2011-06-29:12 AM",89.496
"2011-06-30:12 AM",95.3055
"2011-07-01:12 AM",92.5988
"2011-07-02:12 AM",88.4457
"2011-07-03:12 AM",86.5206
"2011-07-04:12 AM",86.506
"2011-07-05:12 AM",89.035
"2011-07-06:12 AM",86.3067
"2011-07-07:12 AM",81.5259
"2011-07-08:12 AM",82.2594
"2011-07-09:12 AM",88.9363
"2011-07-10:12 AM",94.1722
"2011-07-11:12 AM",91.6329
"2011-07-12:12 AM",89.9789
"2011-07-13:12 AM",83.8364
"2011-07-14:12 AM",85.806
"2011-07-15:12 AM",91.6952
"2011-07-16:12 AM",93.7441
"2011-07-17:12 AM",93.6361
"2011-07-18:12 AM",92.7662
"2011-07-19:12 AM",92.4168
"2011-07-20:12 AM",94.1826
"2011-07-21:12 AM",92.3612
"2011-07-22:12 AM",91.0139
"2011-07-23:12 AM",93.7135
"2011-07-24:12 AM",91.4234
"2011-07-25:12 AM",88.0817
"2011-07-26:12 AM",89.0553
"2011-07-27:12 AM",94.2481
"2011-07-28:12 AM",90.9426
"2011-07-29:12 AM",83.9597
"2011-07-30:12 AM",84.3795
"2011-07-31:12 AM",90.9968
"2011-08-01:12 AM",94.0194
"2011-08-02:12 AM",94.0312
"2011-08-03:12 AM",86.8084
"2011-08-04:12 AM",86.1384
"2011-08-05:12 AM",87.6484
"2011-08-06:12 AM",88.2174
"2011-08-07:12 AM",89.9451
"2011-08-08:12 AM",87.5372
"2011-08-09:12 AM",83.041
"2011-08-10:12 AM",73.4243
"2011-08-11:12 AM",78.1641
"2011-08-12:12 AM",82.7823
"2011-08-13:12 AM",79.6878
"2011-08-14:12 AM",78.73
"2011-08-15:12 AM",82.1935
"2011-08-16:12 AM",87.5401
"2011-08-17:12 AM",83.1997
"2011-08-18:12 AM",87.5037
"2011-08-19:12 AM",89.6187
"2011-08-20:12 AM",78.5255
"2011-08-21:12 AM",79.6831
"2011-08-22:12 AM",80.2315
"2011-08-23:12 AM",87.9445
"2011-08-24:12 AM",90.6388
"2011-08-25:12 AM",82.9477
"2011-08-26:12 AM",84.4291
"2011-08-27:12 AM",85.3639
"2011-08-28:12 AM",86.5236
"2011-08-29:12 AM",81.6417
"2011-08-30:12 AM",83.0962
"2011-08-31:12 AM",88.6968
"2011-09-01:12 AM",93.8714
"2011-09-02:12 AM",89.605
"2011-09-03:12 AM",79.3481
"2011-09-04:12 AM",67.9543
"2011-09-05:12 AM",63.8668
"2011-09-06:12 AM",65.262
"2011-09-07:12 AM",66.513
"2011-09-08:12 AM",67.8216
"2011-09-09:12 AM",67.0294
"2011-09-10:12 AM",69.618
"2011-09-11:12 AM",71.4675
"2011-09-12:12 AM",79.389
"2011-09-13:12 AM",77.4999
"2011-09-14:12 AM",63.5891
"2011-09-15:12 AM",53.6311
"2011-09-16:12 AM",55.7222
"2011-09-17:12 AM",58.5604
"2011-09-18:12 AM",65.5635
"2011-09-19:12 AM",67.3473
"2011-09-20:12 AM",69.7311
"2011-09-21:12 AM",61.367
"2011-09-22:12 AM",60.3549
"2011-09-23:12 AM",63.6087
"2011-09-24:12 AM",67.8529
"2011-09-25:12 AM",62.2148
"2011-09-26:12 AM",61.9075
"2011-09-27:12 AM",66.0445
"2011-09-28:12 AM",72.0831
"2011-09-29:12 AM",69.4809
"2011-09-30:12 AM",60.0942
"2011-10-01:12 AM",60.7888
"2011-10-02:12 AM",64.4621
"2011-10-03:12 AM",71.0011
"2011-10-04:12 AM",74.7763
"2011-10-05:12 AM",71.2332
"2011-10-06:12 AM",72.0691
"2011-10-07:12 AM",72.648
"2011-10-08:12 AM",70.0239
"2011-10-09:12 AM",61.686
"2011-10-10:12 AM",58.7608
"2011-10-11:12 AM",61.8663
"2011-10-12:12 AM",63.3564
"2011-10-13:12 AM",59.9268
"2011-10-14:12 AM",58.7129
"2011-10-15:12 AM",59.9211
"2011-10-16:12 AM",64.4344
"2011-10-17:12 AM",52.1415
"2011-10-18:12 AM",47.9401
"2011-10-19:12 AM",45.928
"2011-10-20:12 AM",44.2926
"2011-10-21:12 AM",53.4405
"2011-10-22:12 AM",57.0564
"2011-10-23:12 AM",59.8177
"2011-10-24:12 AM",64.7056
"2011-10-25:12 AM",68.8167
"2011-10-26:12 AM",50.2326
"2011-10-27:12 AM",42.638
"2011-10-28:12 AM",43.9756
"2011-10-29:12 AM",50.5254
"2011-10-30:12 AM",52.4935
"2011-10-31:12 AM",55.0472
"2011-11-01:12 AM",59.8485
"2011-11-02:12 AM",45.7567
"2011-11-03:12 AM",35.7289
"2011-11-04:12 AM",41.4361
"2011-11-05:12 AM",50.8053
"2011-11-06:12 AM",51.4614
"2011-11-07:12 AM",46.2231
"2011-11-08:12 AM",41.6772
"2011-11-09:12 AM",39.6437
"2011-11-10:12 AM",40.7113
"2011-11-11:12 AM",47.4498
"2011-11-12:12 AM",51.9003
"2011-11-13:12 AM",56.5921
"2011-11-14:12 AM",52.741
"2011-11-15:12 AM",50.5281
"2011-11-16:12 AM",38.5734
"2011-11-17:12 AM",35.9424
"2011-11-18:12 AM",48.4898
"2011-11-19:12 AM",51.7408
"2011-11-20:12 AM",31.7755
"2011-11-21:12 AM",32.0187
"2011-11-22:12 AM",39.6565
"2011-11-23:12 AM",47.2309
"2011-11-24:12 AM",53.6504
"2011-11-25:12 AM",53.8101
"2011-11-26:12 AM",45.5284
"2011-11-27:12 AM",35.2029
"2011-11-28:12 AM",38.3086
"2011-11-29:12 AM",40.0503
"2011-11-30:12 AM",40.6076
"2011-12-01:12 AM",38.7725
"2011-12-02:12 AM",31.5504
"2011-12-03:12 AM",38.5689
"2011-12-04:12 AM",28.5933
"2011-12-05:12 AM",22.3005
"2011-12-06:12 AM",17.7183
"2011-12-07:12 AM",25.7821
"2011-12-08:12 AM",30.3012
"2011-12-09:12 AM",29.0032
"2011-12-10:12 AM",29.9599
"2011-12-11:12 AM",34.1101
"2011-12-12:12 AM",38.2291
"2011-12-13:12 AM",41.1955
"2011-12-14:12 AM",49.7761
"2011-12-15:12 AM",37.7078
"2011-12-16:12 AM",32.9054
"2011-12-17:12 AM",36.4928
"2011-12-18:12 AM",42.5883
"2011-12-19:12 AM",41.0891
"2011-12-20:12 AM",30.5883
"2011-12-21:12 AM",31.4028
"2011-12-22:12 AM",30.4792
"2011-12-23:12 AM",23.4009
"2011-12-24:12 AM",29.4987
"2011-12-25:12 AM",31.5804
"2011-12-26:12 AM",33.9334
"2011-12-27:12 AM",34.6775
"2011-12-28:12 AM",37.3001
"2011-12-29:12 AM",45.2802
"2011-12-30:12 AM",46.512
"2011-12-31:12 AM",48.1003
"2012-01-01:12 AM",38.1785
"2012-01-02:12 AM",30.9056
"2012-01-03:12 AM",36.8623
"2012-01-04:12 AM",42.811
"2012-01-05:12 AM",47.3383
"2012-01-06:12 AM",47.4975
"2012-01-07:12 AM",37.8208
"2012-01-08:12 AM",36.0522
"2012-01-09:12 AM",35.8306
"2012-01-10:12 AM",39.6381
"2012-01-11:12 AM",37.6313
"2012-01-12:12 AM",24.0325
"2012-01-13:12 AM",28.8939
"2012-01-14:12 AM",36.7075
"2012-01-15:12 AM",43.7095
"2012-01-16:12 AM",46.3006
"2012-01-17:12 AM",26.3905
"2012-01-18:12 AM",29.5374
"2012-01-19:12 AM",30.1104
"2012-01-20:12 AM",28.8657
"2012-01-21:12 AM",27.6795
"2012-01-22:12 AM",42.9678
"2012-01-23:12 AM",39.1253
"2012-01-24:12 AM",40.8385
"2012-01-25:12 AM",39.8525
"2012-01-26:12 AM",42.4164
"2012-01-27:12 AM",41.3764
"2012-01-28:12 AM",34.6285
"2012-01-29:12 AM",40.3693
"2012-01-30:12 AM",50.0567
"2012-01-31:12 AM",51.3403
"2012-02-01:12 AM",46.3035
"2012-02-02:12 AM",46.6632
"2012-02-03:12 AM",43.7625
"2012-02-04:12 AM",36.1661
"2012-02-05:12 AM",32.4653
"2012-02-06:12 AM",34.2435
"2012-02-07:12 AM",32.8883
"2012-02-08:12 AM",27.6053
"2012-02-09:12 AM",31.1644
"2012-02-10:12 AM",29.0129
"2012-02-11:12 AM",17.0877
"2012-02-12:12 AM",21.4713
"2012-02-13:12 AM",30.47
"2012-02-14:12 AM",34.9988
"2012-02-15:12 AM",36.975
"2012-02-16:12 AM",36.4298
"2012-02-17:12 AM",40.1229
"2012-02-18:12 AM",36.4053
"2012-02-19:12 AM",36.8771
"2012-02-20:12 AM",42.4078
"2012-02-21:12 AM",40.7689
"2012-02-22:12 AM",49.5999
"2012-02-23:12 AM",47.5696
"2012-02-24:12 AM",37.6833
"2012-02-25:12 AM",39.5325
"2012-02-26:12 AM",47.7108
"2012-02-27:12 AM",40.3295
"2012-02-28:12 AM",51.1187
"2012-02-29:12 AM",49.2566
"2012-03-01:12 AM",49.6209
"2012-03-02:12 AM",43.5245
"2012-03-03:12 AM",39.0828
"2012-03-04:12 AM",47.5552
"2012-03-05:12 AM",49.4469
"2012-03-06:12 AM",60.9903
"2012-03-07:12 AM",58.856
"2012-03-08:12 AM",41.0328
"2012-03-09:12 AM",43.6735
"2012-03-10:12 AM",48.0967
"2012-03-11:12 AM",46.8712
"2012-03-12:12 AM",55.6115
"2012-03-13:12 AM",62.3953
"2012-03-14:12 AM",67.6884
"2012-03-15:12 AM",66.8453
"2012-03-16:12 AM",66.7794
"2012-03-17:12 AM",68.7871
"2012-03-18:12 AM",67.734
"2012-03-19:12 AM",62.4664
"2012-03-20:12 AM",51.498
"2012-03-21:12 AM",51.2242
"2012-03-22:12 AM",49.6929
"2012-03-23:12 AM",52.9221
"2012-03-24:12 AM",59.1255
"2012-03-25:12 AM",62.8511
"2012-03-26:12 AM",67.8472
"2012-03-27:12 AM",68.1179
"2012-03-28:12 AM",64.7076
"2012-03-29:12 AM",67.3354
"2012-03-30:12 AM",65.6602
"2012-03-31:12 AM",69.4755
"2012-04-01:12 AM",73.177
"2012-04-02:12 AM",72.009
"2012-04-03:12 AM",56.2897
"2012-04-04:12 AM",53.1826
"2012-04-05:12 AM",53.2265
"2012-04-06:12 AM",54.6253
"2012-04-07:12 AM",57.7787
"2012-04-08:12 AM",53.5631
"2012-04-09:12 AM",57.4925
"2012-04-10:12 AM",55.4553
"2012-04-11:12 AM",50.0382
"2012-04-12:12 AM",54.7518
"2012-04-13:12 AM",63.813
"2012-04-14:12 AM",64.7296
"2012-04-15:12 AM",60.1272
"2012-04-16:12 AM",53.4171
"2012-04-17:12 AM",57.7114
"2012-04-18:12 AM",64.3786
"2012-04-19:12 AM",64.4657
"2012-04-20:12 AM",54.0601
"2012-04-21:12 AM",57.3539
"2012-04-22:12 AM",56.9404
"2012-04-23:12 AM",56.3689
"2012-04-24:12 AM",70.4444
"2012-04-25:12 AM",78.1389
"2012-04-26:12 AM",71.7397
"2012-04-27:12 AM",67.0577
"2012-04-28:12 AM",59.3314
"2012-04-29:12 AM",60.39
"2012-04-30:12 AM",62.5633
"2012-05-01:12 AM",71.3592
"2012-05-02:12 AM",74.736
"2012-05-03:12 AM",75.5609
"2012-05-04:12 AM",77.5346
"2012-05-05:12 AM",78.2568
"2012-05-06:12 AM",67.3002
"2012-05-07:12 AM",58.8114
"2012-05-08:12 AM",60.2677
"2012-05-09:12 AM",62.0292
"2012-05-10:12 AM",67.9194
"2012-05-11:12 AM",65.9988
"2012-05-12:12 AM",58.9903
"2012-05-13:12 AM",61.5144
"2012-05-14:12 AM",65.7518
"2012-05-15:12 AM",70.9529
"2012-05-16:12 AM",71.0319
"2012-05-17:12 AM",74.4737
"2012-05-18:12 AM",78.0656
"2012-05-19:12 AM",74.7322
"2012-05-20:12 AM",66.6455
"2012-05-21:12 AM",66.3242
"2012-05-22:12 AM",72.5461
"2012-05-23:12 AM",79.8519
"2012-05-24:12 AM",74.802
"2012-05-25:12 AM",72.0984
"2012-05-26:12 AM",83.9289
"2012-05-27:12 AM",82.5737
"2012-05-28:12 AM",78.156
"2012-05-29:12 AM",74.748
"2012-05-30:12 AM",73.6605
"2012-05-31:12 AM",64.9018
"2012-06-01:12 AM",58.4973
"2012-06-02:12 AM",68.4946
"2012-06-03:12 AM",78.1666
"2012-06-04:12 AM",80.9082
"2012-06-05:12 AM",77.7022
"2012-06-06:12 AM",74.4247
"2012-06-07:12 AM",74.6739
"2012-06-08:12 AM",74.2347
"2012-06-09:12 AM",79.2106
"2012-06-10:12 AM",81.3889
"2012-06-11:12 AM",77.058
"2012-06-12:12 AM",74.4292
"2012-06-13:12 AM",78.6551
"2012-06-14:12 AM",82.5057
"2012-06-15:12 AM",81.1
"2012-06-16:12 AM",81.6118
"2012-06-17:12 AM",84.882
"2012-06-18:12 AM",88.9336
"2012-06-19:12 AM",86.949
"2012-06-20:12 AM",82.2182
"2012-06-21:12 AM",74.5376
"2012-06-22:12 AM",76.6983
"2012-06-23:12 AM",87.6475
"2012-06-24:12 AM",93.6327
"2012-06-25:12 AM",92.6182
"2012-06-26:12 AM",93.1662
"2012-06-27:12 AM",97.8343
"2012-06-28:12 AM",96.1484
"2012-06-29:12 AM",94.6071
"2012-06-30:12 AM",92.8614
"2012-07-01:12 AM",88.6251
"2012-07-02:12 AM",88.5105
"2012-07-03:12 AM",89.5824
"2012-07-04:12 AM",90.9563
"2012-07-05:12 AM",91.6997
"2012-07-06:12 AM",92.1337
"2012-07-07:12 AM",90.8875
"2012-07-08:12 AM",85.4415
"2012-07-09:12 AM",74.7136
"2012-07-10:12 AM",77.8771
"2012-07-11:12 AM",79.6901
"2012-07-12:12 AM",83.4262
"2012-07-13:12 AM",86.9623
"2012-07-14:12 AM",87.1434
"2012-07-15:12 AM",88.9164
"2012-07-16:12 AM",87.4051
"2012-07-17:12 AM",89.9058
"2012-07-18:12 AM",93.1437
"2012-07-19:12 AM",93.0398
"2012-07-20:12 AM",90.5961
"2012-07-21:12 AM",90.1108
"2012-07-22:12 AM",91.2954
"2012-07-23:12 AM",91.0108
"2012-07-24:12 AM",92.7446
"2012-07-25:12 AM",93.4711
"2012-07-26:12 AM",86.6278
"2012-07-27:12 AM",87.4969
"2012-07-28:12 AM",89.3257
"2012-07-29:12 AM",94.1108
"2012-07-30:12 AM",90.2181
"2012-07-31:12 AM",89.6409
"2012-08-01:12 AM",91.1624
"2012-08-02:12 AM",88.1748
"2012-08-03:12 AM",88.6978
"2012-08-04:12 AM",84.2115
"2012-08-05:12 AM",78.4623
"2012-08-06:12 AM",83.2734
"2012-08-07:12 AM",87.9096
"2012-08-08:12 AM",87.2283
"2012-08-09:12 AM",81.6694
"2012-08-10:12 AM",77.0158
"2012-08-11:12 AM",77.1989
"2012-08-12:12 AM",82.2652
"2012-08-13:12 AM",75.708
"2012-08-14:12 AM",70.8273
"2012-08-15:12 AM",78.3516
"2012-08-16:12 AM",77.2335
"2012-08-17:12 AM",71.114
"2012-08-18:12 AM",72.793
"2012-08-19:12 AM",69.8679
"2012-08-20:12 AM",71.9994
"2012-08-21:12 AM",79.0797
"2012-08-22:12 AM",79.8211
"2012-08-23:12 AM",80.2089
"2012-08-24:12 AM",74.5227
"2012-08-25:12 AM",74.3331
"2012-08-26:12 AM",74.5025
"2012-08-27:12 AM",77.0848
"2012-08-28:12 AM",78.6591
"2012-08-29:12 AM",79.5389
"2012-08-30:12 AM",80.7993
"2012-08-31:12 AM",78.935
"2012-09-01:12 AM",79.7272
"2012-09-02:12 AM",82.9404
"2012-09-03:12 AM",85.4859
"2012-09-04:12 AM",85.1389
"2012-09-05:12 AM",82.375
"2012-09-06:12 AM",79.5634
"2012-09-07:12 AM",73.6396
"2012-09-08:12 AM",66.0133
"2012-09-09:12 AM",68.3474
"2012-09-10:12 AM",70.7767
"2012-09-11:12 AM",79.8787
"2012-09-12:12 AM",76.3513
"2012-09-13:12 AM",58.2354
"2012-09-14:12 AM",58.5698
"2012-09-15:12 AM",61.3393
"2012-09-16:12 AM",65.7633
"2012-09-17:12 AM",63.426
"2012-09-18:12 AM",61.0783
"2012-09-19:12 AM",72.0255
"2012-09-20:12 AM",68.6714
"2012-09-21:12 AM",70.7189
"2012-09-22:12 AM",63.964
"2012-09-23:12 AM",60.0771
"2012-09-24:12 AM",65.624
"2012-09-25:12 AM",70.8897
"2012-09-26:12 AM",67.1367
"2012-09-27:12 AM",63.9054
"2012-09-28:12 AM",63.1456
"2012-09-29:12 AM",62.2494
"2012-09-30:12 AM",64.2871
"2012-10-01:12 AM",64.3113
"2012-10-02:12 AM",59.9644
"2012-10-03:12 AM",65.2977
"2012-10-04:12 AM",56.5146
"2012-10-05:12 AM",48.0036
"2012-10-06:12 AM",41.6701
"2012-10-07:12 AM",40.1875
"2012-10-08:12 AM",50.4399
"2012-10-09:12 AM",55.0121
"2012-10-10:12 AM",50.3683
"2012-10-11:12 AM",60.0418
"2012-10-12:12 AM",53.6819
"2012-10-13:12 AM",65.9512
"2012-10-14:12 AM",62.5003
"2012-10-15:12 AM",64.0521
"2012-10-16:12 AM",68.1643
"2012-10-17:12 AM",61.0435
"2012-10-18:12 AM",52.4206
"2012-10-19:12 AM",52.1755
"2012-10-20:12 AM",59.4453
"2012-10-21:12 AM",66.7319
"2012-10-22:12 AM",65.6114
"2012-10-23:12 AM",67.804
"2012-10-24:12 AM",69.4855
"2012-10-25:12 AM",48.8962
"2012-10-26:12 AM",36.9802
"2012-10-27:12 AM",35.9697
"2012-10-28:12 AM",42.3275
"2012-10-29:12 AM",50.6307
"2012-10-30:12 AM",55.3885
"2012-10-31:12 AM",52.8442
"2012-11-01:12 AM",58.071
"2012-11-02:12 AM",58.5676
"2012-11-03:12 AM",50.3379
"2012-11-04:12 AM",51.2692
"2012-11-05:12 AM",51.076
"2012-11-06:12 AM",50.4189
"2012-11-07:12 AM",50.0916
"2012-11-08:12 AM",55.1802
"2012-11-09:12 AM",60.7957
"2012-11-10:12 AM",68.8883
"2012-11-11:12 AM",40.7593
"2012-11-12:12 AM",34.2948
"2012-11-13:12 AM",40.8355
"2012-11-14:12 AM",43.7941
"2012-11-15:12 AM",45.3182
"2012-11-16:12 AM",44.7546
"2012-11-17:12 AM",50.1951
"2012-11-18:12 AM",52.3193
"2012-11-19:12 AM",54.4946
"2012-11-20:12 AM",52.3983
"2012-11-21:12 AM",57.7812
"2012-11-22:12 AM",61.8372
"2012-11-23:12 AM",40.8848
"2012-11-24:12 AM",42.0102
"2012-11-25:12 AM",46.549
"2012-11-26:12 AM",36.3484
"2012-11-27:12 AM",31.8751
"2012-11-28:12 AM",38.2663
"2012-11-29:12 AM",45.9293
"2012-11-30:12 AM",48.4219
"2012-12-01:12 AM",54.3285
"2012-12-02:12 AM",54.5434
"2012-12-03:12 AM",59.1026
"2012-12-04:12 AM",47.5851
"2012-12-05:12 AM",48.9247
"2012-12-06:12 AM",47.9597
"2012-12-07:12 AM",42.4402
"2012-12-08:12 AM",39.3589
"2012-12-09:12 AM",34.3303
"2012-12-10:12 AM",22.4632
"2012-12-11:12 AM",30.2059
"2012-12-12:12 AM",38.1742
"2012-12-13:12 AM",44.3844
"2012-12-14:12 AM",46.5712
"2012-12-15:12 AM",47.7241
"2012-12-16:12 AM",38.4935
"2012-12-17:12 AM",38.9748
"2012-12-18:12 AM",44.629
"2012-12-19:12 AM",41.2331
"2012-12-20:12 AM",28.5759
"2012-12-21:12 AM",29.3524
"2012-12-22:12 AM",34.0518
"2012-12-23:12 AM",29.1481
"2012-12-24:12 AM",24.5223
"2012-12-25:12 AM",16.9095
"2012-12-26:12 AM",13.7712
"2012-12-27:12 AM",21.4439
"2012-12-28:12 AM",20.3259
"2012-12-29:12 AM",22.3281
"2012-12-30:12 AM",30.5762
"2012-12-31:12 AM",27.7513
"2013-01-01:12 AM",19.5735
"2013-01-02:12 AM",22.7219
"2013-01-03:12 AM",21.3485
"2013-01-04:12 AM",22.9455
"2013-01-05:12 AM",29.1114
"2013-01-06:12 AM",29.3376
"2013-01-07:12 AM",35.0474
"2013-01-08:12 AM",37.1541
"2013-01-09:12 AM",38.5412
"2013-01-10:12 AM",40.7194
"2013-01-11:12 AM",47.3191
"2013-01-12:12 AM",28.9733
"2013-01-13:12 AM",18.1967
"2013-01-14:12 AM",18.225
"2013-01-15:12 AM",21.7054
"2013-01-16:12 AM",31.8484
"2013-01-17:12 AM",36.131
"2013-01-18:12 AM",43.0669
"2013-01-19:12 AM",46.6612
"2013-01-20:12 AM",37.6932
"2013-01-21:12 AM",27.4627
"2013-01-22:12 AM",28.6347
"2013-01-23:12 AM",36.0471
"2013-01-24:12 AM",26.4096
"2013-01-25:12 AM",34.6537
"2013-01-26:12 AM",42.2542
"2013-01-27:12 AM",50.5467
"2013-01-28:12 AM",56.1933
"2013-01-29:12 AM",45.5549
"2013-01-30:12 AM",30.3075
"2013-01-31:12 AM",28.002
"2013-02-01:12 AM",22.3592
"2013-02-02:12 AM",36.498
"2013-02-03:12 AM",39.4603
"2013-02-04:12 AM",42.8299
"2013-02-05:12 AM",43.7061
"2013-02-06:12 AM",47.2701
"2013-02-07:12 AM",48.0655
"2013-02-08:12 AM",39.0913
"2013-02-09:12 AM",42.1756
"2013-02-10:12 AM",42.8218
"2013-02-11:12 AM",33.7312
"2013-02-12:12 AM",34.8717
"2013-02-13:12 AM",38.1187
"2013-02-14:12 AM",41.1076
"2013-02-15:12 AM",32.2246
"2013-02-16:12 AM",33.0474
"2013-02-17:12 AM",45.3288
"2013-02-18:12 AM",45.4014
"2013-02-19:12 AM",33.5948
"2013-02-20:12 AM",28.2387
"2013-02-21:12 AM",22.5091
"2013-02-22:12 AM",20.7558
"2013-02-23:12 AM",23.7738
"2013-02-24:12 AM",31.1643
"2013-02-25:12 AM",31.7993
"2013-02-26:12 AM",28.9661
"2013-02-27:12 AM",31.1621
"2013-02-28:12 AM",30.987
"2013-03-01:12 AM",29.7297
"2013-03-02:12 AM",30.5647
"2013-03-03:12 AM",40.8484
"2013-03-04:12 AM",41.8764
"2013-03-05:12 AM",33.0309
"2013-03-06:12 AM",32.7727
"2013-03-07:12 AM",41.9387
"2013-03-08:12 AM",50.1375
"2013-03-09:12 AM",54.7986
"2013-03-10:12 AM",34.875
"2013-03-11:12 AM",33.5638
"2013-03-12:12 AM",39.2418
"2013-03-13:12 AM",41.0544
"2013-03-14:12 AM",54.5234
"2013-03-15:12 AM",62.7454
"2013-03-16:12 AM",50.5166
"2013-03-17:12 AM",38.0802
"2013-03-18:12 AM",43.0439
"2013-03-19:12 AM",42.2096
"2013-03-20:12 AM",38.7108
"2013-03-21:12 AM",39.8314
"2013-03-22:12 AM",38.4127
"2013-03-23:12 AM",33.2262
"2013-03-24:12 AM",27.7673
"2013-03-25:12 AM",25.4761
"2013-03-26:12 AM",29.6116
"2013-03-27:12 AM",41.3892
"2013-03-28:12 AM",48.2877
"2013-03-29:12 AM",54.7077
"2013-03-30:12 AM",60.9856
"2013-03-31:12 AM",55.5208
"2013-04-01:12 AM",43.8458
"2013-04-02:12 AM",38.633
"2013-04-03:12 AM",40.0453
"2013-04-04:12 AM",45.833
"2013-04-05:12 AM",55.6281
"2013-04-06:12 AM",63.3315
"2013-04-07:12 AM",62.2013
"2013-04-08:12 AM",62.8876
"2013-04-09:12 AM",49.9345
"2013-04-10:12 AM",30.0405
"2013-04-11:12 AM",35.2114
"2013-04-12:12 AM",43.1226
"2013-04-13:12 AM",51.4935
"2013-04-14:12 AM",61.8066
"2013-04-15:12 AM",50.2234
"2013-04-16:12 AM",41.6464
"2013-04-17:12 AM",41.8471
"2013-04-18:12 AM",34.2426
"2013-04-19:12 AM",41.1301
"2013-04-20:12 AM",46.7303
"2013-04-21:12 AM",55.4725
"2013-04-22:12 AM",53.1367
"2013-04-23:12 AM",32.6977
"2013-04-24:12 AM",40.2622
"2013-04-25:12 AM",49.4042
"2013-04-26:12 AM",55.0544
"2013-04-27:12 AM",58.0579
"2013-04-28:12 AM",63.5554
"2013-04-29:12 AM",69.2179
"2013-04-30:12 AM",71.3737
"2013-05-01:12 AM",51.5514
"2013-05-02:12 AM",38.5664
"2013-05-03:12 AM",44.0557
"2013-05-04:12 AM",43.9641
"2013-05-05:12 AM",50.2552
"2013-05-06:12 AM",55.074
"2013-05-07:12 AM",61.9479
"2013-05-08:12 AM",64.3197
"2013-05-09:12 AM",61.7304
"2013-05-10:12 AM",60.2308
"2013-05-11:12 AM",58.4398
"2013-05-12:12 AM",58.3372
"2013-05-13:12 AM",67.7628
"2013-05-14:12 AM",78.0082
"2013-05-15:12 AM",75.5076
"2013-05-16:12 AM",70.084
"2013-05-17:12 AM",71.7066
"2013-05-18:12 AM",75.15
"2013-05-19:12 AM",74.2579
"2013-05-20:12 AM",68.0716
"2013-05-21:12 AM",63.4057
"2013-05-22:12 AM",63.1283
"2013-05-23:12 AM",62.4972
"2013-05-24:12 AM",66.3543
"2013-05-25:12 AM",76.0957
"2013-05-26:12 AM",77.8582
"2013-05-27:12 AM",81.4143
"2013-05-28:12 AM",79.0849
"2013-05-29:12 AM",74.7583
"2013-05-30:12 AM",70.4752
"2013-05-31:12 AM",73.0708
"2013-06-01:12 AM",64.5895
"2013-06-02:12 AM",62.3244
"2013-06-03:12 AM",68.8717
"2013-06-04:12 AM",74.0716
"2013-06-05:12 AM",64.8045
"2013-06-06:12 AM",64.8487
"2013-06-07:12 AM",67.5428
"2013-06-08:12 AM",69.6159
"2013-06-09:12 AM",72.7288
"2013-06-10:12 AM",79.3479
"2013-06-11:12 AM",89.8421
"2013-06-12:12 AM",88.1069
"2013-06-13:12 AM",77.7902
"2013-06-14:12 AM",84.2749
"2013-06-15:12 AM",82.0227
"2013-06-16:12 AM",80.0461
"2013-06-17:12 AM",76.0905
"2013-06-18:12 AM",76.8994
"2013-06-19:12 AM",76.5921
"2013-06-20:12 AM",82.4959
"2013-06-21:12 AM",87.5359
"2013-06-22:12 AM",86.7974
"2013-06-23:12 AM",85.878
"2013-06-24:12 AM",86.358
"2013-06-25:12 AM",88.9623
"2013-06-26:12 AM",89.0956
"2013-06-27:12 AM",90.5092
"2013-06-28:12 AM",84.7632
"2013-06-29:12 AM",79.702
"2013-06-30:12 AM",73.9953
"2013-07-01:12 AM",71.2391
"2013-07-02:12 AM",71.6628
"2013-07-03:12 AM",74.6323
"2013-07-04:12 AM",78.2047
"2013-07-05:12 AM",83.1043
"2013-07-06:12 AM",84.9211
"2013-07-07:12 AM",87.0982
"2013-07-08:12 AM",88.4489
"2013-07-09:12 AM",91.5537
"2013-07-10:12 AM",86.0437
"2013-07-11:12 AM",85.0755
"2013-07-12:12 AM",87.4029
"2013-07-13:12 AM",90.0612
"2013-07-14:12 AM",80.7078
"2013-07-15:12 AM",75.191
"2013-07-16:12 AM",75.1834
"2013-07-17:12 AM",78.6774
"2013-07-18:12 AM",82.2607
"2013-07-19:12 AM",84.8943
"2013-07-20:12 AM",82.9906
"2013-07-21:12 AM",80.6153
"2013-07-22:12 AM",87.0483
"2013-07-23:12 AM",87.2991
"2013-07-24:12 AM",81.0401
"2013-07-25:12 AM",78.2965
"2013-07-26:12 AM",76.9329
"2013-07-27:12 AM",71.3001
"2013-07-28:12 AM",64.0479
"2013-07-29:12 AM",69.825
"2013-07-30:12 AM",74.7892
"2013-07-31:12 AM",77.1649
"2013-08-01:12 AM",77.7904
"2013-08-02:12 AM",79.8489
"2013-08-03:12 AM",76.9464
"2013-08-04:12 AM",75.2787
"2013-08-05:12 AM",79.3616
"2013-08-06:12 AM",81.162
"2013-08-07:12 AM",77.2043
"2013-08-08:12 AM",68.9142
"2013-08-09:12 AM",68.247
"2013-08-10:12 AM",70.3578
"2013-08-11:12 AM",73.3834
"2013-08-12:12 AM",75.1964
"2013-08-13:12 AM",73.2483
"2013-08-14:12 AM",69.5721
"2013-08-15:12 AM",71.5426
"2013-08-16:12 AM",70.5258
"2013-08-17:12 AM",69.4882
"2013-08-18:12 AM",70.2583
"2013-08-19:12 AM",75.099
"2013-08-20:12 AM",78.8043
"2013-08-21:12 AM",81.2354
"2013-08-22:12 AM",81.2273
"2013-08-23:12 AM",81.2822
"2013-08-24:12 AM",83.3256
"2013-08-25:12 AM",84.2232
"2013-08-26:12 AM",84.3139
"2013-08-27:12 AM",84.0339
"2013-08-28:12 AM",82.2735
"2013-08-29:12 AM",85.8693
"2013-08-30:12 AM",87.5161
"2013-08-31:12 AM",86.149
"2013-09-01:12 AM",80.2231
"2013-09-02:12 AM",73.571
"2013-09-03:12 AM",74.5426
"2013-09-04:12 AM",77.9104
"2013-09-05:12 AM",79.9626
"2013-09-06:12 AM",82.7141
"2013-09-07:12 AM",86.4932
"2013-09-08:12 AM",87.0084
"2013-09-09:12 AM",85.5374
"2013-09-10:12 AM",83.5128
"2013-09-11:12 AM",78.5224
"2013-09-12:12 AM",71.5352
"2013-09-13:12 AM",66.3195
"2013-09-14:12 AM",67.8648
"2013-09-15:12 AM",70.8973
"2013-09-16:12 AM",60.8952
"2013-09-17:12 AM",68.5081
"2013-09-18:12 AM",77.2758
"2013-09-19:12 AM",76.2058
"2013-09-20:12 AM",64.0949
"2013-09-21:12 AM",64.4202
"2013-09-22:12 AM",67.4661
"2013-09-23:12 AM",66.3895
"2013-09-24:12 AM",67.1103
"2013-09-25:12 AM",67.2397
"2013-09-26:12 AM",76.352
"2013-09-27:12 AM",77.5333
"2013-09-28:12 AM",63.2808
"2013-09-29:12 AM",60.1113
"2013-09-30:12 AM",64.2047
"2013-10-01:12 AM",68.6178
"2013-10-02:12 AM",71.5201
"2013-10-03:12 AM",73.7184
"2013-10-04:12 AM",71.7836
"2013-10-05:12 AM",51.8461
"2013-10-06:12 AM",53.9056
"2013-10-07:12 AM",58.6263
"2013-10-08:12 AM",65.5203
"2013-10-09:12 AM",66.9142
"2013-10-10:12 AM",68.5564
"2013-10-11:12 AM",66.7976
"2013-10-12:12 AM",58.5999
"2013-10-13:12 AM",57.349
"2013-10-14:12 AM",61.1281
"2013-10-15:12 AM",50.1478
"2013-10-16:12 AM",46.1712
"2013-10-17:12 AM",49.6027
"2013-10-18:12 AM",41.3541
"2013-10-19:12 AM",45.1539
"2013-10-20:12 AM",53.9127
"2013-10-21:12 AM",49.7656
"2013-10-22:12 AM",53.9308
"2013-10-23:12 AM",50.5416
"2013-10-24:12 AM",45.0801
"2013-10-25:12 AM",44.9559
"2013-10-26:12 AM",52.336
"2013-10-27:12 AM",51.49
"2013-10-28:12 AM",55.2371
"2013-10-29:12 AM",55.6905
"2013-10-30:12 AM",55.5899
"2013-10-31:12 AM",50.5845
"2013-11-01:12 AM",50.5953
"2013-11-02:12 AM",46.6054
"2013-11-03:12 AM",52.5632
"2013-11-04:12 AM",53.2098
"2013-11-05:12 AM",49.6049
"2013-11-06:12 AM",39.5816
"2013-11-07:12 AM",43.4689
"2013-11-08:12 AM",51.8326
"2013-11-09:12 AM",51.1725
"2013-11-10:12 AM",47.7338
"2013-11-11:12 AM",48.3665
"2013-11-12:12 AM",29.2496
"2013-11-13:12 AM",37.7872
"2013-11-14:12 AM",45.3454
"2013-11-15:12 AM",46.8464
"2013-11-16:12 AM",59.0758
"2013-11-17:12 AM",55.5503
"2013-11-18:12 AM",44.7757
"2013-11-19:12 AM",48.6019
"2013-11-20:12 AM",52.41
"2013-11-21:12 AM",39.2731
"2013-11-22:12 AM",24.2766
"2013-11-23:12 AM",26.0613
"2013-11-24:12 AM",23.0439
"2013-11-25:12 AM",28.153
"2013-11-26:12 AM",31.0066
"2013-11-27:12 AM",27.9334
"2013-11-28:12 AM",33.8088
"2013-11-29:12 AM",35.2398
"2013-11-30:12 AM",43.0606
"2013-12-01:12 AM",43.0677
"2013-12-02:12 AM",48.7006
"2013-12-03:12 AM",49.14
"2013-12-04:12 AM",32.4347
"2013-12-05:12 AM",17.8083
"2013-12-06:12 AM",13.2121
"2013-12-07:12 AM",10.0812
"2013-12-08:12 AM",17.8682
"2013-12-09:12 AM",14.2435
"2013-12-10:12 AM",22.2714
"2013-12-11:12 AM",22.62
"2013-12-12:12 AM",28.7296
"2013-12-13:12 AM",34.8674
"2013-12-14:12 AM",30.5218
"2013-12-15:12 AM",37.6738
"2013-12-16:12 AM",44.4511
"2013-12-17:12 AM",42.3541
"2013-12-18:12 AM",47.3185
"2013-12-19:12 AM",48.2567
"2013-12-20:12 AM",26.6673
"2013-12-21:12 AM",24.6798
"2013-12-22:12 AM",20.9755
"2013-12-23:12 AM",16.2462
"2013-12-24:12 AM",20.6256
"2013-12-25:12 AM",30.0421
"2013-12-26:12 AM",32.5328
"2013-12-27:12 AM",37.1383
"2013-12-28:12 AM",40.3943
"2013-12-29:12 AM",24.8499
"2013-12-30:12 AM",25.7198
"2013-12-31:12 AM",36.6831
"2014-01-01:12 AM",27.3663
"2014-01-02:12 AM",19.9335
"2014-01-03:12 AM",29.7774
"2014-01-04:12 AM",31.748
"2014-01-05:12 AM",13.1607
"2014-01-06:12 AM",6.2449
"2014-01-07:12 AM",23.4343
"2014-01-08:12 AM",27.4816
"2014-01-09:12 AM",27.4224
"2014-01-10:12 AM",34.5132
"2014-01-11:12 AM",38.0079
"2014-01-12:12 AM",46.1554
"2014-01-13:12 AM",42.301
"2014-01-14:12 AM",40.6213
"2014-01-15:12 AM",35.827
"2014-01-16:12 AM",42.0251
"2014-01-17:12 AM",32.2324
"2014-01-18:12 AM",41.2214
"2014-01-19:12 AM",42.9233
"2014-01-20:12 AM",44.6835
"2014-01-21:12 AM",27.711
"2014-01-22:12 AM",32.5243
"2014-01-23:12 AM",14.1174
"2014-01-24:12 AM",25.9331
"2014-01-25:12 AM",44.6018
"2014-01-26:12 AM",47.554
"2014-01-27:12 AM",20.9179
"2014-01-28:12 AM",17.3503
"2014-01-29:12 AM",26.9953
"2014-01-30:12 AM",39.6923
"2014-01-31:12 AM",27.6823
"2014-02-01:12 AM",24.0703
"2014-02-02:12 AM",17.9307
"2014-02-03:12 AM",22.0194
"2014-02-04:12 AM",22.9291
"2014-02-05:12 AM",5.8534
"2014-02-06:12 AM",1.4846
"2014-02-07:12 AM",7.975
"2014-02-08:12 AM",23.1318
"2014-02-09:12 AM",21.0344
"2014-02-10:12 AM",11.7824
"2014-02-11:12 AM",13.435
"2014-02-12:12 AM",26.6572
"2014-02-13:12 AM",34.5837
"2014-02-14:12 AM",39.9533
"2014-02-15:12 AM",39.8467
"2014-02-16:12 AM",41.3931
"2014-02-17:12 AM",48.2504
"2014-02-18:12 AM",53.5246
"2014-02-19:12 AM",48.031
"2014-02-20:12 AM",43.1922
"2014-02-21:12 AM",41.5904
"2014-02-22:12 AM",44.371
"2014-02-23:12 AM",33.7494
"2014-02-24:12 AM",31.3621
"2014-02-25:12 AM",26.526
"2014-02-26:12 AM",22.0964
"2014-02-27:12 AM",30.5371
"2014-02-28:12 AM",39.1334
"2014-03-01:12 AM",25.0981
"2014-03-02:12 AM",6.8011
"2014-03-03:12 AM",9.1297
"2014-03-04:12 AM",25.992
"2014-03-05:12 AM",33.8382
"2014-03-06:12 AM",37.6959
"2014-03-07:12 AM",43.7634
"2014-03-08:12 AM",33.7449
"2014-03-09:12 AM",43.4026
"2014-03-10:12 AM",56.7801
"2014-03-11:12 AM",54.3126
"2014-03-12:12 AM",42.2499
"2014-03-13:12 AM",50.0853
"2014-03-14:12 AM",55.1489
"2014-03-15:12 AM",53.9505
"2014-03-16:12 AM",40.1853
"2014-03-17:12 AM",45.6165
"2014-03-18:12 AM",48.576
"2014-03-19:12 AM",43.1517
"2014-03-20:12 AM",51.7429
"2014-03-21:12 AM",54.2079
"2014-03-22:12 AM",39.6171
"2014-03-23:12 AM",32.3344
"2014-03-24:12 AM",37.31
"2014-03-25:12 AM",37.5336
"2014-03-26:12 AM",45.5787
"2014-03-27:12 AM",54.5374
"2014-03-28:12 AM",43.6919
"2014-03-29:12 AM",47.4109
"2014-03-30:12 AM",61.8458
"2014-03-31:12 AM",63.5531
"2014-04-01:12 AM",45.0547
"2014-04-02:12 AM",47.2554
"2014-04-03:12 AM",45.8393
"2014-04-04:12 AM",42.6173
"2014-04-05:12 AM",47.4613
"2014-04-06:12 AM",51.4701
"2014-04-07:12 AM",51.0703
"2014-04-08:12 AM",52.1974
"2014-04-09:12 AM",60.4969
"2014-04-10:12 AM",64.5678
"2014-04-11:12 AM",61.9374
"2014-04-12:12 AM",71.0767
"2014-04-13:12 AM",56.2566
"2014-04-14:12 AM",36.6602
"2014-04-15:12 AM",43.3344
"2014-04-16:12 AM",55.9263
"2014-04-17:12 AM",46.5458
"2014-04-18:12 AM",52.0677
"2014-04-19:12 AM",64.1059
"2014-04-20:12 AM",66.0754
"2014-04-21:12 AM",64.7388
"2014-04-22:12 AM",61.4768
"2014-04-23:12 AM",68.7947
"2014-04-24:12 AM",62.5095
"2014-04-25:12 AM",63.4492
"2014-04-26:12 AM",72.4672
"2014-04-27:12 AM",68.8618
"2014-04-28:12 AM",54.7473
"2014-04-29:12 AM",45.1315
"2014-04-30:12 AM",47.1826
"2014-05-01:12 AM",49.8259
"2014-05-02:12 AM",55.2114
"2014-05-03:12 AM",68.3863
"2014-05-04:12 AM",75.6518
"2014-05-05:12 AM",73.8727
"2014-05-06:12 AM",74.8809
"2014-05-07:12 AM",78.7208
"2014-05-08:12 AM",70.8427
"2014-05-09:12 AM",62.0541
"2014-05-10:12 AM",71.7001
"2014-05-11:12 AM",73.4248
"2014-05-12:12 AM",53.1534
"2014-05-13:12 AM",51.8311
"2014-05-14:12 AM",54.5959
"2014-05-15:12 AM",54.3601
"2014-05-16:12 AM",52.6984
"2014-05-17:12 AM",51.7244
"2014-05-18:12 AM",61.2756
"2014-05-19:12 AM",78.1534
"2014-05-20:12 AM",80.1324
"2014-05-21:12 AM",77.047
"2014-05-22:12 AM",75.6577
"2014-05-23:12 AM",67.8999
"2014-05-24:12 AM",68.6392
"2014-05-25:12 AM",71.7323
"2014-05-26:12 AM",71.0038
"2014-05-27:12 AM",72.6757
"2014-05-28:12 AM",76.6486
"2014-05-29:12 AM",78.5093
"2014-05-30:12 AM",77.6561
"2014-05-31:12 AM",76.4206
"2014-06-01:12 AM",79.7211
"2014-06-02:12 AM",77.0803
"2014-06-03:12 AM",82.4385
"2014-06-04:12 AM",82.8721
"2014-06-05:12 AM",75.317
"2014-06-06:12 AM",71.5464
"2014-06-07:12 AM",69.1621
"2014-06-08:12 AM",66.8971
"2014-06-09:12 AM",59.9544
"2014-06-10:12 AM",65.9577
"2014-06-11:12 AM",72.752
"2014-06-12:12 AM",67.9105
"2014-06-13:12 AM",67.9572
"2014-06-14:12 AM",79.2648
"2014-06-15:12 AM",77.0679
"2014-06-16:12 AM",82.632
"2014-06-17:12 AM",88.1193
"2014-06-18:12 AM",87.2406
"2014-06-19:12 AM",80.8021
"2014-06-20:12 AM",82.4742
"2014-06-21:12 AM",83.0689
"2014-06-22:12 AM",79.6651
"2014-06-23:12 AM",74.4786
"2014-06-24:12 AM",74.6382
"2014-06-25:12 AM",76.5919
"2014-06-26:12 AM",80.1511
"2014-06-27:12 AM",80.8032
"2014-06-28:12 AM",78.7084
"2014-06-29:12 AM",82.2697
"2014-06-30:12 AM",87.8254
"2014-07-01:12 AM",77.6354
"2014-07-02:12 AM",71.2434
"2014-07-03:12 AM",71.0924
"2014-07-04:12 AM",77.5427
"2014-07-05:12 AM",83.7205
"2014-07-06:12 AM",88.367
"2014-07-07:12 AM",88.6572
"2014-07-08:12 AM",80.2915
"2014-07-09:12 AM",77.9538
"2014-07-10:12 AM",79.4046
"2014-07-11:12 AM",85.3493
"2014-07-12:12 AM",87.7899
"2014-07-13:12 AM",82.8453
"2014-07-14:12 AM",78.6774
"2014-07-15:12 AM",68.1494
"2014-07-16:12 AM",64.2805
"2014-07-17:12 AM",63.6897
"2014-07-18:12 AM",69.1246
"2014-07-19:12 AM",74.6917
"2014-07-20:12 AM",83.1722
"2014-07-21:12 AM",88.236
"2014-07-22:12 AM",89.6979
"2014-07-23:12 AM",86.0268
"2014-07-24:12 AM",83.9856
"2014-07-25:12 AM",92.0448
"2014-07-26:12 AM",91.6473
"2014-07-27:12 AM",84.1006
"2014-07-28:12 AM",75.4828
"2014-07-29:12 AM",72.3051
"2014-07-30:12 AM",68.7247
"2014-07-31:12 AM",72.3465
"2014-08-01:12 AM",77.2709
"2014-08-02:12 AM",78.5595
"2014-08-03:12 AM",80.9029
"2014-08-04:12 AM",83.0597
"2014-08-05:12 AM",84.9511
"2014-08-06:12 AM",82.8655
"2014-08-07:12 AM",80.7382
"2014-08-08:12 AM",79.2462
"2014-08-09:12 AM",80.7184
"2014-08-10:12 AM",78.5421
"2014-08-11:12 AM",76.5549
"2014-08-12:12 AM",74.0415
"2014-08-13:12 AM",76.0275
"2014-08-14:12 AM",80.1329
"2014-08-15:12 AM",83.223
"2014-08-16:12 AM",82.7643
"2014-08-17:12 AM",82.4067
"2014-08-18:12 AM",85.7505
"2014-08-19:12 AM",85.8877
"2014-08-20:12 AM",87.1788
"2014-08-21:12 AM",88.7671
"2014-08-22:12 AM",86.6217
"2014-08-23:12 AM",86.6853
"2014-08-24:12 AM",87.4701
"2014-08-25:12 AM",85.6998
"2014-08-26:12 AM",80.8327
"2014-08-27:12 AM",79.0776
"2014-08-28:12 AM",78.1219
"2014-08-29:12 AM",75.9654
"2014-08-30:12 AM",77.8563
"2014-08-31:12 AM",82.8336
"2014-09-01:12 AM",75.1293
"2014-09-02:12 AM",74.8962
"2014-09-03:12 AM",82.1343
"2014-09-04:12 AM",86.2808
"2014-09-05:12 AM",67.3122
"2014-09-06:12 AM",63.0421
"2014-09-07:12 AM",65.3718
"2014-09-08:12 AM",74.4631
"2014-09-09:12 AM",80.5276
"2014-09-10:12 AM",69.9967
"2014-09-11:12 AM",56.97
"2014-09-12:12 AM",48.9038
"2014-09-13:12 AM",48.9578
"2014-09-14:12 AM",61.2129
"2014-09-15:12 AM",66.8471
"2014-09-16:12 AM",64.2263
"2014-09-17:12 AM",74.4472
"2014-09-18:12 AM",73.7094
"2014-09-19:12 AM",75.3775
"2014-09-20:12 AM",78.0901
"2014-09-21:12 AM",70.0786
"2014-09-22:12 AM",64.0578
"2014-09-23:12 AM",67.3596
"2014-09-24:12 AM",68.6534
"2014-09-25:12 AM",71.9443
"2014-09-26:12 AM",71.5001
"2014-09-27:12 AM",70.7473
"2014-09-28:12 AM",70.8804
"2014-09-29:12 AM",71.3192
"2014-09-30:12 AM",71.1036
"2014-10-01:12 AM",70.6336
"2014-10-02:12 AM",62.3071
"2014-10-03:12 AM",52.4323
"2014-10-04:12 AM",51.9928
"2014-10-05:12 AM",62.0919
"2014-10-06:12 AM",63.9163
"2014-10-07:12 AM",68.2524
"2014-10-08:12 AM",67.0271
"2014-10-09:12 AM",64.5571
"2014-10-10:12 AM",50.7092
"2014-10-11:12 AM",48.742
"2014-10-12:12 AM",54.0145
"2014-10-13:12 AM",52.5711
"2014-10-14:12 AM",54.1017
"2014-10-15:12 AM",55.6623
"2014-10-16:12 AM",63.2467
"2014-10-17:12 AM",58.7583
"2014-10-18:12 AM",53.0937
"2014-10-19:12 AM",57.4889
"2014-10-20:12 AM",61.6591
"2014-10-21:12 AM",61.9399
"2014-10-22:12 AM",65.381
"2014-10-23:12 AM",63.0864
"2014-10-24:12 AM",66.6392
"2014-10-25:12 AM",68.8537
"2014-10-26:12 AM",70.6611
"2014-10-27:12 AM",65.7586
"2014-10-28:12 AM",53.6508
"2014-10-29:12 AM",52.2012
"2014-10-30:12 AM",57.4232
"2014-10-31:12 AM",43.5207
"2014-11-01:12 AM",42.2238
"2014-11-02:12 AM",56.0169
"2014-11-03:12 AM",59.2007
"2014-11-04:12 AM",48.7729
"2014-11-05:12 AM",51.5827
"2014-11-06:12 AM",50.0063
"2014-11-07:12 AM",53.6085
"2014-11-08:12 AM",51.6189
"2014-11-09:12 AM",54.3439
"2014-11-10:12 AM",54.8739
"2014-11-11:12 AM",26.0717
"2014-11-12:12 AM",17.7048
"2014-11-13:12 AM",16.6807
"2014-11-14:12 AM",21.8311
"2014-11-15:12 AM",27.885
"2014-11-16:12 AM",21.2929
"2014-11-17:12 AM",20.0917
"2014-11-18:12 AM",25.4176
"2014-11-19:12 AM",37.3483
"2014-11-20:12 AM",33.9215
"2014-11-21:12 AM",36.1085
"2014-11-22:12 AM",49.4643
"2014-11-23:12 AM",49.6423
"2014-11-24:12 AM",40.2258
"2014-11-25:12 AM",37.1845
"2014-11-26:12 AM",39.1658
"2014-11-27:12 AM",32.9931
"2014-11-28:12 AM",47.5984
"2014-11-29:12 AM",54.8352
"2014-11-30:12 AM",39.994
"2014-12-01:12 AM",21.4471
"2014-12-02:12 AM",28.2121
"2014-12-03:12 AM",34.7668
"2014-12-04:12 AM",37.7874
"2014-12-05:12 AM",45.2214
"2014-12-06:12 AM",40.4553
"2014-12-07:12 AM",41.3134
"2014-12-08:12 AM",44.6342
"2014-12-09:12 AM",37.9141
"2014-12-10:12 AM",36.36
"2014-12-11:12 AM",39.7605
"2014-12-12:12 AM",46.04
"2014-12-13:12 AM",50.8368
"2014-12-14:12 AM",54.6336
"2014-12-15:12 AM",41.3395
"2014-12-16:12 AM",30.2454
"2014-12-17:12 AM",30.5605
"2014-12-18:12 AM",30.5449
"2014-12-19:12 AM",32.6399
"2014-12-20:12 AM",35.7483
"2014-12-21:12 AM",39.1005
"2014-12-22:12 AM",43.0822
"2014-12-23:12 AM",35.7415
"2014-12-24:12 AM",32.5596
"2014-12-25:12 AM",40.1238
"2014-12-26:12 AM",35.602
"2014-12-27:12 AM",25.777
"2014-12-28:12 AM",25.6685
"2014-12-29:12 AM",26.4882
"2014-12-30:12 AM",12.5308
"2014-12-31:12 AM",9.7293
"2015-01-01:12 AM",19.1973
"2015-01-02:12 AM",23.5648
"2015-01-03:12 AM",28.8264
"2015-01-04:12 AM",11.5005
"2015-01-05:12 AM",17.2877
"2015-01-06:12 AM",24.3477
"2015-01-07:12 AM",13.8745
"2015-01-08:12 AM",20.9817
"2015-01-09:12 AM",18.9768
"2015-01-10:12 AM",24.6535
"2015-01-11:12 AM",29.4298
"2015-01-12:12 AM",23.5033
"2015-01-13:12 AM",19.8849
"2015-01-14:12 AM",26.9427
"2015-01-15:12 AM",33.1349
"2015-01-16:12 AM",39.8525
"2015-01-17:12 AM",44.406
"2015-01-18:12 AM",44.1232
"2015-01-19:12 AM",47.248
"2015-01-20:12 AM",42.7897
"2015-01-21:12 AM",37.2574
"2015-01-22:12 AM",32.9785
"2015-01-23:12 AM",33.6007
"2015-01-24:12 AM",42.5431
"2015-01-25:12 AM",44.4906
"2015-01-26:12 AM",46.5035
"2015-01-27:12 AM",53.1873
"2015-01-28:12 AM",57.0232
"2015-01-29:12 AM",45.2338
"2015-01-30:12 AM",35.8147
"2015-01-31:12 AM",36.7927
"2015-02-01:12 AM",27.5281
"2015-02-02:12 AM",19.7782
"2015-02-03:12 AM",36.0896
"2015-02-04:12 AM",29.8643
"2015-02-05:12 AM",25.8199
"2015-02-06:12 AM",42.422
"2015-02-07:12 AM",51.3435
"2015-02-08:12 AM",56.6677
"2015-02-09:12 AM",48.6034
"2015-02-10:12 AM",44.9141
"2015-02-11:12 AM",41.1636
"2015-02-12:12 AM",31.0095
"2015-02-13:12 AM",39.8988
"2015-02-14:12 AM",43.4269
"2015-02-15:12 AM",23.761
"2015-02-16:12 AM",24.6391
"2015-02-17:12 AM",29.1533
"2015-02-18:12 AM",24.6358
"2015-02-19:12 AM",27.1915
"2015-02-20:12 AM",33.7305
"2015-02-21:12 AM",38.1079
"2015-02-22:12 AM",22.8598
"2015-02-23:12 AM",17.5719
"2015-02-24:12 AM",25.3195
"2015-02-25:12 AM",35.3422
"2015-02-26:12 AM",20.6312
"2015-02-27:12 AM",15.6522
"2015-02-28:12 AM",17.9211
"2015-03-01:12 AM",23.8806
"2015-03-02:12 AM",26.5433
"2015-03-03:12 AM",37.7375
"2015-03-04:12 AM",25.5022
"2015-03-05:12 AM",25.6755
"2015-03-06:12 AM",39.3874
"2015-03-07:12 AM",47.7012
"2015-03-08:12 AM",50.8116
"2015-03-09:12 AM",47.9759
"2015-03-10:12 AM",53.3475
"2015-03-11:12 AM",56.4651
"2015-03-12:12 AM",58.573
"2015-03-13:12 AM",57.6901
"2015-03-14:12 AM",54.6435
"2015-03-15:12 AM",55.6948
"2015-03-16:12 AM",65.2545
"2015-03-17:12 AM",50.2108
"2015-03-18:12 AM",45.572
"2015-03-19:12 AM",43.4415
"2015-03-20:12 AM",51.2926
"2015-03-21:12 AM",57.1298
"2015-03-22:12 AM",59.2813
"2015-03-23:12 AM",54.5319
"2015-03-24:12 AM",53.9911
"2015-03-25:12 AM",49.3313
"2015-03-26:12 AM",44.8048
"2015-03-27:12 AM",45.3317
"2015-03-28:12 AM",55.0121
"2015-03-29:12 AM",59.0646
"2015-03-30:12 AM",58.2967
"2015-03-31:12 AM",63.7423
"2015-04-01:12 AM",68.5886
"2015-04-02:12 AM",62.8705
"2015-04-03:12 AM",48.371
"2015-04-04:12 AM",47.4069
"2015-04-05:12 AM",56.833
"2015-04-06:12 AM",62.7141
"2015-04-07:12 AM",65.5977
"2015-04-08:12 AM",59.9774
"2015-04-09:12 AM",55.1442
"2015-04-10:12 AM",51.015
"2015-04-11:12 AM",59.1928
"2015-04-12:12 AM",63.1339
"2015-04-13:12 AM",58.0424
"2015-04-14:12 AM",55.8774
"2015-04-15:12 AM",57.182
"2015-04-16:12 AM",60.8826
"2015-04-17:12 AM",63.2071
"2015-04-18:12 AM",61.6379
"2015-04-19:12 AM",53.2897
"2015-04-20:12 AM",49.5622
"2015-04-21:12 AM",57.198
"2015-04-22:12 AM",52.4368
"2015-04-23:12 AM",52.6878
"2015-04-24:12 AM",61.1143
"2015-04-25:12 AM",62.2562
"2015-04-26:12 AM",51.2231
"2015-04-27:12 AM",51.3837
"2015-04-28:12 AM",55.5208
"2015-04-29:12 AM",59.2025
"2015-04-30:12 AM",61.9092
"2015-05-01:12 AM",63.5637
"2015-05-02:12 AM",67.6989
"2015-05-03:12 AM",72.7378
"2015-05-04:12 AM",67.9849
"2015-05-05:12 AM",63.1875
"2015-05-06:12 AM",64.8039
"2015-05-07:12 AM",68.5663
"2015-05-08:12 AM",61.0702
"2015-05-09:12 AM",60.9625
"2015-05-10:12 AM",59.0673
"2015-05-11:12 AM",51.1142
"2015-05-12:12 AM",55.0398
"2015-05-13:12 AM",56.8108
"2015-05-14:12 AM",64.8714
"2015-05-15:12 AM",70.0914
"2015-05-16:12 AM",68.0877
"2015-05-17:12 AM",67.3651
"2015-05-18:12 AM",61.7959
"2015-05-19:12 AM",49.9012
"2015-05-20:12 AM",48.7162
"2015-05-21:12 AM",51.9697
"2015-05-22:12 AM",53.5343
"2015-05-23:12 AM",56.7547
"2015-05-24:12 AM",62.6992
"2015-05-25:12 AM",65.3324
"2015-05-26:12 AM",65.9763
"2015-05-27:12 AM",67.0662
"2015-05-28:12 AM",69.7431
"2015-05-29:12 AM",67.8812
"2015-05-30:12 AM",59.4541
"2015-05-31:12 AM",60.5862
"2015-06-01:12 AM",65.6029
"2015-06-02:12 AM",71.2762
"2015-06-03:12 AM",75.519
"2015-06-04:12 AM",76.4987
"2015-06-05:12 AM",76.1848
"2015-06-06:12 AM",77.8613
"2015-06-07:12 AM",78.9129
"2015-06-08:12 AM",76.188
"2015-06-09:12 AM",79.5639
"2015-06-10:12 AM",82.4193
"2015-06-11:12 AM",77.3497
"2015-06-12:12 AM",68.0806
"2015-06-13:12 AM",70.1886
"2015-06-14:12 AM",72.7142
"2015-06-15:12 AM",72.2867
"2015-06-16:12 AM",71.553
"2015-06-17:12 AM",75.4261
"2015-06-18:12 AM",76.2568
"2015-06-19:12 AM",76.9757
"2015-06-20:12 AM",83.3351
"2015-06-21:12 AM",83.4422
"2015-06-22:12 AM",84.763
"2015-06-23:12 AM",80.7994
"2015-06-24:12 AM",84.9535
"2015-06-25:12 AM",84.3872
"2015-06-26:12 AM",76.3092
"2015-06-27:12 AM",74.8479
"2015-06-28:12 AM",79.8967
"2015-06-29:12 AM",78.4778
"2015-06-30:12 AM",81.6334
"2015-07-01:12 AM",86.052
"2015-07-02:12 AM",78.2299
"2015-07-03:12 AM",73.7834
"2015-07-04:12 AM",75.2668
"2015-07-05:12 AM",83.9286
"2015-07-06:12 AM",78.6637
"2015-07-07:12 AM",68.8563
"2015-07-08:12 AM",66.7728
"2015-07-09:12 AM",67.7691
"2015-07-10:12 AM",74.6566
"2015-07-11:12 AM",81.5756
"2015-07-12:12 AM",85.7784
"2015-07-13:12 AM",87.789
"2015-07-14:12 AM",85.1886
"2015-07-15:12 AM",83.3056
"2015-07-16:12 AM",83.2638
"2015-07-17:12 AM",84.5101
"2015-07-18:12 AM",85.3759
"2015-07-19:12 AM",82.8716
"2015-07-20:12 AM",81.4014
"2015-07-21:12 AM",76.2103
"2015-07-22:12 AM",75.1543
"2015-07-23:12 AM",81.6157
"2015-07-24:12 AM",87.1516
"2015-07-25:12 AM",81.4428
"2015-07-26:12 AM",81.5997
"2015-07-27:12 AM",82.3464
"2015-07-28:12 AM",84.18
"2015-07-29:12 AM",74.9091
"2015-07-30:12 AM",73.7353
"2015-07-31:12 AM",77.7155
"2015-08-01:12 AM",79.6746
"2015-08-02:12 AM",81.0118
"2015-08-03:12 AM",81.1938
"2015-08-04:12 AM",77.3762
"2015-08-05:12 AM",76.7556
"2015-08-06:12 AM",77.095
"2015-08-07:12 AM",80.4997
"2015-08-08:12 AM",82.7454
"2015-08-09:12 AM",80.7004
"2015-08-10:12 AM",78.602
"2015-08-11:12 AM",73.3037
"2015-08-12:12 AM",71.3244
"2015-08-13:12 AM",74.5
"2015-08-14:12 AM",77.477
"2015-08-15:12 AM",77.9628
"2015-08-16:12 AM",78.5206
"2015-08-17:12 AM",77.4419
"2015-08-18:12 AM",73.6408
"2015-08-19:12 AM",64.6794
"2015-08-20:12 AM",68.3497
"2015-08-21:12 AM",72.3371
"2015-08-22:12 AM",78.9935
"2015-08-23:12 AM",69.2634
"2015-08-24:12 AM",67.0417
"2015-08-25:12 AM",71.9949
"2015-08-26:12 AM",77.4522
"2015-08-27:12 AM",79.576
"2015-08-28:12 AM",76.8002
"2015-08-29:12 AM",73.1143
"2015-08-30:12 AM",72.6404
"2015-08-31:12 AM",78.7957
"2015-09-01:12 AM",81.7266
"2015-09-02:12 AM",82.427
"2015-09-03:12 AM",83.1889
"2015-09-04:12 AM",82.6304
"2015-09-05:12 AM",83.9683
"2015-09-06:12 AM",85.7142
"2015-09-07:12 AM",81.6093
"2015-09-08:12 AM",77.0203
"2015-09-09:12 AM",73.888
"2015-09-10:12 AM",76.4553
"2015-09-11:12 AM",66.0862
"2015-09-12:12 AM",63.2883
"2015-09-13:12 AM",69.7246
"2015-09-14:12 AM",77.1498
"2015-09-15:12 AM",79.5285
"2015-09-16:12 AM",80.3496
"2015-09-17:12 AM",82.5883
"2015-09-18:12 AM",72.1605
"2015-09-19:12 AM",61.902
"2015-09-20:12 AM",66.5083
"2015-09-21:12 AM",70.8993
"2015-09-22:12 AM",77.0729
"2015-09-23:12 AM",73.2574
"2015-09-24:12 AM",71.827
"2015-09-25:12 AM",69.2982
"2015-09-26:12 AM",68.1647
"2015-09-27:12 AM",69.2897
"2015-09-28:12 AM",72.7813
"2015-09-29:12 AM",67.9978
"2015-09-30:12 AM",62.9553
"2015-10-01:12 AM",60.0213
"2015-10-02:12 AM",56.1272
"2015-10-03:12 AM",53.6369
"2015-10-04:12 AM",56.021
"2015-10-05:12 AM",57.4237
"2015-10-06:12 AM",60.847
"2015-10-07:12 AM",64.1251
"2015-10-08:12 AM",68.8555
"2015-10-09:12 AM",60.8936
"2015-10-10:12 AM",62.0271
"2015-10-11:12 AM",71.6076
"2015-10-12:12 AM",68.6754
"2015-10-13:12 AM",65.2311
"2015-10-14:12 AM",65.5491
"2015-10-15:12 AM",64.618
"2015-10-16:12 AM",55.4202
"2015-10-17:12 AM",54.0964
"2015-10-18:12 AM",62.0728
"2015-10-19:12 AM",68.1834
"2015-10-20:12 AM",70.6996
"2015-10-21:12 AM",65.6217
"2015-10-22:12 AM",61.8962
"2015-10-23:12 AM",61.216
"2015-10-24:12 AM",54.2406
"2015-10-25:12 AM",52.1643
"2015-10-26:12 AM",51.9445
"2015-10-27:12 AM",53.5474
"2015-10-28:12 AM",52.9572
"2015-10-29:12 AM",45.7599
"2015-10-30:12 AM",44.5968
"2015-10-31:12 AM",49.764
"2015-11-01:12 AM",57.3165
"2015-11-02:12 AM",59.3906
"2015-11-03:12 AM",61.0261
"2015-11-04:12 AM",62.7573
"2015-11-05:12 AM",61.0925
"2015-11-06:12 AM",48.1107
"2015-11-07:12 AM",45.595
"2015-11-08:12 AM",47.4413
"2015-11-09:12 AM",49.8292
"2015-11-10:12 AM",53.8844
"2015-11-11:12 AM",54.7183
"2015-11-12:12 AM",46.0819
"2015-11-13:12 AM",46.515
"2015-11-14:12 AM",52.2892
"2015-11-15:12 AM",52.7553
"2015-11-16:12 AM",57.2877
"2015-11-17:12 AM",52.182
"2015-11-18:12 AM",44.3791
"2015-11-19:12 AM",39.956
"2015-11-20:12 AM",42.3795
"2015-11-21:12 AM",32.7427
"2015-11-22:12 AM",36.7952
"2015-11-23:12 AM",45.4411
"2015-11-24:12 AM",47.1132
"2015-11-25:12 AM",51.5826
"2015-11-26:12 AM",40.7446
"2015-11-27:12 AM",24.9602
"2015-11-28:12 AM",25.9821
"2015-11-29:12 AM",29.208
"2015-11-30:12 AM",31.129
"2015-12-01:12 AM",32.1111
"2015-12-02:12 AM",35.1608
"2015-12-03:12 AM",36.3884
"2015-12-04:12 AM",41.9567
"2015-12-05:12 AM",44.7876
"2015-12-06:12 AM",43.8474
"2015-12-07:12 AM",43.8501
"2015-12-08:12 AM",48.6912
"2015-12-09:12 AM",52.1164
"2015-12-10:12 AM",54.12
"2015-12-11:12 AM",54.3672
"2015-12-12:12 AM",46.6353
"2015-12-13:12 AM",41.8935
"2015-12-14:12 AM",36.3225
"2015-12-15:12 AM",39.2158
"2015-12-16:12 AM",33.1923
"2015-12-17:12 AM",29.1317
"2015-12-18:12 AM",28.4139
"2015-12-19:12 AM",35.2281
"2015-12-20:12 AM",46.4176
"2015-12-21:12 AM",39.9792
"2015-12-22:12 AM",42.8918
"2015-12-23:12 AM",44.5581
"2015-12-24:12 AM",38.2842
"2015-12-25:12 AM",36.3492
"2015-12-26:12 AM",37.9414
"2015-12-27:12 AM",25.864
"2015-12-28:12 AM",23.7735
"2015-12-29:12 AM",21.9585
"2015-12-30:12 AM",25.0875
"2015-12-31:12 AM",25.551
"2016-01-01:12 AM",27.4228
"2016-01-02:12 AM",31.0696
"2016-01-03:12 AM",31.4879
"2016-01-04:12 AM",28.9681
"2016-01-05:12 AM",31.9474
"2016-01-06:12 AM",36.8274
"2016-01-07:12 AM",38.8422
"2016-01-08:12 AM",34.2284
"2016-01-09:12 AM",26.119
"2016-01-10:12 AM",20.3529
"2016-01-11:12 AM",30.9103
"2016-01-12:12 AM",31.4901
"2016-01-13:12 AM",35.762
"2016-01-14:12 AM",41.7441
"2016-01-15:12 AM",37.3815
"2016-01-16:12 AM",30.8071
"2016-01-17:12 AM",21.5389
"2016-01-18:12 AM",20.8819
"2016-01-19:12 AM",26.478
"2016-01-20:12 AM",27.8222
"2016-01-21:12 AM",29.6825
"2016-01-22:12 AM",27.4887
"2016-01-23:12 AM",28.1921
"2016-01-24:12 AM",36.1173
"2016-01-25:12 AM",37.3384
"2016-01-26:12 AM",32.0265
"2016-01-27:12 AM",36.2376
"2016-01-28:12 AM",42.0795
"2016-01-29:12 AM",46.8396
"2016-01-30:12 AM",46.4049
"2016-01-31:12 AM",44.6072
"2016-02-01:12 AM",40.2285
"2016-02-02:12 AM",36.2637
"2016-02-03:12 AM",26.343
"2016-02-04:12 AM",26.4744
"2016-02-05:12 AM",30.4336
"2016-02-06:12 AM",33.4256
"2016-02-07:12 AM",38.345
"2016-02-08:12 AM",32.6916
"2016-02-09:12 AM",33.3306
"2016-02-10:12 AM",40.6936
"2016-02-11:12 AM",39.3291
"2016-02-12:12 AM",37.962
"2016-02-13:12 AM",29.8985
"2016-02-14:12 AM",38.4159
"2016-02-15:12 AM",44.7807
"2016-02-16:12 AM",45.225
"2016-02-17:12 AM",47.2714
"2016-02-18:12 AM",59.5863
"2016-02-19:12 AM",60.8446
"2016-02-20:12 AM",56.176
"2016-02-21:12 AM",49.0014
"2016-02-22:12 AM",42.9404
"2016-02-23:12 AM",42.7847
"2016-02-24:12 AM",40.7161
"2016-02-25:12 AM",36.1794
"2016-02-26:12 AM",40.4766
"2016-02-27:12 AM",52.5115
"2016-02-28:12 AM",57.4
"2016-02-29:12 AM",54.0176
"2016-03-01:12 AM",45.6721
"2016-03-02:12 AM",48.4988
"2016-03-03:12 AM",50.0662
"2016-03-04:12 AM",51.4033
"2016-03-05:12 AM",53.4153
"2016-03-06:12 AM",60.7408
"2016-03-07:12 AM",64.0053
"2016-03-08:12 AM",57.124
"2016-03-09:12 AM",52.3407
"2016-03-10:12 AM",54.4654
"2016-03-11:12 AM",55.7019
"2016-03-12:12 AM",54.0459
"2016-03-13:12 AM",59.1852
"2016-03-14:12 AM",60.7401
"2016-03-15:12 AM",56.9386
"2016-03-16:12 AM",48.9065
"2016-03-17:12 AM",49.2114
"2016-03-18:12 AM",39.7985
"2016-03-19:12 AM",34.9592
"2016-03-20:12 AM",35.7876
"2016-03-21:12 AM",49.3513
"2016-03-22:12 AM",64.0501
"2016-03-23:12 AM",60.8731
"2016-03-24:12 AM",42.1246
"2016-03-25:12 AM",46.8066
"2016-03-26:12 AM",47.7273
"2016-03-27:12 AM",42.1822
"2016-03-28:12 AM",49.8412
"2016-03-29:12 AM",55.7161
"2016-03-30:12 AM",62.9276
"2016-03-31:12 AM",51.4969
"2016-04-01:12 AM",45.0099
"2016-04-02:12 AM",49.8155
"2016-04-03:12 AM",61.2243
"2016-04-04:12 AM",62.425
"2016-04-05:12 AM",64.3973
"2016-04-06:12 AM",59.5805
"2016-04-07:12 AM",57.1786
"2016-04-08:12 AM",53.8948
"2016-04-09:12 AM",55.7352
"2016-04-10:12 AM",64.4124
"2016-04-11:12 AM",52.2955
"2016-04-12:12 AM",50.3116
"2016-04-13:12 AM",57.7139
"2016-04-14:12 AM",60.0051
"2016-04-15:12 AM",62.0296
"2016-04-16:12 AM",59.4162
"2016-04-17:12 AM",53.593
"2016-04-18:12 AM",52.0338
"2016-04-19:12 AM",51.4274
"2016-04-20:12 AM",53.9911
"2016-04-21:12 AM",56.8423
"2016-04-22:12 AM",59.4408
"2016-04-23:12 AM",65.2482
"2016-04-24:12 AM",68.8487
"2016-04-25:12 AM",64.3102
"2016-04-26:12 AM",67.9946
"2016-04-27:12 AM",55.5863
"2016-04-28:12 AM",50.6835
"2016-04-29:12 AM",46.8057
"2016-04-30:12 AM",48.7022
"2016-05-01:12 AM",46.5627
"2016-05-02:12 AM",50.4828
"2016-05-03:12 AM",55.4446
"2016-05-04:12 AM",60.9701
"2016-05-05:12 AM",62.2612
"2016-05-06:12 AM",67.357
"2016-05-07:12 AM",69.8302
"2016-05-08:12 AM",65.4624
"2016-05-09:12 AM",66.1041
"2016-05-10:12 AM",68.0994
"2016-05-11:12 AM",64.2654
"2016-05-12:12 AM",61.9279
"2016-05-13:12 AM",63.5094
"2016-05-14:12 AM",51.0395
"2016-05-15:12 AM",49.7615
"2016-05-16:12 AM",50.7175
"2016-05-17:12 AM",51.7809
"2016-05-18:12 AM",54.6807
"2016-05-19:12 AM",54.8913
"2016-05-20:12 AM",57.6745
"2016-05-21:12 AM",62.1457
"2016-05-22:12 AM",69.8643
"2016-05-23:12 AM",70.9633
"2016-05-24:12 AM",72.0813
"2016-05-25:12 AM",75.8907
"2016-05-26:12 AM",73.2484
"2016-05-27:12 AM",66.2283
"2016-05-28:12 AM",67.3464
"2016-05-29:12 AM",70.6453
"2016-05-30:12 AM",71.1671
"2016-05-31:12 AM",68.3449
"2016-06-01:12 AM",67.6717
"2016-06-02:12 AM",69.4004
"2016-06-03:12 AM",71.8945
"2016-06-04:12 AM",72.518
"2016-06-05:12 AM",70.8181
"2016-06-06:12 AM",74.1144
"2016-06-07:12 AM",73.5667
"2016-06-08:12 AM",78.0784
"2016-06-09:12 AM",81.1054
"2016-06-10:12 AM",81.568
"2016-06-11:12 AM",82.9
"2016-06-12:12 AM",81.3596
"2016-06-13:12 AM",79.774
"2016-06-14:12 AM",80.4157
"2016-06-15:12 AM",84.9326
"2016-06-16:12 AM",87.6769
"2016-06-17:12 AM",86.7601
"2016-06-18:12 AM",82.1874
"2016-06-19:12 AM",81.6627
"2016-06-20:12 AM",85.3929
"2016-06-21:12 AM",86.5674
"2016-06-22:12 AM",88.819
"2016-06-23:12 AM",83.6694
"2016-06-24:12 AM",82.492
"2016-06-25:12 AM",84.5065
"2016-06-26:12 AM",80.9272
"2016-06-27:12 AM",82.1451
"2016-06-28:12 AM",79.5168
"2016-06-29:12 AM",81.0329
"2016-06-30:12 AM",81.0178
"2016-07-01:12 AM",75.3262
"2016-07-02:12 AM",72.3245
"2016-07-03:12 AM",70.7364
"2016-07-04:12 AM",76.3441
"2016-07-05:12 AM",84.9249
"2016-07-06:12 AM",85.658
"2016-07-07:12 AM",86.7853
"2016-07-08:12 AM",79.6307
"2016-07-09:12 AM",82.6624
"2016-07-10:12 AM",85.658
"2016-07-11:12 AM",87.1763
"2016-07-12:12 AM",83.0466
"2016-07-13:12 AM",84.6964
"2016-07-14:12 AM",77.9094
"2016-07-15:12 AM",76.4217
"2016-07-16:12 AM",79.6905
"2016-07-17:12 AM",86.5551
"2016-07-18:12 AM",86.8876
"2016-07-19:12 AM",87.9386
"2016-07-20:12 AM",90.3605
"2016-07-21:12 AM",92.7496
"2016-07-22:12 AM",91.9477
"2016-07-23:12 AM",89.0258
"2016-07-24:12 AM",85.2048
"2016-07-25:12 AM",79.0817
"2016-07-26:12 AM",78.6963
"2016-07-27:12 AM",81.9532
"2016-07-28:12 AM",81.365
"2016-07-29:12 AM",76.8927
"2016-07-30:12 AM",80.1093
"2016-07-31:12 AM",85.6215
"2016-08-01:12 AM",90.1135
"2016-08-02:12 AM",86.198
"2016-08-03:12 AM",85.0725
"2016-08-04:12 AM",87.0611
"2016-08-05:12 AM",76.1895
"2016-08-06:12 AM",73.2834
"2016-08-07:12 AM",71.3883
"2016-08-08:12 AM",74.0908
"2016-08-09:12 AM",81.5331
"2016-08-10:12 AM",84.8838
"2016-08-11:12 AM",86.2572
"2016-08-12:12 AM",79.0225
"2016-08-13:12 AM",76.9438
"2016-08-14:12 AM",76.4373
"2016-08-15:12 AM",77.3443
"2016-08-16:12 AM",80.9055
"2016-08-17:12 AM",82.7085
"2016-08-18:12 AM",82.3901
"2016-08-19:12 AM",77.1017
"2016-08-20:12 AM",69.5023
"2016-08-21:12 AM",69.1048
"2016-08-22:12 AM",75.5341
"2016-08-23:12 AM",80.3377
"2016-08-24:12 AM",78.8038
"2016-08-25:12 AM",71.0352
"2016-08-26:12 AM",69.4501
"2016-08-27:12 AM",75.4606
"2016-08-28:12 AM",77.3751
"2016-08-29:12 AM",74.5952
"2016-08-30:12 AM",74.718
"2016-08-31:12 AM",70.7022
"2016-09-01:12 AM",68.8887
"2016-09-02:12 AM",67.2472
"2016-09-03:12 AM",70.729
"2016-09-04:12 AM",76.6317
"2016-09-05:12 AM",82.3143
"2016-09-06:12 AM",83.2131
"2016-09-07:12 AM",81.5221
"2016-09-08:12 AM",77.2291
"2016-09-09:12 AM",75.9218
"2016-09-10:12 AM",64.4214
"2016-09-11:12 AM",67.4305
"2016-09-12:12 AM",73.5084
"2016-09-13:12 AM",64.5525
"2016-09-14:12 AM",64.4378
"2016-09-15:12 AM",73.589
"2016-09-16:12 AM",71.0755
"2016-09-17:12 AM",67.9298
"2016-09-18:12 AM",71.8335
"2016-09-19:12 AM",77.6363
"2016-09-20:12 AM",79.5337
"2016-09-21:12 AM",81.6235
"2016-09-22:12 AM",79.8849
"2016-09-23:12 AM",77.5647
"2016-09-24:12 AM",76.2498
"2016-09-25:12 AM",66.0015
"2016-09-26:12 AM",60.4112
"2016-09-27:12 AM",66.1028
"2016-09-28:12 AM",66.9843
"2016-09-29:12 AM",58.599
"2016-09-30:12 AM",59.6199
"2016-10-01:12 AM",62.2967
"2016-10-02:12 AM",65.622
"2016-10-03:12 AM",69.8054
"2016-10-04:12 AM",68.8069
"2016-10-05:12 AM",64.1329
"2016-10-06:12 AM",63.8238
"2016-10-07:12 AM",50.1899
"2016-10-08:12 AM",56.4201
"2016-10-09:12 AM",62.5168
"2016-10-10:12 AM",63.9181
"2016-10-11:12 AM",66.412
"2016-10-12:12 AM",52.1598
"2016-10-13:12 AM",48.7573
"2016-10-14:12 AM",59.7315
"2016-10-15:12 AM",70.2284
"2016-10-16:12 AM",72.1929
"2016-10-17:12 AM",76.6137
"2016-10-18:12 AM",64.9377
"2016-10-19:12 AM",60.0865
"2016-10-20:12 AM",53.4787
"2016-10-21:12 AM",52.6928
"2016-10-22:12 AM",60.7615
"2016-10-23:12 AM",63.4708
"2016-10-24:12 AM",59.7011
"2016-10-25:12 AM",66.8336
"2016-10-26:12 AM",65.3808
"2016-10-27:12 AM",63.2106
"2016-10-28:12 AM",71.0076
"2016-10-29:12 AM",72.5122
"2016-10-30:12 AM",57.9783
"2016-10-31:12 AM",64.5631
"2016-11-01:12 AM",67.6272
"2016-11-02:12 AM",64.9342
"2016-11-03:12 AM",58.9593
"2016-11-04:12 AM",58.3407
"2016-11-05:12 AM",59.2095
"2016-11-06:12 AM",58.5176
"2016-11-07:12 AM",56.8292
"2016-11-08:12 AM",53.2355
"2016-11-09:12 AM",46.7746
"2016-11-10:12 AM",52.1179
"2016-11-11:12 AM",51.2724
"2016-11-12:12 AM",43.6806
"2016-11-13:12 AM",49.9869
"2016-11-14:12 AM",55.2412
"2016-11-15:12 AM",57.6739
"2016-11-16:12 AM",63.4156
"2016-11-17:12 AM",63.9565
"2016-11-18:12 AM",43.0273
"2016-11-19:12 AM",34.3551
"2016-11-20:12 AM",41.1179
"2016-11-21:12 AM",47.0917
"2016-11-22:12 AM",53.0686
"2016-11-23:12 AM",44.9803
"2016-11-24:12 AM",43.3656
"2016-11-25:12 AM",41.6703
"2016-11-26:12 AM",46.1068
"2016-11-27:12 AM",53.5215
"2016-11-28:12 AM",50.6377
"2016-11-29:12 AM",43.3692
"2016-11-30:12 AM",37.5397
"2016-12-01:12 AM",34.9531
"2016-12-02:12 AM",36.525
"2016-12-03:12 AM",37.326
"2016-12-04:12 AM",36.0865
"2016-12-05:12 AM",41.4358
"2016-12-06:12 AM",33.1286
"2016-12-07:12 AM",27.7484
"2016-12-08:12 AM",17.1208
"2016-12-09:12 AM",19.5208
"2016-12-10:12 AM",27.9738
"2016-12-11:12 AM",36.2592
"2016-12-12:12 AM",30.1575
"2016-12-13:12 AM",25.1847
"2016-12-14:12 AM",23.7027
"2016-12-15:12 AM",23.9216
"2016-12-16:12 AM",31.8882
"2016-12-17:12 AM",16.0381
"2016-12-18:12 AM",4.8929
"2016-12-19:12 AM",15.5572
"2016-12-20:12 AM",28.6799
"2016-12-21:12 AM",35.8758
"2016-12-22:12 AM",33.0242
"2016-12-23:12 AM",38.795
"2016-12-24:12 AM",38.1324
"2016-12-25:12 AM",51.6486
"2016-12-26:12 AM",38.4748
"2016-12-27:12 AM",35.566
"2016-12-28:12 AM",41.4993
"2016-12-29:12 AM",37.2556
"2016-12-30:12 AM",40.5979
"2016-12-31:12 AM",38.2361
"2017-01-01:12 AM",36.0838
"2017-01-02:12 AM",43.1697
"2017-01-03:12 AM",28.9476
"2017-01-04:12 AM",18.9608
"2017-01-05:12 AM",14.0349
"2017-01-06:12 AM",10.8577
"2017-01-07:12 AM",14.8986
"2017-01-08:12 AM",23.4608
"2017-01-09:12 AM",36.1407
"2017-01-10:12 AM",49.2841
"2017-01-11:12 AM",46.6414
"2017-01-12:12 AM",24.9843
"2017-01-13:12 AM",23.4295
"2017-01-14:12 AM",28.7998
"2017-01-15:12 AM",31.3299
"2017-01-16:12 AM",34.2685
"2017-01-17:12 AM",33.7401
"2017-01-18:12 AM",39.3305
"2017-01-19:12 AM",41.7216
"2017-01-20:12 AM",42.0559
"2017-01-21:12 AM",41.8528
"2017-01-22:12 AM",42.055
"2017-01-23:12 AM",39.8014
"2017-01-24:12 AM",43.6624
"2017-01-25:12 AM",31.8731
"2017-01-26:12 AM",29.0403
"2017-01-27:12 AM",31.7894
"2017-01-28:12 AM",36.6823
"2017-01-29:12 AM",43.7189
"2017-01-30:12 AM",47.9763
"2017-01-31:12 AM",45.5902
"2017-02-01:12 AM",37.054
"2017-02-02:12 AM",26.3957
"2017-02-03:12 AM",25.3614
"2017-02-04:12 AM",36.1494
"2017-02-05:12 AM",42.5858
"2017-02-06:12 AM",48.0978
"2017-02-07:12 AM",50.311
"2017-02-08:12 AM",31.307
"2017-02-09:12 AM",32.7013
"2017-02-10:12 AM",55.4945
"2017-02-11:12 AM",59.8314
"2017-02-12:12 AM",46.6815
"2017-02-13:12 AM",41.0907
"2017-02-14:12 AM",41.8231
"2017-02-15:12 AM",42.3639
"2017-02-16:12 AM",52.5652
"2017-02-17:12 AM",55.8711
"2017-02-18:12 AM",55.0002
"2017-02-19:12 AM",57.196
"2017-02-20:12 AM",59.646
"2017-02-21:12 AM",55.2837
"2017-02-22:12 AM",61.1312
"2017-02-23:12 AM",54.95
"2017-02-24:12 AM",34.4917
"2017-02-25:12 AM",29.6137
"2017-02-26:12 AM",37.4068
"2017-02-27:12 AM",44.3869
"2017-02-28:12 AM",54.7327
"2017-03-01:12 AM",43.092
"2017-03-02:12 AM",41.675
"2017-03-03:12 AM",45.8533
"2017-03-04:12 AM",57.0326
"2017-03-05:12 AM",59.8464
"2017-03-06:12 AM",63.3027
"2017-03-07:12 AM",47.9642
"2017-03-08:12 AM",51.5086
"2017-03-09:12 AM",58.0797
"2017-03-10:12 AM",40.9581
"2017-03-11:12 AM",35.5456
"2017-03-12:12 AM",37.3458
"2017-03-13:12 AM",36.9858
"2017-03-14:12 AM",34.4647
"2017-03-15:12 AM",39.7371
"2017-03-16:12 AM",53.3664
"2017-03-17:12 AM",63.795
"2017-03-18:12 AM",57.4113
"2017-03-19:12 AM",69.3817
"2017-03-20:12 AM",70.0083
"2017-03-21:12 AM",54.8982
"2017-03-22:12 AM",47.5767
"2017-03-23:12 AM",62.2342
"2017-03-24:12 AM",61.3695
"2017-03-25:12 AM",49.6234
"2017-03-26:12 AM",48.7539
"2017-03-27:12 AM",52.2275
"2017-03-28:12 AM",49.3335
"2017-03-29:12 AM",47.2017
"2017-03-30:12 AM",45.8679
"2017-03-31:12 AM",44.8673
"2017-04-01:12 AM",45.0747
"2017-04-02:12 AM",49.4443
"2017-04-03:12 AM",54.8658
"2017-04-04:12 AM",46.6637
"2017-04-05:12 AM",48.412
"2017-04-06:12 AM",48.6223
"2017-04-07:12 AM",53.3046
"2017-04-08:12 AM",66.427
"2017-04-09:12 AM",69.6322
"2017-04-10:12 AM",57.6831
"2017-04-11:12 AM",52.275
"2017-04-12:12 AM",62.4533
"2017-04-13:12 AM",64.9143
"2017-04-14:12 AM",67.9363
"2017-04-15:12 AM",69.6643
"2017-04-16:12 AM",61.371
"2017-04-17:12 AM",59.9374
"2017-04-18:12 AM",66.7317
"2017-04-19:12 AM",71.1316
"2017-04-20:12 AM",63.0513
"2017-04-21:12 AM",50.1098
"2017-04-22:12 AM",50.4219
"2017-04-23:12 AM",52.8429
"2017-04-24:12 AM",61.4381
"2017-04-25:12 AM",59.0513
"2017-04-26:12 AM",48.3499
"2017-04-27:12 AM",47.7919
"2017-04-28:12 AM",51.7755
"2017-04-29:12 AM",40.725
"2017-04-30:12 AM",37.7301
"2017-05-01:12 AM",48.2315
"2017-05-02:12 AM",54.0648
"2017-05-03:12 AM",51.2875
"2017-05-04:12 AM",53.6999
"2017-05-05:12 AM",59.2338
"2017-05-06:12 AM",65.4672
"2017-05-07:12 AM",67.6449
"2017-05-08:12 AM",70.3368
"2017-05-09:12 AM",69.4771
"2017-05-10:12 AM",69.6069
"2017-05-11:12 AM",58.892
"2017-05-12:12 AM",59.0475
"2017-05-13:12 AM",61.5357
"2017-05-14:12 AM",70.3566
"2017-05-15:12 AM",74.516
"2017-05-16:12 AM",72.9705
"2017-05-17:12 AM",68.1976
"2017-05-18:12 AM",61.7652
"2017-05-19:12 AM",55.8786
"2017-05-20:12 AM",52.0176
"2017-05-21:12 AM",56.1747
"2017-05-22:12 AM",58.7214
"2017-05-23:12 AM",56.3515
"2017-05-24:12 AM",56.3178
"2017-05-25:12 AM",64.1287
"2017-05-26:12 AM",70.3555
"2017-05-27:12 AM",67.8112
"2017-05-28:12 AM",66.0016
"2017-05-29:12 AM",67.546
"2017-05-30:12 AM",68.6485
"2017-05-31:12 AM",70.6233
"2017-06-01:12 AM",71.298
"2017-06-02:12 AM",72.7542
"2017-06-03:12 AM",71.1466
"2017-06-04:12 AM",71.8934
"2017-06-05:12 AM",74.8564
"2017-06-06:12 AM",74.9097
"2017-06-07:12 AM",70.9671
"2017-06-08:12 AM",70.0615
"2017-06-09:12 AM",73.2729
"2017-06-10:12 AM",78.0157
"2017-06-11:12 AM",82.6939
"2017-06-12:12 AM",82.6711
"2017-06-13:12 AM",83.4163
"2017-06-14:12 AM",81.4572
"2017-06-15:12 AM",81.3873
"2017-06-16:12 AM",82.2101
"2017-06-17:12 AM",84.4446
"2017-06-18:12 AM",73.6628
"2017-06-19:12 AM",73.9999
"2017-06-20:12 AM",79.7549
"2017-06-21:12 AM",83.8692
"2017-06-22:12 AM",84.0745
"2017-06-23:12 AM",74.2366
"2017-06-24:12 AM",68.1242
"2017-06-25:12 AM",67.1063
"2017-06-26:12 AM",68.403
"2017-06-27:12 AM",76.2953
"2017-06-28:12 AM",83.3592
"2017-06-29:12 AM",81.0113
"2017-06-30:12 AM",72.574
"2017-07-01:12 AM",73.3501
"2017-07-02:12 AM",80.3874
"2017-07-03:12 AM",78.0165
"2017-07-04:12 AM",76.9365
"2017-07-05:12 AM",77.8221
"2017-07-06:12 AM",81.9608
"2017-07-07:12 AM",84.2619
"2017-07-08:12 AM",80.0499
"2017-07-09:12 AM",84.4032
"2017-07-10:12 AM",87.8205
"2017-07-11:12 AM",90.3321
"2017-07-12:12 AM",88.8019
"2017-07-13:12 AM",81.5941
"2017-07-14:12 AM",79.2027
"2017-07-15:12 AM",80.1799
"2017-07-16:12 AM",80.5764
"2017-07-17:12 AM",82.8075
"2017-07-18:12 AM",86.3051
"2017-07-19:12 AM",89.4547
"2017-07-20:12 AM",91.4243
"2017-07-21:12 AM",93.337
"2017-07-22:12 AM",90.8618
"2017-07-23:12 AM",83.9491
"2017-07-24:12 AM",83.6271
"2017-07-25:12 AM",86.538
"2017-07-26:12 AM",83.836
"2017-07-27:12 AM",78.2519
"2017-07-28:12 AM",78.6004
"2017-07-29:12 AM",74.9113
"2017-07-30:12 AM",72.2646
"2017-07-31:12 AM",69.7429
"2017-08-01:12 AM",73.3617
"2017-08-02:12 AM",75.9726
"2017-08-03:12 AM",74.7162
"2017-08-04:12 AM",70.3614
"2017-08-05:12 AM",73.9116
"2017-08-06:12 AM",70.5657
"2017-08-07:12 AM",69.4006
"2017-08-08:12 AM",68.6597
"2017-08-09:12 AM",71.9739
"2017-08-10:12 AM",75.6775
"2017-08-11:12 AM",70.936
"2017-08-12:12 AM",69.8061
"2017-08-13:12 AM",71.8524
"2017-08-14:12 AM",77.9425
"2017-08-15:12 AM",79.4892
"2017-08-16:12 AM",77.0245
"2017-08-17:12 AM",75.0718
"2017-08-18:12 AM",79.2896
"2017-08-19:12 AM",82.132
"2017-08-20:12 AM",85.4611
"2017-08-21:12 AM",82.0207
"2017-08-22:12 AM",75.8201
"2017-08-23:12 AM",70.2336
"2017-08-24:12 AM",72.766
"2017-08-25:12 AM",75.5548
"2017-08-26:12 AM",76.2543
"2017-08-27:12 AM",77.7339
"2017-08-28:12 AM",73.0972
"2017-08-29:12 AM",70.6077
"2017-08-30:12 AM",71.0368
"2017-08-31:12 AM",71.494
"2017-09-01:12 AM",70.617
"2017-09-02:12 AM",76.3657
"2017-09-03:12 AM",79.3981
"2017-09-04:12 AM",82.3276
"2017-09-05:12 AM",68.9626
"2017-09-06:12 AM",63.7297
"2017-09-07:12 AM",69.1599
"2017-09-08:12 AM",75.8692
"2017-09-09:12 AM",75.3469
"2017-09-10:12 AM",75.3031
"2017-09-11:12 AM",74.4633
"2017-09-12:12 AM",72.8472
"2017-09-13:12 AM",74.9143
"2017-09-14:12 AM",81.1724
"2017-09-15:12 AM",83.0417
"2017-09-16:12 AM",77.1168
"2017-09-17:12 AM",64.5073
"2017-09-18:12 AM",70.7095
"2017-09-19:12 AM",79.327
"2017-09-20:12 AM",77.1584
"2017-09-21:12 AM",80.3107
"2017-09-22:12 AM",85.1963
"2017-09-23:12 AM",80.5924
"2017-09-24:12 AM",74.2834
"2017-09-25:12 AM",66.5879
"2017-09-26:12 AM",58.0557
"2017-09-27:12 AM",59.4943
"2017-09-28:12 AM",59.8527
"2017-09-29:12 AM",62.7199
"2017-09-30:12 AM",66.6484
"2017-10-01:12 AM",69.2499
"2017-10-02:12 AM",70.4021
"2017-10-03:12 AM",66.1431
"2017-10-04:12 AM",61.911
"2017-10-05:12 AM",69.0249
"2017-10-06:12 AM",70.2158
"2017-10-07:12 AM",62.7318
"2017-10-08:12 AM",63.5738
"2017-10-09:12 AM",55.5834
"2017-10-10:12 AM",45.3677
"2017-10-11:12 AM",49.7102
"2017-10-12:12 AM",61.1865
"2017-10-13:12 AM",65.455
"2017-10-14:12 AM",66.4297
"2017-10-15:12 AM",50.3452
"2017-10-16:12 AM",54.5945
"2017-10-17:12 AM",59.4788
"2017-10-18:12 AM",62.3961
"2017-10-19:12 AM",63.9343
"2017-10-20:12 AM",66.7503
"2017-10-21:12 AM",65.8292
"2017-10-22:12 AM",54.4528
"2017-10-23:12 AM",56.5774
"2017-10-24:12 AM",51.1605
"2017-10-25:12 AM",56.8575
"2017-10-26:12 AM",59.9824
"2017-10-27:12 AM",38.2818
"2017-10-28:12 AM",37.9843
"2017-10-29:12 AM",51.6448
"2017-10-30:12 AM",47.3634
"2017-10-31:12 AM",35.4412
"2017-11-01:12 AM",46.5975
"2017-11-02:12 AM",51.4303
"2017-11-03:12 AM",41.7213
"2017-11-04:12 AM",46.1116
"2017-11-05:12 AM",48.2756
"2017-11-06:12 AM",39.0047
"2017-11-07:12 AM",37.3665
"2017-11-08:12 AM",37.0198
"2017-11-09:12 AM",40.0599
"2017-11-10:12 AM",35.8236
"2017-11-11:12 AM",46.5091
"2017-11-12:12 AM",45.3625
"2017-11-13:12 AM",44.7669
"2017-11-14:12 AM",53.485
"2017-11-15:12 AM",51.2796
"2017-11-16:12 AM",46.7002
"2017-11-17:12 AM",61.1956
"2017-11-18:12 AM",49.4769
"2017-11-19:12 AM",42.4967
"2017-11-20:12 AM",49.8234
"2017-11-21:12 AM",47.7583
"2017-11-22:12 AM",36.6458
"2017-11-23:12 AM",51.5583
"2017-11-24:12 AM",60.9085
"2017-11-25:12 AM",51.3804
"2017-11-26:12 AM",51.4456
"2017-11-27:12 AM",58.6445
"2017-11-28:12 AM",55.989
"2017-11-29:12 AM",45.5805
"2017-11-30:12 AM",44.9623
"2017-12-01:12 AM",46.3674
"2017-12-02:12 AM",46.8127
"2017-12-03:12 AM",52.8168
"2017-12-04:12 AM",57.4534
"2017-12-05:12 AM",35.6623
"2017-12-06:12 AM",38.3439
"2017-12-07:12 AM",24.6225
"2017-12-08:12 AM",32.6165
"2017-12-09:12 AM",38.8593
"2017-12-10:12 AM",47.2559
"2017-12-11:12 AM",49.6625
"2017-12-12:12 AM",39.6102
"2017-12-13:12 AM",49.6958
"2017-12-14:12 AM",41.0347
"2017-12-15:12 AM",38.0296
"2017-12-16:12 AM",45.6859
"2017-12-17:12 AM",41.1064
"2017-12-18:12 AM",40.905
"2017-12-19:12 AM",44.5321
"2017-12-20:12 AM",40.5333
"2017-12-21:12 AM",41.371
"2017-12-22:12 AM",27.6843
"2017-12-23:12 AM",24.9366
"2017-12-24:12 AM",20.8798
"2017-12-25:12 AM",22.1461
"2017-12-26:12 AM",11.9865
"2017-12-27:12 AM",11.3319
"2017-12-28:12 AM",21.817
"2017-12-29:12 AM",28.4335
"2017-12-30:12 AM",12.857
"2017-12-31:12 AM",5.7835
"2018-01-01:12 AM",2.2914
"2018-01-02:12 AM",10.9341
"2018-01-03:12 AM",24.6933
"2018-01-04:12 AM",25.8856
"2018-01-05:12 AM",28.3129
"2018-01-06:12 AM",25.7268
"2018-01-07:12 AM",39.4248
"2018-01-08:12 AM",39.8691
"2018-01-09:12 AM",45.7164
"2018-01-10:12 AM",51.3399
"2018-01-11:12 AM",31.0802
"2018-01-12:12 AM",15.265
"2018-01-13:12 AM",17.3142
"2018-01-14:12 AM",29.1137
"2018-01-15:12 AM",22.0973
"2018-01-16:12 AM",6.089
"2018-01-17:12 AM",14.545
"2018-01-18:12 AM",30.5159
"2018-01-19:12 AM",40.9208
"2018-01-20:12 AM",45.7131
"2018-01-21:12 AM",43.9113
"2018-01-22:12 AM",35.3397
"2018-01-23:12 AM",31.746
"2018-01-24:12 AM",35.2382
"2018-01-25:12 AM",44.6517
"2018-01-26:12 AM",48.0317
"2018-01-27:12 AM",40.9078
"2018-01-28:12 AM",38.1367
"2018-01-29:12 AM",29.5214
"2018-01-30:12 AM",40.0806
"2018-01-31:12 AM",46.0618
"2018-02-01:12 AM",34.1839
"2018-02-02:12 AM",29.5493
"2018-02-03:12 AM",40.8222
"2018-02-04:12 AM",27.5513
"2018-02-05:12 AM",22.3686
"2018-02-06:12 AM",19.1903
"2018-02-07:12 AM",20.7489
"2018-02-08:12 AM",35.9469
"2018-02-09:12 AM",31.2094
"2018-02-10:12 AM",15.8108
"2018-02-11:12 AM",19.0954
"2018-02-12:12 AM",25.0565
"2018-02-13:12 AM",34.7653
"2018-02-14:12 AM",47.7361
"2018-02-15:12 AM",57.5479
"2018-02-16:12 AM",33.7804
"2018-02-17:12 AM",41.1238
"2018-02-18:12 AM",50.3208
"2018-02-19:12 AM",43.7778
"2018-02-20:12 AM",25.2513
"2018-02-21:12 AM",21.3732
"2018-02-22:12 AM",28.2711
"2018-02-23:12 AM",31.5129
"2018-02-24:12 AM",33.6461
"2018-02-25:12 AM",35.5125
"2018-02-26:12 AM",43.6527
"2018-02-27:12 AM",54.2318
"2018-02-28:12 AM",48.3098
"2018-03-01:12 AM",41.6008
"2018-03-02:12 AM",48.25
"2018-03-03:12 AM",56.8459
"2018-03-04:12 AM",59.9421
"2018-03-05:12 AM",51.2631
"2018-03-06:12 AM",40.651
"2018-03-07:12 AM",36.2395
"2018-03-08:12 AM",39.659
"2018-03-09:12 AM",50.3296
"2018-03-10:12 AM",51.3972
"2018-03-11:12 AM",42.2733
"2018-03-12:12 AM",38.5111
"2018-03-13:12 AM",42.289
"2018-03-14:12 AM",48.3814
"2018-03-15:12 AM",61.1244
"2018-03-16:12 AM",58.6071
"2018-03-17:12 AM",46.1185
"2018-03-18:12 AM",47.854
"2018-03-19:12 AM",40.6801
"2018-03-20:12 AM",40.5378
"2018-03-21:12 AM",44.1527
"2018-03-22:12 AM",54.5697
"2018-03-23:12 AM",61.7918
"2018-03-24:12 AM",55.4407
"2018-03-25:12 AM",45.9439
"2018-03-26:12 AM",50.5123
"2018-03-27:12 AM",44.9676
"2018-03-28:12 AM",48.0736
"2018-03-29:12 AM",46.2807
"2018-03-30:12 AM",46.3741
"2018-03-31:12 AM",52.7869
"2018-04-01:12 AM",32.5735
"2018-04-02:12 AM",38.9687
"2018-04-03:12 AM",43.8728
"2018-04-04:12 AM",39.3328
"2018-04-05:12 AM",53.9159
"2018-04-06:12 AM",40.3578
"2018-04-07:12 AM",29.9782
"2018-04-08:12 AM",40.3839
"2018-04-09:12 AM",44.425
"2018-04-10:12 AM",49.766
"2018-04-11:12 AM",65.6069
"2018-04-12:12 AM",70.776
"2018-04-13:12 AM",64.0553
"2018-04-14:12 AM",35.6994
"2018-04-15:12 AM",34.2514
"2018-04-16:12 AM",42.2569
"2018-04-17:12 AM",56.7874
"2018-04-18:12 AM",54.1175
"2018-04-19:12 AM",47.5711
"2018-04-20:12 AM",50.1813
"2018-04-21:12 AM",47.5192
"2018-04-22:12 AM",49.3833
"2018-04-23:12 AM",56.5401
"2018-04-24:12 AM",53.5251
"2018-04-25:12 AM",48.324
"2018-04-26:12 AM",52.0389
"2018-04-27:12 AM",58.7055
"2018-04-28:12 AM",60.4341
"2018-04-29:12 AM",66.0447
"2018-04-30:12 AM",71.9731
"2018-05-01:12 AM",70.8526
"2018-05-02:12 AM",69.3905
"2018-05-03:12 AM",68.2774
"2018-05-04:12 AM",63.9253
"2018-05-05:12 AM",68.7099
"2018-05-06:12 AM",70.6104
"2018-05-07:12 AM",73.4733
"2018-05-08:12 AM",76.5468
"2018-05-09:12 AM",75.9376
"2018-05-10:12 AM",77.5695
"2018-05-11:12 AM",78.6979
"2018-05-12:12 AM",74.5106
"2018-05-13:12 AM",73.3318
"2018-05-14:12 AM",73.6129
"2018-05-15:12 AM",71.9042
"2018-05-16:12 AM",73.1793
"2018-05-17:12 AM",75.5998
"2018-05-18:12 AM",75.5632
"2018-05-19:12 AM",70.5371
"2018-05-20:12 AM",62.3259
"2018-05-21:12 AM",67.2526
"2018-05-22:12 AM",75.8851
"2018-05-23:12 AM",78.3862
"2018-05-24:12 AM",79.2781
"2018-05-25:12 AM",81.957
"2018-05-26:12 AM",84.2106
"2018-05-27:12 AM",84.0864
"2018-05-28:12 AM",81.909
"2018-05-29:12 AM",76.24
"2018-05-30:12 AM",76.2492
"2018-05-31:12 AM",80.7802
"2018-06-01:12 AM",85.9014
"2018-06-02:12 AM",80.8974
"2018-06-03:12 AM",73.6506
"2018-06-04:12 AM",77.1564
"2018-06-05:12 AM",81.3317
"2018-06-06:12 AM",85.44
"2018-06-07:12 AM",84.2851
"2018-06-08:12 AM",83.9097
"2018-06-09:12 AM",88.7517
"2018-06-10:12 AM",90.1018
"2018-06-11:12 AM",88.0164
"2018-06-12:12 AM",84.5017
"2018-06-13:12 AM",84.5299
"2018-06-14:12 AM",89.2524
"2018-06-15:12 AM",91.2619
"2018-06-16:12 AM",88.8174
"2018-06-17:12 AM",86.1093
"2018-06-18:12 AM",86.7465
"2018-06-19:12 AM",84.4745
"2018-06-20:12 AM",77.763
"2018-06-21:12 AM",74.147
"2018-06-22:12 AM",73.5208
"2018-06-23:12 AM",76.555
"2018-06-24:12 AM",80.5312
"2018-06-25:12 AM",73.596
"2018-06-26:12 AM",82.0542
"2018-06-27:12 AM",89.9371
"2018-06-28:12 AM",93.598
"2018-06-29:12 AM",92.2163
"2018-06-30:12 AM",87.8283
"2018-07-01:12 AM",79.912
"2018-07-02:12 AM",83.0592
"2018-07-03:12 AM",89.2108
"2018-07-04:12 AM",89.4501
"2018-07-05:12 AM",86.2347
"2018-07-06:12 AM",83.5416
"2018-07-07:12 AM",83.0021
"2018-07-08:12 AM",83.5939
"2018-07-09:12 AM",84.9801
"2018-07-10:12 AM",85.5302
"2018-07-11:12 AM",87.697
"2018-07-12:12 AM",88.4586
"2018-07-13:12 AM",86.3339
"2018-07-14:12 AM",80.3061
"2018-07-15:12 AM",82.7073
"2018-07-16:12 AM",81.534
"2018-07-17:12 AM",81.5815
"2018-07-18:12 AM",81.0459
"2018-07-19:12 AM",88.5911
"2018-07-20:12 AM",88.322
"2018-07-21:12 AM",85.3218
"2018-07-22:12 AM",83.7356
"2018-07-23:12 AM",79.1857
"2018-07-24:12 AM",80.5068
"2018-07-25:12 AM",82.4349
"2018-07-26:12 AM",77.0464
"2018-07-27:12 AM",76.6913
"2018-07-28:12 AM",78.543
"2018-07-29:12 AM",75.4803
"2018-07-30:12 AM",71.0951
"2018-07-31:12 AM",71.3478
"2018-08-01:12 AM",75.0893
"2018-08-02:12 AM",80.4961
"2018-08-03:12 AM",82.9287
"2018-08-04:12 AM",84.465
"2018-08-05:12 AM",86.8449
"2018-08-06:12 AM",84.906
"2018-08-07:12 AM",78.5941
"2018-08-08:12 AM",78.732
"2018-08-09:12 AM",81.66
"2018-08-10:12 AM",81.5013
"2018-08-11:12 AM",79.2475
"2018-08-12:12 AM",78.5525
"2018-08-13:12 AM",74.7813
"2018-08-14:12 AM",72.0835
"2018-08-15:12 AM",74.478
"2018-08-16:12 AM",79.3098
"2018-08-17:12 AM",77.7366
"2018-08-18:12 AM",76.3034
"2018-08-19:12 AM",72.0986
"2018-08-20:12 AM",67.8684
"2018-08-21:12 AM",68.1258
"2018-08-22:12 AM",66.1006
"2018-08-23:12 AM",71.7388
"2018-08-24:12 AM",80.8767
"2018-08-25:12 AM",81.4161
"2018-08-26:12 AM",84.1104
"2018-08-27:12 AM",86.342
"2018-08-28:12 AM",80.9771
"2018-08-29:12 AM",69.0179
"2018-08-30:12 AM",76.3623
"2018-08-31:12 AM",83.6524
"2018-09-01:12 AM",81.8566
"2018-09-02:12 AM",77.664
"2018-09-03:12 AM",74.8526
"2018-09-04:12 AM",73.8358
"2018-09-05:12 AM",70.2666
"2018-09-06:12 AM",67.6411
"2018-09-07:12 AM",67.1502
"2018-09-08:12 AM",64.9488
"2018-09-09:12 AM",64.4189
"2018-09-10:12 AM",66.0915
"2018-09-11:12 AM",69.8356
"2018-09-12:12 AM",71.9019
"2018-09-13:12 AM",75.7585
"2018-09-14:12 AM",78.7546
"2018-09-15:12 AM",78.0588
"2018-09-16:12 AM",77.0916
"2018-09-17:12 AM",79.4421
"2018-09-18:12 AM",81.8235
"2018-09-19:12 AM",82.7935
"2018-09-20:12 AM",81.8665
"2018-09-21:12 AM",66.3265
"2018-09-22:12 AM",59.8455
"2018-09-23:12 AM",64.2583
"2018-09-24:12 AM",68.5827
"2018-09-25:12 AM",65.1182
"2018-09-26:12 AM",57.0103
"2018-09-27:12 AM",60.125
"2018-09-28:12 AM",54.1926
"2018-09-29:12 AM",54.4033
"2018-09-30:12 AM",62.2323
"2018-10-01:12 AM",63.3317
"2018-10-02:12 AM",70.6559
"2018-10-03:12 AM",79.9034
"2018-10-04:12 AM",55.1529
"2018-10-05:12 AM",60.7962
"2018-10-06:12 AM",54.3146
"2018-10-07:12 AM",52.2702
"2018-10-08:12 AM",59.9866
"2018-10-09:12 AM",52.4989
"2018-10-10:12 AM",44.7384
"2018-10-11:12 AM",41.7412
"2018-10-12:12 AM",47.048
"2018-10-13:12 AM",48.9254
"2018-10-14:12 AM",40.9051
"2018-10-15:12 AM",33.0674
"2018-10-16:12 AM",41.7859
"2018-10-17:12 AM",51.7059
"2018-10-18:12 AM",52.4721
"2018-10-19:12 AM",55.6047
"2018-10-20:12 AM",53.7658
"2018-10-21:12 AM",52.5805
"2018-10-22:12 AM",57.2031
"2018-10-23:12 AM",55.1143
"2018-10-24:12 AM",51.9687
"2018-10-25:12 AM",47.7502
"2018-10-26:12 AM",51.0557
"2018-10-27:12 AM",57.8259
"2018-10-28:12 AM",56.0489
"2018-10-29:12 AM",56.7574
"2018-10-30:12 AM",56.844
"2018-10-31:12 AM",48.6628
"2018-11-01:12 AM",47.692
"2018-11-02:12 AM",47.8206
"2018-11-03:12 AM",48.7207
"2018-11-04:12 AM",44.1241
"2018-11-05:12 AM",48.9132
"2018-11-06:12 AM",44.3046
"2018-11-07:12 AM",39.745
"2018-11-08:12 AM",33.7858
"2018-11-09:12 AM",27.7588
"2018-11-10:12 AM",28.7557
"2018-11-11:12 AM",33.8054
"2018-11-12:12 AM",26.0056
"2018-11-13:12 AM",21.5607
"2018-11-14:12 AM",30.4268
"2018-11-15:12 AM",39.2508
"2018-11-16:12 AM",44.1599
"2018-11-17:12 AM",38.0343
"2018-11-18:12 AM",28.2738
"2018-11-19:12 AM",34.2261
"2018-11-20:12 AM",36.3222
"2018-11-21:12 AM",43.4862
"2018-11-22:12 AM",47.3711
"2018-11-23:12 AM",51.1799
"2018-11-24:12 AM",47.6668
"2018-11-25:12 AM",34.5436
"2018-11-26:12 AM",26.677
"2018-11-27:12 AM",28.5458
"2018-11-28:12 AM",35.0613
"2018-11-29:12 AM",40.0816
"2018-11-30:12 AM",42.1135
"2018-12-01:12 AM",42.1875
"2018-12-02:12 AM",34.3472
"2018-12-03:12 AM",27.478
"2018-12-04:12 AM",26.1561
"2018-12-05:12 AM",32.7614
"2018-12-06:12 AM",30.088
"2018-12-07:12 AM",26.8151
"2018-12-08:12 AM",26.8903
"2018-12-09:12 AM",29.0361
"2018-12-10:12 AM",30.3186
"2018-12-11:12 AM",37.8428
"2018-12-12:12 AM",38.1447
"2018-12-13:12 AM",39.7258
"2018-12-14:12 AM",35.2333
"2018-12-15:12 AM",37.4713
"2018-12-16:12 AM",39.717
"2018-12-17:12 AM",40.9359
"2018-12-18:12 AM",43.4448
"2018-12-19:12 AM",46.1026
"2018-12-20:12 AM",41.4145
"2018-12-21:12 AM",39.2025
"2018-12-22:12 AM",39.7735
"2018-12-23:12 AM",35.9103
"2018-12-24:12 AM",37.1604
"2018-12-25:12 AM",39.3242
"2018-12-26:12 AM",47.4667
"2018-12-27:12 AM",37.0609
"2018-12-28:12 AM",23.1042
"2018-12-29:12 AM",20.1168
"2018-12-30:12 AM",28.7436
"2018-12-31:12 AM",29.4021
"2019-01-01:12 AM",16.9162
"2019-01-02:12 AM",21.3431
"2019-01-03:12 AM",29.0881
"2019-01-04:12 AM",36.6769
"2019-01-05:12 AM",40.9795
"2019-01-06:12 AM",47.3911
"2019-01-07:12 AM",49.3518
"2019-01-08:12 AM",40.9177
"2019-01-09:12 AM",34.8359
"2019-01-10:12 AM",36.28
"2019-01-11:12 AM",37.1669
"2019-01-12:12 AM",32.0079
"2019-01-13:12 AM",27.9898
"2019-01-14:12 AM",30.0402
"2019-01-15:12 AM",33.0262
"2019-01-16:12 AM",31.7714
"2019-01-17:12 AM",34.0786
"2019-01-18:12 AM",35.0845
"2019-01-19:12 AM",19.8304
"2019-01-20:12 AM",26.7546
"2019-01-21:12 AM",30.5971
"2019-01-22:12 AM",31.1864
"2019-01-23:12 AM",25.3675
"2019-01-24:12 AM",26.1581
"2019-01-25:12 AM",24.8173
"2019-01-26:12 AM",32.2885
"2019-01-27:12 AM",36.3079
"2019-01-28:12 AM",34.8147
"2019-01-29:12 AM",28.1053
"2019-01-30:12 AM",18.7543
"2019-01-31:12 AM",24.85
"2019-02-01:12 AM",36.4356
"2019-02-02:12 AM",46.5962
"2019-02-03:12 AM",53.3689
"2019-02-04:12 AM",42.4821
"2019-02-05:12 AM",26.429
"2019-02-06:12 AM",22.8099
"2019-02-07:12 AM",14.9043
"2019-02-08:12 AM",14.7214
"2019-02-09:12 AM",26.0092
"2019-02-10:12 AM",33.2433
"2019-02-11:12 AM",33.4321
"2019-02-12:12 AM",33.6277
"2019-02-13:12 AM",41.0817
"2019-02-14:12 AM",45.8532
"2019-02-15:12 AM",23.6158
"2019-02-16:12 AM",20.8564
"2019-02-17:12 AM",24.4897
"2019-02-18:12 AM",18.268
"2019-02-19:12 AM",21.9555
"2019-02-20:12 AM",26.6272
"2019-02-21:12 AM",30.2394
"2019-02-22:12 AM",33.4897
"2019-02-23:12 AM",33.6911
"2019-02-24:12 AM",28.6169
"2019-02-25:12 AM",28.3006
"2019-02-26:12 AM",21.3894
"2019-02-27:12 AM",18.4692
"2019-02-28:12 AM",18.7158
"2019-03-01:12 AM",27.7869
"2019-03-02:12 AM",25.2936
"2019-03-03:12 AM",10.8307
"2019-03-04:12 AM",8.6362
"2019-03-05:12 AM",16.9038
"2019-03-06:12 AM",24.7811
"2019-03-07:12 AM",31.5318
"2019-03-08:12 AM",34.9844
"2019-03-09:12 AM",42.8139
"2019-03-10:12 AM",35.8007
"2019-03-11:12 AM",38.6325
"2019-03-12:12 AM",50.0022
"2019-03-13:12 AM",53.8531
"2019-03-14:12 AM",38.8121
"2019-03-15:12 AM",36.9801