"DateTime","(deg F) Mean Temperature (CFSR) at Kentucky, 2010-01-01 to 2019-03-14"
"2010-01-01:12 AM",25.0579
"2010-01-02:12 AM",18.1008
"2010-01-03:12 AM",14.7805
"2010-01-04:12 AM",17.4668
"2010-01-05:12 AM",17.0928
"2010-01-06:12 AM",19.6783
"2010-01-07:12 AM",22.6929
"2010-01-08:12 AM",14.9911
"2010-01-09:12 AM",18.6523
"2010-01-10:12 AM",17.3079
"2010-01-11:12 AM",24.3835
"2010-01-12:12 AM",24.5926
"2010-01-13:12 AM",24.7728
"2010-01-14:12 AM",32.5198
"2010-01-15:12 AM",38.4804
"2010-01-16:12 AM",41.3985
"2010-01-17:12 AM",41.7897
"2010-01-18:12 AM",36.2197
"2010-01-19:12 AM",44.9812
"2010-01-20:12 AM",45.5803
"2010-01-21:12 AM",46.6027
"2010-01-22:12 AM",43.1382
"2010-01-23:12 AM",44.299
"2010-01-24:12 AM",48.3852
"2010-01-25:12 AM",37.936
"2010-01-26:12 AM",29.2098
"2010-01-27:12 AM",29.4552
"2010-01-28:12 AM",31.8378
"2010-01-29:12 AM",22.1806
"2010-01-30:12 AM",21.9027
"2010-01-31:12 AM",21.0139
"2010-02-01:12 AM",27.8598
"2010-02-02:12 AM",35.049
"2010-02-03:12 AM",32.6253
"2010-02-04:12 AM",34.1733
"2010-02-05:12 AM",37.2065
"2010-02-06:12 AM",32.3679
"2010-02-07:12 AM",26.1558
"2010-02-08:12 AM",28.1754
"2010-02-09:12 AM",29.7804
"2010-02-10:12 AM",24.1914
"2010-02-11:12 AM",25.002
"2010-02-12:12 AM",25.8872
"2010-02-13:12 AM",25.1436
"2010-02-14:12 AM",28.7013
"2010-02-15:12 AM",27.3976
"2010-02-16:12 AM",25.7598
"2010-02-17:12 AM",29.0095
"2010-02-18:12 AM",29.903
"2010-02-19:12 AM",32.1498
"2010-02-20:12 AM",37.4502
"2010-02-21:12 AM",45.3049
"2010-02-22:12 AM",44.6716
"2010-02-23:12 AM",35.8909
"2010-02-24:12 AM",30.2349
"2010-02-25:12 AM",27.1305
"2010-02-26:12 AM",29.282
"2010-02-27:12 AM",30.8154
"2010-02-28:12 AM",33.3487
"2010-03-01:12 AM",34.0455
"2010-03-02:12 AM",34.9047
"2010-03-03:12 AM",33.6076
"2010-03-04:12 AM",34.182
"2010-03-05:12 AM",33.5968
"2010-03-06:12 AM",34.3589
"2010-03-07:12 AM",38.376
"2010-03-08:12 AM",47.8962
"2010-03-09:12 AM",52.3585
"2010-03-10:12 AM",56.5245
"2010-03-11:12 AM",56.2354
"2010-03-12:12 AM",51.9881
"2010-03-13:12 AM",44.6592
"2010-03-14:12 AM",42.8898
"2010-03-15:12 AM",42.4002
"2010-03-16:12 AM",45.2914
"2010-03-17:12 AM",48.3854
"2010-03-18:12 AM",49.222
"2010-03-19:12 AM",49.7925
"2010-03-20:12 AM",54.18
"2010-03-21:12 AM",53.8887
"2010-03-22:12 AM",43.0911
"2010-03-23:12 AM",46.0656
"2010-03-24:12 AM",52.812
"2010-03-25:12 AM",54.7846
"2010-03-26:12 AM",41.3098
"2010-03-27:12 AM",44.8205
"2010-03-28:12 AM",51.1794
"2010-03-29:12 AM",45.3373
"2010-03-30:12 AM",46.4104
"2010-03-31:12 AM",54.4568
"2010-04-01:12 AM",62.2209
"2010-04-02:12 AM",64.8919
"2010-04-03:12 AM",60.6535
"2010-04-04:12 AM",59.7081
"2010-04-05:12 AM",67.9509
"2010-04-06:12 AM",69.4315
"2010-04-07:12 AM",67.6542
"2010-04-08:12 AM",55.7856
"2010-04-09:12 AM",48.3382
"2010-04-10:12 AM",50.6563
"2010-04-11:12 AM",56.4795
"2010-04-12:12 AM",60.3028
"2010-04-13:12 AM",63.4514
"2010-04-14:12 AM",65.1798
"2010-04-15:12 AM",67.2697
"2010-04-16:12 AM",67.5727
"2010-04-17:12 AM",56.1099
"2010-04-18:12 AM",49.1004
"2010-04-19:12 AM",52.0547
"2010-04-20:12 AM",56.0475
"2010-04-21:12 AM",55.4578
"2010-04-22:12 AM",58.3138
"2010-04-23:12 AM",63.9437
"2010-04-24:12 AM",64.6657
"2010-04-25:12 AM",61.0302
"2010-04-26:12 AM",52.875
"2010-04-27:12 AM",49.8144
"2010-04-28:12 AM",49.5577
"2010-04-29:12 AM",57.911
"2010-04-30:12 AM",67.5914
"2010-05-01:12 AM",70.2862
"2010-05-02:12 AM",70.5691
"2010-05-03:12 AM",68.0432
"2010-05-04:12 AM",65.2946
"2010-05-05:12 AM",68.536
"2010-05-06:12 AM",67.1639
"2010-05-07:12 AM",70.7173
"2010-05-08:12 AM",55.7173
"2010-05-09:12 AM",49.1389
"2010-05-10:12 AM",50.3694
"2010-05-11:12 AM",60.9642
"2010-05-12:12 AM",72.2574
"2010-05-13:12 AM",74.2714
"2010-05-14:12 AM",73.3469
"2010-05-15:12 AM",67.4229
"2010-05-16:12 AM",63.876
"2010-05-17:12 AM",62.8851
"2010-05-18:12 AM",58.8533
"2010-05-19:12 AM",58.8315
"2010-05-20:12 AM",63.0243
"2010-05-21:12 AM",67.4447
"2010-05-22:12 AM",69.633
"2010-05-23:12 AM",72.1841
"2010-05-24:12 AM",73.9071
"2010-05-25:12 AM",73.3456
"2010-05-26:12 AM",73.6961
"2010-05-27:12 AM",74.4089
"2010-05-28:12 AM",72.9631
"2010-05-29:12 AM",74.444
"2010-05-30:12 AM",74.7937
"2010-05-31:12 AM",72.6539
"2010-06-01:12 AM",75.2139
"2010-06-02:12 AM",77.0725
"2010-06-03:12 AM",76.8639
"2010-06-04:12 AM",76.0597
"2010-06-05:12 AM",78.3268
"2010-06-06:12 AM",74.1772
"2010-06-07:12 AM",69.7006
"2010-06-08:12 AM",72.2914
"2010-06-09:12 AM",73.1147
"2010-06-10:12 AM",76.6134
"2010-06-11:12 AM",77.623
"2010-06-12:12 AM",77.6914
"2010-06-13:12 AM",81.4852
"2010-06-14:12 AM",80.7156
"2010-06-15:12 AM",82.0605
"2010-06-16:12 AM",79.3101
"2010-06-17:12 AM",77.59
"2010-06-18:12 AM",78.7716
"2010-06-19:12 AM",80.8059
"2010-06-20:12 AM",80.2065
"2010-06-21:12 AM",82.4013
"2010-06-22:12 AM",82.6619
"2010-06-23:12 AM",82.9351
"2010-06-24:12 AM",80.8864
"2010-06-25:12 AM",78.3176
"2010-06-26:12 AM",80.3129
"2010-06-27:12 AM",81.6181
"2010-06-28:12 AM",79.6021
"2010-06-29:12 AM",75.5506
"2010-06-30:12 AM",72.2113
"2010-07-01:12 AM",68.8138
"2010-07-02:12 AM",68.8973
"2010-07-03:12 AM",75.1161
"2010-07-04:12 AM",78.7843
"2010-07-05:12 AM",79.1532
"2010-07-06:12 AM",80.1117
"2010-07-07:12 AM",81.1247
"2010-07-08:12 AM",82.7586
"2010-07-09:12 AM",75.8008
"2010-07-10:12 AM",78.1113
"2010-07-11:12 AM",77.4435
"2010-07-12:12 AM",77.0684
"2010-07-13:12 AM",77.0378
"2010-07-14:12 AM",79.1985
"2010-07-15:12 AM",81.9054
"2010-07-16:12 AM",83.2786
"2010-07-17:12 AM",81.4676
"2010-07-18:12 AM",78.7464
"2010-07-19:12 AM",81.3805
"2010-07-20:12 AM",81.7662
"2010-07-21:12 AM",80.7606
"2010-07-22:12 AM",82.594
"2010-07-23:12 AM",84.4839
"2010-07-24:12 AM",84.0499
"2010-07-25:12 AM",85.1527
"2010-07-26:12 AM",81.4505
"2010-07-27:12 AM",77.324
"2010-07-28:12 AM",80.8153
"2010-07-29:12 AM",82.0215
"2010-07-30:12 AM",76.4139
"2010-07-31:12 AM",75.0038
"2010-08-01:12 AM",77.8951
"2010-08-02:12 AM",79.9608
"2010-08-03:12 AM",82.6799
"2010-08-04:12 AM",87.9026
"2010-08-05:12 AM",82.8718
"2010-08-06:12 AM",77.9234
"2010-08-07:12 AM",74.1929
"2010-08-08:12 AM",76.9627
"2010-08-09:12 AM",81.8868
"2010-08-10:12 AM",85.3246
"2010-08-11:12 AM",85.2361
"2010-08-12:12 AM",85.7489
"2010-08-13:12 AM",83.1072
"2010-08-14:12 AM",84.0049
"2010-08-15:12 AM",81.3769
"2010-08-16:12 AM",78.8371
"2010-08-17:12 AM",75.4403
"2010-08-18:12 AM",73.8266
"2010-08-19:12 AM",74.7648
"2010-08-20:12 AM",76.0417
"2010-08-21:12 AM",78.5224
"2010-08-22:12 AM",77.6716
"2010-08-23:12 AM",72.6296
"2010-08-24:12 AM",71.5618
"2010-08-25:12 AM",71.7629
"2010-08-26:12 AM",70.0745
"2010-08-27:12 AM",68.2927
"2010-08-28:12 AM",73.9308
"2010-08-29:12 AM",76.611
"2010-08-30:12 AM",77.7303
"2010-08-31:12 AM",75.5825
"2010-09-01:12 AM",75.5407
"2010-09-02:12 AM",75.868
"2010-09-03:12 AM",73.0549
"2010-09-04:12 AM",63.2784
"2010-09-05:12 AM",60.0094
"2010-09-06:12 AM",67.2703
"2010-09-07:12 AM",76.6132
"2010-09-08:12 AM",72.4822
"2010-09-09:12 AM",65.5497
"2010-09-10:12 AM",62.0339
"2010-09-11:12 AM",71.1057
"2010-09-12:12 AM",66.9058
"2010-09-13:12 AM",66.978
"2010-09-14:12 AM",70.9959
"2010-09-15:12 AM",73.071
"2010-09-16:12 AM",76.0294
"2010-09-17:12 AM",66.4846
"2010-09-18:12 AM",66.1552
"2010-09-19:12 AM",70.3486
"2010-09-20:12 AM",72.671
"2010-09-21:12 AM",76.1877
"2010-09-22:12 AM",79.0619
"2010-09-23:12 AM",78.2886
"2010-09-24:12 AM",78.3316
"2010-09-25:12 AM",67.1191
"2010-09-26:12 AM",61.9878
"2010-09-27:12 AM",57.7393
"2010-09-28:12 AM",55.884
"2010-09-29:12 AM",58.0942
"2010-09-30:12 AM",62.7508
"2010-10-01:12 AM",60.2676
"2010-10-02:12 AM",55.1403
"2010-10-03:12 AM",49.5675
"2010-10-04:12 AM",47.7824
"2010-10-05:12 AM",48.6306
"2010-10-06:12 AM",53.8399
"2010-10-07:12 AM",61.1089
"2010-10-08:12 AM",58.8339
"2010-10-09:12 AM",59.5974
"2010-10-10:12 AM",63.3177
"2010-10-11:12 AM",67.3918
"2010-10-12:12 AM",68.7567
"2010-10-13:12 AM",63.9781
"2010-10-14:12 AM",55.3456
"2010-10-15:12 AM",55.0983
"2010-10-16:12 AM",50.9113
"2010-10-17:12 AM",59.5171
"2010-10-18:12 AM",63.2511
"2010-10-19:12 AM",57.6005
"2010-10-20:12 AM",53.8529
"2010-10-21:12 AM",57.1829
"2010-10-22:12 AM",50.0446
"2010-10-23:12 AM",61.0839
"2010-10-24:12 AM",67.2447
"2010-10-25:12 AM",65.9311
"2010-10-26:12 AM",66.5249
"2010-10-27:12 AM",59.8165
"2010-10-28:12 AM",54.2113
"2010-10-29:12 AM",40.6917
"2010-10-30:12 AM",47.896
"2010-10-31:12 AM",52.0945
"2010-11-01:12 AM",48.3418
"2010-11-02:12 AM",49.8765
"2010-11-03:12 AM",49.8249
"2010-11-04:12 AM",47.2989
"2010-11-05:12 AM",41.7632
"2010-11-06:12 AM",35.3845
"2010-11-07:12 AM",38.3932
"2010-11-08:12 AM",47.8123
"2010-11-09:12 AM",51.9438
"2010-11-10:12 AM",53.2346
"2010-11-11:12 AM",54.1663
"2010-11-12:12 AM",54.2475
"2010-11-13:12 AM",57.0675
"2010-11-14:12 AM",46.6632
"2010-11-15:12 AM",40.7883
"2010-11-16:12 AM",45.4559
"2010-11-17:12 AM",42.4227
"2010-11-18:12 AM",43.3485
"2010-11-19:12 AM",42.197
"2010-11-20:12 AM",48.0873
"2010-11-21:12 AM",56.4861
"2010-11-22:12 AM",62.0825
"2010-11-23:12 AM",55.4796
"2010-11-24:12 AM",43.7018
"2010-11-25:12 AM",58.186
"2010-11-26:12 AM",34.6984
"2010-11-27:12 AM",33.2267
"2010-11-28:12 AM",34.4899
"2010-11-29:12 AM",44.1986
"2010-11-30:12 AM",50.0355
"2010-12-01:12 AM",31.0411
"2010-12-02:12 AM",31.0588
"2010-12-03:12 AM",32.6818
"2010-12-04:12 AM",33.3005
"2010-12-05:12 AM",29.7361
"2010-12-06:12 AM",23.0409
"2010-12-07:12 AM",20.539
"2010-12-08:12 AM",20.5731
"2010-12-09:12 AM",25.3962
"2010-12-10:12 AM",35.7688
"2010-12-11:12 AM",39.3372
"2010-12-12:12 AM",28.5382
"2010-12-13:12 AM",21.1122
"2010-12-14:12 AM",17.7687
"2010-12-15:12 AM",22.7039
"2010-12-16:12 AM",30.8529
"2010-12-17:12 AM",27.3927
"2010-12-18:12 AM",26.4135
"2010-12-19:12 AM",24.5444
"2010-12-20:12 AM",29.6672
"2010-12-21:12 AM",35.9641
"2010-12-22:12 AM",32.4887
"2010-12-23:12 AM",29.6474
"2010-12-24:12 AM",29.4876
"2010-12-25:12 AM",29.3583
"2010-12-26:12 AM",26.0452
"2010-12-27:12 AM",25.0045
"2010-12-28:12 AM",25.6746
"2010-12-29:12 AM",32.4781
"2010-12-30:12 AM",42.5341
"2010-12-31:12 AM",51.1686
"2011-01-01:12 AM",47.0997
"2011-01-02:12 AM",28.8559
"2011-01-03:12 AM",28.4239
"2011-01-04:12 AM",32.7744
"2011-01-05:12 AM",29.0314
"2011-01-06:12 AM",31.5655
"2011-01-07:12 AM",30.6801
"2011-01-08:12 AM",21.3062
"2011-01-09:12 AM",17.5048
"2011-01-10:12 AM",25.1373
"2011-01-11:12 AM",27.5889
"2011-01-12:12 AM",19.7404
"2011-01-13:12 AM",18.9786
"2011-01-14:12 AM",21.4525
"2011-01-15:12 AM",31.894
"2011-01-16:12 AM",30.1665
"2011-01-17:12 AM",33.4841
"2011-01-18:12 AM",39.3296
"2011-01-19:12 AM",33.3734
"2011-01-20:12 AM",30.5011
"2011-01-21:12 AM",16.3125
"2011-01-22:12 AM",16.3339
"2011-01-23:12 AM",23.1327
"2011-01-24:12 AM",31.6456
"2011-01-25:12 AM",35.3633
"2011-01-26:12 AM",30.4768
"2011-01-27:12 AM",29.0871
"2011-01-28:12 AM",32.8604
"2011-01-29:12 AM",37.4185
"2011-01-30:12 AM",37.9233
"2011-01-31:12 AM",36.1863
"2011-02-01:12 AM",45.9205
"2011-02-02:12 AM",29.7903
"2011-02-03:12 AM",25.0824
"2011-02-04:12 AM",28.6237
"2011-02-05:12 AM",32.5639
"2011-02-06:12 AM",33.154
"2011-02-07:12 AM",34.3432
"2011-02-08:12 AM",23.2281
"2011-02-09:12 AM",19.2573
"2011-02-10:12 AM",14.1726
"2011-02-11:12 AM",18.261
"2011-02-12:12 AM",30.8901
"2011-02-13:12 AM",39.1507
"2011-02-14:12 AM",41.7664
"2011-02-15:12 AM",37.5742
"2011-02-16:12 AM",48.1879
"2011-02-17:12 AM",53.3071
"2011-02-18:12 AM",55.9396
"2011-02-19:12 AM",43.3175
"2011-02-20:12 AM",44.5532
"2011-02-21:12 AM",56.5333
"2011-02-22:12 AM",38.6245
"2011-02-23:12 AM",36.3337
"2011-02-24:12 AM",46.5246
"2011-02-25:12 AM",41.0412
"2011-02-26:12 AM",37.4468
"2011-02-27:12 AM",51.8646
"2011-02-28:12 AM",54.0289
"2011-03-01:12 AM",36.588
"2011-03-02:12 AM",41.8075
"2011-03-03:12 AM",44.8659
"2011-03-04:12 AM",52.7315
"2011-03-05:12 AM",50.1012
"2011-03-06:12 AM",35.1991
"2011-03-07:12 AM",35.613
"2011-03-08:12 AM",44.0159
"2011-03-09:12 AM",48.9281
"2011-03-10:12 AM",39.918
"2011-03-11:12 AM",35.9478
"2011-03-12:12 AM",47.9431
"2011-03-13:12 AM",47.131
"2011-03-14:12 AM",40.7224
"2011-03-15:12 AM",45.4568
"2011-03-16:12 AM",43.9405
"2011-03-17:12 AM",52.3339
"2011-03-18:12 AM",60.1923
"2011-03-19:12 AM",51.5145
"2011-03-20:12 AM",54.4163
"2011-03-21:12 AM",63.9118
"2011-03-22:12 AM",63.5857
"2011-03-23:12 AM",62.118
"2011-03-24:12 AM",42.737
"2011-03-25:12 AM",35.3484
"2011-03-26:12 AM",38.2856
"2011-03-27:12 AM",33.7599
"2011-03-28:12 AM",36.5972
"2011-03-29:12 AM",40.5077
"2011-03-30:12 AM",38.2543
"2011-03-31:12 AM",37.0567
"2011-04-01:12 AM",39.6928
"2011-04-02:12 AM",46.2735
"2011-04-03:12 AM",54.0153
"2011-04-04:12 AM",60.7798
"2011-04-05:12 AM",42.9507
"2011-04-06:12 AM",49.9219
"2011-04-07:12 AM",58.6744
"2011-04-08:12 AM",65.0655
"2011-04-09:12 AM",69.1648
"2011-04-10:12 AM",70.4019
"2011-04-11:12 AM",67.7721
"2011-04-12:12 AM",51.9809
"2011-04-13:12 AM",49.6132
"2011-04-14:12 AM",54.4073
"2011-04-15:12 AM",57.0819
"2011-04-16:12 AM",48.3472
"2011-04-17:12 AM",50.0198
"2011-04-18:12 AM",60.534
"2011-04-19:12 AM",68.7103
"2011-04-20:12 AM",59.4934
"2011-04-21:12 AM",50.8536
"2011-04-22:12 AM",60.5615
"2011-04-23:12 AM",67.8402
"2011-04-24:12 AM",66.9412
"2011-04-25:12 AM",67.5802
"2011-04-26:12 AM",66.8473
"2011-04-27:12 AM",64.4506
"2011-04-28:12 AM",55.0908
"2011-04-29:12 AM",55.3708
"2011-04-30:12 AM",59.7565
"2011-05-01:12 AM",63.4982
"2011-05-02:12 AM",59.6777
"2011-05-03:12 AM",50.1503
"2011-05-04:12 AM",46.1259
"2011-05-05:12 AM",48.2986
"2011-05-06:12 AM",54.7052
"2011-05-07:12 AM",56.7948
"2011-05-08:12 AM",65.709
"2011-05-09:12 AM",68.155
"2011-05-10:12 AM",71.4538
"2011-05-11:12 AM",74.5237
"2011-05-12:12 AM",73.6867
"2011-05-13:12 AM",69.5509
"2011-05-14:12 AM",60.7896
"2011-05-15:12 AM",52.6224
"2011-05-16:12 AM",49.6776
"2011-05-17:12 AM",47.6467
"2011-05-18:12 AM",51.7768
"2011-05-19:12 AM",59.1199
"2011-05-20:12 AM",67.0653
"2011-05-21:12 AM",70.0097
"2011-05-22:12 AM",72.0493
"2011-05-23:12 AM",73.3341
"2011-05-24:12 AM",70.7783
"2011-05-25:12 AM",74.1556
"2011-05-26:12 AM",67.1799
"2011-05-27:12 AM",60.9015
"2011-05-28:12 AM",65.9302
"2011-05-29:12 AM",76.5383
"2011-05-30:12 AM",79.4716
"2011-05-31:12 AM",80.1999
"2011-06-01:12 AM",78.5579
"2011-06-02:12 AM",73.2112
"2011-06-03:12 AM",74.2179
"2011-06-04:12 AM",76.8999
"2011-06-05:12 AM",78.9039
"2011-06-06:12 AM",76.5531
"2011-06-07:12 AM",79.2064
"2011-06-08:12 AM",80.6459
"2011-06-09:12 AM",80.051
"2011-06-10:12 AM",79.3391
"2011-06-11:12 AM",78.4004
"2011-06-12:12 AM",72.2919
"2011-06-13:12 AM",68.1973
"2011-06-14:12 AM",68.5557
"2011-06-15:12 AM",71.08
"2011-06-16:12 AM",73.0431
"2011-06-17:12 AM",75.1915
"2011-06-18:12 AM",73.9355
"2011-06-19:12 AM",75.2502
"2011-06-20:12 AM",78.2253
"2011-06-21:12 AM",77.8356
"2011-06-22:12 AM",73.2972
"2011-06-23:12 AM",75.1757
"2011-06-24:12 AM",70.2408
"2011-06-25:12 AM",69.0739
"2011-06-26:12 AM",70.8975
"2011-06-27:12 AM",74.633
"2011-06-28:12 AM",77.0718
"2011-06-29:12 AM",70.8744
"2011-06-30:12 AM",72.3625
"2011-07-01:12 AM",75.6343
"2011-07-02:12 AM",74.6539
"2011-07-03:12 AM",79.6498
"2011-07-04:12 AM",75.9945
"2011-07-05:12 AM",76.3363
"2011-07-06:12 AM",78.215
"2011-07-07:12 AM",79.7265
"2011-07-08:12 AM",73.395
"2011-07-09:12 AM",76.0005
"2011-07-10:12 AM",79.4017
"2011-07-11:12 AM",84.1588
"2011-07-12:12 AM",87.4429
"2011-07-13:12 AM",79.556
"2011-07-14:12 AM",75.6743
"2011-07-15:12 AM",75.1966
"2011-07-16:12 AM",75.3411
"2011-07-17:12 AM",77.2801
"2011-07-18:12 AM",79.7263
"2011-07-19:12 AM",82.6344
"2011-07-20:12 AM",84.4243
"2011-07-21:12 AM",85.3203
"2011-07-22:12 AM",82.956
"2011-07-23:12 AM",83.9005
"2011-07-24:12 AM",83.4206
"2011-07-25:12 AM",79.867
"2011-07-26:12 AM",80.8822
"2011-07-27:12 AM",81.9154
"2011-07-28:12 AM",82.6524
"2011-07-29:12 AM",82.4076
"2011-07-30:12 AM",80.6866
"2011-07-31:12 AM",80.7895
"2011-08-01:12 AM",79.5826
"2011-08-02:12 AM",79.4662
"2011-08-03:12 AM",84.1397
"2011-08-04:12 AM",80.4247
"2011-08-05:12 AM",75.1469
"2011-08-06:12 AM",79.5519
"2011-08-07:12 AM",82.0834
"2011-08-08:12 AM",81.0655
"2011-08-09:12 AM",77.8543
"2011-08-10:12 AM",75.8979
"2011-08-11:12 AM",71.3952
"2011-08-12:12 AM",71.4897
"2011-08-13:12 AM",73.11
"2011-08-14:12 AM",71.989
"2011-08-15:12 AM",69.118
"2011-08-16:12 AM",69.3734
"2011-08-17:12 AM",72.6359
"2011-08-18:12 AM",76.9138
"2011-08-19:12 AM",75.4279
"2011-08-20:12 AM",76.2534
"2011-08-21:12 AM",77.828
"2011-08-22:12 AM",72.8784
"2011-08-23:12 AM",72.2442
"2011-08-24:12 AM",79.4806
"2011-08-25:12 AM",79.8138
"2011-08-26:12 AM",74.3463
"2011-08-27:12 AM",72.3486
"2011-08-28:12 AM",70.2705
"2011-08-29:12 AM",68.4489
"2011-08-30:12 AM",69.8214
"2011-08-31:12 AM",76.9483
"2011-09-01:12 AM",80.7154
"2011-09-02:12 AM",82.1379
"2011-09-03:12 AM",82.2474
"2011-09-04:12 AM",77.4288
"2011-09-05:12 AM",62.5433
"2011-09-06:12 AM",57.7508
"2011-09-07:12 AM",59.4358
"2011-09-08:12 AM",59.621
"2011-09-09:12 AM",60.8846
"2011-09-10:12 AM",65.1106
"2011-09-11:12 AM",67.3471
"2011-09-12:12 AM",66.9987
"2011-09-13:12 AM",71.4623
"2011-09-14:12 AM",71.7427
"2011-09-15:12 AM",57.9846
"2011-09-16:12 AM",56.1002
"2011-09-17:12 AM",57.893
"2011-09-18:12 AM",64.9872
"2011-09-19:12 AM",64.3852
"2011-09-20:12 AM",65.3981
"2011-09-21:12 AM",67.7775
"2011-09-22:12 AM",66.4353
"2011-09-23:12 AM",59.2266
"2011-09-24:12 AM",59.3933
"2011-09-25:12 AM",64.342
"2011-09-26:12 AM",62.0467
"2011-09-27:12 AM",59.7211
"2011-09-28:12 AM",60.3264
"2011-09-29:12 AM",63.0066
"2011-09-30:12 AM",56.9997
"2011-10-01:12 AM",48.0738
"2011-10-02:12 AM",46.2814
"2011-10-03:12 AM",50.5684
"2011-10-04:12 AM",54.3465
"2011-10-05:12 AM",59.1127
"2011-10-06:12 AM",63.777
"2011-10-07:12 AM",63.9673
"2011-10-08:12 AM",63.2397
"2011-10-09:12 AM",61.3251
"2011-10-10:12 AM",64.4446
"2011-10-11:12 AM",62.2562
"2011-10-12:12 AM",60.494
"2011-10-13:12 AM",60.0265
"2011-10-14:12 AM",57.677
"2011-10-15:12 AM",53.8786
"2011-10-16:12 AM",61.2775
"2011-10-17:12 AM",59.3436
"2011-10-18:12 AM",56.0669
"2011-10-19:12 AM",46.9429
"2011-10-20:12 AM",41.8726
"2011-10-21:12 AM",44.013
"2011-10-22:12 AM",44.7051
"2011-10-23:12 AM",50.9338
"2011-10-24:12 AM",54.7329
"2011-10-25:12 AM",54.4858
"2011-10-26:12 AM",62.6274
"2011-10-27:12 AM",52.7819
"2011-10-28:12 AM",41.3047
"2011-10-29:12 AM",40.3975
"2011-10-30:12 AM",42.2301
"2011-10-31:12 AM",47.5594
"2011-11-01:12 AM",47.2059
"2011-11-02:12 AM",51.1974
"2011-11-03:12 AM",49.4334
"2011-11-04:12 AM",46.9978
"2011-11-05:12 AM",44.8642
"2011-11-06:12 AM",47.8249
"2011-11-07:12 AM",54.4244
"2011-11-08:12 AM",57.8201
"2011-11-09:12 AM",55.0706
"2011-11-10:12 AM",41.2979
"2011-11-11:12 AM",37.8102
"2011-11-12:12 AM",48.9002
"2011-11-13:12 AM",56.683
"2011-11-14:12 AM",64.2731
"2011-11-15:12 AM",58.7746
"2011-11-16:12 AM",52.1746
"2011-11-17:12 AM",37.9285
"2011-11-18:12 AM",36.3763
"2011-11-19:12 AM",46.5683
"2011-11-20:12 AM",57.7758
"2011-11-21:12 AM",59.0112
"2011-11-22:12 AM",60.226
"2011-11-23:12 AM",46.5784
"2011-11-24:12 AM",41.76
"2011-11-25:12 AM",46.3714
"2011-11-26:12 AM",53.6585
"2011-11-27:12 AM",52.9048
"2011-11-28:12 AM",46.7116
"2011-11-29:12 AM",39.1176
"2011-11-30:12 AM",33.6542
"2011-12-01:12 AM",33.937
"2011-12-02:12 AM",37.5742
"2011-12-03:12 AM",43.5519
"2011-12-04:12 AM",49.5912
"2011-12-05:12 AM",50.1786
"2011-12-06:12 AM",42.8783
"2011-12-07:12 AM",35.665
"2011-12-08:12 AM",32.5144
"2011-12-09:12 AM",34.5056
"2011-12-10:12 AM",29.2563
"2011-12-11:12 AM",29.4138
"2011-12-12:12 AM",34.9286
"2011-12-13:12 AM",38.9689
"2011-12-14:12 AM",49.5909
"2011-12-15:12 AM",56.1623
"2011-12-16:12 AM",37.6723
"2011-12-17:12 AM",33.0125
"2011-12-18:12 AM",36.3666
"2011-12-19:12 AM",42.4166
"2011-12-20:12 AM",47.2638
"2011-12-21:12 AM",53.0031
"2011-12-22:12 AM",44.3178
"2011-12-23:12 AM",40.4231
"2011-12-24:12 AM",34.779
"2011-12-25:12 AM",37.3518
"2011-12-26:12 AM",36.0138
"2011-12-27:12 AM",38.1502
"2011-12-28:12 AM",34.4471
"2011-12-29:12 AM",39.0085
"2011-12-30:12 AM",47.4071
"2011-12-31:12 AM",43.705
"2012-01-01:12 AM",43.8559
"2012-01-02:12 AM",28.3501
"2012-01-03:12 AM",22.1497
"2012-01-04:12 AM",30.146
"2012-01-05:12 AM",37.8208
"2012-01-06:12 AM",45.18
"2012-01-07:12 AM",48.677
"2012-01-08:12 AM",38.8801
"2012-01-09:12 AM",40.1529
"2012-01-10:12 AM",39.979
"2012-01-11:12 AM",47.6046
"2012-01-12:12 AM",37.6245
"2012-01-13:12 AM",21.9333
"2012-01-14:12 AM",25.9576
"2012-01-15:12 AM",26.3617
"2012-01-16:12 AM",40.5619
"2012-01-17:12 AM",48.6977
"2012-01-18:12 AM",29.7585
"2012-01-19:12 AM",32.6475
"2012-01-20:12 AM",34.1296
"2012-01-21:12 AM",35.1655
"2012-01-22:12 AM",40.6486
"2012-01-23:12 AM",50.3508
"2012-01-24:12 AM",40.5203
"2012-01-25:12 AM",36.1137
"2012-01-26:12 AM",48.9283
"2012-01-27:12 AM",40.064
"2012-01-28:12 AM",35.9739
"2012-01-29:12 AM",35.4193
"2012-01-30:12 AM",39.5818
"2012-01-31:12 AM",48.3669
"2012-02-01:12 AM",54.2826
"2012-02-02:12 AM",48.5487
"2012-02-03:12 AM",45.8101
"2012-02-04:12 AM",48.7596
"2012-02-05:12 AM",43.4908
"2012-02-06:12 AM",38.1367
"2012-02-07:12 AM",37.0432
"2012-02-08:12 AM",36.2676
"2012-02-09:12 AM",32.5816
"2012-02-10:12 AM",32.4428
"2012-02-11:12 AM",24.8076
"2012-02-12:12 AM",22.8553
"2012-02-13:12 AM",27.93
"2012-02-14:12 AM",34.725
"2012-02-15:12 AM",36.5608
"2012-02-16:12 AM",45.5965
"2012-02-17:12 AM",41.3247
"2012-02-18:12 AM",42.7251
"2012-02-19:12 AM",35.4432
"2012-02-20:12 AM",31.6668
"2012-02-21:12 AM",41.9837
"2012-02-22:12 AM",47.6775
"2012-02-23:12 AM",55.5951
"2012-02-24:12 AM",47.2971
"2012-02-25:12 AM",32.5686
"2012-02-26:12 AM",36.2613
"2012-02-27:12 AM",45.8514
"2012-02-28:12 AM",46.7456
"2012-02-29:12 AM",60.3257
"2012-03-01:12 AM",49.476
"2012-03-02:12 AM",54.8524
"2012-03-03:12 AM",40.6429
"2012-03-04:12 AM",35.4324
"2012-03-05:12 AM",33.2206
"2012-03-06:12 AM",40.3038
"2012-03-07:12 AM",51.6933
"2012-03-08:12 AM",55.3845
"2012-03-09:12 AM",40.9903
"2012-03-10:12 AM",39.4156
"2012-03-11:12 AM",48.592
"2012-03-12:12 AM",57.992
"2012-03-13:12 AM",62.9456
"2012-03-14:12 AM",63.9027
"2012-03-15:12 AM",65.5261
"2012-03-16:12 AM",62.9506
"2012-03-17:12 AM",64.1093
"2012-03-18:12 AM",65.5176
"2012-03-19:12 AM",66.5267
"2012-03-20:12 AM",68.7873
"2012-03-21:12 AM",68.8419
"2012-03-22:12 AM",66.9985
"2012-03-23:12 AM",63.7488
"2012-03-24:12 AM",55.9531
"2012-03-25:12 AM",55.8865
"2012-03-26:12 AM",57.515
"2012-03-27:12 AM",52.5711
"2012-03-28:12 AM",65.4939
"2012-03-29:12 AM",61.4534
"2012-03-30:12 AM",62.6481
"2012-03-31:12 AM",60.3878
"2012-04-01:12 AM",61.1951
"2012-04-02:12 AM",64.7593
"2012-04-03:12 AM",66.7985
"2012-04-04:12 AM",66.4464
"2012-04-05:12 AM",54.2408
"2012-04-06:12 AM",47.1182
"2012-04-07:12 AM",50.0823
"2012-04-08:12 AM",55.6045
"2012-04-09:12 AM",52.8953
"2012-04-10:12 AM",50.4734
"2012-04-11:12 AM",41.86
"2012-04-12:12 AM",43.6127
"2012-04-13:12 AM",50.844
"2012-04-14:12 AM",62.4474
"2012-04-15:12 AM",67.3855
"2012-04-16:12 AM",65.4519
"2012-04-17:12 AM",56.1171
"2012-04-18:12 AM",55.6162
"2012-04-19:12 AM",57.0002
"2012-04-20:12 AM",60.2031
"2012-04-21:12 AM",49.8823
"2012-04-22:12 AM",46.0301
"2012-04-23:12 AM",46.1604
"2012-04-24:12 AM",49.9212
"2012-04-25:12 AM",60.8158
"2012-04-26:12 AM",66.3355
"2012-04-27:12 AM",54.4163
"2012-04-28:12 AM",63.7668
"2012-04-29:12 AM",66.4752
"2012-04-30:12 AM",70.3186
"2012-05-01:12 AM",71.119
"2012-05-02:12 AM",75.2162
"2012-05-03:12 AM",72.1222
"2012-05-04:12 AM",72.4669
"2012-05-05:12 AM",72.7005
"2012-05-06:12 AM",72.9581
"2012-05-07:12 AM",71.4358
"2012-05-08:12 AM",67.546
"2012-05-09:12 AM",61.9608
"2012-05-10:12 AM",57.1089
"2012-05-11:12 AM",58.6299
"2012-05-12:12 AM",60.4114
"2012-05-13:12 AM",60.0577
"2012-05-14:12 AM",63.1314
"2012-05-15:12 AM",64.5273
"2012-05-16:12 AM",66.909
"2012-05-17:12 AM",64.9639
"2012-05-18:12 AM",68.2137
"2012-05-19:12 AM",71.6704
"2012-05-20:12 AM",72.4903
"2012-05-21:12 AM",68.6037
"2012-05-22:12 AM",63.8976
"2012-05-23:12 AM",67.1796
"2012-05-24:12 AM",71.1255
"2012-05-25:12 AM",77.0985
"2012-05-26:12 AM",78.3343
"2012-05-27:12 AM",79.056
"2012-05-28:12 AM",78.3684
"2012-05-29:12 AM",75.425
"2012-05-30:12 AM",72.2098
"2012-05-31:12 AM",68.9641
"2012-06-01:12 AM",61.3596
"2012-06-02:12 AM",59.5998
"2012-06-03:12 AM",68.8404
"2012-06-04:12 AM",68.8298
"2012-06-05:12 AM",65.4364
"2012-06-06:12 AM",63.7158
"2012-06-07:12 AM",65.597
"2012-06-08:12 AM",69.4753
"2012-06-09:12 AM",72.1706
"2012-06-10:12 AM",71.4261
"2012-06-11:12 AM",72.3744
"2012-06-12:12 AM",74.8731
"2012-06-13:12 AM",69.6592
"2012-06-14:12 AM",70.2873
"2012-06-15:12 AM",75.1741
"2012-06-16:12 AM",75.2824
"2012-06-17:12 AM",73.6975
"2012-06-18:12 AM",77.0945
"2012-06-19:12 AM",79.2855
"2012-06-20:12 AM",79.8337
"2012-06-21:12 AM",79.2775
"2012-06-22:12 AM",78.1236
"2012-06-23:12 AM",76.0062
"2012-06-24:12 AM",79.1458
"2012-06-25:12 AM",78.0008
"2012-06-26:12 AM",69.4992
"2012-06-27:12 AM",72.3018
"2012-06-28:12 AM",81.9489
"2012-06-29:12 AM",88.1452
"2012-06-30:12 AM",88.7061
"2012-07-01:12 AM",87.5849
"2012-07-02:12 AM",83.8992
"2012-07-03:12 AM",83.0239
"2012-07-04:12 AM",84.799
"2012-07-05:12 AM",87.0993
"2012-07-06:12 AM",86.653
"2012-07-07:12 AM",88.8386
"2012-07-08:12 AM",87.7797
"2012-07-09:12 AM",78.9136
"2012-07-10:12 AM",75.7006
"2012-07-11:12 AM",76.564
"2012-07-12:12 AM",74.5664
"2012-07-13:12 AM",71.5559
"2012-07-14:12 AM",74.2343
"2012-07-15:12 AM",77.2533
"2012-07-16:12 AM",80.5111
"2012-07-17:12 AM",82.8975
"2012-07-18:12 AM",84.3375
"2012-07-19:12 AM",83.2699
"2012-07-20:12 AM",79.8883
"2012-07-21:12 AM",76.554
"2012-07-22:12 AM",78.2812
"2012-07-23:12 AM",82.9773
"2012-07-24:12 AM",84.7528
"2012-07-25:12 AM",85.8709
"2012-07-26:12 AM",85.9363
"2012-07-27:12 AM",81.8515
"2012-07-28:12 AM",78.5071
"2012-07-29:12 AM",75.8444
"2012-07-30:12 AM",77.0587
"2012-07-31:12 AM",80.9965
"2012-08-01:12 AM",81.5641
"2012-08-02:12 AM",80.3865
"2012-08-03:12 AM",74.9955
"2012-08-04:12 AM",80.3271
"2012-08-05:12 AM",77.9061
"2012-08-06:12 AM",77.1312
"2012-08-07:12 AM",77.7382
"2012-08-08:12 AM",79.4104
"2012-08-09:12 AM",80.3914
"2012-08-10:12 AM",74.343
"2012-08-11:12 AM",68.2781
"2012-08-12:12 AM",67.4562
"2012-08-13:12 AM",70.2603
"2012-08-14:12 AM",71.8934
"2012-08-15:12 AM",72.5959
"2012-08-16:12 AM",75.0699
"2012-08-17:12 AM",72.1051
"2012-08-18:12 AM",68.3344
"2012-08-19:12 AM",69.6713
"2012-08-20:12 AM",67.026
"2012-08-21:12 AM",67.8933
"2012-08-22:12 AM",69.5417
"2012-08-23:12 AM",71.8252
"2012-08-24:12 AM",74.7846
"2012-08-25:12 AM",75.6696
"2012-08-26:12 AM",74.4912
"2012-08-27:12 AM",76.8414
"2012-08-28:12 AM",76.8096
"2012-08-29:12 AM",73.9996
"2012-08-30:12 AM",75.6259
"2012-08-31:12 AM",77.2848
"2012-09-01:12 AM",77.3064
"2012-09-02:12 AM",75.1345
"2012-09-03:12 AM",73.7573
"2012-09-04:12 AM",75.2661
"2012-09-05:12 AM",77.4673
"2012-09-06:12 AM",73.8529
"2012-09-07:12 AM",76.0842
"2012-09-08:12 AM",67.7991
"2012-09-09:12 AM",62.721
"2012-09-10:12 AM",61.9462
"2012-09-11:12 AM",62.5116
"2012-09-12:12 AM",68.0463
"2012-09-13:12 AM",67.683
"2012-09-14:12 AM",67.6159
"2012-09-15:12 AM",63.5457
"2012-09-16:12 AM",63.4683
"2012-09-17:12 AM",64.4157
"2012-09-18:12 AM",62.0166
"2012-09-19:12 AM",53.7822
"2012-09-20:12 AM",59.8789
"2012-09-21:12 AM",65.8681
"2012-09-22:12 AM",65.3918
"2012-09-23:12 AM",49.746
"2012-09-24:12 AM",49.449
"2012-09-25:12 AM",64.2027
"2012-09-26:12 AM",71.7548
"2012-09-27:12 AM",67.3637
"2012-09-28:12 AM",64.6236
"2012-09-29:12 AM",60.2524
"2012-09-30:12 AM",58.275
"2012-10-01:12 AM",56.5257
"2012-10-02:12 AM",60.8605
"2012-10-03:12 AM",59.6138
"2012-10-04:12 AM",63.0595
"2012-10-05:12 AM",64.4536
"2012-10-06:12 AM",49.4739
"2012-10-07:12 AM",45.3427
"2012-10-08:12 AM",45.0284
"2012-10-09:12 AM",44.9845
"2012-10-10:12 AM",49.6382
"2012-10-11:12 AM",45.0588
"2012-10-12:12 AM",52.63
"2012-10-13:12 AM",58.2733
"2012-10-14:12 AM",65.6649
"2012-10-15:12 AM",55.6509
"2012-10-16:12 AM",51.7278
"2012-10-17:12 AM",60.0553
"2012-10-18:12 AM",57.036
"2012-10-19:12 AM",50.2502
"2012-10-20:12 AM",48.3256
"2012-10-21:12 AM",53.3907
"2012-10-22:12 AM",62.4443
"2012-10-23:12 AM",64.6635
"2012-10-24:12 AM",63.8915
"2012-10-25:12 AM",63.9507
"2012-10-26:12 AM",54.9772
"2012-10-27:12 AM",46.5069
"2012-10-28:12 AM",43.2286
"2012-10-29:12 AM",40.1842
"2012-10-30:12 AM",39.6828
"2012-10-31:12 AM",40.683
"2012-11-01:12 AM",42.3199
"2012-11-02:12 AM",47.9383
"2012-11-03:12 AM",46.65
"2012-11-04:12 AM",42.6648
"2012-11-05:12 AM",38.7995
"2012-11-06:12 AM",41.6079
"2012-11-07:12 AM",42.8457
"2012-11-08:12 AM",38.7354
"2012-11-09:12 AM",45.0205
"2012-11-10:12 AM",54.4996
"2012-11-11:12 AM",57.4943
"2012-11-12:12 AM",49.869
"2012-11-13:12 AM",34.822
"2012-11-14:12 AM",35.6148
"2012-11-15:12 AM",35.8538
"2012-11-16:12 AM",38.1436
"2012-11-17:12 AM",40.7471
"2012-11-18:12 AM",43.47
"2012-11-19:12 AM",45.0658
"2012-11-20:12 AM",50.2605
"2012-11-21:12 AM",50.6444
"2012-11-22:12 AM",49.2246
"2012-11-23:12 AM",47.2374
"2012-11-24:12 AM",30.3301
"2012-11-25:12 AM",35.9173
"2012-11-26:12 AM",41.2497
"2012-11-27:12 AM",37.1703
"2012-11-28:12 AM",33.7818
"2012-11-29:12 AM",36.851
"2012-11-30:12 AM",44.2517
"2012-12-01:12 AM",51.9762
"2012-12-02:12 AM",57.6239
"2012-12-03:12 AM",61.1271
"2012-12-04:12 AM",59.5557
"2012-12-05:12 AM",47.1931
"2012-12-06:12 AM",43.4502
"2012-12-07:12 AM",53.4972
"2012-12-08:12 AM",55.6561
"2012-12-09:12 AM",58.0595
"2012-12-10:12 AM",46.1916
"2012-12-11:12 AM",31.2958
"2012-12-12:12 AM",32.2916
"2012-12-13:12 AM",32.8386
"2012-12-14:12 AM",37.6871
"2012-12-15:12 AM",46.5858
"2012-12-16:12 AM",55.8838
"2012-12-17:12 AM",52.855
"2012-12-18:12 AM",43.0081
"2012-12-19:12 AM",46.0375
"2012-12-20:12 AM",46.5386
"2012-12-21:12 AM",29.1409
"2012-12-22:12 AM",28.9083
"2012-12-23:12 AM",39.1392
"2012-12-24:12 AM",43.7211
"2012-12-25:12 AM",35.6207
"2012-12-26:12 AM",35.7568
"2012-12-27:12 AM",29.4415
"2012-12-28:12 AM",31.8126
"2012-12-29:12 AM",31.2111
"2012-12-30:12 AM",25.4064
"2012-12-31:12 AM",32.3445
"2013-01-01:12 AM",33.7285
"2013-01-02:12 AM",27.612
"2013-01-03:12 AM",28.8624
"2013-01-04:12 AM",29.8494
"2013-01-05:12 AM",32.8195
"2013-01-06:12 AM",32.7364
"2013-01-07:12 AM",29.5144
"2013-01-08:12 AM",37.0693
"2013-01-09:12 AM",46.4412
"2013-01-10:12 AM",48.9254
"2013-01-11:12 AM",57.5721
"2013-01-12:12 AM",62.8088
"2013-01-13:12 AM",54.6301
"2013-01-14:12 AM",32.3204
"2013-01-15:12 AM",30.9193
"2013-01-16:12 AM",32.9484
"2013-01-17:12 AM",33.3847
"2013-01-18:12 AM",30.0963
"2013-01-19:12 AM",39.0063
"2013-01-20:12 AM",37.8252
"2013-01-21:12 AM",27.7378
"2013-01-22:12 AM",18.3112
"2013-01-23:12 AM",23.2466
"2013-01-24:12 AM",24.7402
"2013-01-25:12 AM",27.133
"2013-01-26:12 AM",28.4772
"2013-01-27:12 AM",32.7277
"2013-01-28:12 AM",47.0444
"2013-01-29:12 AM",57.3843
"2013-01-30:12 AM",55.0944
"2013-01-31:12 AM",30.7386
"2013-02-01:12 AM",16.8697
"2013-02-02:12 AM",26.4803
"2013-02-03:12 AM",28.4164
"2013-02-04:12 AM",29.2057
"2013-02-05:12 AM",38.8294
"2013-02-06:12 AM",37.3905
"2013-02-07:12 AM",44.6626
"2013-02-08:12 AM",39.4185
"2013-02-09:12 AM",33.6081
"2013-02-10:12 AM",44.9361
"2013-02-11:12 AM",45.9055
"2013-02-12:12 AM",39.9852
"2013-02-13:12 AM",37.047
"2013-02-14:12 AM",39.513
"2013-02-15:12 AM",37.9477
"2013-02-16:12 AM",28.5391
"2013-02-17:12 AM",26.3115
"2013-02-18:12 AM",39.3377
"2013-02-19:12 AM",36.1058
"2013-02-20:12 AM",27.5191
"2013-02-21:12 AM",30.0389
"2013-02-22:12 AM",40.3376
"2013-02-23:12 AM",37.7335
"2013-02-24:12 AM",34.4484
"2013-02-25:12 AM",37.4452
"2013-02-26:12 AM",44.2058
"2013-02-27:12 AM",37.204
"2013-02-28:12 AM",33.9553
"2013-03-01:12 AM",34.5315
"2013-03-02:12 AM",30.1046
"2013-03-03:12 AM",28.7017
"2013-03-04:12 AM",33.4108
"2013-03-05:12 AM",39.9355
"2013-03-06:12 AM",31.28
"2013-03-07:12 AM",32.3316
"2013-03-08:12 AM",33.1722
"2013-03-09:12 AM",42.0345
"2013-03-10:12 AM",53.4936
"2013-03-11:12 AM",48.1044
"2013-03-12:12 AM",37.7623
"2013-03-13:12 AM",32.4869
"2013-03-14:12 AM",32.2691
"2013-03-15:12 AM",45.081
"2013-03-16:12 AM",55.4455
"2013-03-17:12 AM",40.9586
"2013-03-18:12 AM",49.0258
"2013-03-19:12 AM",39.7693
"2013-03-20:12 AM",34.8595
"2013-03-21:12 AM",26.9368
"2013-03-22:12 AM",31.5826
"2013-03-23:12 AM",39.4443
"2013-03-24:12 AM",39.8889
"2013-03-25:12 AM",32.5008
"2013-03-26:12 AM",33.1147
"2013-03-27:12 AM",33.1299
"2013-03-28:12 AM",36.82
"2013-03-29:12 AM",41.0517
"2013-03-30:12 AM",43.4889
"2013-03-31:12 AM",49.6773
"2013-04-01:12 AM",45.6568
"2013-04-02:12 AM",37.0917
"2013-04-03:12 AM",37.9843
"2013-04-04:12 AM",39.3444
"2013-04-05:12 AM",45.6193
"2013-04-06:12 AM",52.3238
"2013-04-07:12 AM",58.4735
"2013-04-08:12 AM",60.204
"2013-04-09:12 AM",66.0762
"2013-04-10:12 AM",69.0667
"2013-04-11:12 AM",64.8136
"2013-04-12:12 AM",48.5638
"2013-04-13:12 AM",46.0893
"2013-04-14:12 AM",55.2972
"2013-04-15:12 AM",59.7625
"2013-04-16:12 AM",66.6646
"2013-04-17:12 AM",69.6286
"2013-04-18:12 AM",69.8052
"2013-04-19:12 AM",49.4069
"2013-04-20:12 AM",43.3544
"2013-04-21:12 AM",45.7765
"2013-04-22:12 AM",54.2844
"2013-04-23:12 AM",57.7585
"2013-04-24:12 AM",51.978
"2013-04-25:12 AM",46.4524
"2013-04-26:12 AM",49.1644
"2013-04-27:12 AM",53.3012
"2013-04-28:12 AM",56.9865
"2013-04-29:12 AM",57.6084
"2013-04-30:12 AM",62.3149
"2013-05-01:12 AM",66.447
"2013-05-02:12 AM",64.5474
"2013-05-03:12 AM",63.2538
"2013-05-04:12 AM",54.0142
"2013-05-05:12 AM",50.9814
"2013-05-06:12 AM",55.9116
"2013-05-07:12 AM",58.3896
"2013-05-08:12 AM",62.2342
"2013-05-09:12 AM",65.1031
"2013-05-10:12 AM",63.6278
"2013-05-11:12 AM",57.7396
"2013-05-12:12 AM",50.1334
"2013-05-13:12 AM",49.2296
"2013-05-14:12 AM",60.4783
"2013-05-15:12 AM",71.0361
"2013-05-16:12 AM",69.103
"2013-05-17:12 AM",65.9467
"2013-05-18:12 AM",68.2266
"2013-05-19:12 AM",71.0694
"2013-05-20:12 AM",74.2564
"2013-05-21:12 AM",73.6666
"2013-05-22:12 AM",69.8673
"2013-05-23:12 AM",64.3156
"2013-05-24:12 AM",56.1234
"2013-05-25:12 AM",55.7827
"2013-05-26:12 AM",61.693
"2013-05-27:12 AM",68.193
"2013-05-28:12 AM",73.8865
"2013-05-29:12 AM",74.5612
"2013-05-30:12 AM",74.0233
"2013-05-31:12 AM",73.3366
"2013-06-01:12 AM",75.1626
"2013-06-02:12 AM",69.145
"2013-06-03:12 AM",64.398
"2013-06-04:12 AM",65.5066
"2013-06-05:12 AM",70.3179
"2013-06-06:12 AM",69.6994
"2013-06-07:12 AM",67.6663
"2013-06-08:12 AM",68.8793
"2013-06-09:12 AM",69.2589
"2013-06-10:12 AM",70.8699
"2013-06-11:12 AM",72.1555
"2013-06-12:12 AM",79.7533
"2013-06-13:12 AM",75.7467
"2013-06-14:12 AM",69.2416
"2013-06-15:12 AM",71.8563
"2013-06-16:12 AM",72.8364
"2013-06-17:12 AM",74.8371
"2013-06-18:12 AM",71.7922
"2013-06-19:12 AM",72.0988
"2013-06-20:12 AM",73.7591
"2013-06-21:12 AM",74.8422
"2013-06-22:12 AM",76.9685
"2013-06-23:12 AM",75.6041
"2013-06-24:12 AM",74.8386
"2013-06-25:12 AM",78.2236
"2013-06-26:12 AM",79.6941
"2013-06-27:12 AM",77.6181
"2013-06-28:12 AM",76.7883
"2013-06-29:12 AM",71.0262
"2013-06-30:12 AM",70.8157
"2013-07-01:12 AM",71.1208
"2013-07-02:12 AM",70.1085
"2013-07-03:12 AM",70.8613
"2013-07-04:12 AM",69.5928
"2013-07-05:12 AM",71.7715
"2013-07-06:12 AM",71.3156
"2013-07-07:12 AM",73.0222
"2013-07-08:12 AM",76.9928
"2013-07-09:12 AM",78.9903
"2013-07-10:12 AM",79.4115
"2013-07-11:12 AM",74.5738
"2013-07-12:12 AM",70.2579
"2013-07-13:12 AM",71.1399
"2013-07-14:12 AM",76.6022
"2013-07-15:12 AM",78.447
"2013-07-16:12 AM",80.3701
"2013-07-17:12 AM",80.7363
"2013-07-18:12 AM",82.522
"2013-07-19:12 AM",79.7074
"2013-07-20:12 AM",79.5175
"2013-07-21:12 AM",76.9203
"2013-07-22:12 AM",73.495
"2013-07-23:12 AM",78.0552
"2013-07-24:12 AM",72.7635
"2013-07-25:12 AM",68.7924
"2013-07-26:12 AM",69.2469
"2013-07-27:12 AM",69.8158
"2013-07-28:12 AM",66.0565
"2013-07-29:12 AM",65.9635
"2013-07-30:12 AM",67.8094
"2013-07-31:12 AM",69.2296
"2013-08-01:12 AM",72.9072
"2013-08-02:12 AM",71.548
"2013-08-03:12 AM",74.415
"2013-08-04:12 AM",71.474
"2013-08-05:12 AM",69.1695
"2013-08-06:12 AM",72.4564
"2013-08-07:12 AM",75.6349
"2013-08-08:12 AM",76.3993
"2013-08-09:12 AM",75.3035
"2013-08-10:12 AM",74.1585
"2013-08-11:12 AM",75.2583
"2013-08-12:12 AM",73.1381
"2013-08-13:12 AM",73.5136
"2013-08-14:12 AM",63.972
"2013-08-15:12 AM",63.0108
"2013-08-16:12 AM",65.8616
"2013-08-17:12 AM",68.0191
"2013-08-18:12 AM",68.2633
"2013-08-19:12 AM",70.7353
"2013-08-20:12 AM",72.586
"2013-08-21:12 AM",73.5582
"2013-08-22:12 AM",76.0773
"2013-08-23:12 AM",75.3013
"2013-08-24:12 AM",72.6584
"2013-08-25:12 AM",71.762
"2013-08-26:12 AM",73.3743
"2013-08-27:12 AM",75.4999
"2013-08-28:12 AM",77.4513
"2013-08-29:12 AM",78.0933
"2013-08-30:12 AM",76.6198
"2013-08-31:12 AM",79.9536
"2013-09-01:12 AM",77.0245
"2013-09-02:12 AM",75.4138
"2013-09-03:12 AM",69.7442
"2013-09-04:12 AM",65.1632
"2013-09-05:12 AM",65.968
"2013-09-06:12 AM",67.3408
"2013-09-07:12 AM",69.1524
"2013-09-08:12 AM",74.1999
"2013-09-09:12 AM",75.9031
"2013-09-10:12 AM",77.2335
"2013-09-11:12 AM",77.6728
"2013-09-12:12 AM",75.3822
"2013-09-13:12 AM",63.3475
"2013-09-14:12 AM",56.5875
"2013-09-15:12 AM",59.5972
"2013-09-16:12 AM",65.5302
"2013-09-17:12 AM",63.6492
"2013-09-18:12 AM",67.1675
"2013-09-19:12 AM",70.2919
"2013-09-20:12 AM",72.8389
"2013-09-21:12 AM",64.7101
"2013-09-22:12 AM",57.3498
"2013-09-23:12 AM",56.919
"2013-09-24:12 AM",62.2303
"2013-09-25:12 AM",64.3219
"2013-09-26:12 AM",61.4097
"2013-09-27:12 AM",61.4016
"2013-09-28:12 AM",63.0412
"2013-09-29:12 AM",61.5844
"2013-09-30:12 AM",63.2584
"2013-10-01:12 AM",64.9933
"2013-10-02:12 AM",68.751
"2013-10-03:12 AM",69.1684
"2013-10-04:12 AM",70.5499
"2013-10-05:12 AM",69.499
"2013-10-06:12 AM",65.2753
"2013-10-07:12 AM",52.6161
"2013-10-08:12 AM",52.5308
"2013-10-09:12 AM",56.0518
"2013-10-10:12 AM",57.0042
"2013-10-11:12 AM",57.5235
"2013-10-12:12 AM",59.7011
"2013-10-13:12 AM",61.4527
"2013-10-14:12 AM",60.1509
"2013-10-15:12 AM",63.61
"2013-10-16:12 AM",59.7252
"2013-10-17:12 AM",51.8855
"2013-10-18:12 AM",49.5493
"2013-10-19:12 AM",47.9226
"2013-10-20:12 AM",44.5435
"2013-10-21:12 AM",50.497
"2013-10-22:12 AM",48.4561
"2013-10-23:12 AM",43.0293
"2013-10-24:12 AM",38.8427
"2013-10-25:12 AM",34.2842
"2013-10-26:12 AM",41.1539
"2013-10-27:12 AM",46.7085
"2013-10-28:12 AM",51.2667
"2013-10-29:12 AM",53.9996
"2013-10-30:12 AM",62.4603
"2013-10-31:12 AM",62.9607
"2013-11-01:12 AM",57.1852
"2013-11-02:12 AM",48.1852
"2013-11-03:12 AM",43.4658
"2013-11-04:12 AM",47.0962
"2013-11-05:12 AM",52.3868
"2013-11-06:12 AM",56.5968
"2013-11-07:12 AM",44.4013
"2013-11-08:12 AM",39.2675
"2013-11-09:12 AM",44.8929
"2013-11-10:12 AM",45.1252
"2013-11-11:12 AM",44.22
"2013-11-12:12 AM",35.6268
"2013-11-13:12 AM",29.4467
"2013-11-14:12 AM",36.0225
"2013-11-15:12 AM",42.0602
"2013-11-16:12 AM",52.5375
"2013-11-17:12 AM",61.3146
"2013-11-18:12 AM",48.6505
"2013-11-19:12 AM",37.596
"2013-11-20:12 AM",39.1035
"2013-11-21:12 AM",48.9047
"2013-11-22:12 AM",52.9347
"2013-11-23:12 AM",36.4606
"2013-11-24:12 AM",24.3691
"2013-11-25:12 AM",30.7836
"2013-11-26:12 AM",33.2767
"2013-11-27:12 AM",26.6511
"2013-11-28:12 AM",24.1887
"2013-11-29:12 AM",28.5499
"2013-11-30:12 AM",36.0088
"2013-12-01:12 AM",40.8654
"2013-12-02:12 AM",44.9744
"2013-12-03:12 AM",49.0399
"2013-12-04:12 AM",57.3217
"2013-12-05:12 AM",53.6832
"2013-12-06:12 AM",32.9146
"2013-12-07:12 AM",26.4063
"2013-12-08:12 AM",30.3566
"2013-12-09:12 AM",31.5657
"2013-12-10:12 AM",25.5988
"2013-12-11:12 AM",27.3085
"2013-12-12:12 AM",21.3978
"2013-12-13:12 AM",30.7598
"2013-12-14:12 AM",36.4548
"2013-12-15:12 AM",29.4694
"2013-12-16:12 AM",34.1706
"2013-12-17:12 AM",37.2837
"2013-12-18:12 AM",33.391
"2013-12-19:12 AM",43.4703
"2013-12-20:12 AM",53.028
"2013-12-21:12 AM",61.7787
"2013-12-22:12 AM",54.25
"2013-12-23:12 AM",34.7049
"2013-12-24:12 AM",23.9644
"2013-12-25:12 AM",27.8825
"2013-12-26:12 AM",31.0264
"2013-12-27:12 AM",33.5154
"2013-12-28:12 AM",37.4758
"2013-12-29:12 AM",39.2562
"2013-12-30:12 AM",30.0103
"2013-12-31:12 AM",28.9558
"2014-01-01:12 AM",33.7534
"2014-01-02:12 AM",28.9445
"2014-01-03:12 AM",14.6757
"2014-01-04:12 AM",25.7108
"2014-01-05:12 AM",36.8841
"2014-01-06:12 AM",6.9285
"2014-01-07:12 AM",4.0361
"2014-01-08:12 AM",20.3857
"2014-01-09:12 AM",30.3233
"2014-01-10:12 AM",40.3156
"2014-01-11:12 AM",45.9981
"2014-01-12:12 AM",39.9421
"2014-01-13:12 AM",45.1081
"2014-01-14:12 AM",42.3082
"2014-01-15:12 AM",29.4523
"2014-01-16:12 AM",28.6871
"2014-01-17:12 AM",26.8855
"2014-01-18:12 AM",22.9698
"2014-01-19:12 AM",30.853
"2014-01-20:12 AM",36.3738
"2014-01-21:12 AM",25.5808
"2014-01-22:12 AM",14.2925
"2014-01-23:12 AM",11.5862
"2014-01-24:12 AM",9.6966
"2014-01-25:12 AM",25.0318
"2014-01-26:12 AM",29.6794
"2014-01-27:12 AM",23.7909
"2014-01-28:12 AM",11.1411
"2014-01-29:12 AM",12.459
"2014-01-30:12 AM",22.4148
"2014-01-31:12 AM",32.9076
"2014-02-01:12 AM",43.4133
"2014-02-02:12 AM",38.8398
"2014-02-03:12 AM",27.8427
"2014-02-04:12 AM",30.648
"2014-02-05:12 AM",30.2367
"2014-02-06:12 AM",21.6034
"2014-02-07:12 AM",14.3154
"2014-02-08:12 AM",21.6441
"2014-02-09:12 AM",28.3417
"2014-02-10:12 AM",19.481
"2014-02-11:12 AM",14.6613
"2014-02-12:12 AM",21.5668
"2014-02-13:12 AM",26.9496
"2014-02-14:12 AM",34.8593
"2014-02-15:12 AM",22.4388
"2014-02-16:12 AM",30.6484
"2014-02-17:12 AM",34.3179
"2014-02-18:12 AM",39.9994
"2014-02-19:12 AM",48.9124
"2014-02-20:12 AM",55.6072
"2014-02-21:12 AM",43.153
"2014-02-22:12 AM",43.7472
"2014-02-23:12 AM",42.2276
"2014-02-24:12 AM",30.6556
"2014-02-25:12 AM",31.5675
"2014-02-26:12 AM",23.2426
"2014-02-27:12 AM",23.5328
"2014-02-28:12 AM",26.7759
"2014-03-01:12 AM",41.6354
"2014-03-02:12 AM",38.1996
"2014-03-03:12 AM",17.6616
"2014-03-04:12 AM",20.2741
"2014-03-05:12 AM",26.9757
"2014-03-06:12 AM",32.8573
"2014-03-07:12 AM",38.6105
"2014-03-08:12 AM",44.9004
"2014-03-09:12 AM",38.4609
"2014-03-10:12 AM",45.5324
"2014-03-11:12 AM",54.9347
"2014-03-12:12 AM",47.1013
"2014-03-13:12 AM",31.1785
"2014-03-14:12 AM",44.5573
"2014-03-15:12 AM",49.0752
"2014-03-16:12 AM",39.0002
"2014-03-17:12 AM",30.7314
"2014-03-18:12 AM",39.8606
"2014-03-19:12 AM",47.9176
"2014-03-20:12 AM",41.8797
"2014-03-21:12 AM",49.291
"2014-03-22:12 AM",50.0797
"2014-03-23:12 AM",38.6681
"2014-03-24:12 AM",34.3891
"2014-03-25:12 AM",31.5653
"2014-03-26:12 AM",28.8086
"2014-03-27:12 AM",43.6156
"2014-03-28:12 AM",54.0275
"2014-03-29:12 AM",45.6778
"2014-03-30:12 AM",38.6548
"2014-03-31:12 AM",46.8487
"2014-04-01:12 AM",59.4207
"2014-04-02:12 AM",59.5105
"2014-04-03:12 AM",64.1313
"2014-04-04:12 AM",57.8948
"2014-04-05:12 AM",42.8745
"2014-04-06:12 AM",46.3894
"2014-04-07:12 AM",51.798
"2014-04-08:12 AM",47.4928
"2014-04-09:12 AM",49.1018
"2014-04-10:12 AM",55.1226
"2014-04-11:12 AM",59.9587
"2014-04-12:12 AM",63.2026
"2014-04-13:12 AM",66.5033
"2014-04-14:12 AM",61.0261
"2014-04-15:12 AM",37.3507
"2014-04-16:12 AM",37.6837
"2014-04-17:12 AM",47.9676
"2014-04-18:12 AM",55.1005
"2014-04-19:12 AM",57.742
"2014-04-20:12 AM",59.1589
"2014-04-21:12 AM",62.605
"2014-04-22:12 AM",60.5361
"2014-04-23:12 AM",50.1741
"2014-04-24:12 AM",55.5028
"2014-04-25:12 AM",58.775
"2014-04-26:12 AM",59.9569
"2014-04-27:12 AM",63.6377
"2014-04-28:12 AM",66.7407
"2014-04-29:12 AM",62.7665
"2014-04-30:12 AM",54.9446
"2014-05-01:12 AM",51.7239
"2014-05-02:12 AM",50.9061
"2014-05-03:12 AM",56.2514
"2014-05-04:12 AM",62.5561
"2014-05-05:12 AM",66.1782
"2014-05-06:12 AM",66.9522
"2014-05-07:12 AM",69.3234
"2014-05-08:12 AM",71.9955
"2014-05-09:12 AM",68.4509
"2014-05-10:12 AM",66.5217
"2014-05-11:12 AM",70.626
"2014-05-12:12 AM",73.2619
"2014-05-13:12 AM",74.005
"2014-05-14:12 AM",65.989
"2014-05-15:12 AM",53.8684
"2014-05-16:12 AM",49.9721
"2014-05-17:12 AM",48.9825
"2014-05-18:12 AM",53.6623
"2014-05-19:12 AM",57.5046
"2014-05-20:12 AM",67.5883
"2014-05-21:12 AM",72.2694
"2014-05-22:12 AM",72.9088
"2014-05-23:12 AM",67.7003
"2014-05-24:12 AM",65.1245
"2014-05-25:12 AM",67.8142
"2014-05-26:12 AM",71.6774
"2014-05-27:12 AM",73.8633
"2014-05-28:12 AM",72.4359
"2014-05-29:12 AM",71.5077
"2014-05-30:12 AM",72.7088
"2014-05-31:12 AM",72.716
"2014-06-01:12 AM",71.6574
"2014-06-02:12 AM",72.5983
"2014-06-03:12 AM",74.975
"2014-06-04:12 AM",74.0793
"2014-06-05:12 AM",69.0273
"2014-06-06:12 AM",69.2888
"2014-06-07:12 AM",71.1849
"2014-06-08:12 AM",68.781
"2014-06-09:12 AM",66.6212
"2014-06-10:12 AM",68.6487
"2014-06-11:12 AM",68.7708
"2014-06-12:12 AM",71.1648
"2014-06-13:12 AM",67.3421
"2014-06-14:12 AM",64.9155
"2014-06-15:12 AM",71.3583
"2014-06-16:12 AM",77.914
"2014-06-17:12 AM",78.2838
"2014-06-18:12 AM",79.3031
"2014-06-19:12 AM",79.1456
"2014-06-20:12 AM",77.3411
"2014-06-21:12 AM",76.9478
"2014-06-22:12 AM",76.7433
"2014-06-23:12 AM",78.3205
"2014-06-24:12 AM",75.3339
"2014-06-25:12 AM",75.686
"2014-06-26:12 AM",75.6419
"2014-06-27:12 AM",76.5361
"2014-06-28:12 AM",74.556
"2014-06-29:12 AM",73.9465
"2014-06-30:12 AM",77.8507
"2014-07-01:12 AM",81.14
"2014-07-02:12 AM",77.0504
"2014-07-03:12 AM",68.9961
"2014-07-04:12 AM",67.377
"2014-07-05:12 AM",69.373
"2014-07-06:12 AM",70.7689
"2014-07-07:12 AM",76.4425
"2014-07-08:12 AM",78.1178
"2014-07-09:12 AM",75.2542
"2014-07-10:12 AM",73.6792
"2014-07-11:12 AM",75.2819
"2014-07-12:12 AM",76.6386
"2014-07-13:12 AM",81.2982
"2014-07-14:12 AM",76.4215
"2014-07-15:12 AM",70.4224
"2014-07-16:12 AM",64.4958
"2014-07-17:12 AM",66.1676
"2014-07-18:12 AM",63.9354
"2014-07-19:12 AM",66.5742
"2014-07-20:12 AM",70.7193
"2014-07-21:12 AM",75.9168
"2014-07-22:12 AM",79.8663
"2014-07-23:12 AM",78.9211
"2014-07-24:12 AM",70.1029
"2014-07-25:12 AM",69.4884
"2014-07-26:12 AM",76.0302
"2014-07-27:12 AM",82.2168
"2014-07-28:12 AM",69.5196
"2014-07-29:12 AM",64.6752
"2014-07-30:12 AM",67.1077
"2014-07-31:12 AM",70.5319
"2014-08-01:12 AM",71.562
"2014-08-02:12 AM",72.9846
"2014-08-03:12 AM",71.8147
"2014-08-04:12 AM",72.4827
"2014-08-05:12 AM",73.089
"2014-08-06:12 AM",76.329
"2014-08-07:12 AM",74.8609
"2014-08-08:12 AM",69.1511
"2014-08-09:12 AM",73.7577
"2014-08-10:12 AM",73.5066
"2014-08-11:12 AM",74.5059
"2014-08-12:12 AM",72.972
"2014-08-13:12 AM",67.1031
"2014-08-14:12 AM",68.6451
"2014-08-15:12 AM",69.6456
"2014-08-16:12 AM",70.3879
"2014-08-17:12 AM",73.1406
"2014-08-18:12 AM",72.9855
"2014-08-19:12 AM",75.67
"2014-08-20:12 AM",78.4269
"2014-08-21:12 AM",77.6158
"2014-08-22:12 AM",80.7003
"2014-08-23:12 AM",79.963
"2014-08-24:12 AM",77.3348
"2014-08-25:12 AM",77.4975
"2014-08-26:12 AM",76.5014
"2014-08-27:12 AM",76.1767
"2014-08-28:12 AM",77.4865
"2014-08-29:12 AM",78.0312
"2014-08-30:12 AM",76.7647
"2014-08-31:12 AM",72.959
"2014-09-01:12 AM",76.9748
"2014-09-02:12 AM",75.6426
"2014-09-03:12 AM",73.5051
"2014-09-04:12 AM",74.917
"2014-09-05:12 AM",77.2232
"2014-09-06:12 AM",75.591
"2014-09-07:12 AM",66.515
"2014-09-08:12 AM",66.1559
"2014-09-09:12 AM",68.3051
"2014-09-10:12 AM",76.1639
"2014-09-11:12 AM",70.9036
"2014-09-12:12 AM",63.0426
"2014-09-13:12 AM",58.1997
"2014-09-14:12 AM",56.655
"2014-09-15:12 AM",59.7675
"2014-09-16:12 AM",62.5156
"2014-09-17:12 AM",57.6597
"2014-09-18:12 AM",61.1562
"2014-09-19:12 AM",62.9197
"2014-09-20:12 AM",69.7532
"2014-09-21:12 AM",71.2931
"2014-09-22:12 AM",57.0292
"2014-09-23:12 AM",55.5827
"2014-09-24:12 AM",59.4207
"2014-09-25:12 AM",62.9431
"2014-09-26:12 AM",66.2625
"2014-09-27:12 AM",67.0068
"2014-09-28:12 AM",67.3936
"2014-09-29:12 AM",67.0771
"2014-09-30:12 AM",64.2738
"2014-10-01:12 AM",65.3099
"2014-10-02:12 AM",70.8003
"2014-10-03:12 AM",65.8065
"2014-10-04:12 AM",47.0422
"2014-10-05:12 AM",48.9952
"2014-10-06:12 AM",57.7263
"2014-10-07:12 AM",63.4498
"2014-10-08:12 AM",60.1374
"2014-10-09:12 AM",59.3413
"2014-10-10:12 AM",60.9348
"2014-10-11:12 AM",54.194
"2014-10-12:12 AM",58.9573
"2014-10-13:12 AM",68.2009
"2014-10-14:12 AM",63.1589
"2014-10-15:12 AM",54.2543
"2014-10-16:12 AM",53.9276
"2014-10-17:12 AM",57.6381
"2014-10-18:12 AM",52.7049
"2014-10-19:12 AM",48.0484
"2014-10-20:12 AM",51.9361
"2014-10-21:12 AM",53.1842
"2014-10-22:12 AM",48.1514
"2014-10-23:12 AM",46.4529
"2014-10-24:12 AM",49.9518
"2014-10-25:12 AM",56.2829
"2014-10-26:12 AM",57.9223
"2014-10-27:12 AM",65.2937
"2014-10-28:12 AM",65.2618
"2014-10-29:12 AM",53.0676
"2014-10-30:12 AM",44.2173
"2014-10-31:12 AM",42.1092
"2014-11-01:12 AM",35.749
"2014-11-02:12 AM",34.2806
"2014-11-03:12 AM",46.002
"2014-11-04:12 AM",53.1997
"2014-11-05:12 AM",52.0336
"2014-11-06:12 AM",48.7627
"2014-11-07:12 AM",39.9839
"2014-11-08:12 AM",43.565
"2014-11-09:12 AM",42.2119
"2014-11-10:12 AM",48.2317
"2014-11-11:12 AM",52.5844
"2014-11-12:12 AM",36.6094
"2014-11-13:12 AM",29.1022
"2014-11-14:12 AM",24.8122
"2014-11-15:12 AM",28.1802
"2014-11-16:12 AM",34.1926
"2014-11-17:12 AM",28.3478
"2014-11-18:12 AM",16.6944
"2014-11-19:12 AM",29.5443
"2014-11-20:12 AM",29.0948
"2014-11-21:12 AM",29.4872
"2014-11-22:12 AM",44.0492
"2014-11-23:12 AM",52.8075
"2014-11-24:12 AM",52.3434
"2014-11-25:12 AM",39.6761
"2014-11-26:12 AM",35.5233
"2014-11-27:12 AM",32.1404
"2014-11-28:12 AM",28.0427
"2014-11-29:12 AM",41.3078
"2014-11-30:12 AM",56.3351
"2014-12-01:12 AM",46.9018
"2014-12-02:12 AM",39.483
"2014-12-03:12 AM",39.1669
"2014-12-04:12 AM",36.543
"2014-12-05:12 AM",49.6182
"2014-12-06:12 AM",47.4962
"2014-12-07:12 AM",36.5923
"2014-12-08:12 AM",41.0565
"2014-12-09:12 AM",39.943
"2014-12-10:12 AM",35.9267
"2014-12-11:12 AM",32.1949
"2014-12-12:12 AM",32.1296
"2014-12-13:12 AM",34.7765
"2014-12-14:12 AM",39.6442
"2014-12-15:12 AM",41.202
"2014-12-16:12 AM",44.3854
"2014-12-17:12 AM",34.4781
"2014-12-18:12 AM",31.1286
"2014-12-19:12 AM",30.4068
"2014-12-20:12 AM",31.1166
"2014-12-21:12 AM",31.5426
"2014-12-22:12 AM",42.1113
"2014-12-23:12 AM",50.6075
"2014-12-24:12 AM",48.5847
"2014-12-25:12 AM",38.2836
"2014-12-26:12 AM",40.2811
"2014-12-27:12 AM",45.6724
"2014-12-28:12 AM",40.6148
"2014-12-29:12 AM",34.1283
"2014-12-30:12 AM",30.1507
"2014-12-31:12 AM",25.6512
"2015-01-01:12 AM",29.7106
"2015-01-02:12 AM",34.1231
"2015-01-03:12 AM",48.7591
"2015-01-04:12 AM",45.3803
"2015-01-05:12 AM",23.6984
"2015-01-06:12 AM",27.4807
"2015-01-07:12 AM",16.7551
"2015-01-08:12 AM",11.4136
"2015-01-09:12 AM",21.8741
"2015-01-10:12 AM",17.3883
"2015-01-11:12 AM",30.4074
"2015-01-12:12 AM",36.2593
"2015-01-13:12 AM",28.0969
"2015-01-14:12 AM",27.5749
"2015-01-15:12 AM",29.1999
"2015-01-16:12 AM",30.7787
"2015-01-17:12 AM",38.6337
"2015-01-18:12 AM",40.1763
"2015-01-19:12 AM",40.5153
"2015-01-20:12 AM",43.7113
"2015-01-21:12 AM",42.062
"2015-01-22:12 AM",35.2598
"2015-01-23:12 AM",33.3
"2015-01-24:12 AM",32.7652
"2015-01-25:12 AM",40.2368
"2015-01-26:12 AM",31.6269
"2015-01-27:12 AM",30.1779
"2015-01-28:12 AM",28.294
"2015-01-29:12 AM",38.1258
"2015-01-30:12 AM",30.9819
"2015-01-31:12 AM",31.8979
"2015-02-01:12 AM",40.0548
"2015-02-02:12 AM",29.4726
"2015-02-03:12 AM",28.3413
"2015-02-04:12 AM",35.8437
"2015-02-05:12 AM",23.9709
"2015-02-06:12 AM",27.9736
"2015-02-07:12 AM",39.5996
"2015-02-08:12 AM",48.6365
"2015-02-09:12 AM",42.2191
"2015-02-10:12 AM",30.7582
"2015-02-11:12 AM",33.3774
"2015-02-12:12 AM",26.1736
"2015-02-13:12 AM",23.3341
"2015-02-14:12 AM",27.8775
"2015-02-15:12 AM",14.889
"2015-02-16:12 AM",16.2711
"2015-02-17:12 AM",11.6272
"2015-02-18:12 AM",14.7481
"2015-02-19:12 AM",1.791
"2015-02-20:12 AM",4.4614
"2015-02-21:12 AM",31.6771
"2015-02-22:12 AM",29.9192
"2015-02-23:12 AM",16.9367
"2015-02-24:12 AM",15.6486
"2015-02-25:12 AM",24.1239
"2015-02-26:12 AM",27.621
"2015-02-27:12 AM",15.9948
"2015-02-28:12 AM",23.4511
"2015-03-01:12 AM",35.5332
"2015-03-02:12 AM",30.7926
"2015-03-03:12 AM",41.8662
"2015-03-04:12 AM",40.681
"2015-03-05:12 AM",21.0852
"2015-03-06:12 AM",11.8555
"2015-03-07:12 AM",29.5176
"2015-03-08:12 AM",40.813
"2015-03-09:12 AM",45.3108
"2015-03-10:12 AM",50.9162
"2015-03-11:12 AM",50.7114
"2015-03-12:12 AM",51.0013
"2015-03-13:12 AM",51.7102
"2015-03-14:12 AM",52.988
"2015-03-15:12 AM",49.9127
"2015-03-16:12 AM",54.7372
"2015-03-17:12 AM",53.8176
"2015-03-18:12 AM",38.8972
"2015-03-19:12 AM",41.157
"2015-03-20:12 AM",45.1494
"2015-03-21:12 AM",48.7621
"2015-03-22:12 AM",48.8325
"2015-03-23:12 AM",46.0004
"2015-03-24:12 AM",47.4625
"2015-03-25:12 AM",58.2843
"2015-03-26:12 AM",50.821
"2015-03-27:12 AM",36.9887
"2015-03-28:12 AM",29.6474
"2015-03-29:12 AM",37.3759
"2015-03-30:12 AM",47.5385
"2015-03-31:12 AM",53.8943
"2015-04-01:12 AM",51.2127
"2015-04-02:12 AM",60.7068
"2015-04-03:12 AM",61.828
"2015-04-04:12 AM",43.6717
"2015-04-05:12 AM",47.1007
"2015-04-06:12 AM",56.0775
"2015-04-07:12 AM",63.0936
"2015-04-08:12 AM",66.6122
"2015-04-09:12 AM",69.5077
"2015-04-10:12 AM",59.3233
"2015-04-11:12 AM",51.0429
"2015-04-12:12 AM",56.2194
"2015-04-13:12 AM",64.7398
"2015-04-14:12 AM",56.4985
"2015-04-15:12 AM",57.058
"2015-04-16:12 AM",60.1538
"2015-04-17:12 AM",63.4012
"2015-04-18:12 AM",64.1916
"2015-04-19:12 AM",63.2797
"2015-04-20:12 AM",56.3293
"2015-04-21:12 AM",51.0472
"2015-04-22:12 AM",52.4806
"2015-04-23:12 AM",46.5197
"2015-04-24:12 AM",48.6109
"2015-04-25:12 AM",56.0086
"2015-04-26:12 AM",50.3697
"2015-04-27:12 AM",50.0412
"2015-04-28:12 AM",50.1606
"2015-04-29:12 AM",54.4498
"2015-04-30:12 AM",53.364
"2015-05-01:12 AM",51.6605
"2015-05-02:12 AM",58.1781
"2015-05-03:12 AM",62.6767
"2015-05-04:12 AM",66.7695
"2015-05-05:12 AM",68.9517
"2015-05-06:12 AM",70.3598
"2015-05-07:12 AM",71.4555
"2015-05-08:12 AM",71.5834
"2015-05-09:12 AM",72.3537
"2015-05-10:12 AM",73.0098
"2015-05-11:12 AM",72.0381
"2015-05-12:12 AM",63.5905
"2015-05-13:12 AM",58.7093
"2015-05-14:12 AM",61.1987
"2015-05-15:12 AM",70.6172
"2015-05-16:12 AM",69.7692
"2015-05-17:12 AM",70.8548
"2015-05-18:12 AM",70.9819
"2015-05-19:12 AM",66.2299
"2015-05-20:12 AM",58.5617
"2015-05-21:12 AM",53.7154
"2015-05-22:12 AM",56.1814
"2015-05-23:12 AM",63.3333
"2015-05-24:12 AM",68.7814
"2015-05-25:12 AM",69.8486
"2015-05-26:12 AM",70.6959
"2015-05-27:12 AM",71.7301
"2015-05-28:12 AM",70.5114
"2015-05-29:12 AM",72.3906
"2015-05-30:12 AM",72.977
"2015-05-31:12 AM",67.7802
"2015-06-01:12 AM",60.1927
"2015-06-02:12 AM",61.579
"2015-06-03:12 AM",63.4838
"2015-06-04:12 AM",67.5894
"2015-06-05:12 AM",70.0147
"2015-06-06:12 AM",72.1238
"2015-06-07:12 AM",74.9793
"2015-06-08:12 AM",75.0738
"2015-06-09:12 AM",73.6444
"2015-06-10:12 AM",74.8821
"2015-06-11:12 AM",77.398
"2015-06-12:12 AM",79.1713
"2015-06-13:12 AM",77.9954
"2015-06-14:12 AM",79.165
"2015-06-15:12 AM",79.5673
"2015-06-16:12 AM",79.072
"2015-06-17:12 AM",79.1317
"2015-06-18:12 AM",77.7164
"2015-06-19:12 AM",75.2128
"2015-06-20:12 AM",72.4293
"2015-06-21:12 AM",78.2593
"2015-06-22:12 AM",78.0004
"2015-06-23:12 AM",80.3134
"2015-06-24:12 AM",76.3304
"2015-06-25:12 AM",76.8864
"2015-06-26:12 AM",79.1244
"2015-06-27:12 AM",68.9196
"2015-06-28:12 AM",67.5331
"2015-06-29:12 AM",69.6573
"2015-06-30:12 AM",73.848
"2015-07-01:12 AM",70.7088
"2015-07-02:12 AM",70.4782
"2015-07-03:12 AM",71.7319
"2015-07-04:12 AM",71.7323
"2015-07-05:12 AM",71.2603
"2015-07-06:12 AM",74.4046
"2015-07-07:12 AM",75.5332
"2015-07-08:12 AM",74.4739
"2015-07-09:12 AM",76.5772
"2015-07-10:12 AM",76.1317
"2015-07-11:12 AM",74.9451
"2015-07-12:12 AM",74.97
"2015-07-13:12 AM",79.9612
"2015-07-14:12 AM",80.4645
"2015-07-15:12 AM",73.0632
"2015-07-16:12 AM",75.2234
"2015-07-17:12 AM",77.9617
"2015-07-18:12 AM",81.9066
"2015-07-19:12 AM",82.7728
"2015-07-20:12 AM",79.7738
"2015-07-21:12 AM",77.6615
"2015-07-22:12 AM",74.0908
"2015-07-23:12 AM",71.2488
"2015-07-24:12 AM",73.7404
"2015-07-25:12 AM",74.8621
"2015-07-26:12 AM",76.7539
"2015-07-27:12 AM",78.5383
"2015-07-28:12 AM",80.7166
"2015-07-29:12 AM",81.8431
"2015-07-30:12 AM",77.0828
"2015-07-31:12 AM",74.2293
"2015-08-01:12 AM",73.9092
"2015-08-02:12 AM",72.9919
"2015-08-03:12 AM",76.7701
"2015-08-04:12 AM",78.6961
"2015-08-05:12 AM",73.4898
"2015-08-06:12 AM",68.4712
"2015-08-07:12 AM",71.5372
"2015-08-08:12 AM",72.5547
"2015-08-09:12 AM",74.383
"2015-08-10:12 AM",75.7953
"2015-08-11:12 AM",75.5991
"2015-08-12:12 AM",70.5517
"2015-08-13:12 AM",68.929
"2015-08-14:12 AM",70.525
"2015-08-15:12 AM",72.3972
"2015-08-16:12 AM",74.498
"2015-08-17:12 AM",72.3105
"2015-08-18:12 AM",73.7794
"2015-08-19:12 AM",75.8674
"2015-08-20:12 AM",69.6866
"2015-08-21:12 AM",66.0603
"2015-08-22:12 AM",68.3899
"2015-08-23:12 AM",74.8044
"2015-08-24:12 AM",69.3223
"2015-08-25:12 AM",62.7998
"2015-08-26:12 AM",64.4265
"2015-08-27:12 AM",65.1416
"2015-08-28:12 AM",67.719
"2015-08-29:12 AM",72.4267
"2015-08-30:12 AM",73.2884
"2015-08-31:12 AM",72.4458
"2015-09-01:12 AM",73.6075
"2015-09-02:12 AM",75.0843
"2015-09-03:12 AM",75.0011
"2015-09-04:12 AM",74.7307
"2015-09-05:12 AM",75.7267
"2015-09-06:12 AM",76.1994
"2015-09-07:12 AM",75.4455
"2015-09-08:12 AM",74.7032
"2015-09-09:12 AM",72.5941
"2015-09-10:12 AM",70.4367
"2015-09-11:12 AM",67.3371
"2015-09-12:12 AM",59.2362
"2015-09-13:12 AM",53.803
"2015-09-14:12 AM",57.0391
"2015-09-15:12 AM",60.9193
"2015-09-16:12 AM",63.1045
"2015-09-17:12 AM",64.4785
"2015-09-18:12 AM",68.5996
"2015-09-19:12 AM",71.3437
"2015-09-20:12 AM",62.9703
"2015-09-21:12 AM",61.2628
"2015-09-22:12 AM",62.5876
"2015-09-23:12 AM",65.9057
"2015-09-24:12 AM",67.867
"2015-09-25:12 AM",64.5622
"2015-09-26:12 AM",64.7879
"2015-09-27:12 AM",67.7588
"2015-09-28:12 AM",70.7594
"2015-09-29:12 AM",69.2883
"2015-09-30:12 AM",63.6352
"2015-10-01:12 AM",58.2715
"2015-10-02:12 AM",55.6063
"2015-10-03:12 AM",50.0857
"2015-10-04:12 AM",61.0923
"2015-10-05:12 AM",65.0694
"2015-10-06:12 AM",65.2476
"2015-10-07:12 AM",64.6966
"2015-10-08:12 AM",66.6491
"2015-10-09:12 AM",66.4984
"2015-10-10:12 AM",56.3587
"2015-10-11:12 AM",52.9149
"2015-10-12:12 AM",62.4087
"2015-10-13:12 AM",59.6964
"2015-10-14:12 AM",54.8888
"2015-10-15:12 AM",54.406
"2015-10-16:12 AM",54.1575
"2015-10-17:12 AM",44.3431
"2015-10-18:12 AM",40.2771
"2015-10-19:12 AM",46.4052
"2015-10-20:12 AM",53.0773
"2015-10-21:12 AM",56.728
"2015-10-22:12 AM",61.081
"2015-10-23:12 AM",61.8631
"2015-10-24:12 AM",64.54
"2015-10-25:12 AM",56.8395
"2015-10-26:12 AM",54.8051
"2015-10-27:12 AM",54.4093
"2015-10-28:12 AM",59.4477
"2015-10-29:12 AM",52.7094
"2015-10-30:12 AM",44.6767
"2015-10-31:12 AM",51.417
"2015-11-01:12 AM",56.4544
"2015-11-02:12 AM",57.7258
"2015-11-03:12 AM",60.3154
"2015-11-04:12 AM",65.4107
"2015-11-05:12 AM",66.9357
"2015-11-06:12 AM",66.0841
"2015-11-07:12 AM",52.0353
"2015-11-08:12 AM",45.7603
"2015-11-09:12 AM",45.9298
"2015-11-10:12 AM",46.4371
"2015-11-11:12 AM",49.2267
"2015-11-12:12 AM",54.7516
"2015-11-13:12 AM",44.7919
"2015-11-14:12 AM",40.642
"2015-11-15:12 AM",45.6386
"2015-11-16:12 AM",47.5216
"2015-11-17:12 AM",56.8116
"2015-11-18:12 AM",61.6338
"2015-11-19:12 AM",52.2694
"2015-11-20:12 AM",41.5215
"2015-11-21:12 AM",42.6209
"2015-11-22:12 AM",30.9259
"2015-11-23:12 AM",33.2978
"2015-11-24:12 AM",40.6872
"2015-11-25:12 AM",46.2105
"2015-11-26:12 AM",52.8199
"2015-11-27:12 AM",56.3094
"2015-11-28:12 AM",57.2884
"2015-11-29:12 AM",49.0806
"2015-11-30:12 AM",48.668
"2015-12-01:12 AM",52.6329
"2015-12-02:12 AM",43.722
"2015-12-03:12 AM",34.1395
"2015-12-04:12 AM",35.4364
"2015-12-05:12 AM",36.6262
"2015-12-06:12 AM",41.0322
"2015-12-07:12 AM",45.9118
"2015-12-08:12 AM",46.6246
"2015-12-09:12 AM",49.2287
"2015-12-10:12 AM",51.4792
"2015-12-11:12 AM",60.1209
"2015-12-12:12 AM",63.8771
"2015-12-13:12 AM",61.5168
"2015-12-14:12 AM",56.5117
"2015-12-15:12 AM",48.0288
"2015-12-16:12 AM",51.7222
"2015-12-17:12 AM",44.2609
"2015-12-18:12 AM",31.9456
"2015-12-19:12 AM",32.346
"2015-12-20:12 AM",37.7265
"2015-12-21:12 AM",48.7917
"2015-12-22:12 AM",56.3236
"2015-12-23:12 AM",61.3906
"2015-12-24:12 AM",56.6287
"2015-12-25:12 AM",55.9539
"2015-12-26:12 AM",59.2326
"2015-12-27:12 AM",61.1438
"2015-12-28:12 AM",54.1456
"2015-12-29:12 AM",46.861
"2015-12-30:12 AM",42.9663
"2015-12-31:12 AM",36.0266
"2016-01-01:12 AM",32.2381
"2016-01-02:12 AM",33.0289
"2016-01-03:12 AM",33.8018
"2016-01-04:12 AM",29.7558
"2016-01-05:12 AM",27.4789
"2016-01-06:12 AM",31.0008
"2016-01-07:12 AM",36.756
"2016-01-08:12 AM",46.7625
"2016-01-09:12 AM",48.6352
"2016-01-10:12 AM",28.7515
"2016-01-11:12 AM",21.7852
"2016-01-12:12 AM",28.5409
"2016-01-13:12 AM",23.5908
"2016-01-14:12 AM",39.3076
"2016-01-15:12 AM",42.4371
"2016-01-16:12 AM",34.0961
"2016-01-17:12 AM",28.0783
"2016-01-18:12 AM",13.2422
"2016-01-19:12 AM",14.7052
"2016-01-20:12 AM",22.5727
"2016-01-21:12 AM",22.1697
"2016-01-22:12 AM",25.0394
"2016-01-23:12 AM",23.2551
"2016-01-24:12 AM",18.6103
"2016-01-25:12 AM",33.9291
"2016-01-26:12 AM",37.0396
"2016-01-27:12 AM",28.4895
"2016-01-28:12 AM",32.86
"2016-01-29:12 AM",34.1834
"2016-01-30:12 AM",43.7608
"2016-01-31:12 AM",54.291
"2016-02-01:12 AM",49.4287
"2016-02-02:12 AM",51.7593
"2016-02-03:12 AM",50.6127
"2016-02-04:12 AM",33.411
"2016-02-05:12 AM",31.7611
"2016-02-06:12 AM",35.7399
"2016-02-07:12 AM",38.0062
"2016-02-08:12 AM",36.4293
"2016-02-09:12 AM",23.7708
"2016-02-10:12 AM",20.1177
"2016-02-11:12 AM",20.5205
"2016-02-12:12 AM",26.0384
"2016-02-13:12 AM",18.1189
"2016-02-14:12 AM",20.7583
"2016-02-15:12 AM",32.1384
"2016-02-16:12 AM",32.9994
"2016-02-17:12 AM",31.0273
"2016-02-18:12 AM",34.1902
"2016-02-19:12 AM",47.2167
"2016-02-20:12 AM",57.2481
"2016-02-21:12 AM",57.4336
"2016-02-22:12 AM",44.9431
"2016-02-23:12 AM",44.9537
"2016-02-24:12 AM",46.8768
"2016-02-25:12 AM",34.8971
"2016-02-26:12 AM",33.5772
"2016-02-27:12 AM",38.4145
"2016-02-28:12 AM",48.4837
"2016-02-29:12 AM",46.9616
"2016-03-01:12 AM",47.7914
"2016-03-02:12 AM",31.4105
"2016-03-03:12 AM",34.1015
"2016-03-04:12 AM",35.1473
"2016-03-05:12 AM",37.8172
"2016-03-06:12 AM",39.171
"2016-03-07:12 AM",51.6049
"2016-03-08:12 AM",58.3003
"2016-03-09:12 AM",61.7513
"2016-03-10:12 AM",62.137
"2016-03-11:12 AM",55.0323
"2016-03-12:12 AM",58.6517
"2016-03-13:12 AM",61.5634
"2016-03-14:12 AM",59.067
"2016-03-15:12 AM",61.6129
"2016-03-16:12 AM",58.0815
"2016-03-17:12 AM",50.9803
"2016-03-18:12 AM",48.7767
"2016-03-19:12 AM",42.9813
"2016-03-20:12 AM",37.263
"2016-03-21:12 AM",38.0964
"2016-03-22:12 AM",46.6288
"2016-03-23:12 AM",54.2152
"2016-03-24:12 AM",58.8238
"2016-03-25:12 AM",43.952
"2016-03-26:12 AM",46.2067
"2016-03-27:12 AM",58.4593
"2016-03-28:12 AM",47.5225
"2016-03-29:12 AM",46.0362
"2016-03-30:12 AM",54.201
"2016-03-31:12 AM",61.7895
"2016-04-01:12 AM",56.2584
"2016-04-02:12 AM",46.9558
"2016-04-03:12 AM",42.6864
"2016-04-04:12 AM",52.6001
"2016-04-05:12 AM",39.1179
"2016-04-06:12 AM",48.8181
"2016-04-07:12 AM",46.7476
"2016-04-08:12 AM",39.9857
"2016-04-09:12 AM",35.4774
"2016-04-10:12 AM",44.1558
"2016-04-11:12 AM",55.8646
"2016-04-12:12 AM",46.9954
"2016-04-13:12 AM",48.5922
"2016-04-14:12 AM",55.5537
"2016-04-15:12 AM",60.4845
"2016-04-16:12 AM",60.2103
"2016-04-17:12 AM",61.6777
"2016-04-18:12 AM",63.7882
"2016-04-19:12 AM",64.3068
"2016-04-20:12 AM",65.6094
"2016-04-21:12 AM",64.0378
"2016-04-22:12 AM",60.9607
"2016-04-23:12 AM",55.8235
"2016-04-24:12 AM",58.791
"2016-04-25:12 AM",66.2812
"2016-04-26:12 AM",68.4025
"2016-04-27:12 AM",67.1185
"2016-04-28:12 AM",67.7746
"2016-04-29:12 AM",61.6233
"2016-04-30:12 AM",60.9415
"2016-05-01:12 AM",67.123
"2016-05-02:12 AM",62.0672
"2016-05-03:12 AM",56.4935
"2016-05-04:12 AM",52.5312
"2016-05-05:12 AM",47.4881
"2016-05-06:12 AM",55.4626
"2016-05-07:12 AM",63.7122
"2016-05-08:12 AM",63.7552
"2016-05-09:12 AM",65.4523
"2016-05-10:12 AM",66.2002
"2016-05-11:12 AM",70.7146
"2016-05-12:12 AM",69.7248
"2016-05-13:12 AM",61.8609
"2016-05-14:12 AM",52.9428
"2016-05-15:12 AM",48.837
"2016-05-16:12 AM",49.748
"2016-05-17:12 AM",51.6571
"2016-05-18:12 AM",54.6595
"2016-05-19:12 AM",58.1297
"2016-05-20:12 AM",58.3768
"2016-05-21:12 AM",58.9921
"2016-05-22:12 AM",61.4046
"2016-05-23:12 AM",63.8564
"2016-05-24:12 AM",65.7396
"2016-05-25:12 AM",70.615
"2016-05-26:12 AM",71.715
"2016-05-27:12 AM",73.3582
"2016-05-28:12 AM",73.4293
"2016-05-29:12 AM",73.2706
"2016-05-30:12 AM",72.4833
"2016-05-31:12 AM",73.0382
"2016-06-01:12 AM",73.8338
"2016-06-02:12 AM",72.2271
"2016-06-03:12 AM",70.6233
"2016-06-04:12 AM",71.182
"2016-06-05:12 AM",71.5539
"2016-06-06:12 AM",70.6775
"2016-06-07:12 AM",69.4855
"2016-06-08:12 AM",64.0409
"2016-06-09:12 AM",66.2479
"2016-06-10:12 AM",71.605
"2016-06-11:12 AM",76.023
"2016-06-12:12 AM",77.4502
"2016-06-13:12 AM",76.1666
"2016-06-14:12 AM",77.4095
"2016-06-15:12 AM",77.7227
"2016-06-16:12 AM",79.5108
"2016-06-17:12 AM",72.9523
"2016-06-18:12 AM",75.8034
"2016-06-19:12 AM",76.0588
"2016-06-20:12 AM",75.4003
"2016-06-21:12 AM",77.1175
"2016-06-22:12 AM",79.3283
"2016-06-23:12 AM",82.8752
"2016-06-24:12 AM",79.4952
"2016-06-25:12 AM",79.0441
"2016-06-26:12 AM",80.6351
"2016-06-27:12 AM",76.3338
"2016-06-28:12 AM",76.593
"2016-06-29:12 AM",69.9755
"2016-06-30:12 AM",70.426
"2016-07-01:12 AM",71.7366
"2016-07-02:12 AM",71.026
"2016-07-03:12 AM",73.7623
"2016-07-04:12 AM",75.6739
"2016-07-05:12 AM",76.9226
"2016-07-06:12 AM",80.2321
"2016-07-07:12 AM",76.9042
"2016-07-08:12 AM",78.8632
"2016-07-09:12 AM",77.6194
"2016-07-10:12 AM",75.0958
"2016-07-11:12 AM",74.2798
"2016-07-12:12 AM",74.7568
"2016-07-13:12 AM",80.3084
"2016-07-14:12 AM",80.1027
"2016-07-15:12 AM",77.4113
"2016-07-16:12 AM",74.9709
"2016-07-17:12 AM",77.7681
"2016-07-18:12 AM",78.1066
"2016-07-19:12 AM",80.6358
"2016-07-20:12 AM",78.042
"2016-07-21:12 AM",80.5568
"2016-07-22:12 AM",79.7311
"2016-07-23:12 AM",80.9762
"2016-07-24:12 AM",82.4679
"2016-07-25:12 AM",82.6587
"2016-07-26:12 AM",82.5186
"2016-07-27:12 AM",82.1379
"2016-07-28:12 AM",74.6661
"2016-07-29:12 AM",75.3946
"2016-07-30:12 AM",77.3215
"2016-07-31:12 AM",77.457
"2016-08-01:12 AM",75.4106
"2016-08-02:12 AM",77.4538
"2016-08-03:12 AM",78.3379
"2016-08-04:12 AM",77.8201
"2016-08-05:12 AM",78.8139
"2016-08-06:12 AM",77.2023
"2016-08-07:12 AM",75.7699
"2016-08-08:12 AM",75.8061
"2016-08-09:12 AM",80.852
"2016-08-10:12 AM",80.6086
"2016-08-11:12 AM",81.0487
"2016-08-12:12 AM",81.889
"2016-08-13:12 AM",81.0606
"2016-08-14:12 AM",79.048
"2016-08-15:12 AM",78.922
"2016-08-16:12 AM",78.127
"2016-08-17:12 AM",74.0937
"2016-08-18:12 AM",74.1265
"2016-08-19:12 AM",73.9731
"2016-08-20:12 AM",72.1558
"2016-08-21:12 AM",72.7021
"2016-08-22:12 AM",67.6157
"2016-08-23:12 AM",68.3109
"2016-08-24:12 AM",75.5004
"2016-08-25:12 AM",80.1757
"2016-08-26:12 AM",79.8053
"2016-08-27:12 AM",79.7979
"2016-08-28:12 AM",80.1082
"2016-08-29:12 AM",79.1107
"2016-08-30:12 AM",78.337
"2016-08-31:12 AM",76.2067
"2016-09-01:12 AM",72.4075
"2016-09-02:12 AM",68.0657
"2016-09-03:12 AM",66.9141
"2016-09-04:12 AM",70.7657
"2016-09-05:12 AM",73.6963
"2016-09-06:12 AM",75.443
"2016-09-07:12 AM",76.6227
"2016-09-08:12 AM",78.5908
"2016-09-09:12 AM",78.2778
"2016-09-10:12 AM",77.8888
"2016-09-11:12 AM",66.3546
"2016-09-12:12 AM",64.7852
"2016-09-13:12 AM",69.3666
"2016-09-14:12 AM",71.9512
"2016-09-15:12 AM",73.5231
"2016-09-16:12 AM",75.7501
"2016-09-17:12 AM",74.5477
"2016-09-18:12 AM",72.1512
"2016-09-19:12 AM",70.2225
"2016-09-20:12 AM",68.9936
"2016-09-21:12 AM",71.0821
"2016-09-22:12 AM",71.701
"2016-09-23:12 AM",71.4929
"2016-09-24:12 AM",71.8511
"2016-09-25:12 AM",72.8344
"2016-09-26:12 AM",67.6965
"2016-09-27:12 AM",57.7474
"2016-09-28:12 AM",60.1351
"2016-09-29:12 AM",54.3256
"2016-09-30:12 AM",54.8985
"2016-10-01:12 AM",57.452
"2016-10-02:12 AM",60.3597
"2016-10-03:12 AM",63.0941
"2016-10-04:12 AM",66.2936
"2016-10-05:12 AM",69.0287
"2016-10-06:12 AM",69.2906
"2016-10-07:12 AM",66.7972
"2016-10-08:12 AM",60.4414
"2016-10-09:12 AM",54.0828
"2016-10-10:12 AM",55.4306
"2016-10-11:12 AM",59.8224
"2016-10-12:12 AM",62.8745
"2016-10-13:12 AM",60.7204
"2016-10-14:12 AM",58.429
"2016-10-15:12 AM",66.0085
"2016-10-16:12 AM",68.538
"2016-10-17:12 AM",71.0029
"2016-10-18:12 AM",74.2395
"2016-10-19:12 AM",73.3584
"2016-10-20:12 AM",67.7941
"2016-10-21:12 AM",52.142
"2016-10-22:12 AM",47.3513
"2016-10-23:12 AM",55.4779
"2016-10-24:12 AM",58.1808
"2016-10-25:12 AM",52.7436
"2016-10-26:12 AM",58.2337
"2016-10-27:12 AM",61.7256
"2016-10-28:12 AM",53.7049
"2016-10-29:12 AM",64.9279
"2016-10-30:12 AM",67.7264
"2016-10-31:12 AM",62.3689
"2016-11-01:12 AM",69.1851
"2016-11-02:12 AM",68.1922
"2016-11-03:12 AM",67.0437
"2016-11-04:12 AM",56.3171
"2016-11-05:12 AM",49.5417
"2016-11-06:12 AM",52.1623
"2016-11-07:12 AM",54.6993
"2016-11-08:12 AM",55.9377
"2016-11-09:12 AM",50.1942
"2016-11-10:12 AM",45.4206
"2016-11-11:12 AM",50.0441
"2016-11-12:12 AM",43.425
"2016-11-13:12 AM",40.6623
"2016-11-14:12 AM",44.4574
"2016-11-15:12 AM",49.3036
"2016-11-16:12 AM",50.9275
"2016-11-17:12 AM",57.3829
"2016-11-18:12 AM",62.3282
"2016-11-19:12 AM",43.5616
"2016-11-20:12 AM",33.019
"2016-11-21:12 AM",30.9025
"2016-11-22:12 AM",37.7425
"2016-11-23:12 AM",47.4624
"2016-11-24:12 AM",50.8951
"2016-11-25:12 AM",43.47
"2016-11-26:12 AM",38.2039
"2016-11-27:12 AM",38.8155
"2016-11-28:12 AM",51.0904
"2016-11-29:12 AM",54.9082
"2016-11-30:12 AM",53.1261
"2016-12-01:12 AM",39.7355
"2016-12-02:12 AM",36.8618
"2016-12-03:12 AM",36.1773
"2016-12-04:12 AM",40.0494
"2016-12-05:12 AM",41.1582
"2016-12-06:12 AM",42.9652
"2016-12-07:12 AM",35.3667
"2016-12-08:12 AM",29.9561
"2016-12-09:12 AM",24.0357
"2016-12-10:12 AM",23.7654
"2016-12-11:12 AM",35.8273
"2016-12-12:12 AM",40.5061
"2016-12-13:12 AM",35.6707
"2016-12-14:12 AM",30.8086
"2016-12-15:12 AM",20.2413
"2016-12-16:12 AM",25.3423
"2016-12-17:12 AM",49.6866
"2016-12-18:12 AM",29.0876
"2016-12-19:12 AM",24.0555
"2016-12-20:12 AM",26.7816
"2016-12-21:12 AM",33.2589
"2016-12-22:12 AM",33.8205
"2016-12-23:12 AM",38.0163
"2016-12-24:12 AM",47.2572
"2016-12-25:12 AM",51.3651
"2016-12-26:12 AM",60.44
"2016-12-27:12 AM",46.476
"2016-12-28:12 AM",38.719
"2016-12-29:12 AM",40.3828
"2016-12-30:12 AM",33.3696
"2016-12-31:12 AM",37.8968
"2017-01-01:12 AM",43.3823
"2017-01-02:12 AM",51.2285
"2017-01-03:12 AM",54.0982
"2017-01-04:12 AM",32.5341
"2017-01-05:12 AM",25.9014
"2017-01-06:12 AM",17.0877
"2017-01-07:12 AM",11.8515
"2017-01-08:12 AM",12.9933
"2017-01-09:12 AM",25.147
"2017-01-10:12 AM",42.224
"2017-01-11:12 AM",51.1759
"2017-01-12:12 AM",58.5819
"2017-01-13:12 AM",39.9668
"2017-01-14:12 AM",41.6035
"2017-01-15:12 AM",40.1148
"2017-01-16:12 AM",49.9203
"2017-01-17:12 AM",55.3689
"2017-01-18:12 AM",42.6277
"2017-01-19:12 AM",44.8826
"2017-01-20:12 AM",54.869
"2017-01-21:12 AM",56.4978
"2017-01-22:12 AM",53.3755
"2017-01-23:12 AM",48.045
"2017-01-24:12 AM",41.1445
"2017-01-25:12 AM",46.7132
"2017-01-26:12 AM",37.0663
"2017-01-27:12 AM",31.77
"2017-01-28:12 AM",33.1941
"2017-01-29:12 AM",33.8101
"2017-01-30:12 AM",31.1407
"2017-01-31:12 AM",44.1216
"2017-02-01:12 AM",43.1177
"2017-02-02:12 AM",34.4655
"2017-02-03:12 AM",29.0361
"2017-02-04:12 AM",27.4518
"2017-02-05:12 AM",39.553
"2017-02-06:12 AM",47.7252
"2017-02-07:12 AM",58.1391
"2017-02-08:12 AM",49.9692
"2017-02-09:12 AM",28.6158
"2017-02-10:12 AM",36.3367
"2017-02-11:12 AM",54.0601
"2017-02-12:12 AM",57.6612
"2017-02-13:12 AM",37.2749
"2017-02-14:12 AM",39.3096
"2017-02-15:12 AM",38.9142
"2017-02-16:12 AM",36.8415
"2017-02-17:12 AM",47.5542
"2017-02-18:12 AM",50.4457
"2017-02-19:12 AM",49.487
"2017-02-20:12 AM",53.1156
"2017-02-21:12 AM",58.845
"2017-02-22:12 AM",58.3624
"2017-02-23:12 AM",60.1594
"2017-02-24:12 AM",63.1114
"2017-02-25:12 AM",40.9134
"2017-02-26:12 AM",34.8957
"2017-02-27:12 AM",43.8975
"2017-02-28:12 AM",54.7563
"2017-03-01:12 AM",58.7525
"2017-03-02:12 AM",38.3023
"2017-03-03:12 AM",33.5224
"2017-03-04:12 AM",37.9846
"2017-03-05:12 AM",46.2268
"2017-03-06:12 AM",53.3743
"2017-03-07:12 AM",54.2057
"2017-03-08:12 AM",47.0948
"2017-03-09:12 AM",52.6424
"2017-03-10:12 AM",43.8363
"2017-03-11:12 AM",32.5454
"2017-03-12:12 AM",31.3198
"2017-03-13:12 AM",35.4882
"2017-03-14:12 AM",29.8454
"2017-03-15:12 AM",25.7263
"2017-03-16:12 AM",28.0807
"2017-03-17:12 AM",40.5073
"2017-03-18:12 AM",46.0657
"2017-03-19:12 AM",39.349
"2017-03-20:12 AM",50.9911
"2017-03-21:12 AM",57.2725
"2017-03-22:12 AM",41.0317
"2017-03-23:12 AM",43.7347
"2017-03-24:12 AM",59.5251
"2017-03-25:12 AM",62.5199
"2017-03-26:12 AM",59.5297
"2017-03-27:12 AM",61.2694
"2017-03-28:12 AM",57.6892
"2017-03-29:12 AM",57.4396
"2017-03-30:12 AM",63.3072
"2017-03-31:12 AM",52.8447
"2017-04-01:12 AM",46.584
"2017-04-02:12 AM",50.0236
"2017-04-03:12 AM",60.0993
"2017-04-04:12 AM",59.8638
"2017-04-05:12 AM",61.799
"2017-04-06:12 AM",45.2494
"2017-04-07:12 AM",43.0779
"2017-04-08:12 AM",46.0467
"2017-04-09:12 AM",57.133
"2017-04-10:12 AM",63.5792
"2017-04-11:12 AM",62.7562
"2017-04-12:12 AM",57.7872
"2017-04-13:12 AM",60.7557
"2017-04-14:12 AM",65.0741
"2017-04-15:12 AM",69.1709
"2017-04-16:12 AM",67.2582
"2017-04-17:12 AM",64.7074
"2017-04-18:12 AM",63.3884
"2017-04-19:12 AM",66.5956
"2017-04-20:12 AM",69.6434
"2017-04-21:12 AM",63.3103
"2017-04-22:12 AM",51.8578
"2017-04-23:12 AM",50.0554
"2017-04-24:12 AM",56.6618
"2017-04-25:12 AM",61.3863
"2017-04-26:12 AM",66.9711
"2017-04-27:12 AM",62.8597
"2017-04-28:12 AM",62.8012
"2017-04-29:12 AM",75.1926
"2017-04-30:12 AM",72.5146
"2017-05-01:12 AM",59.4864
"2017-05-02:12 AM",57.5596
"2017-05-03:12 AM",55.6999
"2017-05-04:12 AM",57.8259
"2017-05-05:12 AM",50.5823
"2017-05-06:12 AM",48.3703
"2017-05-07:12 AM",51.2166
"2017-05-08:12 AM",54.2437
"2017-05-09:12 AM",65.4141
"2017-05-10:12 AM",70.4896
"2017-05-11:12 AM",70.0518
"2017-05-12:12 AM",60.5599
"2017-05-13:12 AM",60.8704
"2017-05-14:12 AM",65.2732
"2017-05-15:12 AM",68.0358
"2017-05-16:12 AM",70.5526
"2017-05-17:12 AM",74.5169
"2017-05-18:12 AM",75.4237
"2017-05-19:12 AM",73.9035
"2017-05-20:12 AM",74.7696
"2017-05-21:12 AM",69.631
"2017-05-22:12 AM",62.7591
"2017-05-23:12 AM",63.1981
"2017-05-24:12 AM",58.1977
"2017-05-25:12 AM",57.3132
"2017-05-26:12 AM",66.5632
"2017-05-27:12 AM",71.3809
"2017-05-28:12 AM",69.3243
"2017-05-29:12 AM",69.202
"2017-05-30:12 AM",69.9872
"2017-05-31:12 AM",69.2854
"2017-06-01:12 AM",70.5321
"2017-06-02:12 AM",69.6171
"2017-06-03:12 AM",71.0244
"2017-06-04:12 AM",71.7913
"2017-06-05:12 AM",70.2946
"2017-06-06:12 AM",68.218
"2017-06-07:12 AM",63.5047
"2017-06-08:12 AM",63.0264
"2017-06-09:12 AM",65.3432
"2017-06-10:12 AM",70.5947
"2017-06-11:12 AM",74.8893
"2017-06-12:12 AM",76.6539
"2017-06-13:12 AM",77.7636
"2017-06-14:12 AM",77.3022
"2017-06-15:12 AM",76.2795
"2017-06-16:12 AM",75.7465
"2017-06-17:12 AM",75.5177
"2017-06-18:12 AM",75.3357
"2017-06-19:12 AM",73.1856
"2017-06-20:12 AM",72.5598
"2017-06-21:12 AM",74.6114
"2017-06-22:12 AM",72.0813
"2017-06-23:12 AM",73.972
"2017-06-24:12 AM",70.7191
"2017-06-25:12 AM",67.442
"2017-06-26:12 AM",65.2192
"2017-06-27:12 AM",66.2162
"2017-06-28:12 AM",66.9778
"2017-06-29:12 AM",74.556
"2017-06-30:12 AM",76.5696
"2017-07-01:12 AM",75.787
"2017-07-02:12 AM",75.465
"2017-07-03:12 AM",73.1808
"2017-07-04:12 AM",72.8775
"2017-07-05:12 AM",73.699
"2017-07-06:12 AM",73.4065
"2017-07-07:12 AM",76.6989
"2017-07-08:12 AM",75.5487
"2017-07-09:12 AM",72.9387
"2017-07-10:12 AM",76.062
"2017-07-11:12 AM",78.5376
"2017-07-12:12 AM",79.1793
"2017-07-13:12 AM",80.9263
"2017-07-14:12 AM",78.5667
"2017-07-15:12 AM",75.5146
"2017-07-16:12 AM",73.3932
"2017-07-17:12 AM",76.4145
"2017-07-18:12 AM",77.3116
"2017-07-19:12 AM",78.8205
"2017-07-20:12 AM",79.8409
"2017-07-21:12 AM",81.9837
"2017-07-22:12 AM",83.4453
"2017-07-23:12 AM",81.8046
"2017-07-24:12 AM",77.9331
"2017-07-25:12 AM",76.667
"2017-07-26:12 AM",76.9906
"2017-07-27:12 AM",77.7162
"2017-07-28:12 AM",74.7806
"2017-07-29:12 AM",70.8481
"2017-07-30:12 AM",69.6106
"2017-07-31:12 AM",72.3972
"2017-08-01:12 AM",74.1628
"2017-08-02:12 AM",74.2026
"2017-08-03:12 AM",75.6486
"2017-08-04:12 AM",72.091
"2017-08-05:12 AM",65.6008
"2017-08-06:12 AM",68.1669
"2017-08-07:12 AM",69.5982
"2017-08-08:12 AM",70.6431
"2017-08-09:12 AM",70.2489
"2017-08-10:12 AM",73.4787
"2017-08-11:12 AM",74.2581
"2017-08-12:12 AM",73.3876
"2017-08-13:12 AM",72.3002
"2017-08-14:12 AM",73.537
"2017-08-15:12 AM",76.5799
"2017-08-16:12 AM",77.184
"2017-08-17:12 AM",79.4134
"2017-08-18:12 AM",76.923
"2017-08-19:12 AM",74.6798
"2017-08-20:12 AM",76.3023
"2017-08-21:12 AM",79.4993
"2017-08-22:12 AM",77.8681
"2017-08-23:12 AM",70.9628
"2017-08-24:12 AM",66.0146
"2017-08-25:12 AM",66.3625
"2017-08-26:12 AM",66.078
"2017-08-27:12 AM",68.3512
"2017-08-28:12 AM",68.7632
"2017-08-29:12 AM",70.1595
"2017-08-30:12 AM",70.5857
"2017-08-31:12 AM",71.3516
"2017-09-01:12 AM",63.5103
"2017-09-02:12 AM",59.0958
"2017-09-03:12 AM",65.0041
"2017-09-04:12 AM",72.8454
"2017-09-05:12 AM",68.9007
"2017-09-06:12 AM",58.8292
"2017-09-07:12 AM",56.4696
"2017-09-08:12 AM",58.3936
"2017-09-09:12 AM",61.4768
"2017-09-10:12 AM",60.7901
"2017-09-11:12 AM",60.4042
"2017-09-12:12 AM",62.0254
"2017-09-13:12 AM",60.9811
"2017-09-14:12 AM",64.3843
"2017-09-15:12 AM",68.9353
"2017-09-16:12 AM",70.0378
"2017-09-17:12 AM",69.5349
"2017-09-18:12 AM",70.5261
"2017-09-19:12 AM",71.6833
"2017-09-20:12 AM",72.2316
"2017-09-21:12 AM",73.0344
"2017-09-22:12 AM",72.988
"2017-09-23:12 AM",72.7864
"2017-09-24:12 AM",72.7646
"2017-09-25:12 AM",72.2296
"2017-09-26:12 AM",70.9203
"2017-09-27:12 AM",70.7787
"2017-09-28:12 AM",65.3137
"2017-09-29:12 AM",60.0881
"2017-09-30:12 AM",59.0065
"2017-10-01:12 AM",58.854
"2017-10-02:12 AM",62.0654
"2017-10-03:12 AM",66.0218
"2017-10-04:12 AM",64.9218
"2017-10-05:12 AM",64.9571
"2017-10-06:12 AM",67.0267
"2017-10-07:12 AM",70.767
"2017-10-08:12 AM",69.5422
"2017-10-09:12 AM",71.0314
"2017-10-10:12 AM",71.2132
"2017-10-11:12 AM",63.9705
"2017-10-12:12 AM",59.0842
"2017-10-13:12 AM",57.1624
"2017-10-14:12 AM",64.9445
"2017-10-15:12 AM",64.4405
"2017-10-16:12 AM",50.2029
"2017-10-17:12 AM",48.056
"2017-10-18:12 AM",50.8419
"2017-10-19:12 AM",55.3015
"2017-10-20:12 AM",56.2662
"2017-10-21:12 AM",60.2998
"2017-10-22:12 AM",63.7282
"2017-10-23:12 AM",59.6905
"2017-10-24:12 AM",50.0185
"2017-10-25:12 AM",44.5766
"2017-10-26:12 AM",46.8345
"2017-10-27:12 AM",52.8222
"2017-10-28:12 AM",40.5595
"2017-10-29:12 AM",35.8896
"2017-10-30:12 AM",40.7665
"2017-10-31:12 AM",39.8397
"2017-11-01:12 AM",48.4671
"2017-11-02:12 AM",62.0283
"2017-11-03:12 AM",62.3156
"2017-11-04:12 AM",60.5156
"2017-11-05:12 AM",66.5121
"2017-11-06:12 AM",58.1702
"2017-11-07:12 AM",48.972
"2017-11-08:12 AM",43.8408
"2017-11-09:12 AM",42.9373
"2017-11-10:12 AM",35.7339
"2017-11-11:12 AM",35.6628
"2017-11-12:12 AM",46.3734
"2017-11-13:12 AM",41.4275
"2017-11-14:12 AM",41.2862
"2017-11-15:12 AM",45.678
"2017-11-16:12 AM",42.8389
"2017-11-17:12 AM",40.3266
"2017-11-18:12 AM",55.8855
"2017-11-19:12 AM",37.6192
"2017-11-20:12 AM",35.0782
"2017-11-21:12 AM",42.499
"2017-11-22:12 AM",36.2179
"2017-11-23:12 AM",33.6844
"2017-11-24:12 AM",40.5691
"2017-11-25:12 AM",48.4675
"2017-11-26:12 AM",41.4095
"2017-11-27:12 AM",43.3654
"2017-11-28:12 AM",47.5052
"2017-11-29:12 AM",49.2827
"2017-11-30:12 AM",50.5348
"2017-12-01:12 AM",42.4981
"2017-12-02:12 AM",43.8737
"2017-12-03:12 AM",44.7901
"2017-12-04:12 AM",50.814
"2017-12-05:12 AM",48.1561
"2017-12-06:12 AM",35.9256
"2017-12-07:12 AM",32.0745
"2017-12-08:12 AM",27.8112
"2017-12-09:12 AM",28.8529
"2017-12-10:12 AM",29.8755
"2017-12-11:12 AM",39.0884
"2017-12-12:12 AM",33.1336
"2017-12-13:12 AM",31.8841
"2017-12-14:12 AM",32.5537
"2017-12-15:12 AM",29.6488
"2017-12-16:12 AM",35.6929
"2017-12-17:12 AM",39.0123
"2017-12-18:12 AM",43.8676
"2017-12-19:12 AM",47.1366
"2017-12-20:12 AM",44.9321
"2017-12-21:12 AM",43.8629
"2017-12-22:12 AM",53.598
"2017-12-23:12 AM",44.7847
"2017-12-24:12 AM",34.9052
"2017-12-25:12 AM",25.6555
"2017-12-26:12 AM",27.7515
"2017-12-27:12 AM",18.3169
"2017-12-28:12 AM",17.1865
"2017-12-29:12 AM",22.9566
"2017-12-30:12 AM",25.1427
"2017-12-31:12 AM",13.7417
"2018-01-01:12 AM",10.3208
"2018-01-02:12 AM",9.0259
"2018-01-03:12 AM",18.1866
"2018-01-04:12 AM",15.5719
"2018-01-05:12 AM",12.7951
"2018-01-06:12 AM",11.9781
"2018-01-07:12 AM",23.0866
"2018-01-08:12 AM",34.243
"2018-01-09:12 AM",36.4444
"2018-01-10:12 AM",49.0971
"2018-01-11:12 AM",56.1605
"2018-01-12:12 AM",39.79
"2018-01-13:12 AM",18.882
"2018-01-14:12 AM",14.4621
"2018-01-15:12 AM",24.8709
"2018-01-16:12 AM",12.8217
"2018-01-17:12 AM",7.1971
"2018-01-18:12 AM",15.5496
"2018-01-19:12 AM",24.5898
"2018-01-20:12 AM",37.1755
"2018-01-21:12 AM",46.7202
"2018-01-22:12 AM",52.6793
"2018-01-23:12 AM",39.823
"2018-01-24:12 AM",32.5805
"2018-01-25:12 AM",33.8855
"2018-01-26:12 AM",40.7631
"2018-01-27:12 AM",47.5767
"2018-01-28:12 AM",44.173
"2018-01-29:12 AM",34.7979
"2018-01-30:12 AM",27.6735
"2018-01-31:12 AM",35.6868
"2018-02-01:12 AM",39.925
"2018-02-02:12 AM",21.3847
"2018-02-03:12 AM",26.8428
"2018-02-04:12 AM",34.7891
"2018-02-05:12 AM",24.4337
"2018-02-06:12 AM",32.2617
"2018-02-07:12 AM",31.7554
"2018-02-08:12 AM",28.0846
"2018-02-09:12 AM",39.0159
"2018-02-10:12 AM",44.6769
"2018-02-11:12 AM",42.1765
"2018-02-12:12 AM",31.3534
"2018-02-13:12 AM",36.3153
"2018-02-14:12 AM",52.6132
"2018-02-15:12 AM",62.8882
"2018-02-16:12 AM",52.5
"2018-02-17:12 AM",37.2137
"2018-02-18:12 AM",38.9503
"2018-02-19:12 AM",57.5766
"2018-02-20:12 AM",64.7087
"2018-02-21:12 AM",57.5283
"2018-02-22:12 AM",50.623
"2018-02-23:12 AM",58.9728
"2018-02-24:12 AM",59.8541
"2018-02-25:12 AM",51.5961
"2018-02-26:12 AM",44.3804
"2018-02-27:12 AM",46.4893
"2018-02-28:12 AM",52.7016
"2018-03-01:12 AM",52.228
"2018-03-02:12 AM",39.979
"2018-03-03:12 AM",37.7929
"2018-03-04:12 AM",37.8574
"2018-03-05:12 AM",39.5899
"2018-03-06:12 AM",45.9612
"2018-03-07:12 AM",35.29
"2018-03-08:12 AM",31.168
"2018-03-09:12 AM",33.5809
"2018-03-10:12 AM",39.3381
"2018-03-11:12 AM",40.2219
"2018-03-12:12 AM",34.3495
"2018-03-13:12 AM",32.5708
"2018-03-14:12 AM",29.7869
"2018-03-15:12 AM",42.6798
"2018-03-16:12 AM",42.1239
"2018-03-17:12 AM",50.8924
"2018-03-18:12 AM",44.37
"2018-03-19:12 AM",49.813
"2018-03-20:12 AM",41.877
"2018-03-21:12 AM",33.2749
"2018-03-22:12 AM",32.274
"2018-03-23:12 AM",37.2945
"2018-03-24:12 AM",39.5344
"2018-03-25:12 AM",39.222
"2018-03-26:12 AM",44.9794
"2018-03-27:12 AM",53.2382
"2018-03-28:12 AM",58.6288
"2018-03-29:12 AM",59.1141
"2018-03-30:12 AM",45.862
"2018-03-31:12 AM",47.0694
"2018-04-01:12 AM",48.3211
"2018-04-02:12 AM",42.2209
"2018-04-03:12 AM",61.5951
"2018-04-04:12 AM",41.3215
"2018-04-05:12 AM",38.3149
"2018-04-06:12 AM",47.9457
"2018-04-07:12 AM",33.8846
"2018-04-08:12 AM",34.326
"2018-04-09:12 AM",39.8637
"2018-04-10:12 AM",40.6647
"2018-04-11:12 AM",44.5203
"2018-04-12:12 AM",59.0589
"2018-04-13:12 AM",64.6952
"2018-04-14:12 AM",65.6683
"2018-04-15:12 AM",51.3842
"2018-04-16:12 AM",35.7017
"2018-04-17:12 AM",41.9918
"2018-04-18:12 AM",55.8891
"2018-04-19:12 AM",42.3068
"2018-04-20:12 AM",45.1857
"2018-04-21:12 AM",51.2744
"2018-04-22:12 AM",56.3553
"2018-04-23:12 AM",56.7721
"2018-04-24:12 AM",55.3878
"2018-04-25:12 AM",55.638
"2018-04-26:12 AM",55.2594
"2018-04-27:12 AM",56.2262
"2018-04-28:12 AM",53.4668
"2018-04-29:12 AM",46.456
"2018-04-30:12 AM",51.757
"2018-05-01:12 AM",61.495
"2018-05-02:12 AM",68.2169
"2018-05-03:12 AM",71.3028
"2018-05-04:12 AM",70.1276
"2018-05-05:12 AM",64.4929
"2018-05-06:12 AM",64.6902
"2018-05-07:12 AM",61.8998
"2018-05-08:12 AM",63.7462
"2018-05-09:12 AM",67.0656
"2018-05-10:12 AM",70.7059
"2018-05-11:12 AM",72.7129
"2018-05-12:12 AM",73.4607
"2018-05-13:12 AM",74.0806
"2018-05-14:12 AM",76.4026
"2018-05-15:12 AM",76.8146
"2018-05-16:12 AM",72.0905
"2018-05-17:12 AM",68.931
"2018-05-18:12 AM",69.814
"2018-05-19:12 AM",70.5036
"2018-05-20:12 AM",74.5763
"2018-05-21:12 AM",72.376
"2018-05-22:12 AM",72.1357
"2018-05-23:12 AM",72.4316
"2018-05-24:12 AM",71.2202
"2018-05-25:12 AM",73.2594
"2018-05-26:12 AM",74.7837
"2018-05-27:12 AM",75.7395
"2018-05-28:12 AM",72.1011
"2018-05-29:12 AM",73.4052
"2018-05-30:12 AM",75.2616
"2018-05-31:12 AM",75.8566
"2018-06-01:12 AM",73.7008
"2018-06-02:12 AM",75.8376
"2018-06-03:12 AM",72.4464
"2018-06-04:12 AM",67.2982
"2018-06-05:12 AM",68.6523
"2018-06-06:12 AM",69.4654
"2018-06-07:12 AM",71.4139
"2018-06-08:12 AM",76.8018
"2018-06-09:12 AM",76.9867
"2018-06-10:12 AM",76.9969
"2018-06-11:12 AM",76.5203
"2018-06-12:12 AM",75.943
"2018-06-13:12 AM",77.0635
"2018-06-14:12 AM",76.3461
"2018-06-15:12 AM",76.7557
"2018-06-16:12 AM",79.0034
"2018-06-17:12 AM",81.8033
"2018-06-18:12 AM",80.6405
"2018-06-19:12 AM",81.1711
"2018-06-20:12 AM",77.9781
"2018-06-21:12 AM",73.758
"2018-06-22:12 AM",71.8871
"2018-06-23:12 AM",71.8349
"2018-06-24:12 AM",76.1423
"2018-06-25:12 AM",72.3443
"2018-06-26:12 AM",75.3064
"2018-06-27:12 AM",72.7659
"2018-06-28:12 AM",78.7503
"2018-06-29:12 AM",78.9042
"2018-06-30:12 AM",81.2991
"2018-07-01:12 AM",81.3882
"2018-07-02:12 AM",81.2458
"2018-07-03:12 AM",82.3231
"2018-07-04:12 AM",83.35
"2018-07-05:12 AM",84.4489
"2018-07-06:12 AM",76.6971
"2018-07-07:12 AM",73.8898
"2018-07-08:12 AM",75.9074
"2018-07-09:12 AM",77.3895
"2018-07-10:12 AM",79.999
"2018-07-11:12 AM",79.3681
"2018-07-12:12 AM",75.6117
"2018-07-13:12 AM",77.1885
"2018-07-14:12 AM",80.1183
"2018-07-15:12 AM",78.0658
"2018-07-16:12 AM",77.7549
"2018-07-17:12 AM",79.0506
"2018-07-18:12 AM",75.1869
"2018-07-19:12 AM",75.4565
"2018-07-20:12 AM",78.2517
"2018-07-21:12 AM",75.1359
"2018-07-22:12 AM",70.0885
"2018-07-23:12 AM",72.462
"2018-07-24:12 AM",73.6243
"2018-07-25:12 AM",74.4406
"2018-07-26:12 AM",74.9023
"2018-07-27:12 AM",73.8936
"2018-07-28:12 AM",70.7958
"2018-07-29:12 AM",72.4748
"2018-07-30:12 AM",73.7564
"2018-07-31:12 AM",73.42
"2018-08-01:12 AM",71.391
"2018-08-02:12 AM",72.6755
"2018-08-03:12 AM",75.537
"2018-08-04:12 AM",78.4974
"2018-08-05:12 AM",79.8915
"2018-08-06:12 AM",79.1967
"2018-08-07:12 AM",80.4029
"2018-08-08:12 AM",75.3973
"2018-08-09:12 AM",75.3145
"2018-08-10:12 AM",72.1195
"2018-08-11:12 AM",74.5187
"2018-08-12:12 AM",74.5549
"2018-08-13:12 AM",74.1493
"2018-08-14:12 AM",74.0781
"2018-08-15:12 AM",74.2024
"2018-08-16:12 AM",75.4254
"2018-08-17:12 AM",79.1807
"2018-08-18:12 AM",76.1994
"2018-08-19:12 AM",75.8194
"2018-08-20:12 AM",77.1391
"2018-08-21:12 AM",73.7515
"2018-08-22:12 AM",71.5914
"2018-08-23:12 AM",65.9656
"2018-08-24:12 AM",68.4957
"2018-08-25:12 AM",74.9701
"2018-08-26:12 AM",79.41
"2018-08-27:12 AM",79.8431
"2018-08-28:12 AM",80.3023
"2018-08-29:12 AM",80.3998
"2018-08-30:12 AM",78.1513
"2018-08-31:12 AM",76.3983
"2018-09-01:12 AM",76.9174
"2018-09-02:12 AM",78.2722
"2018-09-03:12 AM",80.0008
"2018-09-04:12 AM",79.7896
"2018-09-05:12 AM",79.3251
"2018-09-06:12 AM",78.3702
"2018-09-07:12 AM",76.1499
"2018-09-08:12 AM",73.8334
"2018-09-09:12 AM",68.4088
"2018-09-10:12 AM",63.2133
"2018-09-11:12 AM",63.2966
"2018-09-12:12 AM",67.6782
"2018-09-13:12 AM",73.0733
"2018-09-14:12 AM",76.0122
"2018-09-15:12 AM",77.5654
"2018-09-16:12 AM",73.4491
"2018-09-17:12 AM",71.9202
"2018-09-18:12 AM",74.4746
"2018-09-19:12 AM",75.5224
"2018-09-20:12 AM",78.0867
"2018-09-21:12 AM",79.4556
"2018-09-22:12 AM",66.9839
"2018-09-23:12 AM",63.5157
"2018-09-24:12 AM",68.437
"2018-09-25:12 AM",71.5588
"2018-09-26:12 AM",68.9229
"2018-09-27:12 AM",58.6161
"2018-09-28:12 AM",57.6887
"2018-09-29:12 AM",58.9149
"2018-09-30:12 AM",62.937
"2018-10-01:12 AM",69.296
"2018-10-02:12 AM",71.5302
"2018-10-03:12 AM",73.679
"2018-10-04:12 AM",74.2334
"2018-10-05:12 AM",74.2584
"2018-10-06:12 AM",74.9491
"2018-10-07:12 AM",75.0146
"2018-10-08:12 AM",75.132
"2018-10-09:12 AM",74.4017
"2018-10-10:12 AM",72.6049
"2018-10-11:12 AM",59.7574
"2018-10-12:12 AM",48.9319
"2018-10-13:12 AM",46.2531
"2018-10-14:12 AM",50.7272
"2018-10-15:12 AM",56.1528
"2018-10-16:12 AM",47.3387
"2018-10-17:12 AM",48.6162
"2018-10-18:12 AM",45.4275
"2018-10-19:12 AM",48.2841
"2018-10-20:12 AM",52.6879
"2018-10-21:12 AM",38.5063
"2018-10-22:12 AM",44.3674
"2018-10-23:12 AM",49.536
"2018-10-24:12 AM",45.9075
"2018-10-25:12 AM",48.1284
"2018-10-26:12 AM",48.3975
"2018-10-27:12 AM",47.8774
"2018-10-28:12 AM",50.5906
"2018-10-29:12 AM",48.4349
"2018-10-30:12 AM",53.1349
"2018-10-31:12 AM",62.2623
"2018-11-01:12 AM",60.1659
"2018-11-02:12 AM",46.1482
"2018-11-03:12 AM",44.749
"2018-11-04:12 AM",49.7194
"2018-11-05:12 AM",54.8046
"2018-11-06:12 AM",56.1817
"2018-11-07:12 AM",47.7153
"2018-11-08:12 AM",41.6991
"2018-11-09:12 AM",41.2867
"2018-11-10:12 AM",29.602
"2018-11-11:12 AM",33.4882
"2018-11-12:12 AM",38.4687
"2018-11-13:12 AM",35.5437
"2018-11-14:12 AM",31.6083
"2018-11-15:12 AM",33.103
"2018-11-16:12 AM",34.3
"2018-11-17:12 AM",41.5427
"2018-11-18:12 AM",46.8401
"2018-11-19:12 AM",46.6443
"2018-11-20:12 AM",38.6281
"2018-11-21:12 AM",34.8465
"2018-11-22:12 AM",38.8684
"2018-11-23:12 AM",44.155
"2018-11-24:12 AM",48.754
"2018-11-25:12 AM",52.5036
"2018-11-26:12 AM",36.7007
"2018-11-27:12 AM",26.6016
"2018-11-28:12 AM",25.426
"2018-11-29:12 AM",36.5792
"2018-11-30:12 AM",49.7565
"2018-12-01:12 AM",54.6744
"2018-12-02:12 AM",54.0952
"2018-12-03:12 AM",40.3804
"2018-12-04:12 AM",35.2467
"2018-12-05:12 AM",30.1199
"2018-12-06:12 AM",33.4006
"2018-12-07:12 AM",32.4973
"2018-12-08:12 AM",30.094
"2018-12-09:12 AM",31.1178
"2018-12-10:12 AM",28.6867
"2018-12-11:12 AM",30.6721
"2018-12-12:12 AM",38.7846
"2018-12-13:12 AM",46.0737
"2018-12-14:12 AM",47.9824
"2018-12-15:12 AM",48.8158
"2018-12-16:12 AM",44.937
"2018-12-17:12 AM",41.6899
"2018-12-18:12 AM",36.6703
"2018-12-19:12 AM",40.5747
"2018-12-20:12 AM",44.4427
"2018-12-21:12 AM",40.289
"2018-12-22:12 AM",35.528
"2018-12-23:12 AM",36.7304
"2018-12-24:12 AM",34.2725
"2018-12-25:12 AM",36.7525
"2018-12-26:12 AM",37.8462
"2018-12-27:12 AM",45.4401
"2018-12-28:12 AM",51.8796
"2018-12-29:12 AM",35.5642
"2018-12-30:12 AM",37.4398
"2018-12-31:12 AM",54.0869
"2019-01-01:12 AM",45.6357
"2019-01-02:12 AM",40.9602
"2019-01-03:12 AM",38.5765
"2019-01-04:12 AM",41.1071
"2019-01-05:12 AM",41.2615
"2019-01-06:12 AM",45.5817
"2019-01-07:12 AM",51.5565
"2019-01-08:12 AM",53.4751
"2019-01-09:12 AM",33.4132
"2019-01-10:12 AM",25.7763
"2019-01-11:12 AM",28.5548
"2019-01-12:12 AM",34.3569
"2019-01-13:12 AM",35.3626
"2019-01-14:12 AM",31.6434
"2019-01-15:12 AM",31.6998
"2019-01-16:12 AM",34.1766
"2019-01-17:12 AM",38.178
"2019-01-18:12 AM",39.2542
"2019-01-19:12 AM",43.473
"2019-01-20:12 AM",21.5398
"2019-01-21:12 AM",16.1359
"2019-01-22:12 AM",28.785
"2019-01-23:12 AM",43.8372
"2019-01-24:12 AM",29.5196
"2019-01-25:12 AM",24.0753
"2019-01-26:12 AM",29.6523
"2019-01-27:12 AM",32.6413
"2019-01-28:12 AM",37.6063
"2019-01-29:12 AM",22.8961
"2019-01-30:12 AM",14.7079
"2019-01-31:12 AM",13.7219
"2019-02-01:12 AM",31.366
"2019-02-02:12 AM",38.8234
"2019-02-03:12 AM",48.4484
"2019-02-04:12 AM",53.6529
"2019-02-05:12 AM",55.868
"2019-02-06:12 AM",59.4864
"2019-02-07:12 AM",59.9286
"2019-02-08:12 AM",29.1258
"2019-02-09:12 AM",25.3377
"2019-02-10:12 AM",31.9438
"2019-02-11:12 AM",39.9776
"2019-02-12:12 AM",47.6659
"2019-02-13:12 AM",33.5892
"2019-02-14:12 AM",42.1342
"2019-02-15:12 AM",42.0255
"2019-02-16:12 AM",31.8051
"2019-02-17:12 AM",36.5419
"2019-02-18:12 AM",31.9968
"2019-02-19:12 AM",32.4442
"2019-02-20:12 AM",41.9598
"2019-02-21:12 AM",42.6958
"2019-02-22:12 AM",42.296
"2019-02-23:12 AM",50.1597
"2019-02-24:12 AM",44.4589
"2019-02-25:12 AM",32.8896
"2019-02-26:12 AM",39.0549
"2019-02-27:12 AM",45.6402
"2019-02-28:12 AM",38.5043
"2019-03-01:12 AM",35.6623
"2019-03-02:12 AM",38.1106
"2019-03-03:12 AM",34.8539
"2019-03-04:12 AM",21.1705
"2019-03-05:12 AM",20.4919
"2019-03-06:12 AM",21.9591
"2019-03-07:12 AM",30.6424
"2019-03-08:12 AM",34.8985
"2019-03-09:12 AM",46.4779
"2019-03-10:12 AM",49.1538
"2019-03-11:12 AM",43.6062
"2019-03-12:12 AM",41.1318
"2019-03-13:12 AM",52.5459
"2019-03-14:12 AM",60.7017
"2019-03-15:12 AM",45.1184