"DateTime","(deg F) Mean Temperature (CFSR) at Maine, 2010-01-01 to 2019-03-14"
"2010-01-01:12 AM",23.52
"2010-01-02:12 AM",21.4173
"2010-01-03:12 AM",30.9186
"2010-01-04:12 AM",30.0092
"2010-01-05:12 AM",27.2395
"2010-01-06:12 AM",25.1654
"2010-01-07:12 AM",24.3534
"2010-01-08:12 AM",21.013
"2010-01-09:12 AM",15.186
"2010-01-10:12 AM",9.7479
"2010-01-11:12 AM",17.3201
"2010-01-12:12 AM",14.3087
"2010-01-13:12 AM",9.574
"2010-01-14:12 AM",12.553
"2010-01-15:12 AM",27.8445
"2010-01-16:12 AM",28.7758
"2010-01-17:12 AM",20.0057
"2010-01-18:12 AM",21.6774
"2010-01-19:12 AM",24.424
"2010-01-20:12 AM",25.9396
"2010-01-21:12 AM",22.635
"2010-01-22:12 AM",19.6662
"2010-01-23:12 AM",16.0012
"2010-01-24:12 AM",19.9074
"2010-01-25:12 AM",36.4105
"2010-01-26:12 AM",35.4078
"2010-01-27:12 AM",30.9236
"2010-01-28:12 AM",27.4017
"2010-01-29:12 AM",10.9582
"2010-01-30:12 AM",6.6205
"2010-01-31:12 AM",9.1467
"2010-02-01:12 AM",13.7518
"2010-02-02:12 AM",7.671
"2010-02-03:12 AM",14.9139
"2010-02-04:12 AM",14.8518
"2010-02-05:12 AM",12.0762
"2010-02-06:12 AM",9.8582
"2010-02-07:12 AM",13.7671
"2010-02-08:12 AM",19.2286
"2010-02-09:12 AM",23.5765
"2010-02-10:12 AM",23.2329
"2010-02-11:12 AM",24.9939
"2010-02-12:12 AM",25.0039
"2010-02-13:12 AM",23.5864
"2010-02-14:12 AM",23.8343
"2010-02-15:12 AM",24.2456
"2010-02-16:12 AM",25.3999
"2010-02-17:12 AM",27.8296
"2010-02-18:12 AM",30.1869
"2010-02-19:12 AM",27.8584
"2010-02-20:12 AM",30.3361
"2010-02-21:12 AM",28.3914
"2010-02-22:12 AM",31.9755
"2010-02-23:12 AM",31.7352
"2010-02-24:12 AM",31.5482
"2010-02-25:12 AM",31.8479
"2010-02-26:12 AM",32.5663
"2010-02-27:12 AM",33.1045
"2010-02-28:12 AM",32.635
"2010-03-01:12 AM",32.0472
"2010-03-02:12 AM",31.5172
"2010-03-03:12 AM",30.1705
"2010-03-04:12 AM",27.7041
"2010-03-05:12 AM",24.7181
"2010-03-06:12 AM",30.0015
"2010-03-07:12 AM",34.0389
"2010-03-08:12 AM",34.8228
"2010-03-09:12 AM",28.2513
"2010-03-10:12 AM",29.0611
"2010-03-11:12 AM",30.4029
"2010-03-12:12 AM",29.9102
"2010-03-13:12 AM",30.567
"2010-03-14:12 AM",32.4631
"2010-03-15:12 AM",34.0246
"2010-03-16:12 AM",35.5872
"2010-03-17:12 AM",38.6114
"2010-03-18:12 AM",40.4186
"2010-03-19:12 AM",38.1009
"2010-03-20:12 AM",43.034
"2010-03-21:12 AM",32.4631
"2010-03-22:12 AM",35.3725
"2010-03-23:12 AM",34.7133
"2010-03-24:12 AM",32.5062
"2010-03-25:12 AM",36.7414
"2010-03-26:12 AM",22.9906
"2010-03-27:12 AM",18.0025
"2010-03-28:12 AM",27.0689
"2010-03-29:12 AM",38.1619
"2010-03-30:12 AM",36.4037
"2010-03-31:12 AM",38.4766
"2010-04-01:12 AM",41.005
"2010-04-02:12 AM",45.799
"2010-04-03:12 AM",50.2777
"2010-04-04:12 AM",51.5689
"2010-04-05:12 AM",47.8195
"2010-04-06:12 AM",47.9701
"2010-04-07:12 AM",47.4962
"2010-04-08:12 AM",41.9997
"2010-04-09:12 AM",42.5709
"2010-04-10:12 AM",36.6814
"2010-04-11:12 AM",39.4921
"2010-04-12:12 AM",38.0833
"2010-04-13:12 AM",37.2423
"2010-04-14:12 AM",40.172
"2010-04-15:12 AM",36.73
"2010-04-16:12 AM",34.8388
"2010-04-17:12 AM",34.1141
"2010-04-18:12 AM",36.0473
"2010-04-19:12 AM",39.2927
"2010-04-20:12 AM",44.0002
"2010-04-21:12 AM",46.2684
"2010-04-22:12 AM",47.4789
"2010-04-23:12 AM",43.8852
"2010-04-24:12 AM",44.6416
"2010-04-25:12 AM",43.8615
"2010-04-26:12 AM",43.9228
"2010-04-27:12 AM",38.3085
"2010-04-28:12 AM",37.3465
"2010-04-29:12 AM",39.493
"2010-04-30:12 AM",42.0751
"2010-05-01:12 AM",49.899
"2010-05-02:12 AM",57.1883
"2010-05-03:12 AM",61.2559
"2010-05-04:12 AM",56.93
"2010-05-05:12 AM",53.395
"2010-05-06:12 AM",51.8311
"2010-05-07:12 AM",42.1826
"2010-05-08:12 AM",40.725
"2010-05-09:12 AM",38.4346
"2010-05-10:12 AM",35.2645
"2010-05-11:12 AM",38.3806
"2010-05-12:12 AM",41.8894
"2010-05-13:12 AM",42.5089
"2010-05-14:12 AM",48.573
"2010-05-15:12 AM",48.556
"2010-05-16:12 AM",48.3759
"2010-05-17:12 AM",49.7588
"2010-05-18:12 AM",54.7993
"2010-05-19:12 AM",49.3779
"2010-05-20:12 AM",55.0823
"2010-05-21:12 AM",50.6628
"2010-05-22:12 AM",55.3343
"2010-05-23:12 AM",58.5792
"2010-05-24:12 AM",64.3509
"2010-05-25:12 AM",69.5367
"2010-05-26:12 AM",66.2284
"2010-05-27:12 AM",52.6975
"2010-05-28:12 AM",51.1534
"2010-05-29:12 AM",54.6715
"2010-05-30:12 AM",54.0109
"2010-05-31:12 AM",51.69
"2010-06-01:12 AM",54.3558
"2010-06-02:12 AM",59.4628
"2010-06-03:12 AM",54.9927
"2010-06-04:12 AM",58.6333
"2010-06-05:12 AM",57.0198
"2010-06-06:12 AM",51.872
"2010-06-07:12 AM",53.1824
"2010-06-08:12 AM",51.3439
"2010-06-09:12 AM",52.6615
"2010-06-10:12 AM",52.7662
"2010-06-11:12 AM",55.4563
"2010-06-12:12 AM",57.7231
"2010-06-13:12 AM",56.7201
"2010-06-14:12 AM",55.6581
"2010-06-15:12 AM",56.4323
"2010-06-16:12 AM",58.5495
"2010-06-17:12 AM",58.2841
"2010-06-18:12 AM",68.5499
"2010-06-19:12 AM",69.4623
"2010-06-20:12 AM",67.0899
"2010-06-21:12 AM",66.2324
"2010-06-22:12 AM",64.4972
"2010-06-23:12 AM",60.5761
"2010-06-24:12 AM",64.503
"2010-06-25:12 AM",63.1425
"2010-06-26:12 AM",61.846
"2010-06-27:12 AM",61.0984
"2010-06-28:12 AM",59.652
"2010-06-29:12 AM",61.5562
"2010-06-30:12 AM",58.4973
"2010-07-01:12 AM",56.0503
"2010-07-02:12 AM",59.8757
"2010-07-03:12 AM",65.7387
"2010-07-04:12 AM",71.6477
"2010-07-05:12 AM",72.846
"2010-07-06:12 AM",74.5615
"2010-07-07:12 AM",73.4484
"2010-07-08:12 AM",72.2453
"2010-07-09:12 AM",72.1789
"2010-07-10:12 AM",67.7601
"2010-07-11:12 AM",66.5886
"2010-07-12:12 AM",70.7135
"2010-07-13:12 AM",69.4828
"2010-07-14:12 AM",67.5311
"2010-07-15:12 AM",70.8082
"2010-07-16:12 AM",68.5116
"2010-07-17:12 AM",72.3267
"2010-07-18:12 AM",70.1235
"2010-07-19:12 AM",65.602
"2010-07-20:12 AM",66.4072
"2010-07-21:12 AM",67.8261
"2010-07-22:12 AM",65.6638
"2010-07-23:12 AM",67.1445
"2010-07-24:12 AM",66.3964
"2010-07-25:12 AM",67.6953
"2010-07-26:12 AM",64.1867
"2010-07-27:12 AM",65.7693
"2010-07-28:12 AM",70.957
"2010-07-29:12 AM",68.5553
"2010-07-30:12 AM",59.3015
"2010-07-31:12 AM",59.2731
"2010-08-01:12 AM",62.6677
"2010-08-02:12 AM",64.3114
"2010-08-03:12 AM",65.293
"2010-08-04:12 AM",70.9668
"2010-08-05:12 AM",72.3258
"2010-08-06:12 AM",67.1909
"2010-08-07:12 AM",57.072
"2010-08-08:12 AM",62.8261
"2010-08-09:12 AM",67.957
"2010-08-10:12 AM",68.9254
"2010-08-11:12 AM",64.9359
"2010-08-12:12 AM",60.0019
"2010-08-13:12 AM",62.2922
"2010-08-14:12 AM",65.7631
"2010-08-15:12 AM",66.2023
"2010-08-16:12 AM",62.582
"2010-08-17:12 AM",68.2333
"2010-08-18:12 AM",67.0311
"2010-08-19:12 AM",66.0256
"2010-08-20:12 AM",63.2622
"2010-08-21:12 AM",60.9737
"2010-08-22:12 AM",58.8852
"2010-08-23:12 AM",59.1264
"2010-08-24:12 AM",61.212
"2010-08-25:12 AM",58.744
"2010-08-26:12 AM",63.6417
"2010-08-27:12 AM",61.4809
"2010-08-28:12 AM",62.1019
"2010-08-29:12 AM",70.7391
"2010-08-30:12 AM",73.3305
"2010-08-31:12 AM",76.1086
"2010-09-01:12 AM",77.6601
"2010-09-02:12 AM",75.2382
"2010-09-03:12 AM",72.7507
"2010-09-04:12 AM",66.5348
"2010-09-05:12 AM",58.4593
"2010-09-06:12 AM",58.0707
"2010-09-07:12 AM",60.7703
"2010-09-08:12 AM",60.0942
"2010-09-09:12 AM",56.95
"2010-09-10:12 AM",52.3261
"2010-09-11:12 AM",54.8087
"2010-09-12:12 AM",51.3257
"2010-09-13:12 AM",50.5904
"2010-09-14:12 AM",55.4533
"2010-09-15:12 AM",52.7065
"2010-09-16:12 AM",52.0252
"2010-09-17:12 AM",51.854
"2010-09-18:12 AM",52.5477
"2010-09-19:12 AM",54.1983
"2010-09-20:12 AM",53.85
"2010-09-21:12 AM",51.7746
"2010-09-22:12 AM",62.679
"2010-09-23:12 AM",54.0973
"2010-09-24:12 AM",51.8333
"2010-09-25:12 AM",61.2752
"2010-09-26:12 AM",50.7907
"2010-09-27:12 AM",52.3368
"2010-09-28:12 AM",61.4667
"2010-09-29:12 AM",64.8147
"2010-09-30:12 AM",61.3535
"2010-10-01:12 AM",61.9345
"2010-10-02:12 AM",50.9715
"2010-10-03:12 AM",45.8586
"2010-10-04:12 AM",46.9845
"2010-10-05:12 AM",51.3225
"2010-10-06:12 AM",50.0166
"2010-10-07:12 AM",48.5348
"2010-10-08:12 AM",48.6619
"2010-10-09:12 AM",42.102
"2010-10-10:12 AM",43.5585
"2010-10-11:12 AM",44.4679
"2010-10-12:12 AM",44.2738
"2010-10-13:12 AM",43.4062
"2010-10-14:12 AM",44.2753
"2010-10-15:12 AM",44.5422
"2010-10-16:12 AM",43.2723
"2010-10-17:12 AM",44.8781
"2010-10-18:12 AM",41.2232
"2010-10-19:12 AM",39.6725
"2010-10-20:12 AM",43.6289
"2010-10-21:12 AM",45.8343
"2010-10-22:12 AM",36.9487
"2010-10-23:12 AM",34.6465
"2010-10-24:12 AM",36.5124
"2010-10-25:12 AM",41.7234
"2010-10-26:12 AM",49.5477
"2010-10-27:12 AM",54.6332
"2010-10-28:12 AM",52.9662
"2010-10-29:12 AM",45.1792
"2010-10-30:12 AM",35.8837
"2010-10-31:12 AM",34.453
"2010-11-01:12 AM",35.7769
"2010-11-02:12 AM",33.8347
"2010-11-03:12 AM",33.7258
"2010-11-04:12 AM",36.7056
"2010-11-05:12 AM",47.0089
"2010-11-06:12 AM",39.2346
"2010-11-07:12 AM",34.7056
"2010-11-08:12 AM",38.9732
"2010-11-09:12 AM",41.5272
"2010-11-10:12 AM",36.5461
"2010-11-11:12 AM",34.4071
"2010-11-12:12 AM",38.5659
"2010-11-13:12 AM",41.3856
"2010-11-14:12 AM",37.9135
"2010-11-15:12 AM",39.4412
"2010-11-16:12 AM",42.024
"2010-11-17:12 AM",44.893
"2010-11-18:12 AM",36.2583
"2010-11-19:12 AM",27.6903
"2010-11-20:12 AM",29.0822
"2010-11-21:12 AM",24.0406
"2010-11-22:12 AM",30.0168
"2010-11-23:12 AM",36.6939
"2010-11-24:12 AM",30.384
"2010-11-25:12 AM",25.6167
"2010-11-26:12 AM",28.7202
"2010-11-27:12 AM",27.6127
"2010-11-28:12 AM",25.4624
"2010-11-29:12 AM",28.0314
"2010-11-30:12 AM",30.8017
"2010-12-01:12 AM",35.8533
"2010-12-02:12 AM",37.1172
"2010-12-03:12 AM",33.1965
"2010-12-04:12 AM",33.8652
"2010-12-05:12 AM",29.248
"2010-12-06:12 AM",26.6355
"2010-12-07:12 AM",24.6222
"2010-12-08:12 AM",20.5374
"2010-12-09:12 AM",16.9488
"2010-12-10:12 AM",14.6158
"2010-12-11:12 AM",24.7147
"2010-12-12:12 AM",29.8402
"2010-12-13:12 AM",45.5257
"2010-12-14:12 AM",32.8701
"2010-12-15:12 AM",18.4334
"2010-12-16:12 AM",16.0466
"2010-12-17:12 AM",19.927
"2010-12-18:12 AM",18.8717
"2010-12-19:12 AM",21.2792
"2010-12-20:12 AM",22.0865
"2010-12-21:12 AM",31.8135
"2010-12-22:12 AM",30.5519
"2010-12-23:12 AM",28.8059
"2010-12-24:12 AM",23.4104
"2010-12-25:12 AM",20.7775
"2010-12-26:12 AM",21.2463
"2010-12-27:12 AM",23.1858
"2010-12-28:12 AM",15.4143
"2010-12-29:12 AM",18.8301
"2010-12-30:12 AM",23.1334
"2010-12-31:12 AM",30.2261
"2011-01-01:12 AM",35.2737
"2011-01-02:12 AM",34.965
"2011-01-03:12 AM",24.7181
"2011-01-04:12 AM",21.2005
"2011-01-05:12 AM",19.9245
"2011-01-06:12 AM",17.5573
"2011-01-07:12 AM",17.2287
"2011-01-08:12 AM",23.3609
"2011-01-09:12 AM",24.6826
"2011-01-10:12 AM",22.7386
"2011-01-11:12 AM",21.951
"2011-01-12:12 AM",24.8706
"2011-01-13:12 AM",24.7469
"2011-01-14:12 AM",18.0057
"2011-01-15:12 AM",12.9349
"2011-01-16:12 AM",15.2294
"2011-01-17:12 AM",5.6444
"2011-01-18:12 AM",15.1534
"2011-01-19:12 AM",25.8913
"2011-01-20:12 AM",10.5404
"2011-01-21:12 AM",14.4721
"2011-01-22:12 AM",4.1938
"2011-01-23:12 AM",-0.5202
"2011-01-24:12 AM",-9.1448
"2011-01-25:12 AM",0.3385
"2011-01-26:12 AM",10.8745
"2011-01-27:12 AM",16.9164
"2011-01-28:12 AM",12.5989
"2011-01-29:12 AM",17.1577
"2011-01-30:12 AM",12.8709
"2011-01-31:12 AM",2.5632
"2011-02-01:12 AM",7.4273
"2011-02-02:12 AM",9.1261
"2011-02-03:12 AM",8.9832
"2011-02-04:12 AM",14.4142
"2011-02-05:12 AM",17.8178
"2011-02-06:12 AM",26.0564
"2011-02-07:12 AM",21.7924
"2011-02-08:12 AM",24.5883
"2011-02-09:12 AM",7.6318
"2011-02-10:12 AM",9.0423
"2011-02-11:12 AM",6.6659
"2011-02-12:12 AM",16.9101
"2011-02-13:12 AM",12.1181
"2011-02-14:12 AM",27.1602
"2011-02-15:12 AM",8.2033
"2011-02-16:12 AM",11.9145
"2011-02-17:12 AM",26.4632
"2011-02-18:12 AM",33.7656
"2011-02-19:12 AM",25.4426
"2011-02-20:12 AM",12.3494
"2011-02-21:12 AM",8.4157
"2011-02-22:12 AM",8.1502
"2011-02-23:12 AM",11.0134
"2011-02-24:12 AM",14.6538
"2011-02-25:12 AM",24.9321
"2011-02-26:12 AM",8.5381
"2011-02-27:12 AM",7.6451
"2011-02-28:12 AM",23.351
"2011-03-01:12 AM",16.4561
"2011-03-02:12 AM",21.1546
"2011-03-03:12 AM",-0.2861
"2011-03-04:12 AM",4.4091
"2011-03-05:12 AM",30.3908
"2011-03-06:12 AM",36.4267
"2011-03-07:12 AM",24.9436
"2011-03-08:12 AM",14.2086
"2011-03-09:12 AM",12.6007
"2011-03-10:12 AM",25.792
"2011-03-11:12 AM",34.6357
"2011-03-12:12 AM",35.4868
"2011-03-13:12 AM",32.2939
"2011-03-14:12 AM",20.5029
"2011-03-15:12 AM",23.4219
"2011-03-16:12 AM",31.3993
"2011-03-17:12 AM",34.6237
"2011-03-18:12 AM",36.9565
"2011-03-19:12 AM",24.0307
"2011-03-20:12 AM",23.6694
"2011-03-21:12 AM",27.9133
"2011-03-22:12 AM",30.2059
"2011-03-23:12 AM",25.7445
"2011-03-24:12 AM",24.7226
"2011-03-25:12 AM",22.5727
"2011-03-26:12 AM",20.7419
"2011-03-27:12 AM",17.1111
"2011-03-28:12 AM",21.7589
"2011-03-29:12 AM",27.8749
"2011-03-30:12 AM",30.2482
"2011-03-31:12 AM",32.8885
"2011-04-01:12 AM",31.6089
"2011-04-02:12 AM",32.1744
"2011-04-03:12 AM",32.0144
"2011-04-04:12 AM",31.0275
"2011-04-05:12 AM",36.1796
"2011-04-06:12 AM",29.7185
"2011-04-07:12 AM",28.015
"2011-04-08:12 AM",28.5123
"2011-04-09:12 AM",35.0085
"2011-04-10:12 AM",39.1599
"2011-04-11:12 AM",44.4844
"2011-04-12:12 AM",45.4163
"2011-04-13:12 AM",36.1395
"2011-04-14:12 AM",36.9331
"2011-04-15:12 AM",26.0973
"2011-04-16:12 AM",29.5043
"2011-04-17:12 AM",38.4715
"2011-04-18:12 AM",36.5941
"2011-04-19:12 AM",36.181
"2011-04-20:12 AM",32.7085
"2011-04-21:12 AM",34.3144
"2011-04-22:12 AM",36.1315
"2011-04-23:12 AM",35.456
"2011-04-24:12 AM",42.2019
"2011-04-25:12 AM",42.9667
"2011-04-26:12 AM",45.469
"2011-04-27:12 AM",46.5463
"2011-04-28:12 AM",53.7381
"2011-04-29:12 AM",52.3605
"2011-04-30:12 AM",44.0668
"2011-05-01:12 AM",43.7632
"2011-05-02:12 AM",47.5423
"2011-05-03:12 AM",48.9632
"2011-05-04:12 AM",45.0396
"2011-05-05:12 AM",41.0488
"2011-05-06:12 AM",44.3899
"2011-05-07:12 AM",48.8887
"2011-05-08:12 AM",47.9367
"2011-05-09:12 AM",46.7263
"2011-05-10:12 AM",43.945
"2011-05-11:12 AM",45.8623
"2011-05-12:12 AM",46.5523
"2011-05-13:12 AM",51.62
"2011-05-14:12 AM",47.0242
"2011-05-15:12 AM",45.0763
"2011-05-16:12 AM",39.6673
"2011-05-17:12 AM",42.181
"2011-05-18:12 AM",48.9603
"2011-05-19:12 AM",52.9383
"2011-05-20:12 AM",54.7966
"2011-05-21:12 AM",51.6416
"2011-05-22:12 AM",47.9953
"2011-05-23:12 AM",46.4349
"2011-05-24:12 AM",55.3982
"2011-05-25:12 AM",55.8619
"2011-05-26:12 AM",57.3946
"2011-05-27:12 AM",56.4998
"2011-05-28:12 AM",52.5632
"2011-05-29:12 AM",58.0413
"2011-05-30:12 AM",64.1061
"2011-05-31:12 AM",60.2056
"2011-06-01:12 AM",63.5835
"2011-06-02:12 AM",54.6996
"2011-06-03:12 AM",48.9738
"2011-06-04:12 AM",50.9711
"2011-06-05:12 AM",54.9925
"2011-06-06:12 AM",58.7451
"2011-06-07:12 AM",59.4784
"2011-06-08:12 AM",63.3299
"2011-06-09:12 AM",67.1635
"2011-06-10:12 AM",59.5387
"2011-06-11:12 AM",56.7086
"2011-06-12:12 AM",49.959
"2011-06-13:12 AM",49.5981
"2011-06-14:12 AM",52.6698
"2011-06-15:12 AM",58.7127
"2011-06-16:12 AM",62.2157
"2011-06-17:12 AM",63.7507
"2011-06-18:12 AM",60.0809
"2011-06-19:12 AM",56.8193
"2011-06-20:12 AM",58.6225
"2011-06-21:12 AM",61.9637
"2011-06-22:12 AM",61.2597
"2011-06-23:12 AM",58.8569
"2011-06-24:12 AM",54.6505
"2011-06-25:12 AM",51.8346
"2011-06-26:12 AM",58.8115
"2011-06-27:12 AM",64.0593
"2011-06-28:12 AM",64.6547
"2011-06-29:12 AM",60.1212
"2011-06-30:12 AM",59.9707
"2011-07-01:12 AM",60.2485
"2011-07-02:12 AM",63.075
"2011-07-03:12 AM",63.4987
"2011-07-04:12 AM",66.29
"2011-07-05:12 AM",68.2279
"2011-07-06:12 AM",68.7745
"2011-07-07:12 AM",64.2492
"2011-07-08:12 AM",61.9299
"2011-07-09:12 AM",63.4755
"2011-07-10:12 AM",65.1085
"2011-07-11:12 AM",69.5188
"2011-07-12:12 AM",70.5448
"2011-07-13:12 AM",64.7892
"2011-07-14:12 AM",60.0075
"2011-07-15:12 AM",62.6139
"2011-07-16:12 AM",68.1013
"2011-07-17:12 AM",70.835
"2011-07-18:12 AM",71.2699
"2011-07-19:12 AM",67.001
"2011-07-20:12 AM",67.4362
"2011-07-21:12 AM",71.5975
"2011-07-22:12 AM",74.5851
"2011-07-23:12 AM",73.0252
"2011-07-24:12 AM",64.3903
"2011-07-25:12 AM",61.7387
"2011-07-26:12 AM",58.811
"2011-07-27:12 AM",62.4324
"2011-07-28:12 AM",63.7457
"2011-07-29:12 AM",64.6749
"2011-07-30:12 AM",65.6033
"2011-07-31:12 AM",63.9876
"2011-08-01:12 AM",66.2313
"2011-08-02:12 AM",62.8754
"2011-08-03:12 AM",60.5392
"2011-08-04:12 AM",60.7982
"2011-08-05:12 AM",63.0941
"2011-08-06:12 AM",68.1355
"2011-08-07:12 AM",64.9267
"2011-08-08:12 AM",63.4714
"2011-08-09:12 AM",63.3214
"2011-08-10:12 AM",58.5082
"2011-08-11:12 AM",59.9396
"2011-08-12:12 AM",60.5088
"2011-08-13:12 AM",64.5274
"2011-08-14:12 AM",65.5731
"2011-08-15:12 AM",62.1743
"2011-08-16:12 AM",59.8084
"2011-08-17:12 AM",61.1413
"2011-08-18:12 AM",64.3705
"2011-08-19:12 AM",66.5076
"2011-08-20:12 AM",66.3219
"2011-08-21:12 AM",66.243
"2011-08-22:12 AM",63.378
"2011-08-23:12 AM",57.3066
"2011-08-24:12 AM",62.2063
"2011-08-25:12 AM",65.2046
"2011-08-26:12 AM",63.6759
"2011-08-27:12 AM",62.2477
"2011-08-28:12 AM",63.2962
"2011-08-29:12 AM",60.1369
"2011-08-30:12 AM",58.8771
"2011-08-31:12 AM",60.1315
"2011-09-01:12 AM",58.536
"2011-09-02:12 AM",58.1164
"2011-09-03:12 AM",61.8044
"2011-09-04:12 AM",66.1473
"2011-09-05:12 AM",66.1293
"2011-09-06:12 AM",59.1229
"2011-09-07:12 AM",54.5968
"2011-09-08:12 AM",58.1144
"2011-09-09:12 AM",62.105
"2011-09-10:12 AM",53.2963
"2011-09-11:12 AM",53.4024
"2011-09-12:12 AM",60.5755
"2011-09-13:12 AM",62.8675
"2011-09-14:12 AM",62.9285
"2011-09-15:12 AM",55.4542
"2011-09-16:12 AM",46.5292
"2011-09-17:12 AM",47.9318
"2011-09-18:12 AM",49.2429
"2011-09-19:12 AM",49.833
"2011-09-20:12 AM",51.1421
"2011-09-21:12 AM",57.0088
"2011-09-22:12 AM",58.1779
"2011-09-23:12 AM",62.6986
"2011-09-24:12 AM",62.553
"2011-09-25:12 AM",65.8409
"2011-09-26:12 AM",62.2693
"2011-09-27:12 AM",58.0521
"2011-09-28:12 AM",54.4192
"2011-09-29:12 AM",56.8483
"2011-09-30:12 AM",60.366
"2011-10-01:12 AM",52.4133
"2011-10-02:12 AM",48.6271
"2011-10-03:12 AM",52.0875
"2011-10-04:12 AM",51.325
"2011-10-05:12 AM",44.5033
"2011-10-06:12 AM",37.9798
"2011-10-07:12 AM",41.1154
"2011-10-08:12 AM",56.7574
"2011-10-09:12 AM",63.2588
"2011-10-10:12 AM",59.2153
"2011-10-11:12 AM",48.2873
"2011-10-12:12 AM",46.8261
"2011-10-13:12 AM",50.0751
"2011-10-14:12 AM",55.6992
"2011-10-15:12 AM",54.5049
"2011-10-16:12 AM",47.6892
"2011-10-17:12 AM",49.2411
"2011-10-18:12 AM",47.4836
"2011-10-19:12 AM",48.038
"2011-10-20:12 AM",50.2173
"2011-10-21:12 AM",50.3964
"2011-10-22:12 AM",47.5988
"2011-10-23:12 AM",44.3644
"2011-10-24:12 AM",44.8659
"2011-10-25:12 AM",46.1023
"2011-10-26:12 AM",41.1116
"2011-10-27:12 AM",36.0073
"2011-10-28:12 AM",33.9843
"2011-10-29:12 AM",34.0617
"2011-10-30:12 AM",32.0405
"2011-10-31:12 AM",31.2444
"2011-11-01:12 AM",35.5491
"2011-11-02:12 AM",36.7565
"2011-11-03:12 AM",42.967
"2011-11-04:12 AM",37.1158
"2011-11-05:12 AM",33.2186
"2011-11-06:12 AM",37.1464
"2011-11-07:12 AM",40.9874
"2011-11-08:12 AM",45.5387
"2011-11-09:12 AM",45.275
"2011-11-10:12 AM",50.9302
"2011-11-11:12 AM",41.9659
"2011-11-12:12 AM",35.5813
"2011-11-13:12 AM",41.8203
"2011-11-14:12 AM",49.0687
"2011-11-15:12 AM",50.2218
"2011-11-16:12 AM",44.3287
"2011-11-17:12 AM",41.3213
"2011-11-18:12 AM",31.4485
"2011-11-19:12 AM",35.9361
"2011-11-20:12 AM",41.054
"2011-11-21:12 AM",30.6894
"2011-11-22:12 AM",28.3802
"2011-11-23:12 AM",27.1143
"2011-11-24:12 AM",24.7663
"2011-11-25:12 AM",33.6339
"2011-11-26:12 AM",38.6326
"2011-11-27:12 AM",37.3836
"2011-11-28:12 AM",46.5467
"2011-11-29:12 AM",40.6992
"2011-11-30:12 AM",49.5475
"2011-12-01:12 AM",35.8038
"2011-12-02:12 AM",32.2185
"2011-12-03:12 AM",31.0548
"2011-12-04:12 AM",34.3893
"2011-12-05:12 AM",39.9184
"2011-12-06:12 AM",40.9573
"2011-12-07:12 AM",36.1123
"2011-12-08:12 AM",30.6954
"2011-12-09:12 AM",31.7577
"2011-12-10:12 AM",29.2307
"2011-12-11:12 AM",23.7864
"2011-12-12:12 AM",30.4146
"2011-12-13:12 AM",31.7835
"2011-12-14:12 AM",30.2311
"2011-12-15:12 AM",34.9992
"2011-12-16:12 AM",36.7059
"2011-12-17:12 AM",24.5829
"2011-12-18:12 AM",15.4479
"2011-12-19:12 AM",21.6554
"2011-12-20:12 AM",23.0189
"2011-12-21:12 AM",25.9398
"2011-12-22:12 AM",33.629
"2011-12-23:12 AM",28.8662
"2011-12-24:12 AM",11.4665
"2011-12-25:12 AM",14.266
"2011-12-26:12 AM",21.2014
"2011-12-27:12 AM",27.4881
"2011-12-28:12 AM",35.3885
"2011-12-29:12 AM",13.077
"2011-12-30:12 AM",17.0845
"2011-12-31:12 AM",29.0536
"2012-01-01:12 AM",30.616
"2012-01-02:12 AM",34.1816
"2012-01-03:12 AM",16.8838
"2012-01-04:12 AM",9.6312
"2012-01-05:12 AM",18.9649
"2012-01-06:12 AM",17.9274
"2012-01-07:12 AM",26.7345
"2012-01-08:12 AM",26.114
"2012-01-09:12 AM",19.3906
"2012-01-10:12 AM",26.1873
"2012-01-11:12 AM",13.4688
"2012-01-12:12 AM",17.5086
"2012-01-13:12 AM",25.2225
"2012-01-14:12 AM",14.2025
"2012-01-15:12 AM",-0.8046
"2012-01-16:12 AM",6.2776
"2012-01-17:12 AM",24.6492
"2012-01-18:12 AM",20.9689
"2012-01-19:12 AM",4.7035
"2012-01-20:12 AM",13.5712
"2012-01-21:12 AM",3.5368
"2012-01-22:12 AM",5.3128
"2012-01-23:12 AM",23.0362
"2012-01-24:12 AM",35.6614
"2012-01-25:12 AM",26.6729
"2012-01-26:12 AM",18.4239
"2012-01-27:12 AM",25.1413
"2012-01-28:12 AM",26.2373
"2012-01-29:12 AM",26.8981
"2012-01-30:12 AM",18.4158
"2012-01-31:12 AM",12.6957
"2012-02-01:12 AM",23.04
"2012-02-02:12 AM",18.6325
"2012-02-03:12 AM",12.8851
"2012-02-04:12 AM",16.5814
"2012-02-05:12 AM",10.2151
"2012-02-06:12 AM",26.6689
"2012-02-07:12 AM",22.6562
"2012-02-08:12 AM",11.9205
"2012-02-09:12 AM",21.2248
"2012-02-10:12 AM",26.6452
"2012-02-11:12 AM",21.4889
"2012-02-12:12 AM",3.519
"2012-02-13:12 AM",6.3487
"2012-02-14:12 AM",17.6619
"2012-02-15:12 AM",24.6049
"2012-02-16:12 AM",30.0429
"2012-02-17:12 AM",32.6057
"2012-02-18:12 AM",28.3242
"2012-02-19:12 AM",21.3499
"2012-02-20:12 AM",16.4698
"2012-02-21:12 AM",20.8879
"2012-02-22:12 AM",30.9367
"2012-02-23:12 AM",33.2058
"2012-02-24:12 AM",30.2873
"2012-02-25:12 AM",28.6441
"2012-02-26:12 AM",15.4738
"2012-02-27:12 AM",15.8364
"2012-02-28:12 AM",20.2251
"2012-02-29:12 AM",16.1062
"2012-03-01:12 AM",15.1396
"2012-03-02:12 AM",16.2349
"2012-03-03:12 AM",29.0523
"2012-03-04:12 AM",28.1287
"2012-03-05:12 AM",18.8789
"2012-03-06:12 AM",11.4663
"2012-03-07:12 AM",25.5942
"2012-03-08:12 AM",40.1713
"2012-03-09:12 AM",31.3475
"2012-03-10:12 AM",23.5224
"2012-03-11:12 AM",30.2004
"2012-03-12:12 AM",37.3791
"2012-03-13:12 AM",37.5652
"2012-03-14:12 AM",31.3227
"2012-03-15:12 AM",29.9095
"2012-03-16:12 AM",32.2738
"2012-03-17:12 AM",36.3866
"2012-03-18:12 AM",45.6179
"2012-03-19:12 AM",45.9597
"2012-03-20:12 AM",49.4818
"2012-03-21:12 AM",57.2763
"2012-03-22:12 AM",58.0822
"2012-03-23:12 AM",45.8893
"2012-03-24:12 AM",37.2373
"2012-03-25:12 AM",37.0346
"2012-03-26:12 AM",30.1681
"2012-03-27:12 AM",24.5232
"2012-03-28:12 AM",31.1239
"2012-03-29:12 AM",31.2627
"2012-03-30:12 AM",28.7964
"2012-03-31:12 AM",29.9374
"2012-04-01:12 AM",33.8529
"2012-04-02:12 AM",33.786
"2012-04-03:12 AM",33.6495
"2012-04-04:12 AM",36.6177
"2012-04-05:12 AM",34.7079
"2012-04-06:12 AM",34.1802
"2012-04-07:12 AM",34.0594
"2012-04-08:12 AM",33.9895
"2012-04-09:12 AM",37.3561
"2012-04-10:12 AM",39.5226
"2012-04-11:12 AM",40.4368
"2012-04-12:12 AM",39.2844
"2012-04-13:12 AM",41.6352
"2012-04-14:12 AM",46.1361
"2012-04-15:12 AM",51.7744
"2012-04-16:12 AM",54.0775
"2012-04-17:12 AM",56.2257
"2012-04-18:12 AM",42.6697
"2012-04-19:12 AM",44.9094
"2012-04-20:12 AM",49.453
"2012-04-21:12 AM",47.3844
"2012-04-22:12 AM",37.3917
"2012-04-23:12 AM",40.3687
"2012-04-24:12 AM",46.1428
"2012-04-25:12 AM",43.7923
"2012-04-26:12 AM",43.2586
"2012-04-27:12 AM",39.4389
"2012-04-28:12 AM",33.057
"2012-04-29:12 AM",34.7149
"2012-04-30:12 AM",37.7782
"2012-05-01:12 AM",40.1013
"2012-05-02:12 AM",41.3436
"2012-05-03:12 AM",45.0869
"2012-05-04:12 AM",45.6985
"2012-05-05:12 AM",46.3746
"2012-05-06:12 AM",45.4469
"2012-05-07:12 AM",48.4999
"2012-05-08:12 AM",46.1084
"2012-05-09:12 AM",48.3805
"2012-05-10:12 AM",48.9297
"2012-05-11:12 AM",45.8713
"2012-05-12:12 AM",47.5709
"2012-05-13:12 AM",47.9421
"2012-05-14:12 AM",50.6298
"2012-05-15:12 AM",54.3423
"2012-05-16:12 AM",55.1142
"2012-05-17:12 AM",51.5298
"2012-05-18:12 AM",51.9498
"2012-05-19:12 AM",58.2634
"2012-05-20:12 AM",62.3554
"2012-05-21:12 AM",62.4159
"2012-05-22:12 AM",57.7553
"2012-05-23:12 AM",60.3176
"2012-05-24:12 AM",58.7417
"2012-05-25:12 AM",57.5269
"2012-05-26:12 AM",64.0128
"2012-05-27:12 AM",57.2229
"2012-05-28:12 AM",52.4264
"2012-05-29:12 AM",50.4601
"2012-05-30:12 AM",56.898
"2012-05-31:12 AM",56.7788
"2012-06-01:12 AM",55.2106
"2012-06-02:12 AM",53.1442
"2012-06-03:12 AM",48.794
"2012-06-04:12 AM",48.1357
"2012-06-05:12 AM",49.1563
"2012-06-06:12 AM",50.2524
"2012-06-07:12 AM",53.0971
"2012-06-08:12 AM",55.8932
"2012-06-09:12 AM",57.7173
"2012-06-10:12 AM",58.4805
"2012-06-11:12 AM",59.1627
"2012-06-12:12 AM",60.8029
"2012-06-13:12 AM",57.3391
"2012-06-14:12 AM",57.8905
"2012-06-15:12 AM",58.5163
"2012-06-16:12 AM",56.302
"2012-06-17:12 AM",56.3437
"2012-06-18:12 AM",56.1747
"2012-06-19:12 AM",58.1684
"2012-06-20:12 AM",69.9091
"2012-06-21:12 AM",70.6321
"2012-06-22:12 AM",68.5926
"2012-06-23:12 AM",63.4266
"2012-06-24:12 AM",62.5042
"2012-06-25:12 AM",60.3937
"2012-06-26:12 AM",57.337
"2012-06-27:12 AM",57.0627
"2012-06-28:12 AM",61.41
"2012-06-29:12 AM",66.5211
"2012-06-30:12 AM",69.4665
"2012-07-01:12 AM",66.8374
"2012-07-02:12 AM",64.6907
"2012-07-03:12 AM",63.2937
"2012-07-04:12 AM",64.7845
"2012-07-05:12 AM",64.6423
"2012-07-06:12 AM",68.5796
"2012-07-07:12 AM",70.3134
"2012-07-08:12 AM",64.5526
"2012-07-09:12 AM",61.9594
"2012-07-10:12 AM",62.6832
"2012-07-11:12 AM",63.3549
"2012-07-12:12 AM",68.104
"2012-07-13:12 AM",71.1176
"2012-07-14:12 AM",73.4752
"2012-07-15:12 AM",71.2967
"2012-07-16:12 AM",68.5578
"2012-07-17:12 AM",66.7056
"2012-07-18:12 AM",67.6958
"2012-07-19:12 AM",60.6758
"2012-07-20:12 AM",60.9606
"2012-07-21:12 AM",63.2068
"2012-07-22:12 AM",67.912
"2012-07-23:12 AM",69.0206
"2012-07-24:12 AM",66.8203
"2012-07-25:12 AM",62.9829
"2012-07-26:12 AM",64.8403
"2012-07-27:12 AM",64.9506
"2012-07-28:12 AM",65.3518
"2012-07-29:12 AM",63.5985
"2012-07-30:12 AM",66.3258
"2012-07-31:12 AM",68.4
"2012-08-01:12 AM",64.647
"2012-08-02:12 AM",66.7935
"2012-08-03:12 AM",69.8688
"2012-08-04:12 AM",68.835
"2012-08-05:12 AM",70.8417
"2012-08-06:12 AM",67.9266
"2012-08-07:12 AM",64.2348
"2012-08-08:12 AM",67.0179
"2012-08-09:12 AM",65.5983
"2012-08-10:12 AM",65.6681
"2012-08-11:12 AM",64.3109
"2012-08-12:12 AM",65.8211
"2012-08-13:12 AM",67.5313
"2012-08-14:12 AM",68.2686
"2012-08-15:12 AM",66.8653
"2012-08-16:12 AM",62.4148
"2012-08-17:12 AM",66.7215
"2012-08-18:12 AM",63.6874
"2012-08-19:12 AM",62.2249
"2012-08-20:12 AM",62.9319
"2012-08-21:12 AM",62.0307
"2012-08-22:12 AM",61.8802
"2012-08-23:12 AM",64.6284
"2012-08-24:12 AM",63.2448
"2012-08-25:12 AM",64.2029
"2012-08-26:12 AM",67.6137
"2012-08-27:12 AM",68.7259
"2012-08-28:12 AM",64.4
"2012-08-29:12 AM",58.5916
"2012-08-30:12 AM",64.7371
"2012-08-31:12 AM",67.0937
"2012-09-01:12 AM",59.7781
"2012-09-02:12 AM",54.9354
"2012-09-03:12 AM",56.8764
"2012-09-04:12 AM",62.2733
"2012-09-05:12 AM",60.8698
"2012-09-06:12 AM",60.4872
"2012-09-07:12 AM",63.1693
"2012-09-08:12 AM",64.0188
"2012-09-09:12 AM",59.7252
"2012-09-10:12 AM",52.5492
"2012-09-11:12 AM",52.8075
"2012-09-12:12 AM",58.021
"2012-09-13:12 AM",62.3988
"2012-09-14:12 AM",62.9753
"2012-09-15:12 AM",58.548
"2012-09-16:12 AM",49.059
"2012-09-17:12 AM",52.8681
"2012-09-18:12 AM",58.0024
"2012-09-19:12 AM",56.9386
"2012-09-20:12 AM",46.7101
"2012-09-21:12 AM",48.4628
"2012-09-22:12 AM",54.9007
"2012-09-23:12 AM",56.4224
"2012-09-24:12 AM",47.9673
"2012-09-25:12 AM",51.836
"2012-09-26:12 AM",55.7398
"2012-09-27:12 AM",50.2347
"2012-09-28:12 AM",46.2785
"2012-09-29:12 AM",48.0997
"2012-09-30:12 AM",52.7385
"2012-10-01:12 AM",52.6345
"2012-10-02:12 AM",57.3802
"2012-10-03:12 AM",57.2419
"2012-10-04:12 AM",53.7163
"2012-10-05:12 AM",56.5462
"2012-10-06:12 AM",56.7552
"2012-10-07:12 AM",46.5651
"2012-10-08:12 AM",41.0382
"2012-10-09:12 AM",41.3535
"2012-10-10:12 AM",44.433
"2012-10-11:12 AM",43.6161
"2012-10-12:12 AM",39.1784
"2012-10-13:12 AM",34.6766
"2012-10-14:12 AM",40.6612
"2012-10-15:12 AM",51.89
"2012-10-16:12 AM",47.6578
"2012-10-17:12 AM",40.6576
"2012-10-18:12 AM",44.7445
"2012-10-19:12 AM",49.5181
"2012-10-20:12 AM",57.8743
"2012-10-21:12 AM",50.0887
"2012-10-22:12 AM",46.3042
"2012-10-23:12 AM",42.3505
"2012-10-24:12 AM",39.54
"2012-10-25:12 AM",39.4952
"2012-10-26:12 AM",44.9094
"2012-10-27:12 AM",50.0536
"2012-10-28:12 AM",46.7249
"2012-10-29:12 AM",52.0317
"2012-10-30:12 AM",57.3337
"2012-10-31:12 AM",56.7498
"2012-11-01:12 AM",47.802
"2012-11-02:12 AM",44.4115
"2012-11-03:12 AM",41.6739
"2012-11-04:12 AM",38.6114
"2012-11-05:12 AM",31.7242
"2012-11-06:12 AM",28.8882
"2012-11-07:12 AM",29.8936
"2012-11-08:12 AM",33.292
"2012-11-09:12 AM",34.2444
"2012-11-10:12 AM",32.3589
"2012-11-11:12 AM",34.7859
"2012-11-12:12 AM",44.8054
"2012-11-13:12 AM",47.0403
"2012-11-14:12 AM",33.1576
"2012-11-15:12 AM",32.0679
"2012-11-16:12 AM",32.1186
"2012-11-17:12 AM",30.1024
"2012-11-18:12 AM",29.8985
"2012-11-19:12 AM",31.843
"2012-11-20:12 AM",32.9691
"2012-11-21:12 AM",33.7228
"2012-11-22:12 AM",36.421
"2012-11-23:12 AM",40.0815
"2012-11-24:12 AM",37.5975
"2012-11-25:12 AM",27.3416
"2012-11-26:12 AM",25.5711
"2012-11-27:12 AM",24.7023
"2012-11-28:12 AM",25.6937
"2012-11-29:12 AM",26.8041
"2012-11-30:12 AM",17.6362
"2012-12-01:12 AM",17.6173
"2012-12-02:12 AM",34.036
"2012-12-03:12 AM",37.0258
"2012-12-04:12 AM",35.3005
"2012-12-05:12 AM",39.5548
"2012-12-06:12 AM",27.5153
"2012-12-07:12 AM",29.9993
"2012-12-08:12 AM",32.4864
"2012-12-09:12 AM",32.7621
"2012-12-10:12 AM",31.4753
"2012-12-11:12 AM",30.8118
"2012-12-12:12 AM",24.4146
"2012-12-13:12 AM",27.2842
"2012-12-14:12 AM",30.722
"2012-12-15:12 AM",20.6326
"2012-12-16:12 AM",15.01
"2012-12-17:12 AM",21.8757
"2012-12-18:12 AM",33.1083
"2012-12-19:12 AM",32.4572
"2012-12-20:12 AM",26.9542
"2012-12-21:12 AM",32.2158
"2012-12-22:12 AM",32.3566
"2012-12-23:12 AM",18.8839
"2012-12-24:12 AM",17.8421
"2012-12-25:12 AM",17.3187
"2012-12-26:12 AM",16.1164
"2012-12-27:12 AM",22.788
"2012-12-28:12 AM",21.4554
"2012-12-29:12 AM",15.8605
"2012-12-30:12 AM",16.0192
"2012-12-31:12 AM",12.7807
"2013-01-01:12 AM",16.9657
"2013-01-02:12 AM",1.5867
"2013-01-03:12 AM",0.7398
"2013-01-04:12 AM",15.7026
"2013-01-05:12 AM",18.1886
"2013-01-06:12 AM",16.3711
"2013-01-07:12 AM",11.2456
"2013-01-08:12 AM",23.1971
"2013-01-09:12 AM",26.422
"2013-01-10:12 AM",29.9574
"2013-01-11:12 AM",22.4406
"2013-01-12:12 AM",31.9354
"2013-01-13:12 AM",35.3698
"2013-01-14:12 AM",37.2191
"2013-01-15:12 AM",25.1539
"2013-01-16:12 AM",24.6337
"2013-01-17:12 AM",20.4481
"2013-01-18:12 AM",3.4101
"2013-01-19:12 AM",18.5394
"2013-01-20:12 AM",28.7154
"2013-01-21:12 AM",7.0761
"2013-01-22:12 AM",3.6189
"2013-01-23:12 AM",-6.0367
"2013-01-24:12 AM",-4.6309
"2013-01-25:12 AM",0.0613
"2013-01-26:12 AM",3.9736
"2013-01-27:12 AM",5.1163
"2013-01-28:12 AM",9.5718
"2013-01-29:12 AM",16.6789
"2013-01-30:12 AM",34.5231
"2013-01-31:12 AM",38.9851
"2013-02-01:12 AM",16.1019
"2013-02-02:12 AM",10.1748
"2013-02-03:12 AM",14.7814
"2013-02-04:12 AM",14.9925
"2013-02-05:12 AM",6.1804
"2013-02-06:12 AM",14.5256
"2013-02-07:12 AM",1.6095
"2013-02-08:12 AM",5.5054
"2013-02-09:12 AM",9.5358
"2013-02-10:12 AM",10.6414
"2013-02-11:12 AM",19.1023
"2013-02-12:12 AM",30.3663
"2013-02-13:12 AM",26.8133
"2013-02-14:12 AM",23.027
"2013-02-15:12 AM",28.0191
"2013-02-16:12 AM",26.3817
"2013-02-17:12 AM",16.7254
"2013-02-18:12 AM",11.2161
"2013-02-19:12 AM",20.844
"2013-02-20:12 AM",28.1536
"2013-02-21:12 AM",21.1552
"2013-02-22:12 AM",23.5877
"2013-02-23:12 AM",24.6709
"2013-02-24:12 AM",25.795
"2013-02-25:12 AM",21.7225
"2013-02-26:12 AM",24.3169
"2013-02-27:12 AM",28.7859
"2013-02-28:12 AM",29.6229
"2013-03-01:12 AM",28.8192
"2013-03-02:12 AM",29.5875
"2013-03-03:12 AM",30.9825
"2013-03-04:12 AM",29.3689
"2013-03-05:12 AM",31.7827
"2013-03-06:12 AM",29.9055
"2013-03-07:12 AM",26.9575
"2013-03-08:12 AM",28.0477
"2013-03-09:12 AM",28.1118
"2013-03-10:12 AM",29.8776
"2013-03-11:12 AM",33.5759
"2013-03-12:12 AM",38.0199
"2013-03-13:12 AM",37.8468
"2013-03-14:12 AM",28.661
"2013-03-15:12 AM",19.3446
"2013-03-16:12 AM",20.5779
"2013-03-17:12 AM",15.8355
"2013-03-18:12 AM",15.8274
"2013-03-19:12 AM",20.3144
"2013-03-20:12 AM",20.7214
"2013-03-21:12 AM",23.2725
"2013-03-22:12 AM",24.5903
"2013-03-23:12 AM",27.2293
"2013-03-24:12 AM",29.9703
"2013-03-25:12 AM",31.5154
"2013-03-26:12 AM",31.3898
"2013-03-27:12 AM",33.4528
"2013-03-28:12 AM",34.6856
"2013-03-29:12 AM",36.185
"2013-03-30:12 AM",34.7452
"2013-03-31:12 AM",36.0034
"2013-04-01:12 AM",36.0882
"2013-04-02:12 AM",24.4416
"2013-04-03:12 AM",24.9991
"2013-04-04:12 AM",30.2862
"2013-04-05:12 AM",36.1794
"2013-04-06:12 AM",25.1544
"2013-04-07:12 AM",31.4456
"2013-04-08:12 AM",39.0925
"2013-04-09:12 AM",35.9614
"2013-04-10:12 AM",38.3391
"2013-04-11:12 AM",32.979
"2013-04-12:12 AM",30.2301
"2013-04-13:12 AM",33.4778
"2013-04-14:12 AM",35.9425
"2013-04-15:12 AM",36.8701
"2013-04-16:12 AM",42.4438
"2013-04-17:12 AM",42.2384
"2013-04-18:12 AM",37.0747
"2013-04-19:12 AM",50.6066
"2013-04-20:12 AM",47.1495
"2013-04-21:12 AM",34.6644
"2013-04-22:12 AM",36.3983
"2013-04-23:12 AM",37.4689
"2013-04-24:12 AM",43.0831
"2013-04-25:12 AM",46.4763
"2013-04-26:12 AM",42.5226
"2013-04-27:12 AM",44.2706
"2013-04-28:12 AM",47.7147
"2013-04-29:12 AM",50.2372
"2013-04-30:12 AM",51.0037
"2013-05-01:12 AM",52.8525
"2013-05-02:12 AM",51.3788
"2013-05-03:12 AM",47.5473
"2013-05-04:12 AM",49.1448
"2013-05-05:12 AM",50.947
"2013-05-06:12 AM",52.5517
"2013-05-07:12 AM",56.1855
"2013-05-08:12 AM",58.307
"2013-05-09:12 AM",52.6555
"2013-05-10:12 AM",54.8118
"2013-05-11:12 AM",52.9291
"2013-05-12:12 AM",51.8535
"2013-05-13:12 AM",43.2847
"2013-05-14:12 AM",43.3281
"2013-05-15:12 AM",46.4929
"2013-05-16:12 AM",51.2778
"2013-05-17:12 AM",47.6517
"2013-05-18:12 AM",47.3016
"2013-05-19:12 AM",48.6273
"2013-05-20:12 AM",49.5763
"2013-05-21:12 AM",49.2274
"2013-05-22:12 AM",47.0631
"2013-05-23:12 AM",53.762
"2013-05-24:12 AM",53.9386
"2013-05-25:12 AM",41.9715
"2013-05-26:12 AM",41.855
"2013-05-27:12 AM",45.8811
"2013-05-28:12 AM",51.7768
"2013-05-29:12 AM",51.2046
"2013-05-30:12 AM",60.5107
"2013-05-31:12 AM",68.9556
"2013-06-01:12 AM",70.7526
"2013-06-02:12 AM",68.7425
"2013-06-03:12 AM",61.0461
"2013-06-04:12 AM",52.5666
"2013-06-05:12 AM",52.4845
"2013-06-06:12 AM",53.8358
"2013-06-07:12 AM",53.8916
"2013-06-08:12 AM",51.8223
"2013-06-09:12 AM",53.8551
"2013-06-10:12 AM",58.6598
"2013-06-11:12 AM",52.7585
"2013-06-12:12 AM",52.6645
"2013-06-13:12 AM",55.7922
"2013-06-14:12 AM",57.4146
"2013-06-15:12 AM",58.1279
"2013-06-16:12 AM",57.6266
"2013-06-17:12 AM",58.4816
"2013-06-18:12 AM",56.482
"2013-06-19:12 AM",55.9144
"2013-06-20:12 AM",58.4704
"2013-06-21:12 AM",60.9114
"2013-06-22:12 AM",61.2349
"2013-06-23:12 AM",63.3655
"2013-06-24:12 AM",70.104
"2013-06-25:12 AM",71.3107
"2013-06-26:12 AM",61.3623
"2013-06-27:12 AM",55.6108
"2013-06-28:12 AM",54.5572
"2013-06-29:12 AM",60.6486
"2013-06-30:12 AM",64.517
"2013-07-01:12 AM",65.077
"2013-07-02:12 AM",58.6596
"2013-07-03:12 AM",64.5832
"2013-07-04:12 AM",72.6247
"2013-07-05:12 AM",74.413
"2013-07-06:12 AM",74.1981
"2013-07-07:12 AM",72.2674
"2013-07-08:12 AM",65.7653
"2013-07-09:12 AM",64.0337
"2013-07-10:12 AM",62.0289
"2013-07-11:12 AM",66.4086
"2013-07-12:12 AM",62.7906
"2013-07-13:12 AM",65.3079
"2013-07-14:12 AM",70.1076
"2013-07-15:12 AM",73.0557
"2013-07-16:12 AM",73.1619
"2013-07-17:12 AM",70.6793
"2013-07-18:12 AM",70.9455
"2013-07-19:12 AM",70.6375
"2013-07-20:12 AM",72.5146
"2013-07-21:12 AM",61.5247
"2013-07-22:12 AM",60.9373
"2013-07-23:12 AM",60.1363
"2013-07-24:12 AM",62.7561
"2013-07-25:12 AM",57.9623
"2013-07-26:12 AM",59.0522
"2013-07-27:12 AM",62.5401
"2013-07-28:12 AM",63.2935
"2013-07-29:12 AM",62.3361
"2013-07-30:12 AM",63.5077
"2013-07-31:12 AM",63.9667
"2013-08-01:12 AM",64.7937
"2013-08-02:12 AM",61.6663
"2013-08-03:12 AM",61.7833
"2013-08-04:12 AM",60.444
"2013-08-05:12 AM",56.1074
"2013-08-06:12 AM",60.0523
"2013-08-07:12 AM",61.5529
"2013-08-08:12 AM",60.8711
"2013-08-09:12 AM",63.8663
"2013-08-10:12 AM",63.5374
"2013-08-11:12 AM",60.9004
"2013-08-12:12 AM",62.9359
"2013-08-13:12 AM",59.3704
"2013-08-14:12 AM",59.95
"2013-08-15:12 AM",59.1368
"2013-08-16:12 AM",59.1721
"2013-08-17:12 AM",58.7667
"2013-08-18:12 AM",61.3744
"2013-08-19:12 AM",66.0207
"2013-08-20:12 AM",66.9828
"2013-08-21:12 AM",68.5427
"2013-08-22:12 AM",68.7972
"2013-08-23:12 AM",61.5736
"2013-08-24:12 AM",56.9341
"2013-08-25:12 AM",60.1709
"2013-08-26:12 AM",61.9729
"2013-08-27:12 AM",64.377
"2013-08-28:12 AM",65.6019
"2013-08-29:12 AM",58.6803
"2013-08-30:12 AM",59.3629
"2013-08-31:12 AM",65.0802
"2013-09-01:12 AM",64.4135
"2013-09-02:12 AM",59.0169
"2013-09-03:12 AM",62.4652
"2013-09-04:12 AM",62.6216
"2013-09-05:12 AM",51.962
"2013-09-06:12 AM",50.8883
"2013-09-07:12 AM",59.0277
"2013-09-08:12 AM",52.7895
"2013-09-09:12 AM",50.733
"2013-09-10:12 AM",57.2743
"2013-09-11:12 AM",66.8428
"2013-09-12:12 AM",66.3721
"2013-09-13:12 AM",60.6169
"2013-09-14:12 AM",53.3386
"2013-09-15:12 AM",53.3514
"2013-09-16:12 AM",49.2114
"2013-09-17:12 AM",46.1401
"2013-09-18:12 AM",53.098
"2013-09-19:12 AM",56.289
"2013-09-20:12 AM",58.6387
"2013-09-21:12 AM",57.8955
"2013-09-22:12 AM",59.0772
"2013-09-23:12 AM",47.3104
"2013-09-24:12 AM",44.3881
"2013-09-25:12 AM",48.2342
"2013-09-26:12 AM",50.6872
"2013-09-27:12 AM",55.3077
"2013-09-28:12 AM",54.9135
"2013-09-29:12 AM",53.1761
"2013-09-30:12 AM",50.4106
"2013-10-01:12 AM",55.0236
"2013-10-02:12 AM",58.5698
"2013-10-03:12 AM",56.2321
"2013-10-04:12 AM",52.9619
"2013-10-05:12 AM",48.9976
"2013-10-06:12 AM",46.8565
"2013-10-07:12 AM",54.0891
"2013-10-08:12 AM",49.7345
"2013-10-09:12 AM",46.3336
"2013-10-10:12 AM",50.2516
"2013-10-11:12 AM",53.9454
"2013-10-12:12 AM",50.8975
"2013-10-13:12 AM",46.3113
"2013-10-14:12 AM",47.3619
"2013-10-15:12 AM",51.5995
"2013-10-16:12 AM",51.5187
"2013-10-17:12 AM",53.1516
"2013-10-18:12 AM",50.6637
"2013-10-19:12 AM",49.32
"2013-10-20:12 AM",47.7012
"2013-10-21:12 AM",43.5765
"2013-10-22:12 AM",48.3048
"2013-10-23:12 AM",39.8503
"2013-10-24:12 AM",37.4479
"2013-10-25:12 AM",36.9243
"2013-10-26:12 AM",36.5112
"2013-10-27:12 AM",38.8672
"2013-10-28:12 AM",36.1279
"2013-10-29:12 AM",31.512
"2013-10-30:12 AM",33.6609
"2013-10-31:12 AM",38.1357
"2013-11-01:12 AM",54.9417
"2013-11-02:12 AM",46.0945
"2013-11-03:12 AM",32.7445
"2013-11-04:12 AM",29.6263
"2013-11-05:12 AM",32.2869
"2013-11-06:12 AM",39.7974
"2013-11-07:12 AM",47.0417
"2013-11-08:12 AM",34.0261
"2013-11-09:12 AM",32.4219
"2013-11-10:12 AM",33.2323
"2013-11-11:12 AM",33.3302
"2013-11-12:12 AM",27.7293
"2013-11-13:12 AM",22.5
"2013-11-14:12 AM",31.2789
"2013-11-15:12 AM",36.2637
"2013-11-16:12 AM",36.433
"2013-11-17:12 AM",37.2177
"2013-11-18:12 AM",47.2042
"2013-11-19:12 AM",32.781
"2013-11-20:12 AM",27.5097
"2013-11-21:12 AM",30.9294
"2013-11-22:12 AM",32.1764
"2013-11-23:12 AM",29.7973
"2013-11-24:12 AM",17.6054
"2013-11-25:12 AM",15.5377
"2013-11-26:12 AM",27.3114
"2013-11-27:12 AM",39.5962
"2013-11-28:12 AM",24.7564
"2013-11-29:12 AM",18.2975
"2013-11-30:12 AM",18.4051
"2013-12-01:12 AM",27.9757
"2013-12-02:12 AM",30.8084
"2013-12-03:12 AM",33.0048
"2013-12-04:12 AM",30.0393
"2013-12-05:12 AM",31.291
"2013-12-06:12 AM",35.9092
"2013-12-07:12 AM",26.0208
"2013-12-08:12 AM",19.3829
"2013-12-09:12 AM",21.195
"2013-12-10:12 AM",25.0345
"2013-12-11:12 AM",18.5965
"2013-12-12:12 AM",9.0068
"2013-12-13:12 AM",10.5485
"2013-12-14:12 AM",1.5031
"2013-12-15:12 AM",10.2823
"2013-12-16:12 AM",7.9905
"2013-12-17:12 AM",1.4871
"2013-12-18:12 AM",14.0223
"2013-12-19:12 AM",19.7569
"2013-12-20:12 AM",23.9034
"2013-12-21:12 AM",25.6282
"2013-12-22:12 AM",22.991
"2013-12-23:12 AM",26.0674
"2013-12-24:12 AM",17.7156
"2013-12-25:12 AM",6.4803
"2013-12-26:12 AM",15.714
"2013-12-27:12 AM",17.8529
"2013-12-28:12 AM",24.145
"2013-12-29:12 AM",23.3982
"2013-12-30:12 AM",15.4269
"2013-12-31:12 AM",3.004
"2014-01-01:12 AM",5.0425
"2014-01-02:12 AM",-6.5288
"2014-01-03:12 AM",-7.4079
"2014-01-04:12 AM",0.392
"2014-01-05:12 AM",16.6863
"2014-01-06:12 AM",33.9606
"2014-01-07:12 AM",9.9658
"2014-01-08:12 AM",9.2194
"2014-01-09:12 AM",10.0868
"2014-01-10:12 AM",14.7018
"2014-01-11:12 AM",30.223
"2014-01-12:12 AM",35.1709
"2014-01-13:12 AM",30.5204
"2014-01-14:12 AM",36.7002
"2014-01-15:12 AM",33.3516
"2014-01-16:12 AM",31.5439
"2014-01-17:12 AM",32.1687
"2014-01-18:12 AM",27.7304
"2014-01-19:12 AM",25.4511
"2014-01-20:12 AM",20.244
"2014-01-21:12 AM",2.5729
"2014-01-22:12 AM",1.3278
"2014-01-23:12 AM",0.8807
"2014-01-24:12 AM",-0.0288
"2014-01-25:12 AM",15.8817
"2014-01-26:12 AM",7.5985
"2014-01-27:12 AM",16.9336
"2014-01-28:12 AM",4.1592
"2014-01-29:12 AM",7.0308
"2014-01-30:12 AM",10.3222
"2014-01-31:12 AM",21.4959
"2014-02-01:12 AM",23.5139
"2014-02-02:12 AM",30.2486
"2014-02-03:12 AM",19.3399
"2014-02-04:12 AM",14.6201
"2014-02-05:12 AM",16.984
"2014-02-06:12 AM",8.3352
"2014-02-07:12 AM",13.3738
"2014-02-08:12 AM",12.801
"2014-02-09:12 AM",10.859
"2014-02-10:12 AM",11.7793
"2014-02-11:12 AM",6.3
"2014-02-12:12 AM",5.2493
"2014-02-13:12 AM",18.7018
"2014-02-14:12 AM",25.4872
"2014-02-15:12 AM",19.4999
"2014-02-16:12 AM",16.4665
"2014-02-17:12 AM",8.4326
"2014-02-18:12 AM",11.9089
"2014-02-19:12 AM",22.824
"2014-02-20:12 AM",28.3858
"2014-02-21:12 AM",27.4797
"2014-02-22:12 AM",31.1535
"2014-02-23:12 AM",28.9594
"2014-02-24:12 AM",22.3801
"2014-02-25:12 AM",12.0785
"2014-02-26:12 AM",10.782
"2014-02-27:12 AM",6.8689
"2014-02-28:12 AM",7.3371
"2014-03-01:12 AM",10.6165
"2014-03-02:12 AM",16.9266
"2014-03-03:12 AM",4.5135
"2014-03-04:12 AM",3.2137
"2014-03-05:12 AM",2.786
"2014-03-06:12 AM",0.7452
"2014-03-07:12 AM",13.8985
"2014-03-08:12 AM",22.0431
"2014-03-09:12 AM",14.0709
"2014-03-10:12 AM",17.6387
"2014-03-11:12 AM",29.0903
"2014-03-12:12 AM",26.9506
"2014-03-13:12 AM",10.7458
"2014-03-14:12 AM",11.4888
"2014-03-15:12 AM",30.8082
"2014-03-16:12 AM",13.2251
"2014-03-17:12 AM",3.9259
"2014-03-18:12 AM",10.571
"2014-03-19:12 AM",19.5231
"2014-03-20:12 AM",30.0709
"2014-03-21:12 AM",27.8877
"2014-03-22:12 AM",24.3869
"2014-03-23:12 AM",18.2178
"2014-03-24:12 AM",6.8572
"2014-03-25:12 AM",12.4808
"2014-03-26:12 AM",18.6953
"2014-03-27:12 AM",15.1099
"2014-03-28:12 AM",29.4348
"2014-03-29:12 AM",33.3979
"2014-03-30:12 AM",28.5354
"2014-03-31:12 AM",27.4793
"2014-04-01:12 AM",26.8587
"2014-04-02:12 AM",27.7243
"2014-04-03:12 AM",31.2926
"2014-04-04:12 AM",28.4133
"2014-04-05:12 AM",32.8957
"2014-04-06:12 AM",29.5072
"2014-04-07:12 AM",36.0259
"2014-04-08:12 AM",38.6469
"2014-04-09:12 AM",34.0781
"2014-04-10:12 AM",33.4188
"2014-04-11:12 AM",42.4197
"2014-04-12:12 AM",40.2026
"2014-04-13:12 AM",34.0036
"2014-04-14:12 AM",45.3155
"2014-04-15:12 AM",51.7429
"2014-04-16:12 AM",25.0225
"2014-04-17:12 AM",26.7769
"2014-04-18:12 AM",32.2414
"2014-04-19:12 AM",35.1597
"2014-04-20:12 AM",36.7819
"2014-04-21:12 AM",42.7388
"2014-04-22:12 AM",45.8091
"2014-04-23:12 AM",43.0221
"2014-04-24:12 AM",37.1354
"2014-04-25:12 AM",39.2324
"2014-04-26:12 AM",37.0296
"2014-04-27:12 AM",37.6916
"2014-04-28:12 AM",38.5115
"2014-04-29:12 AM",37.6077
"2014-04-30:12 AM",38.7687
"2014-05-01:12 AM",39.7783
"2014-05-02:12 AM",47.7223
"2014-05-03:12 AM",47.3761
"2014-05-04:12 AM",43.7799
"2014-05-05:12 AM",43.3999
"2014-05-06:12 AM",44.3275
"2014-05-07:12 AM",46.5994
"2014-05-08:12 AM",47.116
"2014-05-09:12 AM",47.0768
"2014-05-10:12 AM",52.8735
"2014-05-11:12 AM",55.2126
"2014-05-12:12 AM",50.6151
"2014-05-13:12 AM",47.1569
"2014-05-14:12 AM",47.3182
"2014-05-15:12 AM",53.0335
"2014-05-16:12 AM",57.6651
"2014-05-17:12 AM",53.1001
"2014-05-18:12 AM",50.2313
"2014-05-19:12 AM",47.9572
"2014-05-20:12 AM",48.999
"2014-05-21:12 AM",50.891
"2014-05-22:12 AM",52.077
"2014-05-23:12 AM",50.2426
"2014-05-24:12 AM",49.5795
"2014-05-25:12 AM",51.1187
"2014-05-26:12 AM",56.9426
"2014-05-27:12 AM",48.2515
"2014-05-28:12 AM",45.5527
"2014-05-29:12 AM",51.2625
"2014-05-30:12 AM",52.2363
"2014-05-31:12 AM",51.1977
"2014-06-01:12 AM",56.7822
"2014-06-02:12 AM",60.9838
"2014-06-03:12 AM",58.6047
"2014-06-04:12 AM",50.7461
"2014-06-05:12 AM",53.9024
"2014-06-06:12 AM",57.3147
"2014-06-07:12 AM",62.4634
"2014-06-08:12 AM",64.6601
"2014-06-09:12 AM",67.3554
"2014-06-10:12 AM",57.1104
"2014-06-11:12 AM",59.5956
"2014-06-12:12 AM",54.7781
"2014-06-13:12 AM",52.1577
"2014-06-14:12 AM",55.9461
"2014-06-15:12 AM",56.8926
"2014-06-16:12 AM",57.9553
"2014-06-17:12 AM",62.1428
"2014-06-18:12 AM",63.5646
"2014-06-19:12 AM",60.9127
"2014-06-20:12 AM",52.7085
"2014-06-21:12 AM",56.5471
"2014-06-22:12 AM",58.1113
"2014-06-23:12 AM",61.5117
"2014-06-24:12 AM",63.7135
"2014-06-25:12 AM",62.244
"2014-06-26:12 AM",57.5677
"2014-06-27:12 AM",61.4664
"2014-06-28:12 AM",65.5705
"2014-06-29:12 AM",68.6993
"2014-06-30:12 AM",69.7086
"2014-07-01:12 AM",72.0761
"2014-07-02:12 AM",73.7919
"2014-07-03:12 AM",69.1711
"2014-07-04:12 AM",64.5069
"2014-07-05:12 AM",56.1616
"2014-07-06:12 AM",65.9745
"2014-07-07:12 AM",65.5756
"2014-07-08:12 AM",68.9295
"2014-07-09:12 AM",68.3746
"2014-07-10:12 AM",64.0929
"2014-07-11:12 AM",61.8109
"2014-07-12:12 AM",64.4749
"2014-07-13:12 AM",66.0308
"2014-07-14:12 AM",68.1256
"2014-07-15:12 AM",65.2942
"2014-07-16:12 AM",65.4636
"2014-07-17:12 AM",64.0054
"2014-07-18:12 AM",63.2748
"2014-07-19:12 AM",64.942
"2014-07-20:12 AM",63.1481
"2014-07-21:12 AM",63.7693
"2014-07-22:12 AM",68.5053
"2014-07-23:12 AM",71.0524
"2014-07-24:12 AM",62.7426
"2014-07-25:12 AM",63.0369
"2014-07-26:12 AM",65.0561
"2014-07-27:12 AM",62.8401
"2014-07-28:12 AM",62.7136
"2014-07-29:12 AM",60.9912
"2014-07-30:12 AM",58.9851
"2014-07-31:12 AM",60.6711
"2014-08-01:12 AM",63.1108
"2014-08-02:12 AM",64.2099
"2014-08-03:12 AM",64.2351
"2014-08-04:12 AM",64.0301
"2014-08-05:12 AM",64.4499
"2014-08-06:12 AM",62.6002
"2014-08-07:12 AM",60.3626
"2014-08-08:12 AM",62.0199
"2014-08-09:12 AM",62.9292
"2014-08-10:12 AM",64.2317
"2014-08-11:12 AM",64.5683
"2014-08-12:12 AM",63.7513
"2014-08-13:12 AM",59.8782
"2014-08-14:12 AM",59.3204
"2014-08-15:12 AM",57.1429
"2014-08-16:12 AM",57.9855
"2014-08-17:12 AM",57.4812
"2014-08-18:12 AM",57.661
"2014-08-19:12 AM",59.5531
"2014-08-20:12 AM",62.8011
"2014-08-21:12 AM",62.2323
"2014-08-22:12 AM",60.9989
"2014-08-23:12 AM",60.0595
"2014-08-24:12 AM",64.2326
"2014-08-25:12 AM",67.6566
"2014-08-26:12 AM",67.8587
"2014-08-27:12 AM",68.3159
"2014-08-28:12 AM",61.878
"2014-08-29:12 AM",56.5309
"2014-08-30:12 AM",59.5652
"2014-08-31:12 AM",63.5614
"2014-09-01:12 AM",65.8429
"2014-09-02:12 AM",65.7639
"2014-09-03:12 AM",66.1609
"2014-09-04:12 AM",63.6382
"2014-09-05:12 AM",68.6777
"2014-09-06:12 AM",67.9428
"2014-09-07:12 AM",57.2137
"2014-09-08:12 AM",54.4802
"2014-09-09:12 AM",53.7865
"2014-09-10:12 AM",54.6298
"2014-09-11:12 AM",57.2621
"2014-09-12:12 AM",51.8727
"2014-09-13:12 AM",47.9662
"2014-09-14:12 AM",48.2675
"2014-09-15:12 AM",45.1603
"2014-09-16:12 AM",49.7784
"2014-09-17:12 AM",52.0729
"2014-09-18:12 AM",49.8393
"2014-09-19:12 AM",41.864
"2014-09-20:12 AM",49.1752
"2014-09-21:12 AM",60.5984
"2014-09-22:12 AM",56.1171
"2014-09-23:12 AM",49.552
"2014-09-24:12 AM",49.3896
"2014-09-25:12 AM",53.2468
"2014-09-26:12 AM",58.2238
"2014-09-27:12 AM",61.3348
"2014-09-28:12 AM",63.9379
"2014-09-29:12 AM",55.5096
"2014-09-30:12 AM",48.5985
"2014-10-01:12 AM",51.1318
"2014-10-02:12 AM",49.7079
"2014-10-03:12 AM",49.064
"2014-10-04:12 AM",52.6804
"2014-10-05:12 AM",53.5012
"2014-10-06:12 AM",47.3182
"2014-10-07:12 AM",52.4439
"2014-10-08:12 AM",55.9519
"2014-10-09:12 AM",47.9998
"2014-10-10:12 AM",45.2467
"2014-10-11:12 AM",43.8607
"2014-10-12:12 AM",43.8384
"2014-10-13:12 AM",46.5582
"2014-10-14:12 AM",55.949
"2014-10-15:12 AM",61.9774
"2014-10-16:12 AM",61.2126
"2014-10-17:12 AM",59.6935
"2014-10-18:12 AM",54.7849
"2014-10-19:12 AM",42.8218
"2014-10-20:12 AM",38.6569
"2014-10-21:12 AM",42.3005
"2014-10-22:12 AM",42.7552
"2014-10-23:12 AM",45.5671
"2014-10-24:12 AM",43.2934
"2014-10-25:12 AM",44.0645
"2014-10-26:12 AM",45.5121
"2014-10-27:12 AM",43.1562
"2014-10-28:12 AM",44.9517
"2014-10-29:12 AM",50.4185
"2014-10-30:12 AM",43.0723
"2014-10-31:12 AM",39.5793
"2014-11-01:12 AM",38.2411
"2014-11-02:12 AM",31.4758
"2014-11-03:12 AM",30.8433
"2014-11-04:12 AM",33.0152
"2014-11-05:12 AM",42.7163
"2014-11-06:12 AM",41.185
"2014-11-07:12 AM",37.2294
"2014-11-08:12 AM",28.7951
"2014-11-09:12 AM",35.9139
"2014-11-10:12 AM",35.5395
"2014-11-11:12 AM",40.9689
"2014-11-12:12 AM",45.2511
"2014-11-13:12 AM",34.8544
"2014-11-14:12 AM",30.7947
"2014-11-15:12 AM",25.3942
"2014-11-16:12 AM",29.215
"2014-11-17:12 AM",32.0414
"2014-11-18:12 AM",28.6077
"2014-11-19:12 AM",23.2619
"2014-11-20:12 AM",26.7863
"2014-11-21:12 AM",21.9375
"2014-11-22:12 AM",23.65
"2014-11-23:12 AM",35.0438
"2014-11-24:12 AM",44.4024
"2014-11-25:12 AM",47.0827
"2014-11-26:12 AM",33.9701
"2014-11-27:12 AM",24.5035
"2014-11-28:12 AM",17.0627
"2014-11-29:12 AM",12.9081
"2014-11-30:12 AM",31.0161
"2014-12-01:12 AM",37.3231
"2014-12-02:12 AM",18.9721
"2014-12-03:12 AM",30.535
"2014-12-04:12 AM",22.8369
"2014-12-05:12 AM",13.3605
"2014-12-06:12 AM",29.4919
"2014-12-07:12 AM",16.4907
"2014-12-08:12 AM",8.191
"2014-12-09:12 AM",25.5888
"2014-12-10:12 AM",33.1349
"2014-12-11:12 AM",35.5485
"2014-12-12:12 AM",32.2284
"2014-12-13:12 AM",31.1329
"2014-12-14:12 AM",30.8037
"2014-12-15:12 AM",27.5956
"2014-12-16:12 AM",29.0916
"2014-12-17:12 AM",34.0666
"2014-12-18:12 AM",29.6992
"2014-12-19:12 AM",24.5446
"2014-12-20:12 AM",19.378
"2014-12-21:12 AM",21.2882
"2014-12-22:12 AM",24.6151
"2014-12-23:12 AM",31.5298
"2014-12-24:12 AM",33.7014
"2014-12-25:12 AM",38.856
"2014-12-26:12 AM",33.771
"2014-12-27:12 AM",33.9287
"2014-12-28:12 AM",35.6412
"2014-12-29:12 AM",25.1911
"2014-12-30:12 AM",13.0793
"2014-12-31:12 AM",10.791
"2015-01-01:12 AM",18.5126
"2015-01-02:12 AM",19.6767
"2015-01-03:12 AM",8.9604
"2015-01-04:12 AM",24.0805
"2015-01-05:12 AM",16.3929
"2015-01-06:12 AM",-1.3871
"2015-01-07:12 AM",5.4453
"2015-01-08:12 AM",-8.6591
"2015-01-09:12 AM",13.82
"2015-01-10:12 AM",9.5455
"2015-01-11:12 AM",11.5084
"2015-01-12:12 AM",20.7061
"2015-01-13:12 AM",2.4654
"2015-01-14:12 AM",3.3795
"2015-01-15:12 AM",11.6771
"2015-01-16:12 AM",15.7707
"2015-01-17:12 AM",-3.7282
"2015-01-18:12 AM",24.5557
"2015-01-19:12 AM",34.0772
"2015-01-20:12 AM",14.3055
"2015-01-21:12 AM",10.605
"2015-01-22:12 AM",15.3561
"2015-01-23:12 AM",17.4949
"2015-01-24:12 AM",23.8206
"2015-01-25:12 AM",17.2114
"2015-01-26:12 AM",6.0418
"2015-01-27:12 AM",7.9641
"2015-01-28:12 AM",10.863
"2015-01-29:12 AM",8.6675
"2015-01-30:12 AM",23.7794
"2015-01-31:12 AM",7.7385
"2015-02-01:12 AM",0.124
"2015-02-02:12 AM",-3.082
"2015-02-03:12 AM",-0.9558
"2015-02-04:12 AM",11.1423
"2015-02-05:12 AM",13.6893
"2015-02-06:12 AM",-4.5301
"2015-02-07:12 AM",5.6754
"2015-02-08:12 AM",1.9229
"2015-02-09:12 AM",2.6483
"2015-02-10:12 AM",9.3333
"2015-02-11:12 AM",5.2297
"2015-02-12:12 AM",6.4436
"2015-02-13:12 AM",-1.3493
"2015-02-14:12 AM",-2.106
"2015-02-15:12 AM",4.1506
"2015-02-16:12 AM",-2.785
"2015-02-17:12 AM",-0.9454
"2015-02-18:12 AM",5.2354
"2015-02-19:12 AM",16.3474
"2015-02-20:12 AM",4.8918
"2015-02-21:12 AM",7.6593
"2015-02-22:12 AM",18.9482
"2015-02-23:12 AM",5.835
"2015-02-24:12 AM",-5.7874
"2015-02-25:12 AM",13.7628
"2015-02-26:12 AM",5.1787
"2015-02-27:12 AM",4.4121
"2015-02-28:12 AM",8.271
"2015-03-01:12 AM",13.3745
"2015-03-02:12 AM",19.3037
"2015-03-03:12 AM",9.8517
"2015-03-04:12 AM",26.3889
"2015-03-05:12 AM",14.2347
"2015-03-06:12 AM",3.312
"2015-03-07:12 AM",14.6786
"2015-03-08:12 AM",18.5047
"2015-03-09:12 AM",21.1309
"2015-03-10:12 AM",27.1314
"2015-03-11:12 AM",32.9695
"2015-03-12:12 AM",18.7804
"2015-03-13:12 AM",12.3118
"2015-03-14:12 AM",22.7325
"2015-03-15:12 AM",22.8454
"2015-03-16:12 AM",16.7623
"2015-03-17:12 AM",23.5951
"2015-03-18:12 AM",9.2214
"2015-03-19:12 AM",10.31
"2015-03-20:12 AM",18.1458
"2015-03-21:12 AM",25.3787
"2015-03-22:12 AM",11.1054
"2015-03-23:12 AM",7.9461
"2015-03-24:12 AM",17.2531
"2015-03-25:12 AM",24.9724
"2015-03-26:12 AM",33.2955
"2015-03-27:12 AM",31.8547
"2015-03-28:12 AM",24.8439
"2015-03-29:12 AM",18.1998
"2015-03-30:12 AM",28.0445
"2015-03-31:12 AM",27.675
"2015-04-01:12 AM",18.8152
"2015-04-02:12 AM",25.9842
"2015-04-03:12 AM",36.8443
"2015-04-04:12 AM",27.9563
"2015-04-05:12 AM",18.6552
"2015-04-06:12 AM",23.256
"2015-04-07:12 AM",28.8597
"2015-04-08:12 AM",24.8796
"2015-04-09:12 AM",29.0181
"2015-04-10:12 AM",32.3767
"2015-04-11:12 AM",35.3998
"2015-04-12:12 AM",36.3022
"2015-04-13:12 AM",41.8842
"2015-04-14:12 AM",45.0732
"2015-04-15:12 AM",38.8467
"2015-04-16:12 AM",38.6271
"2015-04-17:12 AM",46.7067
"2015-04-18:12 AM",41.2484
"2015-04-19:12 AM",37.0071
"2015-04-20:12 AM",36.9414
"2015-04-21:12 AM",41.7083
"2015-04-22:12 AM",43.6102
"2015-04-23:12 AM",39.1725
"2015-04-24:12 AM",35.7694
"2015-04-25:12 AM",36.1598
"2015-04-26:12 AM",39.2344
"2015-04-27:12 AM",38.8227
"2015-04-28:12 AM",40.377
"2015-04-29:12 AM",41.8878
"2015-04-30:12 AM",42.4706
"2015-05-01:12 AM",44.0071
"2015-05-02:12 AM",47.1943
"2015-05-03:12 AM",50.7434
"2015-05-04:12 AM",58.3779
"2015-05-05:12 AM",56.2962
"2015-05-06:12 AM",52.3913
"2015-05-07:12 AM",56.5291
"2015-05-08:12 AM",48.4223
"2015-05-09:12 AM",46.9666
"2015-05-10:12 AM",57.7404
"2015-05-11:12 AM",47.4957
"2015-05-12:12 AM",51.9228
"2015-05-13:12 AM",47.8472
"2015-05-14:12 AM",48.6891
"2015-05-15:12 AM",53.8239
"2015-05-16:12 AM",53.0065
"2015-05-17:12 AM",52.2626
"2015-05-18:12 AM",50.1458
"2015-05-19:12 AM",53.3921
"2015-05-20:12 AM",50.0623
"2015-05-21:12 AM",50.5436
"2015-05-22:12 AM",48.0439
"2015-05-23:12 AM",43.1607
"2015-05-24:12 AM",53.8149
"2015-05-25:12 AM",61.2628
"2015-05-26:12 AM",64.2596
"2015-05-27:12 AM",67.532
"2015-05-28:12 AM",65.322
"2015-05-29:12 AM",61.8109
"2015-05-30:12 AM",64.1604
"2015-05-31:12 AM",52.6197
"2015-06-01:12 AM",46.8937
"2015-06-02:12 AM",41.0509
"2015-06-03:12 AM",45.6618
"2015-06-04:12 AM",51.3208
"2015-06-05:12 AM",52.7052
"2015-06-06:12 AM",54.0277
"2015-06-07:12 AM",54.4291
"2015-06-08:12 AM",53.4254
"2015-06-09:12 AM",57.2502
"2015-06-10:12 AM",60.7255
"2015-06-11:12 AM",61.9558
"2015-06-12:12 AM",64.2389
"2015-06-13:12 AM",63.104
"2015-06-14:12 AM",59.0796
"2015-06-15:12 AM",57.0549
"2015-06-16:12 AM",54.6386
"2015-06-17:12 AM",57.7866
"2015-06-18:12 AM",59.8032
"2015-06-19:12 AM",57.573
"2015-06-20:12 AM",56.3855
"2015-06-21:12 AM",54.034
"2015-06-22:12 AM",58.0779
"2015-06-23:12 AM",55.873
"2015-06-24:12 AM",61.8625
"2015-06-25:12 AM",59.0722
"2015-06-26:12 AM",56.6397
"2015-06-27:12 AM",57.504
"2015-06-28:12 AM",51.8862
"2015-06-29:12 AM",54.1825
"2015-06-30:12 AM",61.2977
"2015-07-01:12 AM",58.921
"2015-07-02:12 AM",59.9162
"2015-07-03:12 AM",61.0281
"2015-07-04:12 AM",60.9076
"2015-07-05:12 AM",61.9113
"2015-07-06:12 AM",66.1294
"2015-07-07:12 AM",67.5239
"2015-07-08:12 AM",66.6095
"2015-07-09:12 AM",61.2671
"2015-07-10:12 AM",64.3757
"2015-07-11:12 AM",67.6614
"2015-07-12:12 AM",69.4576
"2015-07-13:12 AM",66.4608
"2015-07-14:12 AM",65.6686
"2015-07-15:12 AM",61.536
"2015-07-16:12 AM",57.4149
"2015-07-17:12 AM",59.8021
"2015-07-18:12 AM",59.099
"2015-07-19:12 AM",63.3787
"2015-07-20:12 AM",65.8519
"2015-07-21:12 AM",64.4477
"2015-07-22:12 AM",62.6324
"2015-07-23:12 AM",59.7571
"2015-07-24:12 AM",59.2297
"2015-07-25:12 AM",57.1296
"2015-07-26:12 AM",56.1776
"2015-07-27:12 AM",63.9561
"2015-07-28:12 AM",67.8769
"2015-07-29:12 AM",68.4199
"2015-07-30:12 AM",68.6104
"2015-07-31:12 AM",68.2822
"2015-08-01:12 AM",64.531
"2015-08-02:12 AM",63.7263
"2015-08-03:12 AM",68.1094
"2015-08-04:12 AM",66.3921
"2015-08-05:12 AM",61.5954
"2015-08-06:12 AM",60.0393
"2015-08-07:12 AM",60.6002
"2015-08-08:12 AM",60.4962
"2015-08-09:12 AM",59.3969
"2015-08-10:12 AM",61.8103
"2015-08-11:12 AM",61.0947
"2015-08-12:12 AM",61.8937
"2015-08-13:12 AM",62.4954
"2015-08-14:12 AM",64.5449
"2015-08-15:12 AM",66.3508
"2015-08-16:12 AM",69.4319
"2015-08-17:12 AM",71.3705
"2015-08-18:12 AM",71.5357
"2015-08-19:12 AM",69.7035
"2015-08-20:12 AM",67.3714
"2015-08-21:12 AM",66.888
"2015-08-22:12 AM",65.7844
"2015-08-23:12 AM",65.5993
"2015-08-24:12 AM",66.8997
"2015-08-25:12 AM",65.9584
"2015-08-26:12 AM",64.9438
"2015-08-27:12 AM",62.8997
"2015-08-28:12 AM",60.8983
"2015-08-29:12 AM",62.3251
"2015-08-30:12 AM",64.4383
"2015-08-31:12 AM",65.6778
"2015-09-01:12 AM",63.2583
"2015-09-02:12 AM",67.2055
"2015-09-03:12 AM",66.7636
"2015-09-04:12 AM",57.3714
"2015-09-05:12 AM",60.4722
"2015-09-06:12 AM",65.6508
"2015-09-07:12 AM",71.6481
"2015-09-08:12 AM",70.2871
"2015-09-09:12 AM",67.4058
"2015-09-10:12 AM",63.9567
"2015-09-11:12 AM",57.8194
"2015-09-12:12 AM",58.2368
"2015-09-13:12 AM",56.6965
"2015-09-14:12 AM",58.3714
"2015-09-15:12 AM",62.5194
"2015-09-16:12 AM",66.2401
"2015-09-17:12 AM",67.3833
"2015-09-18:12 AM",66.8962
"2015-09-19:12 AM",65.2993
"2015-09-20:12 AM",58.7219
"2015-09-21:12 AM",51.8549
"2015-09-22:12 AM",53.9074
"2015-09-23:12 AM",55.3224
"2015-09-24:12 AM",55.7895
"2015-09-25:12 AM",48.8023
"2015-09-26:12 AM",46.6461
"2015-09-27:12 AM",51.5138
"2015-09-28:12 AM",59.1804
"2015-09-29:12 AM",64.2859
"2015-09-30:12 AM",55.5026
"2015-10-01:12 AM",46.2735
"2015-10-02:12 AM",44.2836
"2015-10-03:12 AM",43.576
"2015-10-04:12 AM",42.7305
"2015-10-05:12 AM",46.414
"2015-10-06:12 AM",49.4744
"2015-10-07:12 AM",49.1688
"2015-10-08:12 AM",44.9044
"2015-10-09:12 AM",42.0485
"2015-10-10:12 AM",39.6588
"2015-10-11:12 AM",44.0785
"2015-10-12:12 AM",52.7653
"2015-10-13:12 AM",53.5017
"2015-10-14:12 AM",52.124
"2015-10-15:12 AM",43.965
"2015-10-16:12 AM",43.8363
"2015-10-17:12 AM",37.1109
"2015-10-18:12 AM",31.2121
"2015-10-19:12 AM",32.088
"2015-10-20:12 AM",43.0801
"2015-10-21:12 AM",38.6452
"2015-10-22:12 AM",45.9162
"2015-10-23:12 AM",38.7675
"2015-10-24:12 AM",36.6505
"2015-10-25:12 AM",45.0761
"2015-10-26:12 AM",36.0527
"2015-10-27:12 AM",35.8061
"2015-10-28:12 AM",38.8197
"2015-10-29:12 AM",54.2572
"2015-10-30:12 AM",39.9303
"2015-10-31:12 AM",36.5169
"2015-11-01:12 AM",42.3487
"2015-11-02:12 AM",45.1083
"2015-11-03:12 AM",43.9783
"2015-11-04:12 AM",44.2711
"2015-11-05:12 AM",44.775
"2015-11-06:12 AM",52.6712
"2015-11-07:12 AM",45.738
"2015-11-08:12 AM",35.3007
"2015-11-09:12 AM",39.3492
"2015-11-10:12 AM",40.9345
"2015-11-11:12 AM",41.4959
"2015-11-12:12 AM",38.098
"2015-11-13:12 AM",44.854
"2015-11-14:12 AM",36.2809
"2015-11-15:12 AM",34.7304
"2015-11-16:12 AM",35.416
"2015-11-17:12 AM",31.8522
"2015-11-18:12 AM",32.371
"2015-11-19:12 AM",38.0433
"2015-11-20:12 AM",44.0145
"2015-11-21:12 AM",35.2967
"2015-11-22:12 AM",36.8022
"2015-11-23:12 AM",30.004
"2015-11-24:12 AM",22.9033
"2015-11-25:12 AM",24.4789
"2015-11-26:12 AM",35.7593
"2015-11-27:12 AM",45.1153
"2015-11-28:12 AM",35.4047
"2015-11-29:12 AM",27.0846
"2015-11-30:12 AM",22.451
"2015-12-01:12 AM",27.565
"2015-12-02:12 AM",35.6387
"2015-12-03:12 AM",34.3636
"2015-12-04:12 AM",30.6608
"2015-12-05:12 AM",34.2599
"2015-12-06:12 AM",34.6804
"2015-12-07:12 AM",34.0522
"2015-12-08:12 AM",30.8115
"2015-12-09:12 AM",30.2275
"2015-12-10:12 AM",36.8935
"2015-12-11:12 AM",40.624
"2015-12-12:12 AM",40.6971
"2015-12-13:12 AM",35.4272
"2015-12-14:12 AM",34.4457
"2015-12-15:12 AM",35.2049
"2015-12-16:12 AM",28.8745
"2015-12-17:12 AM",33.1515
"2015-12-18:12 AM",37.3588
"2015-12-19:12 AM",28.8934
"2015-12-20:12 AM",22.4739
"2015-12-21:12 AM",29.9903
"2015-12-22:12 AM",34.3486
"2015-12-23:12 AM",35.5581
"2015-12-24:12 AM",41.2196
"2015-12-25:12 AM",39.4659
"2015-12-26:12 AM",34.0756
"2015-12-27:12 AM",30.6383
"2015-12-28:12 AM",16.884
"2015-12-29:12 AM",13.8713
"2015-12-30:12 AM",18.5988
"2015-12-31:12 AM",29.0903
"2016-01-01:12 AM",26.9272
"2016-01-02:12 AM",24.2487
"2016-01-03:12 AM",26.9553
"2016-01-04:12 AM",12.0574
"2016-01-05:12 AM",3.922
"2016-01-06:12 AM",18.5634
"2016-01-07:12 AM",24.0854
"2016-01-08:12 AM",25.0367
"2016-01-09:12 AM",26.5059
"2016-01-10:12 AM",35.7472
"2016-01-11:12 AM",29.1065
"2016-01-12:12 AM",19.6851
"2016-01-13:12 AM",20.0599
"2016-01-14:12 AM",11.5626
"2016-01-15:12 AM",13.8294
"2016-01-16:12 AM",21.0427
"2016-01-17:12 AM",20.9091
"2016-01-18:12 AM",16.9693
"2016-01-19:12 AM",8.5516
"2016-01-20:12 AM",15.229
"2016-01-21:12 AM",11.4055
"2016-01-22:12 AM",12.3094
"2016-01-23:12 AM",11.961
"2016-01-24:12 AM",14.0828
"2016-01-25:12 AM",18.7752
"2016-01-26:12 AM",29.9107
"2016-01-27:12 AM",29.2015
"2016-01-28:12 AM",22.5117
"2016-01-29:12 AM",28.4025
"2016-01-30:12 AM",26.1014
"2016-01-31:12 AM",32.0088
"2016-02-01:12 AM",35.514
"2016-02-02:12 AM",24.2775
"2016-02-03:12 AM",28.5046
"2016-02-04:12 AM",38.6951
"2016-02-05:12 AM",26.5132
"2016-02-06:12 AM",21.697
"2016-02-07:12 AM",23.8552
"2016-02-08:12 AM",14.1199
"2016-02-09:12 AM",15.8535
"2016-02-10:12 AM",16.72
"2016-02-11:12 AM",16.2624
"2016-02-12:12 AM",1.8896
"2016-02-13:12 AM",5.7094
"2016-02-14:12 AM",-6.5353
"2016-02-15:12 AM",0.961
"2016-02-16:12 AM",30.9778
"2016-02-17:12 AM",30.0967
"2016-02-18:12 AM",21.4596
"2016-02-19:12 AM",19.5471
"2016-02-20:12 AM",32.7238
"2016-02-21:12 AM",32.9864
"2016-02-22:12 AM",16.2801
"2016-02-23:12 AM",15.2901
"2016-02-24:12 AM",26.5813
"2016-02-25:12 AM",39.6961
"2016-02-26:12 AM",21.7863
"2016-02-27:12 AM",17.4841
"2016-02-28:12 AM",28.7578
"2016-02-29:12 AM",32.8393
"2016-03-01:12 AM",20.1
"2016-03-02:12 AM",24.85
"2016-03-03:12 AM",5.0184
"2016-03-04:12 AM",9.0693
"2016-03-05:12 AM",14.7972
"2016-03-06:12 AM",21.3661
"2016-03-07:12 AM",28.2042
"2016-03-08:12 AM",30.533
"2016-03-09:12 AM",37.5631
"2016-03-10:12 AM",40.6846
"2016-03-11:12 AM",34.1989
"2016-03-12:12 AM",34.7103
"2016-03-13:12 AM",35.2969
"2016-03-14:12 AM",28.6282
"2016-03-15:12 AM",33.1088
"2016-03-16:12 AM",36.3564
"2016-03-17:12 AM",36.7542
"2016-03-18:12 AM",29.7226
"2016-03-19:12 AM",20.601
"2016-03-20:12 AM",21.3694
"2016-03-21:12 AM",25.1209
"2016-03-22:12 AM",23.3166
"2016-03-23:12 AM",29.0239
"2016-03-24:12 AM",22.4681
"2016-03-25:12 AM",28.6151
"2016-03-26:12 AM",25.7576
"2016-03-27:12 AM",30.6437
"2016-03-28:12 AM",33.0634
"2016-03-29:12 AM",32.0756
"2016-03-30:12 AM",32.5121
"2016-03-31:12 AM",42.6362
"2016-04-01:12 AM",51.903
"2016-04-02:12 AM",40.0282
"2016-04-03:12 AM",24.6718
"2016-04-04:12 AM",17.348
"2016-04-05:12 AM",17.4139
"2016-04-06:12 AM",24.0426
"2016-04-07:12 AM",38.3128
"2016-04-08:12 AM",41.0821
"2016-04-09:12 AM",29.9669
"2016-04-10:12 AM",24.8529
"2016-04-11:12 AM",32.8064
"2016-04-12:12 AM",40.5936
"2016-04-13:12 AM",35.0726
"2016-04-14:12 AM",34.6944
"2016-04-15:12 AM",35.9568
"2016-04-16:12 AM",37.5404
"2016-04-17:12 AM",44.8727
"2016-04-18:12 AM",45.5761
"2016-04-19:12 AM",39.3847
"2016-04-20:12 AM",38.5376
"2016-04-21:12 AM",46.8198
"2016-04-22:12 AM",53.3122
"2016-04-23:12 AM",45.7743
"2016-04-24:12 AM",35.9771
"2016-04-25:12 AM",36.7468
"2016-04-26:12 AM",31.9881
"2016-04-27:12 AM",34.7617
"2016-04-28:12 AM",30.969
"2016-04-29:12 AM",34.9511
"2016-04-30:12 AM",39.427
"2016-05-01:12 AM",43.4399
"2016-05-02:12 AM",40.392
"2016-05-03:12 AM",41.5942
"2016-05-04:12 AM",43.0761
"2016-05-05:12 AM",42.8014
"2016-05-06:12 AM",47.1553
"2016-05-07:12 AM",48.7801
"2016-05-08:12 AM",45.8865
"2016-05-09:12 AM",38.104
"2016-05-10:12 AM",45.0901
"2016-05-11:12 AM",47.3632
"2016-05-12:12 AM",54.3459
"2016-05-13:12 AM",55.389
"2016-05-14:12 AM",57.9015
"2016-05-15:12 AM",46.4918
"2016-05-16:12 AM",37.5816
"2016-05-17:12 AM",44.5942
"2016-05-18:12 AM",48.5614
"2016-05-19:12 AM",52.1816
"2016-05-20:12 AM",54.9414
"2016-05-21:12 AM",59.7783
"2016-05-22:12 AM",56.3936
"2016-05-23:12 AM",58.3588
"2016-05-24:12 AM",56.7759
"2016-05-25:12 AM",59.5468
"2016-05-26:12 AM",58.6695
"2016-05-27:12 AM",53.8552
"2016-05-28:12 AM",61.1481
"2016-05-29:12 AM",53.1244
"2016-05-30:12 AM",57.7854
"2016-05-31:12 AM",65.2804
"2016-06-01:12 AM",58.6231
"2016-06-02:12 AM",53.524
"2016-06-03:12 AM",54.1693
"2016-06-04:12 AM",59.1363
"2016-06-05:12 AM",55.7299
"2016-06-06:12 AM",57.3134
"2016-06-07:12 AM",58.7624
"2016-06-08:12 AM",54.5972
"2016-06-09:12 AM",46.4641
"2016-06-10:12 AM",50.1224
"2016-06-11:12 AM",53.9146
"2016-06-12:12 AM",50.9038
"2016-06-13:12 AM",50.4779
"2016-06-14:12 AM",53.2283
"2016-06-15:12 AM",57.1993
"2016-06-16:12 AM",57.2837
"2016-06-17:12 AM",58.5014
"2016-06-18:12 AM",59.6593
"2016-06-19:12 AM",65.5227
"2016-06-20:12 AM",67.0833
"2016-06-21:12 AM",64.2078
"2016-06-22:12 AM",57.1221
"2016-06-23:12 AM",57.7247
"2016-06-24:12 AM",58.1243
"2016-06-25:12 AM",63.2786
"2016-06-26:12 AM",66.268
"2016-06-27:12 AM",67.3659
"2016-06-28:12 AM",65.0052
"2016-06-29:12 AM",61.0903
"2016-06-30:12 AM",64.2006
"2016-07-01:12 AM",65.5754
"2016-07-02:12 AM",61.299
"2016-07-03:12 AM",61.3396
"2016-07-04:12 AM",66.3269
"2016-07-05:12 AM",67.9271
"2016-07-06:12 AM",65.7786
"2016-07-07:12 AM",57.6122
"2016-07-08:12 AM",57.1246
"2016-07-09:12 AM",55.4749
"2016-07-10:12 AM",53.98
"2016-07-11:12 AM",60.0579
"2016-07-12:12 AM",67.9577
"2016-07-13:12 AM",69.7701
"2016-07-14:12 AM",70.4971
"2016-07-15:12 AM",71.5442
"2016-07-16:12 AM",66.0061
"2016-07-17:12 AM",64.6997
"2016-07-18:12 AM",66.2805
"2016-07-19:12 AM",62.1212
"2016-07-20:12 AM",63.4159
"2016-07-21:12 AM",68.0252
"2016-07-22:12 AM",71.9807
"2016-07-23:12 AM",68.7475
"2016-07-24:12 AM",66.0659
"2016-07-25:12 AM",66.7378
"2016-07-26:12 AM",68.4136
"2016-07-27:12 AM",70.93
"2016-07-28:12 AM",68.6894
"2016-07-29:12 AM",65.5738
"2016-07-30:12 AM",65.0521
"2016-07-31:12 AM",63.8965
"2016-08-01:12 AM",63.9009
"2016-08-02:12 AM",63.826
"2016-08-03:12 AM",66.6003
"2016-08-04:12 AM",68.3809
"2016-08-05:12 AM",70.9608
"2016-08-06:12 AM",69.0958
"2016-08-07:12 AM",64.5661
"2016-08-08:12 AM",63.0586
"2016-08-09:12 AM",61.2154
"2016-08-10:12 AM",66.857
"2016-08-11:12 AM",71.1095
"2016-08-12:12 AM",65.4334
"2016-08-13:12 AM",59.3236
"2016-08-14:12 AM",64.5888
"2016-08-15:12 AM",63.8076
"2016-08-16:12 AM",64.9711
"2016-08-17:12 AM",63.8285
"2016-08-18:12 AM",67.3725
"2016-08-19:12 AM",64.1917
"2016-08-20:12 AM",63.3709
"2016-08-21:12 AM",65.0928
"2016-08-22:12 AM",61.0461
"2016-08-23:12 AM",61.9624
"2016-08-24:12 AM",68.2173
"2016-08-25:12 AM",70.6478
"2016-08-26:12 AM",70.7166
"2016-08-27:12 AM",64.9575
"2016-08-28:12 AM",63.8281
"2016-08-29:12 AM",63.9655
"2016-08-30:12 AM",62.881
"2016-08-31:12 AM",63.6015
"2016-09-01:12 AM",63.329
"2016-09-02:12 AM",59.3748
"2016-09-03:12 AM",58.1538
"2016-09-04:12 AM",60.2159
"2016-09-05:12 AM",61.4314
"2016-09-06:12 AM",62.4913
"2016-09-07:12 AM",67.0071
"2016-09-08:12 AM",65.5052
"2016-09-09:12 AM",68.1003
"2016-09-10:12 AM",64.0575
"2016-09-11:12 AM",61.86
"2016-09-12:12 AM",56.5063
"2016-09-13:12 AM",61.4647
"2016-09-14:12 AM",59.9119
"2016-09-15:12 AM",52.8112
"2016-09-16:12 AM",53.3953
"2016-09-17:12 AM",58.4335
"2016-09-18:12 AM",63.1094
"2016-09-19:12 AM",62.2231
"2016-09-20:12 AM",61.9797
"2016-09-21:12 AM",62.8785
"2016-09-22:12 AM",60.1785
"2016-09-23:12 AM",54.8267
"2016-09-24:12 AM",49.1421
"2016-09-25:12 AM",44.6149
"2016-09-26:12 AM",47.5032
"2016-09-27:12 AM",52.7115
"2016-09-28:12 AM",49.7851
"2016-09-29:12 AM",47.682
"2016-09-30:12 AM",48.1588
"2016-10-01:12 AM",50.0043
"2016-10-02:12 AM",51.2119
"2016-10-03:12 AM",52.0462
"2016-10-04:12 AM",47.4247
"2016-10-05:12 AM",50.5317
"2016-10-06:12 AM",54.0082
"2016-10-07:12 AM",57.7146
"2016-10-08:12 AM",56.275
"2016-10-09:12 AM",50.2491
"2016-10-10:12 AM",42.5354
"2016-10-11:12 AM",45.7216
"2016-10-12:12 AM",50.5283
"2016-10-13:12 AM",52.2169
"2016-10-14:12 AM",42.2751
"2016-10-15:12 AM",39.7596
"2016-10-16:12 AM",47.601
"2016-10-17:12 AM",52.6307
"2016-10-18:12 AM",48.1912
"2016-10-19:12 AM",55.0643
"2016-10-20:12 AM",47.9507
"2016-10-21:12 AM",53.8016
"2016-10-22:12 AM",56.3038
"2016-10-23:12 AM",39.7366
"2016-10-24:12 AM",38.2782
"2016-10-25:12 AM",36.5079
"2016-10-26:12 AM",36.2422
"2016-10-27:12 AM",36.1009
"2016-10-28:12 AM",36.4435
"2016-10-29:12 AM",37.2178
"2016-10-30:12 AM",40.1556
"2016-10-31:12 AM",37.4661
"2016-11-01:12 AM",35.6797
"2016-11-02:12 AM",44.1162
"2016-11-03:12 AM",45.2467
"2016-11-04:12 AM",37.8437
"2016-11-05:12 AM",35.6641
"2016-11-06:12 AM",36.8208
"2016-11-07:12 AM",34.2502
"2016-11-08:12 AM",40.9186
"2016-11-09:12 AM",42.4809
"2016-11-10:12 AM",36.244
"2016-11-11:12 AM",38.4814
"2016-11-12:12 AM",32.9088
"2016-11-13:12 AM",40.1495
"2016-11-14:12 AM",42.1214
"2016-11-15:12 AM",43.5506
"2016-11-16:12 AM",48.6927
"2016-11-17:12 AM",46.1772
"2016-11-18:12 AM",42.8551
"2016-11-19:12 AM",41.7547
"2016-11-20:12 AM",41.574
"2016-11-21:12 AM",33.7528
"2016-11-22:12 AM",30.6664
"2016-11-23:12 AM",31.3635
"2016-11-24:12 AM",31.0001
"2016-11-25:12 AM",33.1486
"2016-11-26:12 AM",35.4288
"2016-11-27:12 AM",32.9477
"2016-11-28:12 AM",30.267
"2016-11-29:12 AM",30.6223
"2016-11-30:12 AM",34.5331
"2016-12-01:12 AM",34.8523
"2016-12-02:12 AM",34.8571
"2016-12-03:12 AM",31.4713
"2016-12-04:12 AM",26.2922
"2016-12-05:12 AM",22.7221
"2016-12-06:12 AM",24.8938
"2016-12-07:12 AM",26.4486
"2016-12-08:12 AM",30.0808
"2016-12-09:12 AM",23.3107
"2016-12-10:12 AM",14.0533
"2016-12-11:12 AM",16.142
"2016-12-12:12 AM",20.4942
"2016-12-13:12 AM",21.0252
"2016-12-14:12 AM",23.2599
"2016-12-15:12 AM",12.9915
"2016-12-16:12 AM",-5.1752
"2016-12-17:12 AM",11.1549
"2016-12-18:12 AM",27.8085
"2016-12-19:12 AM",2.7855
"2016-12-20:12 AM",9.1197
"2016-12-21:12 AM",25.1643
"2016-12-22:12 AM",27.5988
"2016-12-23:12 AM",27.2005
"2016-12-24:12 AM",31.4118
"2016-12-25:12 AM",22.3624
"2016-12-26:12 AM",14.1039
"2016-12-27:12 AM",34.2752
"2016-12-28:12 AM",25.061
"2016-12-29:12 AM",22.3741
"2016-12-30:12 AM",26.5467
"2016-12-31:12 AM",12.6867
"2017-01-01:12 AM",25.3024
"2017-01-02:12 AM",18.2496
"2017-01-03:12 AM",24.467
"2017-01-04:12 AM",30.6565
"2017-01-05:12 AM",19.1246
"2017-01-06:12 AM",13.8484
"2017-01-07:12 AM",6.9949
"2017-01-08:12 AM",4.4886
"2017-01-09:12 AM",-1.6393
"2017-01-10:12 AM",13.2859
"2017-01-11:12 AM",33.8545
"2017-01-12:12 AM",37.2065
"2017-01-13:12 AM",26.416
"2017-01-14:12 AM",8.6716
"2017-01-15:12 AM",12.4565
"2017-01-16:12 AM",16.5234
"2017-01-17:12 AM",23.3245
"2017-01-18:12 AM",19.3626
"2017-01-19:12 AM",26.37
"2017-01-20:12 AM",27.0421
"2017-01-21:12 AM",30.2324
"2017-01-22:12 AM",29.3652
"2017-01-23:12 AM",22.9766
"2017-01-24:12 AM",25.5421
"2017-01-25:12 AM",30.5953
"2017-01-26:12 AM",30.0103
"2017-01-27:12 AM",27.2188
"2017-01-28:12 AM",23.5276
"2017-01-29:12 AM",24.2794
"2017-01-30:12 AM",18.2599
"2017-01-31:12 AM",10.6113
"2017-02-01:12 AM",13.1882
"2017-02-02:12 AM",17.0368
"2017-02-03:12 AM",12.4347
"2017-02-04:12 AM",11.7124
"2017-02-05:12 AM",20.4609
"2017-02-06:12 AM",14.9058
"2017-02-07:12 AM",8.7323
"2017-02-08:12 AM",23.4779
"2017-02-09:12 AM",10.5247
"2017-02-10:12 AM",1.1811
"2017-02-11:12 AM",4.7381
"2017-02-12:12 AM",9.9487
"2017-02-13:12 AM",18.7095
"2017-02-14:12 AM",14.3731
"2017-02-15:12 AM",19.512
"2017-02-16:12 AM",20.4579
"2017-02-17:12 AM",18.5999
"2017-02-18:12 AM",23.0193
"2017-02-19:12 AM",33.6398
"2017-02-20:12 AM",24.6182
"2017-02-21:12 AM",19.8493
"2017-02-22:12 AM",29.8389
"2017-02-23:12 AM",34.2023
"2017-02-24:12 AM",37.0468
"2017-02-25:12 AM",36.9673
"2017-02-26:12 AM",29.6067
"2017-02-27:12 AM",27.3326
"2017-02-28:12 AM",30.3438
"2017-03-01:12 AM",38.4618
"2017-03-02:12 AM",31.6344
"2017-03-03:12 AM",14.0135
"2017-03-04:12 AM",2.8211
"2017-03-05:12 AM",6.2332
"2017-03-06:12 AM",11.5275
"2017-03-07:12 AM",24.9442
"2017-03-08:12 AM",35.0038
"2017-03-09:12 AM",29.0073
"2017-03-10:12 AM",16.1287
"2017-03-11:12 AM",0.3848
"2017-03-12:12 AM",4.1985
"2017-03-13:12 AM",10.4027
"2017-03-14:12 AM",19.0663
"2017-03-15:12 AM",26.0676
"2017-03-16:12 AM",18.0032
"2017-03-17:12 AM",16.7542
"2017-03-18:12 AM",19.6095
"2017-03-19:12 AM",23.6649
"2017-03-20:12 AM",27.8202
"2017-03-21:12 AM",30.6437
"2017-03-22:12 AM",18.8251
"2017-03-23:12 AM",10.7458
"2017-03-24:12 AM",22.7552
"2017-03-25:12 AM",27.6463
"2017-03-26:12 AM",20.0467
"2017-03-27:12 AM",27.1663
"2017-03-28:12 AM",30.1098
"2017-03-29:12 AM",30.8302
"2017-03-30:12 AM",28.6885
"2017-03-31:12 AM",28.2708
"2017-04-01:12 AM",30.2662
"2017-04-02:12 AM",31.3624
"2017-04-03:12 AM",30.2074
"2017-04-04:12 AM",31.4816
"2017-04-05:12 AM",32.3515
"2017-04-06:12 AM",33.9035
"2017-04-07:12 AM",39.6025
"2017-04-08:12 AM",35.3752
"2017-04-09:12 AM",36.1436
"2017-04-10:12 AM",45.2363
"2017-04-11:12 AM",49.9669
"2017-04-12:12 AM",46.1341
"2017-04-13:12 AM",40.4897
"2017-04-14:12 AM",40.0086
"2017-04-15:12 AM",45.3448
"2017-04-16:12 AM",52.7027
"2017-04-17:12 AM",43.6829
"2017-04-18:12 AM",35.2114
"2017-04-19:12 AM",35.3516
"2017-04-20:12 AM",38.0453
"2017-04-21:12 AM",36.523
"2017-04-22:12 AM",34.7625
"2017-04-23:12 AM",40.1203
"2017-04-24:12 AM",41.3182
"2017-04-25:12 AM",39.6691
"2017-04-26:12 AM",44.7928
"2017-04-27:12 AM",50.2736
"2017-04-28:12 AM",50.4671
"2017-04-29:12 AM",53.0751
"2017-04-30:12 AM",42.4166
"2017-05-01:12 AM",38.115
"2017-05-02:12 AM",42.1428
"2017-05-03:12 AM",45.3313
"2017-05-04:12 AM",45.766
"2017-05-05:12 AM",44.3014
"2017-05-06:12 AM",49.1851
"2017-05-07:12 AM",50.4111
"2017-05-08:12 AM",43.4734
"2017-05-09:12 AM",41.2894
"2017-05-10:12 AM",40.4089
"2017-05-11:12 AM",42.5359
"2017-05-12:12 AM",47.0377
"2017-05-13:12 AM",49.5824
"2017-05-14:12 AM",44.3763
"2017-05-15:12 AM",42.8027
"2017-05-16:12 AM",52.4242
"2017-05-17:12 AM",58.7016
"2017-05-18:12 AM",67.7631
"2017-05-19:12 AM",60.2146
"2017-05-20:12 AM",48.0666
"2017-05-21:12 AM",50.7663
"2017-05-22:12 AM",49.9239
"2017-05-23:12 AM",51.8553
"2017-05-24:12 AM",56.5754
"2017-05-25:12 AM",54.2766
"2017-05-26:12 AM",48.0405
"2017-05-27:12 AM",49.4368
"2017-05-28:12 AM",52.749
"2017-05-29:12 AM",49.1531
"2017-05-30:12 AM",49.5651
"2017-05-31:12 AM",51.4323
"2017-06-01:12 AM",54.4779
"2017-06-02:12 AM",51.564
"2017-06-03:12 AM",49.6431
"2017-06-04:12 AM",53.4553
"2017-06-05:12 AM",51.1617
"2017-06-06:12 AM",48.5029
"2017-06-07:12 AM",57.1694
"2017-06-08:12 AM",63.6831
"2017-06-09:12 AM",57.3591
"2017-06-10:12 AM",58.8124
"2017-06-11:12 AM",69.3111
"2017-06-12:12 AM",70.2381
"2017-06-13:12 AM",69.1025
"2017-06-14:12 AM",56.6469
"2017-06-15:12 AM",54.025
"2017-06-16:12 AM",52.1515
"2017-06-17:12 AM",57.1435
"2017-06-18:12 AM",62.917
"2017-06-19:12 AM",67.9347
"2017-06-20:12 AM",65.6112
"2017-06-21:12 AM",62.8507
"2017-06-22:12 AM",62.0794
"2017-06-23:12 AM",59.9045
"2017-06-24:12 AM",66.569
"2017-06-25:12 AM",63.2163
"2017-06-26:12 AM",59.2488
"2017-06-27:12 AM",57.139
"2017-06-28:12 AM",57.1044
"2017-06-29:12 AM",60.3225
"2017-06-30:12 AM",62.3383
"2017-07-01:12 AM",62.3406
"2017-07-02:12 AM",66.1717
"2017-07-03:12 AM",64.2123
"2017-07-04:12 AM",60.8938
"2017-07-05:12 AM",63.6724
"2017-07-06:12 AM",65.3558
"2017-07-07:12 AM",64.6048
"2017-07-08:12 AM",64.0674
"2017-07-09:12 AM",64.8451
"2017-07-10:12 AM",64.7609
"2017-07-11:12 AM",67.0325
"2017-07-12:12 AM",65.248
"2017-07-13:12 AM",57.2902
"2017-07-14:12 AM",60.2154
"2017-07-15:12 AM",60.1518
"2017-07-16:12 AM",65.6632
"2017-07-17:12 AM",64.8455
"2017-07-18:12 AM",64.9202
"2017-07-19:12 AM",68.5364
"2017-07-20:12 AM",69.2856
"2017-07-21:12 AM",69.0681
"2017-07-22:12 AM",64.7321
"2017-07-23:12 AM",58.989
"2017-07-24:12 AM",56.8227
"2017-07-25:12 AM",59.0119
"2017-07-26:12 AM",62.6508
"2017-07-27:12 AM",61.5351
"2017-07-28:12 AM",61.74
"2017-07-29:12 AM",59.3762
"2017-07-30:12 AM",60.4765
"2017-07-31:12 AM",64.9852
"2017-08-01:12 AM",64.9929
"2017-08-02:12 AM",66.2646
"2017-08-03:12 AM",67.2458
"2017-08-04:12 AM",65.6703
"2017-08-05:12 AM",64.5323
"2017-08-06:12 AM",60.2971
"2017-08-07:12 AM",59.7438
"2017-08-08:12 AM",58.3878
"2017-08-09:12 AM",61.6469
"2017-08-10:12 AM",63.2367
"2017-08-11:12 AM",64.4108
"2017-08-12:12 AM",63.0268
"2017-08-13:12 AM",64.6795
"2017-08-14:12 AM",64.2785
"2017-08-15:12 AM",64.5928
"2017-08-16:12 AM",62.6194
"2017-08-17:12 AM",60.3894
"2017-08-18:12 AM",57.3881
"2017-08-19:12 AM",61.0752
"2017-08-20:12 AM",65.2051
"2017-08-21:12 AM",68.5789
"2017-08-22:12 AM",69.8344
"2017-08-23:12 AM",65.9088
"2017-08-24:12 AM",60.1317
"2017-08-25:12 AM",55.8397
"2017-08-26:12 AM",56.66
"2017-08-27:12 AM",56.2352
"2017-08-28:12 AM",57.2713
"2017-08-29:12 AM",58.4926
"2017-08-30:12 AM",57.0817
"2017-08-31:12 AM",56.4652
"2017-09-01:12 AM",49.9084
"2017-09-02:12 AM",52.7878
"2017-09-03:12 AM",53.9782
"2017-09-04:12 AM",58.302
"2017-09-05:12 AM",64.5237
"2017-09-06:12 AM",59.22
"2017-09-07:12 AM",58.3963
"2017-09-08:12 AM",56.5111
"2017-09-09:12 AM",54.7009
"2017-09-10:12 AM",54.9932
"2017-09-11:12 AM",58.7849
"2017-09-12:12 AM",61.3357
"2017-09-13:12 AM",63.3124
"2017-09-14:12 AM",64.5413
"2017-09-15:12 AM",61.961
"2017-09-16:12 AM",64.4126
"2017-09-17:12 AM",63.9163
"2017-09-18:12 AM",61.637
"2017-09-19:12 AM",60.6522
"2017-09-20:12 AM",63.1954
"2017-09-21:12 AM",60.1986
"2017-09-22:12 AM",56.9908
"2017-09-23:12 AM",62.8592
"2017-09-24:12 AM",68.5342
"2017-09-25:12 AM",70.0405
"2017-09-26:12 AM",69.8144
"2017-09-27:12 AM",66.6909
"2017-09-28:12 AM",59.2605
"2017-09-29:12 AM",46.9704
"2017-09-30:12 AM",44.7526
"2017-10-01:12 AM",48.0956
"2017-10-02:12 AM",48.6559
"2017-10-03:12 AM",48.3229
"2017-10-04:12 AM",59.3155
"2017-10-05:12 AM",60.5613
"2017-10-06:12 AM",52.7963
"2017-10-07:12 AM",53.1766
"2017-10-08:12 AM",62.6783
"2017-10-09:12 AM",60.1992
"2017-10-10:12 AM",60.9577
"2017-10-11:12 AM",51.6128
"2017-10-12:12 AM",44.6207
"2017-10-13:12 AM",45.5193
"2017-10-14:12 AM",54.7709
"2017-10-15:12 AM",56.1661
"2017-10-16:12 AM",48.9015
"2017-10-17:12 AM",41.5085
"2017-10-18:12 AM",48.6844
"2017-10-19:12 AM",53.6859
"2017-10-20:12 AM",51.3559
"2017-10-21:12 AM",48.7283
"2017-10-22:12 AM",48.7159
"2017-10-23:12 AM",51.2737
"2017-10-24:12 AM",58.915
"2017-10-25:12 AM",62.0798
"2017-10-26:12 AM",56.3959
"2017-10-27:12 AM",46.3721
"2017-10-28:12 AM",45.4905
"2017-10-29:12 AM",52.1602
"2017-10-30:12 AM",53.2938
"2017-10-31:12 AM",44.5471
"2017-11-01:12 AM",39.949
"2017-11-02:12 AM",47.4244
"2017-11-03:12 AM",54.6903
"2017-11-04:12 AM",37.8988
"2017-11-05:12 AM",39.5586
"2017-11-06:12 AM",53.8354
"2017-11-07:12 AM",35.4605
"2017-11-08:12 AM",31.5187
"2017-11-09:12 AM",32.3496
"2017-11-10:12 AM",27.8659
"2017-11-11:12 AM",23.1715
"2017-11-12:12 AM",26.726
"2017-11-13:12 AM",29.4539
"2017-11-14:12 AM",30.1752
"2017-11-15:12 AM",28.5877
"2017-11-16:12 AM",33.1642
"2017-11-17:12 AM",31.2355
"2017-11-18:12 AM",29.4757
"2017-11-19:12 AM",39.2475
"2017-11-20:12 AM",24.8538
"2017-11-21:12 AM",28.8178
"2017-11-22:12 AM",36.3546
"2017-11-23:12 AM",26.6295
"2017-11-24:12 AM",31.0347
"2017-11-25:12 AM",37.3919
"2017-11-26:12 AM",32.2423
"2017-11-27:12 AM",25.2669
"2017-11-28:12 AM",22.1668
"2017-11-29:12 AM",34.7763
"2017-11-30:12 AM",28.8473
"2017-12-01:12 AM",35.6707
"2017-12-02:12 AM",30.6381
"2017-12-03:12 AM",30.3301
"2017-12-04:12 AM",29.2129
"2017-12-05:12 AM",33.6555
"2017-12-06:12 AM",38.0829
"2017-12-07:12 AM",31.9284
"2017-12-08:12 AM",30.2817
"2017-12-09:12 AM",29.413
"2017-12-10:12 AM",27.2298
"2017-12-11:12 AM",22.6333
"2017-12-12:12 AM",19.7539
"2017-12-13:12 AM",21.3251
"2017-12-14:12 AM",9.585
"2017-12-15:12 AM",10.6894
"2017-12-16:12 AM",15.1151
"2017-12-17:12 AM",10.0819
"2017-12-18:12 AM",12.1395
"2017-12-19:12 AM",23.925
"2017-12-20:12 AM",26.7334
"2017-12-21:12 AM",11.2253
"2017-12-22:12 AM",9.489
"2017-12-23:12 AM",21.4876
"2017-12-24:12 AM",20.1043
"2017-12-25:12 AM",13.3185
"2017-12-26:12 AM",11.9894
"2017-12-27:12 AM",-1.124
"2017-12-28:12 AM",-6.8246
"2017-12-29:12 AM",-4.5308
"2017-12-30:12 AM",-4.79
"2017-12-31:12 AM",-4.2214
"2018-01-01:12 AM",-6.9075
"2018-01-02:12 AM",-4.3762
"2018-01-03:12 AM",6.9584
"2018-01-04:12 AM",17.3572
"2018-01-05:12 AM",7.0623
"2018-01-06:12 AM",-7.197
"2018-01-07:12 AM",-5.4504
"2018-01-08:12 AM",12.6068
"2018-01-09:12 AM",21.3539
"2018-01-10:12 AM",14.8183
"2018-01-11:12 AM",32.2261
"2018-01-12:12 AM",42.5755
"2018-01-13:12 AM",26.4774
"2018-01-14:12 AM",6.8664
"2018-01-15:12 AM",5.9086
"2018-01-16:12 AM",10.8144
"2018-01-17:12 AM",20.3144
"2018-01-18:12 AM",19.2565
"2018-01-19:12 AM",20.3355
"2018-01-20:12 AM",28.6102
"2018-01-21:12 AM",24.2294
"2018-01-22:12 AM",18.4444
"2018-01-23:12 AM",26.0658
"2018-01-24:12 AM",23.034
"2018-01-25:12 AM",6.1241
"2018-01-26:12 AM",5.4563
"2018-01-27:12 AM",23.0331
"2018-01-28:12 AM",33.813
"2018-01-29:12 AM",19.8437
"2018-01-30:12 AM",14.2039
"2018-01-31:12 AM",10.6182
"2018-02-01:12 AM",24.395
"2018-02-02:12 AM",16.5981
"2018-02-03:12 AM",3.2779
"2018-02-04:12 AM",23.4637
"2018-02-05:12 AM",25.4925
"2018-02-06:12 AM",13.6825
"2018-02-07:12 AM",12.9281
"2018-02-08:12 AM",11.6037
"2018-02-09:12 AM",9.9336
"2018-02-10:12 AM",24.5178
"2018-02-11:12 AM",27.8159
"2018-02-12:12 AM",25.0504
"2018-02-13:12 AM",9.8028
"2018-02-14:12 AM",23.2702
"2018-02-15:12 AM",31.3304
"2018-02-16:12 AM",31.8664
"2018-02-17:12 AM",14.7337
"2018-02-18:12 AM",25.1564
"2018-02-19:12 AM",26.4096
"2018-02-20:12 AM",33.6119
"2018-02-21:12 AM",37.7395
"2018-02-22:12 AM",24.2998
"2018-02-23:12 AM",22.4159
"2018-02-24:12 AM",31.4006
"2018-02-25:12 AM",24.1358
"2018-02-26:12 AM",31.9885
"2018-02-27:12 AM",30.2196
"2018-02-28:12 AM",34.5366
"2018-03-01:12 AM",33.6693
"2018-03-02:12 AM",30.2301
"2018-03-03:12 AM",31.2076
"2018-03-04:12 AM",29.053
"2018-03-05:12 AM",28.2639
"2018-03-06:12 AM",28.0306
"2018-03-07:12 AM",27.1155
"2018-03-08:12 AM",26.8974
"2018-03-09:12 AM",27.0554
"2018-03-10:12 AM",26.5815
"2018-03-11:12 AM",27.3301
"2018-03-12:12 AM",25.8903
"2018-03-13:12 AM",27.3376
"2018-03-14:12 AM",28.9744
"2018-03-15:12 AM",28.2738
"2018-03-16:12 AM",21.6621
"2018-03-17:12 AM",11.2132
"2018-03-18:12 AM",7.9374
"2018-03-19:12 AM",11.2993
"2018-03-20:12 AM",18.4971
"2018-03-21:12 AM",23.1087
"2018-03-22:12 AM",27.4921
"2018-03-23:12 AM",28.3053
"2018-03-24:12 AM",31.2399
"2018-03-25:12 AM",25.5645
"2018-03-26:12 AM",22.2136
"2018-03-27:12 AM",24.7053
"2018-03-28:12 AM",32.6953
"2018-03-29:12 AM",34.8795
"2018-03-30:12 AM",37.1104
"2018-03-31:12 AM",31.4609
"2018-04-01:12 AM",34.4705
"2018-04-02:12 AM",26.0755
"2018-04-03:12 AM",30.6023
"2018-04-04:12 AM",33.4929
"2018-04-05:12 AM",20.8002
"2018-04-06:12 AM",24.4546
"2018-04-07:12 AM",30.7022
"2018-04-08:12 AM",25.2433
"2018-04-09:12 AM",21.2844
"2018-04-10:12 AM",24.9399
"2018-04-11:12 AM",30.0225
"2018-04-12:12 AM",35.3975
"2018-04-13:12 AM",38.9923
"2018-04-14:12 AM",30.5355
"2018-04-15:12 AM",21.9423
"2018-04-16:12 AM",28.2819
"2018-04-17:12 AM",37.1754
"2018-04-18:12 AM",34.363
"2018-04-19:12 AM",36.3776
"2018-04-20:12 AM",35.5509
"2018-04-21:12 AM",35.827
"2018-04-22:12 AM",37.0879
"2018-04-23:12 AM",39.3643
"2018-04-24:12 AM",46.7728
"2018-04-25:12 AM",46.8158
"2018-04-26:12 AM",48.1435
"2018-04-27:12 AM",47.3
"2018-04-28:12 AM",47.9003
"2018-04-29:12 AM",46.6281
"2018-04-30:12 AM",43.7952
"2018-05-01:12 AM",43.6017
"2018-05-02:12 AM",59.5074
"2018-05-03:12 AM",55.8657
"2018-05-04:12 AM",51.8707
"2018-05-05:12 AM",52.4889
"2018-05-06:12 AM",52.9416
"2018-05-07:12 AM",47.2257
"2018-05-08:12 AM",49.458
"2018-05-09:12 AM",53.4009
"2018-05-10:12 AM",52.9851
"2018-05-11:12 AM",46.5064
"2018-05-12:12 AM",43.6906
"2018-05-13:12 AM",48.9904
"2018-05-14:12 AM",52.7977
"2018-05-15:12 AM",53.9488
"2018-05-16:12 AM",46.7231
"2018-05-17:12 AM",50.1467
"2018-05-18:12 AM",45.9856
"2018-05-19:12 AM",48.9929
"2018-05-20:12 AM",53.1874
"2018-05-21:12 AM",55.0382
"2018-05-22:12 AM",56.4195
"2018-05-23:12 AM",54.1857
"2018-05-24:12 AM",50.3425
"2018-05-25:12 AM",64.4389
"2018-05-26:12 AM",61.5229
"2018-05-27:12 AM",51.4564
"2018-05-28:12 AM",51.7604
"2018-05-29:12 AM",60.0634
"2018-05-30:12 AM",57.6027
"2018-05-31:12 AM",63.0372
"2018-06-01:12 AM",66.6007
"2018-06-02:12 AM",59.8865
"2018-06-03:12 AM",50.7497
"2018-06-04:12 AM",43.6561
"2018-06-05:12 AM",43.3152
"2018-06-06:12 AM",48.4896
"2018-06-07:12 AM",52.6838
"2018-06-08:12 AM",57.4324
"2018-06-09:12 AM",56.8265
"2018-06-10:12 AM",52.6926
"2018-06-11:12 AM",52.7922
"2018-06-12:12 AM",60.1392
"2018-06-13:12 AM",65.6355
"2018-06-14:12 AM",52.8847
"2018-06-15:12 AM",55.769
"2018-06-16:12 AM",64.1293
"2018-06-17:12 AM",61.2473
"2018-06-18:12 AM",64.0027
"2018-06-19:12 AM",63.0563
"2018-06-20:12 AM",62.1999
"2018-06-21:12 AM",57.9789
"2018-06-22:12 AM",57.3373
"2018-06-23:12 AM",58.4206
"2018-06-24:12 AM",59.137
"2018-06-25:12 AM",55.8522
"2018-06-26:12 AM",58.0602
"2018-06-27:12 AM",64.2956
"2018-06-28:12 AM",60.6961
"2018-06-29:12 AM",66.7863
"2018-06-30:12 AM",68.8149
"2018-07-01:12 AM",69.2019
"2018-07-02:12 AM",67.7917
"2018-07-03:12 AM",72.0144
"2018-07-04:12 AM",73.9607
"2018-07-05:12 AM",76.1295
"2018-07-06:12 AM",69.6686
"2018-07-07:12 AM",60.3453
"2018-07-08:12 AM",65.8645
"2018-07-09:12 AM",69.094
"2018-07-10:12 AM",68.6278
"2018-07-11:12 AM",61.6915
"2018-07-12:12 AM",61.1193
"2018-07-13:12 AM",61.7175
"2018-07-14:12 AM",59.3618
"2018-07-15:12 AM",62.2281
"2018-07-16:12 AM",66.9897
"2018-07-17:12 AM",66.0601
"2018-07-18:12 AM",63.0858
"2018-07-19:12 AM",61.9264
"2018-07-20:12 AM",66.5469
"2018-07-21:12 AM",65.1657
"2018-07-22:12 AM",62.5762
"2018-07-23:12 AM",67.9221
"2018-07-24:12 AM",68.9137
"2018-07-25:12 AM",69.058
"2018-07-26:12 AM",68.2653
"2018-07-27:12 AM",69.874
"2018-07-28:12 AM",67.6776
"2018-07-29:12 AM",66.4599
"2018-07-30:12 AM",67.1407
"2018-07-31:12 AM",68.1825
"2018-08-01:12 AM",68.5229
"2018-08-02:12 AM",71.4396
"2018-08-03:12 AM",69.7775
"2018-08-04:12 AM",66.1654
"2018-08-05:12 AM",69.0564
"2018-08-06:12 AM",73.7625
"2018-08-07:12 AM",72.9127
"2018-08-08:12 AM",70.374
"2018-08-09:12 AM",69.1495
"2018-08-10:12 AM",65.2379
"2018-08-11:12 AM",64.2375
"2018-08-12:12 AM",64.2256
"2018-08-13:12 AM",66.8781
"2018-08-14:12 AM",66.6828
"2018-08-15:12 AM",68.1663
"2018-08-16:12 AM",64.1664
"2018-08-17:12 AM",61.8251
"2018-08-18:12 AM",63.325
"2018-08-19:12 AM",62.4981
"2018-08-20:12 AM",60.6789
"2018-08-21:12 AM",61.216
"2018-08-22:12 AM",61.0108
"2018-08-23:12 AM",61.4334
"2018-08-24:12 AM",65.7397
"2018-08-25:12 AM",66.6325
"2018-08-26:12 AM",65.1389
"2018-08-27:12 AM",68.5751
"2018-08-28:12 AM",73.1797
"2018-08-29:12 AM",72.5238
"2018-08-30:12 AM",63.7736
"2018-08-31:12 AM",57.0724
"2018-09-01:12 AM",58.111
"2018-09-02:12 AM",63.4804
"2018-09-03:12 AM",69.5212
"2018-09-04:12 AM",66.3958
"2018-09-05:12 AM",65.3657
"2018-09-06:12 AM",68.9653
"2018-09-07:12 AM",58.23
"2018-09-08:12 AM",53.3696
"2018-09-09:12 AM",48.1933
"2018-09-10:12 AM",51.3268
"2018-09-11:12 AM",56.1205
"2018-09-12:12 AM",60.121
"2018-09-13:12 AM",61.6091
"2018-09-14:12 AM",64.3978
"2018-09-15:12 AM",64.1401
"2018-09-16:12 AM",64.6902
"2018-09-17:12 AM",66.6174
"2018-09-18:12 AM",63.1809
"2018-09-19:12 AM",52.8017
"2018-09-20:12 AM",52.3276
"2018-09-21:12 AM",52.943
"2018-09-22:12 AM",55.2483
"2018-09-23:12 AM",48.3645
"2018-09-24:12 AM",42.4789
"2018-09-25:12 AM",47.548
"2018-09-26:12 AM",63.446
"2018-09-27:12 AM",55.9963
"2018-09-28:12 AM",50.0653
"2018-09-29:12 AM",50.8813
"2018-09-30:12 AM",49.847
"2018-10-01:12 AM",47.0365
"2018-10-02:12 AM",45.5328
"2018-10-03:12 AM",49.9498
"2018-10-04:12 AM",54.6309
"2018-10-05:12 AM",45.9313
"2018-10-06:12 AM",44.8488
"2018-10-07:12 AM",49.3606
"2018-10-08:12 AM",44.4787
"2018-10-09:12 AM",58.8205
"2018-10-10:12 AM",57.6253
"2018-10-11:12 AM",45.0712
"2018-10-12:12 AM",46.0065
"2018-10-13:12 AM",41.1285
"2018-10-14:12 AM",39.9438
"2018-10-15:12 AM",44.9145
"2018-10-16:12 AM",42.0429
"2018-10-17:12 AM",40.6384
"2018-10-18:12 AM",32.6424
"2018-10-19:12 AM",36.7367
"2018-10-20:12 AM",46.0663
"2018-10-21:12 AM",36.2086
"2018-10-22:12 AM",31.847
"2018-10-23:12 AM",35.6623
"2018-10-24:12 AM",34.2073
"2018-10-25:12 AM",30.9821
"2018-10-26:12 AM",28.2603
"2018-10-27:12 AM",31.3653
"2018-10-28:12 AM",36.7405
"2018-10-29:12 AM",38.3851
"2018-10-30:12 AM",36.0415
"2018-10-31:12 AM",35.3278
"2018-11-01:12 AM",40.2555
"2018-11-02:12 AM",40.6879
"2018-11-03:12 AM",42.1317
"2018-11-04:12 AM",34.1737
"2018-11-05:12 AM",33.5674
"2018-11-06:12 AM",41.4311
"2018-11-07:12 AM",45.7457
"2018-11-08:12 AM",40.7628
"2018-11-09:12 AM",37.1358
"2018-11-10:12 AM",33.7948
"2018-11-11:12 AM",24.7231
"2018-11-12:12 AM",25.5884
"2018-11-13:12 AM",32.5296
"2018-11-14:12 AM",16.4152
"2018-11-15:12 AM",17.532
"2018-11-16:12 AM",23.4505
"2018-11-17:12 AM",27.9603
"2018-11-18:12 AM",21.3555
"2018-11-19:12 AM",25.0416
"2018-11-20:12 AM",25.8436
"2018-11-21:12 AM",21.3145
"2018-11-22:12 AM",7.0722
"2018-11-23:12 AM",11.4991
"2018-11-24:12 AM",24.8124
"2018-11-25:12 AM",29.9932
"2018-11-26:12 AM",29.4784
"2018-11-27:12 AM",32.9418
"2018-11-28:12 AM",32.8224
"2018-11-29:12 AM",30.3136
"2018-11-30:12 AM",28.0794
"2018-12-01:12 AM",27.1823
"2018-12-02:12 AM",30.8568
"2018-12-03:12 AM",33.8385
"2018-12-04:12 AM",20.7471
"2018-12-05:12 AM",16.417
"2018-12-06:12 AM",20.1852
"2018-12-07:12 AM",21.8574
"2018-12-08:12 AM",9.381
"2018-12-09:12 AM",14.5272
"2018-12-10:12 AM",17.6792
"2018-12-11:12 AM",12.969
"2018-12-12:12 AM",12.6808
"2018-12-13:12 AM",10.67
"2018-12-14:12 AM",23.9497
"2018-12-15:12 AM",32.9364
"2018-12-16:12 AM",26.9722
"2018-12-17:12 AM",28.7564
"2018-12-18:12 AM",20.3895
"2018-12-19:12 AM",16.5409
"2018-12-20:12 AM",24.8193
"2018-12-21:12 AM",36.8364
"2018-12-22:12 AM",40.5516
"2018-12-23:12 AM",23.8897
"2018-12-24:12 AM",20.0314
"2018-12-25:12 AM",16.0869
"2018-12-26:12 AM",15.7752
"2018-12-27:12 AM",14.5143
"2018-12-28:12 AM",24.5586
"2018-12-29:12 AM",29.9941
"2018-12-30:12 AM",13.4141
"2018-12-31:12 AM",20.7889
"2019-01-01:12 AM",29.1448
"2019-01-02:12 AM",7.9446
"2019-01-03:12 AM",17.8705
"2019-01-04:12 AM",25.5378
"2019-01-05:12 AM",29.8531
"2019-01-06:12 AM",26.4344
"2019-01-07:12 AM",8.3059
"2019-01-08:12 AM",20.6195
"2019-01-09:12 AM",30.5569
"2019-01-10:12 AM",23.0227
"2019-01-11:12 AM",6.6288
"2019-01-12:12 AM",1.7503
"2019-01-13:12 AM",4.671
"2019-01-14:12 AM",6.6198
"2019-01-15:12 AM",14.1829
"2019-01-16:12 AM",20.9998
"2019-01-17:12 AM",1.2081
"2019-01-18:12 AM",16.3125
"2019-01-19:12 AM",6.913
"2019-01-20:12 AM",6.8178
"2019-01-21:12 AM",3.5881
"2019-01-22:12 AM",1.296
"2019-01-23:12 AM",16.0925
"2019-01-24:12 AM",35.5921
"2019-01-25:12 AM",23.6284
"2019-01-26:12 AM",13.9892
"2019-01-27:12 AM",19.7024
"2019-01-28:12 AM",10.1842
"2019-01-29:12 AM",5.0603
"2019-01-30:12 AM",16.3074
"2019-01-31:12 AM",2.5718
"2019-02-01:12 AM",3.9636
"2019-02-02:12 AM",8.4583
"2019-02-03:12 AM",13.1353
"2019-02-04:12 AM",29.1826
"2019-02-05:12 AM",33.9634
"2019-02-06:12 AM",18.63
"2019-02-07:12 AM",26.9755
"2019-02-08:12 AM",30.7576
"2019-02-09:12 AM",10.8073
"2019-02-10:12 AM",10.2231
"2019-02-11:12 AM",8.1669
"2019-02-12:12 AM",8.9501
"2019-02-13:12 AM",20.32
"2019-02-14:12 AM",17.5258
"2019-02-15:12 AM",21.6667
"2019-02-16:12 AM",25.5115
"2019-02-17:12 AM",10.7429
"2019-02-18:12 AM",9.9837
"2019-02-19:12 AM",4.5518
"2019-02-20:12 AM",8.9254
"2019-02-21:12 AM",23.403
"2019-02-22:12 AM",20.1749
"2019-02-23:12 AM",16.6383
"2019-02-24:12 AM",23.8114
"2019-02-25:12 AM",23.0589
"2019-02-26:12 AM",2.9583
"2019-02-27:12 AM",0.0482
"2019-02-28:12 AM",5.0268
"2019-03-01:12 AM",11.4505
"2019-03-02:12 AM",18.0376
"2019-03-03:12 AM",21.8698
"2019-03-04:12 AM",25.9212
"2019-03-05:12 AM",12.4617
"2019-03-06:12 AM",8.9204
"2019-03-07:12 AM",5.2684
"2019-03-08:12 AM",13.4143
"2019-03-09:12 AM",16.6411
"2019-03-10:12 AM",18.6622
"2019-03-11:12 AM",30.2072
"2019-03-12:12 AM",21.4416
"2019-03-13:12 AM",23.1067
"2019-03-14:12 AM",27.3205
"2019-03-15:12 AM",36.4012