"DateTime","(deg F) Mean Temperature (CFSR) at Maryland, 2010-01-01 to 2019-03-14"
"2010-01-01:12 AM",33.5822
"2010-01-02:12 AM",24.0211
"2010-01-03:12 AM",19.0593
"2010-01-04:12 AM",24.7257
"2010-01-05:12 AM",26.8083
"2010-01-06:12 AM",29.0152
"2010-01-07:12 AM",28.7796
"2010-01-08:12 AM",26.8309
"2010-01-09:12 AM",25.0106
"2010-01-10:12 AM",21.4792
"2010-01-11:12 AM",24.4922
"2010-01-12:12 AM",27.5459
"2010-01-13:12 AM",28.7613
"2010-01-14:12 AM",32.4183
"2010-01-15:12 AM",37.3861
"2010-01-16:12 AM",38.6265
"2010-01-17:12 AM",40.6528
"2010-01-18:12 AM",40.4652
"2010-01-19:12 AM",41.4779
"2010-01-20:12 AM",36.5986
"2010-01-21:12 AM",33.735
"2010-01-22:12 AM",35.8245
"2010-01-23:12 AM",34.4091
"2010-01-24:12 AM",40.9037
"2010-01-25:12 AM",52.2187
"2010-01-26:12 AM",37.7807
"2010-01-27:12 AM",32.2385
"2010-01-28:12 AM",34.1184
"2010-01-29:12 AM",21.1953
"2010-01-30:12 AM",19.0269
"2010-01-31:12 AM",21.7794
"2010-02-01:12 AM",26.5698
"2010-02-02:12 AM",31.4125
"2010-02-03:12 AM",33.3039
"2010-02-04:12 AM",31.131
"2010-02-05:12 AM",32.5749
"2010-02-06:12 AM",28.6309
"2010-02-07:12 AM",23.4401
"2010-02-08:12 AM",25.0914
"2010-02-09:12 AM",29.0066
"2010-02-10:12 AM",26.69
"2010-02-11:12 AM",29.476
"2010-02-12:12 AM",28.5103
"2010-02-13:12 AM",28.245
"2010-02-14:12 AM",28.8639
"2010-02-15:12 AM",31.0908
"2010-02-16:12 AM",28.195
"2010-02-17:12 AM",29.4526
"2010-02-18:12 AM",33.4731
"2010-02-19:12 AM",34.1065
"2010-02-20:12 AM",33.9987
"2010-02-21:12 AM",35.4443
"2010-02-22:12 AM",37.4436
"2010-02-23:12 AM",37.4454
"2010-02-24:12 AM",35.7354
"2010-02-25:12 AM",33.9496
"2010-02-26:12 AM",29.3338
"2010-02-27:12 AM",33.3043
"2010-02-28:12 AM",34.8543
"2010-03-01:12 AM",37.4459
"2010-03-02:12 AM",37.0837
"2010-03-03:12 AM",36.4644
"2010-03-04:12 AM",35.91
"2010-03-05:12 AM",36.8557
"2010-03-06:12 AM",36.1
"2010-03-07:12 AM",38.3229
"2010-03-08:12 AM",40.5338
"2010-03-09:12 AM",43.3497
"2010-03-10:12 AM",47.6994
"2010-03-11:12 AM",51.1914
"2010-03-12:12 AM",49.057
"2010-03-13:12 AM",49.2237
"2010-03-14:12 AM",46.4941
"2010-03-15:12 AM",43.2174
"2010-03-16:12 AM",45.7756
"2010-03-17:12 AM",47.0966
"2010-03-18:12 AM",48.6532
"2010-03-19:12 AM",51.2802
"2010-03-20:12 AM",53.8684
"2010-03-21:12 AM",56.6101
"2010-03-22:12 AM",56.1009
"2010-03-23:12 AM",46.1419
"2010-03-24:12 AM",48.5982
"2010-03-25:12 AM",53.6718
"2010-03-26:12 AM",44.7791
"2010-03-27:12 AM",36.5176
"2010-03-28:12 AM",43.5684
"2010-03-29:12 AM",51.2332
"2010-03-30:12 AM",43.804
"2010-03-31:12 AM",48.5575
"2010-04-01:12 AM",55.2141
"2010-04-02:12 AM",56.1418
"2010-04-03:12 AM",55.1586
"2010-04-04:12 AM",57.9735
"2010-04-05:12 AM",60.4996
"2010-04-06:12 AM",68.9016
"2010-04-07:12 AM",70.5072
"2010-04-08:12 AM",67.8232
"2010-04-09:12 AM",49.2001
"2010-04-10:12 AM",46.3914
"2010-04-11:12 AM",55.5586
"2010-04-12:12 AM",55.6702
"2010-04-13:12 AM",47.9242
"2010-04-14:12 AM",47.1178
"2010-04-15:12 AM",54.8521
"2010-04-16:12 AM",65.7883
"2010-04-17:12 AM",54.1089
"2010-04-18:12 AM",45.5095
"2010-04-19:12 AM",49.6652
"2010-04-20:12 AM",55.1206
"2010-04-21:12 AM",53.7154
"2010-04-22:12 AM",55.7031
"2010-04-23:12 AM",57.6275
"2010-04-24:12 AM",52.9185
"2010-04-25:12 AM",60.354
"2010-04-26:12 AM",55.5865
"2010-04-27:12 AM",52.8753
"2010-04-28:12 AM",47.2219
"2010-04-29:12 AM",51.6661
"2010-04-30:12 AM",62.4506
"2010-05-01:12 AM",71.6454
"2010-05-02:12 AM",76.264
"2010-05-03:12 AM",73.3404
"2010-05-04:12 AM",68.7517
"2010-05-05:12 AM",66.7978
"2010-05-06:12 AM",69.2535
"2010-05-07:12 AM",63.2901
"2010-05-08:12 AM",66.2931
"2010-05-09:12 AM",51.7921
"2010-05-10:12 AM",47.8764
"2010-05-11:12 AM",49.498
"2010-05-12:12 AM",63.4345
"2010-05-13:12 AM",54.2491
"2010-05-14:12 AM",68.6532
"2010-05-15:12 AM",66.3764
"2010-05-16:12 AM",62.1556
"2010-05-17:12 AM",55.0506
"2010-05-18:12 AM",52.6978
"2010-05-19:12 AM",56.5513
"2010-05-20:12 AM",62.8266
"2010-05-21:12 AM",68.9427
"2010-05-22:12 AM",66.416
"2010-05-23:12 AM",65.2165
"2010-05-24:12 AM",65.8092
"2010-05-25:12 AM",67.4274
"2010-05-26:12 AM",70.1357
"2010-05-27:12 AM",75.3942
"2010-05-28:12 AM",65.755
"2010-05-29:12 AM",69.467
"2010-05-30:12 AM",72.716
"2010-05-31:12 AM",76.3939
"2010-06-01:12 AM",74.6476
"2010-06-02:12 AM",74.8351
"2010-06-03:12 AM",76.836
"2010-06-04:12 AM",77.9427
"2010-06-05:12 AM",79.4017
"2010-06-06:12 AM",77.7947
"2010-06-07:12 AM",65.138
"2010-06-08:12 AM",64.3305
"2010-06-09:12 AM",66.636
"2010-06-10:12 AM",74.6955
"2010-06-11:12 AM",72.1549
"2010-06-12:12 AM",76.6677
"2010-06-13:12 AM",78.3016
"2010-06-14:12 AM",77.0463
"2010-06-15:12 AM",74.0518
"2010-06-16:12 AM",73.9542
"2010-06-17:12 AM",75.2391
"2010-06-18:12 AM",70.7702
"2010-06-19:12 AM",76.1335
"2010-06-20:12 AM",79.9498
"2010-06-21:12 AM",77.9412
"2010-06-22:12 AM",80.5811
"2010-06-23:12 AM",82.1689
"2010-06-24:12 AM",83.8209
"2010-06-25:12 AM",78.7536
"2010-06-26:12 AM",77.5981
"2010-06-27:12 AM",82.8196
"2010-06-28:12 AM",85.0001
"2010-06-29:12 AM",80.6385
"2010-06-30:12 AM",71.5964
"2010-07-01:12 AM",68.0756
"2010-07-02:12 AM",68.0869
"2010-07-03:12 AM",72.0988
"2010-07-04:12 AM",76.4222
"2010-07-05:12 AM",81.4519
"2010-07-06:12 AM",84.834
"2010-07-07:12 AM",86.1017
"2010-07-08:12 AM",82.0256
"2010-07-09:12 AM",79.5182
"2010-07-10:12 AM",74.8024
"2010-07-11:12 AM",76.4292
"2010-07-12:12 AM",76.4793
"2010-07-13:12 AM",78.8934
"2010-07-14:12 AM",77.2612
"2010-07-15:12 AM",80.3887
"2010-07-16:12 AM",83.7642
"2010-07-17:12 AM",83.7007
"2010-07-18:12 AM",82.8905
"2010-07-19:12 AM",82.1966
"2010-07-20:12 AM",81.7353
"2010-07-21:12 AM",80.8515
"2010-07-22:12 AM",81.9727
"2010-07-23:12 AM",84.1626
"2010-07-24:12 AM",88.6024
"2010-07-25:12 AM",87.3727
"2010-07-26:12 AM",76.8335
"2010-07-27:12 AM",76.5376
"2010-07-28:12 AM",80.4398
"2010-07-29:12 AM",81.7893
"2010-07-30:12 AM",74.2201
"2010-07-31:12 AM",74.3727
"2010-08-01:12 AM",74.518
"2010-08-02:12 AM",73.7373
"2010-08-03:12 AM",77.3217
"2010-08-04:12 AM",81.7954
"2010-08-05:12 AM",84.0951
"2010-08-06:12 AM",79.3359
"2010-08-07:12 AM",76.3734
"2010-08-08:12 AM",77.1485
"2010-08-09:12 AM",80.2396
"2010-08-10:12 AM",83.4737
"2010-08-11:12 AM",84.1897
"2010-08-12:12 AM",78.9013
"2010-08-13:12 AM",75.4632
"2010-08-14:12 AM",73.8777
"2010-08-15:12 AM",74.9511
"2010-08-16:12 AM",80.3793
"2010-08-17:12 AM",79.6899
"2010-08-18:12 AM",72.844
"2010-08-19:12 AM",74.5921
"2010-08-20:12 AM",77.7963
"2010-08-21:12 AM",78.2823
"2010-08-22:12 AM",76.525
"2010-08-23:12 AM",74.1848
"2010-08-24:12 AM",69.0692
"2010-08-25:12 AM",69.9053
"2010-08-26:12 AM",73.951
"2010-08-27:12 AM",69.5917
"2010-08-28:12 AM",70.912
"2010-08-29:12 AM",74.5257
"2010-08-30:12 AM",77.5045
"2010-08-31:12 AM",79.1262
"2010-09-01:12 AM",80.8894
"2010-09-02:12 AM",80.3617
"2010-09-03:12 AM",77.2984
"2010-09-04:12 AM",72.3931
"2010-09-05:12 AM",64.1025
"2010-09-06:12 AM",69.0984
"2010-09-07:12 AM",75.7575
"2010-09-08:12 AM",79.1109
"2010-09-09:12 AM",65.9458
"2010-09-10:12 AM",64.0566
"2010-09-11:12 AM",66.8498
"2010-09-12:12 AM",64.312
"2010-09-13:12 AM",67.2334
"2010-09-14:12 AM",68.6561
"2010-09-15:12 AM",68.504
"2010-09-16:12 AM",71.357
"2010-09-17:12 AM",69.9494
"2010-09-18:12 AM",63.0444
"2010-09-19:12 AM",67.1853
"2010-09-20:12 AM",66.8932
"2010-09-21:12 AM",64.7897
"2010-09-22:12 AM",76.3731
"2010-09-23:12 AM",77.4873
"2010-09-24:12 AM",80.301
"2010-09-25:12 AM",78.3163
"2010-09-26:12 AM",66.8205
"2010-09-27:12 AM",69.8371
"2010-09-28:12 AM",72.5245
"2010-09-29:12 AM",64.0135
"2010-09-30:12 AM",70.8309
"2010-10-01:12 AM",61.554
"2010-10-02:12 AM",56.5614
"2010-10-03:12 AM",55.1871
"2010-10-04:12 AM",50.9869
"2010-10-05:12 AM",51.03
"2010-10-06:12 AM",52.1123
"2010-10-07:12 AM",57.7992
"2010-10-08:12 AM",59.4842
"2010-10-09:12 AM",62.5784
"2010-10-10:12 AM",62.3322
"2010-10-11:12 AM",68.9799
"2010-10-12:12 AM",67.7721
"2010-10-13:12 AM",56.417
"2010-10-14:12 AM",54.0657
"2010-10-15:12 AM",52.8663
"2010-10-16:12 AM",53.094
"2010-10-17:12 AM",57.2266
"2010-10-18:12 AM",56.2017
"2010-10-19:12 AM",54.5025
"2010-10-20:12 AM",51.4692
"2010-10-21:12 AM",54.304
"2010-10-22:12 AM",49.3864
"2010-10-23:12 AM",53.191
"2010-10-24:12 AM",61.3494
"2010-10-25:12 AM",64.7173
"2010-10-26:12 AM",66.9573
"2010-10-27:12 AM",71.4081
"2010-10-28:12 AM",65.1297
"2010-10-29:12 AM",48.8716
"2010-10-30:12 AM",47.4337
"2010-10-31:12 AM",52.1976
"2010-11-01:12 AM",44.5752
"2010-11-02:12 AM",40.0613
"2010-11-03:12 AM",44.5626
"2010-11-04:12 AM",48.7773
"2010-11-05:12 AM",45.7083
"2010-11-06:12 AM",43.5528
"2010-11-07:12 AM",40.1958
"2010-11-08:12 AM",44.8891
"2010-11-09:12 AM",48.072
"2010-11-10:12 AM",50.1663
"2010-11-11:12 AM",47.6965
"2010-11-12:12 AM",46.767
"2010-11-13:12 AM",47.0773
"2010-11-14:12 AM",46.6443
"2010-11-15:12 AM",48.5339
"2010-11-16:12 AM",53.0906
"2010-11-17:12 AM",52.9984
"2010-11-18:12 AM",45.8127
"2010-11-19:12 AM",41.8096
"2010-11-20:12 AM",46.4574
"2010-11-21:12 AM",46.5746
"2010-11-22:12 AM",53.0046
"2010-11-23:12 AM",56.948
"2010-11-24:12 AM",41.8338
"2010-11-25:12 AM",45.4201
"2010-11-26:12 AM",49.7136
"2010-11-27:12 AM",35.7337
"2010-11-28:12 AM",34.8514
"2010-11-29:12 AM",37.3926
"2010-11-30:12 AM",53.1747
"2010-12-01:12 AM",49.2993
"2010-12-02:12 AM",34.1087
"2010-12-03:12 AM",32.862
"2010-12-04:12 AM",32.2421
"2010-12-05:12 AM",30.8552
"2010-12-06:12 AM",28.9659
"2010-12-07:12 AM",27.0383
"2010-12-08:12 AM",25.9945
"2010-12-09:12 AM",26.0013
"2010-12-10:12 AM",29.2867
"2010-12-11:12 AM",33.6277
"2010-12-12:12 AM",44.1138
"2010-12-13:12 AM",27.4842
"2010-12-14:12 AM",21.335
"2010-12-15:12 AM",22.4492
"2010-12-16:12 AM",22.5622
"2010-12-17:12 AM",26.1016
"2010-12-18:12 AM",28.3465
"2010-12-19:12 AM",28.4812
"2010-12-20:12 AM",27.5848
"2010-12-21:12 AM",29.1726
"2010-12-22:12 AM",31.8445
"2010-12-23:12 AM",30.2716
"2010-12-24:12 AM",29.3587
"2010-12-25:12 AM",29.8585
"2010-12-26:12 AM",26.2938
"2010-12-27:12 AM",24.6866
"2010-12-28:12 AM",29.1112
"2010-12-29:12 AM",31.0633
"2010-12-30:12 AM",33.0147
"2010-12-31:12 AM",37.3743
"2011-01-01:12 AM",43.9905
"2011-01-02:12 AM",44.1405
"2011-01-03:12 AM",29.7594
"2011-01-04:12 AM",32.8451
"2011-01-05:12 AM",30.9439
"2011-01-06:12 AM",29.3668
"2011-01-07:12 AM",29.4573
"2011-01-08:12 AM",26.7984
"2011-01-09:12 AM",23.9097
"2011-01-10:12 AM",24.6144
"2011-01-11:12 AM",26.5228
"2011-01-12:12 AM",26.5035
"2011-01-13:12 AM",24.5305
"2011-01-14:12 AM",24.1563
"2011-01-15:12 AM",30.3044
"2011-01-16:12 AM",29.9615
"2011-01-17:12 AM",27.8208
"2011-01-18:12 AM",32.3809
"2011-01-19:12 AM",35.6338
"2011-01-20:12 AM",31.6607
"2011-01-21:12 AM",26.5181
"2011-01-22:12 AM",17.6425
"2011-01-23:12 AM",19.6214
"2011-01-24:12 AM",19.4569
"2011-01-25:12 AM",31.3846
"2011-01-26:12 AM",33.4225
"2011-01-27:12 AM",28.92
"2011-01-28:12 AM",30.1102
"2011-01-29:12 AM",29.3934
"2011-01-30:12 AM",31.1783
"2011-01-31:12 AM",26.0505
"2011-02-01:12 AM",31.8556
"2011-02-02:12 AM",37.8313
"2011-02-03:12 AM",25.785
"2011-02-04:12 AM",29.3401
"2011-02-05:12 AM",34.5531
"2011-02-06:12 AM",33.9287
"2011-02-07:12 AM",35.5838
"2011-02-08:12 AM",31.7257
"2011-02-09:12 AM",24.7239
"2011-02-10:12 AM",23.3602
"2011-02-11:12 AM",25.9243
"2011-02-12:12 AM",31.5977
"2011-02-13:12 AM",37.0369
"2011-02-14:12 AM",43.7202
"2011-02-15:12 AM",31.6926
"2011-02-16:12 AM",38.4046
"2011-02-17:12 AM",48.3728
"2011-02-18:12 AM",57.1296
"2011-02-19:12 AM",41.9601
"2011-02-20:12 AM",34.8388
"2011-02-21:12 AM",39.866
"2011-02-22:12 AM",25.9768
"2011-02-23:12 AM",26.3314
"2011-02-24:12 AM",36.5639
"2011-02-25:12 AM",46.1658
"2011-02-26:12 AM",35.9139
"2011-02-27:12 AM",43.0887
"2011-02-28:12 AM",52.9475
"2011-03-01:12 AM",36.2147
"2011-03-02:12 AM",39.5946
"2011-03-03:12 AM",29.5684
"2011-03-04:12 AM",35.1741
"2011-03-05:12 AM",46.4677
"2011-03-06:12 AM",50.5476
"2011-03-07:12 AM",36.1724
"2011-03-08:12 AM",36.6787
"2011-03-09:12 AM",39.6932
"2011-03-10:12 AM",51.8243
"2011-03-11:12 AM",42.3286
"2011-03-12:12 AM",43.3798
"2011-03-13:12 AM",46.2429
"2011-03-14:12 AM",40.5203
"2011-03-15:12 AM",40.7172
"2011-03-16:12 AM",46.8336
"2011-03-17:12 AM",48.7827
"2011-03-18:12 AM",57.9733
"2011-03-19:12 AM",50.1861
"2011-03-20:12 AM",41.018
"2011-03-21:12 AM",52.9036
"2011-03-22:12 AM",51.0354
"2011-03-23:12 AM",45.6958
"2011-03-24:12 AM",39.8419
"2011-03-25:12 AM",35.8401
"2011-03-26:12 AM",34.5486
"2011-03-27:12 AM",34.0723
"2011-03-28:12 AM",33.5856
"2011-03-29:12 AM",35.8338
"2011-03-30:12 AM",39.8862
"2011-03-31:12 AM",39.4453
"2011-04-01:12 AM",39.8183
"2011-04-02:12 AM",41.5238
"2011-04-03:12 AM",43.9896
"2011-04-04:12 AM",58.6054
"2011-04-05:12 AM",52.3947
"2011-04-06:12 AM",45.7117
"2011-04-07:12 AM",51.6492
"2011-04-08:12 AM",46.2551
"2011-04-09:12 AM",44.5903
"2011-04-10:12 AM",52.9651
"2011-04-11:12 AM",66.0231
"2011-04-12:12 AM",58.5187
"2011-04-13:12 AM",51.4929
"2011-04-14:12 AM",52.2561
"2011-04-15:12 AM",53.0337
"2011-04-16:12 AM",54.0082
"2011-04-17:12 AM",51.5284
"2011-04-18:12 AM",58.0264
"2011-04-19:12 AM",61.3931
"2011-04-20:12 AM",66.5222
"2011-04-21:12 AM",51.557
"2011-04-22:12 AM",44.9622
"2011-04-23:12 AM",57.8824
"2011-04-24:12 AM",68.5006
"2011-04-25:12 AM",70.4232
"2011-04-26:12 AM",70.8678
"2011-04-27:12 AM",69.7354
"2011-04-28:12 AM",65.9757
"2011-04-29:12 AM",57.3903
"2011-04-30:12 AM",52.9174
"2011-05-01:12 AM",54.307
"2011-05-02:12 AM",61.7556
"2011-05-03:12 AM",68.8608
"2011-05-04:12 AM",50.7943
"2011-05-05:12 AM",52.1326
"2011-05-06:12 AM",56.5306
"2011-05-07:12 AM",58.0487
"2011-05-08:12 AM",57.8624
"2011-05-09:12 AM",58.9987
"2011-05-10:12 AM",58.77
"2011-05-11:12 AM",59.7121
"2011-05-12:12 AM",61.3625
"2011-05-13:12 AM",60.3034
"2011-05-14:12 AM",60.5637
"2011-05-15:12 AM",65.5464
"2011-05-16:12 AM",64.0582
"2011-05-17:12 AM",63.2215
"2011-05-18:12 AM",63.1132
"2011-05-19:12 AM",61.9241
"2011-05-20:12 AM",60.7782
"2011-05-21:12 AM",65.1659
"2011-05-22:12 AM",67.7901
"2011-05-23:12 AM",70.3207
"2011-05-24:12 AM",73.821
"2011-05-25:12 AM",72.6314
"2011-05-26:12 AM",76.051
"2011-05-27:12 AM",74.8252
"2011-05-28:12 AM",72.5934
"2011-05-29:12 AM",75.0483
"2011-05-30:12 AM",77.6336
"2011-05-31:12 AM",80.0062
"2011-06-01:12 AM",79.8348
"2011-06-02:12 AM",72.7722
"2011-06-03:12 AM",64.6171
"2011-06-04:12 AM",66.9434
"2011-06-05:12 AM",71.5586
"2011-06-06:12 AM",70.066
"2011-06-07:12 AM",74.0246
"2011-06-08:12 AM",79.5108
"2011-06-09:12 AM",83.514
"2011-06-10:12 AM",79.342
"2011-06-11:12 AM",77.2252
"2011-06-12:12 AM",75.9778
"2011-06-13:12 AM",67.4229
"2011-06-14:12 AM",66.182
"2011-06-15:12 AM",66.295
"2011-06-16:12 AM",68.5164
"2011-06-17:12 AM",72.5011
"2011-06-18:12 AM",75.1757
"2011-06-19:12 AM",72.5583
"2011-06-20:12 AM",68.4876
"2011-06-21:12 AM",73.8734
"2011-06-22:12 AM",78.1912
"2011-06-23:12 AM",77.4599
"2011-06-24:12 AM",75.8426
"2011-06-25:12 AM",72.9369
"2011-06-26:12 AM",71.8779
"2011-06-27:12 AM",73.6653
"2011-06-28:12 AM",77.1604
"2011-06-29:12 AM",75.639
"2011-06-30:12 AM",72.5333
"2011-07-01:12 AM",73.0872
"2011-07-02:12 AM",74.9349
"2011-07-03:12 AM",78.4783
"2011-07-04:12 AM",76.3459
"2011-07-05:12 AM",77.9387
"2011-07-06:12 AM",78.1884
"2011-07-07:12 AM",79.6026
"2011-07-08:12 AM",77.5261
"2011-07-09:12 AM",75.7503
"2011-07-10:12 AM",77.8055
"2011-07-11:12 AM",81.2835
"2011-07-12:12 AM",83.8459
"2011-07-13:12 AM",80.6594
"2011-07-14:12 AM",73.4436
"2011-07-15:12 AM",72.1949
"2011-07-16:12 AM",73.3807
"2011-07-17:12 AM",76.6819
"2011-07-18:12 AM",80.2002
"2011-07-19:12 AM",81.5265
"2011-07-20:12 AM",81.2284
"2011-07-21:12 AM",84.9351
"2011-07-22:12 AM",89.4547
"2011-07-23:12 AM",88.5456
"2011-07-24:12 AM",86.2261
"2011-07-25:12 AM",80.3955
"2011-07-26:12 AM",81.3227
"2011-07-27:12 AM",79.6123
"2011-07-28:12 AM",79.2122
"2011-07-29:12 AM",85.8837
"2011-07-30:12 AM",83.3374
"2011-07-31:12 AM",79.1175
"2011-08-01:12 AM",81.4213
"2011-08-02:12 AM",80.0269
"2011-08-03:12 AM",79.9097
"2011-08-04:12 AM",76.6425
"2011-08-05:12 AM",77.1939
"2011-08-06:12 AM",78.2436
"2011-08-07:12 AM",80.6283
"2011-08-08:12 AM",80.8781
"2011-08-09:12 AM",80.4349
"2011-08-10:12 AM",78.5026
"2011-08-11:12 AM",74.435
"2011-08-12:12 AM",72.4528
"2011-08-13:12 AM",74.3428
"2011-08-14:12 AM",72.8289
"2011-08-15:12 AM",71.76
"2011-08-16:12 AM",71.5575
"2011-08-17:12 AM",74.8765
"2011-08-18:12 AM",77.0779
"2011-08-19:12 AM",76.404
"2011-08-20:12 AM",74.5477
"2011-08-21:12 AM",78.2884
"2011-08-22:12 AM",72.3369
"2011-08-23:12 AM",69.1261
"2011-08-24:12 AM",73.0274
"2011-08-25:12 AM",76.3657
"2011-08-26:12 AM",76.5525
"2011-08-27:12 AM",73.4151
"2011-08-28:12 AM",71.1196
"2011-08-29:12 AM",65.7333
"2011-08-30:12 AM",66.3822
"2011-08-31:12 AM",67.8153
"2011-09-01:12 AM",69.2985
"2011-09-02:12 AM",70.1571
"2011-09-03:12 AM",72.1611
"2011-09-04:12 AM",76.2256
"2011-09-05:12 AM",74.4539
"2011-09-06:12 AM",65.167
"2011-09-07:12 AM",71.5069
"2011-09-08:12 AM",72.2557
"2011-09-09:12 AM",70.8894
"2011-09-10:12 AM",70.3099
"2011-09-11:12 AM",70.345
"2011-09-12:12 AM",68.7927
"2011-09-13:12 AM",70.6536
"2011-09-14:12 AM",73.0155
"2011-09-15:12 AM",66.6208
"2011-09-16:12 AM",53.6212
"2011-09-17:12 AM",54.7048
"2011-09-18:12 AM",56.9844
"2011-09-19:12 AM",59.9734
"2011-09-20:12 AM",65.9208
"2011-09-21:12 AM",67.6357
"2011-09-22:12 AM",70.9713
"2011-09-23:12 AM",69.5196
"2011-09-24:12 AM",68.0769
"2011-09-25:12 AM",68.3893
"2011-09-26:12 AM",70.3652
"2011-09-27:12 AM",71.5415
"2011-09-28:12 AM",71.573
"2011-09-29:12 AM",68.2
"2011-09-30:12 AM",64.5262
"2011-10-01:12 AM",52.0756
"2011-10-02:12 AM",46.2412
"2011-10-03:12 AM",47.3839
"2011-10-04:12 AM",54.2017
"2011-10-05:12 AM",59.6527
"2011-10-06:12 AM",55.2711
"2011-10-07:12 AM",55.1316
"2011-10-08:12 AM",56.7468
"2011-10-09:12 AM",59.7241
"2011-10-10:12 AM",64.189
"2011-10-11:12 AM",63.5101
"2011-10-12:12 AM",63.9603
"2011-10-13:12 AM",65.5248
"2011-10-14:12 AM",62.0334
"2011-10-15:12 AM",57.6774
"2011-10-16:12 AM",58.2444
"2011-10-17:12 AM",61.0799
"2011-10-18:12 AM",60.2605
"2011-10-19:12 AM",65.0613
"2011-10-20:12 AM",55.6407
"2011-10-21:12 AM",50.5537
"2011-10-22:12 AM",49.602
"2011-10-23:12 AM",51.6699
"2011-10-24:12 AM",54.1027
"2011-10-25:12 AM",53.1471
"2011-10-26:12 AM",57.6673
"2011-10-27:12 AM",58.1218
"2011-10-28:12 AM",42.6889
"2011-10-29:12 AM",38.2262
"2011-10-30:12 AM",36.6598
"2011-10-31:12 AM",41.1543
"2011-11-01:12 AM",45.8926
"2011-11-02:12 AM",45.4586
"2011-11-03:12 AM",48.5728
"2011-11-04:12 AM",47.1317
"2011-11-05:12 AM",40.7529
"2011-11-06:12 AM",42.5257
"2011-11-07:12 AM",47.2527
"2011-11-08:12 AM",48.5994
"2011-11-09:12 AM",49.6094
"2011-11-10:12 AM",50.0468
"2011-11-11:12 AM",40.6332
"2011-11-12:12 AM",44.634
"2011-11-13:12 AM",50.4907
"2011-11-14:12 AM",58.8708
"2011-11-15:12 AM",61.2036
"2011-11-16:12 AM",56.8431
"2011-11-17:12 AM",43.4376
"2011-11-18:12 AM",35.3642
"2011-11-19:12 AM",41.1643
"2011-11-20:12 AM",54.6721
"2011-11-21:12 AM",55.4326
"2011-11-22:12 AM",52.8454
"2011-11-23:12 AM",53.7051
"2011-11-24:12 AM",43.8195
"2011-11-25:12 AM",47.1879
"2011-11-26:12 AM",49.3347
"2011-11-27:12 AM",54.4802
"2011-11-28:12 AM",59.3352
"2011-11-29:12 AM",56.0082
"2011-11-30:12 AM",41.6649
"2011-12-01:12 AM",38.7766
"2011-12-02:12 AM",40.4789
"2011-12-03:12 AM",38.5477
"2011-12-04:12 AM",42.8115
"2011-12-05:12 AM",50.8028
"2011-12-06:12 AM",58.5813
"2011-12-07:12 AM",55.2169
"2011-12-08:12 AM",35.5687
"2011-12-09:12 AM",38.7891
"2011-12-10:12 AM",37.4407
"2011-12-11:12 AM",32.1586
"2011-12-12:12 AM",34.1861
"2011-12-13:12 AM",36.3173
"2011-12-14:12 AM",39.913
"2011-12-15:12 AM",49.4722
"2011-12-16:12 AM",45.7315
"2011-12-17:12 AM",36.5572
"2011-12-18:12 AM",32.4743
"2011-12-19:12 AM",38.2201
"2011-12-20:12 AM",46.3899
"2011-12-21:12 AM",52.9851
"2011-12-22:12 AM",53.4216
"2011-12-23:12 AM",47.7693
"2011-12-24:12 AM",37.8892
"2011-12-25:12 AM",37.8021
"2011-12-26:12 AM",38.158
"2011-12-27:12 AM",42.6799
"2011-12-28:12 AM",36.9298
"2011-12-29:12 AM",34.6986
"2011-12-30:12 AM",41.6043
"2011-12-31:12 AM",48.1816
"2012-01-01:12 AM",45.7873
"2012-01-02:12 AM",35.7418
"2012-01-03:12 AM",26.6358
"2012-01-04:12 AM",24.0841
"2012-01-05:12 AM",33.3804
"2012-01-06:12 AM",42.0568
"2012-01-07:12 AM",47.2791
"2012-01-08:12 AM",40.9113
"2012-01-09:12 AM",34.9041
"2012-01-10:12 AM",37.3329
"2012-01-11:12 AM",40.1362
"2012-01-12:12 AM",48.6943
"2012-01-13:12 AM",34.7677
"2012-01-14:12 AM",28.9107
"2012-01-15:12 AM",25.7506
"2012-01-16:12 AM",29.9309
"2012-01-17:12 AM",46.4302
"2012-01-18:12 AM",37.4551
"2012-01-19:12 AM",31.532
"2012-01-20:12 AM",31.2958
"2012-01-21:12 AM",30.3642
"2012-01-22:12 AM",28.4812
"2012-01-23:12 AM",37.9233
"2012-01-24:12 AM",44.2207
"2012-01-25:12 AM",38.9251
"2012-01-26:12 AM",43.9462
"2012-01-27:12 AM",51.4017
"2012-01-28:12 AM",39.8077
"2012-01-29:12 AM",36.2044
"2012-01-30:12 AM",34.6206
"2012-01-31:12 AM",45.6775
"2012-02-01:12 AM",52.1721
"2012-02-02:12 AM",46.3602
"2012-02-03:12 AM",37.1109
"2012-02-04:12 AM",36.9
"2012-02-05:12 AM",36.3254
"2012-02-06:12 AM",36.4737
"2012-02-07:12 AM",39.4162
"2012-02-08:12 AM",36.6503
"2012-02-09:12 AM",32.6898
"2012-02-10:12 AM",36.1926
"2012-02-11:12 AM",33.5777
"2012-02-12:12 AM",23.5695
"2012-02-13:12 AM",29.5952
"2012-02-14:12 AM",37.9803
"2012-02-15:12 AM",40.4544
"2012-02-16:12 AM",41.1262
"2012-02-17:12 AM",42.7615
"2012-02-18:12 AM",41.211
"2012-02-19:12 AM",37.2045
"2012-02-20:12 AM",34.7391
"2012-02-21:12 AM",37.3017
"2012-02-22:12 AM",47.3236
"2012-02-23:12 AM",50.6113
"2012-02-24:12 AM",51.9058
"2012-02-25:12 AM",36.1533
"2012-02-26:12 AM",34.493
"2012-02-27:12 AM",42.7246
"2012-02-28:12 AM",40.9948
"2012-02-29:12 AM",45.07
"2012-03-01:12 AM",51.0564
"2012-03-02:12 AM",43.9495
"2012-03-03:12 AM",48.6523
"2012-03-04:12 AM",38.7954
"2012-03-05:12 AM",33.849
"2012-03-06:12 AM",33.6742
"2012-03-07:12 AM",45.6586
"2012-03-08:12 AM",56.7243
"2012-03-09:12 AM",46.4956
"2012-03-10:12 AM",34.8235
"2012-03-11:12 AM",41.6296
"2012-03-12:12 AM",50.4779
"2012-03-13:12 AM",60.915
"2012-03-14:12 AM",60.501
"2012-03-15:12 AM",61.4651
"2012-03-16:12 AM",54.8917
"2012-03-17:12 AM",55.2463
"2012-03-18:12 AM",54.9495
"2012-03-19:12 AM",57.3408
"2012-03-20:12 AM",59.2423
"2012-03-21:12 AM",60.1624
"2012-03-22:12 AM",61.3863
"2012-03-23:12 AM",65.1139
"2012-03-24:12 AM",58.5806
"2012-03-25:12 AM",53.9911
"2012-03-26:12 AM",48.9268
"2012-03-27:12 AM",38.8661
"2012-03-28:12 AM",54.8008
"2012-03-29:12 AM",52.2599
"2012-03-30:12 AM",45.9802
"2012-03-31:12 AM",49.6207
"2012-04-01:12 AM",48.6055
"2012-04-02:12 AM",48.2695
"2012-04-03:12 AM",50.0272
"2012-04-04:12 AM",58.7518
"2012-04-05:12 AM",49.3777
"2012-04-06:12 AM",46.0828
"2012-04-07:12 AM",47.2251
"2012-04-08:12 AM",52.1818
"2012-04-09:12 AM",52.0466
"2012-04-10:12 AM",50.3773
"2012-04-11:12 AM",43.2583
"2012-04-12:12 AM",46.5175
"2012-04-13:12 AM",49.0289
"2012-04-14:12 AM",56.7392
"2012-04-15:12 AM",65.7293
"2012-04-16:12 AM",70.8138
"2012-04-17:12 AM",63.4453
"2012-04-18:12 AM",53.0348
"2012-04-19:12 AM",55.6236
"2012-04-20:12 AM",58.3758
"2012-04-21:12 AM",62.0292
"2012-04-22:12 AM",47.6204
"2012-04-23:12 AM",42.4618
"2012-04-24:12 AM",47.6013
"2012-04-25:12 AM",51.8079
"2012-04-26:12 AM",56.565
"2012-04-27:12 AM",51.1264
"2012-04-28:12 AM",49.0492
"2012-04-29:12 AM",51.5865
"2012-04-30:12 AM",54.6213
"2012-05-01:12 AM",65.9505
"2012-05-02:12 AM",65.6067
"2012-05-03:12 AM",62.9371
"2012-05-04:12 AM",68.9583
"2012-05-05:12 AM",66.9065
"2012-05-06:12 AM",61.4601
"2012-05-07:12 AM",59.3168
"2012-05-08:12 AM",63.1456
"2012-05-09:12 AM",65.0754
"2012-05-10:12 AM",57.1703
"2012-05-11:12 AM",56.7374
"2012-05-12:12 AM",61.5353
"2012-05-13:12 AM",65.1468
"2012-05-14:12 AM",64.2684
"2012-05-15:12 AM",67.4316
"2012-05-16:12 AM",68.7511
"2012-05-17:12 AM",61.9446
"2012-05-18:12 AM",60.0165
"2012-05-19:12 AM",61.8042
"2012-05-20:12 AM",64.8043
"2012-05-21:12 AM",65.0741
"2012-05-22:12 AM",66.7893
"2012-05-23:12 AM",68.3449
"2012-05-24:12 AM",68.6871
"2012-05-25:12 AM",72.0093
"2012-05-26:12 AM",73.0549
"2012-05-27:12 AM",73.7906
"2012-05-28:12 AM",76.672
"2012-05-29:12 AM",78.2051
"2012-05-30:12 AM",70.7671
"2012-05-31:12 AM",70.2549
"2012-06-01:12 AM",70.5607
"2012-06-02:12 AM",63.6789
"2012-06-03:12 AM",65.3302
"2012-06-04:12 AM",64.4956
"2012-06-05:12 AM",59.689
"2012-06-06:12 AM",61.2649
"2012-06-07:12 AM",64.9098
"2012-06-08:12 AM",68.2873
"2012-06-09:12 AM",72.658
"2012-06-10:12 AM",75.7765
"2012-06-11:12 AM",75.1129
"2012-06-12:12 AM",70.5895
"2012-06-13:12 AM",69.5592
"2012-06-14:12 AM",67.1589
"2012-06-15:12 AM",67.0707
"2012-06-16:12 AM",65.9449
"2012-06-17:12 AM",64.1311
"2012-06-18:12 AM",63.9831
"2012-06-19:12 AM",73.7013
"2012-06-20:12 AM",79.7859
"2012-06-21:12 AM",82.4698
"2012-06-22:12 AM",82.2168
"2012-06-23:12 AM",75.7062
"2012-06-24:12 AM",75.0376
"2012-06-25:12 AM",73.5831
"2012-06-26:12 AM",67.0057
"2012-06-27:12 AM",71.0281
"2012-06-28:12 AM",77.4381
"2012-06-29:12 AM",85.4476
"2012-06-30:12 AM",83.0282
"2012-07-01:12 AM",83.3326
"2012-07-02:12 AM",80.429
"2012-07-03:12 AM",80.6815
"2012-07-04:12 AM",83.8924
"2012-07-05:12 AM",86.6354
"2012-07-06:12 AM",84.4205
"2012-07-07:12 AM",87.4648
"2012-07-08:12 AM",85.6256
"2012-07-09:12 AM",77.9839
"2012-07-10:12 AM",75.7747
"2012-07-11:12 AM",76.6834
"2012-07-12:12 AM",75.8502
"2012-07-13:12 AM",74.7775
"2012-07-14:12 AM",74.6652
"2012-07-15:12 AM",81.4057
"2012-07-16:12 AM",81.6197
"2012-07-17:12 AM",83.8251
"2012-07-18:12 AM",86.3658
"2012-07-19:12 AM",81.8267
"2012-07-20:12 AM",74.714
"2012-07-21:12 AM",67.969
"2012-07-22:12 AM",72.7857
"2012-07-23:12 AM",78.3903
"2012-07-24:12 AM",84.5539
"2012-07-25:12 AM",77.5859
"2012-07-26:12 AM",84.072
"2012-07-27:12 AM",84.1298
"2012-07-28:12 AM",81.3751
"2012-07-29:12 AM",78.2569
"2012-07-30:12 AM",76.7363
"2012-07-31:12 AM",76.9822
"2012-08-01:12 AM",77.4021
"2012-08-02:12 AM",78.8873
"2012-08-03:12 AM",81.3506
"2012-08-04:12 AM",82.0445
"2012-08-05:12 AM",83.4825
"2012-08-06:12 AM",79.6645
"2012-08-07:12 AM",77.4887
"2012-08-08:12 AM",78.618
"2012-08-09:12 AM",80.9038
"2012-08-10:12 AM",77.6179
"2012-08-11:12 AM",76.6846
"2012-08-12:12 AM",73.8585
"2012-08-13:12 AM",74.4222
"2012-08-14:12 AM",77.5409
"2012-08-15:12 AM",75.99
"2012-08-16:12 AM",74.7685
"2012-08-17:12 AM",78.0514
"2012-08-18:12 AM",73.6284
"2012-08-19:12 AM",70.3578
"2012-08-20:12 AM",68.8402
"2012-08-21:12 AM",71.6337
"2012-08-22:12 AM",73.405
"2012-08-23:12 AM",74.2208
"2012-08-24:12 AM",73.9857
"2012-08-25:12 AM",73.6527
"2012-08-26:12 AM",72.351
"2012-08-27:12 AM",75.8372
"2012-08-28:12 AM",77.8426
"2012-08-29:12 AM",72.9883
"2012-08-30:12 AM",71.9287
"2012-08-31:12 AM",77.846
"2012-09-01:12 AM",81.3684
"2012-09-02:12 AM",77.2142
"2012-09-03:12 AM",76.1398
"2012-09-04:12 AM",77.0531
"2012-09-05:12 AM",77.5825
"2012-09-06:12 AM",75.3768
"2012-09-07:12 AM",75.9614
"2012-09-08:12 AM",73.6147
"2012-09-09:12 AM",65.3371
"2012-09-10:12 AM",63.8938
"2012-09-11:12 AM",61.2657
"2012-09-12:12 AM",64.0512
"2012-09-13:12 AM",65.4985
"2012-09-14:12 AM",67.2861
"2012-09-15:12 AM",65.5156
"2012-09-16:12 AM",62.2618
"2012-09-17:12 AM",64.6479
"2012-09-18:12 AM",69.897
"2012-09-19:12 AM",61.1082
"2012-09-20:12 AM",60.2483
"2012-09-21:12 AM",64.5586
"2012-09-22:12 AM",71.049
"2012-09-23:12 AM",60.2866
"2012-09-24:12 AM",55.6941
"2012-09-25:12 AM",60.9867
"2012-09-26:12 AM",70.3328
"2012-09-27:12 AM",71.6126
"2012-09-28:12 AM",69.0607
"2012-09-29:12 AM",59.8366
"2012-09-30:12 AM",58.3243
"2012-10-01:12 AM",57.7263
"2012-10-02:12 AM",66.9061
"2012-10-03:12 AM",72.7032
"2012-10-04:12 AM",70.0876
"2012-10-05:12 AM",67.3032
"2012-10-06:12 AM",63.9502
"2012-10-07:12 AM",50.4637
"2012-10-08:12 AM",46.4511
"2012-10-09:12 AM",51.4056
"2012-10-10:12 AM",57.4578
"2012-10-11:12 AM",50.3947
"2012-10-12:12 AM",51.1272
"2012-10-13:12 AM",46.8178
"2012-10-14:12 AM",59.6381
"2012-10-15:12 AM",63.581
"2012-10-16:12 AM",53.2677
"2012-10-17:12 AM",52.5045
"2012-10-18:12 AM",58.9438
"2012-10-19:12 AM",64.9216
"2012-10-20:12 AM",56.541
"2012-10-21:12 AM",53.6094
"2012-10-22:12 AM",54.4066
"2012-10-23:12 AM",62.6239
"2012-10-24:12 AM",65.4526
"2012-10-25:12 AM",62.2783
"2012-10-26:12 AM",63.0153
"2012-10-27:12 AM",61.4775
"2012-10-28:12 AM",55.7362
"2012-10-29:12 AM",49.0102
"2012-10-30:12 AM",40.1182
"2012-10-31:12 AM",43.2905
"2012-11-01:12 AM",44.0202
"2012-11-02:12 AM",43.29
"2012-11-03:12 AM",42.1776
"2012-11-04:12 AM",40.7961
"2012-11-05:12 AM",38.7286
"2012-11-06:12 AM",36.7929
"2012-11-07:12 AM",37.8154
"2012-11-08:12 AM",39.5337
"2012-11-09:12 AM",42.2022
"2012-11-10:12 AM",46.929
"2012-11-11:12 AM",51.4666
"2012-11-12:12 AM",56.6065
"2012-11-13:12 AM",45.7385
"2012-11-14:12 AM",37.7094
"2012-11-15:12 AM",39.9659
"2012-11-16:12 AM",40.8907
"2012-11-17:12 AM",40.7592
"2012-11-18:12 AM",43.2941
"2012-11-19:12 AM",44.9769
"2012-11-20:12 AM",45.5162
"2012-11-21:12 AM",42.6556
"2012-11-22:12 AM",42.6079
"2012-11-23:12 AM",44.7478
"2012-11-24:12 AM",36.2115
"2012-11-25:12 AM",33.8315
"2012-11-26:12 AM",38.5867
"2012-11-27:12 AM",39.6849
"2012-11-28:12 AM",35.2854
"2012-11-29:12 AM",36.97
"2012-11-30:12 AM",39.1501
"2012-12-01:12 AM",41.1355
"2012-12-02:12 AM",45.9595
"2012-12-03:12 AM",55.2292
"2012-12-04:12 AM",56.8157
"2012-12-05:12 AM",51.0642
"2012-12-06:12 AM",34.9254
"2012-12-07:12 AM",40.7539
"2012-12-08:12 AM",49.4163
"2012-12-09:12 AM",48.1896
"2012-12-10:12 AM",55.6704
"2012-12-11:12 AM",45.4051
"2012-12-12:12 AM",39.2844
"2012-12-13:12 AM",37.7656
"2012-12-14:12 AM",37.2031
"2012-12-15:12 AM",40.1004
"2012-12-16:12 AM",46.0627
"2012-12-17:12 AM",49.6949
"2012-12-18:12 AM",48.7947
"2012-12-19:12 AM",43.0801
"2012-12-20:12 AM",41.5006
"2012-12-21:12 AM",41.0497
"2012-12-22:12 AM",33.919
"2012-12-23:12 AM",34.6791
"2012-12-24:12 AM",36.966
"2012-12-25:12 AM",38.4183
"2012-12-26:12 AM",38.0737
"2012-12-27:12 AM",34.8553
"2012-12-28:12 AM",32.9108
"2012-12-29:12 AM",34.8598
"2012-12-30:12 AM",30.8377
"2012-12-31:12 AM",31.9638
"2013-01-01:12 AM",37.2002
"2013-01-02:12 AM",30.1507
"2013-01-03:12 AM",29.16
"2013-01-04:12 AM",31.6452
"2013-01-05:12 AM",31.8974
"2013-01-06:12 AM",37.402
"2013-01-07:12 AM",36.2242
"2013-01-08:12 AM",37.0092
"2013-01-09:12 AM",42.6886
"2013-01-10:12 AM",41.2293
"2013-01-11:12 AM",41.0995
"2013-01-12:12 AM",45.2982
"2013-01-13:12 AM",48.2335
"2013-01-14:12 AM",52.212
"2013-01-15:12 AM",39.673
"2013-01-16:12 AM",37.5346
"2013-01-17:12 AM",38.2215
"2013-01-18:12 AM",30.6635
"2013-01-19:12 AM",37.0247
"2013-01-20:12 AM",39.7324
"2013-01-21:12 AM",33.6121
"2013-01-22:12 AM",20.3149
"2013-01-23:12 AM",17.8023
"2013-01-24:12 AM",20.4003
"2013-01-25:12 AM",19.0877
"2013-01-26:12 AM",23.1453
"2013-01-27:12 AM",23.3911
"2013-01-28:12 AM",34.4421
"2013-01-29:12 AM",45.307
"2013-01-30:12 AM",58.9528
"2013-01-31:12 AM",42.4432
"2013-02-01:12 AM",26.413
"2013-02-02:12 AM",22.2199
"2013-02-03:12 AM",28.3878
"2013-02-04:12 AM",26.6443
"2013-02-05:12 AM",34.5117
"2013-02-06:12 AM",33.3981
"2013-02-07:12 AM",32.5009
"2013-02-08:12 AM",35.6441
"2013-02-09:12 AM",27.8326
"2013-02-10:12 AM",30.7598
"2013-02-11:12 AM",44.5455
"2013-02-12:12 AM",41.0999
"2013-02-13:12 AM",38.6017
"2013-02-14:12 AM",35.8075
"2013-02-15:12 AM",40.6837
"2013-02-16:12 AM",34.0709
"2013-02-17:12 AM",27.2044
"2013-02-18:12 AM",27.2088
"2013-02-19:12 AM",37.5589
"2013-02-20:12 AM",29.2435
"2013-02-21:12 AM",27.6895
"2013-02-22:12 AM",31.3486
"2013-02-23:12 AM",36.1821
"2013-02-24:12 AM",38.3571
"2013-02-25:12 AM",33.1252
"2013-02-26:12 AM",37.2668
"2013-02-27:12 AM",45.3425
"2013-02-28:12 AM",39.5359
"2013-03-01:12 AM",36.5124
"2013-03-02:12 AM",32.7758
"2013-03-03:12 AM",31.2541
"2013-03-04:12 AM",30.6549
"2013-03-05:12 AM",34.3854
"2013-03-06:12 AM",34.803
"2013-03-07:12 AM",36.3873
"2013-03-08:12 AM",35.5426
"2013-03-09:12 AM",38.7671
"2013-03-10:12 AM",42.1948
"2013-03-11:12 AM",46.2832
"2013-03-12:12 AM",49.1626
"2013-03-13:12 AM",38.0984
"2013-03-14:12 AM",33.3547
"2013-03-15:12 AM",38.467
"2013-03-16:12 AM",40.595
"2013-03-17:12 AM",35.528
"2013-03-18:12 AM",35.6621
"2013-03-19:12 AM",40.1943
"2013-03-20:12 AM",37.7438
"2013-03-21:12 AM",31.5208
"2013-03-22:12 AM",32.3514
"2013-03-23:12 AM",35.7872
"2013-03-24:12 AM",34.605
"2013-03-25:12 AM",33.561
"2013-03-26:12 AM",36.5743
"2013-03-27:12 AM",37.8595
"2013-03-28:12 AM",39.0447
"2013-03-29:12 AM",41.5512
"2013-03-30:12 AM",43.6795
"2013-03-31:12 AM",46.1278
"2013-04-01:12 AM",47.1047
"2013-04-02:12 AM",37.9782
"2013-04-03:12 AM",37.2294
"2013-04-04:12 AM",36.7367
"2013-04-05:12 AM",44.0015
"2013-04-06:12 AM",41.608
"2013-04-07:12 AM",48.5726
"2013-04-08:12 AM",60.7725
"2013-04-09:12 AM",65.9977
"2013-04-10:12 AM",69.8974
"2013-04-11:12 AM",68.0457
"2013-04-12:12 AM",59.133
"2013-04-13:12 AM",50.7814
"2013-04-14:12 AM",51.4803
"2013-04-15:12 AM",54.9729
"2013-04-16:12 AM",58.2791
"2013-04-17:12 AM",62.0042
"2013-04-18:12 AM",60.9607
"2013-04-19:12 AM",64.675
"2013-04-20:12 AM",48.5496
"2013-04-21:12 AM",42.9516
"2013-04-22:12 AM",43.7844
"2013-04-23:12 AM",47.635
"2013-04-24:12 AM",55.6138
"2013-04-25:12 AM",49.5423
"2013-04-26:12 AM",51.4333
"2013-04-27:12 AM",54.1193
"2013-04-28:12 AM",53.8255
"2013-04-29:12 AM",53.9775
"2013-04-30:12 AM",54.0356
"2013-05-01:12 AM",55.0571
"2013-05-02:12 AM",52.9435
"2013-05-03:12 AM",52.0027
"2013-05-04:12 AM",50.3568
"2013-05-05:12 AM",48.6248
"2013-05-06:12 AM",52.3449
"2013-05-07:12 AM",56.9521
"2013-05-08:12 AM",59.1197
"2013-05-09:12 AM",59.464
"2013-05-10:12 AM",67.2453
"2013-05-11:12 AM",66.2889
"2013-05-12:12 AM",56.9035
"2013-05-13:12 AM",48.9366
"2013-05-14:12 AM",50.0248
"2013-05-15:12 AM",64.3091
"2013-05-16:12 AM",71.8905
"2013-05-17:12 AM",67.2809
"2013-05-18:12 AM",60.8097
"2013-05-19:12 AM",64.0432
"2013-05-20:12 AM",69.2773
"2013-05-21:12 AM",72.2894
"2013-05-22:12 AM",73.8795
"2013-05-23:12 AM",70.6487
"2013-05-24:12 AM",56.4066
"2013-05-25:12 AM",51.9647
"2013-05-26:12 AM",54.9874
"2013-05-27:12 AM",59.0794
"2013-05-28:12 AM",67.7826
"2013-05-29:12 AM",74.5088
"2013-05-30:12 AM",75.771
"2013-05-31:12 AM",75.2929
"2013-06-01:12 AM",76.7322
"2013-06-02:12 AM",74.7109
"2013-06-03:12 AM",70.1935
"2013-06-04:12 AM",63.2653
"2013-06-05:12 AM",64.555
"2013-06-06:12 AM",63.8465
"2013-06-07:12 AM",67.5531
"2013-06-08:12 AM",68.2664
"2013-06-09:12 AM",69.2539
"2013-06-10:12 AM",71.0537
"2013-06-11:12 AM",71.4814
"2013-06-12:12 AM",73.9625
"2013-06-13:12 AM",74.4843
"2013-06-14:12 AM",66.0517
"2013-06-15:12 AM",68.7369
"2013-06-16:12 AM",71.6252
"2013-06-17:12 AM",73.3613
"2013-06-18:12 AM",70.7974
"2013-06-19:12 AM",67.0541
"2013-06-20:12 AM",66.6334
"2013-06-21:12 AM",67.278
"2013-06-22:12 AM",69.9858
"2013-06-23:12 AM",72.0201
"2013-06-24:12 AM",76.5135
"2013-06-25:12 AM",78.098
"2013-06-26:12 AM",77.6205
"2013-06-27:12 AM",74.5155
"2013-06-28:12 AM",76.3257
"2013-06-29:12 AM",74.8974
"2013-06-30:12 AM",75.49
"2013-07-01:12 AM",74.9826
"2013-07-02:12 AM",74.4078
"2013-07-03:12 AM",76.1128
"2013-07-04:12 AM",77.9488
"2013-07-05:12 AM",78.6823
"2013-07-06:12 AM",80.5914
"2013-07-07:12 AM",79.7787
"2013-07-08:12 AM",76.3993
"2013-07-09:12 AM",75.2378
"2013-07-10:12 AM",77.0079
"2013-07-11:12 AM",76.7781
"2013-07-12:12 AM",70.7803
"2013-07-13:12 AM",73.9837
"2013-07-14:12 AM",77.7117
"2013-07-15:12 AM",78.912
"2013-07-16:12 AM",80.9854
"2013-07-17:12 AM",80.6117
"2013-07-18:12 AM",82.652
"2013-07-19:12 AM",83.8098
"2013-07-20:12 AM",82.1894
"2013-07-21:12 AM",78.5986
"2013-07-22:12 AM",77.5503
"2013-07-23:12 AM",77.0959
"2013-07-24:12 AM",74.9721
"2013-07-25:12 AM",67.1792
"2013-07-26:12 AM",70.3346
"2013-07-27:12 AM",72.3952
"2013-07-28:12 AM",74.2834
"2013-07-29:12 AM",70.9327
"2013-07-30:12 AM",69.9967
"2013-07-31:12 AM",71.0692
"2013-08-01:12 AM",71.1401
"2013-08-02:12 AM",73.3566
"2013-08-03:12 AM",72.648
"2013-08-04:12 AM",69.5462
"2013-08-05:12 AM",68.6685
"2013-08-06:12 AM",67.5088
"2013-08-07:12 AM",71.3388
"2013-08-08:12 AM",75.7035
"2013-08-09:12 AM",78.9629
"2013-08-10:12 AM",74.6112
"2013-08-11:12 AM",73.8079
"2013-08-12:12 AM",75.8057
"2013-08-13:12 AM",75.362
"2013-08-14:12 AM",66.0292
"2013-08-15:12 AM",63.8038
"2013-08-16:12 AM",65.7466
"2013-08-17:12 AM",66.9765
"2013-08-18:12 AM",64.1914
"2013-08-19:12 AM",66.7672
"2013-08-20:12 AM",72.3592
"2013-08-21:12 AM",75.3942
"2013-08-22:12 AM",75.7776
"2013-08-23:12 AM",72.8053
"2013-08-24:12 AM",68.7632
"2013-08-25:12 AM",67.4388
"2013-08-26:12 AM",71.211
"2013-08-27:12 AM",76.8312
"2013-08-28:12 AM",73.4482
"2013-08-29:12 AM",74.2717
"2013-08-30:12 AM",73.0238
"2013-08-31:12 AM",77.0607
"2013-09-01:12 AM",77.7573
"2013-09-02:12 AM",76.0881
"2013-09-03:12 AM",74.2161
"2013-09-04:12 AM",68.1188
"2013-09-05:12 AM",70.7184
"2013-09-06:12 AM",63.6298
"2013-09-07:12 AM",64.873
"2013-09-08:12 AM",72.3681
"2013-09-09:12 AM",67.3284
"2013-09-10:12 AM",76.8423
"2013-09-11:12 AM",79.6604
"2013-09-12:12 AM",78.9449
"2013-09-13:12 AM",68.6876
"2013-09-14:12 AM",58.4431
"2013-09-15:12 AM",59.8266
"2013-09-16:12 AM",64.9634
"2013-09-17:12 AM",56.9667
"2013-09-18:12 AM",56.2946
"2013-09-19:12 AM",60.9496
"2013-09-20:12 AM",65.0178
"2013-09-21:12 AM",65.4638
"2013-09-22:12 AM",62.4916
"2013-09-23:12 AM",55.9249
"2013-09-24:12 AM",54.4363
"2013-09-25:12 AM",59.6026
"2013-09-26:12 AM",61.1395
"2013-09-27:12 AM",61.3593
"2013-09-28:12 AM",61.2957
"2013-09-29:12 AM",60.336
"2013-09-30:12 AM",59.9193
"2013-10-01:12 AM",66.0358
"2013-10-02:12 AM",69.4544
"2013-10-03:12 AM",70.2768
"2013-10-04:12 AM",71.3835
"2013-10-05:12 AM",74.2224
"2013-10-06:12 AM",74.2563
"2013-10-07:12 AM",67.4382
"2013-10-08:12 AM",57.5901
"2013-10-09:12 AM",57.8026
"2013-10-10:12 AM",56.6195
"2013-10-11:12 AM",61.7463
"2013-10-12:12 AM",62.7336
"2013-10-13:12 AM",60.9406
"2013-10-14:12 AM",58.3333
"2013-10-15:12 AM",58.9883
"2013-10-16:12 AM",61.2106
"2013-10-17:12 AM",64.3325
"2013-10-18:12 AM",55.3345
"2013-10-19:12 AM",55.7193
"2013-10-20:12 AM",50.0693
"2013-10-21:12 AM",51.5496
"2013-10-22:12 AM",54.9174
"2013-10-23:12 AM",49.4632
"2013-10-24:12 AM",43.5718
"2013-10-25:12 AM",42.2748
"2013-10-26:12 AM",43.5807
"2013-10-27:12 AM",47.6359
"2013-10-28:12 AM",48.8471
"2013-10-29:12 AM",50.9484
"2013-10-30:12 AM",53.9132
"2013-10-31:12 AM",62.5426
"2013-11-01:12 AM",65.5815
"2013-11-02:12 AM",56.7021
"2013-11-03:12 AM",46.0994
"2013-11-04:12 AM",37.8059
"2013-11-05:12 AM",46.6947
"2013-11-06:12 AM",54.6404
"2013-11-07:12 AM",55.5481
"2013-11-08:12 AM",42.0822
"2013-11-09:12 AM",42.1639
"2013-11-10:12 AM",47.5236
"2013-11-11:12 AM",44.8761
"2013-11-12:12 AM",40.6485
"2013-11-13:12 AM",32.9747
"2013-11-14:12 AM",38.6238
"2013-11-15:12 AM",44.5249
"2013-11-16:12 AM",50.3087
"2013-11-17:12 AM",53.8801
"2013-11-18:12 AM",58.0618
"2013-11-19:12 AM",42.287
"2013-11-20:12 AM",36.9088
"2013-11-21:12 AM",41.4644
"2013-11-22:12 AM",52.4615
"2013-11-23:12 AM",42.8823
"2013-11-24:12 AM",26.5424
"2013-11-25:12 AM",26.5098
"2013-11-26:12 AM",37.0121
"2013-11-27:12 AM",38.6555
"2013-11-28:12 AM",28.6097
"2013-11-29:12 AM",31.4487
"2013-11-30:12 AM",31.3977
"2013-12-01:12 AM",34.1562
"2013-12-02:12 AM",38.3977
"2013-12-03:12 AM",40.6346
"2013-12-04:12 AM",45.6672
"2013-12-05:12 AM",54.7079
"2013-12-06:12 AM",51.6367
"2013-12-07:12 AM",36.6264
"2013-12-08:12 AM",28.8453
"2013-12-09:12 AM",34.2181
"2013-12-10:12 AM",31.0039
"2013-12-11:12 AM",27.622
"2013-12-12:12 AM",25.1353
"2013-12-13:12 AM",29.3002
"2013-12-14:12 AM",35.5498
"2013-12-15:12 AM",35.1102
"2013-12-16:12 AM",29.3241
"2013-12-17:12 AM",35.0735
"2013-12-18:12 AM",30.5778
"2013-12-19:12 AM",37.2065
"2013-12-20:12 AM",46.4041
"2013-12-21:12 AM",55.7409
"2013-12-22:12 AM",63.3594
"2013-12-23:12 AM",54.7552
"2013-12-24:12 AM",33.6893
"2013-12-25:12 AM",25.5697
"2013-12-26:12 AM",30.7765
"2013-12-27:12 AM",34.1825
"2013-12-28:12 AM",38.7356
"2013-12-29:12 AM",42.7771
"2013-12-30:12 AM",37.693
"2013-12-31:12 AM",32.2128
"2014-01-01:12 AM",33.346
"2014-01-02:12 AM",34.077
"2014-01-03:12 AM",16.5693
"2014-01-04:12 AM",19.6466
"2014-01-05:12 AM",35.6731
"2014-01-06:12 AM",36.2489
"2014-01-07:12 AM",8.3928
"2014-01-08:12 AM",18.0041
"2014-01-09:12 AM",29.127
"2014-01-10:12 AM",34.2934
"2014-01-11:12 AM",48.5713
"2014-01-12:12 AM",39.3516
"2014-01-13:12 AM",41.4756
"2014-01-14:12 AM",45.289
"2014-01-15:12 AM",39.6342
"2014-01-16:12 AM",32.2565
"2014-01-17:12 AM",35.1648
"2014-01-18:12 AM",27.5535
"2014-01-19:12 AM",31.2076
"2014-01-20:12 AM",36.7916
"2014-01-21:12 AM",26.8326
"2014-01-22:12 AM",7.6959
"2014-01-23:12 AM",12.9661
"2014-01-24:12 AM",10.8936
"2014-01-25:12 AM",22.1288
"2014-01-26:12 AM",23.2644
"2014-01-27:12 AM",31.4596
"2014-01-28:12 AM",13.599
"2014-01-29:12 AM",13.465
"2014-01-30:12 AM",15.5217
"2014-01-31:12 AM",26.2947
"2014-02-01:12 AM",31.5883
"2014-02-02:12 AM",39.997
"2014-02-03:12 AM",34.0655
"2014-02-04:12 AM",28.4263
"2014-02-05:12 AM",33.6015
"2014-02-06:12 AM",26.2609
"2014-02-07:12 AM",29.5075
"2014-02-08:12 AM",26.4938
"2014-02-09:12 AM",28.3347
"2014-02-10:12 AM",24.5028
"2014-02-11:12 AM",20.4528
"2014-02-12:12 AM",20.9215
"2014-02-13:12 AM",31.5127
"2014-02-14:12 AM",32.4347
"2014-02-15:12 AM",32.1139
"2014-02-16:12 AM",24.7636
"2014-02-17:12 AM",22.9417
"2014-02-18:12 AM",33.2967
"2014-02-19:12 AM",41.5074
"2014-02-20:12 AM",39.5328
"2014-02-21:12 AM",48.5038
"2014-02-22:12 AM",42.1311
"2014-02-23:12 AM",43.8175
"2014-02-24:12 AM",33.2715
"2014-02-25:12 AM",29.176
"2014-02-26:12 AM",26.2701
"2014-02-27:12 AM",24.8335
"2014-02-28:12 AM",17.0794
"2014-03-01:12 AM",26.6504
"2014-03-02:12 AM",36.9779
"2014-03-03:12 AM",19.6833
"2014-03-04:12 AM",16.2594
"2014-03-05:12 AM",25.9581
"2014-03-06:12 AM",25.6894
"2014-03-07:12 AM",31.7376
"2014-03-08:12 AM",38.6235
"2014-03-09:12 AM",37.0981
"2014-03-10:12 AM",41.4637
"2014-03-11:12 AM",51.645
"2014-03-12:12 AM",51.1444
"2014-03-13:12 AM",25.3778
"2014-03-14:12 AM",36.3265
"2014-03-15:12 AM",47.1634
"2014-03-16:12 AM",36.2469
"2014-03-17:12 AM",26.839
"2014-03-18:12 AM",30.1843
"2014-03-19:12 AM",36.0592
"2014-03-20:12 AM",42.3288
"2014-03-21:12 AM",41.4309
"2014-03-22:12 AM",48.6457
"2014-03-23:12 AM",38.7642
"2014-03-24:12 AM",28.1588
"2014-03-25:12 AM",31.1882
"2014-03-26:12 AM",26.5199
"2014-03-27:12 AM",29.773
"2014-03-28:12 AM",49.0264
"2014-03-29:12 AM",51.7321
"2014-03-30:12 AM",41.5816
"2014-03-31:12 AM",42.0096
"2014-04-01:12 AM",45.6811
"2014-04-02:12 AM",51.1664
"2014-04-03:12 AM",52.8418
"2014-04-04:12 AM",50.6718
"2014-04-05:12 AM",46.0623
"2014-04-06:12 AM",41.8255
"2014-04-07:12 AM",44.5354
"2014-04-08:12 AM",52.4138
"2014-04-09:12 AM",48.8579
"2014-04-10:12 AM",51.4229
"2014-04-11:12 AM",59.9945
"2014-04-12:12 AM",57.9785
"2014-04-13:12 AM",62.8171
"2014-04-14:12 AM",64.3032
"2014-04-15:12 AM",55.297
"2014-04-16:12 AM",35.8718
"2014-04-17:12 AM",40.843
"2014-04-18:12 AM",41.866
"2014-04-19:12 AM",49.2015
"2014-04-20:12 AM",49.0575
"2014-04-21:12 AM",48.8764
"2014-04-22:12 AM",56.0484
"2014-04-23:12 AM",48.8064
"2014-04-24:12 AM",46.1658
"2014-04-25:12 AM",52.3195
"2014-04-26:12 AM",55.1543
"2014-04-27:12 AM",50.9149
"2014-04-28:12 AM",50.9742
"2014-04-29:12 AM",48.5436
"2014-04-30:12 AM",57.225
"2014-05-01:12 AM",62.8641
"2014-05-02:12 AM",56.7315
"2014-05-03:12 AM",57.3285
"2014-05-04:12 AM",56.2705
"2014-05-05:12 AM",50.7879
"2014-05-06:12 AM",55.3768
"2014-05-07:12 AM",54.8634
"2014-05-08:12 AM",64.884
"2014-05-09:12 AM",64.3221
"2014-05-10:12 AM",68.8824
"2014-05-11:12 AM",65.6211
"2014-05-12:12 AM",69.1056
"2014-05-13:12 AM",72.5254
"2014-05-14:12 AM",62.5087
"2014-05-15:12 AM",68.202
"2014-05-16:12 AM",61.3877
"2014-05-17:12 AM",55.569
"2014-05-18:12 AM",54.556
"2014-05-19:12 AM",55.6975
"2014-05-20:12 AM",61.6437
"2014-05-21:12 AM",66.8172
"2014-05-22:12 AM",68.4556
"2014-05-23:12 AM",62.7177
"2014-05-24:12 AM",60.7253
"2014-05-25:12 AM",64.614
"2014-05-26:12 AM",69.4044
"2014-05-27:12 AM",72.6534
"2014-05-28:12 AM",70.6545
"2014-05-29:12 AM",57.2157
"2014-05-30:12 AM",61.1602
"2014-05-31:12 AM",64.1509
"2014-06-01:12 AM",62.0528
"2014-06-02:12 AM",64.2618
"2014-06-03:12 AM",70.9462
"2014-06-04:12 AM",73.3224
"2014-06-05:12 AM",68.4558
"2014-06-06:12 AM",65.313
"2014-06-07:12 AM",66.7441
"2014-06-08:12 AM",69.8839
"2014-06-09:12 AM",71.7955
"2014-06-10:12 AM",74.8834
"2014-06-11:12 AM",72.4807
"2014-06-12:12 AM",69.9771
"2014-06-13:12 AM",72.9307
"2014-06-14:12 AM",66.2205
"2014-06-15:12 AM",65.6049
"2014-06-16:12 AM",72.6935
"2014-06-17:12 AM",78.6645
"2014-06-18:12 AM",81.7218
"2014-06-19:12 AM",76.158
"2014-06-20:12 AM",69.3104
"2014-06-21:12 AM",68.563
"2014-06-22:12 AM",69.219
"2014-06-23:12 AM",70.4007
"2014-06-24:12 AM",73.1752
"2014-06-25:12 AM",76.3817
"2014-06-26:12 AM",76.2107
"2014-06-27:12 AM",74.3452
"2014-06-28:12 AM",71.71
"2014-06-29:12 AM",70.7337
"2014-06-30:12 AM",73.9227
"2014-07-01:12 AM",78.8493
"2014-07-02:12 AM",82.1309
"2014-07-03:12 AM",79.8246
"2014-07-04:12 AM",70.3477
"2014-07-05:12 AM",68.4747
"2014-07-06:12 AM",71.3156
"2014-07-07:12 AM",78.5581
"2014-07-08:12 AM",82.1566
"2014-07-09:12 AM",79.4662
"2014-07-10:12 AM",73.5481
"2014-07-11:12 AM",73.8624
"2014-07-12:12 AM",74.982
"2014-07-13:12 AM",79.416
"2014-07-14:12 AM",79.2149
"2014-07-15:12 AM",76.899
"2014-07-16:12 AM",71.6702
"2014-07-17:12 AM",70.3688
"2014-07-18:12 AM",70.3152
"2014-07-19:12 AM",69.9508
"2014-07-20:12 AM",72.9702
"2014-07-21:12 AM",73.8961
"2014-07-22:12 AM",75.6577
"2014-07-23:12 AM",80.1253
"2014-07-24:12 AM",73.9596
"2014-07-25:12 AM",68.8033
"2014-07-26:12 AM",73.0542
"2014-07-27:12 AM",77.9673
"2014-07-28:12 AM",75.5584
"2014-07-29:12 AM",67.3597
"2014-07-30:12 AM",67.237
"2014-07-31:12 AM",72.5815
"2014-08-01:12 AM",71.5599
"2014-08-02:12 AM",70.491
"2014-08-03:12 AM",70.3386
"2014-08-04:12 AM",72.3702
"2014-08-05:12 AM",74.0462
"2014-08-06:12 AM",73.8608
"2014-08-07:12 AM",72.2581
"2014-08-08:12 AM",71.4051
"2014-08-09:12 AM",71.8225
"2014-08-10:12 AM",72.954
"2014-08-11:12 AM",71.5408
"2014-08-12:12 AM",72.4033
"2014-08-13:12 AM",72.8836
"2014-08-14:12 AM",69.1664
"2014-08-15:12 AM",65.523
"2014-08-16:12 AM",68.3454
"2014-08-17:12 AM",72.2761
"2014-08-18:12 AM",71.9004
"2014-08-19:12 AM",72.9997
"2014-08-20:12 AM",73.8295
"2014-08-21:12 AM",76.0935
"2014-08-22:12 AM",73.5744
"2014-08-23:12 AM",70.8534
"2014-08-24:12 AM",69.4175
"2014-08-25:12 AM",68.7573
"2014-08-26:12 AM",70.7515
"2014-08-27:12 AM",72.1013
"2014-08-28:12 AM",73.5296
"2014-08-29:12 AM",68.1206
"2014-08-30:12 AM",71.0182
"2014-08-31:12 AM",78.3934
"2014-09-01:12 AM",77.7447
"2014-09-02:12 AM",80.3885
"2014-09-03:12 AM",76.0498
"2014-09-04:12 AM",73.683
"2014-09-05:12 AM",78.1579
"2014-09-06:12 AM",80.1178
"2014-09-07:12 AM",70.3368
"2014-09-08:12 AM",68.0596
"2014-09-09:12 AM",69.4152
"2014-09-10:12 AM",71.2036
"2014-09-11:12 AM",74.1222
"2014-09-12:12 AM",67.2366
"2014-09-13:12 AM",63.4519
"2014-09-14:12 AM",58.3947
"2014-09-15:12 AM",60.6711
"2014-09-16:12 AM",65.4661
"2014-09-17:12 AM",63.4541
"2014-09-18:12 AM",63.0991
"2014-09-19:12 AM",61.9007
"2014-09-20:12 AM",67.0744
"2014-09-21:12 AM",69.989
"2014-09-22:12 AM",63.397
"2014-09-23:12 AM",57.2
"2014-09-24:12 AM",61.4563
"2014-09-25:12 AM",61.779
"2014-09-26:12 AM",63.1603
"2014-09-27:12 AM",63.9883
"2014-09-28:12 AM",64.4578
"2014-09-29:12 AM",64.27
"2014-09-30:12 AM",65.6546
"2014-10-01:12 AM",63.9113
"2014-10-02:12 AM",63.7407
"2014-10-03:12 AM",64.7931
"2014-10-04:12 AM",61.5177
"2014-10-05:12 AM",49.1923
"2014-10-06:12 AM",58.5657
"2014-10-07:12 AM",65.9073
"2014-10-08:12 AM",66.0198
"2014-10-09:12 AM",59.284
"2014-10-10:12 AM",59.5951
"2014-10-11:12 AM",55.0101
"2014-10-12:12 AM",53.7816
"2014-10-13:12 AM",62.0494
"2014-10-14:12 AM",70.0502
"2014-10-15:12 AM",70.7439
"2014-10-16:12 AM",60.4569
"2014-10-17:12 AM",61.2624
"2014-10-18:12 AM",58.6933
"2014-10-19:12 AM",50.0563
"2014-10-20:12 AM",51.1416
"2014-10-21:12 AM",58.0881
"2014-10-22:12 AM",53.17
"2014-10-23:12 AM",53.2117
"2014-10-24:12 AM",56.9804
"2014-10-25:12 AM",56.4618
"2014-10-26:12 AM",57.1482
"2014-10-27:12 AM",54.4217
"2014-10-28:12 AM",65.0061
"2014-10-29:12 AM",60.2076
"2014-10-30:12 AM",51.1453
"2014-10-31:12 AM",48.2178
"2014-11-01:12 AM",45.9162
"2014-11-02:12 AM",41.4239
"2014-11-03:12 AM",46.1941
"2014-11-04:12 AM",57.1365
"2014-11-05:12 AM",58.4929
"2014-11-06:12 AM",56.1693
"2014-11-07:12 AM",45.8215
"2014-11-08:12 AM",41.2945
"2014-11-09:12 AM",47.2278
"2014-11-10:12 AM",47.563
"2014-11-11:12 AM",52.4604
"2014-11-12:12 AM",53.9343
"2014-11-13:12 AM",40.0739
"2014-11-14:12 AM",34.2903
"2014-11-15:12 AM",32.0221
"2014-11-16:12 AM",38.6431
"2014-11-17:12 AM",44.0879
"2014-11-18:12 AM",27.3312
"2014-11-19:12 AM",27.3781
"2014-11-20:12 AM",36.5128
"2014-11-21:12 AM",28.5926
"2014-11-22:12 AM",33.9075
"2014-11-23:12 AM",46.3456
"2014-11-24:12 AM",61.426
"2014-11-25:12 AM",52.8465
"2014-11-26:12 AM",40.3808
"2014-11-27:12 AM",33.5028
"2014-11-28:12 AM",30.236
"2014-11-29:12 AM",33.5034
"2014-11-30:12 AM",46.0362
"2014-12-01:12 AM",53.515
"2014-12-02:12 AM",38.671
"2014-12-03:12 AM",42.7721
"2014-12-04:12 AM",38.0527
"2014-12-05:12 AM",38.4793
"2014-12-06:12 AM",44.5566
"2014-12-07:12 AM",36.1976
"2014-12-08:12 AM",33.5379
"2014-12-09:12 AM",38.8479
"2014-12-10:12 AM",37.9303
"2014-12-11:12 AM",33.3093
"2014-12-12:12 AM",34.7661
"2014-12-13:12 AM",34.2151
"2014-12-14:12 AM",40.1292
"2014-12-15:12 AM",43.8525
"2014-12-16:12 AM",45.5977
"2014-12-17:12 AM",42.5266
"2014-12-18:12 AM",33.9449
"2014-12-19:12 AM",33.2937
"2014-12-20:12 AM",30.4711
"2014-12-21:12 AM",31.3552
"2014-12-22:12 AM",32.4048
"2014-12-23:12 AM",41.0576
"2014-12-24:12 AM",48.5505
"2014-12-25:12 AM",47.9755
"2014-12-26:12 AM",39.2898
"2014-12-27:12 AM",42.0474
"2014-12-28:12 AM",47.212
"2014-12-29:12 AM",39.9439
"2014-12-30:12 AM",33.9615
"2014-12-31:12 AM",28.7541
"2015-01-01:12 AM",31.9131
"2015-01-02:12 AM",35.4483
"2015-01-03:12 AM",36.9221
"2015-01-04:12 AM",50.693
"2015-01-05:12 AM",32.9632
"2015-01-06:12 AM",26.0541
"2015-01-07:12 AM",20.5882
"2015-01-08:12 AM",12.8611
"2015-01-09:12 AM",26.042
"2015-01-10:12 AM",17.7339
"2015-01-11:12 AM",26.3835
"2015-01-12:12 AM",35.2303
"2015-01-13:12 AM",27.8294
"2015-01-14:12 AM",27.1947
"2015-01-15:12 AM",28.807
"2015-01-16:12 AM",32.2799
"2015-01-17:12 AM",28.6423
"2015-01-18:12 AM",37.2412
"2015-01-19:12 AM",35.3588
"2015-01-20:12 AM",35.2274
"2015-01-21:12 AM",32.1215
"2015-01-22:12 AM",32.2547
"2015-01-23:12 AM",32.1404
"2015-01-24:12 AM",33.3824
"2015-01-25:12 AM",36.4712
"2015-01-26:12 AM",33.4605
"2015-01-27:12 AM",27.081
"2015-01-28:12 AM",21.4938
"2015-01-29:12 AM",27.0313
"2015-01-30:12 AM",29.9853
"2015-01-31:12 AM",19.8961
"2015-02-01:12 AM",29.5614
"2015-02-02:12 AM",35.0884
"2015-02-03:12 AM",23.3991
"2015-02-04:12 AM",33.7303
"2015-02-05:12 AM",27.2041
"2015-02-06:12 AM",24.1918
"2015-02-07:12 AM",32.7058
"2015-02-08:12 AM",41.5031
"2015-02-09:12 AM",37.1188
"2015-02-10:12 AM",30.4821
"2015-02-11:12 AM",30.1995
"2015-02-12:12 AM",30.3579
"2015-02-13:12 AM",17.0609
"2015-02-14:12 AM",26.6223
"2015-02-15:12 AM",9.9288
"2015-02-16:12 AM",9.4725
"2015-02-17:12 AM",16.2846
"2015-02-18:12 AM",19.1998
"2015-02-19:12 AM",9.7095
"2015-02-20:12 AM",4.7203
"2015-02-21:12 AM",19.8734
"2015-02-22:12 AM",34.2583
"2015-02-23:12 AM",22.8961
"2015-02-24:12 AM",15.6902
"2015-02-25:12 AM",25.4849
"2015-02-26:12 AM",27.7101
"2015-02-27:12 AM",22.9087
"2015-02-28:12 AM",17.2954
"2015-03-01:12 AM",24.7473
"2015-03-02:12 AM",30.2175
"2015-03-03:12 AM",27.381
"2015-03-04:12 AM",39.9927
"2015-03-05:12 AM",28.8212
"2015-03-06:12 AM",15.7329
"2015-03-07:12 AM",26.0551
"2015-03-08:12 AM",38.3657
"2015-03-09:12 AM",40.5156
"2015-03-10:12 AM",41.8323
"2015-03-11:12 AM",49.777
"2015-03-12:12 AM",40.7462
"2015-03-13:12 AM",38.604
"2015-03-14:12 AM",47.3054
"2015-03-15:12 AM",42.3644
"2015-03-16:12 AM",43.3144
"2015-03-17:12 AM",49.4856
"2015-03-18:12 AM",34.8643
"2015-03-19:12 AM",37.3766
"2015-03-20:12 AM",34.6842
"2015-03-21:12 AM",38.9795
"2015-03-22:12 AM",38.622
"2015-03-23:12 AM",34.2217
"2015-03-24:12 AM",35.5726
"2015-03-25:12 AM",38.6377
"2015-03-26:12 AM",54.5461
"2015-03-27:12 AM",40.8178
"2015-03-28:12 AM",30.6358
"2015-03-29:12 AM",30.837
"2015-03-30:12 AM",42.1518
"2015-03-31:12 AM",47.5326
"2015-04-01:12 AM",40.7242
"2015-04-02:12 AM",49.6861
"2015-04-03:12 AM",60.8155
"2015-04-04:12 AM",49.9593
"2015-04-05:12 AM",46.8657
"2015-04-06:12 AM",54.8263
"2015-04-07:12 AM",61.3954
"2015-04-08:12 AM",48.1635
"2015-04-09:12 AM",43.5004
"2015-04-10:12 AM",52.5747
"2015-04-11:12 AM",52.0032
"2015-04-12:12 AM",50.2129
"2015-04-13:12 AM",56.9174
"2015-04-14:12 AM",56.4415
"2015-04-15:12 AM",53.0049
"2015-04-16:12 AM",54.4212
"2015-04-17:12 AM",59.9686
"2015-04-18:12 AM",61.7961
"2015-04-19:12 AM",56.2984
"2015-04-20:12 AM",63.388
"2015-04-21:12 AM",56.6982
"2015-04-22:12 AM",53.4457
"2015-04-23:12 AM",45.1994
"2015-04-24:12 AM",42.8934
"2015-04-25:12 AM",43.6636
"2015-04-26:12 AM",47.7237
"2015-04-27:12 AM",49.3853
"2015-04-28:12 AM",51.926
"2015-04-29:12 AM",57.7629
"2015-04-30:12 AM",58.0156
"2015-05-01:12 AM",52.4829
"2015-05-02:12 AM",55.1898
"2015-05-03:12 AM",62.0074
"2015-05-04:12 AM",66.2115
"2015-05-05:12 AM",68.8561
"2015-05-06:12 AM",67.1079
"2015-05-07:12 AM",64.4376
"2015-05-08:12 AM",65.0021
"2015-05-09:12 AM",65.8774
"2015-05-10:12 AM",68.9139
"2015-05-11:12 AM",69.0242
"2015-05-12:12 AM",72.5781
"2015-05-13:12 AM",59.6712
"2015-05-14:12 AM",55.4878
"2015-05-15:12 AM",61.3348
"2015-05-16:12 AM",69.6549
"2015-05-17:12 AM",70.7524
"2015-05-18:12 AM",72.6636
"2015-05-19:12 AM",71.0011
"2015-05-20:12 AM",60.424
"2015-05-21:12 AM",51.6628
"2015-05-22:12 AM",58.0831
"2015-05-23:12 AM",57.5451
"2015-05-24:12 AM",63.4343
"2015-05-25:12 AM",69.9022
"2015-05-26:12 AM",71.76
"2015-05-27:12 AM",74.8654
"2015-05-28:12 AM",74.7106
"2015-05-29:12 AM",72.4496
"2015-05-30:12 AM",73.0897
"2015-05-31:12 AM",75.0787
"2015-06-01:12 AM",72.8958
"2015-06-02:12 AM",60.7365
"2015-06-03:12 AM",57.9047
"2015-06-04:12 AM",59.6187
"2015-06-05:12 AM",63.0624
"2015-06-06:12 AM",67.0741
"2015-06-07:12 AM",65.2602
"2015-06-08:12 AM",71.5935
"2015-06-09:12 AM",74.0068
"2015-06-10:12 AM",71.6187
"2015-06-11:12 AM",76.476
"2015-06-12:12 AM",79.336
"2015-06-13:12 AM",78.5736
"2015-06-14:12 AM",77.5967
"2015-06-15:12 AM",77.4387
"2015-06-16:12 AM",79.4124
"2015-06-17:12 AM",73.7465
"2015-06-18:12 AM",75.2995
"2015-06-19:12 AM",75.8653
"2015-06-20:12 AM",76.5496
"2015-06-21:12 AM",78.2434
"2015-06-22:12 AM",78.6628
"2015-06-23:12 AM",81.4512
"2015-06-24:12 AM",72.4975
"2015-06-25:12 AM",70.8827
"2015-06-26:12 AM",70.3875
"2015-06-27:12 AM",68.9295
"2015-06-28:12 AM",68.8789
"2015-06-29:12 AM",68.3652
"2015-06-30:12 AM",74.844
"2015-07-01:12 AM",74.7522
"2015-07-02:12 AM",70.5349
"2015-07-03:12 AM",69.7771
"2015-07-04:12 AM",71.5636
"2015-07-05:12 AM",72.5153
"2015-07-06:12 AM",74.912
"2015-07-07:12 AM",77.7922
"2015-07-08:12 AM",78.1786
"2015-07-09:12 AM",79.1011
"2015-07-10:12 AM",76.1099
"2015-07-11:12 AM",72.338
"2015-07-12:12 AM",71.7015
"2015-07-13:12 AM",71.9357
"2015-07-14:12 AM",75.9628
"2015-07-15:12 AM",73.4833
"2015-07-16:12 AM",68.7981
"2015-07-17:12 AM",72.8197
"2015-07-18:12 AM",78.7915
"2015-07-19:12 AM",80.4996
"2015-07-20:12 AM",81.9487
"2015-07-21:12 AM",80.785
"2015-07-22:12 AM",74.0064
"2015-07-23:12 AM",72.3031
"2015-07-24:12 AM",71.7604
"2015-07-25:12 AM",74.2374
"2015-07-26:12 AM",77.3879
"2015-07-27:12 AM",78.3784
"2015-07-28:12 AM",79.365
"2015-07-29:12 AM",77.0916
"2015-07-30:12 AM",80.4124
"2015-07-31:12 AM",76.444
"2015-08-01:12 AM",77.3008
"2015-08-02:12 AM",75.8871
"2015-08-03:12 AM",78.0377
"2015-08-04:12 AM",80.0884
"2015-08-05:12 AM",77.1053
"2015-08-06:12 AM",73.1347
"2015-08-07:12 AM",71.5447
"2015-08-08:12 AM",72.0847
"2015-08-09:12 AM",73.7112
"2015-08-10:12 AM",71.8858
"2015-08-11:12 AM",75.4884
"2015-08-12:12 AM",73.1116
"2015-08-13:12 AM",70.8427
"2015-08-14:12 AM",71.6419
"2015-08-15:12 AM",74.2131
"2015-08-16:12 AM",75.7733
"2015-08-17:12 AM",77.8467
"2015-08-18:12 AM",78.5028
"2015-08-19:12 AM",76.8537
"2015-08-20:12 AM",78.1128
"2015-08-21:12 AM",74.3641
"2015-08-22:12 AM",70.6298
"2015-08-23:12 AM",70.7817
"2015-08-24:12 AM",75.2484
"2015-08-25:12 AM",73.9389
"2015-08-26:12 AM",70.6464
"2015-08-27:12 AM",68.9625
"2015-08-28:12 AM",70.0516
"2015-08-29:12 AM",72.2696
"2015-08-30:12 AM",75.4479
"2015-08-31:12 AM",77.6048
"2015-09-01:12 AM",77.7254
"2015-09-02:12 AM",78.098
"2015-09-03:12 AM",78.3273
"2015-09-04:12 AM",78.6582
"2015-09-05:12 AM",75.726
"2015-09-06:12 AM",71.4411
"2015-09-07:12 AM",74.3351
"2015-09-08:12 AM",77.2961
"2015-09-09:12 AM",80.103
"2015-09-10:12 AM",72.729
"2015-09-11:12 AM",69.3653
"2015-09-12:12 AM",68.4176
"2015-09-13:12 AM",61.6282
"2015-09-14:12 AM",61.095
"2015-09-15:12 AM",65.7864
"2015-09-16:12 AM",66.9384
"2015-09-17:12 AM",68.4612
"2015-09-18:12 AM",69.5878
"2015-09-19:12 AM",71.6
"2015-09-20:12 AM",69.4969
"2015-09-21:12 AM",64.6687
"2015-09-22:12 AM",64.7641
"2015-09-23:12 AM",64.8856
"2015-09-24:12 AM",65.3891
"2015-09-25:12 AM",67.3423
"2015-09-26:12 AM",65.7644
"2015-09-27:12 AM",65.4627
"2015-09-28:12 AM",69.5554
"2015-09-29:12 AM",71.8061
"2015-09-30:12 AM",70.5236
"2015-10-01:12 AM",57.7877
"2015-10-02:12 AM",52.4822
"2015-10-03:12 AM",54.9547
"2015-10-04:12 AM",56.5327
"2015-10-05:12 AM",56.2811
"2015-10-06:12 AM",57.7436
"2015-10-07:12 AM",61.738
"2015-10-08:12 AM",63.6197
"2015-10-09:12 AM",67.7664
"2015-10-10:12 AM",56.6616
"2015-10-11:12 AM",52.8436
"2015-10-12:12 AM",57.3575
"2015-10-13:12 AM",63.1186
"2015-10-14:12 AM",58.7134
"2015-10-15:12 AM",54.9124
"2015-10-16:12 AM",54.7032
"2015-10-17:12 AM",48.2288
"2015-10-18:12 AM",41.754
"2015-10-19:12 AM",42.1968
"2015-10-20:12 AM",52.887
"2015-10-21:12 AM",56.3212
"2015-10-22:12 AM",60.9175
"2015-10-23:12 AM",58.4479
"2015-10-24:12 AM",52.7481
"2015-10-25:12 AM",57.8554
"2015-10-26:12 AM",50.4761
"2015-10-27:12 AM",50.7724
"2015-10-28:12 AM",63.3195
"2015-10-29:12 AM",63.3898
"2015-10-30:12 AM",50.3157
"2015-10-31:12 AM",47.6746
"2015-11-01:12 AM",56.5972
"2015-11-02:12 AM",56.601
"2015-11-03:12 AM",53.0611
"2015-11-04:12 AM",55.4099
"2015-11-05:12 AM",62.1487
"2015-11-06:12 AM",67.2175
"2015-11-07:12 AM",59.0644
"2015-11-08:12 AM",48.0148
"2015-11-09:12 AM",46.0746
"2015-11-10:12 AM",56.5329
"2015-11-11:12 AM",53.0256
"2015-11-12:12 AM",55.4355
"2015-11-13:12 AM",50.2705
"2015-11-14:12 AM",43.4836
"2015-11-15:12 AM",46.432
"2015-11-16:12 AM",51.5595
"2015-11-17:12 AM",51.813
"2015-11-18:12 AM",55.1329
"2015-11-19:12 AM",61.0225
"2015-11-20:12 AM",48.1471
"2015-11-21:12 AM",44.7296
"2015-11-22:12 AM",43.0342
"2015-11-23:12 AM",33.0201
"2015-11-24:12 AM",37.6061
"2015-11-25:12 AM",41.9713
"2015-11-26:12 AM",47.8443
"2015-11-27:12 AM",51.8391
"2015-11-28:12 AM",55.1349
"2015-11-29:12 AM",47.9208
"2015-11-30:12 AM",41.9572
"2015-12-01:12 AM",47.9071
"2015-12-02:12 AM",53.55
"2015-12-03:12 AM",42.7923
"2015-12-04:12 AM",40.3675
"2015-12-05:12 AM",40.109
"2015-12-06:12 AM",38.7502
"2015-12-07:12 AM",41.3535
"2015-12-08:12 AM",41.5681
"2015-12-09:12 AM",45.9192
"2015-12-10:12 AM",49.9827
"2015-12-11:12 AM",53.9114
"2015-12-12:12 AM",56.8038
"2015-12-13:12 AM",60.3734
"2015-12-14:12 AM",62.544
"2015-12-15:12 AM",55.4272
"2015-12-16:12 AM",47.0376
"2015-12-17:12 AM",49.7334
"2015-12-18:12 AM",41.2902
"2015-12-19:12 AM",33.6094
"2015-12-20:12 AM",34.4914
"2015-12-21:12 AM",45.6528
"2015-12-22:12 AM",55.9621
"2015-12-23:12 AM",58.4001
"2015-12-24:12 AM",66.2137
"2015-12-25:12 AM",63.3069
"2015-12-26:12 AM",54.9595
"2015-12-27:12 AM",58.3774
"2015-12-28:12 AM",43.3166
"2015-12-29:12 AM",50.3978
"2015-12-30:12 AM",50.7981
"2015-12-31:12 AM",47.9853
"2016-01-01:12 AM",38.779
"2016-01-02:12 AM",35.933
"2016-01-03:12 AM",37.5823
"2016-01-04:12 AM",29.0185
"2016-01-05:12 AM",20.3266
"2016-01-06:12 AM",25.8573
"2016-01-07:12 AM",32.0949
"2016-01-08:12 AM",37.8131
"2016-01-09:12 AM",43.138
"2016-01-10:12 AM",49.7719
"2016-01-11:12 AM",29.7073
"2016-01-12:12 AM",33.1797
"2016-01-13:12 AM",23.1388
"2016-01-14:12 AM",33.8697
"2016-01-15:12 AM",40.7343
"2016-01-16:12 AM",41.6278
"2016-01-17:12 AM",33.1936
"2016-01-18:12 AM",20.7982
"2016-01-19:12 AM",17.3979
"2016-01-20:12 AM",22.329
"2016-01-21:12 AM",26.1111
"2016-01-22:12 AM",24.0174
"2016-01-23:12 AM",26.8099
"2016-01-24:12 AM",19.2205
"2016-01-25:12 AM",21.6523
"2016-01-26:12 AM",36.5211
"2016-01-27:12 AM",32.6968
"2016-01-28:12 AM",27.7644
"2016-01-29:12 AM",31.9032
"2016-01-30:12 AM",27.9378
"2016-01-31:12 AM",42.2143
"2016-02-01:12 AM",47.4309
"2016-02-02:12 AM",39.0866
"2016-02-03:12 AM",48.9324
"2016-02-04:12 AM",46.4041
"2016-02-05:12 AM",34.0687
"2016-02-06:12 AM",32.4268
"2016-02-07:12 AM",33.7831
"2016-02-08:12 AM",36.5274
"2016-02-09:12 AM",34.558
"2016-02-10:12 AM",28.2355
"2016-02-11:12 AM",20.7871
"2016-02-12:12 AM",20.7198
"2016-02-13:12 AM",18.7169
"2016-02-14:12 AM",14.2257
"2016-02-15:12 AM",24.2978
"2016-02-16:12 AM",40.3867
"2016-02-17:12 AM",35.3642
"2016-02-18:12 AM",28.7157
"2016-02-19:12 AM",30.8379
"2016-02-20:12 AM",46.7794
"2016-02-21:12 AM",50.1116
"2016-02-22:12 AM",42.0192
"2016-02-23:12 AM",40.671
"2016-02-24:12 AM",48.8003
"2016-02-25:12 AM",41.9101
"2016-02-26:12 AM",31.8135
"2016-02-27:12 AM",32.3146
"2016-02-28:12 AM",42.6853
"2016-02-29:12 AM",48.4104
"2016-03-01:12 AM",47.4075
"2016-03-02:12 AM",40.0525
"2016-03-03:12 AM",31.5351
"2016-03-04:12 AM",33.5214
"2016-03-05:12 AM",33.1403
"2016-03-06:12 AM",36.2487
"2016-03-07:12 AM",43.506
"2016-03-08:12 AM",55.6185
"2016-03-09:12 AM",58.2148
"2016-03-10:12 AM",63.4977
"2016-03-11:12 AM",59.1849
"2016-03-12:12 AM",49.6929
"2016-03-13:12 AM",51.4756
"2016-03-14:12 AM",49.6697
"2016-03-15:12 AM",48.7962
"2016-03-16:12 AM",55.0135
"2016-03-17:12 AM",52.9684
"2016-03-18:12 AM",49.4458
"2016-03-19:12 AM",40.1684
"2016-03-20:12 AM",35.9838
"2016-03-21:12 AM",36.7626
"2016-03-22:12 AM",43.1465
"2016-03-23:12 AM",54.7794
"2016-03-24:12 AM",59.0086
"2016-03-25:12 AM",59.207
"2016-03-26:12 AM",45.3814
"2016-03-27:12 AM",48.2823
"2016-03-28:12 AM",50.6914
"2016-03-29:12 AM",45.2694
"2016-03-30:12 AM",45.685
"2016-03-31:12 AM",58.3308
"2016-04-01:12 AM",64.6488
"2016-04-02:12 AM",51.6952
"2016-04-03:12 AM",37.2486
"2016-04-04:12 AM",51.5653
"2016-04-05:12 AM",33.4258
"2016-04-06:12 AM",40.8623
"2016-04-07:12 AM",51.7761
"2016-04-08:12 AM",42.8203
"2016-04-09:12 AM",38.2757
"2016-04-10:12 AM",36.1519
"2016-04-11:12 AM",52.9817
"2016-04-12:12 AM",53.9722
"2016-04-13:12 AM",44.9049
"2016-04-14:12 AM",46.0429
"2016-04-15:12 AM",47.5588
"2016-04-16:12 AM",49.7422
"2016-04-17:12 AM",52.1163
"2016-04-18:12 AM",60.26
"2016-04-19:12 AM",62.2155
"2016-04-20:12 AM",54.3117
"2016-04-21:12 AM",58.0962
"2016-04-22:12 AM",64.6072
"2016-04-23:12 AM",58.3277
"2016-04-24:12 AM",51.753
"2016-04-25:12 AM",59.7398
"2016-04-26:12 AM",69.8691
"2016-04-27:12 AM",55.27
"2016-04-28:12 AM",51.2834
"2016-04-29:12 AM",49.5801
"2016-04-30:12 AM",51.508
"2016-05-01:12 AM",52.6294
"2016-05-02:12 AM",61.5713
"2016-05-03:12 AM",61.5061
"2016-05-04:12 AM",52.9864
"2016-05-05:12 AM",50.5477
"2016-05-06:12 AM",50.2047
"2016-05-07:12 AM",53.2621
"2016-05-08:12 AM",57.6671
"2016-05-09:12 AM",54.7612
"2016-05-10:12 AM",56.4912
"2016-05-11:12 AM",56.5633
"2016-05-12:12 AM",60.9373
"2016-05-13:12 AM",62.5631
"2016-05-14:12 AM",60.1869
"2016-05-15:12 AM",50.0556
"2016-05-16:12 AM",49.6526
"2016-05-17:12 AM",52.4071
"2016-05-18:12 AM",54.7232
"2016-05-19:12 AM",56.5439
"2016-05-20:12 AM",60.1142
"2016-05-21:12 AM",55.809
"2016-05-22:12 AM",54.1522
"2016-05-23:12 AM",58.9865
"2016-05-24:12 AM",64.5976
"2016-05-25:12 AM",69.0993
"2016-05-26:12 AM",71.332
"2016-05-27:12 AM",74.6767
"2016-05-28:12 AM",73.6182
"2016-05-29:12 AM",69.8034
"2016-05-30:12 AM",70.0556
"2016-05-31:12 AM",71.3919
"2016-06-01:12 AM",72.2237
"2016-06-02:12 AM",69.3235
"2016-06-03:12 AM",69.6677
"2016-06-04:12 AM",71.1511
"2016-06-05:12 AM",72.48
"2016-06-06:12 AM",72.6451
"2016-06-07:12 AM",72.5725
"2016-06-08:12 AM",62.6916
"2016-06-09:12 AM",63.0509
"2016-06-10:12 AM",65.3628
"2016-06-11:12 AM",74.4501
"2016-06-12:12 AM",77.3152
"2016-06-13:12 AM",66.101
"2016-06-14:12 AM",67.4955
"2016-06-15:12 AM",68.7931
"2016-06-16:12 AM",71.0676
"2016-06-17:12 AM",66.8685
"2016-06-18:12 AM",67.7921
"2016-06-19:12 AM",72.3024
"2016-06-20:12 AM",74.4827
"2016-06-21:12 AM",76.4157
"2016-06-22:12 AM",73.4918
"2016-06-23:12 AM",72.4606
"2016-06-24:12 AM",72.5945
"2016-06-25:12 AM",70.5664
"2016-06-26:12 AM",70.329
"2016-06-27:12 AM",71.6047
"2016-06-28:12 AM",74.0361
"2016-06-29:12 AM",71.2143
"2016-06-30:12 AM",70.9907
"2016-07-01:12 AM",74.3122
"2016-07-02:12 AM",70.4705
"2016-07-03:12 AM",64.231
"2016-07-04:12 AM",67.0458
"2016-07-05:12 AM",76.62
"2016-07-06:12 AM",79.6991
"2016-07-07:12 AM",80.4673
"2016-07-08:12 AM",79.8004
"2016-07-09:12 AM",78.2676
"2016-07-10:12 AM",75.0992
"2016-07-11:12 AM",74.2197
"2016-07-12:12 AM",74.8422
"2016-07-13:12 AM",78.2371
"2016-07-14:12 AM",81.7308
"2016-07-15:12 AM",81.5662
"2016-07-16:12 AM",78.6501
"2016-07-17:12 AM",77.6327
"2016-07-18:12 AM",81.0201
"2016-07-19:12 AM",79.8208
"2016-07-20:12 AM",75.8669
"2016-07-21:12 AM",75.799
"2016-07-22:12 AM",80.4688
"2016-07-23:12 AM",83.777
"2016-07-24:12 AM",83.3697
"2016-07-25:12 AM",84.616
"2016-07-26:12 AM",83.6953
"2016-07-27:12 AM",81.7731
"2016-07-28:12 AM",81.3691
"2016-07-29:12 AM",78.6355
"2016-07-30:12 AM",77.5917
"2016-07-31:12 AM",78.5395
"2016-08-01:12 AM",78.7275
"2016-08-02:12 AM",76.9987
"2016-08-03:12 AM",74.0145
"2016-08-04:12 AM",72.7803
"2016-08-05:12 AM",73.1251
"2016-08-06:12 AM",79.7616
"2016-08-07:12 AM",76.3828
"2016-08-08:12 AM",74.8589
"2016-08-09:12 AM",72.7871
"2016-08-10:12 AM",81.3816
"2016-08-11:12 AM",83.7622
"2016-08-12:12 AM",85.1266
"2016-08-13:12 AM",86.6215
"2016-08-14:12 AM",85.9384
"2016-08-15:12 AM",82.8289
"2016-08-16:12 AM",82.7233
"2016-08-17:12 AM",83.3175
"2016-08-18:12 AM",79.1406
"2016-08-19:12 AM",78.7368
"2016-08-20:12 AM",77.9391
"2016-08-21:12 AM",75.5616
"2016-08-22:12 AM",72.7696
"2016-08-23:12 AM",70.2268
"2016-08-24:12 AM",72.6868
"2016-08-25:12 AM",77.4918
"2016-08-26:12 AM",81.6483
"2016-08-27:12 AM",79.2169
"2016-08-28:12 AM",76.4933
"2016-08-29:12 AM",76.8108
"2016-08-30:12 AM",77.1852
"2016-08-31:12 AM",77.8131
"2016-09-01:12 AM",74.1618
"2016-09-02:12 AM",70.8759
"2016-09-03:12 AM",69.9874
"2016-09-04:12 AM",69.1765
"2016-09-05:12 AM",70.7477
"2016-09-06:12 AM",76.6645
"2016-09-07:12 AM",79.0311
"2016-09-08:12 AM",80.9839
"2016-09-09:12 AM",82.2731
"2016-09-10:12 AM",82.7137
"2016-09-11:12 AM",77.3456
"2016-09-12:12 AM",70.218
"2016-09-13:12 AM",72.5149
"2016-09-14:12 AM",75.3744
"2016-09-15:12 AM",71.3214
"2016-09-16:12 AM",67.5282
"2016-09-17:12 AM",70.5328
"2016-09-18:12 AM",75.709
"2016-09-19:12 AM",72.0406
"2016-09-20:12 AM",70.1776
"2016-09-21:12 AM",72.217
"2016-09-22:12 AM",70.1467
"2016-09-23:12 AM",70.3476
"2016-09-24:12 AM",69.4904
"2016-09-25:12 AM",60.7959
"2016-09-26:12 AM",62.3475
"2016-09-27:12 AM",66.8066
"2016-09-28:12 AM",64.5228
"2016-09-29:12 AM",67.3898
"2016-09-30:12 AM",64.2222
"2016-10-01:12 AM",64.3671
"2016-10-02:12 AM",64.8194
"2016-10-03:12 AM",64.5534
"2016-10-04:12 AM",62.2188
"2016-10-05:12 AM",60.996
"2016-10-06:12 AM",60.7111
"2016-10-07:12 AM",63.7963
"2016-10-08:12 AM",63.2631
"2016-10-09:12 AM",56.7153
"2016-10-10:12 AM",50.6403
"2016-10-11:12 AM",51.539
"2016-10-12:12 AM",54.2394
"2016-10-13:12 AM",59.4912
"2016-10-14:12 AM",51.8626
"2016-10-15:12 AM",51.9787
"2016-10-16:12 AM",59.3913
"2016-10-17:12 AM",66.4713
"2016-10-18:12 AM",68.9374
"2016-10-19:12 AM",70.8456
"2016-10-20:12 AM",69.6821
"2016-10-21:12 AM",65.7867
"2016-10-22:12 AM",50.2311
"2016-10-23:12 AM",52.4968
"2016-10-24:12 AM",57.5384
"2016-10-25:12 AM",49.2645
"2016-10-26:12 AM",45.5268
"2016-10-27:12 AM",54.4093
"2016-10-28:12 AM",50.9083
"2016-10-29:12 AM",55.6837
"2016-10-30:12 AM",67.2557
"2016-10-31:12 AM",51.2307
"2016-11-01:12 AM",49.1392
"2016-11-02:12 AM",58.5232
"2016-11-03:12 AM",64.8891
"2016-11-04:12 AM",53.9015
"2016-11-05:12 AM",50.1273
"2016-11-06:12 AM",53.5543
"2016-11-07:12 AM",45.954
"2016-11-08:12 AM",49.4091
"2016-11-09:12 AM",52.9205
"2016-11-10:12 AM",48.1946
"2016-11-11:12 AM",50.8876
"2016-11-12:12 AM",40.2865
"2016-11-13:12 AM",43.5484
"2016-11-14:12 AM",45.2381
"2016-11-15:12 AM",50.0533
"2016-11-16:12 AM",50.16
"2016-11-17:12 AM",49.2055
"2016-11-18:12 AM",50.5764
"2016-11-19:12 AM",50.6163
"2016-11-20:12 AM",36.9534
"2016-11-21:12 AM",33.6929
"2016-11-22:12 AM",35.2533
"2016-11-23:12 AM",37.5409
"2016-11-24:12 AM",45.9199
"2016-11-25:12 AM",48.3744
"2016-11-26:12 AM",44.0719
"2016-11-27:12 AM",40.3635
"2016-11-28:12 AM",41.542
"2016-11-29:12 AM",55.4344
"2016-11-30:12 AM",58.9231
"2016-12-01:12 AM",50.9934
"2016-12-02:12 AM",41.2061
"2016-12-03:12 AM",39.9603
"2016-12-04:12 AM",38.8461
"2016-12-05:12 AM",42.5871
"2016-12-06:12 AM",41.5013
"2016-12-07:12 AM",41.6017
"2016-12-08:12 AM",37.9796
"2016-12-09:12 AM",30.0506
"2016-12-10:12 AM",28.443
"2016-12-11:12 AM",31.3304
"2016-12-12:12 AM",44.044
"2016-12-13:12 AM",37.6428
"2016-12-14:12 AM",37.4346
"2016-12-15:12 AM",24.4614
"2016-12-16:12 AM",20.1718
"2016-12-17:12 AM",37.2763
"2016-12-18:12 AM",47.8877
"2016-12-19:12 AM",29.116
"2016-12-20:12 AM",28.477
"2016-12-21:12 AM",34.1276
"2016-12-22:12 AM",38.7205
"2016-12-23:12 AM",36.4658
"2016-12-24:12 AM",42.8641
"2016-12-25:12 AM",41.1175
"2016-12-26:12 AM",42.4078
"2016-12-27:12 AM",53.7235
"2016-12-28:12 AM",40.1173
"2016-12-29:12 AM",39.2319
"2016-12-30:12 AM",34.1571
"2016-12-31:12 AM",36.0766
"2017-01-01:12 AM",41.2896
"2017-01-02:12 AM",42.2719
"2017-01-03:12 AM",42.7789
"2017-01-04:12 AM",42.9598
"2017-01-05:12 AM",31.5365
"2017-01-06:12 AM",28.0125
"2017-01-07:12 AM",20.7444
"2017-01-08:12 AM",13.68
"2017-01-09:12 AM",15.4798
"2017-01-10:12 AM",25.7319
"2017-01-11:12 AM",43.9146
"2017-01-12:12 AM",55.8846
"2017-01-13:12 AM",45.707
"2017-01-14:12 AM",34.7198
"2017-01-15:12 AM",34.5515
"2017-01-16:12 AM",36.1126
"2017-01-17:12 AM",44.0823
"2017-01-18:12 AM",47.3563
"2017-01-19:12 AM",43.3452
"2017-01-20:12 AM",41.778
"2017-01-21:12 AM",45.9595
"2017-01-22:12 AM",47.0271
"2017-01-23:12 AM",44.8252
"2017-01-24:12 AM",38.4105
"2017-01-25:12 AM",43.8103
"2017-01-26:12 AM",46.8927
"2017-01-27:12 AM",35.8902
"2017-01-28:12 AM",34.2082
"2017-01-29:12 AM",35.3129
"2017-01-30:12 AM",31.1747
"2017-01-31:12 AM",35.4879
"2017-02-01:12 AM",39.9754
"2017-02-02:12 AM",37.4859
"2017-02-03:12 AM",31.1776
"2017-02-04:12 AM",27.3598
"2017-02-05:12 AM",36.1996
"2017-02-06:12 AM",43.0113
"2017-02-07:12 AM",54.8458
"2017-02-08:12 AM",55.9074
"2017-02-09:12 AM",33.6573
"2017-02-10:12 AM",26.4796
"2017-02-11:12 AM",43.7239
"2017-02-12:12 AM",47.5367
"2017-02-13:12 AM",35.4933
"2017-02-14:12 AM",36.226
"2017-02-15:12 AM",38.6802
"2017-02-16:12 AM",31.4416
"2017-02-17:12 AM",33.5109
"2017-02-18:12 AM",46.7568
"2017-02-19:12 AM",54.322
"2017-02-20:12 AM",49.6774
"2017-02-21:12 AM",44.508
"2017-02-22:12 AM",49.3763
"2017-02-23:12 AM",57.7269
"2017-02-24:12 AM",59.9164
"2017-02-25:12 AM",57.0119
"2017-02-26:12 AM",36.2845
"2017-02-27:12 AM",41.081
"2017-02-28:12 AM",52.0534
"2017-03-01:12 AM",63.2955
"2017-03-02:12 AM",44.2584
"2017-03-03:12 AM",34.3222
"2017-03-04:12 AM",29.3173
"2017-03-05:12 AM",26.0778
"2017-03-06:12 AM",37.5544
"2017-03-07:12 AM",52.0003
"2017-03-08:12 AM",52.2822
"2017-03-09:12 AM",51.0132
"2017-03-10:12 AM",39.2979
"2017-03-11:12 AM",26.4366
"2017-03-12:12 AM",27.7894
"2017-03-13:12 AM",30.4313
"2017-03-14:12 AM",30.6979
"2017-03-15:12 AM",21.8862
"2017-03-16:12 AM",27.0154
"2017-03-17:12 AM",33.0845
"2017-03-18:12 AM",40.9537
"2017-03-19:12 AM",37.9522
"2017-03-20:12 AM",40.7644
"2017-03-21:12 AM",46.6012
"2017-03-22:12 AM",38.6348
"2017-03-23:12 AM",33.0373
"2017-03-24:12 AM",44.965
"2017-03-25:12 AM",60.8155
"2017-03-26:12 AM",49.8196
"2017-03-27:12 AM",54.9489
"2017-03-28:12 AM",59.9545
"2017-03-29:12 AM",51.4202
"2017-03-30:12 AM",45.108
"2017-03-31:12 AM",48.3084
"2017-04-01:12 AM",45.6602
"2017-04-02:12 AM",46.7168
"2017-04-03:12 AM",52.3711
"2017-04-04:12 AM",63.1033
"2017-04-05:12 AM",58.8052
"2017-04-06:12 AM",55.6034
"2017-04-07:12 AM",42.2132
"2017-04-08:12 AM",43.7752
"2017-04-09:12 AM",51.2074
"2017-04-10:12 AM",59.383
"2017-04-11:12 AM",64.2853
"2017-04-12:12 AM",63.577
"2017-04-13:12 AM",55.5361
"2017-04-14:12 AM",55.6891
"2017-04-15:12 AM",58.3414
"2017-04-16:12 AM",69.251
"2017-04-17:12 AM",62.9589
"2017-04-18:12 AM",57.6459
"2017-04-19:12 AM",53.7519
"2017-04-20:12 AM",64.7199
"2017-04-21:12 AM",65.6206
"2017-04-22:12 AM",53.6995
"2017-04-23:12 AM",50.8766
"2017-04-24:12 AM",50.8012
"2017-04-25:12 AM",54.7993
"2017-04-26:12 AM",58.5981
"2017-04-27:12 AM",64.9269
"2017-04-28:12 AM",69.7242
"2017-04-29:12 AM",74.7257
"2017-04-30:12 AM",71.1271
"2017-05-01:12 AM",69.7703
"2017-05-02:12 AM",65.6094
"2017-05-03:12 AM",56.4861
"2017-05-04:12 AM",55.2699
"2017-05-05:12 AM",62.775
"2017-05-06:12 AM",54.1373
"2017-05-07:12 AM",51.0066
"2017-05-08:12 AM",48.9852
"2017-05-09:12 AM",51.748
"2017-05-10:12 AM",57.4457
"2017-05-11:12 AM",53.6063
"2017-05-12:12 AM",51.3138
"2017-05-13:12 AM",50.788
"2017-05-14:12 AM",59.115
"2017-05-15:12 AM",57.8872
"2017-05-16:12 AM",63.0277
"2017-05-17:12 AM",71.7895
"2017-05-18:12 AM",75.7305
"2017-05-19:12 AM",75.643
"2017-05-20:12 AM",64.2015
"2017-05-21:12 AM",59.5526
"2017-05-22:12 AM",61.4334
"2017-05-23:12 AM",60.2524
"2017-05-24:12 AM",60.6081
"2017-05-25:12 AM",61.7236
"2017-05-26:12 AM",63.6886
"2017-05-27:12 AM",63.6093
"2017-05-28:12 AM",64.1268
"2017-05-29:12 AM",67.446
"2017-05-30:12 AM",63.0804
"2017-05-31:12 AM",68.3614
"2017-06-01:12 AM",67.7552
"2017-06-02:12 AM",66.7303
"2017-06-03:12 AM",66.3337
"2017-06-04:12 AM",69.4794
"2017-06-05:12 AM",68.5539
"2017-06-06:12 AM",66.56
"2017-06-07:12 AM",59.5096
"2017-06-08:12 AM",59.3604
"2017-06-09:12 AM",65.14
"2017-06-10:12 AM",72.2379
"2017-06-11:12 AM",76.581
"2017-06-12:12 AM",77.8357
"2017-06-13:12 AM",79.3488
"2017-06-14:12 AM",77.3506
"2017-06-15:12 AM",71.964
"2017-06-16:12 AM",73.6234
"2017-06-17:12 AM",75.4408
"2017-06-18:12 AM",79.5421
"2017-06-19:12 AM",77.5744
"2017-06-20:12 AM",73.9711
"2017-06-21:12 AM",74.7174
"2017-06-22:12 AM",78.5401
"2017-06-23:12 AM",78.2544
"2017-06-24:12 AM",78.0082
"2017-06-25:12 AM",73.4549
"2017-06-26:12 AM",70.7358
"2017-06-27:12 AM",69.7671
"2017-06-28:12 AM",68.1798
"2017-06-29:12 AM",73.7791
"2017-06-30:12 AM",78.906
"2017-07-01:12 AM",78.1569
"2017-07-02:12 AM",78.5323
"2017-07-03:12 AM",79.1469
"2017-07-04:12 AM",79.1602
"2017-07-05:12 AM",74.2217
"2017-07-06:12 AM",72.2037
"2017-07-07:12 AM",77.2043
"2017-07-08:12 AM",77.4111
"2017-07-09:12 AM",73.4742
"2017-07-10:12 AM",76.8511
"2017-07-11:12 AM",80.7645
"2017-07-12:12 AM",80.6641
"2017-07-13:12 AM",83.2642
"2017-07-14:12 AM",81.5689
"2017-07-15:12 AM",78.1855
"2017-07-16:12 AM",76.5563
"2017-07-17:12 AM",78.4861
"2017-07-18:12 AM",80.0836
"2017-07-19:12 AM",81.0829
"2017-07-20:12 AM",83.9183
"2017-07-21:12 AM",84.2787
"2017-07-22:12 AM",83.485
"2017-07-23:12 AM",79.5942
"2017-07-24:12 AM",79.495
"2017-07-25:12 AM",72.437
"2017-07-26:12 AM",71.908
"2017-07-27:12 AM",76.4087
"2017-07-28:12 AM",73.3208
"2017-07-29:12 AM",68.0954
"2017-07-30:12 AM",68.4176
"2017-07-31:12 AM",71.1529
"2017-08-01:12 AM",76.237
"2017-08-02:12 AM",77.2299
"2017-08-03:12 AM",77.389
"2017-08-04:12 AM",77.8246
"2017-08-05:12 AM",73.0308
"2017-08-06:12 AM",71.3046
"2017-08-07:12 AM",70.7621
"2017-08-08:12 AM",70.0063
"2017-08-09:12 AM",70.0401
"2017-08-10:12 AM",70.4493
"2017-08-11:12 AM",72.3493
"2017-08-12:12 AM",75.0747
"2017-08-13:12 AM",72.432
"2017-08-14:12 AM",70.4568
"2017-08-15:12 AM",72.7691
"2017-08-16:12 AM",75.6234
"2017-08-17:12 AM",77.3199
"2017-08-18:12 AM",79.8003
"2017-08-19:12 AM",77.2313
"2017-08-20:12 AM",73.9378
"2017-08-21:12 AM",76.6186
"2017-08-22:12 AM",80.541
"2017-08-23:12 AM",77.1134
"2017-08-24:12 AM",69.5887
"2017-08-25:12 AM",69.6808
"2017-08-26:12 AM",69.6205
"2017-08-27:12 AM",68.3875
"2017-08-28:12 AM",67.0338
"2017-08-29:12 AM",64.9179
"2017-08-30:12 AM",65.853
"2017-08-31:12 AM",72.0428
"2017-09-01:12 AM",61.981
"2017-09-02:12 AM",59.4477
"2017-09-03:12 AM",65.3835
"2017-09-04:12 AM",69.1704
"2017-09-05:12 AM",75.042
"2017-09-06:12 AM",66.5296
"2017-09-07:12 AM",61.8886
"2017-09-08:12 AM",62.1165
"2017-09-09:12 AM",60.4864
"2017-09-10:12 AM",59.2443
"2017-09-11:12 AM",61.6249
"2017-09-12:12 AM",65.2642
"2017-09-13:12 AM",69.8887
"2017-09-14:12 AM",69.9654
"2017-09-15:12 AM",70.2396
"2017-09-16:12 AM",70.9329
"2017-09-17:12 AM",70.3909
"2017-09-18:12 AM",69.4717
"2017-09-19:12 AM",71.337
"2017-09-20:12 AM",72.8683
"2017-09-21:12 AM",72.2856
"2017-09-22:12 AM",72.4982
"2017-09-23:12 AM",71.3237
"2017-09-24:12 AM",72.7318
"2017-09-25:12 AM",73.1426
"2017-09-26:12 AM",71.7316
"2017-09-27:12 AM",75.7252
"2017-09-28:12 AM",71.0991
"2017-09-29:12 AM",59.9164
"2017-09-30:12 AM",59.0432
"2017-10-01:12 AM",53.8336
"2017-10-02:12 AM",57.3166
"2017-10-03:12 AM",59.4315
"2017-10-04:12 AM",60.8972
"2017-10-05:12 AM",68.1161
"2017-10-06:12 AM",68.9148
"2017-10-07:12 AM",71.235
"2017-10-08:12 AM",75.2284
"2017-10-09:12 AM",74.3524
"2017-10-10:12 AM",74.4701
"2017-10-11:12 AM",69.3563
"2017-10-12:12 AM",63.1443
"2017-10-13:12 AM",61.0279
"2017-10-14:12 AM",62.6614
"2017-10-15:12 AM",66.6435
"2017-10-16:12 AM",58.7669
"2017-10-17:12 AM",49.0575
"2017-10-18:12 AM",52.3596
"2017-10-19:12 AM",56.4004
"2017-10-20:12 AM",60.5444
"2017-10-21:12 AM",59.243
"2017-10-22:12 AM",60.8054
"2017-10-23:12 AM",66.0319
"2017-10-24:12 AM",66.2851
"2017-10-25:12 AM",56.0426
"2017-10-26:12 AM",49.5914
"2017-10-27:12 AM",51.647
"2017-10-28:12 AM",58.8223
"2017-10-29:12 AM",58.8517
"2017-10-30:12 AM",45.7731
"2017-10-31:12 AM",48.3631
"2017-11-01:12 AM",52.5162
"2017-11-02:12 AM",61.569
"2017-11-03:12 AM",64.2823
"2017-11-04:12 AM",52.6759
"2017-11-05:12 AM",57.6442
"2017-11-06:12 AM",61.0554
"2017-11-07:12 AM",45.2885
"2017-11-08:12 AM",42.791
"2017-11-09:12 AM",47.3081
"2017-11-10:12 AM",38.4598
"2017-11-11:12 AM",29.17
"2017-11-12:12 AM",35.5093
"2017-11-13:12 AM",40.762
"2017-11-14:12 AM",41.6331
"2017-11-15:12 AM",42.7636
"2017-11-16:12 AM",46.8408
"2017-11-17:12 AM",41.3526
"2017-11-18:12 AM",46.5298
"2017-11-19:12 AM",47.7824
"2017-11-20:12 AM",38.6758
"2017-11-21:12 AM",46.7353
"2017-11-22:12 AM",47.6955
"2017-11-23:12 AM",34.308
"2017-11-24:12 AM",37.6299
"2017-11-25:12 AM",45.1398
"2017-11-26:12 AM",44.6952
"2017-11-27:12 AM",43.0002
"2017-11-28:12 AM",46.0535
"2017-11-29:12 AM",50.088
"2017-11-30:12 AM",47.0781
"2017-12-01:12 AM",45.7606
"2017-12-02:12 AM",41.1438
"2017-12-03:12 AM",42.7833
"2017-12-04:12 AM",41.6442
"2017-12-05:12 AM",52.6379
"2017-12-06:12 AM",43.7454
"2017-12-07:12 AM",40.1668
"2017-12-08:12 AM",35.1651
"2017-12-09:12 AM",31.7599
"2017-12-10:12 AM",29.3639
"2017-12-11:12 AM",34.2127
"2017-12-12:12 AM",37.6599
"2017-12-13:12 AM",25.6258
"2017-12-14:12 AM",33.0114
"2017-12-15:12 AM",27.1114
"2017-12-16:12 AM",32.4226
"2017-12-17:12 AM",36.451
"2017-12-18:12 AM",40.2435
"2017-12-19:12 AM",47.588
"2017-12-20:12 AM",43.752
"2017-12-21:12 AM",35.4589
"2017-12-22:12 AM",40.8367
"2017-12-23:12 AM",50.8422
"2017-12-24:12 AM",38.7297
"2017-12-25:12 AM",31.0959
"2017-12-26:12 AM",27.7932
"2017-12-27:12 AM",24.4477
"2017-12-28:12 AM",16.8172
"2017-12-29:12 AM",19.4094
"2017-12-30:12 AM",24.5172
"2017-12-31:12 AM",15.9238
"2018-01-01:12 AM",13.867
"2018-01-02:12 AM",14.0554
"2018-01-03:12 AM",20.6859
"2018-01-04:12 AM",20.5056
"2018-01-05:12 AM",10.2083
"2018-01-06:12 AM",8.7778
"2018-01-07:12 AM",9.9163
"2018-01-08:12 AM",24.6324
"2018-01-09:12 AM",34.2691
"2018-01-10:12 AM",33.2357
"2018-01-11:12 AM",43.0657
"2018-01-12:12 AM",58.3673
"2018-01-13:12 AM",34.5504
"2018-01-14:12 AM",18.7074
"2018-01-15:12 AM",21.1885
"2018-01-16:12 AM",29.6582
"2018-01-17:12 AM",23.9212
"2018-01-18:12 AM",21.9686
"2018-01-19:12 AM",31.6931
"2018-01-20:12 AM",37.5118
"2018-01-21:12 AM",41.5776
"2018-01-22:12 AM",49.9653
"2018-01-23:12 AM",50.3199
"2018-01-24:12 AM",36.4217
"2018-01-25:12 AM",30.9852
"2018-01-26:12 AM",31.9962
"2018-01-27:12 AM",42.3867
"2018-01-28:12 AM",47.8017
"2018-01-29:12 AM",39.4974
"2018-01-30:12 AM",29.907
"2018-01-31:12 AM",25.8399
"2018-02-01:12 AM",39.9092
"2018-02-02:12 AM",27.1168
"2018-02-03:12 AM",23.542
"2018-02-04:12 AM",33.7658
"2018-02-05:12 AM",27.0363
"2018-02-06:12 AM",31.6863
"2018-02-07:12 AM",34.9704
"2018-02-08:12 AM",26.8698
"2018-02-09:12 AM",31.4258
"2018-02-10:12 AM",41.5209
"2018-02-11:12 AM",54.8326
"2018-02-12:12 AM",42.3468
"2018-02-13:12 AM",33.9872
"2018-02-14:12 AM",40.4758
"2018-02-15:12 AM",56.4314
"2018-02-16:12 AM",55.0668
"2018-02-17:12 AM",34.9504
"2018-02-18:12 AM",36.8748
"2018-02-19:12 AM",41.6649
"2018-02-20:12 AM",56.7727
"2018-02-21:12 AM",63.361
"2018-02-22:12 AM",49.8954
"2018-02-23:12 AM",42.1551
"2018-02-24:12 AM",46.9864
"2018-02-25:12 AM",49.7584
"2018-02-26:12 AM",45.6184
"2018-02-27:12 AM",41.9398
"2018-02-28:12 AM",46.3591
"2018-03-01:12 AM",48.9884
"2018-03-02:12 AM",38.6179
"2018-03-03:12 AM",35.4369
"2018-03-04:12 AM",36.4001
"2018-03-05:12 AM",33.3705
"2018-03-06:12 AM",35.8207
"2018-03-07:12 AM",36.4779
"2018-03-08:12 AM",33.6466
"2018-03-09:12 AM",32.6658
"2018-03-10:12 AM",33.4146
"2018-03-11:12 AM",34.1569
"2018-03-12:12 AM",34.36
"2018-03-13:12 AM",33.5712
"2018-03-14:12 AM",31.415
"2018-03-15:12 AM",35.3102
"2018-03-16:12 AM",33.8751
"2018-03-17:12 AM",33.6443
"2018-03-18:12 AM",37.5082
"2018-03-19:12 AM",42.1614
"2018-03-20:12 AM",35.0332
"2018-03-21:12 AM",32.4131
"2018-03-22:12 AM",33.8207
"2018-03-23:12 AM",34.6633
"2018-03-24:12 AM",36.1528
"2018-03-25:12 AM",34.8975
"2018-03-26:12 AM",35.411
"2018-03-27:12 AM",36.2309
"2018-03-28:12 AM",45.1461
"2018-03-29:12 AM",54.478
"2018-03-30:12 AM",56.565
"2018-03-31:12 AM",43.4156
"2018-04-01:12 AM",49.5932
"2018-04-02:12 AM",42.4135
"2018-04-03:12 AM",44.6436
"2018-04-04:12 AM",51.9789
"2018-04-05:12 AM",37.4009
"2018-04-06:12 AM",49.1038
"2018-04-07:12 AM",40.6573
"2018-04-08:12 AM",36.4566
"2018-04-09:12 AM",38.6704
"2018-04-10:12 AM",40.6575
"2018-04-11:12 AM",42.5874
"2018-04-12:12 AM",54.0484
"2018-04-13:12 AM",64.2781
"2018-04-14:12 AM",67.2636
"2018-04-15:12 AM",56.165
"2018-04-16:12 AM",50.2761
"2018-04-17:12 AM",39.7553
"2018-04-18:12 AM",43.4055
"2018-04-19:12 AM",46.0746
"2018-04-20:12 AM",42.0003
"2018-04-21:12 AM",45.2392
"2018-04-22:12 AM",50.7954
"2018-04-23:12 AM",53.4742
"2018-04-24:12 AM",51.9678
"2018-04-25:12 AM",56.4454
"2018-04-26:12 AM",53.0701
"2018-04-27:12 AM",55.2333
"2018-04-28:12 AM",57.1845
"2018-04-29:12 AM",45.3063
"2018-04-30:12 AM",49.6836
"2018-05-01:12 AM",59.3805
"2018-05-02:12 AM",67.2706
"2018-05-03:12 AM",72.284
"2018-05-04:12 AM",73.1772
"2018-05-05:12 AM",63.0262
"2018-05-06:12 AM",60.9064
"2018-05-07:12 AM",59.4466
"2018-05-08:12 AM",59.5405
"2018-05-09:12 AM",59.8462
"2018-05-10:12 AM",65.1897
"2018-05-11:12 AM",66.9972
"2018-05-12:12 AM",71.0584
"2018-05-13:12 AM",63.5734
"2018-05-14:12 AM",66.4462
"2018-05-15:12 AM",73.3966
"2018-05-16:12 AM",68.5499
"2018-05-17:12 AM",66.2389
"2018-05-18:12 AM",60.6585
"2018-05-19:12 AM",62.0308
"2018-05-20:12 AM",71.4956
"2018-05-21:12 AM",67.7916
"2018-05-22:12 AM",67.2559
"2018-05-23:12 AM",69.0426
"2018-05-24:12 AM",67.4465
"2018-05-25:12 AM",70.5011
"2018-05-26:12 AM",74.8432
"2018-05-27:12 AM",74.1402
"2018-05-28:12 AM",65.2734
"2018-05-29:12 AM",71.4792
"2018-05-30:12 AM",69.8238
"2018-05-31:12 AM",71.4985
"2018-06-01:12 AM",75.175
"2018-06-02:12 AM",73.8268
"2018-06-03:12 AM",64.0605
"2018-06-04:12 AM",61.704
"2018-06-05:12 AM",66.007
"2018-06-06:12 AM",62.5806
"2018-06-07:12 AM",63.6784
"2018-06-08:12 AM",69.854
"2018-06-09:12 AM",72.5259
"2018-06-10:12 AM",70.4953
"2018-06-11:12 AM",61.7605
"2018-06-12:12 AM",63.9635
"2018-06-13:12 AM",71.8597
"2018-06-14:12 AM",72.6631
"2018-06-15:12 AM",69.1254
"2018-06-16:12 AM",70.1206
"2018-06-17:12 AM",75.3949
"2018-06-18:12 AM",77.482
"2018-06-19:12 AM",78.8077
"2018-06-20:12 AM",75.1089
"2018-06-21:12 AM",74.2386
"2018-06-22:12 AM",67.9469
"2018-06-23:12 AM",71.8551
"2018-06-24:12 AM",76.0464
"2018-06-25:12 AM",72.1098
"2018-06-26:12 AM",69.4562
"2018-06-27:12 AM",71.4987
"2018-06-28:12 AM",77.1352
"2018-06-29:12 AM",77.8222
"2018-06-30:12 AM",78.3273
"2018-07-01:12 AM",79.695
"2018-07-02:12 AM",81.6228
"2018-07-03:12 AM",82.6029
"2018-07-04:12 AM",80.0449
"2018-07-05:12 AM",79.7081
"2018-07-06:12 AM",77.3771
"2018-07-07:12 AM",69.2314
"2018-07-08:12 AM",67.3104
"2018-07-09:12 AM",69.2589
"2018-07-10:12 AM",75.346
"2018-07-11:12 AM",77.9427
"2018-07-12:12 AM",74.3563
"2018-07-13:12 AM",73.0566
"2018-07-14:12 AM",73.8822
"2018-07-15:12 AM",77.0655
"2018-07-16:12 AM",80.1631
"2018-07-17:12 AM",79.7135
"2018-07-18:12 AM",74.3621
"2018-07-19:12 AM",72.8416
"2018-07-20:12 AM",73.5904
"2018-07-21:12 AM",69.3016
"2018-07-22:12 AM",72.0361
"2018-07-23:12 AM",76.073
"2018-07-24:12 AM",75.1431
"2018-07-25:12 AM",74.6625
"2018-07-26:12 AM",75.794
"2018-07-27:12 AM",77.3875
"2018-07-28:12 AM",74.6006
"2018-07-29:12 AM",73.2511
"2018-07-30:12 AM",70.3495
"2018-07-31:12 AM",73.4932
"2018-08-01:12 AM",77.2151
"2018-08-02:12 AM",77.05
"2018-08-03:12 AM",74.9583
"2018-08-04:12 AM",76.0089
"2018-08-05:12 AM",78.0139
"2018-08-06:12 AM",78.7231
"2018-08-07:12 AM",79.228
"2018-08-08:12 AM",78.7647
"2018-08-09:12 AM",77.5701
"2018-08-10:12 AM",78.1621
"2018-08-11:12 AM",76.3981
"2018-08-12:12 AM",75.1053
"2018-08-13:12 AM",73.553
"2018-08-14:12 AM",72.8294
"2018-08-15:12 AM",76.2247
"2018-08-16:12 AM",78.0994
"2018-08-17:12 AM",80.5658
"2018-08-18:12 AM",78.1961
"2018-08-19:12 AM",72.601
"2018-08-20:12 AM",70.8015
"2018-08-21:12 AM",74.1655
"2018-08-22:12 AM",74.6013
"2018-08-23:12 AM",67.251
"2018-08-24:12 AM",68.4574
"2018-08-25:12 AM",69.4603
"2018-08-26:12 AM",73.1221
"2018-08-27:12 AM",78.5507
"2018-08-28:12 AM",81.0189
"2018-08-29:12 AM",81.3231
"2018-08-30:12 AM",79.9052
"2018-08-31:12 AM",75.6369
"2018-09-01:12 AM",75.4538
"2018-09-02:12 AM",77.0122
"2018-09-03:12 AM",78.9427
"2018-09-04:12 AM",79.8573
"2018-09-05:12 AM",79.5598
"2018-09-06:12 AM",80.2796
"2018-09-07:12 AM",78.2735
"2018-09-08:12 AM",69.7827
"2018-09-09:12 AM",63.2464
"2018-09-10:12 AM",68.8296
"2018-09-11:12 AM",71.0148
"2018-09-12:12 AM",73.4308
"2018-09-13:12 AM",73.8171
"2018-09-14:12 AM",73.6066
"2018-09-15:12 AM",72.581
"2018-09-16:12 AM",70.9844
"2018-09-17:12 AM",72.7453
"2018-09-18:12 AM",74.8105
"2018-09-19:12 AM",72.8258
"2018-09-20:12 AM",70.3755
"2018-09-21:12 AM",70.9997
"2018-09-22:12 AM",69.5779
"2018-09-23:12 AM",61.9363
"2018-09-24:12 AM",63.5427
"2018-09-25:12 AM",70.6773
"2018-09-26:12 AM",74.253
"2018-09-27:12 AM",63.95
"2018-09-28:12 AM",62.6967
"2018-09-29:12 AM",63.0696
"2018-09-30:12 AM",63.2059
"2018-10-01:12 AM",68.4856
"2018-10-02:12 AM",71.1993
"2018-10-03:12 AM",70.8224
"2018-10-04:12 AM",72.9855
"2018-10-05:12 AM",66.0074
"2018-10-06:12 AM",67.9827
"2018-10-07:12 AM",72.703
"2018-10-08:12 AM",72.4537
"2018-10-09:12 AM",72.4104
"2018-10-10:12 AM",73.2074
"2018-10-11:12 AM",74.9766
"2018-10-12:12 AM",56.161
"2018-10-13:12 AM",50.801
"2018-10-14:12 AM",51.1155
"2018-10-15:12 AM",64.7382
"2018-10-16:12 AM",55.0553
"2018-10-17:12 AM",54.7309
"2018-10-18:12 AM",46.7483
"2018-10-19:12 AM",49.4019
"2018-10-20:12 AM",57.2169
"2018-10-21:12 AM",45.397
"2018-10-22:12 AM",43.783
"2018-10-23:12 AM",52.428
"2018-10-24:12 AM",46.7931
"2018-10-25:12 AM",43.4997
"2018-10-26:12 AM",44.8781
"2018-10-27:12 AM",49.7397
"2018-10-28:12 AM",50.0315
"2018-10-29:12 AM",49.6801
"2018-10-30:12 AM",47.8539
"2018-10-31:12 AM",54.9694
"2018-11-01:12 AM",62.8783
"2018-11-02:12 AM",65.8951
"2018-11-03:12 AM",50.8768
"2018-11-04:12 AM",45.8141
"2018-11-05:12 AM",53.4268
"2018-11-06:12 AM",58.545
"2018-11-07:12 AM",54.8832
"2018-11-08:12 AM",49.7345
"2018-11-09:12 AM",48.2112
"2018-11-10:12 AM",38.5128
"2018-11-11:12 AM",34.7171
"2018-11-12:12 AM",39.364
"2018-11-13:12 AM",44.5492
"2018-11-14:12 AM",37.1865
"2018-11-15:12 AM",36.9837
"2018-11-16:12 AM",38.6182
"2018-11-17:12 AM",39.2855
"2018-11-18:12 AM",41.2099
"2018-11-19:12 AM",46.886
"2018-11-20:12 AM",45.1459
"2018-11-21:12 AM",38.0257
"2018-11-22:12 AM",28.2682
"2018-11-23:12 AM",27.3283
"2018-11-24:12 AM",39.3568
"2018-11-25:12 AM",45.4289
"2018-11-26:12 AM",47.2437
"2018-11-27:12 AM",35.5482
"2018-11-28:12 AM",30.7967
"2018-11-29:12 AM",31.316
"2018-11-30:12 AM",37.038
"2018-12-01:12 AM",38.797
"2018-12-02:12 AM",51.9206
"2018-12-03:12 AM",50.6889
"2018-12-04:12 AM",37.6203
"2018-12-05:12 AM",32.3778
"2018-12-06:12 AM",33.8403
"2018-12-07:12 AM",33.3581
"2018-12-08:12 AM",30.2455
"2018-12-09:12 AM",30.3649
"2018-12-10:12 AM",30.0594
"2018-12-11:12 AM",29.8915
"2018-12-12:12 AM",34.2127
"2018-12-13:12 AM",39.0661
"2018-12-14:12 AM",41.5357
"2018-12-15:12 AM",48.7459
"2018-12-16:12 AM",44.506
"2018-12-17:12 AM",40.9363
"2018-12-18:12 AM",35.1277
"2018-12-19:12 AM",36.3753
"2018-12-20:12 AM",40.3839
"2018-12-21:12 AM",56.2568
"2018-12-22:12 AM",41.2504
"2018-12-23:12 AM",37.652
"2018-12-24:12 AM",37.9933
"2018-12-25:12 AM",33.4162
"2018-12-26:12 AM",34.2847
"2018-12-27:12 AM",36.9401
"2018-12-28:12 AM",51.2073
"2018-12-29:12 AM",45.8623
"2018-12-30:12 AM",39.8075
"2018-12-31:12 AM",42.627
"2019-01-01:12 AM",51.834
"2019-01-02:12 AM",41.8147
"2019-01-03:12 AM",42.1702
"2019-01-04:12 AM",40.528
"2019-01-05:12 AM",45.2075
"2019-01-06:12 AM",43.2957
"2019-01-07:12 AM",34.1368
"2019-01-08:12 AM",44.8272
"2019-01-09:12 AM",39.2635
"2019-01-10:12 AM",28.9729
"2019-01-11:12 AM",27.5704
"2019-01-12:12 AM",29.8481
"2019-01-13:12 AM",28.4032
"2019-01-14:12 AM",24.8137
"2019-01-15:12 AM",27.093
"2019-01-16:12 AM",28.7917
"2019-01-17:12 AM",29.6609
"2019-01-18:12 AM",33.9746
"2019-01-19:12 AM",35.7251
"2019-01-20:12 AM",34.7299
"2019-01-21:12 AM",13.028
"2019-01-22:12 AM",19.3899
"2019-01-23:12 AM",37.7247
"2019-01-24:12 AM",46.179
"2019-01-25:12 AM",30.5049
"2019-01-26:12 AM",29.5327
"2019-01-27:12 AM",34.9867
"2019-01-28:12 AM",29.2122
"2019-01-29:12 AM",32.4943
"2019-01-30:12 AM",20.3999
"2019-01-31:12 AM",11.5381
"2019-02-01:12 AM",17.7816
"2019-02-02:12 AM",22.6216
"2019-02-03:12 AM",34.9146
"2019-02-04:12 AM",38.322
"2019-02-05:12 AM",46.5397
"2019-02-06:12 AM",48.3924
"2019-02-07:12 AM",45.6791
"2019-02-08:12 AM",44.2101
"2019-02-09:12 AM",27.5238
"2019-02-10:12 AM",29.0651
"2019-02-11:12 AM",32.1697
"2019-02-12:12 AM",36.5234
"2019-02-13:12 AM",35.742
"2019-02-14:12 AM",36.9482
"2019-02-15:12 AM",49.0143
"2019-02-16:12 AM",36.4723
"2019-02-17:12 AM",33.2287
"2019-02-18:12 AM",37.4648
"2019-02-19:12 AM",30.5078
"2019-02-20:12 AM",31.9743
"2019-02-21:12 AM",36.9939
"2019-02-22:12 AM",39.5578
"2019-02-23:12 AM",37.611
"2019-02-24:12 AM",40.7935
"2019-02-25:12 AM",34.5711
"2019-02-26:12 AM",34.5229
"2019-02-27:12 AM",33.5196
"2019-02-28:12 AM",35.3343
"2019-03-01:12 AM",33.3592
"2019-03-02:12 AM",35.4834
"2019-03-03:12 AM",35.9065
"2019-03-04:12 AM",30.5355
"2019-03-05:12 AM",25.9756
"2019-03-06:12 AM",21.8824
"2019-03-07:12 AM",27.2442
"2019-03-08:12 AM",32.1327
"2019-03-09:12 AM",33.4854
"2019-03-10:12 AM",46.0233
"2019-03-11:12 AM",46.265
"2019-03-12:12 AM",37.9062
"2019-03-13:12 AM",40.338
"2019-03-14:12 AM",50.6068
"2019-03-15:12 AM",59.9275