"DateTime","(deg F) Mean Temperature (CFSR) at Massachusetts, 2010-01-01 to 2019-03-14"
"2010-01-01:12 AM",30.5983
"2010-01-02:12 AM",27.8118
"2010-01-03:12 AM",18.5112
"2010-01-04:12 AM",22.6733
"2010-01-05:12 AM",22.5352
"2010-01-06:12 AM",23.086
"2010-01-07:12 AM",26.1399
"2010-01-08:12 AM",24.5523
"2010-01-09:12 AM",18.9705
"2010-01-10:12 AM",15.3435
"2010-01-11:12 AM",21.7276
"2010-01-12:12 AM",23.4648
"2010-01-13:12 AM",19.6772
"2010-01-14:12 AM",26.2362
"2010-01-15:12 AM",34.1456
"2010-01-16:12 AM",33.4956
"2010-01-17:12 AM",33.9051
"2010-01-18:12 AM",34.7446
"2010-01-19:12 AM",34.1346
"2010-01-20:12 AM",31.8578
"2010-01-21:12 AM",28.954
"2010-01-22:12 AM",28.479
"2010-01-23:12 AM",25.336
"2010-01-24:12 AM",29.64
"2010-01-25:12 AM",47.3052
"2010-01-26:12 AM",36.9446
"2010-01-27:12 AM",31.5781
"2010-01-28:12 AM",29.552
"2010-01-29:12 AM",13.23
"2010-01-30:12 AM",10.9578
"2010-01-31:12 AM",17.7091
"2010-02-01:12 AM",22.8844
"2010-02-02:12 AM",23.3784
"2010-02-03:12 AM",26.9224
"2010-02-04:12 AM",24.6375
"2010-02-05:12 AM",24.9661
"2010-02-06:12 AM",21.7708
"2010-02-07:12 AM",18.5063
"2010-02-08:12 AM",20.8819
"2010-02-09:12 AM",24.1349
"2010-02-10:12 AM",29.7401
"2010-02-11:12 AM",28.7274
"2010-02-12:12 AM",24.1599
"2010-02-13:12 AM",22.7017
"2010-02-14:12 AM",25.9457
"2010-02-15:12 AM",28.7341
"2010-02-16:12 AM",30.756
"2010-02-17:12 AM",28.9551
"2010-02-18:12 AM",30.7913
"2010-02-19:12 AM",29.3972
"2010-02-20:12 AM",32.7074
"2010-02-21:12 AM",30.126
"2010-02-22:12 AM",30.915
"2010-02-23:12 AM",33.8166
"2010-02-24:12 AM",37.3874
"2010-02-25:12 AM",39.0438
"2010-02-26:12 AM",35.2236
"2010-02-27:12 AM",32.8296
"2010-02-28:12 AM",31.5837
"2010-03-01:12 AM",35.1487
"2010-03-02:12 AM",36.0327
"2010-03-03:12 AM",34.3026
"2010-03-04:12 AM",33.3968
"2010-03-05:12 AM",31.678
"2010-03-06:12 AM",34.0331
"2010-03-07:12 AM",36.2689
"2010-03-08:12 AM",38.9829
"2010-03-09:12 AM",38.5515
"2010-03-10:12 AM",36.4561
"2010-03-11:12 AM",37.6839
"2010-03-12:12 AM",38.2665
"2010-03-13:12 AM",36.952
"2010-03-14:12 AM",41.461
"2010-03-15:12 AM",38.349
"2010-03-16:12 AM",38.8197
"2010-03-17:12 AM",42.0899
"2010-03-18:12 AM",45.6013
"2010-03-19:12 AM",48.0927
"2010-03-20:12 AM",49.3497
"2010-03-21:12 AM",44.1923
"2010-03-22:12 AM",43.4799
"2010-03-23:12 AM",42.9809
"2010-03-24:12 AM",39.3976
"2010-03-25:12 AM",43.6424
"2010-03-26:12 AM",34.0898
"2010-03-27:12 AM",28.1199
"2010-03-28:12 AM",34.1523
"2010-03-29:12 AM",46.5894
"2010-03-30:12 AM",44.3302
"2010-03-31:12 AM",43.3117
"2010-04-01:12 AM",45.8521
"2010-04-02:12 AM",49.5331
"2010-04-03:12 AM",49.6391
"2010-04-04:12 AM",51.6783
"2010-04-05:12 AM",52.1128
"2010-04-06:12 AM",53.7701
"2010-04-07:12 AM",60.7307
"2010-04-08:12 AM",55.1388
"2010-04-09:12 AM",48.7666
"2010-04-10:12 AM",39.7384
"2010-04-11:12 AM",47.9399
"2010-04-12:12 AM",45.8856
"2010-04-13:12 AM",44.0184
"2010-04-14:12 AM",46.4151
"2010-04-15:12 AM",48.3499
"2010-04-16:12 AM",42.4582
"2010-04-17:12 AM",40.9131
"2010-04-18:12 AM",41.7051
"2010-04-19:12 AM",46.2159
"2010-04-20:12 AM",51.7235
"2010-04-21:12 AM",53.7829
"2010-04-22:12 AM",52.8629
"2010-04-23:12 AM",49.0602
"2010-04-24:12 AM",51.0883
"2010-04-25:12 AM",50.1202
"2010-04-26:12 AM",49.0993
"2010-04-27:12 AM",45.8269
"2010-04-28:12 AM",40.7656
"2010-04-29:12 AM",47.1715
"2010-04-30:12 AM",55.3838
"2010-05-01:12 AM",62.6439
"2010-05-02:12 AM",65.6137
"2010-05-03:12 AM",68.077
"2010-05-04:12 AM",62.7474
"2010-05-05:12 AM",61.4298
"2010-05-06:12 AM",61.4701
"2010-05-07:12 AM",55.1338
"2010-05-08:12 AM",54.628
"2010-05-09:12 AM",43.4199
"2010-05-10:12 AM",43.5459
"2010-05-11:12 AM",45.7191
"2010-05-12:12 AM",45.0689
"2010-05-13:12 AM",49.3966
"2010-05-14:12 AM",56.0813
"2010-05-15:12 AM",58.3633
"2010-05-16:12 AM",56.7887
"2010-05-17:12 AM",58.7518
"2010-05-18:12 AM",53.1111
"2010-05-19:12 AM",50.8143
"2010-05-20:12 AM",61.9722
"2010-05-21:12 AM",63.8069
"2010-05-22:12 AM",60.3223
"2010-05-23:12 AM",59.8478
"2010-05-24:12 AM",64.4169
"2010-05-25:12 AM",68.1123
"2010-05-26:12 AM",73.9053
"2010-05-27:12 AM",63.7576
"2010-05-28:12 AM",61.0448
"2010-05-29:12 AM",62.7485
"2010-05-30:12 AM",66.5755
"2010-05-31:12 AM",65.093
"2010-06-01:12 AM",66.574
"2010-06-02:12 AM",67.0392
"2010-06-03:12 AM",66.0105
"2010-06-04:12 AM",67.7462
"2010-06-05:12 AM",70.1577
"2010-06-06:12 AM",66.9281
"2010-06-07:12 AM",60.6196
"2010-06-08:12 AM",58.9478
"2010-06-09:12 AM",57.2097
"2010-06-10:12 AM",56.9304
"2010-06-11:12 AM",59.3443
"2010-06-12:12 AM",60.1234
"2010-06-13:12 AM",60.9019
"2010-06-14:12 AM",63.3177
"2010-06-15:12 AM",63.4779
"2010-06-16:12 AM",63.817
"2010-06-17:12 AM",65.6461
"2010-06-18:12 AM",69.0305
"2010-06-19:12 AM",69.3214
"2010-06-20:12 AM",71.1468
"2010-06-21:12 AM",71.1023
"2010-06-22:12 AM",69.3284
"2010-06-23:12 AM",70.673
"2010-06-24:12 AM",74.4433
"2010-06-25:12 AM",71.1273
"2010-06-26:12 AM",70.2966
"2010-06-27:12 AM",71.5564
"2010-06-28:12 AM",77.7151
"2010-06-29:12 AM",74.8666
"2010-06-30:12 AM",65.3279
"2010-07-01:12 AM",62.2576
"2010-07-02:12 AM",64.4306
"2010-07-03:12 AM",68.7547
"2010-07-04:12 AM",75.0328
"2010-07-05:12 AM",76.7478
"2010-07-06:12 AM",81.4633
"2010-07-07:12 AM",78.1614
"2010-07-08:12 AM",75.5242
"2010-07-09:12 AM",75.6061
"2010-07-10:12 AM",72.7297
"2010-07-11:12 AM",72.5747
"2010-07-12:12 AM",75.1008
"2010-07-13:12 AM",74.7327
"2010-07-14:12 AM",71.5406
"2010-07-15:12 AM",71.1783
"2010-07-16:12 AM",75.911
"2010-07-17:12 AM",77.6473
"2010-07-18:12 AM",77.7175
"2010-07-19:12 AM",73.9728
"2010-07-20:12 AM",73.7584
"2010-07-21:12 AM",72.4557
"2010-07-22:12 AM",73.949
"2010-07-23:12 AM",69.4018
"2010-07-24:12 AM",74.4607
"2010-07-25:12 AM",75.9263
"2010-07-26:12 AM",71.1642
"2010-07-27:12 AM",72.5693
"2010-07-28:12 AM",74.449
"2010-07-29:12 AM",76.0446
"2010-07-30:12 AM",68.1697
"2010-07-31:12 AM",65.0827
"2010-08-01:12 AM",66.2247
"2010-08-02:12 AM",68.4687
"2010-08-03:12 AM",72.2388
"2010-08-04:12 AM",76.9442
"2010-08-05:12 AM",75.8352
"2010-08-06:12 AM",74.2629
"2010-08-07:12 AM",64.9908
"2010-08-08:12 AM",69.4173
"2010-08-09:12 AM",76.3965
"2010-08-10:12 AM",75.1442
"2010-08-11:12 AM",72.6908
"2010-08-12:12 AM",68.1843
"2010-08-13:12 AM",67.6729
"2010-08-14:12 AM",65.9808
"2010-08-15:12 AM",67.2849
"2010-08-16:12 AM",71.9539
"2010-08-17:12 AM",75.7402
"2010-08-18:12 AM",72.126
"2010-08-19:12 AM",72.2667
"2010-08-20:12 AM",70.0457
"2010-08-21:12 AM",66.3564
"2010-08-22:12 AM",67.4112
"2010-08-23:12 AM",63.4537
"2010-08-24:12 AM",62.5555
"2010-08-25:12 AM",63.2154
"2010-08-26:12 AM",67.6425
"2010-08-27:12 AM",64.4801
"2010-08-28:12 AM",65.2572
"2010-08-29:12 AM",71.542
"2010-08-30:12 AM",74.1537
"2010-08-31:12 AM",77.6617
"2010-09-01:12 AM",79.1521
"2010-09-02:12 AM",78.3435
"2010-09-03:12 AM",74.3983
"2010-09-04:12 AM",70.4694
"2010-09-05:12 AM",62.776
"2010-09-06:12 AM",62.5354
"2010-09-07:12 AM",70.3472
"2010-09-08:12 AM",71.4213
"2010-09-09:12 AM",62.2702
"2010-09-10:12 AM",60.55
"2010-09-11:12 AM",60.5349
"2010-09-12:12 AM",57.7769
"2010-09-13:12 AM",58.3034
"2010-09-14:12 AM",61.3791
"2010-09-15:12 AM",58.1911
"2010-09-16:12 AM",58.8297
"2010-09-17:12 AM",62.1154
"2010-09-18:12 AM",58.5055
"2010-09-19:12 AM",62.1014
"2010-09-20:12 AM",60.2654
"2010-09-21:12 AM",57.9483
"2010-09-22:12 AM",68.8395
"2010-09-23:12 AM",65.8184
"2010-09-24:12 AM",68.4689
"2010-09-25:12 AM",71.9546
"2010-09-26:12 AM",61.275
"2010-09-27:12 AM",59.6086
"2010-09-28:12 AM",68.9887
"2010-09-29:12 AM",69.4144
"2010-09-30:12 AM",70.2271
"2010-10-01:12 AM",66.3676
"2010-10-02:12 AM",56.676
"2010-10-03:12 AM",52.295
"2010-10-04:12 AM",52.7439
"2010-10-05:12 AM",55.2457
"2010-10-06:12 AM",56.7991
"2010-10-07:12 AM",53.9917
"2010-10-08:12 AM",56.9934
"2010-10-09:12 AM",54.6184
"2010-10-10:12 AM",50.5477
"2010-10-11:12 AM",54.7846
"2010-10-12:12 AM",55.0089
"2010-10-13:12 AM",49.7381
"2010-10-14:12 AM",51.4587
"2010-10-15:12 AM",48.9929
"2010-10-16:12 AM",45.9223
"2010-10-17:12 AM",49.3221
"2010-10-18:12 AM",48.5695
"2010-10-19:12 AM",46.7427
"2010-10-20:12 AM",50.9151
"2010-10-21:12 AM",48.8754
"2010-10-22:12 AM",41.3951
"2010-10-23:12 AM",43.6285
"2010-10-24:12 AM",46.1376
"2010-10-25:12 AM",55.7375
"2010-10-26:12 AM",63.6055
"2010-10-27:12 AM",64.9467
"2010-10-28:12 AM",60.9926
"2010-10-29:12 AM",48.7405
"2010-10-30:12 AM",45.257
"2010-10-31:12 AM",45.4559
"2010-11-01:12 AM",37.6754
"2010-11-02:12 AM",38.1834
"2010-11-03:12 AM",38.1119
"2010-11-04:12 AM",46.2191
"2010-11-05:12 AM",49.7966
"2010-11-06:12 AM",42.3221
"2010-11-07:12 AM",39.3782
"2010-11-08:12 AM",38.611
"2010-11-09:12 AM",45.5693
"2010-11-10:12 AM",44.388
"2010-11-11:12 AM",41.2169
"2010-11-12:12 AM",44.5572
"2010-11-13:12 AM",47.0577
"2010-11-14:12 AM",44.7084
"2010-11-15:12 AM",47.2188
"2010-11-16:12 AM",47.9152
"2010-11-17:12 AM",51.5156
"2010-11-18:12 AM",42.4243
"2010-11-19:12 AM",35.8788
"2010-11-20:12 AM",38.8944
"2010-11-21:12 AM",32.2696
"2010-11-22:12 AM",44.136
"2010-11-23:12 AM",52.9525
"2010-11-24:12 AM",36.6071
"2010-11-25:12 AM",31.0775
"2010-11-26:12 AM",38.6638
"2010-11-27:12 AM",32.4851
"2010-11-28:12 AM",30.5758
"2010-11-29:12 AM",33.894
"2010-11-30:12 AM",39.09
"2010-12-01:12 AM",49.9059
"2010-12-02:12 AM",34.5592
"2010-12-03:12 AM",33.2715
"2010-12-04:12 AM",31.4307
"2010-12-05:12 AM",27.3911
"2010-12-06:12 AM",26.3212
"2010-12-07:12 AM",27.401
"2010-12-08:12 AM",25.5785
"2010-12-09:12 AM",20.8569
"2010-12-10:12 AM",20.2518
"2010-12-11:12 AM",32.7175
"2010-12-12:12 AM",42.4567
"2010-12-13:12 AM",43.4084
"2010-12-14:12 AM",22.7815
"2010-12-15:12 AM",18.2901
"2010-12-16:12 AM",23.6934
"2010-12-17:12 AM",25.0146
"2010-12-18:12 AM",27.6514
"2010-12-19:12 AM",29.6672
"2010-12-20:12 AM",26.7642
"2010-12-21:12 AM",28.2526
"2010-12-22:12 AM",30.5355
"2010-12-23:12 AM",30.4554
"2010-12-24:12 AM",27.2916
"2010-12-25:12 AM",25.3598
"2010-12-26:12 AM",27.6075
"2010-12-27:12 AM",24.253
"2010-12-28:12 AM",21.3994
"2010-12-29:12 AM",27.6287
"2010-12-30:12 AM",26.7579
"2010-12-31:12 AM",32.8125
"2011-01-01:12 AM",37.2022
"2011-01-02:12 AM",39.7697
"2011-01-03:12 AM",27.4971
"2011-01-04:12 AM",28.6115
"2011-01-05:12 AM",29.1535
"2011-01-06:12 AM",24.8767
"2011-01-07:12 AM",27.1926
"2011-01-08:12 AM",29.7925
"2011-01-09:12 AM",25.0245
"2011-01-10:12 AM",20.8846
"2011-01-11:12 AM",21.4164
"2011-01-12:12 AM",27.6514
"2011-01-13:12 AM",19.8032
"2011-01-14:12 AM",12.844
"2011-01-15:12 AM",15.764
"2011-01-16:12 AM",23.5789
"2011-01-17:12 AM",7.4109
"2011-01-18:12 AM",25.5281
"2011-01-19:12 AM",32.3958
"2011-01-20:12 AM",21.0087
"2011-01-21:12 AM",23.3074
"2011-01-22:12 AM",11.6904
"2011-01-23:12 AM",8.4069
"2011-01-24:12 AM",-3.8877
"2011-01-25:12 AM",18.2462
"2011-01-26:12 AM",24.964
"2011-01-27:12 AM",25.7909
"2011-01-28:12 AM",19.6475
"2011-01-29:12 AM",24.8432
"2011-01-30:12 AM",18.6996
"2011-01-31:12 AM",12.2758
"2011-02-01:12 AM",17.2306
"2011-02-02:12 AM",27.5983
"2011-02-03:12 AM",14.6683
"2011-02-04:12 AM",16.2394
"2011-02-05:12 AM",27.3117
"2011-02-06:12 AM",31.861
"2011-02-07:12 AM",26.2224
"2011-02-08:12 AM",27.0559
"2011-02-09:12 AM",13.7874
"2011-02-10:12 AM",17.2096
"2011-02-11:12 AM",10.2499
"2011-02-12:12 AM",25.2502
"2011-02-13:12 AM",24.4125
"2011-02-14:12 AM",36.6922
"2011-02-15:12 AM",15.7251
"2011-02-16:12 AM",24.5322
"2011-02-17:12 AM",36.4165
"2011-02-18:12 AM",42.3964
"2011-02-19:12 AM",28.2031
"2011-02-20:12 AM",20.5407
"2011-02-21:12 AM",21.7256
"2011-02-22:12 AM",15.5025
"2011-02-23:12 AM",19.5769
"2011-02-24:12 AM",24.8769
"2011-02-25:12 AM",34.191
"2011-02-26:12 AM",25.1186
"2011-02-27:12 AM",28.1413
"2011-02-28:12 AM",33.5894
"2011-03-01:12 AM",24.7444
"2011-03-02:12 AM",30.5544
"2011-03-03:12 AM",10.9083
"2011-03-04:12 AM",20.0624
"2011-03-05:12 AM",37.5795
"2011-03-06:12 AM",45.4125
"2011-03-07:12 AM",35.7778
"2011-03-08:12 AM",29.6391
"2011-03-09:12 AM",31.5624
"2011-03-10:12 AM",36.1873
"2011-03-11:12 AM",44.9508
"2011-03-12:12 AM",38.8258
"2011-03-13:12 AM",39.7724
"2011-03-14:12 AM",34.4419
"2011-03-15:12 AM",34.2552
"2011-03-16:12 AM",36.156
"2011-03-17:12 AM",42.4069
"2011-03-18:12 AM",49.4821
"2011-03-19:12 AM",39.1408
"2011-03-20:12 AM",33.3986
"2011-03-21:12 AM",34.0866
"2011-03-22:12 AM",36.3787
"2011-03-23:12 AM",32.212
"2011-03-24:12 AM",32.6341
"2011-03-25:12 AM",30.8417
"2011-03-26:12 AM",27.853
"2011-03-27:12 AM",29.4048
"2011-03-28:12 AM",30.3825
"2011-03-29:12 AM",33.4247
"2011-03-30:12 AM",36.7066
"2011-03-31:12 AM",38.1571
"2011-04-01:12 AM",34.9835
"2011-04-02:12 AM",38.6845
"2011-04-03:12 AM",39.3201
"2011-04-04:12 AM",41.4694
"2011-04-05:12 AM",46.9463
"2011-04-06:12 AM",38.7559
"2011-04-07:12 AM",38.4879
"2011-04-08:12 AM",39.8329
"2011-04-09:12 AM",42.5628
"2011-04-10:12 AM",45.5985
"2011-04-11:12 AM",52.7637
"2011-04-12:12 AM",51.2917
"2011-04-13:12 AM",43.254
"2011-04-14:12 AM",46.926
"2011-04-15:12 AM",40.494
"2011-04-16:12 AM",39.036
"2011-04-17:12 AM",49.561
"2011-04-18:12 AM",45.3972
"2011-04-19:12 AM",44.7008
"2011-04-20:12 AM",44.6499
"2011-04-21:12 AM",43.0376
"2011-04-22:12 AM",41.1433
"2011-04-23:12 AM",42.4054
"2011-04-24:12 AM",56.3997
"2011-04-25:12 AM",50.0428
"2011-04-26:12 AM",54.7423
"2011-04-27:12 AM",61.0662
"2011-04-28:12 AM",60.6616
"2011-04-29:12 AM",55.1385
"2011-04-30:12 AM",49.8691
"2011-05-01:12 AM",49.374
"2011-05-02:12 AM",50.5179
"2011-05-03:12 AM",56.2176
"2011-05-04:12 AM",52.8127
"2011-05-05:12 AM",47.136
"2011-05-06:12 AM",52.3798
"2011-05-07:12 AM",55.089
"2011-05-08:12 AM",51.6913
"2011-05-09:12 AM",53.0114
"2011-05-10:12 AM",50.6075
"2011-05-11:12 AM",50.0092
"2011-05-12:12 AM",51.6619
"2011-05-13:12 AM",53.2224
"2011-05-14:12 AM",52.2187
"2011-05-15:12 AM",54.6764
"2011-05-16:12 AM",48.1341
"2011-05-17:12 AM",48.5172
"2011-05-18:12 AM",52.4343
"2011-05-19:12 AM",55.5465
"2011-05-20:12 AM",55.6761
"2011-05-21:12 AM",56.9973
"2011-05-22:12 AM",52.693
"2011-05-23:12 AM",52.0052
"2011-05-24:12 AM",64.5687
"2011-05-25:12 AM",62.53
"2011-05-26:12 AM",63.2649
"2011-05-27:12 AM",68.0652
"2011-05-28:12 AM",66.2616
"2011-05-29:12 AM",67.0186
"2011-05-30:12 AM",71.5329
"2011-05-31:12 AM",68.0752
"2011-06-01:12 AM",68.4192
"2011-06-02:12 AM",61.4307
"2011-06-03:12 AM",56.2885
"2011-06-04:12 AM",57.0081
"2011-06-05:12 AM",55.9058
"2011-06-06:12 AM",61.8939
"2011-06-07:12 AM",68.0495
"2011-06-08:12 AM",74.3884
"2011-06-09:12 AM",76.5968
"2011-06-10:12 AM",67.3651
"2011-06-11:12 AM",57.5935
"2011-06-12:12 AM",55.8882
"2011-06-13:12 AM",56.37
"2011-06-14:12 AM",55.2191
"2011-06-15:12 AM",60.6283
"2011-06-16:12 AM",66.9976
"2011-06-17:12 AM",63.6622
"2011-06-18:12 AM",66.0823
"2011-06-19:12 AM",64.3473
"2011-06-20:12 AM",63.4678
"2011-06-21:12 AM",66.9157
"2011-06-22:12 AM",65.2131
"2011-06-23:12 AM",61.6242
"2011-06-24:12 AM",58.917
"2011-06-25:12 AM",61.8674
"2011-06-26:12 AM",65.4276
"2011-06-27:12 AM",68.4549
"2011-06-28:12 AM",69.436
"2011-06-29:12 AM",69.6951
"2011-06-30:12 AM",67.6891
"2011-07-01:12 AM",66.0666
"2011-07-02:12 AM",67.5864
"2011-07-03:12 AM",69.8857
"2011-07-04:12 AM",72.0001
"2011-07-05:12 AM",72.0549
"2011-07-06:12 AM",73.8235
"2011-07-07:12 AM",72.7279
"2011-07-08:12 AM",69.364
"2011-07-09:12 AM",71.3781
"2011-07-10:12 AM",69.0499
"2011-07-11:12 AM",74.1799
"2011-07-12:12 AM",78.1984
"2011-07-13:12 AM",72.7815
"2011-07-14:12 AM",65.2458
"2011-07-15:12 AM",68.1035
"2011-07-16:12 AM",70.7526
"2011-07-17:12 AM",73.8948
"2011-07-18:12 AM",75.1149
"2011-07-19:12 AM",73.5033
"2011-07-20:12 AM",72.5439
"2011-07-21:12 AM",78.1943
"2011-07-22:12 AM",82.8163
"2011-07-23:12 AM",79.1517
"2011-07-24:12 AM",74.4395
"2011-07-25:12 AM",64.9954
"2011-07-26:12 AM",69.0687
"2011-07-27:12 AM",70.7585
"2011-07-28:12 AM",70.216
"2011-07-29:12 AM",71.3912
"2011-07-30:12 AM",74.3718
"2011-07-31:12 AM",71.564
"2011-08-01:12 AM",74.3889
"2011-08-02:12 AM",73.3453
"2011-08-03:12 AM",68.416
"2011-08-04:12 AM",68.1397
"2011-08-05:12 AM",67.4938
"2011-08-06:12 AM",71.6808
"2011-08-07:12 AM",71.6
"2011-08-08:12 AM",72.1155
"2011-08-09:12 AM",69.3255
"2011-08-10:12 AM",70.4646
"2011-08-11:12 AM",68.5
"2011-08-12:12 AM",66.7026
"2011-08-13:12 AM",68.684
"2011-08-14:12 AM",67.982
"2011-08-15:12 AM",65.2896
"2011-08-16:12 AM",64.2214
"2011-08-17:12 AM",68.3897
"2011-08-18:12 AM",71.8983
"2011-08-19:12 AM",72.5256
"2011-08-20:12 AM",70.6586
"2011-08-21:12 AM",70.8152
"2011-08-22:12 AM",68.1202
"2011-08-23:12 AM",64.4562
"2011-08-24:12 AM",67.2737
"2011-08-25:12 AM",72.0894
"2011-08-26:12 AM",71.9433
"2011-08-27:12 AM",69.9316
"2011-08-28:12 AM",68.4469
"2011-08-29:12 AM",63.3182
"2011-08-30:12 AM",64.49
"2011-08-31:12 AM",67.0746
"2011-09-01:12 AM",65.3803
"2011-09-02:12 AM",63.5922
"2011-09-03:12 AM",68.0095
"2011-09-04:12 AM",71.9685
"2011-09-05:12 AM",71.1563
"2011-09-06:12 AM",62.1055
"2011-09-07:12 AM",60.0436
"2011-09-08:12 AM",61.2405
"2011-09-09:12 AM",65.1416
"2011-09-10:12 AM",64.1674
"2011-09-11:12 AM",59.3614
"2011-09-12:12 AM",66.0034
"2011-09-13:12 AM",68.8433
"2011-09-14:12 AM",69.5529
"2011-09-15:12 AM",64.558
"2011-09-16:12 AM",52.5375
"2011-09-17:12 AM",51.3255
"2011-09-18:12 AM",53.0062
"2011-09-19:12 AM",54.1998
"2011-09-20:12 AM",58.523
"2011-09-21:12 AM",63.8811
"2011-09-22:12 AM",67.0181
"2011-09-23:12 AM",67.5498
"2011-09-24:12 AM",70.4608
"2011-09-25:12 AM",68.5677
"2011-09-26:12 AM",68.2284
"2011-09-27:12 AM",66.0897
"2011-09-28:12 AM",65.4026
"2011-09-29:12 AM",66.9076
"2011-09-30:12 AM",63.2642
"2011-10-01:12 AM",61.3521
"2011-10-02:12 AM",57.1111
"2011-10-03:12 AM",54.6624
"2011-10-04:12 AM",55.7123
"2011-10-05:12 AM",54.7509
"2011-10-06:12 AM",49.2955
"2011-10-07:12 AM",49.7633
"2011-10-08:12 AM",59.383
"2011-10-09:12 AM",65.8519
"2011-10-10:12 AM",66.0263
"2011-10-11:12 AM",59.3026
"2011-10-12:12 AM",55.1352
"2011-10-13:12 AM",58.8186
"2011-10-14:12 AM",61.6685
"2011-10-15:12 AM",55.9
"2011-10-16:12 AM",54.8798
"2011-10-17:12 AM",55.593
"2011-10-18:12 AM",55.4434
"2011-10-19:12 AM",55.4599
"2011-10-20:12 AM",60.0165
"2011-10-21:12 AM",53.3795
"2011-10-22:12 AM",51.1389
"2011-10-23:12 AM",47.95
"2011-10-24:12 AM",49.0244
"2011-10-25:12 AM",49.39
"2011-10-26:12 AM",47.2246
"2011-10-27:12 AM",43.2896
"2011-10-28:12 AM",37.2628
"2011-10-29:12 AM",37.5121
"2011-10-30:12 AM",34.713
"2011-10-31:12 AM",34.3441
"2011-11-01:12 AM",39.1762
"2011-11-02:12 AM",40.4184
"2011-11-03:12 AM",47.8855
"2011-11-04:12 AM",44.4573
"2011-11-05:12 AM",38.0041
"2011-11-06:12 AM",40.8717
"2011-11-07:12 AM",46.1248
"2011-11-08:12 AM",53.0155
"2011-11-09:12 AM",53.3345
"2011-11-10:12 AM",56.0525
"2011-11-11:12 AM",44.7411
"2011-11-12:12 AM",41.8548
"2011-11-13:12 AM",49.627
"2011-11-14:12 AM",54.5992
"2011-11-15:12 AM",58.3329
"2011-11-16:12 AM",53.1102
"2011-11-17:12 AM",45.2788
"2011-11-18:12 AM",36.5652
"2011-11-19:12 AM",41.0855
"2011-11-20:12 AM",50.839
"2011-11-21:12 AM",45.4955
"2011-11-22:12 AM",38.8731
"2011-11-23:12 AM",40.1054
"2011-11-24:12 AM",36.3306
"2011-11-25:12 AM",44.0224
"2011-11-26:12 AM",48.7182
"2011-11-27:12 AM",48.7053
"2011-11-28:12 AM",56.4265
"2011-11-29:12 AM",56.4222
"2011-11-30:12 AM",50.9149
"2011-12-01:12 AM",39.0367
"2011-12-02:12 AM",38.5635
"2011-12-03:12 AM",36.484
"2011-12-04:12 AM",40.5318
"2011-12-05:12 AM",50.355
"2011-12-06:12 AM",55.36
"2011-12-07:12 AM",50.0221
"2011-12-08:12 AM",38.062
"2011-12-09:12 AM",38.5912
"2011-12-10:12 AM",37.1557
"2011-12-11:12 AM",30.4543
"2011-12-12:12 AM",34.9286
"2011-12-13:12 AM",35.2224
"2011-12-14:12 AM",36.5398
"2011-12-15:12 AM",43.954
"2011-12-16:12 AM",44.6535
"2011-12-17:12 AM",34.7419
"2011-12-18:12 AM",25.3078
"2011-12-19:12 AM",30.5026
"2011-12-20:12 AM",35.2513
"2011-12-21:12 AM",42.7107
"2011-12-22:12 AM",47.5149
"2011-12-23:12 AM",39.6504
"2011-12-24:12 AM",28.5352
"2011-12-25:12 AM",31.1331
"2011-12-26:12 AM",34.5754
"2011-12-27:12 AM",38.4804
"2011-12-28:12 AM",39.8206
"2011-12-29:12 AM",26.577
"2011-12-30:12 AM",33.8731
"2011-12-31:12 AM",38.0973
"2012-01-01:12 AM",39.74
"2012-01-02:12 AM",38.3695
"2012-01-03:12 AM",24.1394
"2012-01-04:12 AM",17.7892
"2012-01-05:12 AM",27.7268
"2012-01-06:12 AM",34.7009
"2012-01-07:12 AM",41.8044
"2012-01-08:12 AM",35.0082
"2012-01-09:12 AM",30.9567
"2012-01-10:12 AM",35.3876
"2012-01-11:12 AM",33.5887
"2012-01-12:12 AM",38.6701
"2012-01-13:12 AM",34.9785
"2012-01-14:12 AM",27.8096
"2012-01-15:12 AM",13.7714
"2012-01-16:12 AM",18.9034
"2012-01-17:12 AM",36.9964
"2012-01-18:12 AM",32.5076
"2012-01-19:12 AM",23.9421
"2012-01-20:12 AM",25.4345
"2012-01-21:12 AM",21.3638
"2012-01-22:12 AM",20.2836
"2012-01-23:12 AM",33.3316
"2012-01-24:12 AM",42.5712
"2012-01-25:12 AM",33.5782
"2012-01-26:12 AM",33.7365
"2012-01-27:12 AM",39.8899
"2012-01-28:12 AM",35.0953
"2012-01-29:12 AM",33.1848
"2012-01-30:12 AM",31.3187
"2012-01-31:12 AM",36.1899
"2012-02-01:12 AM",43.5137
"2012-02-02:12 AM",35.6113
"2012-02-03:12 AM",29.4388
"2012-02-04:12 AM",32.5517
"2012-02-05:12 AM",28.1876
"2012-02-06:12 AM",33.9597
"2012-02-07:12 AM",35.8497
"2012-02-08:12 AM",30.3805
"2012-02-09:12 AM",33.1515
"2012-02-10:12 AM",35.3901
"2012-02-11:12 AM",33.4346
"2012-02-12:12 AM",21.6529
"2012-02-13:12 AM",26.9924
"2012-02-14:12 AM",33.8526
"2012-02-15:12 AM",36.5076
"2012-02-16:12 AM",35.6167
"2012-02-17:12 AM",38.1673
"2012-02-18:12 AM",34.8769
"2012-02-19:12 AM",33.3338
"2012-02-20:12 AM",31.4301
"2012-02-21:12 AM",32.2741
"2012-02-22:12 AM",40.8222
"2012-02-23:12 AM",41.9007
"2012-02-24:12 AM",35.8286
"2012-02-25:12 AM",34.2034
"2012-02-26:12 AM",27.5659
"2012-02-27:12 AM",34.5943
"2012-02-28:12 AM",34.6671
"2012-02-29:12 AM",32.8937
"2012-03-01:12 AM",34.1092
"2012-03-02:12 AM",28.103
"2012-03-03:12 AM",37.1953
"2012-03-04:12 AM",33.4825
"2012-03-05:12 AM",26.0935
"2012-03-06:12 AM",24.1921
"2012-03-07:12 AM",37.9499
"2012-03-08:12 AM",49.4328
"2012-03-09:12 AM",39.5035
"2012-03-10:12 AM",30.9884
"2012-03-11:12 AM",37.8927
"2012-03-12:12 AM",47.7243
"2012-03-13:12 AM",52.0651
"2012-03-14:12 AM",48.0002
"2012-03-15:12 AM",40.4425
"2012-03-16:12 AM",40.2168
"2012-03-17:12 AM",43.7823
"2012-03-18:12 AM",48.7454
"2012-03-19:12 AM",54.4937
"2012-03-20:12 AM",56.0318
"2012-03-21:12 AM",58.5219
"2012-03-22:12 AM",61.0549
"2012-03-23:12 AM",58.9732
"2012-03-24:12 AM",49.7995
"2012-03-25:12 AM",44.2974
"2012-03-26:12 AM",39.6781
"2012-03-27:12 AM",32.4637
"2012-03-28:12 AM",40.8223
"2012-03-29:12 AM",42.9705
"2012-03-30:12 AM",38.8681
"2012-03-31:12 AM",38.1834
"2012-04-01:12 AM",39.4588
"2012-04-02:12 AM",40.4373
"2012-04-03:12 AM",41.2122
"2012-04-04:12 AM",46.7623
"2012-04-05:12 AM",41.0439
"2012-04-06:12 AM",39.9853
"2012-04-07:12 AM",40.8245
"2012-04-08:12 AM",42.3523
"2012-04-09:12 AM",45.5634
"2012-04-10:12 AM",47.6112
"2012-04-11:12 AM",44.5881
"2012-04-12:12 AM",44.5773
"2012-04-13:12 AM",46.8145
"2012-04-14:12 AM",52.0725
"2012-04-15:12 AM",58.3095
"2012-04-16:12 AM",64.3496
"2012-04-17:12 AM",61.3715
"2012-04-18:12 AM",50.2772
"2012-04-19:12 AM",52.4224
"2012-04-20:12 AM",56.1099
"2012-04-21:12 AM",59.4597
"2012-04-22:12 AM",49.0467
"2012-04-23:12 AM",52.0198
"2012-04-24:12 AM",46.7578
"2012-04-25:12 AM",47.8395
"2012-04-26:12 AM",48.3264
"2012-04-27:12 AM",46.5051
"2012-04-28:12 AM",41.4207
"2012-04-29:12 AM",44.5534
"2012-04-30:12 AM",46.4428
"2012-05-01:12 AM",46.0396
"2012-05-02:12 AM",47.1135
"2012-05-03:12 AM",48.2965
"2012-05-04:12 AM",52.7108
"2012-05-05:12 AM",53.5051
"2012-05-06:12 AM",51.4672
"2012-05-07:12 AM",55.2308
"2012-05-08:12 AM",51.217
"2012-05-09:12 AM",57.9049
"2012-05-10:12 AM",54.954
"2012-05-11:12 AM",52.2338
"2012-05-12:12 AM",57.4952
"2012-05-13:12 AM",62.9919
"2012-05-14:12 AM",60.2199
"2012-05-15:12 AM",59.535
"2012-05-16:12 AM",62.8192
"2012-05-17:12 AM",56.3569
"2012-05-18:12 AM",56.1157
"2012-05-19:12 AM",58.9305
"2012-05-20:12 AM",61.2678
"2012-05-21:12 AM",57.6639
"2012-05-22:12 AM",59.6192
"2012-05-23:12 AM",63.2606
"2012-05-24:12 AM",62.8876
"2012-05-25:12 AM",60.692
"2012-05-26:12 AM",68.9626
"2012-05-27:12 AM",65.9743
"2012-05-28:12 AM",67.6537
"2012-05-29:12 AM",70.8192
"2012-05-30:12 AM",67.2589
"2012-05-31:12 AM",65.8971
"2012-06-01:12 AM",60.8351
"2012-06-02:12 AM",57.1998
"2012-06-03:12 AM",57.5951
"2012-06-04:12 AM",50.9185
"2012-06-05:12 AM",52.4498
"2012-06-06:12 AM",55.463
"2012-06-07:12 AM",57.8838
"2012-06-08:12 AM",62.3296
"2012-06-09:12 AM",61.7578
"2012-06-10:12 AM",64.8556
"2012-06-11:12 AM",61.7108
"2012-06-12:12 AM",62.2416
"2012-06-13:12 AM",62.393
"2012-06-14:12 AM",61.2873
"2012-06-15:12 AM",60.9039
"2012-06-16:12 AM",60.0352
"2012-06-17:12 AM",57.4054
"2012-06-18:12 AM",58.5734
"2012-06-19:12 AM",62.5761
"2012-06-20:12 AM",75.1303
"2012-06-21:12 AM",80.0816
"2012-06-22:12 AM",77.8518
"2012-06-23:12 AM",70.1829
"2012-06-24:12 AM",68.7096
"2012-06-25:12 AM",66.0592
"2012-06-26:12 AM",60.9548
"2012-06-27:12 AM",65.1951
"2012-06-28:12 AM",69.2965
"2012-06-29:12 AM",74.5007
"2012-06-30:12 AM",74.5866
"2012-07-01:12 AM",75.0742
"2012-07-02:12 AM",70.7216
"2012-07-03:12 AM",70.7153
"2012-07-04:12 AM",73.3773
"2012-07-05:12 AM",72.6877
"2012-07-06:12 AM",72.423
"2012-07-07:12 AM",74.6195
"2012-07-08:12 AM",73.3721
"2012-07-09:12 AM",69.5325
"2012-07-10:12 AM",69.3536
"2012-07-11:12 AM",70.592
"2012-07-12:12 AM",72.1486
"2012-07-13:12 AM",74.1308
"2012-07-14:12 AM",76.8607
"2012-07-15:12 AM",75.6608
"2012-07-16:12 AM",75.5571
"2012-07-17:12 AM",80.0154
"2012-07-18:12 AM",78.62
"2012-07-19:12 AM",71.0091
"2012-07-20:12 AM",66.2248
"2012-07-21:12 AM",65.0638
"2012-07-22:12 AM",68.787
"2012-07-23:12 AM",71.4229
"2012-07-24:12 AM",74.5333
"2012-07-25:12 AM",68.6314
"2012-07-26:12 AM",72.7549
"2012-07-27:12 AM",71.1788
"2012-07-28:12 AM",69.0503
"2012-07-29:12 AM",66.8588
"2012-07-30:12 AM",67.3824
"2012-07-31:12 AM",66.9456
"2012-08-01:12 AM",68.445
"2012-08-02:12 AM",72.6609
"2012-08-03:12 AM",76.7102
"2012-08-04:12 AM",77.4509
"2012-08-05:12 AM",77.101
"2012-08-06:12 AM",74.129
"2012-08-07:12 AM",69.834
"2012-08-08:12 AM",72.0158
"2012-08-09:12 AM",74.647
"2012-08-10:12 AM",72.4444
"2012-08-11:12 AM",72.6512
"2012-08-12:12 AM",73.9866
"2012-08-13:12 AM",72.7876
"2012-08-14:12 AM",73.1421
"2012-08-15:12 AM",71.2753
"2012-08-16:12 AM",70.5648
"2012-08-17:12 AM",73.2015
"2012-08-18:12 AM",66.9322
"2012-08-19:12 AM",64.0449
"2012-08-20:12 AM",65.498
"2012-08-21:12 AM",68.3611
"2012-08-22:12 AM",68.7987
"2012-08-23:12 AM",70.8589
"2012-08-24:12 AM",71.1799
"2012-08-25:12 AM",70.0975
"2012-08-26:12 AM",68.4041
"2012-08-27:12 AM",69.2159
"2012-08-28:12 AM",73.141
"2012-08-29:12 AM",64.0476
"2012-08-30:12 AM",66.286
"2012-08-31:12 AM",73.6093
"2012-09-01:12 AM",71.2591
"2012-09-02:12 AM",65.3587
"2012-09-03:12 AM",64.4536
"2012-09-04:12 AM",67.0244
"2012-09-05:12 AM",72.8407
"2012-09-06:12 AM",69.0672
"2012-09-07:12 AM",71.5834
"2012-09-08:12 AM",72.3654
"2012-09-09:12 AM",63.7727
"2012-09-10:12 AM",59.2009
"2012-09-11:12 AM",56.7738
"2012-09-12:12 AM",62.7543
"2012-09-13:12 AM",65.7021
"2012-09-14:12 AM",66.3607
"2012-09-15:12 AM",63.1987
"2012-09-16:12 AM",56.7979
"2012-09-17:12 AM",59.6957
"2012-09-18:12 AM",64.4997
"2012-09-19:12 AM",62.3889
"2012-09-20:12 AM",55.8502
"2012-09-21:12 AM",55.8423
"2012-09-22:12 AM",59.9511
"2012-09-23:12 AM",59.8897
"2012-09-24:12 AM",53.218
"2012-09-25:12 AM",57.3985
"2012-09-26:12 AM",63.4167
"2012-09-27:12 AM",60.9969
"2012-09-28:12 AM",54.4402
"2012-09-29:12 AM",55.8223
"2012-09-30:12 AM",55.5206
"2012-10-01:12 AM",56.1625
"2012-10-02:12 AM",59.1751
"2012-10-03:12 AM",61.2887
"2012-10-04:12 AM",60.8356
"2012-10-05:12 AM",62.5631
"2012-10-06:12 AM",62.4137
"2012-10-07:12 AM",49.3086
"2012-10-08:12 AM",48.6473
"2012-10-09:12 AM",50.4468
"2012-10-10:12 AM",55.0386
"2012-10-11:12 AM",48.2585
"2012-10-12:12 AM",46.6131
"2012-10-13:12 AM",41.0632
"2012-10-14:12 AM",53.0744
"2012-10-15:12 AM",63.1101
"2012-10-16:12 AM",50.7252
"2012-10-17:12 AM",46.5476
"2012-10-18:12 AM",50.9794
"2012-10-19:12 AM",59.6482
"2012-10-20:12 AM",63.1821
"2012-10-21:12 AM",52.2511
"2012-10-22:12 AM",53.0719
"2012-10-23:12 AM",53.1234
"2012-10-24:12 AM",50.7312
"2012-10-25:12 AM",50.9301
"2012-10-26:12 AM",55.0695
"2012-10-27:12 AM",55.2817
"2012-10-28:12 AM",52.6858
"2012-10-29:12 AM",57.4259
"2012-10-30:12 AM",59.4041
"2012-10-31:12 AM",52.6905
"2012-11-01:12 AM",47.3023
"2012-11-02:12 AM",45.1175
"2012-11-03:12 AM",42.3012
"2012-11-04:12 AM",40.7604
"2012-11-05:12 AM",36.5428
"2012-11-06:12 AM",32.9581
"2012-11-07:12 AM",36.3643
"2012-11-08:12 AM",37.461
"2012-11-09:12 AM",38.3538
"2012-11-10:12 AM",42.0521
"2012-11-11:12 AM",47.5291
"2012-11-12:12 AM",54.2586
"2012-11-13:12 AM",49.6915
"2012-11-14:12 AM",38.2822
"2012-11-15:12 AM",37.1518
"2012-11-16:12 AM",37.6353
"2012-11-17:12 AM",37.5987
"2012-11-18:12 AM",36.9824
"2012-11-19:12 AM",37.7204
"2012-11-20:12 AM",38.8839
"2012-11-21:12 AM",41.1748
"2012-11-22:12 AM",42.2463
"2012-11-23:12 AM",43.0246
"2012-11-24:12 AM",39.3069
"2012-11-25:12 AM",32.5877
"2012-11-26:12 AM",34.8924
"2012-11-27:12 AM",33.894
"2012-11-28:12 AM",33.5732
"2012-11-29:12 AM",33.9901
"2012-11-30:12 AM",32.5065
"2012-12-01:12 AM",32.7159
"2012-12-02:12 AM",42.858
"2012-12-03:12 AM",45.7813
"2012-12-04:12 AM",44.9661
"2012-12-05:12 AM",47.037
"2012-12-06:12 AM",32.0968
"2012-12-07:12 AM",36.7338
"2012-12-08:12 AM",40.7467
"2012-12-09:12 AM",41.4181
"2012-12-10:12 AM",48.7452
"2012-12-11:12 AM",42.449
"2012-12-12:12 AM",34.1593
"2012-12-13:12 AM",34.6996
"2012-12-14:12 AM",36.2167
"2012-12-15:12 AM",34.5502
"2012-12-16:12 AM",34.1337
"2012-12-17:12 AM",39.825
"2012-12-18:12 AM",44.1378
"2012-12-19:12 AM",38.487
"2012-12-20:12 AM",36.1647
"2012-12-21:12 AM",42.4468
"2012-12-22:12 AM",32.7819
"2012-12-23:12 AM",32.0014
"2012-12-24:12 AM",32.5751
"2012-12-25:12 AM",32.9995
"2012-12-26:12 AM",30.445
"2012-12-27:12 AM",36.9676
"2012-12-28:12 AM",26.8821
"2012-12-29:12 AM",28.8109
"2012-12-30:12 AM",23.1922
"2012-12-31:12 AM",26.512
"2013-01-01:12 AM",27.9378
"2013-01-02:12 AM",19.9783
"2013-01-03:12 AM",14.0418
"2013-01-04:12 AM",27.6114
"2013-01-05:12 AM",30.5254
"2013-01-06:12 AM",32.1764
"2013-01-07:12 AM",31.4521
"2013-01-08:12 AM",33.9253
"2013-01-09:12 AM",35.6023
"2013-01-10:12 AM",35.3854
"2013-01-11:12 AM",33.6713
"2013-01-12:12 AM",38.4723
"2013-01-13:12 AM",41.5558
"2013-01-14:12 AM",44.681
"2013-01-15:12 AM",35.5712
"2013-01-16:12 AM",32.7909
"2013-01-17:12 AM",32.7443
"2013-01-18:12 AM",20.0948
"2013-01-19:12 AM",31.7644
"2013-01-20:12 AM",36.4667
"2013-01-21:12 AM",25.0722
"2013-01-22:12 AM",19.8414
"2013-01-23:12 AM",10.6097
"2013-01-24:12 AM",8.6184
"2013-01-25:12 AM",13.6051
"2013-01-26:12 AM",15.4188
"2013-01-27:12 AM",16.5812
"2013-01-28:12 AM",23.032
"2013-01-29:12 AM",29.8143
"2013-01-30:12 AM",43.3927
"2013-01-31:12 AM",44.9829
"2013-02-01:12 AM",27.4023
"2013-02-02:12 AM",22.6882
"2013-02-03:12 AM",24.9418
"2013-02-04:12 AM",24.332
"2013-02-05:12 AM",23.1759
"2013-02-06:12 AM",27.3326
"2013-02-07:12 AM",20.5597
"2013-02-08:12 AM",28.4072
"2013-02-09:12 AM",18.342
"2013-02-10:12 AM",18.892
"2013-02-11:12 AM",33.3792
"2013-02-12:12 AM",34.3881
"2013-02-13:12 AM",31.5509
"2013-02-14:12 AM",32.7522
"2013-02-15:12 AM",35.9418
"2013-02-16:12 AM",33.1729
"2013-02-17:12 AM",21.3589
"2013-02-18:12 AM",17.6542
"2013-02-19:12 AM",32.0497
"2013-02-20:12 AM",28.6282
"2013-02-21:12 AM",22.5363
"2013-02-22:12 AM",27.329
"2013-02-23:12 AM",32.063
"2013-02-24:12 AM",34.7135
"2013-02-25:12 AM",30.1622
"2013-02-26:12 AM",32.3425
"2013-02-27:12 AM",38.0187
"2013-02-28:12 AM",36.9507
"2013-03-01:12 AM",35.3631
"2013-03-02:12 AM",33.1513
"2013-03-03:12 AM",31.8281
"2013-03-04:12 AM",29.7489
"2013-03-05:12 AM",31.9276
"2013-03-06:12 AM",35.1408
"2013-03-07:12 AM",33.1417
"2013-03-08:12 AM",32.979
"2013-03-09:12 AM",32.8626
"2013-03-10:12 AM",35.0661
"2013-03-11:12 AM",37.6097
"2013-03-12:12 AM",46.4529
"2013-03-13:12 AM",38.943
"2013-03-14:12 AM",29.0804
"2013-03-15:12 AM",28.9814
"2013-03-16:12 AM",29.8652
"2013-03-17:12 AM",28.7152
"2013-03-18:12 AM",27.7975
"2013-03-19:12 AM",32.5146
"2013-03-20:12 AM",28.9063
"2013-03-21:12 AM",29.1542
"2013-03-22:12 AM",29.0692
"2013-03-23:12 AM",31.2107
"2013-03-24:12 AM",33.0402
"2013-03-25:12 AM",35.2002
"2013-03-26:12 AM",36.0052
"2013-03-27:12 AM",37.6626
"2013-03-28:12 AM",38.7207
"2013-03-29:12 AM",41.3922
"2013-03-30:12 AM",41.4504
"2013-03-31:12 AM",42.5503
"2013-04-01:12 AM",41.9101
"2013-04-02:12 AM",32.4091
"2013-04-03:12 AM",32.6705
"2013-04-04:12 AM",36.315
"2013-04-05:12 AM",40.7916
"2013-04-06:12 AM",33.8684
"2013-04-07:12 AM",40.7928
"2013-04-08:12 AM",48.2484
"2013-04-09:12 AM",50.9486
"2013-04-10:12 AM",49.7867
"2013-04-11:12 AM",45.239
"2013-04-12:12 AM",38.0552
"2013-04-13:12 AM",41.3951
"2013-04-14:12 AM",42.3606
"2013-04-15:12 AM",43.036
"2013-04-16:12 AM",47.7313
"2013-04-17:12 AM",50.9466
"2013-04-18:12 AM",47.5502
"2013-04-19:12 AM",56.8017
"2013-04-20:12 AM",49.271
"2013-04-21:12 AM",39.0704
"2013-04-22:12 AM",41.0223
"2013-04-23:12 AM",39.4777
"2013-04-24:12 AM",49.494
"2013-04-25:12 AM",49.5194
"2013-04-26:12 AM",47.7516
"2013-04-27:12 AM",47.7518
"2013-04-28:12 AM",50.634
"2013-04-29:12 AM",51.6933
"2013-04-30:12 AM",52.5825
"2013-05-01:12 AM",51.076
"2013-05-02:12 AM",54.3225
"2013-05-03:12 AM",49.1263
"2013-05-04:12 AM",48.8795
"2013-05-05:12 AM",46.5946
"2013-05-06:12 AM",49.217
"2013-05-07:12 AM",56.8917
"2013-05-08:12 AM",58.1158
"2013-05-09:12 AM",57.0817
"2013-05-10:12 AM",61.101
"2013-05-11:12 AM",59.0234
"2013-05-12:12 AM",55.6947
"2013-05-13:12 AM",46.9571
"2013-05-14:12 AM",46.8016
"2013-05-15:12 AM",52.0194
"2013-05-16:12 AM",61.9174
"2013-05-17:12 AM",55.8439
"2013-05-18:12 AM",56.4195
"2013-05-19:12 AM",55.3541
"2013-05-20:12 AM",62.7984
"2013-05-21:12 AM",63.6697
"2013-05-22:12 AM",59.2025
"2013-05-23:12 AM",64.3692
"2013-05-24:12 AM",58.5253
"2013-05-25:12 AM",43.9792
"2013-05-26:12 AM",45.9228
"2013-05-27:12 AM",53.9879
"2013-05-28:12 AM",56.6073
"2013-05-29:12 AM",59.968
"2013-05-30:12 AM",70.1569
"2013-05-31:12 AM",73.3879
"2013-06-01:12 AM",72.4856
"2013-06-02:12 AM",70.6494
"2013-06-03:12 AM",65.2204
"2013-06-04:12 AM",58.6953
"2013-06-05:12 AM",60.2053
"2013-06-06:12 AM",59.9252
"2013-06-07:12 AM",54.3844
"2013-06-08:12 AM",61.8204
"2013-06-09:12 AM",64.4887
"2013-06-10:12 AM",60.5505
"2013-06-11:12 AM",60.8436
"2013-06-12:12 AM",60.9238
"2013-06-13:12 AM",56.1081
"2013-06-14:12 AM",57.8296
"2013-06-15:12 AM",63.9198
"2013-06-16:12 AM",63.8119
"2013-06-17:12 AM",68.2745
"2013-06-18:12 AM",62.1104
"2013-06-19:12 AM",60.5615
"2013-06-20:12 AM",62.5046
"2013-06-21:12 AM",66.6225
"2013-06-22:12 AM",67.7642
"2013-06-23:12 AM",71.5068
"2013-06-24:12 AM",76.4391
"2013-06-25:12 AM",75.8748
"2013-06-26:12 AM",72.7408
"2013-06-27:12 AM",66.6
"2013-06-28:12 AM",69.4299
"2013-06-29:12 AM",71.6517
"2013-06-30:12 AM",70.9972
"2013-07-01:12 AM",71.2564
"2013-07-02:12 AM",71.3426
"2013-07-03:12 AM",74.2377
"2013-07-04:12 AM",77.2471
"2013-07-05:12 AM",78.4911
"2013-07-06:12 AM",78.3954
"2013-07-07:12 AM",77.0288
"2013-07-08:12 AM",74.5308
"2013-07-09:12 AM",69.3831
"2013-07-10:12 AM",72.761
"2013-07-11:12 AM",74.2242
"2013-07-12:12 AM",68.5719
"2013-07-13:12 AM",67.426
"2013-07-14:12 AM",74.7414
"2013-07-15:12 AM",77.0605
"2013-07-16:12 AM",76.91
"2013-07-17:12 AM",77.468
"2013-07-18:12 AM",79.8292
"2013-07-19:12 AM",82.3136
"2013-07-20:12 AM",81.0831
"2013-07-21:12 AM",73.1323
"2013-07-22:12 AM",71.5087
"2013-07-23:12 AM",73.0528
"2013-07-24:12 AM",72.1771
"2013-07-25:12 AM",60.4508
"2013-07-26:12 AM",64.9812
"2013-07-27:12 AM",69.4053
"2013-07-28:12 AM",69.559
"2013-07-29:12 AM",69.3012
"2013-07-30:12 AM",68.7151
"2013-07-31:12 AM",68.4595
"2013-08-01:12 AM",67.8411
"2013-08-02:12 AM",70.2901
"2013-08-03:12 AM",69.6729
"2013-08-04:12 AM",65.3293
"2013-08-05:12 AM",62.431
"2013-08-06:12 AM",64.0459
"2013-08-07:12 AM",65.8675
"2013-08-08:12 AM",70.1143
"2013-08-09:12 AM",71.1941
"2013-08-10:12 AM",70.6548
"2013-08-11:12 AM",65.2318
"2013-08-12:12 AM",67.145
"2013-08-13:12 AM",66.8633
"2013-08-14:12 AM",64.3285
"2013-08-15:12 AM",63.0943
"2013-08-16:12 AM",64.7973
"2013-08-17:12 AM",65.1029
"2013-08-18:12 AM",66.1026
"2013-08-19:12 AM",67.9345
"2013-08-20:12 AM",70.533
"2013-08-21:12 AM",71.7541
"2013-08-22:12 AM",72.5851
"2013-08-23:12 AM",69.3831
"2013-08-24:12 AM",62.1707
"2013-08-25:12 AM",65.4318
"2013-08-26:12 AM",68.8991
"2013-08-27:12 AM",68.999
"2013-08-28:12 AM",68.1913
"2013-08-29:12 AM",64.3582
"2013-08-30:12 AM",67.2298
"2013-08-31:12 AM",71.7017
"2013-09-01:12 AM",71.8857
"2013-09-02:12 AM",71.55
"2013-09-03:12 AM",69.2848
"2013-09-04:12 AM",66.7015
"2013-09-05:12 AM",63.2586
"2013-09-06:12 AM",56.3202
"2013-09-07:12 AM",62.0096
"2013-09-08:12 AM",62.7305
"2013-09-09:12 AM",56.7291
"2013-09-10:12 AM",65.7054
"2013-09-11:12 AM",75.8512
"2013-09-12:12 AM",73.2956
"2013-09-13:12 AM",66.5807
"2013-09-14:12 AM",58.6452
"2013-09-15:12 AM",56.644
"2013-09-16:12 AM",57.0634
"2013-09-17:12 AM",49.2042
"2013-09-18:12 AM",55.1055
"2013-09-19:12 AM",59.7295
"2013-09-20:12 AM",61.5247
"2013-09-21:12 AM",62.6169
"2013-09-22:12 AM",62.3179
"2013-09-23:12 AM",51.827
"2013-09-24:12 AM",51.1574
"2013-09-25:12 AM",54.5572
"2013-09-26:12 AM",55.7551
"2013-09-27:12 AM",55.0414
"2013-09-28:12 AM",56.8962
"2013-09-29:12 AM",54.2309
"2013-09-30:12 AM",54.066
"2013-10-01:12 AM",58.1166
"2013-10-02:12 AM",64.9758
"2013-10-03:12 AM",62.7026
"2013-10-04:12 AM",58.496
"2013-10-05:12 AM",61.6273
"2013-10-06:12 AM",58.3331
"2013-10-07:12 AM",64.9497
"2013-10-08:12 AM",55.5319
"2013-10-09:12 AM",52.3153
"2013-10-10:12 AM",52.6343
"2013-10-11:12 AM",56.3761
"2013-10-12:12 AM",55.121
"2013-10-13:12 AM",52.3083
"2013-10-14:12 AM",50.7344
"2013-10-15:12 AM",56.0932
"2013-10-16:12 AM",54.9768
"2013-10-17:12 AM",59.5258
"2013-10-18:12 AM",58.7424
"2013-10-19:12 AM",53.9658
"2013-10-20:12 AM",52.0011
"2013-10-21:12 AM",51.8482
"2013-10-22:12 AM",54.4672
"2013-10-23:12 AM",45.9286
"2013-10-24:12 AM",43.7767
"2013-10-25:12 AM",41.6971
"2013-10-26:12 AM",43.5207
"2013-10-27:12 AM",45.6795
"2013-10-28:12 AM",43.7356
"2013-10-29:12 AM",39.1806
"2013-10-30:12 AM",42.7438
"2013-10-31:12 AM",51.4351
"2013-11-01:12 AM",62.0508
"2013-11-02:12 AM",55.0096
"2013-11-03:12 AM",41.7319
"2013-11-04:12 AM",34.8652
"2013-11-05:12 AM",38.0008
"2013-11-06:12 AM",46.7218
"2013-11-07:12 AM",53.9134
"2013-11-08:12 AM",39.7616
"2013-11-09:12 AM",37.6504
"2013-11-10:12 AM",44.7751
"2013-11-11:12 AM",40.856
"2013-11-12:12 AM",36.4271
"2013-11-13:12 AM",29.5891
"2013-11-14:12 AM",37.288
"2013-11-15:12 AM",42.7064
"2013-11-16:12 AM",46.2592
"2013-11-17:12 AM",47.4202
"2013-11-18:12 AM",56.2478
"2013-11-19:12 AM",38.2077
"2013-11-20:12 AM",32.1593
"2013-11-21:12 AM",35.3134
"2013-11-22:12 AM",42.2938
"2013-11-23:12 AM",38.3742
"2013-11-24:12 AM",23.434
"2013-11-25:12 AM",23.3544
"2013-11-26:12 AM",35.4292
"2013-11-27:12 AM",47.7583
"2013-11-28:12 AM",28.4812
"2013-11-29:12 AM",27.1942
"2013-11-30:12 AM",26.4382
"2013-12-01:12 AM",36.6458
"2013-12-02:12 AM",35.6697
"2013-12-03:12 AM",36.253
"2013-12-04:12 AM",35.404
"2013-12-05:12 AM",42.917
"2013-12-06:12 AM",46.6234
"2013-12-07:12 AM",33.7726
"2013-12-08:12 AM",28.2805
"2013-12-09:12 AM",33.9868
"2013-12-10:12 AM",31.2841
"2013-12-11:12 AM",24.6726
"2013-12-12:12 AM",19.841
"2013-12-13:12 AM",21.9024
"2013-12-14:12 AM",17.9595
"2013-12-15:12 AM",31.0131
"2013-12-16:12 AM",22.3113
"2013-12-17:12 AM",17.6974
"2013-12-18:12 AM",24.3963
"2013-12-19:12 AM",31.4724
"2013-12-20:12 AM",38.5842
"2013-12-21:12 AM",45.3441
"2013-12-22:12 AM",55.6344
"2013-12-23:12 AM",43.7684
"2013-12-24:12 AM",31.7593
"2013-12-25:12 AM",20.7482
"2013-12-26:12 AM",27.8672
"2013-12-27:12 AM",28.9738
"2013-12-28:12 AM",34.6458
"2013-12-29:12 AM",37.96
"2013-12-30:12 AM",29.3596
"2013-12-31:12 AM",21.5359
"2014-01-01:12 AM",21.5623
"2014-01-02:12 AM",21.2171
"2014-01-03:12 AM",7.3454
"2014-01-04:12 AM",12.3535
"2014-01-05:12 AM",27.8375
"2014-01-06:12 AM",41.4597
"2014-01-07:12 AM",11.6107
"2014-01-08:12 AM",12.2711
"2014-01-09:12 AM",19.5435
"2014-01-10:12 AM",27.3277
"2014-01-11:12 AM",45.7095
"2014-01-12:12 AM",38.9719
"2014-01-13:12 AM",37.6885
"2014-01-14:12 AM",44.2348
"2014-01-15:12 AM",37.9188
"2014-01-16:12 AM",35.764
"2014-01-17:12 AM",34.7536
"2014-01-18:12 AM",34.2306
"2014-01-19:12 AM",29.1814
"2014-01-20:12 AM",32.4689
"2014-01-21:12 AM",16.3908
"2014-01-22:12 AM",10.1707
"2014-01-23:12 AM",8.4956
"2014-01-24:12 AM",9.1479
"2014-01-25:12 AM",23.1156
"2014-01-26:12 AM",16.7439
"2014-01-27:12 AM",29.3473
"2014-01-28:12 AM",13.4109
"2014-01-29:12 AM",15.609
"2014-01-30:12 AM",16.5092
"2014-01-31:12 AM",28.1426
"2014-02-01:12 AM",31.7136
"2014-02-02:12 AM",37.1826
"2014-02-03:12 AM",30.9189
"2014-02-04:12 AM",26.3134
"2014-02-05:12 AM",28.3505
"2014-02-06:12 AM",19.8889
"2014-02-07:12 AM",19.3584
"2014-02-08:12 AM",18.9432
"2014-02-09:12 AM",21.9823
"2014-02-10:12 AM",20.7268
"2014-02-11:12 AM",15.6459
"2014-02-12:12 AM",14.3017
"2014-02-13:12 AM",28.7463
"2014-02-14:12 AM",30.2389
"2014-02-15:12 AM",28.8448
"2014-02-16:12 AM",21.3969
"2014-02-17:12 AM",16.196
"2014-02-18:12 AM",23.007
"2014-02-19:12 AM",28.5166
"2014-02-20:12 AM",33.9895
"2014-02-21:12 AM",37.186
"2014-02-22:12 AM",36.8053
"2014-02-23:12 AM",38.2433
"2014-02-24:12 AM",29.6107
"2014-02-25:12 AM",22.7361
"2014-02-26:12 AM",19.5753
"2014-02-27:12 AM",16.9261
"2014-02-28:12 AM",11.4546
"2014-03-01:12 AM",19.5321
"2014-03-02:12 AM",28.0629
"2014-03-03:12 AM",18.5292
"2014-03-04:12 AM",16.0192
"2014-03-05:12 AM",22.2615
"2014-03-06:12 AM",14.2425
"2014-03-07:12 AM",21.3278
"2014-03-08:12 AM",31.9917
"2014-03-09:12 AM",28.6374
"2014-03-10:12 AM",32.3058
"2014-03-11:12 AM",39.4506
"2014-03-12:12 AM",40.8634
"2014-03-13:12 AM",19.0692
"2014-03-14:12 AM",22.8362
"2014-03-15:12 AM",38.503
"2014-03-16:12 AM",24.6454
"2014-03-17:12 AM",19.9908
"2014-03-18:12 AM",23.5715
"2014-03-19:12 AM",30.4806
"2014-03-20:12 AM",37.587
"2014-03-21:12 AM",32.9526
"2014-03-22:12 AM",35.0164
"2014-03-23:12 AM",31.1085
"2014-03-24:12 AM",22.4244
"2014-03-25:12 AM",27.1602
"2014-03-26:12 AM",26.7285
"2014-03-27:12 AM",27.6955
"2014-03-28:12 AM",40.818
"2014-03-29:12 AM",41.634
"2014-03-30:12 AM",39.8674
"2014-03-31:12 AM",33.1993
"2014-04-01:12 AM",36.0738
"2014-04-02:12 AM",39.7965
"2014-04-03:12 AM",40.1065
"2014-04-04:12 AM",38.6992
"2014-04-05:12 AM",40.082
"2014-04-06:12 AM",37.7076
"2014-04-07:12 AM",43.2837
"2014-04-08:12 AM",48.574
"2014-04-09:12 AM",43.0623
"2014-04-10:12 AM",42.121
"2014-04-11:12 AM",51.2659
"2014-04-12:12 AM",50.2284
"2014-04-13:12 AM",51.5842
"2014-04-14:12 AM",58.3407
"2014-04-15:12 AM",55.4765
"2014-04-16:12 AM",33.0588
"2014-04-17:12 AM",33.9885
"2014-04-18:12 AM",36.4833
"2014-04-19:12 AM",43.3121
"2014-04-20:12 AM",42.1036
"2014-04-21:12 AM",46.1381
"2014-04-22:12 AM",51.2811
"2014-04-23:12 AM",46.3248
"2014-04-24:12 AM",43.4635
"2014-04-25:12 AM",46.0641
"2014-04-26:12 AM",43.1119
"2014-04-27:12 AM",41.8302
"2014-04-28:12 AM",45.2232
"2014-04-29:12 AM",41.2293
"2014-04-30:12 AM",41.0401
"2014-05-01:12 AM",50.5332
"2014-05-02:12 AM",52.8076
"2014-05-03:12 AM",52.8719
"2014-05-04:12 AM",49.84
"2014-05-05:12 AM",50.0234
"2014-05-06:12 AM",49.2019
"2014-05-07:12 AM",49.8549
"2014-05-08:12 AM",52.8805
"2014-05-09:12 AM",51.4267
"2014-05-10:12 AM",61.2374
"2014-05-11:12 AM",60.3115
"2014-05-12:12 AM",62.9483
"2014-05-13:12 AM",52.9403
"2014-05-14:12 AM",51.771
"2014-05-15:12 AM",60.2476
"2014-05-16:12 AM",60.9424
"2014-05-17:12 AM",59.7315
"2014-05-18:12 AM",55.1651
"2014-05-19:12 AM",53.5348
"2014-05-20:12 AM",56.1083
"2014-05-21:12 AM",58.0221
"2014-05-22:12 AM",54.6678
"2014-05-23:12 AM",54.3034
"2014-05-24:12 AM",53.4299
"2014-05-25:12 AM",57.3114
"2014-05-26:12 AM",62.2065
"2014-05-27:12 AM",61.545
"2014-05-28:12 AM",48.6093
"2014-05-29:12 AM",50.794
"2014-05-30:12 AM",55.2142
"2014-05-31:12 AM",53.3125
"2014-06-01:12 AM",58.0888
"2014-06-02:12 AM",63.2685
"2014-06-03:12 AM",64.6752
"2014-06-04:12 AM",59.6664
"2014-06-05:12 AM",58.6989
"2014-06-06:12 AM",61.1618
"2014-06-07:12 AM",64.9557
"2014-06-08:12 AM",68.1467
"2014-06-09:12 AM",66.0738
"2014-06-10:12 AM",64.2537
"2014-06-11:12 AM",59.2167
"2014-06-12:12 AM",60.687
"2014-06-13:12 AM",61.5889
"2014-06-14:12 AM",63.442
"2014-06-15:12 AM",63.0333
"2014-06-16:12 AM",64.6398
"2014-06-17:12 AM",68.0873
"2014-06-18:12 AM",73.0848
"2014-06-19:12 AM",68.7585
"2014-06-20:12 AM",62.3475
"2014-06-21:12 AM",61.4322
"2014-06-22:12 AM",61.2167
"2014-06-23:12 AM",64.9319
"2014-06-24:12 AM",66.6291
"2014-06-25:12 AM",70.8242
"2014-06-26:12 AM",68.9873
"2014-06-27:12 AM",65.2618
"2014-06-28:12 AM",67.5763
"2014-06-29:12 AM",68.146
"2014-06-30:12 AM",69.9933
"2014-07-01:12 AM",74.0331
"2014-07-02:12 AM",75.8505
"2014-07-03:12 AM",73.4648
"2014-07-04:12 AM",68.4399
"2014-07-05:12 AM",66.8156
"2014-07-06:12 AM",69.8113
"2014-07-07:12 AM",71.7015
"2014-07-08:12 AM",75.5627
"2014-07-09:12 AM",74.556
"2014-07-10:12 AM",70.0587
"2014-07-11:12 AM",67.8736
"2014-07-12:12 AM",69.7179
"2014-07-13:12 AM",71.3305
"2014-07-14:12 AM",73.1912
"2014-07-15:12 AM",73.3208
"2014-07-16:12 AM",70.7185
"2014-07-17:12 AM",68.0556
"2014-07-18:12 AM",67.0033
"2014-07-19:12 AM",65.0145
"2014-07-20:12 AM",64.8275
"2014-07-21:12 AM",66.4437
"2014-07-22:12 AM",72.7938
"2014-07-23:12 AM",75.3071
"2014-07-24:12 AM",68.2569
"2014-07-25:12 AM",67.1895
"2014-07-26:12 AM",69.2134
"2014-07-27:12 AM",68.9446
"2014-07-28:12 AM",70.6285
"2014-07-29:12 AM",66.9711
"2014-07-30:12 AM",66.2103
"2014-07-31:12 AM",67.7214
"2014-08-01:12 AM",70.0011
"2014-08-02:12 AM",65.9205
"2014-08-03:12 AM",64.2198
"2014-08-04:12 AM",68.3778
"2014-08-05:12 AM",72.2653
"2014-08-06:12 AM",68.7664
"2014-08-07:12 AM",65.0199
"2014-08-08:12 AM",66.7866
"2014-08-09:12 AM",68.2488
"2014-08-10:12 AM",69.6011
"2014-08-11:12 AM",70.0264
"2014-08-12:12 AM",68.5009
"2014-08-13:12 AM",67.1214
"2014-08-14:12 AM",63.2289
"2014-08-15:12 AM",63.0408
"2014-08-16:12 AM",65.0471
"2014-08-17:12 AM",65.9253
"2014-08-18:12 AM",64.0227
"2014-08-19:12 AM",63.1065
"2014-08-20:12 AM",66.5105
"2014-08-21:12 AM",64.9677
"2014-08-22:12 AM",65.2098
"2014-08-23:12 AM",63.6613
"2014-08-24:12 AM",64.4918
"2014-08-25:12 AM",68.6491
"2014-08-26:12 AM",69.9192
"2014-08-27:12 AM",72.0286
"2014-08-28:12 AM",67.8299
"2014-08-29:12 AM",63.2966
"2014-08-30:12 AM",63.7763
"2014-08-31:12 AM",71.4648
"2014-09-01:12 AM",73.4742
"2014-09-02:12 AM",75.1807
"2014-09-03:12 AM",72.6001
"2014-09-04:12 AM",70.003
"2014-09-05:12 AM",72.0986
"2014-09-06:12 AM",74.5563
"2014-09-07:12 AM",64.7497
"2014-09-08:12 AM",62.5543
"2014-09-09:12 AM",61.3314
"2014-09-10:12 AM",61.6951
"2014-09-11:12 AM",65.365
"2014-09-12:12 AM",59.6025
"2014-09-13:12 AM",56.7828
"2014-09-14:12 AM",54.7416
"2014-09-15:12 AM",52.1902
"2014-09-16:12 AM",56.7246
"2014-09-17:12 AM",56.7745
"2014-09-18:12 AM",58.6708
"2014-09-19:12 AM",50.342
"2014-09-20:12 AM",57.2331
"2014-09-21:12 AM",67.3225
"2014-09-22:12 AM",61.0167
"2014-09-23:12 AM",54.6346
"2014-09-24:12 AM",57.6579
"2014-09-25:12 AM",56.5313
"2014-09-26:12 AM",60.0602
"2014-09-27:12 AM",64.2533
"2014-09-28:12 AM",66.5364
"2014-09-29:12 AM",65.6836
"2014-09-30:12 AM",58.7777
"2014-10-01:12 AM",57.9493
"2014-10-02:12 AM",56.3938
"2014-10-03:12 AM",54.9235
"2014-10-04:12 AM",57.8476
"2014-10-05:12 AM",51.2712
"2014-10-06:12 AM",52.7472
"2014-10-07:12 AM",62.0818
"2014-10-08:12 AM",62.9632
"2014-10-09:12 AM",55.0625
"2014-10-10:12 AM",52.2115
"2014-10-11:12 AM",48.02
"2014-10-12:12 AM",48.7582
"2014-10-13:12 AM",52.8856
"2014-10-14:12 AM",63.8676
"2014-10-15:12 AM",66.2436
"2014-10-16:12 AM",66.5785
"2014-10-17:12 AM",61.227
"2014-10-18:12 AM",59.0191
"2014-10-19:12 AM",47.5196
"2014-10-20:12 AM",43.8424
"2014-10-21:12 AM",53.9323
"2014-10-22:12 AM",53.1037
"2014-10-23:12 AM",53.3122
"2014-10-24:12 AM",49.1016
"2014-10-25:12 AM",50.9157
"2014-10-26:12 AM",50.851
"2014-10-27:12 AM",49.1466
"2014-10-28:12 AM",53.9262
"2014-10-29:12 AM",59.5983
"2014-10-30:12 AM",48.9717
"2014-10-31:12 AM",46.9641
"2014-11-01:12 AM",44.0272
"2014-11-02:12 AM",37.1286
"2014-11-03:12 AM",39.5145
"2014-11-04:12 AM",49.4803
"2014-11-05:12 AM",55.2657
"2014-11-06:12 AM",48.1246
"2014-11-07:12 AM",43.6996
"2014-11-08:12 AM",37.5721
"2014-11-09:12 AM",45.3456
"2014-11-10:12 AM",44.5798
"2014-11-11:12 AM",49.822
"2014-11-12:12 AM",51.3689
"2014-11-13:12 AM",41.3373
"2014-11-14:12 AM",34.6636
"2014-11-15:12 AM",30.8437
"2014-11-16:12 AM",35.2076
"2014-11-17:12 AM",41.1492
"2014-11-18:12 AM",32.2432
"2014-11-19:12 AM",27.7104
"2014-11-20:12 AM",34.9738
"2014-11-21:12 AM",28.4112
"2014-11-22:12 AM",31.6177
"2014-11-23:12 AM",42.7525
"2014-11-24:12 AM",55.1802
"2014-11-25:12 AM",53.722
"2014-11-26:12 AM",39.8088
"2014-11-27:12 AM",31.8092
"2014-11-28:12 AM",26.6331
"2014-11-29:12 AM",21.4912
"2014-11-30:12 AM",41.484
"2014-12-01:12 AM",47.2039
"2014-12-02:12 AM",34.5261
"2014-12-03:12 AM",43.0012
"2014-12-04:12 AM",34.0466
"2014-12-05:12 AM",33.3702
"2014-12-06:12 AM",39.8561
"2014-12-07:12 AM",31.0015
"2014-12-08:12 AM",25.8057
"2014-12-09:12 AM",40.1209
"2014-12-10:12 AM",39.6073
"2014-12-11:12 AM",33.3199
"2014-12-12:12 AM",30.6531
"2014-12-13:12 AM",31.2562
"2014-12-14:12 AM",33.9609
"2014-12-15:12 AM",32.9108
"2014-12-16:12 AM",36.2412
"2014-12-17:12 AM",40.959
"2014-12-18:12 AM",35.2922
"2014-12-19:12 AM",31.4112
"2014-12-20:12 AM",31.2496
"2014-12-21:12 AM",33.5282
"2014-12-22:12 AM",35.7613
"2014-12-23:12 AM",40.753
"2014-12-24:12 AM",43.2914
"2014-12-25:12 AM",48.5744
"2014-12-26:12 AM",38.8252
"2014-12-27:12 AM",40.0168
"2014-12-28:12 AM",42.5653
"2014-12-29:12 AM",34.4674
"2014-12-30:12 AM",26.4562
"2014-12-31:12 AM",23.3699
"2015-01-01:12 AM",26.0573
"2015-01-02:12 AM",31.4769
"2015-01-03:12 AM",28.296
"2015-01-04:12 AM",40.7142
"2015-01-05:12 AM",29.6604
"2015-01-06:12 AM",17.1637
"2015-01-07:12 AM",15.8281
"2015-01-08:12 AM",8.1298
"2015-01-09:12 AM",23.0007
"2015-01-10:12 AM",17.2063
"2015-01-11:12 AM",19.2594
"2015-01-12:12 AM",32.2108
"2015-01-13:12 AM",19.4932
"2015-01-14:12 AM",18.2986
"2015-01-15:12 AM",22.3565
"2015-01-16:12 AM",23.5146
"2015-01-17:12 AM",13.7898
"2015-01-18:12 AM",35.1977
"2015-01-19:12 AM",34.108
"2015-01-20:12 AM",27.2944
"2015-01-21:12 AM",24.3158
"2015-01-22:12 AM",29.1267
"2015-01-23:12 AM",26.4652
"2015-01-24:12 AM",31.4962
"2015-01-25:12 AM",25.8791
"2015-01-26:12 AM",19.4567
"2015-01-27:12 AM",18.0383
"2015-01-28:12 AM",13.9964
"2015-01-29:12 AM",15.3822
"2015-01-30:12 AM",29.0093
"2015-01-31:12 AM",9.4186
"2015-02-01:12 AM",14.4174
"2015-02-02:12 AM",19.5494
"2015-02-03:12 AM",7.5265
"2015-02-04:12 AM",21.3832
"2015-02-05:12 AM",23.0801
"2015-02-06:12 AM",6.186
"2015-02-07:12 AM",19.3581
"2015-02-08:12 AM",25.122
"2015-02-09:12 AM",22.7206
"2015-02-10:12 AM",24.0741
"2015-02-11:12 AM",17.0233
"2015-02-12:12 AM",18.0223
"2015-02-13:12 AM",4.3101
"2015-02-14:12 AM",11.3783
"2015-02-15:12 AM",11.8989
"2015-02-16:12 AM",-0.3613
"2015-02-17:12 AM",9.3371
"2015-02-18:12 AM",12.4817
"2015-02-19:12 AM",15.3658
"2015-02-20:12 AM",3.085
"2015-02-21:12 AM",12.9627
"2015-02-22:12 AM",28.0184
"2015-02-23:12 AM",11.8485
"2015-02-24:12 AM",-0.5393
"2015-02-25:12 AM",18.1764
"2015-02-26:12 AM",15.4708
"2015-02-27:12 AM",10.7573
"2015-02-28:12 AM",8.2278
"2015-03-01:12 AM",16.6669
"2015-03-02:12 AM",23.7877
"2015-03-03:12 AM",16.203
"2015-03-04:12 AM",33.3586
"2015-03-05:12 AM",23.6809
"2015-03-06:12 AM",8.0575
"2015-03-07:12 AM",18.6913
"2015-03-08:12 AM",25.3749
"2015-03-09:12 AM",27.8235
"2015-03-10:12 AM",31.8072
"2015-03-11:12 AM",36.1713
"2015-03-12:12 AM",27.7322
"2015-03-13:12 AM",23.0652
"2015-03-14:12 AM",33.4411
"2015-03-15:12 AM",32.1683
"2015-03-16:12 AM",28.5445
"2015-03-17:12 AM",34.1524
"2015-03-18:12 AM",19.5249
"2015-03-19:12 AM",18.7815
"2015-03-20:12 AM",23.3463
"2015-03-21:12 AM",30.1939
"2015-03-22:12 AM",22.0102
"2015-03-23:12 AM",17.4857
"2015-03-24:12 AM",22.836
"2015-03-25:12 AM",30.7409
"2015-03-26:12 AM",39.7062
"2015-03-27:12 AM",36.6276
"2015-03-28:12 AM",31.3887
"2015-03-29:12 AM",25.6017
"2015-03-30:12 AM",33.2859
"2015-03-31:12 AM",35.5622
"2015-04-01:12 AM",32.2246
"2015-04-02:12 AM",38.0919
"2015-04-03:12 AM",49.4429
"2015-04-04:12 AM",42.0157
"2015-04-05:12 AM",36.457
"2015-04-06:12 AM",38.5252
"2015-04-07:12 AM",38.3236
"2015-04-08:12 AM",35.2693
"2015-04-09:12 AM",34.7173
"2015-04-10:12 AM",41.8282
"2015-04-11:12 AM",43.9565
"2015-04-12:12 AM",45.1319
"2015-04-13:12 AM",50.2228
"2015-04-14:12 AM",52.0392
"2015-04-15:12 AM",49.9087
"2015-04-16:12 AM",46.2888
"2015-04-17:12 AM",50.4127
"2015-04-18:12 AM",53.0987
"2015-04-19:12 AM",45.5284
"2015-04-20:12 AM",44.5561
"2015-04-21:12 AM",52.0925
"2015-04-22:12 AM",50.2531
"2015-04-23:12 AM",40.8574
"2015-04-24:12 AM",38.7036
"2015-04-25:12 AM",40.413
"2015-04-26:12 AM",43.9108
"2015-04-27:12 AM",46.3656
"2015-04-28:12 AM",46.5404
"2015-04-29:12 AM",49.5172
"2015-04-30:12 AM",48.6432
"2015-05-01:12 AM",45.5923
"2015-05-02:12 AM",48.979
"2015-05-03:12 AM",54.475
"2015-05-04:12 AM",59.5479
"2015-05-05:12 AM",62.1198
"2015-05-06:12 AM",58.2766
"2015-05-07:12 AM",60.6938
"2015-05-08:12 AM",60.1552
"2015-05-09:12 AM",56.4341
"2015-05-10:12 AM",65.5745
"2015-05-11:12 AM",66.432
"2015-05-12:12 AM",64.6912
"2015-05-13:12 AM",54.702
"2015-05-14:12 AM",52.2342
"2015-05-15:12 AM",56.1875
"2015-05-16:12 AM",58.9379
"2015-05-17:12 AM",63.5094
"2015-05-18:12 AM",55.4367
"2015-05-19:12 AM",56.9194
"2015-05-20:12 AM",54.0122
"2015-05-21:12 AM",53.0042
"2015-05-22:12 AM",56.532
"2015-05-23:12 AM",50.0133
"2015-05-24:12 AM",59.5875
"2015-05-25:12 AM",64.4122
"2015-05-26:12 AM",68.8176
"2015-05-27:12 AM",68.364
"2015-05-28:12 AM",67.266
"2015-05-29:12 AM",64.868
"2015-05-30:12 AM",66.542
"2015-05-31:12 AM",62.1824
"2015-06-01:12 AM",49.1329
"2015-06-02:12 AM",48.3607
"2015-06-03:12 AM",50.8545
"2015-06-04:12 AM",54.4618
"2015-06-05:12 AM",55.8918
"2015-06-06:12 AM",58.6459
"2015-06-07:12 AM",57.2839
"2015-06-08:12 AM",60.9913
"2015-06-09:12 AM",64.7821
"2015-06-10:12 AM",66.2428
"2015-06-11:12 AM",71.1057
"2015-06-12:12 AM",69.5507
"2015-06-13:12 AM",68.8023
"2015-06-14:12 AM",66.9713
"2015-06-15:12 AM",57.7891
"2015-06-16:12 AM",63.0504
"2015-06-17:12 AM",64.3483
"2015-06-18:12 AM",62.8216
"2015-06-19:12 AM",66.4489
"2015-06-20:12 AM",60.6495
"2015-06-21:12 AM",66.7184
"2015-06-22:12 AM",70.117
"2015-06-23:12 AM",70.9205
"2015-06-24:12 AM",69.0256
"2015-06-25:12 AM",67.8016
"2015-06-26:12 AM",63.5943
"2015-06-27:12 AM",61.2972
"2015-06-28:12 AM",58.2454
"2015-06-29:12 AM",59.333
"2015-06-30:12 AM",66.9259
"2015-07-01:12 AM",67.8081
"2015-07-02:12 AM",66.9866
"2015-07-03:12 AM",65.6008
"2015-07-04:12 AM",62.9568
"2015-07-05:12 AM",67.7017
"2015-07-06:12 AM",70.3828
"2015-07-07:12 AM",70.2604
"2015-07-08:12 AM",73.2223
"2015-07-09:12 AM",67.4793
"2015-07-10:12 AM",68.0205
"2015-07-11:12 AM",70.8634
"2015-07-12:12 AM",73.371
"2015-07-13:12 AM",71.9879
"2015-07-14:12 AM",69.2125
"2015-07-15:12 AM",70.4185
"2015-07-16:12 AM",63.9759
"2015-07-17:12 AM",65.4553
"2015-07-18:12 AM",67.9656
"2015-07-19:12 AM",75.4718
"2015-07-20:12 AM",77.4822
"2015-07-21:12 AM",74.0944
"2015-07-22:12 AM",70.6813
"2015-07-23:12 AM",68.7191
"2015-07-24:12 AM",67.3867
"2015-07-25:12 AM",65.4174
"2015-07-26:12 AM",67.9901
"2015-07-27:12 AM",71.01
"2015-07-28:12 AM",74.7174
"2015-07-29:12 AM",76.0777
"2015-07-30:12 AM",75.9231
"2015-07-31:12 AM",72.8861
"2015-08-01:12 AM",72.1726
"2015-08-02:12 AM",71.2274
"2015-08-03:12 AM",74.6112
"2015-08-04:12 AM",72.7763
"2015-08-05:12 AM",70.362
"2015-08-06:12 AM",67.7899
"2015-08-07:12 AM",67.2685
"2015-08-08:12 AM",66.0844
"2015-08-09:12 AM",64.4409
"2015-08-10:12 AM",67.5939
"2015-08-11:12 AM",67.6222
"2015-08-12:12 AM",70.3029
"2015-08-13:12 AM",68.8795
"2015-08-14:12 AM",69.8977
"2015-08-15:12 AM",73.3273
"2015-08-16:12 AM",73.0812
"2015-08-17:12 AM",75.6496
"2015-08-18:12 AM",75.94
"2015-08-19:12 AM",74.7
"2015-08-20:12 AM",72.7239
"2015-08-21:12 AM",72.0745
"2015-08-22:12 AM",69.5586
"2015-08-23:12 AM",68.4952
"2015-08-24:12 AM",71.3752
"2015-08-25:12 AM",72.3177
"2015-08-26:12 AM",70.9682
"2015-08-27:12 AM",67.7421
"2015-08-28:12 AM",65.6872
"2015-08-29:12 AM",66.8268
"2015-08-30:12 AM",71.7885
"2015-08-31:12 AM",74.7158
"2015-09-01:12 AM",71.1009
"2015-09-02:12 AM",72.2624
"2015-09-03:12 AM",73.1516
"2015-09-04:12 AM",65.5554
"2015-09-05:12 AM",63.9525
"2015-09-06:12 AM",67.0534
"2015-09-07:12 AM",72.1713
"2015-09-08:12 AM",76.9464
"2015-09-09:12 AM",76.2058
"2015-09-10:12 AM",69.4002
"2015-09-11:12 AM",65.6339
"2015-09-12:12 AM",64.5438
"2015-09-13:12 AM",64.2808
"2015-09-14:12 AM",60.5296
"2015-09-15:12 AM",65.889
"2015-09-16:12 AM",67.8088
"2015-09-17:12 AM",69.2906
"2015-09-18:12 AM",69.0987
"2015-09-19:12 AM",67.8736
"2015-09-20:12 AM",65.3518
"2015-09-21:12 AM",57.3642
"2015-09-22:12 AM",59.3472
"2015-09-23:12 AM",57.5946
"2015-09-24:12 AM",61.0495
"2015-09-25:12 AM",58.2273
"2015-09-26:12 AM",54.9207
"2015-09-27:12 AM",54.4426
"2015-09-28:12 AM",63.2842
"2015-09-29:12 AM",69.0309
"2015-09-30:12 AM",65.25
"2015-10-01:12 AM",54.5821
"2015-10-02:12 AM",50.2156
"2015-10-03:12 AM",49.2796
"2015-10-04:12 AM",49.795
"2015-10-05:12 AM",50.8293
"2015-10-06:12 AM",53.1979
"2015-10-07:12 AM",55.542
"2015-10-08:12 AM",54.61
"2015-10-09:12 AM",59.382
"2015-10-10:12 AM",50.0659
"2015-10-11:12 AM",53.1905
"2015-10-12:12 AM",57.9297
"2015-10-13:12 AM",60.4245
"2015-10-14:12 AM",56.6427
"2015-10-15:12 AM",49.9964
"2015-10-16:12 AM",53.0787
"2015-10-17:12 AM",45.4638
"2015-10-18:12 AM",36.9705
"2015-10-19:12 AM",36.5941
"2015-10-20:12 AM",50.1519
"2015-10-21:12 AM",56.741
"2015-10-22:12 AM",59.9985
"2015-10-23:12 AM",46.7944
"2015-10-24:12 AM",42.6022
"2015-10-25:12 AM",52.5448
"2015-10-26:12 AM",44.505
"2015-10-27:12 AM",43.2455
"2015-10-28:12 AM",49.4814
"2015-10-29:12 AM",62.7071
"2015-10-30:12 AM",48.562
"2015-10-31:12 AM",42.8416
"2015-11-01:12 AM",52.3515
"2015-11-02:12 AM",53.1905
"2015-11-03:12 AM",53.1397
"2015-11-04:12 AM",53.9929
"2015-11-05:12 AM",58.1598
"2015-11-06:12 AM",63.7221
"2015-11-07:12 AM",54.9019
"2015-11-08:12 AM",45.2664
"2015-11-09:12 AM",45.3331
"2015-11-10:12 AM",48.7965
"2015-11-11:12 AM",48.6666
"2015-11-12:12 AM",49.0584
"2015-11-13:12 AM",49.573
"2015-11-14:12 AM",39.364
"2015-11-15:12 AM",41.8622
"2015-11-16:12 AM",47.9682
"2015-11-17:12 AM",37.526
"2015-11-18:12 AM",38.6865
"2015-11-19:12 AM",48.2673
"2015-11-20:12 AM",52.1712
"2015-11-21:12 AM",40.3138
"2015-11-22:12 AM",42.6614
"2015-11-23:12 AM",34.3836
"2015-11-24:12 AM",33.274
"2015-11-25:12 AM",35.8115
"2015-11-26:12 AM",44.7397
"2015-11-27:12 AM",52.236
"2015-11-28:12 AM",48.3732
"2015-11-29:12 AM",36.2098
"2015-11-30:12 AM",32.9517
"2015-12-01:12 AM",36.7169
"2015-12-02:12 AM",42.7143
"2015-12-03:12 AM",44.4767
"2015-12-04:12 AM",39.6612
"2015-12-05:12 AM",40.2816
"2015-12-06:12 AM",41.1055
"2015-12-07:12 AM",42.4182
"2015-12-08:12 AM",40.4159
"2015-12-09:12 AM",40.2773
"2015-12-10:12 AM",49.0784
"2015-12-11:12 AM",51.4956
"2015-12-12:12 AM",49.7338
"2015-12-13:12 AM",47.7142
"2015-12-14:12 AM",49.7455
"2015-12-15:12 AM",53.0658
"2015-12-16:12 AM",40.2174
"2015-12-17:12 AM",45.1679
"2015-12-18:12 AM",45.1456
"2015-12-19:12 AM",33.5431
"2015-12-20:12 AM",32.8885
"2015-12-21:12 AM",41.1793
"2015-12-22:12 AM",50.6997
"2015-12-23:12 AM",49.7323
"2015-12-24:12 AM",58.9134
"2015-12-25:12 AM",52.4426
"2015-12-26:12 AM",45.7657
"2015-12-27:12 AM",47.8069
"2015-12-28:12 AM",32.403
"2015-12-29:12 AM",33.5214
"2015-12-30:12 AM",31.0554
"2015-12-31:12 AM",37.3719
"2016-01-01:12 AM",33.4794
"2016-01-02:12 AM",29.9007
"2016-01-03:12 AM",33.7584
"2016-01-04:12 AM",24.2262
"2016-01-05:12 AM",15.0132
"2016-01-06:12 AM",26.721
"2016-01-07:12 AM",30.9517
"2016-01-08:12 AM",33.7791
"2016-01-09:12 AM",37.5535
"2016-01-10:12 AM",46.4778
"2016-01-11:12 AM",30.8088
"2016-01-12:12 AM",29.5821
"2016-01-13:12 AM",25.2442
"2016-01-14:12 AM",23.2216
"2016-01-15:12 AM",31.7894
"2016-01-16:12 AM",36.7745
"2016-01-17:12 AM",30.2189
"2016-01-18:12 AM",22.6427
"2016-01-19:12 AM",16.4145
"2016-01-20:12 AM",21.1545
"2016-01-21:12 AM",22.0563
"2016-01-22:12 AM",19.9868
"2016-01-23:12 AM",25.6159
"2016-01-24:12 AM",23.1973
"2016-01-25:12 AM",25.6534
"2016-01-26:12 AM",36.6786
"2016-01-27:12 AM",35.5894
"2016-01-28:12 AM",30.7346
"2016-01-29:12 AM",33.391
"2016-01-30:12 AM",30.0884
"2016-01-31:12 AM",38.8708
"2016-02-01:12 AM",43.2367
"2016-02-02:12 AM",36.851
"2016-02-03:12 AM",42.897
"2016-02-04:12 AM",48.4444
"2016-02-05:12 AM",32.9261
"2016-02-06:12 AM",26.3946
"2016-02-07:12 AM",31.5493
"2016-02-08:12 AM",26.5797
"2016-02-09:12 AM",21.2959
"2016-02-10:12 AM",26.1882
"2016-02-11:12 AM",18.9608
"2016-02-12:12 AM",11.8261
"2016-02-13:12 AM",9.3186
"2016-02-14:12 AM",-3.395
"2016-02-15:12 AM",10.2736
"2016-02-16:12 AM",41.6376
"2016-02-17:12 AM",33.2103
"2016-02-18:12 AM",25.6132
"2016-02-19:12 AM",26.9247
"2016-02-20:12 AM",40.7368
"2016-02-21:12 AM",40.9858
"2016-02-22:12 AM",34.405
"2016-02-23:12 AM",32.6554
"2016-02-24:12 AM",39.7207
"2016-02-25:12 AM",49.7579
"2016-02-26:12 AM",29.8969
"2016-02-27:12 AM",27.1783
"2016-02-28:12 AM",39.288
"2016-02-29:12 AM",43.9412
"2016-03-01:12 AM",35.7168
"2016-03-02:12 AM",37.5699
"2016-03-03:12 AM",24.7451
"2016-03-04:12 AM",28.6416
"2016-03-05:12 AM",28.3798
"2016-03-06:12 AM",30.2855
"2016-03-07:12 AM",36.8199
"2016-03-08:12 AM",41.6818
"2016-03-09:12 AM",49.9183
"2016-03-10:12 AM",55.573
"2016-03-11:12 AM",48.3296
"2016-03-12:12 AM",41.8586
"2016-03-13:12 AM",47.1884
"2016-03-14:12 AM",39.6063
"2016-03-15:12 AM",42.8025
"2016-03-16:12 AM",43.9657
"2016-03-17:12 AM",47.4957
"2016-03-18:12 AM",41.3812
"2016-03-19:12 AM",33.3451
"2016-03-20:12 AM",31.2197
"2016-03-21:12 AM",32.234
"2016-03-22:12 AM",33.5545
"2016-03-23:12 AM",45.059
"2016-03-24:12 AM",39.3289
"2016-03-25:12 AM",44.4972
"2016-03-26:12 AM",37.1082
"2016-03-27:12 AM",38.1936
"2016-03-28:12 AM",38.8999
"2016-03-29:12 AM",39.1003
"2016-03-30:12 AM",39.519
"2016-03-31:12 AM",51.0235
"2016-04-01:12 AM",57.6426
"2016-04-02:12 AM",45.03
"2016-04-03:12 AM",31.381
"2016-04-04:12 AM",25.4307
"2016-04-05:12 AM",24.7831
"2016-04-06:12 AM",29.0797
"2016-04-07:12 AM",47.1774
"2016-04-08:12 AM",41.7042
"2016-04-09:12 AM",36.4271
"2016-04-10:12 AM",34.8373
"2016-04-11:12 AM",44.8149
"2016-04-12:12 AM",48.139
"2016-04-13:12 AM",40.8025
"2016-04-14:12 AM",41.4142
"2016-04-15:12 AM",43.1274
"2016-04-16:12 AM",43.392
"2016-04-17:12 AM",47.2888
"2016-04-18:12 AM",52.7486
"2016-04-19:12 AM",47.4845
"2016-04-20:12 AM",45.6154
"2016-04-21:12 AM",51.8452
"2016-04-22:12 AM",60.0771
"2016-04-23:12 AM",53.9758
"2016-04-24:12 AM",44.6569
"2016-04-25:12 AM",48.2756
"2016-04-26:12 AM",42.0215
"2016-04-27:12 AM",43.0245
"2016-04-28:12 AM",45.7237
"2016-04-29:12 AM",46.0521
"2016-04-30:12 AM",47.7496
"2016-05-01:12 AM",43.6865
"2016-05-02:12 AM",45.3031
"2016-05-03:12 AM",45.3191
"2016-05-04:12 AM",45.0462
"2016-05-05:12 AM",43.9797
"2016-05-06:12 AM",47.7279
"2016-05-07:12 AM",47.2365
"2016-05-08:12 AM",48.9367
"2016-05-09:12 AM",49.8362
"2016-05-10:12 AM",50.8096
"2016-05-11:12 AM",56.3981
"2016-05-12:12 AM",57.9789
"2016-05-13:12 AM",56.9206
"2016-05-14:12 AM",59.8219
"2016-05-15:12 AM",49.2642
"2016-05-16:12 AM",45.3121
"2016-05-17:12 AM",54.7862
"2016-05-18:12 AM",54.0037
"2016-05-19:12 AM",53.5932
"2016-05-20:12 AM",56.1805
"2016-05-21:12 AM",57.8233
"2016-05-22:12 AM",55.2574
"2016-05-23:12 AM",58.937
"2016-05-24:12 AM",54.745
"2016-05-25:12 AM",64.2582
"2016-05-26:12 AM",69.8646
"2016-05-27:12 AM",68.4606
"2016-05-28:12 AM",72.1481
"2016-05-29:12 AM",64.7776
"2016-05-30:12 AM",63.8029
"2016-05-31:12 AM",68.7949
"2016-06-01:12 AM",64.2646
"2016-06-02:12 AM",59.0022
"2016-06-03:12 AM",60.7759
"2016-06-04:12 AM",65.8459
"2016-06-05:12 AM",61.2417
"2016-06-06:12 AM",68.0117
"2016-06-07:12 AM",67.7007
"2016-06-08:12 AM",58.7538
"2016-06-09:12 AM",56.8958
"2016-06-10:12 AM",57.4945
"2016-06-11:12 AM",59.0877
"2016-06-12:12 AM",62.8549
"2016-06-13:12 AM",59.2426
"2016-06-14:12 AM",61.408
"2016-06-15:12 AM",66.8692
"2016-06-16:12 AM",67.0194
"2016-06-17:12 AM",64.6288
"2016-06-18:12 AM",64.8099
"2016-06-19:12 AM",64.7713
"2016-06-20:12 AM",66.5829
"2016-06-21:12 AM",69.5728
"2016-06-22:12 AM",64.6633
"2016-06-23:12 AM",65.4291
"2016-06-24:12 AM",65.7855
"2016-06-25:12 AM",65.795
"2016-06-26:12 AM",68.1235
"2016-06-27:12 AM",68.0216
"2016-06-28:12 AM",68.5152
"2016-06-29:12 AM",69.598
"2016-06-30:12 AM",69.3084
"2016-07-01:12 AM",69.2274
"2016-07-02:12 AM",68.0448
"2016-07-03:12 AM",67.6974
"2016-07-04:12 AM",70.4008
"2016-07-05:12 AM",70.5816
"2016-07-06:12 AM",76.4038
"2016-07-07:12 AM",74.2348
"2016-07-08:12 AM",66.0961
"2016-07-09:12 AM",61.131
"2016-07-10:12 AM",62.4495
"2016-07-11:12 AM",64.1044
"2016-07-12:12 AM",69.3813
"2016-07-13:12 AM",72.1508
"2016-07-14:12 AM",72.5581
"2016-07-15:12 AM",77.0524
"2016-07-16:12 AM",75.8197
"2016-07-17:12 AM",72.8533
"2016-07-18:12 AM",76.1187
"2016-07-19:12 AM",71.8072
"2016-07-20:12 AM",67.851
"2016-07-21:12 AM",71.614
"2016-07-22:12 AM",78.1799
"2016-07-23:12 AM",77.7652
"2016-07-24:12 AM",72.9829
"2016-07-25:12 AM",74.9925
"2016-07-26:12 AM",76.3581
"2016-07-27:12 AM",75.6858
"2016-07-28:12 AM",76.1974
"2016-07-29:12 AM",72.2466
"2016-07-30:12 AM",72.9534
"2016-07-31:12 AM",68.9922
"2016-08-01:12 AM",67.4474
"2016-08-02:12 AM",67.368
"2016-08-03:12 AM",67.6614
"2016-08-04:12 AM",69.0858
"2016-08-05:12 AM",70.8814
"2016-08-06:12 AM",73.9832
"2016-08-07:12 AM",71.9962
"2016-08-08:12 AM",70.452
"2016-08-09:12 AM",71.9154
"2016-08-10:12 AM",72.4116
"2016-08-11:12 AM",76.8688
"2016-08-12:12 AM",78.5017
"2016-08-13:12 AM",76.7053
"2016-08-14:12 AM",80.038
"2016-08-15:12 AM",75.789
"2016-08-16:12 AM",72.7788
"2016-08-17:12 AM",76.0111
"2016-08-18:12 AM",73.2373
"2016-08-19:12 AM",73.0382
"2016-08-20:12 AM",70.8037
"2016-08-21:12 AM",71.2621
"2016-08-22:12 AM",69.3284
"2016-08-23:12 AM",65.1587
"2016-08-24:12 AM",70.8021
"2016-08-25:12 AM",73.06
"2016-08-26:12 AM",74.7091
"2016-08-27:12 AM",72.4836
"2016-08-28:12 AM",71.3899
"2016-08-29:12 AM",72.8134
"2016-08-30:12 AM",67.5595
"2016-08-31:12 AM",71.2422
"2016-09-01:12 AM",69.6839
"2016-09-02:12 AM",66.1548
"2016-09-03:12 AM",62.4479
"2016-09-04:12 AM",63.6282
"2016-09-05:12 AM",64.5485
"2016-09-06:12 AM",67.1779
"2016-09-07:12 AM",70.5382
"2016-09-08:12 AM",70.8566
"2016-09-09:12 AM",75.5739
"2016-09-10:12 AM",72.1539
"2016-09-11:12 AM",71.406
"2016-09-12:12 AM",61.6159
"2016-09-13:12 AM",65.2685
"2016-09-14:12 AM",70.2856
"2016-09-15:12 AM",58.8569
"2016-09-16:12 AM",59.4397
"2016-09-17:12 AM",62.1289
"2016-09-18:12 AM",70.8886
"2016-09-19:12 AM",69.8576
"2016-09-20:12 AM",69.292
"2016-09-21:12 AM",68.0556
"2016-09-22:12 AM",67.908
"2016-09-23:12 AM",67.1882
"2016-09-24:12 AM",56.6865
"2016-09-25:12 AM",53.1217
"2016-09-26:12 AM",53.8542
"2016-09-27:12 AM",63.1072
"2016-09-28:12 AM",56.642
"2016-09-29:12 AM",55.1001
"2016-09-30:12 AM",54.5896
"2016-10-01:12 AM",55.3966
"2016-10-02:12 AM",54.7203
"2016-10-03:12 AM",58.9892
"2016-10-04:12 AM",56.4874
"2016-10-05:12 AM",53.2879
"2016-10-06:12 AM",54.2109
"2016-10-07:12 AM",58.0163
"2016-10-08:12 AM",58.8925
"2016-10-09:12 AM",55.0713
"2016-10-10:12 AM",47.2933
"2016-10-11:12 AM",48.9441
"2016-10-12:12 AM",52.2961
"2016-10-13:12 AM",58.1729
"2016-10-14:12 AM",48.5614
"2016-10-15:12 AM",46.9733
"2016-10-16:12 AM",55.1874
"2016-10-17:12 AM",63.5994
"2016-10-18:12 AM",65.3725
"2016-10-19:12 AM",66.8091
"2016-10-20:12 AM",58.3018
"2016-10-21:12 AM",64.0139
"2016-10-22:12 AM",53.8786
"2016-10-23:12 AM",46.2432
"2016-10-24:12 AM",48.6064
"2016-10-25:12 AM",41.7204
"2016-10-26:12 AM",38.8688
"2016-10-27:12 AM",38.0494
"2016-10-28:12 AM",45.3477
"2016-10-29:12 AM",46.2524
"2016-10-30:12 AM",55.3408
"2016-10-31:12 AM",43.2532
"2016-11-01:12 AM",41.7043
"2016-11-02:12 AM",53.6202
"2016-11-03:12 AM",56.0611
"2016-11-04:12 AM",47.6397
"2016-11-05:12 AM",43.9776
"2016-11-06:12 AM",45.5106
"2016-11-07:12 AM",40.2793
"2016-11-08:12 AM",44.7172
"2016-11-09:12 AM",50.1571
"2016-11-10:12 AM",43.1663
"2016-11-11:12 AM",45.3405
"2016-11-12:12 AM",36.9052
"2016-11-13:12 AM",44.3808
"2016-11-14:12 AM",47.534
"2016-11-15:12 AM",48.4243
"2016-11-16:12 AM",50.6133
"2016-11-17:12 AM",46.9186
"2016-11-18:12 AM",46.6149
"2016-11-19:12 AM",47.8522
"2016-11-20:12 AM",40.7028
"2016-11-21:12 AM",30.8957
"2016-11-22:12 AM",32.6316
"2016-11-23:12 AM",32.3704
"2016-11-24:12 AM",37.1426
"2016-11-25:12 AM",40.9962
"2016-11-26:12 AM",39.8631
"2016-11-27:12 AM",36.3508
"2016-11-28:12 AM",34.8795
"2016-11-29:12 AM",44.4439
"2016-11-30:12 AM",49.1086
"2016-12-01:12 AM",48.1302
"2016-12-02:12 AM",41.0011
"2016-12-03:12 AM",37.4954
"2016-12-04:12 AM",32.5724
"2016-12-05:12 AM",34.6384
"2016-12-06:12 AM",36.3895
"2016-12-07:12 AM",36.8748
"2016-12-08:12 AM",35.8203
"2016-12-09:12 AM",28.9501
"2016-12-10:12 AM",24.1597
"2016-12-11:12 AM",26.5158
"2016-12-12:12 AM",35.6036
"2016-12-13:12 AM",34.2117
"2016-12-14:12 AM",31.3668
"2016-12-15:12 AM",23.4401
"2016-12-16:12 AM",11.2501
"2016-12-17:12 AM",27.1243
"2016-12-18:12 AM",41.3773
"2016-12-19:12 AM",21.7879
"2016-12-20:12 AM",21.805
"2016-12-21:12 AM",29.2104
"2016-12-22:12 AM",33.6792
"2016-12-23:12 AM",34.0282
"2016-12-24:12 AM",36.9658
"2016-12-25:12 AM",32.7006
"2016-12-26:12 AM",30.8593
"2016-12-27:12 AM",44.5824
"2016-12-28:12 AM",32.9815
"2016-12-29:12 AM",34.5517
"2016-12-30:12 AM",31.2442
"2016-12-31:12 AM",31.1011
"2017-01-01:12 AM",34.6474
"2017-01-02:12 AM",32.1121
"2017-01-03:12 AM",39.1804
"2017-01-04:12 AM",39.0151
"2017-01-05:12 AM",28.2254
"2017-01-06:12 AM",26.2503
"2017-01-07:12 AM",21.3246
"2017-01-08:12 AM",15.6303
"2017-01-09:12 AM",12.3125
"2017-01-10:12 AM",25.0558
"2017-01-11:12 AM",40.8479
"2017-01-12:12 AM",48.571
"2017-01-13:12 AM",38.4913
"2017-01-14:12 AM",26.3016
"2017-01-15:12 AM",28.7962
"2017-01-16:12 AM",29.8913
"2017-01-17:12 AM",34.6327
"2017-01-18:12 AM",36.2401
"2017-01-19:12 AM",36.0426
"2017-01-20:12 AM",35.1648
"2017-01-21:12 AM",40.1428
"2017-01-22:12 AM",40.6987
"2017-01-23:12 AM",35.5449
"2017-01-24:12 AM",38.1411
"2017-01-25:12 AM",34.3301
"2017-01-26:12 AM",39.8259
"2017-01-27:12 AM",35.296
"2017-01-28:12 AM",32.8977
"2017-01-29:12 AM",33.1459
"2017-01-30:12 AM",28.8165
"2017-01-31:12 AM",23.8397
"2017-02-01:12 AM",31.6573
"2017-02-02:12 AM",29.8503
"2017-02-03:12 AM",25.3742
"2017-02-04:12 AM",23.5
"2017-02-05:12 AM",30.0175
"2017-02-06:12 AM",28.4122
"2017-02-07:12 AM",33.9003
"2017-02-08:12 AM",38.0493
"2017-02-09:12 AM",25.5735
"2017-02-10:12 AM",14.8093
"2017-02-11:12 AM",24.9262
"2017-02-12:12 AM",28.0517
"2017-02-13:12 AM",26.127
"2017-02-14:12 AM",20.4726
"2017-02-15:12 AM",31.8573
"2017-02-16:12 AM",27.0946
"2017-02-17:12 AM",22.7935
"2017-02-18:12 AM",30.2383
"2017-02-19:12 AM",40.7683
"2017-02-20:12 AM",33.9062
"2017-02-21:12 AM",31.9042
"2017-02-22:12 AM",38.7214
"2017-02-23:12 AM",44.6493
"2017-02-24:12 AM",52.8116
"2017-02-25:12 AM",52.9255
"2017-02-26:12 AM",36.2023
"2017-02-27:12 AM",36.7603
"2017-02-28:12 AM",42.674
"2017-03-01:12 AM",51.7073
"2017-03-02:12 AM",40.0543
"2017-03-03:12 AM",28.2585
"2017-03-04:12 AM",17.4303
"2017-03-05:12 AM",17.53
"2017-03-06:12 AM",25.777
"2017-03-07:12 AM",37.2996
"2017-03-08:12 AM",47.0505
"2017-03-09:12 AM",38.7489
"2017-03-10:12 AM",30.1149
"2017-03-11:12 AM",15.9186
"2017-03-12:12 AM",13.9986
"2017-03-13:12 AM",19.6083
"2017-03-14:12 AM",30.2632
"2017-03-15:12 AM",20.5461
"2017-03-16:12 AM",21.7456
"2017-03-17:12 AM",26.798
"2017-03-18:12 AM",27.1459
"2017-03-19:12 AM",30.7366
"2017-03-20:12 AM",32.5992
"2017-03-21:12 AM",37.7893
"2017-03-22:12 AM",26.4195
"2017-03-23:12 AM",22.5853
"2017-03-24:12 AM",33.6789
"2017-03-25:12 AM",38.0188
"2017-03-26:12 AM",32.8134
"2017-03-27:12 AM",37.0886
"2017-03-28:12 AM",37.8079
"2017-03-29:12 AM",38.086
"2017-03-30:12 AM",36.4993
"2017-03-31:12 AM",34.8719
"2017-04-01:12 AM",33.7026
"2017-04-02:12 AM",37.7427
"2017-04-03:12 AM",41.4448
"2017-04-04:12 AM",40.2886
"2017-04-05:12 AM",40.1871
"2017-04-06:12 AM",40.527
"2017-04-07:12 AM",43.8296
"2017-04-08:12 AM",37.7107
"2017-04-09:12 AM",44.7494
"2017-04-10:12 AM",52.9758
"2017-04-11:12 AM",59.0392
"2017-04-12:12 AM",55.1079
"2017-04-13:12 AM",46.6804
"2017-04-14:12 AM",46.5553
"2017-04-15:12 AM",49.5793
"2017-04-16:12 AM",63.1848
"2017-04-17:12 AM",58.5149
"2017-04-18:12 AM",45.3594
"2017-04-19:12 AM",41.6863
"2017-04-20:12 AM",48.9501
"2017-04-21:12 AM",44.5494
"2017-04-22:12 AM",43.6885
"2017-04-23:12 AM",47.9489
"2017-04-24:12 AM",51.9746
"2017-04-25:12 AM",46.9337
"2017-04-26:12 AM",50.6764
"2017-04-27:12 AM",53.8558
"2017-04-28:12 AM",60.3354
"2017-04-29:12 AM",63.5707
"2017-04-30:12 AM",50.9601
"2017-05-01:12 AM",48.6626
"2017-05-02:12 AM",56.2224
"2017-05-03:12 AM",49.7899
"2017-05-04:12 AM",49.1135
"2017-05-05:12 AM",47.6303
"2017-05-06:12 AM",55.2983
"2017-05-07:12 AM",50.9927
"2017-05-08:12 AM",44.1253
"2017-05-09:12 AM",44.6362
"2017-05-10:12 AM",46.7645
"2017-05-11:12 AM",48.2463
"2017-05-12:12 AM",48.5483
"2017-05-13:12 AM",47.3099
"2017-05-14:12 AM",45.7534
"2017-05-15:12 AM",50.16
"2017-05-16:12 AM",60.3459
"2017-05-17:12 AM",67.255
"2017-05-18:12 AM",74.4166
"2017-05-19:12 AM",71.7042
"2017-05-20:12 AM",55.1601
"2017-05-21:12 AM",54.3142
"2017-05-22:12 AM",52.0785
"2017-05-23:12 AM",56.737
"2017-05-24:12 AM",56.1583
"2017-05-25:12 AM",51.6029
"2017-05-26:12 AM",52.1283
"2017-05-27:12 AM",56.0523
"2017-05-28:12 AM",57.979
"2017-05-29:12 AM",50.1188
"2017-05-30:12 AM",53.2735
"2017-05-31:12 AM",57.63
"2017-06-01:12 AM",60.8362
"2017-06-02:12 AM",58.4784
"2017-06-03:12 AM",56.3616
"2017-06-04:12 AM",56.7505
"2017-06-05:12 AM",54.7201
"2017-06-06:12 AM",49.1569
"2017-06-07:12 AM",54.7097
"2017-06-08:12 AM",58.5232
"2017-06-09:12 AM",61.3713
"2017-06-10:12 AM",66.8415
"2017-06-11:12 AM",72.6247
"2017-06-12:12 AM",75.4972
"2017-06-13:12 AM",76.8146
"2017-06-14:12 AM",66.4511
"2017-06-15:12 AM",59.8896
"2017-06-16:12 AM",59.2131
"2017-06-17:12 AM",63.5898
"2017-06-18:12 AM",68.9779
"2017-06-19:12 AM",72.5275
"2017-06-20:12 AM",70.9288
"2017-06-21:12 AM",69.1518
"2017-06-22:12 AM",68.2277
"2017-06-23:12 AM",71.5343
"2017-06-24:12 AM",73.1552
"2017-06-25:12 AM",68.9004
"2017-06-26:12 AM",65.5678
"2017-06-27:12 AM",62.4351
"2017-06-28:12 AM",62.6434
"2017-06-29:12 AM",67.3903
"2017-06-30:12 AM",70.5335
"2017-07-01:12 AM",71.5273
"2017-07-02:12 AM",73.683
"2017-07-03:12 AM",71.8682
"2017-07-04:12 AM",69.3646
"2017-07-05:12 AM",68.2864
"2017-07-06:12 AM",66.8835
"2017-07-07:12 AM",64.8153
"2017-07-08:12 AM",70.5072
"2017-07-09:12 AM",68.8609
"2017-07-10:12 AM",70.7324
"2017-07-11:12 AM",72.0777
"2017-07-12:12 AM",73.4446
"2017-07-13:12 AM",66.7188
"2017-07-14:12 AM",60.2429
"2017-07-15:12 AM",67.1347
"2017-07-16:12 AM",71.218
"2017-07-17:12 AM",71.0668
"2017-07-18:12 AM",72.7695
"2017-07-19:12 AM",75.8156
"2017-07-20:12 AM",76.4947
"2017-07-21:12 AM",75.5902
"2017-07-22:12 AM",72.91
"2017-07-23:12 AM",68.9396
"2017-07-24:12 AM",59.1215
"2017-07-25:12 AM",58.264
"2017-07-26:12 AM",64.7058
"2017-07-27:12 AM",65.5833
"2017-07-28:12 AM",70.1904
"2017-07-29:12 AM",64.7598
"2017-07-30:12 AM",64.6894
"2017-07-31:12 AM",68.2169
"2017-08-01:12 AM",72.1609
"2017-08-02:12 AM",72.6364
"2017-08-03:12 AM",71.0692
"2017-08-04:12 AM",70.9812
"2017-08-05:12 AM",68.4826
"2017-08-06:12 AM",65.633
"2017-08-07:12 AM",65.3551
"2017-08-08:12 AM",64.7859
"2017-08-09:12 AM",68.1764
"2017-08-10:12 AM",69.3676
"2017-08-11:12 AM",68.9238
"2017-08-12:12 AM",68.4295
"2017-08-13:12 AM",70.7479
"2017-08-14:12 AM",68.7704
"2017-08-15:12 AM",69.0046
"2017-08-16:12 AM",70.2079
"2017-08-17:12 AM",66.4234
"2017-08-18:12 AM",69.4731
"2017-08-19:12 AM",73.9864
"2017-08-20:12 AM",70.6973
"2017-08-21:12 AM",71.9584
"2017-08-22:12 AM",75.4594
"2017-08-23:12 AM",72.0345
"2017-08-24:12 AM",66.0718
"2017-08-25:12 AM",63.7396
"2017-08-26:12 AM",61.801
"2017-08-27:12 AM",61.3998
"2017-08-28:12 AM",61.8264
"2017-08-29:12 AM",59.6469
"2017-08-30:12 AM",60.5754
"2017-08-31:12 AM",64.8561
"2017-09-01:12 AM",57.1788
"2017-09-02:12 AM",56.9379
"2017-09-03:12 AM",56.0104
"2017-09-04:12 AM",65.147
"2017-09-05:12 AM",71.0751
"2017-09-06:12 AM",66.321
"2017-09-07:12 AM",63.0351
"2017-09-08:12 AM",60.0957
"2017-09-09:12 AM",57.411
"2017-09-10:12 AM",58.1256
"2017-09-11:12 AM",60.6108
"2017-09-12:12 AM",65.332
"2017-09-13:12 AM",66.8462
"2017-09-14:12 AM",68.6451
"2017-09-15:12 AM",68.4471
"2017-09-16:12 AM",67.3608
"2017-09-17:12 AM",68.1355
"2017-09-18:12 AM",65.8481
"2017-09-19:12 AM",65.0278
"2017-09-20:12 AM",66.0603
"2017-09-21:12 AM",66.7683
"2017-09-22:12 AM",61.4163
"2017-09-23:12 AM",65.6767
"2017-09-24:12 AM",68.7391
"2017-09-25:12 AM",69.8853
"2017-09-26:12 AM",70.09
"2017-09-27:12 AM",70.7504
"2017-09-28:12 AM",65.8749
"2017-09-29:12 AM",54.1143
"2017-09-30:12 AM",51.4758
"2017-10-01:12 AM",51.2073
"2017-10-02:12 AM",54.1287
"2017-10-03:12 AM",54.9795
"2017-10-04:12 AM",59.1881
"2017-10-05:12 AM",66.0299
"2017-10-06:12 AM",60.7312
"2017-10-07:12 AM",64.7866
"2017-10-08:12 AM",68.9243
"2017-10-09:12 AM",68.3386
"2017-10-10:12 AM",66.8462
"2017-10-11:12 AM",61.8708
"2017-10-12:12 AM",52.0524
"2017-10-13:12 AM",52.0669
"2017-10-14:12 AM",60.2227
"2017-10-15:12 AM",63.6886
"2017-10-16:12 AM",55.6284
"2017-10-17:12 AM",45.7182
"2017-10-18:12 AM",54.1134
"2017-10-19:12 AM",58.1587
"2017-10-20:12 AM",58.2595
"2017-10-21:12 AM",58.1668
"2017-10-22:12 AM",58.8549
"2017-10-23:12 AM",59.2241
"2017-10-24:12 AM",66.0117
"2017-10-25:12 AM",63.3765
"2017-10-26:12 AM",54.2064
"2017-10-27:12 AM",49.341
"2017-10-28:12 AM",53.4029
"2017-10-29:12 AM",58.7664
"2017-10-30:12 AM",54.9046
"2017-10-31:12 AM",48.1429
"2017-11-01:12 AM",46.1692
"2017-11-02:12 AM",58.2609
"2017-11-03:12 AM",60.3745
"2017-11-04:12 AM",46.4603
"2017-11-05:12 AM",50.0121
"2017-11-06:12 AM",58.9399
"2017-11-07:12 AM",43.8721
"2017-11-08:12 AM",38.7631
"2017-11-09:12 AM",39.45
"2017-11-10:12 AM",34.4295
"2017-11-11:12 AM",27.0651
"2017-11-12:12 AM",33.5664
"2017-11-13:12 AM",37.6507
"2017-11-14:12 AM",37.3503
"2017-11-15:12 AM",35.92
"2017-11-16:12 AM",41.8069
"2017-11-17:12 AM",35.9679
"2017-11-18:12 AM",37.7006
"2017-11-19:12 AM",46.2376
"2017-11-20:12 AM",34.2365
"2017-11-21:12 AM",43.3911
"2017-11-22:12 AM",45.9543
"2017-11-23:12 AM",33.8157
"2017-11-24:12 AM",37.1174
"2017-11-25:12 AM",43.3303
"2017-11-26:12 AM",39.7992
"2017-11-27:12 AM",35.4762
"2017-11-28:12 AM",32.873
"2017-11-29:12 AM",45.621
"2017-11-30:12 AM",37.2205
"2017-12-01:12 AM",43.1114
"2017-12-02:12 AM",36.5911
"2017-12-03:12 AM",36.7704
"2017-12-04:12 AM",36.3385
"2017-12-05:12 AM",43.6998
"2017-12-06:12 AM",45.6262
"2017-12-07:12 AM",36.7266
"2017-12-08:12 AM",34.3179
"2017-12-09:12 AM",32.9302
"2017-12-10:12 AM",30.1266
"2017-12-11:12 AM",29.1704
"2017-12-12:12 AM",35.7751
"2017-12-13:12 AM",20.3905
"2017-12-14:12 AM",20.1871
"2017-12-15:12 AM",19.3984
"2017-12-16:12 AM",24.2393
"2017-12-17:12 AM",20.8423
"2017-12-18:12 AM",29.1454
"2017-12-19:12 AM",38.2473
"2017-12-20:12 AM",34.4908
"2017-12-21:12 AM",28.107
"2017-12-22:12 AM",28.6057
"2017-12-23:12 AM",35.9629
"2017-12-24:12 AM",32.2734
"2017-12-25:12 AM",30.596
"2017-12-26:12 AM",19.5793
"2017-12-27:12 AM",13.5736
"2017-12-28:12 AM",6.5449
"2017-12-29:12 AM",7.0666
"2017-12-30:12 AM",11.5866
"2017-12-31:12 AM",8.7017
"2018-01-01:12 AM",3.6743
"2018-01-02:12 AM",10.4763
"2018-01-03:12 AM",16.6798
"2018-01-04:12 AM",25.7252
"2018-01-05:12 AM",8.6196
"2018-01-06:12 AM",2.4687
"2018-01-07:12 AM",1.2405
"2018-01-08:12 AM",22.4073
"2018-01-09:12 AM",29.23
"2018-01-10:12 AM",23.5296
"2018-01-11:12 AM",38.8177
"2018-01-12:12 AM",50.4995
"2018-01-13:12 AM",39.893
"2018-01-14:12 AM",16.5504
"2018-01-15:12 AM",17.8482
"2018-01-16:12 AM",25.2086
"2018-01-17:12 AM",30.6909
"2018-01-18:12 AM",21.5625
"2018-01-19:12 AM",23.6239
"2018-01-20:12 AM",34.3206
"2018-01-21:12 AM",35.533
"2018-01-22:12 AM",35.3635
"2018-01-23:12 AM",40.7563
"2018-01-24:12 AM",30.7452
"2018-01-25:12 AM",21.8413
"2018-01-26:12 AM",22.7399
"2018-01-27:12 AM",35.6661
"2018-01-28:12 AM",42.4263
"2018-01-29:12 AM",33.283
"2018-01-30:12 AM",26.8286
"2018-01-31:12 AM",21.0571
"2018-02-01:12 AM",32.7533
"2018-02-02:12 AM",24.0831
"2018-02-03:12 AM",14.5274
"2018-02-04:12 AM",32.0027
"2018-02-05:12 AM",29.8072
"2018-02-06:12 AM",25.3301
"2018-02-07:12 AM",28.6223
"2018-02-08:12 AM",22.4928
"2018-02-09:12 AM",22.1972
"2018-02-10:12 AM",38.1466
"2018-02-11:12 AM",39.607
"2018-02-12:12 AM",36.1508
"2018-02-13:12 AM",26.0424
"2018-02-14:12 AM",34.4613
"2018-02-15:12 AM",40.8556
"2018-02-16:12 AM",43.7176
"2018-02-17:12 AM",30.5375
"2018-02-18:12 AM",31.9509
"2018-02-19:12 AM",33.6821
"2018-02-20:12 AM",48.1689
"2018-02-21:12 AM",56.3387
"2018-02-22:12 AM",38.4732
"2018-02-23:12 AM",33.4857
"2018-02-24:12 AM",40.0739
"2018-02-25:12 AM",36.5864
"2018-02-26:12 AM",38.1456
"2018-02-27:12 AM",37.704
"2018-02-28:12 AM",42.1383
"2018-03-01:12 AM",45.1049
"2018-03-02:12 AM",38.3342
"2018-03-03:12 AM",35.5159
"2018-03-04:12 AM",34.7212
"2018-03-05:12 AM",32.8989
"2018-03-06:12 AM",32.3812
"2018-03-07:12 AM",33.8581
"2018-03-08:12 AM",32.6291
"2018-03-09:12 AM",28.3383
"2018-03-10:12 AM",30.6691
"2018-03-11:12 AM",30.814
"2018-03-12:12 AM",32.0522
"2018-03-13:12 AM",31.8348
"2018-03-14:12 AM",29.9305
"2018-03-15:12 AM",30.423
"2018-03-16:12 AM",26.5388
"2018-03-17:12 AM",23.9887
"2018-03-18:12 AM",17.9652
"2018-03-19:12 AM",23.2527
"2018-03-20:12 AM",26.0812
"2018-03-21:12 AM",31.5342
"2018-03-22:12 AM",34.2318
"2018-03-23:12 AM",34.3051
"2018-03-24:12 AM",34.2262
"2018-03-25:12 AM",31.6899
"2018-03-26:12 AM",31.8063
"2018-03-27:12 AM",33.9026
"2018-03-28:12 AM",38.6978
"2018-03-29:12 AM",42.348
"2018-03-30:12 AM",49.0671
"2018-03-31:12 AM",40.4616
"2018-04-01:12 AM",40.5496
"2018-04-02:12 AM",33.3057
"2018-04-03:12 AM",35.3091
"2018-04-04:12 AM",41.2077
"2018-04-05:12 AM",31.3232
"2018-04-06:12 AM",34.302
"2018-04-07:12 AM",34.6442
"2018-04-08:12 AM",32.4698
"2018-04-09:12 AM",31.8495
"2018-04-10:12 AM",34.9691
"2018-04-11:12 AM",36.7459
"2018-04-12:12 AM",42.6999
"2018-04-13:12 AM",51.4819
"2018-04-14:12 AM",46.2562
"2018-04-15:12 AM",32.9724
"2018-04-16:12 AM",42.2206
"2018-04-17:12 AM",41.0995
"2018-04-18:12 AM",38.3686
"2018-04-19:12 AM",38.0727
"2018-04-20:12 AM",38.3664
"2018-04-21:12 AM",43.0743
"2018-04-22:12 AM",45.2626
"2018-04-23:12 AM",47.7459
"2018-04-24:12 AM",48.6518
"2018-04-25:12 AM",49.51
"2018-04-26:12 AM",52.7587
"2018-04-27:12 AM",48.7494
"2018-04-28:12 AM",52.5587
"2018-04-29:12 AM",47.8931
"2018-04-30:12 AM",42.3158
"2018-05-01:12 AM",49.8891
"2018-05-02:12 AM",64.4254
"2018-05-03:12 AM",67.512
"2018-05-04:12 AM",66.0985
"2018-05-05:12 AM",59.9963
"2018-05-06:12 AM",56.3958
"2018-05-07:12 AM",53.1657
"2018-05-08:12 AM",54.3614
"2018-05-09:12 AM",56.5754
"2018-05-10:12 AM",55.6326
"2018-05-11:12 AM",55.3608
"2018-05-12:12 AM",47.9215
"2018-05-13:12 AM",49.7057
"2018-05-14:12 AM",55.7438
"2018-05-15:12 AM",62.1975
"2018-05-16:12 AM",55.9675
"2018-05-17:12 AM",58.7197
"2018-05-18:12 AM",54.4638
"2018-05-19:12 AM",48.6757
"2018-05-20:12 AM",62.2521
"2018-05-21:12 AM",59.6887
"2018-05-22:12 AM",57.5425
"2018-05-23:12 AM",62.0501
"2018-05-24:12 AM",59.8406
"2018-05-25:12 AM",66.1608
"2018-05-26:12 AM",71.7766
"2018-05-27:12 AM",54.795
"2018-05-28:12 AM",56.6222
"2018-05-29:12 AM",65.2867
"2018-05-30:12 AM",62.3889
"2018-05-31:12 AM",61.063
"2018-06-01:12 AM",65.4957
"2018-06-02:12 AM",67.807
"2018-06-03:12 AM",56.5524
"2018-06-04:12 AM",50.4495
"2018-06-05:12 AM",55.3467
"2018-06-06:12 AM",56.2557
"2018-06-07:12 AM",57.7803
"2018-06-08:12 AM",61.6757
"2018-06-09:12 AM",63.9756
"2018-06-10:12 AM",63.1765
"2018-06-11:12 AM",59.252
"2018-06-12:12 AM",61.0466
"2018-06-13:12 AM",62.5635
"2018-06-14:12 AM",66.3008
"2018-06-15:12 AM",58.4445
"2018-06-16:12 AM",65.4649
"2018-06-17:12 AM",69.1023
"2018-06-18:12 AM",72.48
"2018-06-19:12 AM",71.2942
"2018-06-20:12 AM",66.4027
"2018-06-21:12 AM",66.8498
"2018-06-22:12 AM",63.5041
"2018-06-23:12 AM",60.1702
"2018-06-24:12 AM",64.0702
"2018-06-25:12 AM",64.1386
"2018-06-26:12 AM",62.6787
"2018-06-27:12 AM",65.1634
"2018-06-28:12 AM",67.6062
"2018-06-29:12 AM",72.907
"2018-06-30:12 AM",76.1716
"2018-07-01:12 AM",79.5407
"2018-07-02:12 AM",75.0205
"2018-07-03:12 AM",76.755
"2018-07-04:12 AM",77.1989
"2018-07-05:12 AM",77.7708
"2018-07-06:12 AM",75.5672
"2018-07-07:12 AM",64.7818
"2018-07-08:12 AM",67.2908
"2018-07-09:12 AM",70.5805
"2018-07-10:12 AM",74.0163
"2018-07-11:12 AM",68.6098
"2018-07-12:12 AM",66.6646
"2018-07-13:12 AM",69.7719
"2018-07-14:12 AM",68.8224
"2018-07-15:12 AM",72.18
"2018-07-16:12 AM",74.0858
"2018-07-17:12 AM",73.3883
"2018-07-18:12 AM",69.5318
"2018-07-19:12 AM",67.2847
"2018-07-20:12 AM",69.0564
"2018-07-21:12 AM",65.3261
"2018-07-22:12 AM",68.5846
"2018-07-23:12 AM",73.3053
"2018-07-24:12 AM",74.509
"2018-07-25:12 AM",72.5567
"2018-07-26:12 AM",72.3582
"2018-07-27:12 AM",74.7223
"2018-07-28:12 AM",72.3477
"2018-07-29:12 AM",70.9174
"2018-07-30:12 AM",70.7248
"2018-07-31:12 AM",71.7571
"2018-08-01:12 AM",71.425
"2018-08-02:12 AM",77.455
"2018-08-03:12 AM",75.9988
"2018-08-04:12 AM",73.0342
"2018-08-05:12 AM",73.933
"2018-08-06:12 AM",78.2794
"2018-08-07:12 AM",78.7051
"2018-08-08:12 AM",75.7494
"2018-08-09:12 AM",75.3694
"2018-08-10:12 AM",73.6065
"2018-08-11:12 AM",68.945
"2018-08-12:12 AM",69.787
"2018-08-13:12 AM",69.1151
"2018-08-14:12 AM",72.7506
"2018-08-15:12 AM",73.4871
"2018-08-16:12 AM",77.248
"2018-08-17:12 AM",73.539
"2018-08-18:12 AM",73.4203
"2018-08-19:12 AM",66.7603
"2018-08-20:12 AM",65.5729
"2018-08-21:12 AM",65.3063
"2018-08-22:12 AM",69.3601
"2018-08-23:12 AM",66.2418
"2018-08-24:12 AM",68.2428
"2018-08-25:12 AM",68.8761
"2018-08-26:12 AM",67.8826
"2018-08-27:12 AM",73.9949
"2018-08-28:12 AM",78.7816
"2018-08-29:12 AM",80.6981
"2018-08-30:12 AM",75.7902
"2018-08-31:12 AM",65.5171
"2018-09-01:12 AM",64.7611
"2018-09-02:12 AM",68.212
"2018-09-03:12 AM",75.5667
"2018-09-04:12 AM",75.6205
"2018-09-05:12 AM",73.1457
"2018-09-06:12 AM",76.6724
"2018-09-07:12 AM",66.8395
"2018-09-08:12 AM",62.5168
"2018-09-09:12 AM",57.3229
"2018-09-10:12 AM",58.8452
"2018-09-11:12 AM",67.7206
"2018-09-12:12 AM",66.004
"2018-09-13:12 AM",66.1406
"2018-09-14:12 AM",67.0618
"2018-09-15:12 AM",67.9386
"2018-09-16:12 AM",69.449
"2018-09-17:12 AM",69.4778
"2018-09-18:12 AM",69.1106
"2018-09-19:12 AM",63.1407
"2018-09-20:12 AM",60.2366
"2018-09-21:12 AM",61.7857
"2018-09-22:12 AM",64.2636
"2018-09-23:12 AM",55.6448
"2018-09-24:12 AM",53.6455
"2018-09-25:12 AM",57.141
"2018-09-26:12 AM",71.3959
"2018-09-27:12 AM",62.2402
"2018-09-28:12 AM",55.5264
"2018-09-29:12 AM",57.5591
"2018-09-30:12 AM",55.9513
"2018-10-01:12 AM",58.5712
"2018-10-02:12 AM",58.6931
"2018-10-03:12 AM",59.2104
"2018-10-04:12 AM",62.3167
"2018-10-05:12 AM",56.0719
"2018-10-06:12 AM",53.8612
"2018-10-07:12 AM",64.9121
"2018-10-08:12 AM",55.704
"2018-10-09:12 AM",64.6909
"2018-10-10:12 AM",70.2176
"2018-10-11:12 AM",68.4181
"2018-10-12:12 AM",57.1284
"2018-10-13:12 AM",47.7498
"2018-10-14:12 AM",46.9242
"2018-10-15:12 AM",54.5412
"2018-10-16:12 AM",48.8644
"2018-10-17:12 AM",47.4676
"2018-10-18:12 AM",38.3423
"2018-10-19:12 AM",45.0493
"2018-10-20:12 AM",54.0063
"2018-10-21:12 AM",41.3101
"2018-10-22:12 AM",39.1726
"2018-10-23:12 AM",46.5163
"2018-10-24:12 AM",42.5802
"2018-10-25:12 AM",39.472
"2018-10-26:12 AM",36.4413
"2018-10-27:12 AM",46.0594
"2018-10-28:12 AM",46.7643
"2018-10-29:12 AM",47.4921
"2018-10-30:12 AM",41.4016
"2018-10-31:12 AM",44.2807
"2018-11-01:12 AM",54.5689
"2018-11-02:12 AM",61.0023
"2018-11-03:12 AM",53.7904
"2018-11-04:12 AM",42.2384
"2018-11-05:12 AM",43.9662
"2018-11-06:12 AM",51.9397
"2018-11-07:12 AM",52.8022
"2018-11-08:12 AM",44.8124
"2018-11-09:12 AM",41.6566
"2018-11-10:12 AM",41.351
"2018-11-11:12 AM",34.5375
"2018-11-12:12 AM",37.0767
"2018-11-13:12 AM",43.4028
"2018-11-14:12 AM",30.0371
"2018-11-15:12 AM",29.005
"2018-11-16:12 AM",35.7478
"2018-11-17:12 AM",36.7183
"2018-11-18:12 AM",33.2634
"2018-11-19:12 AM",37.8716
"2018-11-20:12 AM",36.6865
"2018-11-21:12 AM",30.4
"2018-11-22:12 AM",13.5795
"2018-11-23:12 AM",17.9004
"2018-11-24:12 AM",32.364
"2018-11-25:12 AM",41.4145
"2018-11-26:12 AM",40.1686
"2018-11-27:12 AM",39.1141
"2018-11-28:12 AM",35.0397
"2018-11-29:12 AM",34.9223
"2018-11-30:12 AM",32.902
"2018-12-01:12 AM",33.5599
"2018-12-02:12 AM",41.4496
"2018-12-03:12 AM",45.0034
"2018-12-04:12 AM",31.3601
"2018-12-05:12 AM",28.4553
"2018-12-06:12 AM",30.8201
"2018-12-07:12 AM",30.303
"2018-12-08:12 AM",24.0069
"2018-12-09:12 AM",26.8012
"2018-12-10:12 AM",29.0628
"2018-12-11:12 AM",27.4923
"2018-12-12:12 AM",27.8744
"2018-12-13:12 AM",26.4193
"2018-12-14:12 AM",34.5582
"2018-12-15:12 AM",41.5706
"2018-12-16:12 AM",38.3092
"2018-12-17:12 AM",36.3247
"2018-12-18:12 AM",25.3143
"2018-12-19:12 AM",27.6838
"2018-12-20:12 AM",35.3989
"2018-12-21:12 AM",50.7009
"2018-12-22:12 AM",44.042
"2018-12-23:12 AM",32.1687
"2018-12-24:12 AM",32.3679
"2018-12-25:12 AM",30.8793
"2018-12-26:12 AM",28.6882
"2018-12-27:12 AM",29.6217
"2018-12-28:12 AM",41.4721
"2018-12-29:12 AM",42.3379
"2018-12-30:12 AM",30.2621
"2018-12-31:12 AM",34.3429
"2019-01-01:12 AM",40.2982
"2019-01-02:12 AM",29.5153
"2019-01-03:12 AM",34.6753
"2019-01-04:12 AM",34.6829
"2019-01-05:12 AM",37.2724
"2019-01-06:12 AM",33.6339
"2019-01-07:12 AM",22.9919
"2019-01-08:12 AM",34.0241
"2019-01-09:12 AM",35.4303
"2019-01-10:12 AM",28.2618
"2019-01-11:12 AM",19.4571
"2019-01-12:12 AM",19.3419
"2019-01-13:12 AM",21.5368
"2019-01-14:12 AM",23.5326
"2019-01-15:12 AM",25.6356
"2019-01-16:12 AM",29.4615
"2019-01-17:12 AM",23.0576
"2019-01-18:12 AM",29.9311
"2019-01-19:12 AM",28.8034
"2019-01-20:12 AM",27.6912
"2019-01-21:12 AM",2.0653
"2019-01-22:12 AM",10.4686
"2019-01-23:12 AM",29.2719
"2019-01-24:12 AM",45.8908
"2019-01-25:12 AM",29.3995
"2019-01-26:12 AM",25.0506
"2019-01-27:12 AM",31.1778
"2019-01-28:12 AM",25.2145
"2019-01-29:12 AM",27.5443
"2019-01-30:12 AM",23.9061
"2019-01-31:12 AM",5.1964
"2019-02-01:12 AM",9.9293
"2019-02-02:12 AM",17.3143
"2019-02-03:12 AM",30.7922
"2019-02-04:12 AM",38.3756
"2019-02-05:12 AM",41.8134
"2019-02-06:12 AM",33.2139
"2019-02-07:12 AM",35.8462
"2019-02-08:12 AM",36.6231
"2019-02-09:12 AM",24.4432
"2019-02-10:12 AM",24.5275
"2019-02-11:12 AM",27.234
"2019-02-12:12 AM",23.7699
"2019-02-13:12 AM",34.412
"2019-02-14:12 AM",28.2681
"2019-02-15:12 AM",40.0271
"2019-02-16:12 AM",31.4451
"2019-02-17:12 AM",26.1172
"2019-02-18:12 AM",28.429
"2019-02-19:12 AM",19.384
"2019-02-20:12 AM",21.114
"2019-02-21:12 AM",32.1724
"2019-02-22:12 AM",31.8504
"2019-02-23:12 AM",29.4123
"2019-02-24:12 AM",36.8379
"2019-02-25:12 AM",29.0586
"2019-02-26:12 AM",20.0329
"2019-02-27:12 AM",16.6375
"2019-02-28:12 AM",19.7974
"2019-03-01:12 AM",23.828
"2019-03-02:12 AM",29.2901
"2019-03-03:12 AM",30.1348
"2019-03-04:12 AM",29.6915
"2019-03-05:12 AM",16.3123
"2019-03-06:12 AM",15.4834
"2019-03-07:12 AM",13.815
"2019-03-08:12 AM",18.9286
"2019-03-09:12 AM",26.4216
"2019-03-10:12 AM",32.1611
"2019-03-11:12 AM",34.5472
"2019-03-12:12 AM",30.0731
"2019-03-13:12 AM",30.3492
"2019-03-14:12 AM",36.6922
"2019-03-15:12 AM",46.6437