"DateTime","(deg F) Mean Temperature (CFSR) at Minnesota, 2010-01-01 to 2019-03-14"
"2010-01-01:12 AM",0.178
"2010-01-02:12 AM",-8.6314
"2010-01-03:12 AM",-6.426
"2010-01-04:12 AM",-3.0075
"2010-01-05:12 AM",0.0072
"2010-01-06:12 AM",6.5685
"2010-01-07:12 AM",3.8583
"2010-01-08:12 AM",-2.7123
"2010-01-09:12 AM",-0.2594
"2010-01-10:12 AM",12.5706
"2010-01-11:12 AM",13.1727
"2010-01-12:12 AM",17.5251
"2010-01-13:12 AM",26.7058
"2010-01-14:12 AM",28.4153
"2010-01-15:12 AM",25.383
"2010-01-16:12 AM",30.7823
"2010-01-17:12 AM",31.3273
"2010-01-18:12 AM",26.735
"2010-01-19:12 AM",21.4275
"2010-01-20:12 AM",20.5324
"2010-01-21:12 AM",24.9715
"2010-01-22:12 AM",28.6135
"2010-01-23:12 AM",31.8405
"2010-01-24:12 AM",31.431
"2010-01-25:12 AM",20.7905
"2010-01-26:12 AM",7.8433
"2010-01-27:12 AM",7.5976
"2010-01-28:12 AM",1.4603
"2010-01-29:12 AM",2.071
"2010-01-30:12 AM",6.0728
"2010-01-31:12 AM",5.164
"2010-02-01:12 AM",5.828
"2010-02-02:12 AM",10.4823
"2010-02-03:12 AM",10.3235
"2010-02-04:12 AM",20.0482
"2010-02-05:12 AM",25.1152
"2010-02-06:12 AM",21.6547
"2010-02-07:12 AM",20.3524
"2010-02-08:12 AM",19.9861
"2010-02-09:12 AM",15.7417
"2010-02-10:12 AM",10.8406
"2010-02-11:12 AM",12.8556
"2010-02-12:12 AM",16.3377
"2010-02-13:12 AM",18.1519
"2010-02-14:12 AM",16.1614
"2010-02-15:12 AM",18.988
"2010-02-16:12 AM",19.2261
"2010-02-17:12 AM",18.9322
"2010-02-18:12 AM",18.493
"2010-02-19:12 AM",17.4954
"2010-02-20:12 AM",19.8559
"2010-02-21:12 AM",19.7856
"2010-02-22:12 AM",20.041
"2010-02-23:12 AM",15.2128
"2010-02-24:12 AM",5.8813
"2010-02-25:12 AM",10.8635
"2010-02-26:12 AM",14.8462
"2010-02-27:12 AM",18.4206
"2010-02-28:12 AM",21.2594
"2010-03-01:12 AM",22.7867
"2010-03-02:12 AM",26.1261
"2010-03-03:12 AM",28.1293
"2010-03-04:12 AM",29.5056
"2010-03-05:12 AM",31.6744
"2010-03-06:12 AM",31.0086
"2010-03-07:12 AM",33.1279
"2010-03-08:12 AM",34.317
"2010-03-09:12 AM",34.3677
"2010-03-10:12 AM",35.7017
"2010-03-11:12 AM",36.768
"2010-03-12:12 AM",38.1996
"2010-03-13:12 AM",38.575
"2010-03-14:12 AM",40.9768
"2010-03-15:12 AM",40.9757
"2010-03-16:12 AM",39.1937
"2010-03-17:12 AM",38.6587
"2010-03-18:12 AM",41.2176
"2010-03-19:12 AM",29.6298
"2010-03-20:12 AM",25.9075
"2010-03-21:12 AM",31.2539
"2010-03-22:12 AM",35.0762
"2010-03-23:12 AM",36.7365
"2010-03-24:12 AM",34.7243
"2010-03-25:12 AM",24.0793
"2010-03-26:12 AM",30.0304
"2010-03-27:12 AM",37.632
"2010-03-28:12 AM",35.875
"2010-03-29:12 AM",41.3773
"2010-03-30:12 AM",50.0182
"2010-03-31:12 AM",54.4647
"2010-04-01:12 AM",50.2284
"2010-04-02:12 AM",52.4129
"2010-04-03:12 AM",42.4461
"2010-04-04:12 AM",45.3922
"2010-04-05:12 AM",45.7646
"2010-04-06:12 AM",44.7521
"2010-04-07:12 AM",38.5329
"2010-04-08:12 AM",35.9172
"2010-04-09:12 AM",41.058
"2010-04-10:12 AM",45.8742
"2010-04-11:12 AM",46.6277
"2010-04-12:12 AM",46.909
"2010-04-13:12 AM",48.5103
"2010-04-14:12 AM",57.0974
"2010-04-15:12 AM",55.7226
"2010-04-16:12 AM",46.188
"2010-04-17:12 AM",46.3753
"2010-04-18:12 AM",49.5361
"2010-04-19:12 AM",52.8575
"2010-04-20:12 AM",53.5462
"2010-04-21:12 AM",46.7526
"2010-04-22:12 AM",48.3912
"2010-04-23:12 AM",53.1115
"2010-04-24:12 AM",51.8272
"2010-04-25:12 AM",47.2109
"2010-04-26:12 AM",47.2568
"2010-04-27:12 AM",47.8571
"2010-04-28:12 AM",50.2126
"2010-04-29:12 AM",52.7601
"2010-04-30:12 AM",53.1129
"2010-05-01:12 AM",48.7589
"2010-05-02:12 AM",46.3291
"2010-05-03:12 AM",44.064
"2010-05-04:12 AM",48.5285
"2010-05-05:12 AM",44.0989
"2010-05-06:12 AM",41.6109
"2010-05-07:12 AM",39.3319
"2010-05-08:12 AM",39.142
"2010-05-09:12 AM",42.5142
"2010-05-10:12 AM",45.4226
"2010-05-11:12 AM",41.3161
"2010-05-12:12 AM",41.8242
"2010-05-13:12 AM",44.1984
"2010-05-14:12 AM",50.6572
"2010-05-15:12 AM",57.6009
"2010-05-16:12 AM",60.0539
"2010-05-17:12 AM",61.4658
"2010-05-18:12 AM",63.0297
"2010-05-19:12 AM",63.6539
"2010-05-20:12 AM",64.6515
"2010-05-21:12 AM",62.6851
"2010-05-22:12 AM",62.5705
"2010-05-23:12 AM",71.1536
"2010-05-24:12 AM",71.7706
"2010-05-25:12 AM",72.7102
"2010-05-26:12 AM",65.2269
"2010-05-27:12 AM",65.5956
"2010-05-28:12 AM",67.8144
"2010-05-29:12 AM",71.0753
"2010-05-30:12 AM",64.4772
"2010-05-31:12 AM",62.0055
"2010-06-01:12 AM",63.4483
"2010-06-02:12 AM",59.0124
"2010-06-03:12 AM",61.2111
"2010-06-04:12 AM",64.4693
"2010-06-05:12 AM",60.759
"2010-06-06:12 AM",59.6919
"2010-06-07:12 AM",60.8837
"2010-06-08:12 AM",60.5986
"2010-06-09:12 AM",59.4014
"2010-06-10:12 AM",55.4742
"2010-06-11:12 AM",59.8631
"2010-06-12:12 AM",57.5265
"2010-06-13:12 AM",59.7193
"2010-06-14:12 AM",58.6566
"2010-06-15:12 AM",60.4593
"2010-06-16:12 AM",65.7054
"2010-06-17:12 AM",69.8472
"2010-06-18:12 AM",67.6069
"2010-06-19:12 AM",63.6163
"2010-06-20:12 AM",66.6878
"2010-06-21:12 AM",69.3178
"2010-06-22:12 AM",71.9494
"2010-06-23:12 AM",67.8875
"2010-06-24:12 AM",66.8622
"2010-06-25:12 AM",67.7226
"2010-06-26:12 AM",69.1255
"2010-06-27:12 AM",69.5014
"2010-06-28:12 AM",62.539
"2010-06-29:12 AM",59.8339
"2010-06-30:12 AM",63.6996
"2010-07-01:12 AM",71.8853
"2010-07-02:12 AM",75.2034
"2010-07-03:12 AM",79.4685
"2010-07-04:12 AM",74.2629
"2010-07-05:12 AM",69.8445
"2010-07-06:12 AM",71.8417
"2010-07-07:12 AM",68.407
"2010-07-08:12 AM",68.8496
"2010-07-09:12 AM",70.2099
"2010-07-10:12 AM",73.6569
"2010-07-11:12 AM",70.8415
"2010-07-12:12 AM",65.8944
"2010-07-13:12 AM",69.2186
"2010-07-14:12 AM",74.5435
"2010-07-15:12 AM",70.2082
"2010-07-16:12 AM",74.5237
"2010-07-17:12 AM",71.8588
"2010-07-18:12 AM",69.8135
"2010-07-19:12 AM",67.9397
"2010-07-20:12 AM",69.1113
"2010-07-21:12 AM",70.4673
"2010-07-22:12 AM",70.9644
"2010-07-23:12 AM",70.196
"2010-07-24:12 AM",69.0296
"2010-07-25:12 AM",69.6427
"2010-07-26:12 AM",73.3503
"2010-07-27:12 AM",75.2824
"2010-07-28:12 AM",69.5509
"2010-07-29:12 AM",68.1586
"2010-07-30:12 AM",69.0951
"2010-07-31:12 AM",72.2017
"2010-08-01:12 AM",73.2769
"2010-08-02:12 AM",76.0901
"2010-08-03:12 AM",76.5837
"2010-08-04:12 AM",73.5796
"2010-08-05:12 AM",67.9933
"2010-08-06:12 AM",66.6759
"2010-08-07:12 AM",71.8263
"2010-08-08:12 AM",76.2053
"2010-08-09:12 AM",78.7894
"2010-08-10:12 AM",77.2887
"2010-08-11:12 AM",77.5564
"2010-08-12:12 AM",76.341
"2010-08-13:12 AM",76.7899
"2010-08-14:12 AM",70.0326
"2010-08-15:12 AM",65.1036
"2010-08-16:12 AM",63.0887
"2010-08-17:12 AM",62.3363
"2010-08-18:12 AM",67.1457
"2010-08-19:12 AM",67.2679
"2010-08-20:12 AM",71.8947
"2010-08-21:12 AM",72.4613
"2010-08-22:12 AM",74.7943
"2010-08-23:12 AM",77.1348
"2010-08-24:12 AM",66.6387
"2010-08-25:12 AM",62.2387
"2010-08-26:12 AM",63.1258
"2010-08-27:12 AM",72.9165
"2010-08-28:12 AM",76.2028
"2010-08-29:12 AM",78.4841
"2010-08-30:12 AM",80.5887
"2010-08-31:12 AM",73.8367
"2010-09-01:12 AM",63.734
"2010-09-02:12 AM",60.805
"2010-09-03:12 AM",55.3264
"2010-09-04:12 AM",53.7274
"2010-09-05:12 AM",55.1898
"2010-09-06:12 AM",58.9606
"2010-09-07:12 AM",52.189
"2010-09-08:12 AM",52.1317
"2010-09-09:12 AM",55.294
"2010-09-10:12 AM",57.1248
"2010-09-11:12 AM",58.1238
"2010-09-12:12 AM",60.5955
"2010-09-13:12 AM",55.8943
"2010-09-14:12 AM",54.554
"2010-09-15:12 AM",52.8377
"2010-09-16:12 AM",50.5441
"2010-09-17:12 AM",52.6293
"2010-09-18:12 AM",46.3113
"2010-09-19:12 AM",48.3552
"2010-09-20:12 AM",54.2005
"2010-09-21:12 AM",57.8079
"2010-09-22:12 AM",51.4449
"2010-09-23:12 AM",55.0868
"2010-09-24:12 AM",49.0087
"2010-09-25:12 AM",48.0506
"2010-09-26:12 AM",49.7662
"2010-09-27:12 AM",55.2394
"2010-09-28:12 AM",55.5021
"2010-09-29:12 AM",57.9243
"2010-09-30:12 AM",55.8847
"2010-10-01:12 AM",52.6897
"2010-10-02:12 AM",44.2215
"2010-10-03:12 AM",44.7618
"2010-10-04:12 AM",49.5073
"2010-10-05:12 AM",55.6425
"2010-10-06:12 AM",58.019
"2010-10-07:12 AM",56.5209
"2010-10-08:12 AM",62.7759
"2010-10-09:12 AM",64.1037
"2010-10-10:12 AM",61.8237
"2010-10-11:12 AM",60.3646
"2010-10-12:12 AM",57.9492
"2010-10-13:12 AM",51.1081
"2010-10-14:12 AM",52.3675
"2010-10-15:12 AM",46.7834
"2010-10-16:12 AM",48.0065
"2010-10-17:12 AM",42.5656
"2010-10-18:12 AM",41.725
"2010-10-19:12 AM",43.8388
"2010-10-20:12 AM",48.7252
"2010-10-21:12 AM",40.5462
"2010-10-22:12 AM",45.1488
"2010-10-23:12 AM",48.5206
"2010-10-24:12 AM",47.2087
"2010-10-25:12 AM",50.0304
"2010-10-26:12 AM",46.9058
"2010-10-27:12 AM",36.3324
"2010-10-28:12 AM",31.1331
"2010-10-29:12 AM",33.5658
"2010-10-30:12 AM",36.8406
"2010-10-31:12 AM",35.2008
"2010-11-01:12 AM",37.873
"2010-11-02:12 AM",41.391
"2010-11-03:12 AM",44.8322
"2010-11-04:12 AM",37.9747
"2010-11-05:12 AM",33.2316
"2010-11-06:12 AM",38.6722
"2010-11-07:12 AM",44.5694
"2010-11-08:12 AM",46.6279
"2010-11-09:12 AM",48.5818
"2010-11-10:12 AM",50.8563
"2010-11-11:12 AM",39.15
"2010-11-12:12 AM",35.2827
"2010-11-13:12 AM",33.114
"2010-11-14:12 AM",30.9488
"2010-11-15:12 AM",28.8948
"2010-11-16:12 AM",29.26
"2010-11-17:12 AM",28.726
"2010-11-18:12 AM",23.3701
"2010-11-19:12 AM",26.6652
"2010-11-20:12 AM",16.8373
"2010-11-21:12 AM",26.1516
"2010-11-22:12 AM",20.9565
"2010-11-23:12 AM",14.3636
"2010-11-24:12 AM",22.3583
"2010-11-25:12 AM",12.6019
"2010-11-26:12 AM",16.2999
"2010-11-27:12 AM",19.5631
"2010-11-28:12 AM",30.7369
"2010-11-29:12 AM",33.7314
"2010-11-30:12 AM",21.8795
"2010-12-01:12 AM",17.2389
"2010-12-02:12 AM",14.6962
"2010-12-03:12 AM",12.6946
"2010-12-04:12 AM",17.3349
"2010-12-05:12 AM",13.3119
"2010-12-06:12 AM",12.4882
"2010-12-07:12 AM",9.1144
"2010-12-08:12 AM",9.1342
"2010-12-09:12 AM",21.151
"2010-12-10:12 AM",19.1854
"2010-12-11:12 AM",11.277
"2010-12-12:12 AM",1.0454
"2010-12-13:12 AM",-1.3886
"2010-12-14:12 AM",4.1805
"2010-12-15:12 AM",10.8815
"2010-12-16:12 AM",13.0883
"2010-12-17:12 AM",12.0976
"2010-12-18:12 AM",14.0796
"2010-12-19:12 AM",10.8387
"2010-12-20:12 AM",15.2035
"2010-12-21:12 AM",23.2956
"2010-12-22:12 AM",21.763
"2010-12-23:12 AM",19.3226
"2010-12-24:12 AM",19.3215
"2010-12-25:12 AM",13.1653
"2010-12-26:12 AM",10.3485
"2010-12-27:12 AM",15.8472
"2010-12-28:12 AM",27.0041
"2010-12-29:12 AM",29.8188
"2010-12-30:12 AM",29.8447
"2010-12-31:12 AM",13.8121
"2011-01-01:12 AM",7.0306
"2011-01-02:12 AM",2.5342
"2011-01-03:12 AM",3.2439
"2011-01-04:12 AM",0.8953
"2011-01-05:12 AM",13.2134
"2011-01-06:12 AM",6.6324
"2011-01-07:12 AM",8.7667
"2011-01-08:12 AM",0.2482
"2011-01-09:12 AM",-2.5641
"2011-01-10:12 AM",11.775
"2011-01-11:12 AM",15.5352
"2011-01-12:12 AM",10.3878
"2011-01-13:12 AM",10.1642
"2011-01-14:12 AM",9.0001
"2011-01-15:12 AM",5.1904
"2011-01-16:12 AM",-1.5149
"2011-01-17:12 AM",15.3324
"2011-01-18:12 AM",-3.5799
"2011-01-19:12 AM",-2.0706
"2011-01-20:12 AM",-2.9574
"2011-01-21:12 AM",-14.6819
"2011-01-22:12 AM",-7.1738
"2011-01-23:12 AM",-4.9263
"2011-01-24:12 AM",17.7525
"2011-01-25:12 AM",12.2941
"2011-01-26:12 AM",19.0976
"2011-01-27:12 AM",27.5641
"2011-01-28:12 AM",23.5539
"2011-01-29:12 AM",18.3978
"2011-01-30:12 AM",3.5791
"2011-01-31:12 AM",5.8912
"2011-02-01:12 AM",2.0592
"2011-02-02:12 AM",-2.3312
"2011-02-03:12 AM",13.6953
"2011-02-04:12 AM",29.6868
"2011-02-05:12 AM",29.982
"2011-02-06:12 AM",19.335
"2011-02-07:12 AM",0.0086
"2011-02-08:12 AM",-5.084
"2011-02-09:12 AM",0.2082
"2011-02-10:12 AM",-4.0025
"2011-02-11:12 AM",13.6501
"2011-02-12:12 AM",25.0578
"2011-02-13:12 AM",33.5712
"2011-02-14:12 AM",30.4934
"2011-02-15:12 AM",32.7438
"2011-02-16:12 AM",36.1144
"2011-02-17:12 AM",37.6515
"2011-02-18:12 AM",18.6188
"2011-02-19:12 AM",13.5295
"2011-02-20:12 AM",16.4784
"2011-02-21:12 AM",16.106
"2011-02-22:12 AM",17.2429
"2011-02-23:12 AM",23.4554
"2011-02-24:12 AM",13.0861
"2011-02-25:12 AM",0.8204
"2011-02-26:12 AM",-1.0007
"2011-02-27:12 AM",12.3449
"2011-02-28:12 AM",14.4113
"2011-03-01:12 AM",19.9236
"2011-03-02:12 AM",2.001
"2011-03-03:12 AM",17.4933
"2011-03-04:12 AM",20.6967
"2011-03-05:12 AM",14.2774
"2011-03-06:12 AM",16.5942
"2011-03-07:12 AM",16.7778
"2011-03-08:12 AM",20.1191
"2011-03-09:12 AM",28.0825
"2011-03-10:12 AM",26.1991
"2011-03-11:12 AM",29.3367
"2011-03-12:12 AM",22.5333
"2011-03-13:12 AM",20.1115
"2011-03-14:12 AM",26.0247
"2011-03-15:12 AM",33.8734
"2011-03-16:12 AM",37.0141
"2011-03-17:12 AM",41.2716
"2011-03-18:12 AM",29.559
"2011-03-19:12 AM",32.8287
"2011-03-20:12 AM",39.5686
"2011-03-21:12 AM",36.0163
"2011-03-22:12 AM",31.6854
"2011-03-23:12 AM",22.8715
"2011-03-24:12 AM",19.8284
"2011-03-25:12 AM",21.9798
"2011-03-26:12 AM",21.2805
"2011-03-27:12 AM",20.5088
"2011-03-28:12 AM",23.4243
"2011-03-29:12 AM",27.1575
"2011-03-30:12 AM",29.9799
"2011-03-31:12 AM",33.2881
"2011-04-01:12 AM",35.6684
"2011-04-02:12 AM",37.69
"2011-04-03:12 AM",38.5304
"2011-04-04:12 AM",33.1657
"2011-04-05:12 AM",35.5177
"2011-04-06:12 AM",40.1472
"2011-04-07:12 AM",42.8695
"2011-04-08:12 AM",46.8145
"2011-04-09:12 AM",47.9746
"2011-04-10:12 AM",48.4621
"2011-04-11:12 AM",44.4247
"2011-04-12:12 AM",49.0518
"2011-04-13:12 AM",43.9174
"2011-04-14:12 AM",35.1082
"2011-04-15:12 AM",33.6502
"2011-04-16:12 AM",31.5952
"2011-04-17:12 AM",31.0645
"2011-04-18:12 AM",33.2971
"2011-04-19:12 AM",33.969
"2011-04-20:12 AM",35.3311
"2011-04-21:12 AM",36.5787
"2011-04-22:12 AM",39.0389
"2011-04-23:12 AM",40.6092
"2011-04-24:12 AM",45.1834
"2011-04-25:12 AM",49.5739
"2011-04-26:12 AM",45.4676
"2011-04-27:12 AM",41.4509
"2011-04-28:12 AM",44.6702
"2011-04-29:12 AM",48.8667
"2011-04-30:12 AM",48.452
"2011-05-01:12 AM",34.7805
"2011-05-02:12 AM",36.7725
"2011-05-03:12 AM",42.481
"2011-05-04:12 AM",46.8756
"2011-05-05:12 AM",49.303
"2011-05-06:12 AM",52.2923
"2011-05-07:12 AM",53.3631
"2011-05-08:12 AM",54.3495
"2011-05-09:12 AM",54.189
"2011-05-10:12 AM",58.6625
"2011-05-11:12 AM",58.7723
"2011-05-12:12 AM",49.7433
"2011-05-13:12 AM",42.96
"2011-05-14:12 AM",43.8876
"2011-05-15:12 AM",48.0963
"2011-05-16:12 AM",50.2434
"2011-05-17:12 AM",53.2396
"2011-05-18:12 AM",54.0131
"2011-05-19:12 AM",57.758
"2011-05-20:12 AM",60.8133
"2011-05-21:12 AM",60.1236
"2011-05-22:12 AM",58.7163
"2011-05-23:12 AM",56.5849
"2011-05-24:12 AM",52.6417
"2011-05-25:12 AM",51.2186
"2011-05-26:12 AM",49.1875
"2011-05-27:12 AM",47.8576
"2011-05-28:12 AM",53.6248
"2011-05-29:12 AM",53.987
"2011-05-30:12 AM",60.0872
"2011-05-31:12 AM",60.2685
"2011-06-01:12 AM",56.115
"2011-06-02:12 AM",58.194
"2011-06-03:12 AM",68.6939
"2011-06-04:12 AM",63.6989
"2011-06-05:12 AM",62.2011
"2011-06-06:12 AM",72.5583
"2011-06-07:12 AM",71.5941
"2011-06-08:12 AM",59.3609
"2011-06-09:12 AM",53.2425
"2011-06-10:12 AM",52.5506
"2011-06-11:12 AM",55.7951
"2011-06-12:12 AM",56.6578
"2011-06-13:12 AM",59.9374
"2011-06-14:12 AM",62.265
"2011-06-15:12 AM",59.4219
"2011-06-16:12 AM",62.0359
"2011-06-17:12 AM",64.5982
"2011-06-18:12 AM",63.7104
"2011-06-19:12 AM",61.6856
"2011-06-20:12 AM",59.3215
"2011-06-21:12 AM",59.0275
"2011-06-22:12 AM",55.8972
"2011-06-23:12 AM",57.402
"2011-06-24:12 AM",61.4998
"2011-06-25:12 AM",63.0709
"2011-06-26:12 AM",64.3021
"2011-06-27:12 AM",62.8293
"2011-06-28:12 AM",61.8087
"2011-06-29:12 AM",66.4146
"2011-06-30:12 AM",76.3507
"2011-07-01:12 AM",75.1118
"2011-07-02:12 AM",68.8482
"2011-07-03:12 AM",68.4576
"2011-07-04:12 AM",72.0313
"2011-07-05:12 AM",72.4293
"2011-07-06:12 AM",68.7648
"2011-07-07:12 AM",70.2264
"2011-07-08:12 AM",70.8181
"2011-07-09:12 AM",71.9263
"2011-07-10:12 AM",74.2993
"2011-07-11:12 AM",70.0565
"2011-07-12:12 AM",64.4122
"2011-07-13:12 AM",61.7959
"2011-07-14:12 AM",63.5661
"2011-07-15:12 AM",71.7307
"2011-07-16:12 AM",76.9993
"2011-07-17:12 AM",79.6611
"2011-07-18:12 AM",80.6104
"2011-07-19:12 AM",78.2586
"2011-07-20:12 AM",80.951
"2011-07-21:12 AM",71.9154
"2011-07-22:12 AM",73.0677
"2011-07-23:12 AM",69.0004
"2011-07-24:12 AM",66.5942
"2011-07-25:12 AM",70.1719
"2011-07-26:12 AM",68.6964
"2011-07-27:12 AM",73.2834
"2011-07-28:12 AM",72.6874
"2011-07-29:12 AM",72.0473
"2011-07-30:12 AM",72.772
"2011-07-31:12 AM",73.7085
"2011-08-01:12 AM",75.0591
"2011-08-02:12 AM",75.3987
"2011-08-03:12 AM",70.3108
"2011-08-04:12 AM",73.405
"2011-08-05:12 AM",72.5297
"2011-08-06:12 AM",69.3237
"2011-08-07:12 AM",67.0156
"2011-08-08:12 AM",68.0974
"2011-08-09:12 AM",63.2518
"2011-08-10:12 AM",64.2564
"2011-08-11:12 AM",68.0076
"2011-08-12:12 AM",68.6966
"2011-08-13:12 AM",65.7
"2011-08-14:12 AM",67.3547
"2011-08-15:12 AM",69.7113
"2011-08-16:12 AM",70.1915
"2011-08-17:12 AM",67.2163
"2011-08-18:12 AM",69.9184
"2011-08-19:12 AM",67.572
"2011-08-20:12 AM",61.556
"2011-08-21:12 AM",62.2537
"2011-08-22:12 AM",67.5419
"2011-08-23:12 AM",76.6877
"2011-08-24:12 AM",72.4734
"2011-08-25:12 AM",67.6467
"2011-08-26:12 AM",71.6985
"2011-08-27:12 AM",65.075
"2011-08-28:12 AM",65.6586
"2011-08-29:12 AM",65.4267
"2011-08-30:12 AM",65.0064
"2011-08-31:12 AM",65.5911
"2011-09-01:12 AM",75.7701
"2011-09-02:12 AM",68.2403
"2011-09-03:12 AM",61.8319
"2011-09-04:12 AM",55.515
"2011-09-05:12 AM",53.0406
"2011-09-06:12 AM",59.0108
"2011-09-07:12 AM",62.4457
"2011-09-08:12 AM",65.7261
"2011-09-09:12 AM",69.687
"2011-09-10:12 AM",68.2902
"2011-09-11:12 AM",69.5655
"2011-09-12:12 AM",68.9002
"2011-09-13:12 AM",55.9958
"2011-09-14:12 AM",45.9187
"2011-09-15:12 AM",40.987
"2011-09-16:12 AM",46.998
"2011-09-17:12 AM",49.6839
"2011-09-18:12 AM",54.5779
"2011-09-19:12 AM",57.1458
"2011-09-20:12 AM",57.4513
"2011-09-21:12 AM",48.8619
"2011-09-22:12 AM",45.0696
"2011-09-23:12 AM",47.1231
"2011-09-24:12 AM",49.5997
"2011-09-25:12 AM",50.5782
"2011-09-26:12 AM",54.7597
"2011-09-27:12 AM",58.8222
"2011-09-28:12 AM",60.9084
"2011-09-29:12 AM",58.3723
"2011-09-30:12 AM",48.6523
"2011-10-01:12 AM",47.8521
"2011-10-02:12 AM",57.472
"2011-10-03:12 AM",62.8529
"2011-10-04:12 AM",65.2611
"2011-10-05:12 AM",68.842
"2011-10-06:12 AM",67.2852
"2011-10-07:12 AM",70.6743
"2011-10-08:12 AM",66.549
"2011-10-09:12 AM",59.7571
"2011-10-10:12 AM",60.4328
"2011-10-11:12 AM",59.4991
"2011-10-12:12 AM",59.479
"2011-10-13:12 AM",52.5349
"2011-10-14:12 AM",46.8059
"2011-10-15:12 AM",45.9585
"2011-10-16:12 AM",44.9096
"2011-10-17:12 AM",43.4457
"2011-10-18:12 AM",39.9695
"2011-10-19:12 AM",38.2411
"2011-10-20:12 AM",37.5444
"2011-10-21:12 AM",42.4832
"2011-10-22:12 AM",46.8315
"2011-10-23:12 AM",48.7218
"2011-10-24:12 AM",44.6581
"2011-10-25:12 AM",44.688
"2011-10-26:12 AM",40.9536
"2011-10-27:12 AM",38.6951
"2011-10-28:12 AM",40.3477
"2011-10-29:12 AM",39.9555
"2011-10-30:12 AM",41.8793
"2011-10-31:12 AM",40.1344
"2011-11-01:12 AM",44.9267
"2011-11-02:12 AM",40.6189
"2011-11-03:12 AM",36.8717
"2011-11-04:12 AM",40.8052
"2011-11-05:12 AM",44.3343
"2011-11-06:12 AM",46.6477
"2011-11-07:12 AM",38.667
"2011-11-08:12 AM",35.7111
"2011-11-09:12 AM",35.1752
"2011-11-10:12 AM",32.6359
"2011-11-11:12 AM",36.6462
"2011-11-12:12 AM",43.4761
"2011-11-13:12 AM",41.9997
"2011-11-14:12 AM",38.3025
"2011-11-15:12 AM",36.4638
"2011-11-16:12 AM",26.9584
"2011-11-17:12 AM",22.4917
"2011-11-18:12 AM",30.0027
"2011-11-19:12 AM",24.8779
"2011-11-20:12 AM",15.6902
"2011-11-21:12 AM",20.7235
"2011-11-22:12 AM",28.9139
"2011-11-23:12 AM",35.4778
"2011-11-24:12 AM",42.4908
"2011-11-25:12 AM",41.1372
"2011-11-26:12 AM",36.9329
"2011-11-27:12 AM",28.8394
"2011-11-28:12 AM",31.4841
"2011-11-29:12 AM",28.2958
"2011-11-30:12 AM",30.4113
"2011-12-01:12 AM",24.7498
"2011-12-02:12 AM",23.7076
"2011-12-03:12 AM",29.3223
"2011-12-04:12 AM",22.2397
"2011-12-05:12 AM",14.7562
"2011-12-06:12 AM",10.8864
"2011-12-07:12 AM",21.8284
"2011-12-08:12 AM",17.5262
"2011-12-09:12 AM",10.1386
"2011-12-10:12 AM",16.5958
"2011-12-11:12 AM",30.3462
"2011-12-12:12 AM",31.0041
"2011-12-13:12 AM",30.9735
"2011-12-14:12 AM",34.0063
"2011-12-15:12 AM",26.6675
"2011-12-16:12 AM",18.1888
"2011-12-17:12 AM",22.429
"2011-12-18:12 AM",30.9358
"2011-12-19:12 AM",28.0139
"2011-12-20:12 AM",24.5277
"2011-12-21:12 AM",28.386
"2011-12-22:12 AM",22.4535
"2011-12-23:12 AM",24.7019
"2011-12-24:12 AM",27.3177
"2011-12-25:12 AM",32.6145
"2011-12-26:12 AM",35.1676
"2011-12-27:12 AM",24.544
"2011-12-28:12 AM",23.7841
"2011-12-29:12 AM",28.9164
"2011-12-30:12 AM",25.7617
"2011-12-31:12 AM",29.2879
"2012-01-01:12 AM",24.5649
"2012-01-02:12 AM",12.5353
"2012-01-03:12 AM",15.3316
"2012-01-04:12 AM",29.626
"2012-01-05:12 AM",35.793
"2012-01-06:12 AM",36.8006
"2012-01-07:12 AM",29.0892
"2012-01-08:12 AM",29.1369
"2012-01-09:12 AM",34.0232
"2012-01-10:12 AM",36.3637
"2012-01-11:12 AM",28.2272
"2012-01-12:12 AM",10.765
"2012-01-13:12 AM",6.4738
"2012-01-14:12 AM",13.4103
"2012-01-15:12 AM",24.2978
"2012-01-16:12 AM",21.2932
"2012-01-17:12 AM",7.1623
"2012-01-18:12 AM",5.7524
"2012-01-19:12 AM",-6.1706
"2012-01-20:12 AM",-0.269
"2012-01-21:12 AM",3.8608
"2012-01-22:12 AM",20.2399
"2012-01-23:12 AM",19.7395
"2012-01-24:12 AM",15.429
"2012-01-25:12 AM",24.4756
"2012-01-26:12 AM",29.5866
"2012-01-27:12 AM",24.6245
"2012-01-28:12 AM",20.9926
"2012-01-29:12 AM",12.7213
"2012-01-30:12 AM",23.9826
"2012-01-31:12 AM",32.1894
"2012-02-01:12 AM",32.2788
"2012-02-02:12 AM",32.3568
"2012-02-03:12 AM",29.8674
"2012-02-04:12 AM",28.1874
"2012-02-05:12 AM",27.3078
"2012-02-06:12 AM",28.6966
"2012-02-07:12 AM",16.2351
"2012-02-08:12 AM",16.4914
"2012-02-09:12 AM",21.6003
"2012-02-10:12 AM",5.5456
"2012-02-11:12 AM",4.4159
"2012-02-12:12 AM",11.7309
"2012-02-13:12 AM",19.4754
"2012-02-14:12 AM",23.814
"2012-02-15:12 AM",27.8386
"2012-02-16:12 AM",27.3457
"2012-02-17:12 AM",25.601
"2012-02-18:12 AM",22.7577
"2012-02-19:12 AM",26.5906
"2012-02-20:12 AM",30.7564
"2012-02-21:12 AM",30.5721
"2012-02-22:12 AM",25.7261
"2012-02-23:12 AM",24.7748
"2012-02-24:12 AM",20.9592
"2012-02-25:12 AM",16.3371
"2012-02-26:12 AM",23.6138
"2012-02-27:12 AM",17.9542
"2012-02-28:12 AM",25.1629
"2012-02-29:12 AM",29.9215
"2012-03-01:12 AM",27.1027
"2012-03-02:12 AM",28.5098
"2012-03-03:12 AM",20.3315
"2012-03-04:12 AM",14.9819
"2012-03-05:12 AM",20.0219
"2012-03-06:12 AM",33.5331
"2012-03-07:12 AM",32.095
"2012-03-08:12 AM",24.93
"2012-03-09:12 AM",18.6157
"2012-03-10:12 AM",35.2328
"2012-03-11:12 AM",41.3281
"2012-03-12:12 AM",43.734
"2012-03-13:12 AM",43.918
"2012-03-14:12 AM",50.5508
"2012-03-15:12 AM",45.4168
"2012-03-16:12 AM",51.4328
"2012-03-17:12 AM",61.5794
"2012-03-18:12 AM",63.3909
"2012-03-19:12 AM",63.4462
"2012-03-20:12 AM",56.5633
"2012-03-21:12 AM",52.543
"2012-03-22:12 AM",54.3871
"2012-03-23:12 AM",55.5753
"2012-03-24:12 AM",54.8299
"2012-03-25:12 AM",41.119
"2012-03-26:12 AM",37.353
"2012-03-27:12 AM",48.4284
"2012-03-28:12 AM",41.5618
"2012-03-29:12 AM",40.9096
"2012-03-30:12 AM",44.2188
"2012-03-31:12 AM",48.3809
"2012-04-01:12 AM",51.3513
"2012-04-02:12 AM",49.8756
"2012-04-03:12 AM",48.4821
"2012-04-04:12 AM",46.7168
"2012-04-05:12 AM",46.049
"2012-04-06:12 AM",46.1143
"2012-04-07:12 AM",48.132
"2012-04-08:12 AM",45.7416
"2012-04-09:12 AM",38.991
"2012-04-10:12 AM",32.4811
"2012-04-11:12 AM",36.217
"2012-04-12:12 AM",44.9602
"2012-04-13:12 AM",47.6107
"2012-04-14:12 AM",54.1287
"2012-04-15:12 AM",50.0752
"2012-04-16:12 AM",35.7573
"2012-04-17:12 AM",38.8513
"2012-04-18:12 AM",46.5496
"2012-04-19:12 AM",41.0508
"2012-04-20:12 AM",41.5656
"2012-04-21:12 AM",41.5078
"2012-04-22:12 AM",42.1545
"2012-04-23:12 AM",46.9256
"2012-04-24:12 AM",54.6134
"2012-04-25:12 AM",53.5842
"2012-04-26:12 AM",45.7464
"2012-04-27:12 AM",42.2748
"2012-04-28:12 AM",41.8939
"2012-04-29:12 AM",45.651
"2012-04-30:12 AM",51.6002
"2012-05-01:12 AM",55.6444
"2012-05-02:12 AM",63.7057
"2012-05-03:12 AM",61.471
"2012-05-04:12 AM",53.3572
"2012-05-05:12 AM",52.6181
"2012-05-06:12 AM",53.7276
"2012-05-07:12 AM",52.2595
"2012-05-08:12 AM",48.461
"2012-05-09:12 AM",52.4073
"2012-05-10:12 AM",57.2805
"2012-05-11:12 AM",55.1953
"2012-05-12:12 AM",54.7435
"2012-05-13:12 AM",59.545
"2012-05-14:12 AM",65.9786
"2012-05-15:12 AM",61.1571
"2012-05-16:12 AM",55.9803
"2012-05-17:12 AM",63.5671
"2012-05-18:12 AM",72.1368
"2012-05-19:12 AM",66.7909
"2012-05-20:12 AM",53.6423
"2012-05-21:12 AM",58.0681
"2012-05-22:12 AM",63.3288
"2012-05-23:12 AM",63.9176
"2012-05-24:12 AM",57.0256
"2012-05-25:12 AM",54.7871
"2012-05-26:12 AM",53.0625
"2012-05-27:12 AM",61.9608
"2012-05-28:12 AM",60.9694
"2012-05-29:12 AM",49.4902
"2012-05-30:12 AM",49.5039
"2012-05-31:12 AM",53.9139
"2012-06-01:12 AM",56.0507
"2012-06-02:12 AM",60.5172
"2012-06-03:12 AM",63.6255
"2012-06-04:12 AM",67.0127
"2012-06-05:12 AM",67.7215
"2012-06-06:12 AM",67.9194
"2012-06-07:12 AM",70.8615
"2012-06-08:12 AM",72.9549
"2012-06-09:12 AM",74.0525
"2012-06-10:12 AM",72.5824
"2012-06-11:12 AM",58.3817
"2012-06-12:12 AM",55.1237
"2012-06-13:12 AM",61.6024
"2012-06-14:12 AM",65.2005
"2012-06-15:12 AM",68.5814
"2012-06-16:12 AM",67.0998
"2012-06-17:12 AM",65.1483
"2012-06-18:12 AM",72.0748
"2012-06-19:12 AM",67.0977
"2012-06-20:12 AM",64.5098
"2012-06-21:12 AM",62.7937
"2012-06-22:12 AM",65.0271
"2012-06-23:12 AM",64.1689
"2012-06-24:12 AM",67.5349
"2012-06-25:12 AM",65.1168
"2012-06-26:12 AM",67.4902
"2012-06-27:12 AM",75.299
"2012-06-28:12 AM",74.2237
"2012-06-29:12 AM",73.0092
"2012-06-30:12 AM",73.3548
"2012-07-01:12 AM",76.107
"2012-07-02:12 AM",79.9477
"2012-07-03:12 AM",80.9614
"2012-07-04:12 AM",82.4859
"2012-07-05:12 AM",79.1431
"2012-07-06:12 AM",73.2925
"2012-07-07:12 AM",71.5075
"2012-07-08:12 AM",73.765
"2012-07-09:12 AM",71.1961
"2012-07-10:12 AM",72.4568
"2012-07-11:12 AM",75.3217
"2012-07-12:12 AM",76.2172
"2012-07-13:12 AM",75.5442
"2012-07-14:12 AM",77.3073
"2012-07-15:12 AM",75.3652
"2012-07-16:12 AM",82.6999
"2012-07-17:12 AM",76.0867
"2012-07-18:12 AM",74.3457
"2012-07-19:12 AM",74.5144
"2012-07-20:12 AM",79.7729
"2012-07-21:12 AM",76.5271
"2012-07-22:12 AM",80.1685
"2012-07-23:12 AM",77.2423
"2012-07-24:12 AM",74.7235
"2012-07-25:12 AM",77.587
"2012-07-26:12 AM",69.8189
"2012-07-27:12 AM",68.1199
"2012-07-28:12 AM",70.8323
"2012-07-29:12 AM",74.1348
"2012-07-30:12 AM",76.0201
"2012-07-31:12 AM",74.444
"2012-08-01:12 AM",78.762
"2012-08-02:12 AM",73.6792
"2012-08-03:12 AM",75.5688
"2012-08-04:12 AM",67.5891
"2012-08-05:12 AM",65.6218
"2012-08-06:12 AM",73.5255
"2012-08-07:12 AM",71.8561
"2012-08-08:12 AM",69.1322
"2012-08-09:12 AM",64.825
"2012-08-10:12 AM",63.7905
"2012-08-11:12 AM",63.7288
"2012-08-12:12 AM",63.7792
"2012-08-13:12 AM",65.6442
"2012-08-14:12 AM",63.1474
"2012-08-15:12 AM",69.0577
"2012-08-16:12 AM",60.8436
"2012-08-17:12 AM",59.6376
"2012-08-18:12 AM",63.0574
"2012-08-19:12 AM",62.4866
"2012-08-20:12 AM",60.813
"2012-08-21:12 AM",66.387
"2012-08-22:12 AM",72.6017
"2012-08-23:12 AM",76.9471
"2012-08-24:12 AM",76.4724
"2012-08-25:12 AM",73.6867
"2012-08-26:12 AM",70.2289
"2012-08-27:12 AM",68.7517
"2012-08-28:12 AM",71.8669
"2012-08-29:12 AM",77.9923
"2012-08-30:12 AM",78.2089
"2012-08-31:12 AM",70.1834
"2012-09-01:12 AM",71.5998
"2012-09-02:12 AM",73.3624
"2012-09-03:12 AM",74.0593
"2012-09-04:12 AM",72.6343
"2012-09-05:12 AM",66.8172
"2012-09-06:12 AM",61.7479
"2012-09-07:12 AM",56.0673
"2012-09-08:12 AM",56.2186
"2012-09-09:12 AM",56.8477
"2012-09-10:12 AM",66.3852
"2012-09-11:12 AM",74.507
"2012-09-12:12 AM",61.4901
"2012-09-13:12 AM",56.961
"2012-09-14:12 AM",54.7419
"2012-09-15:12 AM",62.231
"2012-09-16:12 AM",62.3766
"2012-09-17:12 AM",50.353
"2012-09-18:12 AM",45.6184
"2012-09-19:12 AM",54.8956
"2012-09-20:12 AM",51.7314
"2012-09-21:12 AM",49.0161
"2012-09-22:12 AM",42.1198
"2012-09-23:12 AM",40.6269
"2012-09-24:12 AM",54.6994
"2012-09-25:12 AM",50.131
"2012-09-26:12 AM",45.3006
"2012-09-27:12 AM",50.0335
"2012-09-28:12 AM",56.8605
"2012-09-29:12 AM",61.2608
"2012-09-30:12 AM",61.8586
"2012-10-01:12 AM",59.032
"2012-10-02:12 AM",54.4289
"2012-10-03:12 AM",56.5687
"2012-10-04:12 AM",44.442
"2012-10-05:12 AM",35.6968
"2012-10-06:12 AM",33.8032
"2012-10-07:12 AM",37.4099
"2012-10-08:12 AM",44.8889
"2012-10-09:12 AM",41.517
"2012-10-10:12 AM",38.1472
"2012-10-11:12 AM",38.2759
"2012-10-12:12 AM",35.6166
"2012-10-13:12 AM",47.903
"2012-10-14:12 AM",45.1474
"2012-10-15:12 AM",46.9002
"2012-10-16:12 AM",56.0781
"2012-10-17:12 AM",52.5276
"2012-10-18:12 AM",44.8817
"2012-10-19:12 AM",43.8919
"2012-10-20:12 AM",44.0037
"2012-10-21:12 AM",48.1125
"2012-10-22:12 AM",48.4691
"2012-10-23:12 AM",51.1941
"2012-10-24:12 AM",48.8273
"2012-10-25:12 AM",36.6199
"2012-10-26:12 AM",32.5332
"2012-10-27:12 AM",30.2428
"2012-10-28:12 AM",32.8597
"2012-10-29:12 AM",36.0374
"2012-10-30:12 AM",35.4105
"2012-10-31:12 AM",36.2532
"2012-11-01:12 AM",35.8453
"2012-11-02:12 AM",30.8971
"2012-11-03:12 AM",34.1532
"2012-11-04:12 AM",33.5838
"2012-11-05:12 AM",34.4552
"2012-11-06:12 AM",37.6597
"2012-11-07:12 AM",37.5877
"2012-11-08:12 AM",39.5033
"2012-11-09:12 AM",37.1118
"2012-11-10:12 AM",41.0972
"2012-11-11:12 AM",32.8676
"2012-11-12:12 AM",22.2152
"2012-11-13:12 AM",25.0671
"2012-11-14:12 AM",32.553
"2012-11-15:12 AM",33.71
"2012-11-16:12 AM",29.845
"2012-11-17:12 AM",38.8152
"2012-11-18:12 AM",43.2925
"2012-11-19:12 AM",43.7434
"2012-11-20:12 AM",38.5351
"2012-11-21:12 AM",44.3163
"2012-11-22:12 AM",41.7724
"2012-11-23:12 AM",20.7536
"2012-11-24:12 AM",18.5396
"2012-11-25:12 AM",23.9931
"2012-11-26:12 AM",14.1638
"2012-11-27:12 AM",21.2886
"2012-11-28:12 AM",22.1464
"2012-11-29:12 AM",23.3661
"2012-11-30:12 AM",28.2974
"2012-12-01:12 AM",35.3028
"2012-12-02:12 AM",35.8788
"2012-12-03:12 AM",42.5484
"2012-12-04:12 AM",28.2808
"2012-12-05:12 AM",25.3215
"2012-12-06:12 AM",34.4494
"2012-12-07:12 AM",25.7846
"2012-12-08:12 AM",23.5416
"2012-12-09:12 AM",22.0307
"2012-12-10:12 AM",9.0684
"2012-12-11:12 AM",13.0152
"2012-12-12:12 AM",19.238
"2012-12-13:12 AM",20.9437
"2012-12-14:12 AM",24.6891
"2012-12-15:12 AM",32.1156
"2012-12-16:12 AM",23.9653
"2012-12-17:12 AM",17.6587
"2012-12-18:12 AM",19.852
"2012-12-19:12 AM",24.2434
"2012-12-20:12 AM",17.3791
"2012-12-21:12 AM",8.7427
"2012-12-22:12 AM",14.4406
"2012-12-23:12 AM",10.2429
"2012-12-24:12 AM",6.1147
"2012-12-25:12 AM",-0.5386
"2012-12-26:12 AM",3.2416
"2012-12-27:12 AM",9.8978
"2012-12-28:12 AM",14.6154
"2012-12-29:12 AM",10.6916
"2012-12-30:12 AM",13.7554
"2012-12-31:12 AM",6.8815
"2013-01-01:12 AM",4.2706
"2013-01-02:12 AM",18.3659
"2013-01-03:12 AM",13.2816
"2013-01-04:12 AM",21.6766
"2013-01-05:12 AM",19.6284
"2013-01-06:12 AM",15.7361
"2013-01-07:12 AM",27.3276
"2013-01-08:12 AM",26.2492
"2013-01-09:12 AM",28.0679
"2013-01-10:12 AM",31.674
"2013-01-11:12 AM",33.2791
"2013-01-12:12 AM",16.781
"2013-01-13:12 AM",4.4101
"2013-01-14:12 AM",1.3284
"2013-01-15:12 AM",10.8428
"2013-01-16:12 AM",18.4892
"2013-01-17:12 AM",2.8152
"2013-01-18:12 AM",18.7259
"2013-01-19:12 AM",21.5134
"2013-01-20:12 AM",-0.3069
"2013-01-21:12 AM",-9.8626
"2013-01-22:12 AM",-9.4556
"2013-01-23:12 AM",-1.2113
"2013-01-24:12 AM",-7.3604
"2013-01-25:12 AM",8.348
"2013-01-26:12 AM",3.632
"2013-01-27:12 AM",20.6107
"2013-01-28:12 AM",27.9878
"2013-01-29:12 AM",25.7482
"2013-01-30:12 AM",10.9126
"2013-01-31:12 AM",-4.5744
"2013-02-01:12 AM",-8.5265
"2013-02-02:12 AM",-0.9386
"2013-02-03:12 AM",5.5285
"2013-02-04:12 AM",1.8621
"2013-02-05:12 AM",14.0016
"2013-02-06:12 AM",12.9292
"2013-02-07:12 AM",19.1367
"2013-02-08:12 AM",16.0228
"2013-02-09:12 AM",23.725
"2013-02-10:12 AM",26.262
"2013-02-11:12 AM",21.1669
"2013-02-12:12 AM",21.0256
"2013-02-13:12 AM",30.1987
"2013-02-14:12 AM",20.226
"2013-02-15:12 AM",10.0047
"2013-02-16:12 AM",8.3381
"2013-02-17:12 AM",18.3238
"2013-02-18:12 AM",22.0284
"2013-02-19:12 AM",-0.0312
"2013-02-20:12 AM",-0.1356
"2013-02-21:12 AM",9.5733
"2013-02-22:12 AM",19.5534
"2013-02-23:12 AM",17.649
"2013-02-24:12 AM",20.6623
"2013-02-25:12 AM",24.9269
"2013-02-26:12 AM",24.3277
"2013-02-27:12 AM",27.3715
"2013-02-28:12 AM",22.9744
"2013-03-01:12 AM",19.1682
"2013-03-02:12 AM",16.1292
"2013-03-03:12 AM",21.0578
"2013-03-04:12 AM",22.2723
"2013-03-05:12 AM",23.1204
"2013-03-06:12 AM",17.6855
"2013-03-07:12 AM",18.5337
"2013-03-08:12 AM",28.0783
"2013-03-09:12 AM",31.2816
"2013-03-10:12 AM",26.3037
"2013-03-11:12 AM",21.1865
"2013-03-12:12 AM",20.2541
"2013-03-13:12 AM",19.0796
"2013-03-14:12 AM",27.1085
"2013-03-15:12 AM",25.7083
"2013-03-16:12 AM",14.2115
"2013-03-17:12 AM",10.4563
"2013-03-18:12 AM",21.8336
"2013-03-19:12 AM",12.1572
"2013-03-20:12 AM",10.78
"2013-03-21:12 AM",12.2065
"2013-03-22:12 AM",19.7353
"2013-03-23:12 AM",24.1594
"2013-03-24:12 AM",25.2471
"2013-03-25:12 AM",24.2715
"2013-03-26:12 AM",26.2737
"2013-03-27:12 AM",26.271
"2013-03-28:12 AM",28.4099
"2013-03-29:12 AM",34.1616
"2013-03-30:12 AM",36.41
"2013-03-31:12 AM",30.0486
"2013-04-01:12 AM",22.1819
"2013-04-02:12 AM",24.0055
"2013-04-03:12 AM",27.4532
"2013-04-04:12 AM",34.1724
"2013-04-05:12 AM",28.751
"2013-04-06:12 AM",34.6827
"2013-04-07:12 AM",34.5603
"2013-04-08:12 AM",35.7114
"2013-04-09:12 AM",28.7303
"2013-04-10:12 AM",29.7007
"2013-04-11:12 AM",28.7519
"2013-04-12:12 AM",28.5492
"2013-04-13:12 AM",28.2857
"2013-04-14:12 AM",28.9782
"2013-04-15:12 AM",32.1467
"2013-04-16:12 AM",31.7637
"2013-04-17:12 AM",32.6505
"2013-04-18:12 AM",30.8428
"2013-04-19:12 AM",28.5737
"2013-04-20:12 AM",26.8736
"2013-04-21:12 AM",32.6277
"2013-04-22:12 AM",32.2459
"2013-04-23:12 AM",29.5059
"2013-04-24:12 AM",31.9444
"2013-04-25:12 AM",34.8469
"2013-04-26:12 AM",45.1294
"2013-04-27:12 AM",51.9202
"2013-04-28:12 AM",54.8019
"2013-04-29:12 AM",52.6221
"2013-04-30:12 AM",55.5629
"2013-05-01:12 AM",38.1798
"2013-05-02:12 AM",35.1619
"2013-05-03:12 AM",34.7468
"2013-05-04:12 AM",37.4637
"2013-05-05:12 AM",42.5268
"2013-05-06:12 AM",53.0868
"2013-05-07:12 AM",59.378
"2013-05-08:12 AM",59.0113
"2013-05-09:12 AM",51.2778
"2013-05-10:12 AM",46.8414
"2013-05-11:12 AM",42.4647
"2013-05-12:12 AM",40.7482
"2013-05-13:12 AM",50.7857
"2013-05-14:12 AM",64.8306
"2013-05-15:12 AM",62.3097
"2013-05-16:12 AM",60.9874
"2013-05-17:12 AM",58.8704
"2013-05-18:12 AM",59.4064
"2013-05-19:12 AM",61.7738
"2013-05-20:12 AM",54.669
"2013-05-21:12 AM",48.8104
"2013-05-22:12 AM",49.3291
"2013-05-23:12 AM",50.1919
"2013-05-24:12 AM",50.9139
"2013-05-25:12 AM",54.5457
"2013-05-26:12 AM",52.4977
"2013-05-27:12 AM",54.2487
"2013-05-28:12 AM",56.1279
"2013-05-29:12 AM",62.0805
"2013-05-30:12 AM",64.0171
"2013-05-31:12 AM",60.8023
"2013-06-01:12 AM",50.8123
"2013-06-02:12 AM",50.803
"2013-06-03:12 AM",52.2259
"2013-06-04:12 AM",54.0756
"2013-06-05:12 AM",52.3483
"2013-06-06:12 AM",51.9031
"2013-06-07:12 AM",54.0981
"2013-06-08:12 AM",57.4722
"2013-06-09:12 AM",55.686
"2013-06-10:12 AM",59.4727
"2013-06-11:12 AM",65.7862
"2013-06-12:12 AM",62.7661
"2013-06-13:12 AM",63.8622
"2013-06-14:12 AM",63.5932
"2013-06-15:12 AM",67.2834
"2013-06-16:12 AM",66.0259
"2013-06-17:12 AM",61.8163
"2013-06-18:12 AM",61.081
"2013-06-19:12 AM",66.5944
"2013-06-20:12 AM",69.6297
"2013-06-21:12 AM",69.8776
"2013-06-22:12 AM",65.8985
"2013-06-23:12 AM",65.9683
"2013-06-24:12 AM",68.029
"2013-06-25:12 AM",72.4554
"2013-06-26:12 AM",72.9779
"2013-06-27:12 AM",70.167
"2013-06-28:12 AM",65.6496
"2013-06-29:12 AM",65.7198
"2013-06-30:12 AM",65.7583
"2013-07-01:12 AM",67.4809
"2013-07-02:12 AM",67.5253
"2013-07-03:12 AM",68.8509
"2013-07-04:12 AM",70.2655
"2013-07-05:12 AM",73.0161
"2013-07-06:12 AM",71.4151
"2013-07-07:12 AM",72.9471
"2013-07-08:12 AM",71.3289
"2013-07-09:12 AM",70.7356
"2013-07-10:12 AM",66.6451
"2013-07-11:12 AM",67.5671
"2013-07-12:12 AM",74.0642
"2013-07-13:12 AM",72.9723
"2013-07-14:12 AM",69.1691
"2013-07-15:12 AM",70.9621
"2013-07-16:12 AM",76.4418
"2013-07-17:12 AM",76.1333
"2013-07-18:12 AM",77.3298
"2013-07-19:12 AM",72.7156
"2013-07-20:12 AM",65.471
"2013-07-21:12 AM",64.1565
"2013-07-22:12 AM",65.8207
"2013-07-23:12 AM",62.568
"2013-07-24:12 AM",63.6472
"2013-07-25:12 AM",64.0755
"2013-07-26:12 AM",56.7374
"2013-07-27:12 AM",54.5677
"2013-07-28:12 AM",58.0309
"2013-07-29:12 AM",59.2385
"2013-07-30:12 AM",65.7264
"2013-07-31:12 AM",64.9713
"2013-08-01:12 AM",64.3149
"2013-08-02:12 AM",63.2838
"2013-08-03:12 AM",60.4152
"2013-08-04:12 AM",59.6617
"2013-08-05:12 AM",63.9531
"2013-08-06:12 AM",64.4106
"2013-08-07:12 AM",62.1777
"2013-08-08:12 AM",59.7718
"2013-08-09:12 AM",59.3247
"2013-08-10:12 AM",61.0999
"2013-08-11:12 AM",64.3438
"2013-08-12:12 AM",63.721
"2013-08-13:12 AM",60.2209
"2013-08-14:12 AM",60.1581
"2013-08-15:12 AM",63.563
"2013-08-16:12 AM",66.0097
"2013-08-17:12 AM",68.0176
"2013-08-18:12 AM",71.2886
"2013-08-19:12 AM",75.4804
"2013-08-20:12 AM",79.4844
"2013-08-21:12 AM",76.9408
"2013-08-22:12 AM",70.5148
"2013-08-23:12 AM",69.5412
"2013-08-24:12 AM",77.8932
"2013-08-25:12 AM",84.3503
"2013-08-26:12 AM",81.763
"2013-08-27:12 AM",81.2327
"2013-08-28:12 AM",78.1907
"2013-08-29:12 AM",78.9798
"2013-08-30:12 AM",74.145
"2013-08-31:12 AM",73.3048
"2013-09-01:12 AM",61.8888
"2013-09-02:12 AM",57.5393
"2013-09-03:12 AM",63.2446
"2013-09-04:12 AM",67.5777
"2013-09-05:12 AM",67.757
"2013-09-06:12 AM",76.4582
"2013-09-07:12 AM",74.9035
"2013-09-08:12 AM",66.6151
"2013-09-09:12 AM",68.6651
"2013-09-10:12 AM",68.8163
"2013-09-11:12 AM",68.5017
"2013-09-12:12 AM",59.5103
"2013-09-13:12 AM",55.6437
"2013-09-14:12 AM",57.5983
"2013-09-15:12 AM",54.0972
"2013-09-16:12 AM",50.6089
"2013-09-17:12 AM",56.8836
"2013-09-18:12 AM",63.5011
"2013-09-19:12 AM",66.1858
"2013-09-20:12 AM",54.5061
"2013-09-21:12 AM",48.5253
"2013-09-22:12 AM",54.6204
"2013-09-23:12 AM",62.3887
"2013-09-24:12 AM",60.2512
"2013-09-25:12 AM",60.6042
"2013-09-26:12 AM",64.724
"2013-09-27:12 AM",68.0103
"2013-09-28:12 AM",58.5
"2013-09-29:12 AM",57.2302
"2013-09-30:12 AM",64.2758
"2013-10-01:12 AM",63.3609
"2013-10-02:12 AM",55.7442
"2013-10-03:12 AM",53.7685
"2013-10-04:12 AM",51.3228
"2013-10-05:12 AM",48.6052
"2013-10-06:12 AM",45.2084
"2013-10-07:12 AM",48.398
"2013-10-08:12 AM",57.9562
"2013-10-09:12 AM",60.0852
"2013-10-10:12 AM",60.4902
"2013-10-11:12 AM",62.1041
"2013-10-12:12 AM",50.886
"2013-10-13:12 AM",44.6686
"2013-10-14:12 AM",44.3291
"2013-10-15:12 AM",43.8325
"2013-10-16:12 AM",41.8858
"2013-10-17:12 AM",43.0545
"2013-10-18:12 AM",39.6669
"2013-10-19:12 AM",37.4817
"2013-10-20:12 AM",36.0205
"2013-10-21:12 AM",32.1012
"2013-10-22:12 AM",32.5256
"2013-10-23:12 AM",31.014
"2013-10-24:12 AM",33.6198
"2013-10-25:12 AM",37.1885
"2013-10-26:12 AM",38.3986
"2013-10-27:12 AM",37.4331
"2013-10-28:12 AM",32.3019
"2013-10-29:12 AM",32.6815
"2013-10-30:12 AM",36.9874
"2013-10-31:12 AM",38.4447
"2013-11-01:12 AM",39.2009
"2013-11-02:12 AM",38.8441
"2013-11-03:12 AM",41.7405
"2013-11-04:12 AM",42.0787
"2013-11-05:12 AM",33.3698
"2013-11-06:12 AM",30.9801
"2013-11-07:12 AM",29.7144
"2013-11-08:12 AM",32.4505
"2013-11-09:12 AM",36.6228
"2013-11-10:12 AM",32.427
"2013-11-11:12 AM",20.1531
"2013-11-12:12 AM",17.5748
"2013-11-13:12 AM",31.4892
"2013-11-14:12 AM",37.6752
"2013-11-15:12 AM",39.7542
"2013-11-16:12 AM",42.8677
"2013-11-17:12 AM",37.8198
"2013-11-18:12 AM",27.7351
"2013-11-19:12 AM",31.2919
"2013-11-20:12 AM",38.5219
"2013-11-21:12 AM",25.8579
"2013-11-22:12 AM",17.0852
"2013-11-23:12 AM",8.6401
"2013-11-24:12 AM",15.4983
"2013-11-25:12 AM",31.114
"2013-11-26:12 AM",19.2587
"2013-11-27:12 AM",14.5927
"2013-11-28:12 AM",17.632
"2013-11-29:12 AM",17.6232
"2013-11-30:12 AM",26.0546
"2013-12-01:12 AM",24.1032
"2013-12-02:12 AM",27.1368
"2013-12-03:12 AM",29.176
"2013-12-04:12 AM",23.8348
"2013-12-05:12 AM",8.5536
"2013-12-06:12 AM",-0.5262
"2013-12-07:12 AM",-6.147
"2013-12-08:12 AM",-0.4592
"2013-12-09:12 AM",-1.3038
"2013-12-10:12 AM",1.1183
"2013-12-11:12 AM",-4.8813
"2013-12-12:12 AM",5.3735
"2013-12-13:12 AM",3.4183
"2013-12-14:12 AM",3.5899
"2013-12-15:12 AM",-3.9019
"2013-12-16:12 AM",9.3322
"2013-12-17:12 AM",19.9573
"2013-12-18:12 AM",16.835
"2013-12-19:12 AM",11.6478
"2013-12-20:12 AM",7.2498
"2013-12-21:12 AM",8.7467
"2013-12-22:12 AM",5.7688
"2013-12-23:12 AM",-6.0428
"2013-12-24:12 AM",-0.7348
"2013-12-25:12 AM",13.2768
"2013-12-26:12 AM",12.1516
"2013-12-27:12 AM",26.9242
"2013-12-28:12 AM",27.4471
"2013-12-29:12 AM",-3.746
"2013-12-30:12 AM",-6.3996
"2013-12-31:12 AM",-9.947
"2014-01-01:12 AM",-10.7363
"2014-01-02:12 AM",-11.8687
"2014-01-03:12 AM",6.8544
"2014-01-04:12 AM",10.0053
"2014-01-05:12 AM",-12.613
"2014-01-06:12 AM",-18.2663
"2014-01-07:12 AM",-11.6838
"2014-01-08:12 AM",-10.9242
"2014-01-09:12 AM",7.7841
"2014-01-10:12 AM",24.159
"2014-01-11:12 AM",26.4488
"2014-01-12:12 AM",29.4928
"2014-01-13:12 AM",24.8072
"2014-01-14:12 AM",16.3722
"2014-01-15:12 AM",9.5824
"2014-01-16:12 AM",17.366
"2014-01-17:12 AM",2.4676
"2014-01-18:12 AM",13.921
"2014-01-19:12 AM",26.8227
"2014-01-20:12 AM",6.744
"2014-01-21:12 AM",-5.2899
"2014-01-22:12 AM",-0.7875
"2014-01-23:12 AM",-8.6165
"2014-01-24:12 AM",20.307
"2014-01-25:12 AM",4.1585
"2014-01-26:12 AM",5.4495
"2014-01-27:12 AM",-11.839
"2014-01-28:12 AM",-11.5398
"2014-01-29:12 AM",7.1458
"2014-01-30:12 AM",7.6005
"2014-01-31:12 AM",-3.5804
"2014-02-01:12 AM",6.3147
"2014-02-02:12 AM",-0.7938
"2014-02-03:12 AM",5.4689
"2014-02-04:12 AM",-1.3097
"2014-02-05:12 AM",-4.0419
"2014-02-06:12 AM",-5.8661
"2014-02-07:12 AM",-0.096
"2014-02-08:12 AM",-0.5942
"2014-02-09:12 AM",-3.4474
"2014-02-10:12 AM",-9.8466
"2014-02-11:12 AM",0.4894
"2014-02-12:12 AM",9.4168
"2014-02-13:12 AM",15.0102
"2014-02-14:12 AM",0.8566
"2014-02-15:12 AM",9.4687
"2014-02-16:12 AM",7.2484
"2014-02-17:12 AM",21.9126
"2014-02-18:12 AM",28.8979
"2014-02-19:12 AM",29.1711
"2014-02-20:12 AM",29.282
"2014-02-21:12 AM",11.0487
"2014-02-22:12 AM",7.4964
"2014-02-23:12 AM",6.4458
"2014-02-24:12 AM",1.9614
"2014-02-25:12 AM",-3.4229
"2014-02-26:12 AM",0.3047
"2014-02-27:12 AM",-10.7347
"2014-02-28:12 AM",-0.6185
"2014-03-01:12 AM",-7.6931
"2014-03-02:12 AM",-13.5141
"2014-03-03:12 AM",-4.2056
"2014-03-04:12 AM",6.9559
"2014-03-05:12 AM",11.6148
"2014-03-06:12 AM",21.5715
"2014-03-07:12 AM",24.2562
"2014-03-08:12 AM",14.3802
"2014-03-09:12 AM",28.0537
"2014-03-10:12 AM",34.9806
"2014-03-11:12 AM",30.3098
"2014-03-12:12 AM",17.5321
"2014-03-13:12 AM",31.0705
"2014-03-14:12 AM",31.7543
"2014-03-15:12 AM",18.1144
"2014-03-16:12 AM",13.3227
"2014-03-17:12 AM",26.7579
"2014-03-18:12 AM",28.6785
"2014-03-19:12 AM",27.2131
"2014-03-20:12 AM",27.0113
"2014-03-21:12 AM",29.0752
"2014-03-22:12 AM",11.5714
"2014-03-23:12 AM",11.1009
"2014-03-24:12 AM",15.721
"2014-03-25:12 AM",12.882
"2014-03-26:12 AM",19.9742
"2014-03-27:12 AM",29.7887
"2014-03-28:12 AM",22.9883
"2014-03-29:12 AM",23.7038
"2014-03-30:12 AM",36.6447
"2014-03-31:12 AM",36.0338
"2014-04-01:12 AM",21.1748
"2014-04-02:12 AM",25.4286
"2014-04-03:12 AM",30.1804
"2014-04-04:12 AM",29.226
"2014-04-05:12 AM",31.386
"2014-04-06:12 AM",39.1078
"2014-04-07:12 AM",39.7045
"2014-04-08:12 AM",37.6372
"2014-04-09:12 AM",45.5662
"2014-04-10:12 AM",46.4268
"2014-04-11:12 AM",44.6097
"2014-04-12:12 AM",44.1176
"2014-04-13:12 AM",35.9145
"2014-04-14:12 AM",26.3723
"2014-04-15:12 AM",24.6018
"2014-04-16:12 AM",28.8025
"2014-04-17:12 AM",31.2274
"2014-04-18:12 AM",34.8732
"2014-04-19:12 AM",46.2061
"2014-04-20:12 AM",51.9181
"2014-04-21:12 AM",50.1849
"2014-04-22:12 AM",44.1316
"2014-04-23:12 AM",42.0971
"2014-04-24:12 AM",39.6212
"2014-04-25:12 AM",41.8469
"2014-04-26:12 AM",39.7677
"2014-04-27:12 AM",37.8084
"2014-04-28:12 AM",37.7134
"2014-04-29:12 AM",35.6776
"2014-04-30:12 AM",36.5423
"2014-05-01:12 AM",38.4303
"2014-05-02:12 AM",43.408
"2014-05-03:12 AM",43.0209
"2014-05-04:12 AM",41.4752
"2014-05-05:12 AM",46.7141
"2014-05-06:12 AM",48.4156
"2014-05-07:12 AM",50.0758
"2014-05-08:12 AM",50.1534
"2014-05-09:12 AM",46.7674
"2014-05-10:12 AM",50.9657
"2014-05-11:12 AM",54.0331
"2014-05-12:12 AM",46.5312
"2014-05-13:12 AM",42.1491
"2014-05-14:12 AM",41.4963
"2014-05-15:12 AM",40.1808
"2014-05-16:12 AM",41.8671
"2014-05-17:12 AM",49.1819
"2014-05-18:12 AM",55.3485
"2014-05-19:12 AM",54.5047
"2014-05-20:12 AM",57.9414
"2014-05-21:12 AM",52.1164
"2014-05-22:12 AM",54.5047
"2014-05-23:12 AM",59.1332
"2014-05-24:12 AM",66.4779
"2014-05-25:12 AM",66.7422
"2014-05-26:12 AM",66.1559
"2014-05-27:12 AM",66.0803
"2014-05-28:12 AM",65.7018
"2014-05-29:12 AM",67.3932
"2014-05-30:12 AM",69.7698
"2014-05-31:12 AM",67.6405
"2014-06-01:12 AM",66.7054
"2014-06-02:12 AM",60.7941
"2014-06-03:12 AM",60.2154
"2014-06-04:12 AM",64.7856
"2014-06-05:12 AM",63.5333
"2014-06-06:12 AM",62.4805
"2014-06-07:12 AM",57.0088
"2014-06-08:12 AM",56.6892
"2014-06-09:12 AM",59.2594
"2014-06-10:12 AM",61.9876
"2014-06-11:12 AM",62.5185
"2014-06-12:12 AM",54.1256
"2014-06-13:12 AM",57.9052
"2014-06-14:12 AM",57.1912
"2014-06-15:12 AM",59.3231
"2014-06-16:12 AM",64.7125
"2014-06-17:12 AM",67.4978
"2014-06-18:12 AM",67.8711
"2014-06-19:12 AM",64.852
"2014-06-20:12 AM",65.6046
"2014-06-21:12 AM",66.3998
"2014-06-22:12 AM",68.2259
"2014-06-23:12 AM",65.7241
"2014-06-24:12 AM",62.4549
"2014-06-25:12 AM",59.7475
"2014-06-26:12 AM",62.9145
"2014-06-27:12 AM",67.8729
"2014-06-28:12 AM",71.1637
"2014-06-29:12 AM",68.2662
"2014-06-30:12 AM",65.903
"2014-07-01:12 AM",56.7293
"2014-07-02:12 AM",57.821
"2014-07-03:12 AM",61.0911
"2014-07-04:12 AM",62.7067
"2014-07-05:12 AM",71.4781
"2014-07-06:12 AM",73.0814
"2014-07-07:12 AM",67.824
"2014-07-08:12 AM",62.1671
"2014-07-09:12 AM",62.0202
"2014-07-10:12 AM",64.7267
"2014-07-11:12 AM",70.5484
"2014-07-12:12 AM",68.016
"2014-07-13:12 AM",61.8327
"2014-07-14:12 AM",53.4153
"2014-07-15:12 AM",57.3823
"2014-07-16:12 AM",60.9111
"2014-07-17:12 AM",64.7749
"2014-07-18:12 AM",67.2066
"2014-07-19:12 AM",68.8462
"2014-07-20:12 AM",72.6049
"2014-07-21:12 AM",76.473
"2014-07-22:12 AM",71.9429
"2014-07-23:12 AM",64.9942
"2014-07-24:12 AM",64.6657
"2014-07-25:12 AM",68.871
"2014-07-26:12 AM",68.4361
"2014-07-27:12 AM",61.4521
"2014-07-28:12 AM",62.5485
"2014-07-29:12 AM",63.3202
"2014-07-30:12 AM",64.8957
"2014-07-31:12 AM",66.4866
"2014-08-01:12 AM",66.9159
"2014-08-02:12 AM",67.9028
"2014-08-03:12 AM",67.4163
"2014-08-04:12 AM",65.9289
"2014-08-05:12 AM",66.3872
"2014-08-06:12 AM",68.2169
"2014-08-07:12 AM",66.8676
"2014-08-08:12 AM",67.7154
"2014-08-09:12 AM",69.0496
"2014-08-10:12 AM",66.4821
"2014-08-11:12 AM",64.7667
"2014-08-12:12 AM",64.0229
"2014-08-13:12 AM",67.0174
"2014-08-14:12 AM",65.7126
"2014-08-15:12 AM",70.3548
"2014-08-16:12 AM",70.9606
"2014-08-17:12 AM",64.8361
"2014-08-18:12 AM",66.7715
"2014-08-19:12 AM",67.0681
"2014-08-20:12 AM",68.2754
"2014-08-21:12 AM",69.4555
"2014-08-22:12 AM",68.889
"2014-08-23:12 AM",68.7805
"2014-08-24:12 AM",73.4943
"2014-08-25:12 AM",63.9207
"2014-08-26:12 AM",59.229
"2014-08-27:12 AM",61.8829
"2014-08-28:12 AM",63.5891
"2014-08-29:12 AM",65.4692
"2014-08-30:12 AM",62.4072
"2014-08-31:12 AM",65.237
"2014-09-01:12 AM",63.7358
"2014-09-02:12 AM",63.2332
"2014-09-03:12 AM",68.0191
"2014-09-04:12 AM",68.1418
"2014-09-05:12 AM",58.0285
"2014-09-06:12 AM",60.1093
"2014-09-07:12 AM",63.8206
"2014-09-08:12 AM",65.9521
"2014-09-09:12 AM",59.5092
"2014-09-10:12 AM",48.2061
"2014-09-11:12 AM",46.7049
"2014-09-12:12 AM",43.4694
"2014-09-13:12 AM",45.6066
"2014-09-14:12 AM",49.8924
"2014-09-15:12 AM",48.414
"2014-09-16:12 AM",51.9746
"2014-09-17:12 AM",54.9601
"2014-09-18:12 AM",55.1736
"2014-09-19:12 AM",63.9104
"2014-09-20:12 AM",62.2879
"2014-09-21:12 AM",54.2885
"2014-09-22:12 AM",55.6873
"2014-09-23:12 AM",59.2957
"2014-09-24:12 AM",59.0792
"2014-09-25:12 AM",62.2261
"2014-09-26:12 AM",65.9793
"2014-09-27:12 AM",68.5625
"2014-09-28:12 AM",64.3498
"2014-09-29:12 AM",51.9784
"2014-09-30:12 AM",48.5496
"2014-10-01:12 AM",53.7712
"2014-10-02:12 AM",53.118
"2014-10-03:12 AM",41.394
"2014-10-04:12 AM",37.4527
"2014-10-05:12 AM",39.9756
"2014-10-06:12 AM",43.9009
"2014-10-07:12 AM",45.5533
"2014-10-08:12 AM",42.9737
"2014-10-09:12 AM",40.9021
"2014-10-10:12 AM",39.8012
"2014-10-11:12 AM",42.6065
"2014-10-12:12 AM",49.5709
"2014-10-13:12 AM",49.7867
"2014-10-14:12 AM",49.7471
"2014-10-15:12 AM",49.0075
"2014-10-16:12 AM",53.1273
"2014-10-17:12 AM",48.0655
"2014-10-18:12 AM",42.2886
"2014-10-19:12 AM",49.613
"2014-10-20:12 AM",49.2615
"2014-10-21:12 AM",45.9563
"2014-10-22:12 AM",49.5124
"2014-10-23:12 AM",53.3718
"2014-10-24:12 AM",55.5602
"2014-10-25:12 AM",51.8662
"2014-10-26:12 AM",47.638
"2014-10-27:12 AM",48.9317
"2014-10-28:12 AM",40.5725
"2014-10-29:12 AM",37.5282
"2014-10-30:12 AM",37.2565
"2014-10-31:12 AM",29.2584
"2014-11-01:12 AM",32.2446
"2014-11-02:12 AM",40.4222
"2014-11-03:12 AM",44.8205
"2014-11-04:12 AM",39.6556
"2014-11-05:12 AM",36.1287
"2014-11-06:12 AM",34.8584
"2014-11-07:12 AM",37.0067
"2014-11-08:12 AM",34.0653
"2014-11-09:12 AM",30.2733
"2014-11-10:12 AM",24.0035
"2014-11-11:12 AM",20.0584
"2014-11-12:12 AM",20.3103
"2014-11-13:12 AM",17.9487
"2014-11-14:12 AM",12.7519
"2014-11-15:12 AM",14.0549
"2014-11-16:12 AM",13.5811
"2014-11-17:12 AM",11.4823
"2014-11-18:12 AM",10.5654
"2014-11-19:12 AM",17.8887
"2014-11-20:12 AM",10.7107
"2014-11-21:12 AM",17.8225
"2014-11-22:12 AM",33.3342
"2014-11-23:12 AM",36.6462
"2014-11-24:12 AM",22.1238
"2014-11-25:12 AM",16.8712
"2014-11-26:12 AM",15.3388
"2014-11-27:12 AM",2.7145
"2014-11-28:12 AM",13.8684
"2014-11-29:12 AM",24.5482
"2014-11-30:12 AM",8.4776
"2014-12-01:12 AM",-0.5359
"2014-12-02:12 AM",11.9806
"2014-12-03:12 AM",15.1306
"2014-12-04:12 AM",18.3529
"2014-12-05:12 AM",24.397
"2014-12-06:12 AM",20.4651
"2014-12-07:12 AM",28.4783
"2014-12-08:12 AM",28.1102
"2014-12-09:12 AM",20.2156
"2014-12-10:12 AM",23.5319
"2014-12-11:12 AM",25.819
"2014-12-12:12 AM",29.871
"2014-12-13:12 AM",36.5059
"2014-12-14:12 AM",40.8225
"2014-12-15:12 AM",34.552
"2014-12-16:12 AM",19.4527
"2014-12-17:12 AM",14.6336
"2014-12-18:12 AM",15.9075
"2014-12-19:12 AM",22.6272
"2014-12-20:12 AM",28.0951
"2014-12-21:12 AM",30.5703
"2014-12-22:12 AM",34.0705
"2014-12-23:12 AM",32.671
"2014-12-24:12 AM",30.6943
"2014-12-25:12 AM",29.1339
"2014-12-26:12 AM",25.9234
"2014-12-27:12 AM",17.3372
"2014-12-28:12 AM",12.4394
"2014-12-29:12 AM",2.5104
"2014-12-30:12 AM",-4.2574
"2014-12-31:12 AM",3.846
"2015-01-01:12 AM",16.6012
"2015-01-02:12 AM",12.9785
"2015-01-03:12 AM",16.1164
"2015-01-04:12 AM",-6.6791
"2015-01-05:12 AM",-7.4216
"2015-01-06:12 AM",-1.0093
"2015-01-07:12 AM",-6.7473
"2015-01-08:12 AM",3.4765
"2015-01-09:12 AM",-1.6829
"2015-01-10:12 AM",1.3734
"2015-01-11:12 AM",1.1075
"2015-01-12:12 AM",-4.1526
"2015-01-13:12 AM",-0.3147
"2015-01-14:12 AM",15.1705
"2015-01-15:12 AM",25.7333
"2015-01-16:12 AM",17.3199
"2015-01-17:12 AM",29.2213
"2015-01-18:12 AM",28.461
"2015-01-19:12 AM",26.2584
"2015-01-20:12 AM",26.5176
"2015-01-21:12 AM",22.7984
"2015-01-22:12 AM",20.3556
"2015-01-23:12 AM",30.8795
"2015-01-24:12 AM",31.3376
"2015-01-25:12 AM",22.0555
"2015-01-26:12 AM",29.5916
"2015-01-27:12 AM",28.0308
"2015-01-28:12 AM",28.9045
"2015-01-29:12 AM",22.2697
"2015-01-30:12 AM",14.8667
"2015-01-31:12 AM",16.8445
"2015-02-01:12 AM",4.6458
"2015-02-02:12 AM",4.0861
"2015-02-03:12 AM",6.9613
"2015-02-04:12 AM",4.9458
"2015-02-05:12 AM",7.9075
"2015-02-06:12 AM",17.8732
"2015-02-07:12 AM",23.7664
"2015-02-08:12 AM",22.4362
"2015-02-09:12 AM",19.4304
"2015-02-10:12 AM",23.8455
"2015-02-11:12 AM",12.6453
"2015-02-12:12 AM",0.4105
"2015-02-13:12 AM",12.6424
"2015-02-14:12 AM",-1.5871
"2015-02-15:12 AM",1.4558
"2015-02-16:12 AM",7.6847
"2015-02-17:12 AM",2.1855
"2015-02-18:12 AM",-6.2309
"2015-02-19:12 AM",-5.2416
"2015-02-20:12 AM",12.7825
"2015-02-21:12 AM",8.9762
"2015-02-22:12 AM",-7.4704
"2015-02-23:12 AM",-0.0114
"2015-02-24:12 AM",18.0439
"2015-02-25:12 AM",3.9544
"2015-02-26:12 AM",-0.6747
"2015-02-27:12 AM",1.6075
"2015-02-28:12 AM",8.742
"2015-03-01:12 AM",14.7002
"2015-03-02:12 AM",14.4873
"2015-03-03:12 AM",17.4245
"2015-03-04:12 AM",1.0661
"2015-03-05:12 AM",0.8211
"2015-03-06:12 AM",19.5105
"2015-03-07:12 AM",28.1588
"2015-03-08:12 AM",30.9904
"2015-03-09:12 AM",34.6296
"2015-03-10:12 AM",38.3589
"2015-03-11:12 AM",38.2091
"2015-03-12:12 AM",44.1806
"2015-03-13:12 AM",44.505
"2015-03-14:12 AM",41.5063
"2015-03-15:12 AM",50.5645
"2015-03-16:12 AM",45.9901
"2015-03-17:12 AM",32.6187
"2015-03-18:12 AM",33.9197
"2015-03-19:12 AM",38.2145
"2015-03-20:12 AM",37.6378
"2015-03-21:12 AM",28.5424
"2015-03-22:12 AM",29.0367
"2015-03-23:12 AM",30.6349
"2015-03-24:12 AM",32.1609
"2015-03-25:12 AM",32.846
"2015-03-26:12 AM",26.1792
"2015-03-27:12 AM",23.8069
"2015-03-28:12 AM",30.1275
"2015-03-29:12 AM",38.0984
"2015-03-30:12 AM",42.3549
"2015-03-31:12 AM",45.6714
"2015-04-01:12 AM",52.1211
"2015-04-02:12 AM",47.6983
"2015-04-03:12 AM",30.936
"2015-04-04:12 AM",35.2927
"2015-04-05:12 AM",34.0416
"2015-04-06:12 AM",34.8481
"2015-04-07:12 AM",34.7884
"2015-04-08:12 AM",37.1419
"2015-04-09:12 AM",39.6252
"2015-04-10:12 AM",40.6778
"2015-04-11:12 AM",48.3211
"2015-04-12:12 AM",57.9594
"2015-04-13:12 AM",49.6218
"2015-04-14:12 AM",51.2933
"2015-04-15:12 AM",55.9836
"2015-04-16:12 AM",57.3944
"2015-04-17:12 AM",57.7663
"2015-04-18:12 AM",54.4984
"2015-04-19:12 AM",46.9828
"2015-04-20:12 AM",37.6925
"2015-04-21:12 AM",33.3716
"2015-04-22:12 AM",33.6002
"2015-04-23:12 AM",36.8152
"2015-04-24:12 AM",40.4598
"2015-04-25:12 AM",44.3817
"2015-04-26:12 AM",46.4187
"2015-04-27:12 AM",51.0552
"2015-04-28:12 AM",52.5738
"2015-04-29:12 AM",52.8874
"2015-04-30:12 AM",54.9401
"2015-05-01:12 AM",58.4301
"2015-05-02:12 AM",62.625
"2015-05-03:12 AM",62.6097
"2015-05-04:12 AM",55.6889
"2015-05-05:12 AM",57.8581
"2015-05-06:12 AM",59.8179
"2015-05-07:12 AM",61.0531
"2015-05-08:12 AM",46.3512
"2015-05-09:12 AM",45.4053
"2015-05-10:12 AM",45.4581
"2015-05-11:12 AM",40.2091
"2015-05-12:12 AM",41.7976
"2015-05-13:12 AM",45.3634
"2015-05-14:12 AM",49.6803
"2015-05-15:12 AM",52.5951
"2015-05-16:12 AM",58.7158
"2015-05-17:12 AM",60.105
"2015-05-18:12 AM",38.3688
"2015-05-19:12 AM",43.0572
"2015-05-20:12 AM",49.2552
"2015-05-21:12 AM",54.763
"2015-05-22:12 AM",57.1231
"2015-05-23:12 AM",60.984
"2015-05-24:12 AM",59.7065
"2015-05-25:12 AM",58.4546
"2015-05-26:12 AM",59.5013
"2015-05-27:12 AM",65.7874
"2015-05-28:12 AM",66.0727
"2015-05-29:12 AM",57.2581
"2015-05-30:12 AM",47.9737
"2015-05-31:12 AM",49.1463
"2015-06-01:12 AM",53.6592
"2015-06-02:12 AM",61.972
"2015-06-03:12 AM",62.9766
"2015-06-04:12 AM",61.9029
"2015-06-05:12 AM",62.746
"2015-06-06:12 AM",61.4466
"2015-06-07:12 AM",65.1661
"2015-06-08:12 AM",66.438
"2015-06-09:12 AM",69.9336
"2015-06-10:12 AM",65.374
"2015-06-11:12 AM",61.8796
"2015-06-12:12 AM",63.95
"2015-06-13:12 AM",65.215
"2015-06-14:12 AM",64.8964
"2015-06-15:12 AM",61.7675
"2015-06-16:12 AM",56.4021
"2015-06-17:12 AM",59.6851
"2015-06-18:12 AM",61.425
"2015-06-19:12 AM",61.7263
"2015-06-20:12 AM",66.2248
"2015-06-21:12 AM",67.7725
"2015-06-22:12 AM",66.2346
"2015-06-23:12 AM",65.1385
"2015-06-24:12 AM",66.171
"2015-06-25:12 AM",67.0003
"2015-06-26:12 AM",67.1783
"2015-06-27:12 AM",68.4514
"2015-06-28:12 AM",66.4606
"2015-06-29:12 AM",68.8244
"2015-06-30:12 AM",66.0816
"2015-07-01:12 AM",65.3445
"2015-07-02:12 AM",65.4129
"2015-07-03:12 AM",68.3281
"2015-07-04:12 AM",69.9492
"2015-07-05:12 AM",72.9649
"2015-07-06:12 AM",63.7808
"2015-07-07:12 AM",58.8412
"2015-07-08:12 AM",59.5881
"2015-07-09:12 AM",66.0371
"2015-07-10:12 AM",71.2296
"2015-07-11:12 AM",72.8568
"2015-07-12:12 AM",75.6381
"2015-07-13:12 AM",73.5168
"2015-07-14:12 AM",70.8463
"2015-07-15:12 AM",69.8513
"2015-07-16:12 AM",69.3534
"2015-07-17:12 AM",72.5198
"2015-07-18:12 AM",71.8794
"2015-07-19:12 AM",70.1087
"2015-07-20:12 AM",68.1354
"2015-07-21:12 AM",65.8661
"2015-07-22:12 AM",69.458
"2015-07-23:12 AM",73.2981
"2015-07-24:12 AM",74.1997
"2015-07-25:12 AM",72.424
"2015-07-26:12 AM",75.2059
"2015-07-27:12 AM",76.1067
"2015-07-28:12 AM",74.6098
"2015-07-29:12 AM",69.5757
"2015-07-30:12 AM",71.6855
"2015-07-31:12 AM",69.4161
"2015-08-01:12 AM",69.0444
"2015-08-02:12 AM",69.6697
"2015-08-03:12 AM",64.0589
"2015-08-04:12 AM",63.7169
"2015-08-05:12 AM",65.1875
"2015-08-06:12 AM",67.6737
"2015-08-07:12 AM",70.0416
"2015-08-08:12 AM",71.7841
"2015-08-09:12 AM",69.5844
"2015-08-10:12 AM",68.0499
"2015-08-11:12 AM",68.4862
"2015-08-12:12 AM",73.3797
"2015-08-13:12 AM",77.7994
"2015-08-14:12 AM",78.4108
"2015-08-15:12 AM",79.2603
"2015-08-16:12 AM",72.2669
"2015-08-17:12 AM",63.3708
"2015-08-18:12 AM",58.5675
"2015-08-19:12 AM",56.6776
"2015-08-20:12 AM",58.2339
"2015-08-21:12 AM",67.9624
"2015-08-22:12 AM",70.0437
"2015-08-23:12 AM",57.616
"2015-08-24:12 AM",55.5544
"2015-08-25:12 AM",56.8859
"2015-08-26:12 AM",58.9006
"2015-08-27:12 AM",64.6677
"2015-08-28:12 AM",67.9681
"2015-08-29:12 AM",67.6845
"2015-08-30:12 AM",71.7202
"2015-08-31:12 AM",73.8316
"2015-09-01:12 AM",72.4564
"2015-09-02:12 AM",74.3907
"2015-09-03:12 AM",73.3683
"2015-09-04:12 AM",73.6767
"2015-09-05:12 AM",74.5702
"2015-09-06:12 AM",72.8487
"2015-09-07:12 AM",63.9988
"2015-09-08:12 AM",62.0456
"2015-09-09:12 AM",60.7939
"2015-09-10:12 AM",55.1703
"2015-09-11:12 AM",52.367
"2015-09-12:12 AM",52.5126
"2015-09-13:12 AM",62.2044
"2015-09-14:12 AM",66.7377
"2015-09-15:12 AM",72.1477
"2015-09-16:12 AM",73.3514
"2015-09-17:12 AM",67.9282
"2015-09-18:12 AM",54.8449
"2015-09-19:12 AM",55.3518
"2015-09-20:12 AM",59.7358
"2015-09-21:12 AM",66.51
"2015-09-22:12 AM",61.7454
"2015-09-23:12 AM",57.8075
"2015-09-24:12 AM",59.592
"2015-09-25:12 AM",62.8371
"2015-09-26:12 AM",63.9264
"2015-09-27:12 AM",66.4941
"2015-09-28:12 AM",61.045
"2015-09-29:12 AM",49.9001
"2015-09-30:12 AM",50.7724
"2015-10-01:12 AM",51.0847
"2015-10-02:12 AM",47.4593
"2015-10-03:12 AM",47.2782
"2015-10-04:12 AM",47.3805
"2015-10-05:12 AM",52.5897
"2015-10-06:12 AM",52.3029
"2015-10-07:12 AM",47.4543
"2015-10-08:12 AM",51.3559
"2015-10-09:12 AM",47.7036
"2015-10-10:12 AM",57.0438
"2015-10-11:12 AM",68.3991
"2015-10-12:12 AM",54.306
"2015-10-13:12 AM",45.0599
"2015-10-14:12 AM",50.7155
"2015-10-15:12 AM",48.4441
"2015-10-16:12 AM",37.6021
"2015-10-17:12 AM",38.5061
"2015-10-18:12 AM",46.3681
"2015-10-19:12 AM",57.7287
"2015-10-20:12 AM",52.7617
"2015-10-21:12 AM",49.9111
"2015-10-22:12 AM",46.7089
"2015-10-23:12 AM",48.3543
"2015-10-24:12 AM",46.5377
"2015-10-25:12 AM",43.2349
"2015-10-26:12 AM",45.3938
"2015-10-27:12 AM",47.1106
"2015-10-28:12 AM",40.3351
"2015-10-29:12 AM",38.6503
"2015-10-30:12 AM",40.1662
"2015-10-31:12 AM",44.1691
"2015-11-01:12 AM",45.2523
"2015-11-02:12 AM",48.7416
"2015-11-03:12 AM",50.0214
"2015-11-04:12 AM",54.0102
"2015-11-05:12 AM",50.0648
"2015-11-06:12 AM",38.9773
"2015-11-07:12 AM",36.6606
"2015-11-08:12 AM",44.226
"2015-11-09:12 AM",47.1378
"2015-11-10:12 AM",47.4795
"2015-11-11:12 AM",43.5438
"2015-11-12:12 AM",36.9628
"2015-11-13:12 AM",34.074
"2015-11-14:12 AM",40.3992
"2015-11-15:12 AM",45.0963
"2015-11-16:12 AM",47.6996
"2015-11-17:12 AM",48.3777
"2015-11-18:12 AM",44.9944
"2015-11-19:12 AM",29.4595
"2015-11-20:12 AM",24.5374
"2015-11-21:12 AM",19.7809
"2015-11-22:12 AM",23.0547
"2015-11-23:12 AM",32.1744
"2015-11-24:12 AM",30.8008
"2015-11-25:12 AM",36.4338
"2015-11-26:12 AM",25.4651
"2015-11-27:12 AM",18.1771
"2015-11-28:12 AM",20.7741
"2015-11-29:12 AM",25.8615
"2015-11-30:12 AM",28.7283
"2015-12-01:12 AM",30.9756
"2015-12-02:12 AM",28.6538
"2015-12-03:12 AM",27.7995
"2015-12-04:12 AM",32.0898
"2015-12-05:12 AM",38.5027
"2015-12-06:12 AM",34.4316
"2015-12-07:12 AM",33.5721
"2015-12-08:12 AM",35.9222
"2015-12-09:12 AM",37.8208
"2015-12-10:12 AM",40.4445
"2015-12-11:12 AM",33.4501
"2015-12-12:12 AM",33.7176
"2015-12-13:12 AM",34.1569
"2015-12-14:12 AM",31.4839
"2015-12-15:12 AM",28.272
"2015-12-16:12 AM",29.595
"2015-12-17:12 AM",21.481
"2015-12-18:12 AM",12.7157
"2015-12-19:12 AM",11.5974
"2015-12-20:12 AM",25.671
"2015-12-21:12 AM",23.6575
"2015-12-22:12 AM",26.7161
"2015-12-23:12 AM",30.3103
"2015-12-24:12 AM",20.1272
"2015-12-25:12 AM",20.5434
"2015-12-26:12 AM",21.3629
"2015-12-27:12 AM",9.4055
"2015-12-28:12 AM",12.6936
"2015-12-29:12 AM",18.1279
"2015-12-30:12 AM",17.4272
"2015-12-31:12 AM",15.3262
"2016-01-01:12 AM",21.3598
"2016-01-02:12 AM",24.9717
"2016-01-03:12 AM",24.1354
"2016-01-04:12 AM",19.5141
"2016-01-05:12 AM",22.7023
"2016-01-06:12 AM",27.1179
"2016-01-07:12 AM",28.7983
"2016-01-08:12 AM",23.9542
"2016-01-09:12 AM",2.748
"2016-01-10:12 AM",-7.6544
"2016-01-11:12 AM",-3.3371
"2016-01-12:12 AM",-3.9017
"2016-01-13:12 AM",6.8904
"2016-01-14:12 AM",16.7896
"2016-01-15:12 AM",10.6907
"2016-01-16:12 AM",-4.4315
"2016-01-17:12 AM",-11.2826
"2016-01-18:12 AM",-10.4147
"2016-01-19:12 AM",-2.2353
"2016-01-20:12 AM",11.4411
"2016-01-21:12 AM",14.5049
"2016-01-22:12 AM",8.8709
"2016-01-23:12 AM",17.3894
"2016-01-24:12 AM",25.7774
"2016-01-25:12 AM",24.3347
"2016-01-26:12 AM",21.7593
"2016-01-27:12 AM",24.1329
"2016-01-28:12 AM",25.5981
"2016-01-29:12 AM",24.5008
"2016-01-30:12 AM",33.1259
"2016-01-31:12 AM",31.3885
"2016-02-01:12 AM",27.9541
"2016-02-02:12 AM",22.1239
"2016-02-03:12 AM",15.4729
"2016-02-04:12 AM",17.1288
"2016-02-05:12 AM",17.6893
"2016-02-06:12 AM",27.1252
"2016-02-07:12 AM",30.3312
"2016-02-08:12 AM",12.7776
"2016-02-09:12 AM",6.7177
"2016-02-10:12 AM",2.737
"2016-02-11:12 AM",2.4343
"2016-02-12:12 AM",1.8576
"2016-02-13:12 AM",-4.5971
"2016-02-14:12 AM",9.9307
"2016-02-15:12 AM",23.1404
"2016-02-16:12 AM",22.1869
"2016-02-17:12 AM",14.4363
"2016-02-18:12 AM",28.9791
"2016-02-19:12 AM",35.298
"2016-02-20:12 AM",32.8192
"2016-02-21:12 AM",23.7839
"2016-02-22:12 AM",22.5014
"2016-02-23:12 AM",30.2765
"2016-02-24:12 AM",26.2524
"2016-02-25:12 AM",23.9117
"2016-02-26:12 AM",25.6068
"2016-02-27:12 AM",35.5629
"2016-02-28:12 AM",30.5503
"2016-02-29:12 AM",18.0414
"2016-03-01:12 AM",11.6209
"2016-03-02:12 AM",15.7917
"2016-03-03:12 AM",20.7842
"2016-03-04:12 AM",22.8155
"2016-03-05:12 AM",27.2689
"2016-03-06:12 AM",36.9671
"2016-03-07:12 AM",43.1809
"2016-03-08:12 AM",46.5917
"2016-03-09:12 AM",33.9172
"2016-03-10:12 AM",33.485
"2016-03-11:12 AM",41.3836
"2016-03-12:12 AM",48.324
"2016-03-13:12 AM",46.1536
"2016-03-14:12 AM",47.2332
"2016-03-15:12 AM",47.5426
"2016-03-16:12 AM",37.4983
"2016-03-17:12 AM",32.0997
"2016-03-18:12 AM",29.6208
"2016-03-19:12 AM",28.4466
"2016-03-20:12 AM",29.2968
"2016-03-21:12 AM",32.5
"2016-03-22:12 AM",35.4808
"2016-03-23:12 AM",30.6662
"2016-03-24:12 AM",30.7812
"2016-03-25:12 AM",33.2146
"2016-03-26:12 AM",33.2218
"2016-03-27:12 AM",34.0574
"2016-03-28:12 AM",37.6365
"2016-03-29:12 AM",44.0553
"2016-03-30:12 AM",44.1678
"2016-03-31:12 AM",39.7114
"2016-04-01:12 AM",31.8
"2016-04-02:12 AM",27.3448
"2016-04-03:12 AM",32.5215
"2016-04-04:12 AM",29.5372
"2016-04-05:12 AM",32.5965
"2016-04-06:12 AM",35.6094
"2016-04-07:12 AM",33.0114
"2016-04-08:12 AM",26.4898
"2016-04-09:12 AM",21.8665
"2016-04-10:12 AM",35.449
"2016-04-11:12 AM",30.3298
"2016-04-12:12 AM",31.5997
"2016-04-13:12 AM",42.5368
"2016-04-14:12 AM",52.7605
"2016-04-15:12 AM",57.9198
"2016-04-16:12 AM",60.3867
"2016-04-17:12 AM",56.6917
"2016-04-18:12 AM",52.664
"2016-04-19:12 AM",48.5166
"2016-04-20:12 AM",51.4319
"2016-04-21:12 AM",49.172
"2016-04-22:12 AM",44.611
"2016-04-23:12 AM",47.3592
"2016-04-24:12 AM",49.1495
"2016-04-25:12 AM",44.1531
"2016-04-26:12 AM",41.7025
"2016-04-27:12 AM",41.1827
"2016-04-28:12 AM",41.3073
"2016-04-29:12 AM",44.776
"2016-04-30:12 AM",45.1324
"2016-05-01:12 AM",46.8172
"2016-05-02:12 AM",51.5349
"2016-05-03:12 AM",55.1602
"2016-05-04:12 AM",51.3169
"2016-05-05:12 AM",59.634
"2016-05-06:12 AM",68.603
"2016-05-07:12 AM",56.37
"2016-05-08:12 AM",56.5353
"2016-05-09:12 AM",56.3286
"2016-05-10:12 AM",51.6816
"2016-05-11:12 AM",51.7154
"2016-05-12:12 AM",49.3144
"2016-05-13:12 AM",41.4916
"2016-05-14:12 AM",38.5164
"2016-05-15:12 AM",45.0385
"2016-05-16:12 AM",50.7886
"2016-05-17:12 AM",51.6517
"2016-05-18:12 AM",55.1993
"2016-05-19:12 AM",58.4272
"2016-05-20:12 AM",60.1367
"2016-05-21:12 AM",63.4593
"2016-05-22:12 AM",64.2414
"2016-05-23:12 AM",67.4431
"2016-05-24:12 AM",68.3438
"2016-05-25:12 AM",64.0873
"2016-05-26:12 AM",63.4836
"2016-05-27:12 AM",63.3351
"2016-05-28:12 AM",59.3364
"2016-05-29:12 AM",60.9258
"2016-05-30:12 AM",64.396
"2016-05-31:12 AM",60.4027
"2016-06-01:12 AM",55.398
"2016-06-02:12 AM",58.2928
"2016-06-03:12 AM",59.1595
"2016-06-04:12 AM",57.9331
"2016-06-05:12 AM",61.68
"2016-06-06:12 AM",56.8323
"2016-06-07:12 AM",56.7579
"2016-06-08:12 AM",58.6697
"2016-06-09:12 AM",67.8405
"2016-06-10:12 AM",72.961
"2016-06-11:12 AM",70.3902
"2016-06-12:12 AM",67.0993
"2016-06-13:12 AM",64.7746
"2016-06-14:12 AM",62.915
"2016-06-15:12 AM",62.2089
"2016-06-16:12 AM",66.1717
"2016-06-17:12 AM",70.4592
"2016-06-18:12 AM",71.4519
"2016-06-19:12 AM",75.3325
"2016-06-20:12 AM",68.1759
"2016-06-21:12 AM",65.7815
"2016-06-22:12 AM",63.9406
"2016-06-23:12 AM",64.9668
"2016-06-24:12 AM",67.7401
"2016-06-25:12 AM",74.6746
"2016-06-26:12 AM",68.792
"2016-06-27:12 AM",61.3607
"2016-06-28:12 AM",62.5233
"2016-06-29:12 AM",66.3726
"2016-06-30:12 AM",62.1694
"2016-07-01:12 AM",59.6935
"2016-07-02:12 AM",64.7344
"2016-07-03:12 AM",66.6055
"2016-07-04:12 AM",70.4136
"2016-07-05:12 AM",72.369
"2016-07-06:12 AM",70.5067
"2016-07-07:12 AM",66.8179
"2016-07-08:12 AM",65.5727
"2016-07-09:12 AM",67.5522
"2016-07-10:12 AM",70.2927
"2016-07-11:12 AM",71.4549
"2016-07-12:12 AM",71.7942
"2016-07-13:12 AM",69.2944
"2016-07-14:12 AM",61.8062
"2016-07-15:12 AM",63.5211
"2016-07-16:12 AM",64.7479
"2016-07-17:12 AM",69.0303
"2016-07-18:12 AM",68.7313
"2016-07-19:12 AM",72.3837
"2016-07-20:12 AM",79.4235
"2016-07-21:12 AM",81.1566
"2016-07-22:12 AM",78.5097
"2016-07-23:12 AM",75.7044
"2016-07-24:12 AM",72.3367
"2016-07-25:12 AM",72.4186
"2016-07-26:12 AM",75.2295
"2016-07-27:12 AM",68.61
"2016-07-28:12 AM",66.1912
"2016-07-29:12 AM",66.3318
"2016-07-30:12 AM",67.505
"2016-07-31:12 AM",71.5874
"2016-08-01:12 AM",75.0067
"2016-08-02:12 AM",75.2664
"2016-08-03:12 AM",75.1327
"2016-08-04:12 AM",75.1687
"2016-08-05:12 AM",66.9868
"2016-08-06:12 AM",65.8913
"2016-08-07:12 AM",67.2215
"2016-08-08:12 AM",69.93
"2016-08-09:12 AM",75.9393
"2016-08-10:12 AM",72.9298
"2016-08-11:12 AM",71.7145
"2016-08-12:12 AM",69.1203
"2016-08-13:12 AM",67.1122
"2016-08-14:12 AM",68.2986
"2016-08-15:12 AM",67.8195
"2016-08-16:12 AM",70.8145
"2016-08-17:12 AM",71.7391
"2016-08-18:12 AM",69.6016
"2016-08-19:12 AM",66.2887
"2016-08-20:12 AM",60.0982
"2016-08-21:12 AM",60.0622
"2016-08-22:12 AM",69.7658
"2016-08-23:12 AM",74.9269
"2016-08-24:12 AM",70.4991
"2016-08-25:12 AM",63.3753
"2016-08-26:12 AM",61.9153
"2016-08-27:12 AM",63.2881
"2016-08-28:12 AM",68.9527
"2016-08-29:12 AM",75.0232
"2016-08-30:12 AM",67.4362
"2016-08-31:12 AM",63.315
"2016-09-01:12 AM",62.8353
"2016-09-02:12 AM",63.5864
"2016-09-03:12 AM",67.8524
"2016-09-04:12 AM",68.3265
"2016-09-05:12 AM",67.5916
"2016-09-06:12 AM",64.6806
"2016-09-07:12 AM",63.7115
"2016-09-08:12 AM",63.5182
"2016-09-09:12 AM",61.9416
"2016-09-10:12 AM",57.9481
"2016-09-11:12 AM",62.8493
"2016-09-12:12 AM",62.3908
"2016-09-13:12 AM",53.0991
"2016-09-14:12 AM",50.8275
"2016-09-15:12 AM",59.8671
"2016-09-16:12 AM",62.9793
"2016-09-17:12 AM",58.73
"2016-09-18:12 AM",63.3587
"2016-09-19:12 AM",64.6777
"2016-09-20:12 AM",59.8383
"2016-09-21:12 AM",61.0889
"2016-09-22:12 AM",59.3064
"2016-09-23:12 AM",58.8789
"2016-09-24:12 AM",63.0347
"2016-09-25:12 AM",58.9032
"2016-09-26:12 AM",51.5991
"2016-09-27:12 AM",49.8083
"2016-09-28:12 AM",50.524
"2016-09-29:12 AM",51.0728
"2016-09-30:12 AM",54.2523
"2016-10-01:12 AM",57.0157
"2016-10-02:12 AM",58.597
"2016-10-03:12 AM",61.0016
"2016-10-04:12 AM",60.9633
"2016-10-05:12 AM",54.7243
"2016-10-06:12 AM",46.0391
"2016-10-07:12 AM",39.0738
"2016-10-08:12 AM",39.288
"2016-10-09:12 AM",44.2135
"2016-10-10:12 AM",56.109
"2016-10-11:12 AM",51.7892
"2016-10-12:12 AM",39.1269
"2016-10-13:12 AM",37.8858
"2016-10-14:12 AM",49.309
"2016-10-15:12 AM",58.5802
"2016-10-16:12 AM",52.9588
"2016-10-17:12 AM",55.7092
"2016-10-18:12 AM",50.9245
"2016-10-19:12 AM",44.7915
"2016-10-20:12 AM",38.818
"2016-10-21:12 AM",41.4007
"2016-10-22:12 AM",46.3296
"2016-10-23:12 AM",46.7487
"2016-10-24:12 AM",41.6199
"2016-10-25:12 AM",41.9427
"2016-10-26:12 AM",41.8503
"2016-10-27:12 AM",43.9745
"2016-10-28:12 AM",50.5926
"2016-10-29:12 AM",47.7201
"2016-10-30:12 AM",40.2703
"2016-10-31:12 AM",44.4938
"2016-11-01:12 AM",47.3479
"2016-11-02:12 AM",46.0018
"2016-11-03:12 AM",45.61
"2016-11-04:12 AM",49.0627
"2016-11-05:12 AM",52.1575
"2016-11-06:12 AM",55.1565
"2016-11-07:12 AM",54.6314
"2016-11-08:12 AM",46.5964
"2016-11-09:12 AM",45.9662
"2016-11-10:12 AM",50.9009
"2016-11-11:12 AM",40.4955
"2016-11-12:12 AM",41.2864
"2016-11-13:12 AM",48.4174
"2016-11-14:12 AM",46.5987
"2016-11-15:12 AM",45.2055
"2016-11-16:12 AM",43.8876
"2016-11-17:12 AM",43.7614
"2016-11-18:12 AM",33.5559
"2016-11-19:12 AM",22.5774
"2016-11-20:12 AM",20.5974
"2016-11-21:12 AM",24.5946
"2016-11-22:12 AM",29.903
"2016-11-23:12 AM",31.7278
"2016-11-24:12 AM",31.6186
"2016-11-25:12 AM",31.2386
"2016-11-26:12 AM",33.1317
"2016-11-27:12 AM",32.9346
"2016-11-28:12 AM",40.2813
"2016-11-29:12 AM",35.766
"2016-11-30:12 AM",33.4774
"2016-12-01:12 AM",30.8374
"2016-12-02:12 AM",26.3568
"2016-12-03:12 AM",25.1706
"2016-12-04:12 AM",30.7859
"2016-12-05:12 AM",32.0074
"2016-12-06:12 AM",24.5356
"2016-12-07:12 AM",18.252
"2016-12-08:12 AM",17.4956
"2016-12-09:12 AM",7.9045
"2016-12-10:12 AM",1.4954
"2016-12-11:12 AM",10.4909
"2016-12-12:12 AM",4.3198
"2016-12-13:12 AM",2.0194
"2016-12-14:12 AM",1.5879
"2016-12-15:12 AM",-4.0882
"2016-12-16:12 AM",4.5662
"2016-12-17:12 AM",-3.2789
"2016-12-18:12 AM",-12.5352
"2016-12-19:12 AM",13.7953
"2016-12-20:12 AM",29.0809
"2016-12-21:12 AM",28.3419
"2016-12-22:12 AM",27.4998
"2016-12-23:12 AM",30.1392
"2016-12-24:12 AM",24.7177
"2016-12-25:12 AM",25.8557
"2016-12-26:12 AM",25.6296
"2016-12-27:12 AM",15.3262
"2016-12-28:12 AM",24.9778
"2016-12-29:12 AM",26.0074
"2016-12-30:12 AM",19.2688
"2016-12-31:12 AM",17.7303
"2017-01-01:12 AM",20.6193
"2017-01-02:12 AM",22.5027
"2017-01-03:12 AM",14.0905
"2017-01-04:12 AM",-5.523
"2017-01-05:12 AM",-8.0171
"2017-01-06:12 AM",-9.0648
"2017-01-07:12 AM",-4.0565
"2017-01-08:12 AM",1.0899
"2017-01-09:12 AM",9.4384
"2017-01-10:12 AM",15.1419
"2017-01-11:12 AM",-0.13
"2017-01-12:12 AM",-1.2305
"2017-01-13:12 AM",-8.1197
"2017-01-14:12 AM",7.133
"2017-01-15:12 AM",14.8091
"2017-01-16:12 AM",19.6097
"2017-01-17:12 AM",20.8368
"2017-01-18:12 AM",28.8347
"2017-01-19:12 AM",32.9149
"2017-01-20:12 AM",33.0193
"2017-01-21:12 AM",33.2803
"2017-01-22:12 AM",33.0757
"2017-01-23:12 AM",30.9983
"2017-01-24:12 AM",27.0169
"2017-01-25:12 AM",25.9201
"2017-01-26:12 AM",21.8701
"2017-01-27:12 AM",22.0116
"2017-01-28:12 AM",24.8544
"2017-01-29:12 AM",17.701
"2017-01-30:12 AM",23.4541
"2017-01-31:12 AM",28.8039
"2017-02-01:12 AM",11.2122
"2017-02-02:12 AM",6.3464
"2017-02-03:12 AM",8.2063
"2017-02-04:12 AM",18.6235
"2017-02-05:12 AM",13.6006
"2017-02-06:12 AM",16.738
"2017-02-07:12 AM",15.9188
"2017-02-08:12 AM",1.1579
"2017-02-09:12 AM",3.3426
"2017-02-10:12 AM",24.8414
"2017-02-11:12 AM",28.5528
"2017-02-12:12 AM",29.0876
"2017-02-13:12 AM",30.7434
"2017-02-14:12 AM",31.1416
"2017-02-15:12 AM",22.3614
"2017-02-16:12 AM",29.872
"2017-02-17:12 AM",37.3408
"2017-02-18:12 AM",38.8198
"2017-02-19:12 AM",40.1329
"2017-02-20:12 AM",48.2301
"2017-02-21:12 AM",41.3514
"2017-02-22:12 AM",40.1556
"2017-02-23:12 AM",29.4712
"2017-02-24:12 AM",21.1606
"2017-02-25:12 AM",19.6293
"2017-02-26:12 AM",21.2781
"2017-02-27:12 AM",24.8106
"2017-02-28:12 AM",29.484
"2017-03-01:12 AM",24.2262
"2017-03-02:12 AM",15.7239
"2017-03-03:12 AM",14.4392
"2017-03-04:12 AM",27.0444
"2017-03-05:12 AM",38.1781
"2017-03-06:12 AM",47.5218
"2017-03-07:12 AM",30.9285
"2017-03-08:12 AM",21.7486
"2017-03-09:12 AM",17.767
"2017-03-10:12 AM",7.2725
"2017-03-11:12 AM",9.4253
"2017-03-12:12 AM",11.5338
"2017-03-13:12 AM",14.2326
"2017-03-14:12 AM",12.9911
"2017-03-15:12 AM",18.1927
"2017-03-16:12 AM",27.3583
"2017-03-17:12 AM",34.2815
"2017-03-18:12 AM",29.2694
"2017-03-19:12 AM",37.2553
"2017-03-20:12 AM",39.9085
"2017-03-21:12 AM",28.2722
"2017-03-22:12 AM",26.1955
"2017-03-23:12 AM",33.7023
"2017-03-24:12 AM",36.1431
"2017-03-25:12 AM",34.6935
"2017-03-26:12 AM",36.9374
"2017-03-27:12 AM",39.888
"2017-03-28:12 AM",42.9825
"2017-03-29:12 AM",43.2158
"2017-03-30:12 AM",39.9461
"2017-03-31:12 AM",41.7331
"2017-04-01:12 AM",45.0734
"2017-04-02:12 AM",46.2972
"2017-04-03:12 AM",46.9398
"2017-04-04:12 AM",46.6392
"2017-04-05:12 AM",42.0436
"2017-04-06:12 AM",39.8757
"2017-04-07:12 AM",43.0992
"2017-04-08:12 AM",53.8029
"2017-04-09:12 AM",54.1209
"2017-04-10:12 AM",39.4912
"2017-04-11:12 AM",39.663
"2017-04-12:12 AM",45.5979
"2017-04-13:12 AM",48.695
"2017-04-14:12 AM",51.5174
"2017-04-15:12 AM",58.4866
"2017-04-16:12 AM",50.9299
"2017-04-17:12 AM",44.0695
"2017-04-18:12 AM",44.8702
"2017-04-19:12 AM",41.8053
"2017-04-20:12 AM",41.1559
"2017-04-21:12 AM",47.2435
"2017-04-22:12 AM",49.9489
"2017-04-23:12 AM",43.484
"2017-04-24:12 AM",43.7792
"2017-04-25:12 AM",41.4307
"2017-04-26:12 AM",31.3093
"2017-04-27:12 AM",29.5837
"2017-04-28:12 AM",35.1464
"2017-04-29:12 AM",39.7998
"2017-04-30:12 AM",41.6532
"2017-05-01:12 AM",37.7706
"2017-05-02:12 AM",46.6315
"2017-05-03:12 AM",50.5657
"2017-05-04:12 AM",52.5024
"2017-05-05:12 AM",56.6823
"2017-05-06:12 AM",53.8327
"2017-05-07:12 AM",52.3256
"2017-05-08:12 AM",51.9328
"2017-05-09:12 AM",54.1978
"2017-05-10:12 AM",54.091
"2017-05-11:12 AM",50.6626
"2017-05-12:12 AM",55.5262
"2017-05-13:12 AM",58.9818
"2017-05-14:12 AM",60.4558
"2017-05-15:12 AM",61.92
"2017-05-16:12 AM",61.2779
"2017-05-17:12 AM",56.0941
"2017-05-18:12 AM",48.832
"2017-05-19:12 AM",46.4322
"2017-05-20:12 AM",42.0633
"2017-05-21:12 AM",41.2259
"2017-05-22:12 AM",47.8027
"2017-05-23:12 AM",48.4518
"2017-05-24:12 AM",50.5036
"2017-05-25:12 AM",54.2746
"2017-05-26:12 AM",60.0089
"2017-05-27:12 AM",59.4313
"2017-05-28:12 AM",56.5081
"2017-05-29:12 AM",50.6068
"2017-05-30:12 AM",49.1725
"2017-05-31:12 AM",55.9625
"2017-06-01:12 AM",60.946
"2017-06-02:12 AM",67.7068
"2017-06-03:12 AM",72.4226
"2017-06-04:12 AM",68.0986
"2017-06-05:12 AM",65.633
"2017-06-06:12 AM",65.3794
"2017-06-07:12 AM",66.9076
"2017-06-08:12 AM",67.9665
"2017-06-09:12 AM",67.8015
"2017-06-10:12 AM",74.0964
"2017-06-11:12 AM",67.32
"2017-06-12:12 AM",67.6692
"2017-06-13:12 AM",67.9345
"2017-06-14:12 AM",70.1415
"2017-06-15:12 AM",67.6085
"2017-06-16:12 AM",67.2089
"2017-06-17:12 AM",62.9316
"2017-06-18:12 AM",58.0109
"2017-06-19:12 AM",59.3316
"2017-06-20:12 AM",61.1733
"2017-06-21:12 AM",62.7339
"2017-06-22:12 AM",63.7282
"2017-06-23:12 AM",57.7548
"2017-06-24:12 AM",54.3807
"2017-06-25:12 AM",53.814
"2017-06-26:12 AM",56.1339
"2017-06-27:12 AM",60.501
"2017-06-28:12 AM",63.2601
"2017-06-29:12 AM",63.6733
"2017-06-30:12 AM",62.571
"2017-07-01:12 AM",61.947
"2017-07-02:12 AM",63.235
"2017-07-03:12 AM",65.2003
"2017-07-04:12 AM",71.8653
"2017-07-05:12 AM",76.6996
"2017-07-06:12 AM",75.4596
"2017-07-07:12 AM",68.2848
"2017-07-08:12 AM",67.3297
"2017-07-09:12 AM",67.0716
"2017-07-10:12 AM",69.4749
"2017-07-11:12 AM",70.2226
"2017-07-12:12 AM",65.579
"2017-07-13:12 AM",60.0411
"2017-07-14:12 AM",63.5158
"2017-07-15:12 AM",70.1323
"2017-07-16:12 AM",67.9165
"2017-07-17:12 AM",73.9377
"2017-07-18:12 AM",73.045
"2017-07-19:12 AM",70.0592
"2017-07-20:12 AM",72.916
"2017-07-21:12 AM",73.1707
"2017-07-22:12 AM",73.0137
"2017-07-23:12 AM",64.9485
"2017-07-24:12 AM",66.3067
"2017-07-25:12 AM",71.6887
"2017-07-26:12 AM",71.8795
"2017-07-27:12 AM",70.335
"2017-07-28:12 AM",71.676
"2017-07-29:12 AM",72.0064
"2017-07-30:12 AM",73.3561
"2017-07-31:12 AM",73.9272
"2017-08-01:12 AM",73.0816
"2017-08-02:12 AM",66.6059
"2017-08-03:12 AM",58.696
"2017-08-04:12 AM",62.3037
"2017-08-05:12 AM",63.5562
"2017-08-06:12 AM",63.6521
"2017-08-07:12 AM",65.917
"2017-08-08:12 AM",68.1676
"2017-08-09:12 AM",65.7277
"2017-08-10:12 AM",63.9802
"2017-08-11:12 AM",64.5654
"2017-08-12:12 AM",65.2442
"2017-08-13:12 AM",62.049
"2017-08-14:12 AM",63.8303
"2017-08-15:12 AM",64.879
"2017-08-16:12 AM",64.3624
"2017-08-17:12 AM",64.6617
"2017-08-18:12 AM",65.1904
"2017-08-19:12 AM",67.3925
"2017-08-20:12 AM",68.895
"2017-08-21:12 AM",62.6605
"2017-08-22:12 AM",61.4449
"2017-08-23:12 AM",60.2436
"2017-08-24:12 AM",60.4452
"2017-08-25:12 AM",60.0112
"2017-08-26:12 AM",61.264
"2017-08-27:12 AM",61.7135
"2017-08-28:12 AM",63.5598
"2017-08-29:12 AM",66.9978
"2017-08-30:12 AM",67.3466
"2017-08-31:12 AM",61.2136
"2017-09-01:12 AM",59.3224
"2017-09-02:12 AM",66.1827
"2017-09-03:12 AM",68.9634
"2017-09-04:12 AM",62.3178
"2017-09-05:12 AM",55.3282
"2017-09-06:12 AM",53.3451
"2017-09-07:12 AM",55.8365
"2017-09-08:12 AM",55.6236
"2017-09-09:12 AM",59.6194
"2017-09-10:12 AM",68.378
"2017-09-11:12 AM",70.0099
"2017-09-12:12 AM",70.2777
"2017-09-13:12 AM",72.6235
"2017-09-14:12 AM",69.9496
"2017-09-15:12 AM",64.6435
"2017-09-16:12 AM",59.2052
"2017-09-17:12 AM",51.998
"2017-09-18:12 AM",54.7813
"2017-09-19:12 AM",61.6287
"2017-09-20:12 AM",63.5459
"2017-09-21:12 AM",62.9722
"2017-09-22:12 AM",73.6509
"2017-09-23:12 AM",67.3351
"2017-09-24:12 AM",66.7134
"2017-09-25:12 AM",54.1791
"2017-09-26:12 AM",51.9562
"2017-09-27:12 AM",50.7686
"2017-09-28:12 AM",55.8781
"2017-09-29:12 AM",51.3644
"2017-09-30:12 AM",53.8477
"2017-10-01:12 AM",57.8329
"2017-10-02:12 AM",57.6261
"2017-10-03:12 AM",54.6613
"2017-10-04:12 AM",48.22
"2017-10-05:12 AM",50.232
"2017-10-06:12 AM",47.8047
"2017-10-07:12 AM",52.9277
"2017-10-08:12 AM",54.1152
"2017-10-09:12 AM",44.8817
"2017-10-10:12 AM",40.1463
"2017-10-11:12 AM",44.1471
"2017-10-12:12 AM",53.406
"2017-10-13:12 AM",48.1753
"2017-10-14:12 AM",44.9609
"2017-10-15:12 AM",41.5798
"2017-10-16:12 AM",46.4247
"2017-10-17:12 AM",54.5666
"2017-10-18:12 AM",56.7736
"2017-10-19:12 AM",53.8061
"2017-10-20:12 AM",61.7734
"2017-10-21:12 AM",61.6181
"2017-10-22:12 AM",51.3513
"2017-10-23:12 AM",49.2539
"2017-10-24:12 AM",38.7567
"2017-10-25:12 AM",44.7051
"2017-10-26:12 AM",41.6442
"2017-10-27:12 AM",29.7455
"2017-10-28:12 AM",26.4855
"2017-10-29:12 AM",34.0192
"2017-10-30:12 AM",31.8013
"2017-10-31:12 AM",26.6763
"2017-11-01:12 AM",28.794
"2017-11-02:12 AM",32.7033
"2017-11-03:12 AM",27.6406
"2017-11-04:12 AM",32.7265
"2017-11-05:12 AM",28.675
"2017-11-06:12 AM",21.4968
"2017-11-07:12 AM",21.7211
"2017-11-08:12 AM",25.6636
"2017-11-09:12 AM",14.1154
"2017-11-10:12 AM",12.4561
"2017-11-11:12 AM",26.2474
"2017-11-12:12 AM",26.9802
"2017-11-13:12 AM",30.0373
"2017-11-14:12 AM",37.1523
"2017-11-15:12 AM",32.7596
"2017-11-16:12 AM",26.6727
"2017-11-17:12 AM",32.3517
"2017-11-18:12 AM",26.4634
"2017-11-19:12 AM",23.6867
"2017-11-20:12 AM",33.5799
"2017-11-21:12 AM",24.6024
"2017-11-22:12 AM",20.727
"2017-11-23:12 AM",29.1722
"2017-11-24:12 AM",43.2109
"2017-11-25:12 AM",30.6432
"2017-11-26:12 AM",32.4037
"2017-11-27:12 AM",38.7851
"2017-11-28:12 AM",38.9264
"2017-11-29:12 AM",32.5306
"2017-11-30:12 AM",36.1053
"2017-12-01:12 AM",35.4886
"2017-12-02:12 AM",34.5841
"2017-12-03:12 AM",36.2619
"2017-12-04:12 AM",39.2941
"2017-12-05:12 AM",18.4656
"2017-12-06:12 AM",16.1634
"2017-12-07:12 AM",13.2519
"2017-12-08:12 AM",22.5466
"2017-12-09:12 AM",17.9415
"2017-12-10:12 AM",24.3894
"2017-12-11:12 AM",24.8722
"2017-12-12:12 AM",16.5045
"2017-12-13:12 AM",24.9732
"2017-12-14:12 AM",19.7224
"2017-12-15:12 AM",19.1649
"2017-12-16:12 AM",22.7512
"2017-12-17:12 AM",25.5142
"2017-12-18:12 AM",29.9552
"2017-12-19:12 AM",27.5709
"2017-12-20:12 AM",15.2024
"2017-12-21:12 AM",12.9758
"2017-12-22:12 AM",12.7357
"2017-12-23:12 AM",12.8124
"2017-12-24:12 AM",8.6054
"2017-12-25:12 AM",-4.9023
"2017-12-26:12 AM",-9.6443
"2017-12-27:12 AM",-8.9178
"2017-12-28:12 AM",2.6614
"2017-12-29:12 AM",-3.7993
"2017-12-30:12 AM",-12.1182
"2017-12-31:12 AM",-15.3357
"2018-01-01:12 AM",-10.9601
"2018-01-02:12 AM",1.3822
"2018-01-03:12 AM",-2.1687
"2018-01-04:12 AM",-8.0689
"2018-01-05:12 AM",-9.6185
"2018-01-06:12 AM",-1.4501
"2018-01-07:12 AM",20.4372
"2018-01-08:12 AM",25.4208
"2018-01-09:12 AM",25.9947
"2018-01-10:12 AM",32.3145
"2018-01-11:12 AM",7.5864
"2018-01-12:12 AM",-7.2434
"2018-01-13:12 AM",-8.0284
"2018-01-14:12 AM",2.8787
"2018-01-15:12 AM",0.212
"2018-01-16:12 AM",-2.1789
"2018-01-17:12 AM",13.0003
"2018-01-18:12 AM",27.8035
"2018-01-19:12 AM",31.9743
"2018-01-20:12 AM",31.8276
"2018-01-21:12 AM",30.5697
"2018-01-22:12 AM",26.4083
"2018-01-23:12 AM",18.1067
"2018-01-24:12 AM",20.3943
"2018-01-25:12 AM",23.7398
"2018-01-26:12 AM",31.0564
"2018-01-27:12 AM",24.5347
"2018-01-28:12 AM",10.9933
"2018-01-29:12 AM",5.4649
"2018-01-30:12 AM",11.9732
"2018-01-31:12 AM",19.2211
"2018-02-01:12 AM",0.1429
"2018-02-02:12 AM",0.6276
"2018-02-03:12 AM",7.6663
"2018-02-04:12 AM",-3.0843
"2018-02-05:12 AM",1.449
"2018-02-06:12 AM",-0.915
"2018-02-07:12 AM",3.0265
"2018-02-08:12 AM",1.7789
"2018-02-09:12 AM",-0.094
"2018-02-10:12 AM",1.5539
"2018-02-11:12 AM",5.8357
"2018-02-12:12 AM",-0.4212
"2018-02-13:12 AM",14.0522
"2018-02-14:12 AM",27.1391
"2018-02-15:12 AM",23.1089
"2018-02-16:12 AM",8.3419
"2018-02-17:12 AM",20.3193
"2018-02-18:12 AM",18.4986
"2018-02-19:12 AM",13.0266
"2018-02-20:12 AM",12.0171
"2018-02-21:12 AM",6.9285
"2018-02-22:12 AM",12.4207
"2018-02-23:12 AM",21.8953
"2018-02-24:12 AM",15.5309
"2018-02-25:12 AM",23.1568
"2018-02-26:12 AM",27.3276
"2018-02-27:12 AM",29.1276
"2018-02-28:12 AM",26.4022
"2018-03-01:12 AM",28.1115
"2018-03-02:12 AM",26.7904
"2018-03-03:12 AM",31.0534
"2018-03-04:12 AM",33.1471
"2018-03-05:12 AM",29.9631
"2018-03-06:12 AM",23.5949
"2018-03-07:12 AM",19.4574
"2018-03-08:12 AM",19.1244
"2018-03-09:12 AM",17.8804
"2018-03-10:12 AM",25.3499
"2018-03-11:12 AM",28.486
"2018-03-12:12 AM",27.262
"2018-03-13:12 AM",24.7714
"2018-03-14:12 AM",28.729
"2018-03-15:12 AM",26.1392
"2018-03-16:12 AM",22.8258
"2018-03-17:12 AM",26.2582
"2018-03-18:12 AM",30.0882
"2018-03-19:12 AM",30.1676
"2018-03-20:12 AM",26.5888
"2018-03-21:12 AM",26.229
"2018-03-22:12 AM",30.508
"2018-03-23:12 AM",29.7036
"2018-03-24:12 AM",27.8685
"2018-03-25:12 AM",29.1826
"2018-03-26:12 AM",30.5911
"2018-03-27:12 AM",31.3041
"2018-03-28:12 AM",34.4392
"2018-03-29:12 AM",26.7278
"2018-03-30:12 AM",22.5372
"2018-03-31:12 AM",18.9415
"2018-04-01:12 AM",18.4399
"2018-04-02:12 AM",21.3895
"2018-04-03:12 AM",20.3031
"2018-04-04:12 AM",18.2557
"2018-04-05:12 AM",23.3629
"2018-04-06:12 AM",15.4144
"2018-04-07:12 AM",18.9005
"2018-04-08:12 AM",19.4473
"2018-04-09:12 AM",24.7105
"2018-04-10:12 AM",28.3226
"2018-04-11:12 AM",33.2735
"2018-04-12:12 AM",35.2144
"2018-04-13:12 AM",31.3284
"2018-04-14:12 AM",24.1668
"2018-04-15:12 AM",23.6878
"2018-04-16:12 AM",26.3284
"2018-04-17:12 AM",29.2795
"2018-04-18:12 AM",33.2623
"2018-04-19:12 AM",35.3541
"2018-04-20:12 AM",37.5912
"2018-04-21:12 AM",41.1395
"2018-04-22:12 AM",45.0392
"2018-04-23:12 AM",51.1102
"2018-04-24:12 AM",47.5817
"2018-04-25:12 AM",44.2495
"2018-04-26:12 AM",47.3225
"2018-04-27:12 AM",45.316
"2018-04-28:12 AM",43.3627
"2018-04-29:12 AM",50.3739
"2018-04-30:12 AM",62.1291
"2018-05-01:12 AM",54.1191
"2018-05-02:12 AM",50.3193
"2018-05-03:12 AM",55.8171
"2018-05-04:12 AM",59.0936
"2018-05-05:12 AM",58.1113
"2018-05-06:12 AM",57.8734
"2018-05-07:12 AM",64.5985
"2018-05-08:12 AM",60.0856
"2018-05-09:12 AM",54.1908
"2018-05-10:12 AM",46.5958
"2018-05-11:12 AM",46.2879
"2018-05-12:12 AM",51.3462
"2018-05-13:12 AM",57.7029
"2018-05-14:12 AM",60.9537
"2018-05-15:12 AM",59.7456
"2018-05-16:12 AM",66.6271
"2018-05-17:12 AM",61.1092
"2018-05-18:12 AM",61.1467
"2018-05-19:12 AM",52.4347
"2018-05-20:12 AM",54.3463
"2018-05-21:12 AM",58.3567
"2018-05-22:12 AM",63.529
"2018-05-23:12 AM",69.9894
"2018-05-24:12 AM",73.4698
"2018-05-25:12 AM",74.8405
"2018-05-26:12 AM",75.3732
"2018-05-27:12 AM",71.3901
"2018-05-28:12 AM",73.3284
"2018-05-29:12 AM",72.3988
"2018-05-30:12 AM",67.0496
"2018-05-31:12 AM",67.0194
"2018-06-01:12 AM",61.8991
"2018-06-02:12 AM",56.1706
"2018-06-03:12 AM",55.1019
"2018-06-04:12 AM",62.1003
"2018-06-05:12 AM",63.6586
"2018-06-06:12 AM",65.8801
"2018-06-07:12 AM",62.8236
"2018-06-08:12 AM",65.6667
"2018-06-09:12 AM",66.9058
"2018-06-10:12 AM",66.1705
"2018-06-11:12 AM",62.7406
"2018-06-12:12 AM",63.1832
"2018-06-13:12 AM",64.3973
"2018-06-14:12 AM",67.5666
"2018-06-15:12 AM",72.5612
"2018-06-16:12 AM",73.3455
"2018-06-17:12 AM",70.0662
"2018-06-18:12 AM",67.48
"2018-06-19:12 AM",65.9219
"2018-06-20:12 AM",67.2642
"2018-06-21:12 AM",68.308
"2018-06-22:12 AM",69.1286
"2018-06-23:12 AM",68.7274
"2018-06-24:12 AM",65.6667
"2018-06-25:12 AM",65.0309
"2018-06-26:12 AM",65.9912
"2018-06-27:12 AM",68.7877
"2018-06-28:12 AM",71.7021
"2018-06-29:12 AM",76.0476
"2018-06-30:12 AM",73.3714
"2018-07-01:12 AM",65.2383
"2018-07-02:12 AM",69.5667
"2018-07-03:12 AM",73.2544
"2018-07-04:12 AM",76.9023
"2018-07-05:12 AM",70.1926
"2018-07-06:12 AM",67.3795
"2018-07-07:12 AM",73.4245
"2018-07-08:12 AM",74.7777
"2018-07-09:12 AM",73.5224
"2018-07-10:12 AM",71.2931
"2018-07-11:12 AM",75.1451
"2018-07-12:12 AM",76.5376
"2018-07-13:12 AM",73.1721
"2018-07-14:12 AM",73.7645
"2018-07-15:12 AM",71.0866
"2018-07-16:12 AM",67.3065
"2018-07-17:12 AM",66.2378
"2018-07-18:12 AM",68.5168
"2018-07-19:12 AM",67.3081
"2018-07-20:12 AM",65.9138
"2018-07-21:12 AM",66.7767
"2018-07-22:12 AM",67.8258
"2018-07-23:12 AM",69.1054
"2018-07-24:12 AM",68.4759
"2018-07-25:12 AM",65.9995
"2018-07-26:12 AM",61.2898
"2018-07-27:12 AM",62.6589
"2018-07-28:12 AM",64.4819
"2018-07-29:12 AM",66.4054
"2018-07-30:12 AM",68.6404
"2018-07-31:12 AM",70.9578
"2018-08-01:12 AM",61.7355
"2018-08-02:12 AM",59.7596
"2018-08-03:12 AM",68.4244
"2018-08-04:12 AM",71.8786
"2018-08-05:12 AM",72.7974
"2018-08-06:12 AM",67.5844
"2018-08-07:12 AM",68.0878
"2018-08-08:12 AM",73.8729
"2018-08-09:12 AM",73.5229
"2018-08-10:12 AM",73.9713
"2018-08-11:12 AM",75.5769
"2018-08-12:12 AM",76.122
"2018-08-13:12 AM",78.3178
"2018-08-14:12 AM",72.1326
"2018-08-15:12 AM",68.369
"2018-08-16:12 AM",70.497
"2018-08-17:12 AM",71.9479
"2018-08-18:12 AM",71.2821
"2018-08-19:12 AM",70.1233
"2018-08-20:12 AM",63.8767
"2018-08-21:12 AM",64.2987
"2018-08-22:12 AM",65.3077
"2018-08-23:12 AM",68.3901
"2018-08-24:12 AM",67.3509
"2018-08-25:12 AM",67.4978
"2018-08-26:12 AM",69.4143
"2018-08-27:12 AM",66.528
"2018-08-28:12 AM",57.0033
"2018-08-29:12 AM",58.3767
"2018-08-30:12 AM",63.3308
"2018-08-31:12 AM",69.1443
"2018-09-01:12 AM",69.3837
"2018-09-02:12 AM",68.2155
"2018-09-03:12 AM",63.8236
"2018-09-04:12 AM",68.6107
"2018-09-05:12 AM",62.3685
"2018-09-06:12 AM",56.5599
"2018-09-07:12 AM",60.9186
"2018-09-08:12 AM",61.5596
"2018-09-09:12 AM",61.335
"2018-09-10:12 AM",64.0582
"2018-09-11:12 AM",69.2119
"2018-09-12:12 AM",69.3444
"2018-09-13:12 AM",69.8187
"2018-09-14:12 AM",70.1442
"2018-09-15:12 AM",70.0824
"2018-09-16:12 AM",75.3035
"2018-09-17:12 AM",61.8818
"2018-09-18:12 AM",55.9762
"2018-09-19:12 AM",56.6172
"2018-09-20:12 AM",56.1607
"2018-09-21:12 AM",49.122
"2018-09-22:12 AM",48.9963
"2018-09-23:12 AM",51.0571
"2018-09-24:12 AM",55.5136
"2018-09-25:12 AM",46.8066
"2018-09-26:12 AM",46.8574
"2018-09-27:12 AM",49.7143
"2018-09-28:12 AM",41.4743
"2018-09-29:12 AM",37.0976
"2018-09-30:12 AM",41.7877
"2018-10-01:12 AM",41.6552
"2018-10-02:12 AM",47.4336
"2018-10-03:12 AM",53.1068
"2018-10-04:12 AM",38.257
"2018-10-05:12 AM",39.6693
"2018-10-06:12 AM",39.3687
"2018-10-07:12 AM",41.0076
"2018-10-08:12 AM",42.1063
"2018-10-09:12 AM",41.5092
"2018-10-10:12 AM",37.4396
"2018-10-11:12 AM",31.4458
"2018-10-12:12 AM",29.7226
"2018-10-13:12 AM",37.0269
"2018-10-14:12 AM",32.2075
"2018-10-15:12 AM",31.6011
"2018-10-16:12 AM",39.4675
"2018-10-17:12 AM",34.4203
"2018-10-18:12 AM",46.6353
"2018-10-19:12 AM",51.6218
"2018-10-20:12 AM",35.1208
"2018-10-21:12 AM",36.1773
"2018-10-22:12 AM",41.0544
"2018-10-23:12 AM",35.911
"2018-10-24:12 AM",38.17
"2018-10-25:12 AM",45.4534
"2018-10-26:12 AM",45.5333
"2018-10-27:12 AM",44.8815
"2018-10-28:12 AM",43.2648
"2018-10-29:12 AM",39.5735
"2018-10-30:12 AM",41.8552
"2018-10-31:12 AM",39.6007
"2018-11-01:12 AM",36.4928
"2018-11-02:12 AM",35.0575
"2018-11-03:12 AM",35.2258
"2018-11-04:12 AM",34.8375
"2018-11-05:12 AM",36.7507
"2018-11-06:12 AM",33.8464
"2018-11-07:12 AM",27.0354
"2018-11-08:12 AM",21.8707
"2018-11-09:12 AM",17.553
"2018-11-10:12 AM",13.743
"2018-11-11:12 AM",21.7017
"2018-11-12:12 AM",15.8997
"2018-11-13:12 AM",11.3367
"2018-11-14:12 AM",24.0469
"2018-11-15:12 AM",33.1542
"2018-11-16:12 AM",25.6827
"2018-11-17:12 AM",16.5866
"2018-11-18:12 AM",16.2426
"2018-11-19:12 AM",17.4722
"2018-11-20:12 AM",15.8455
"2018-11-21:12 AM",17.9895
"2018-11-22:12 AM",25.9299
"2018-11-23:12 AM",37.2556
"2018-11-24:12 AM",31.0203
"2018-11-25:12 AM",20.1792
"2018-11-26:12 AM",14.3278
"2018-11-27:12 AM",13.6839
"2018-11-28:12 AM",19.4283
"2018-11-29:12 AM",25.617
"2018-11-30:12 AM",28.1869
"2018-12-01:12 AM",27.815
"2018-12-02:12 AM",23.6379
"2018-12-03:12 AM",20.2512
"2018-12-04:12 AM",20.5189
"2018-12-05:12 AM",21.6473
"2018-12-06:12 AM",10.1869
"2018-12-07:12 AM",12.0108
"2018-12-08:12 AM",17.5606
"2018-12-09:12 AM",22.1311
"2018-12-10:12 AM",21.9882
"2018-12-11:12 AM",22.5682
"2018-12-12:12 AM",25.6159
"2018-12-13:12 AM",27.379
"2018-12-14:12 AM",29.325
"2018-12-15:12 AM",31.3507
"2018-12-16:12 AM",32.3125
"2018-12-17:12 AM",25.8588
"2018-12-18:12 AM",29.842
"2018-12-19:12 AM",33.6796
"2018-12-20:12 AM",29.395
"2018-12-21:12 AM",21.6711
"2018-12-22:12 AM",24.5185
"2018-12-23:12 AM",22.7971
"2018-12-24:12 AM",16.4923
"2018-12-25:12 AM",18.9396
"2018-12-26:12 AM",18.2435
"2018-12-27:12 AM",28.3651
"2018-12-28:12 AM",10.8372
"2018-12-29:12 AM",3.9198
"2018-12-30:12 AM",19.7884
"2018-12-31:12 AM",15.5817
"2019-01-01:12 AM",-2.9767
"2019-01-02:12 AM",9.3985
"2019-01-03:12 AM",29.0743
"2019-01-04:12 AM",33.2085
"2019-01-05:12 AM",32.4748
"2019-01-06:12 AM",26.4011
"2019-01-07:12 AM",33.0044
"2019-01-08:12 AM",22.3097
"2019-01-09:12 AM",7.6644
"2019-01-10:12 AM",11.5362
"2019-01-11:12 AM",19.8172
"2019-01-12:12 AM",23.3065
"2019-01-13:12 AM",24.0732
"2019-01-14:12 AM",23.6694
"2019-01-15:12 AM",22.2544
"2019-01-16:12 AM",5.5634
"2019-01-17:12 AM",7.7099
"2019-01-18:12 AM",1.8156
"2019-01-19:12 AM",-5.4999
"2019-01-20:12 AM",-5.8286
"2019-01-21:12 AM",3.7825
"2019-01-22:12 AM",13.1324
"2019-01-23:12 AM",9.6622
"2019-01-24:12 AM",1.6988
"2019-01-25:12 AM",-12.0042
"2019-01-26:12 AM",-5.3183
"2019-01-27:12 AM",-8.6883
"2019-01-28:12 AM",1.8124
"2019-01-29:12 AM",-12.1455
"2019-01-30:12 AM",-24.9669
"2019-01-31:12 AM",-17.6233
"2019-02-01:12 AM",2.5704
"2019-02-02:12 AM",21.8959
"2019-02-03:12 AM",23.1885
"2019-02-04:12 AM",8.8144
"2019-02-05:12 AM",0.7576
"2019-02-06:12 AM",9.2165
"2019-02-07:12 AM",5.5672
"2019-02-08:12 AM",-9.2954
"2019-02-09:12 AM",-7.2974
"2019-02-10:12 AM",4.9377
"2019-02-11:12 AM",14.3011
"2019-02-12:12 AM",18.3312
"2019-02-13:12 AM",10.7755
"2019-02-14:12 AM",12.2943
"2019-02-15:12 AM",1.5231
"2019-02-16:12 AM",5.2534
"2019-02-17:12 AM",13.2195
"2019-02-18:12 AM",6.2006
"2019-02-19:12 AM",3.7108
"2019-02-20:12 AM",16.8305
"2019-02-21:12 AM",17.5433
"2019-02-22:12 AM",15.5145
"2019-02-23:12 AM",24.7312
"2019-02-24:12 AM",12.1123
"2019-02-25:12 AM",-5.2424
"2019-02-26:12 AM",-2.515
"2019-02-27:12 AM",3.231
"2019-02-28:12 AM",9.1485
"2019-03-01:12 AM",10.5966
"2019-03-02:12 AM",4.9453
"2019-03-03:12 AM",-6.2221
"2019-03-04:12 AM",0.3184
"2019-03-05:12 AM",8.1406
"2019-03-06:12 AM",11.2582
"2019-03-07:12 AM",5.7317
"2019-03-08:12 AM",19.6041
"2019-03-09:12 AM",28.3802
"2019-03-10:12 AM",23.7841
"2019-03-11:12 AM",18.9918
"2019-03-12:12 AM",30.159
"2019-03-13:12 AM",34.1352
"2019-03-14:12 AM",33.8968
"2019-03-15:12 AM",27.4928