"DateTime","(deg F) Mean Temperature (CFSR) at Missouri, 2010-01-01 to 2019-03-14"
"2010-01-01:12 AM",18.6593
"2010-01-02:12 AM",12.3759
"2010-01-03:12 AM",15.143
"2010-01-04:12 AM",10.4248
"2010-01-05:12 AM",10.6756
"2010-01-06:12 AM",17.0321
"2010-01-07:12 AM",15.7096
"2010-01-08:12 AM",7.984
"2010-01-09:12 AM",7.9383
"2010-01-10:12 AM",14.13
"2010-01-11:12 AM",28.3102
"2010-01-12:12 AM",23.792
"2010-01-13:12 AM",32.2862
"2010-01-14:12 AM",38.3477
"2010-01-15:12 AM",37.5012
"2010-01-16:12 AM",37.3714
"2010-01-17:12 AM",37.7704
"2010-01-18:12 AM",38.275
"2010-01-19:12 AM",41.7637
"2010-01-20:12 AM",46.5057
"2010-01-21:12 AM",40.3626
"2010-01-22:12 AM",37.0477
"2010-01-23:12 AM",43.3792
"2010-01-24:12 AM",39.7285
"2010-01-25:12 AM",29.7923
"2010-01-26:12 AM",25.1195
"2010-01-27:12 AM",30.3489
"2010-01-28:12 AM",23.6217
"2010-01-29:12 AM",18.9639
"2010-01-30:12 AM",19.9339
"2010-01-31:12 AM",24.2854
"2010-02-01:12 AM",30.4862
"2010-02-02:12 AM",30.4687
"2010-02-03:12 AM",28.2967
"2010-02-04:12 AM",31.9469
"2010-02-05:12 AM",33.4461
"2010-02-06:12 AM",32.0769
"2010-02-07:12 AM",30.7443
"2010-02-08:12 AM",30.709
"2010-02-09:12 AM",20.9014
"2010-02-10:12 AM",23.2284
"2010-02-11:12 AM",25.471
"2010-02-12:12 AM",30.1496
"2010-02-13:12 AM",30.9403
"2010-02-14:12 AM",28.5193
"2010-02-15:12 AM",23.3888
"2010-02-16:12 AM",26.2159
"2010-02-17:12 AM",27.1866
"2010-02-18:12 AM",29.8753
"2010-02-19:12 AM",35.7003
"2010-02-20:12 AM",39.9153
"2010-02-21:12 AM",38.3805
"2010-02-22:12 AM",30.3046
"2010-02-23:12 AM",27.383
"2010-02-24:12 AM",21.1521
"2010-02-25:12 AM",22.5216
"2010-02-26:12 AM",28.4344
"2010-02-27:12 AM",29.9091
"2010-02-28:12 AM",30.2875
"2010-03-01:12 AM",33.4706
"2010-03-02:12 AM",33.2157
"2010-03-03:12 AM",33.5527
"2010-03-04:12 AM",33.6263
"2010-03-05:12 AM",37.7785
"2010-03-06:12 AM",42.3023
"2010-03-07:12 AM",47.1403
"2010-03-08:12 AM",48.2506
"2010-03-09:12 AM",51.7186
"2010-03-10:12 AM",53.82
"2010-03-11:12 AM",47.833
"2010-03-12:12 AM",41.139
"2010-03-13:12 AM",40.2463
"2010-03-14:12 AM",43.5396
"2010-03-15:12 AM",46.6813
"2010-03-16:12 AM",45.8821
"2010-03-17:12 AM",43.6833
"2010-03-18:12 AM",46.7596
"2010-03-19:12 AM",49.5743
"2010-03-20:12 AM",39.0353
"2010-03-21:12 AM",37.4308
"2010-03-22:12 AM",42.1842
"2010-03-23:12 AM",48.6486
"2010-03-24:12 AM",53.9512
"2010-03-25:12 AM",47.1636
"2010-03-26:12 AM",43.178
"2010-03-27:12 AM",45.7506
"2010-03-28:12 AM",45.6859
"2010-03-29:12 AM",46.3519
"2010-03-30:12 AM",54.2408
"2010-03-31:12 AM",62.3584
"2010-04-01:12 AM",66.0783
"2010-04-02:12 AM",63.5655
"2010-04-03:12 AM",54.4572
"2010-04-04:12 AM",61.0358
"2010-04-05:12 AM",63.957
"2010-04-06:12 AM",67.9091
"2010-04-07:12 AM",59.3092
"2010-04-08:12 AM",48.1226
"2010-04-09:12 AM",51.5014
"2010-04-10:12 AM",57.9256
"2010-04-11:12 AM",61.1438
"2010-04-12:12 AM",63.8715
"2010-04-13:12 AM",65.6186
"2010-04-14:12 AM",67.3471
"2010-04-15:12 AM",67.1655
"2010-04-16:12 AM",61.4572
"2010-04-17:12 AM",54.2093
"2010-04-18:12 AM",52.1164
"2010-04-19:12 AM",55.6995
"2010-04-20:12 AM",56.2221
"2010-04-21:12 AM",59.7702
"2010-04-22:12 AM",61.6145
"2010-04-23:12 AM",63.8431
"2010-04-24:12 AM",61.4311
"2010-04-25:12 AM",55.2875
"2010-04-26:12 AM",52.1055
"2010-04-27:12 AM",49.5041
"2010-04-28:12 AM",54.9189
"2010-04-29:12 AM",65.2599
"2010-04-30:12 AM",67.237
"2010-05-01:12 AM",58.7941
"2010-05-02:12 AM",60.6303
"2010-05-03:12 AM",61.8364
"2010-05-04:12 AM",64.3568
"2010-05-05:12 AM",65.6229
"2010-05-06:12 AM",62.7102
"2010-05-07:12 AM",63.703
"2010-05-08:12 AM",51.1731
"2010-05-09:12 AM",51.1241
"2010-05-10:12 AM",50.5299
"2010-05-11:12 AM",61.4088
"2010-05-12:12 AM",66.4309
"2010-05-13:12 AM",67.4042
"2010-05-14:12 AM",59.5499
"2010-05-15:12 AM",56.6584
"2010-05-16:12 AM",59.0841
"2010-05-17:12 AM",58.6832
"2010-05-18:12 AM",59.6421
"2010-05-19:12 AM",59.401
"2010-05-20:12 AM",60.5035
"2010-05-21:12 AM",63.3207
"2010-05-22:12 AM",69.8306
"2010-05-23:12 AM",77.5512
"2010-05-24:12 AM",78.1776
"2010-05-25:12 AM",76.2813
"2010-05-26:12 AM",74.5335
"2010-05-27:12 AM",72.8335
"2010-05-28:12 AM",72.7439
"2010-05-29:12 AM",71.2438
"2010-05-30:12 AM",73.6543
"2010-05-31:12 AM",72.6926
"2010-06-01:12 AM",76.7676
"2010-06-02:12 AM",78.9089
"2010-06-03:12 AM",74.4525
"2010-06-04:12 AM",76.6488
"2010-06-05:12 AM",79.1708
"2010-06-06:12 AM",73.6954
"2010-06-07:12 AM",71.7514
"2010-06-08:12 AM",75.9189
"2010-06-09:12 AM",77.0394
"2010-06-10:12 AM",76.874
"2010-06-11:12 AM",77.3004
"2010-06-12:12 AM",80.5656
"2010-06-13:12 AM",79.2887
"2010-06-14:12 AM",78.5367
"2010-06-15:12 AM",74.6011
"2010-06-16:12 AM",76.8855
"2010-06-17:12 AM",79.6665
"2010-06-18:12 AM",82.3399
"2010-06-19:12 AM",83.2645
"2010-06-20:12 AM",82.1271
"2010-06-21:12 AM",83.5288
"2010-06-22:12 AM",84.7036
"2010-06-23:12 AM",84.4731
"2010-06-24:12 AM",78.6119
"2010-06-25:12 AM",79.0086
"2010-06-26:12 AM",83.0485
"2010-06-27:12 AM",83.3002
"2010-06-28:12 AM",77.9999
"2010-06-29:12 AM",73.9162
"2010-06-30:12 AM",71.7269
"2010-07-01:12 AM",71.1867
"2010-07-02:12 AM",72.1292
"2010-07-03:12 AM",74.8969
"2010-07-04:12 AM",76.9363
"2010-07-05:12 AM",78.3927
"2010-07-06:12 AM",78.8518
"2010-07-07:12 AM",75.4597
"2010-07-08:12 AM",76.4154
"2010-07-09:12 AM",75.7006
"2010-07-10:12 AM",75.7508
"2010-07-11:12 AM",76.2411
"2010-07-12:12 AM",76.7494
"2010-07-13:12 AM",79.5324
"2010-07-14:12 AM",84.423
"2010-07-15:12 AM",82.9596
"2010-07-16:12 AM",81.6568
"2010-07-17:12 AM",83.192
"2010-07-18:12 AM",84.1426
"2010-07-19:12 AM",83.7691
"2010-07-20:12 AM",84.8993
"2010-07-21:12 AM",82.3287
"2010-07-22:12 AM",83.3016
"2010-07-23:12 AM",85.6911
"2010-07-24:12 AM",85.0113
"2010-07-25:12 AM",79.6393
"2010-07-26:12 AM",79.7455
"2010-07-27:12 AM",80.3957
"2010-07-28:12 AM",81.675
"2010-07-29:12 AM",80.33
"2010-07-30:12 AM",80.2989
"2010-07-31:12 AM",81.5479
"2010-08-01:12 AM",79.6165
"2010-08-02:12 AM",83.6814
"2010-08-03:12 AM",89.3046
"2010-08-04:12 AM",85.7079
"2010-08-05:12 AM",80.5375
"2010-08-06:12 AM",78.1419
"2010-08-07:12 AM",78.3401
"2010-08-08:12 AM",83.9071
"2010-08-09:12 AM",87.3637
"2010-08-10:12 AM",87.9354
"2010-08-11:12 AM",87.2713
"2010-08-12:12 AM",87.2712
"2010-08-13:12 AM",87.8187
"2010-08-14:12 AM",86.1472
"2010-08-15:12 AM",80.5698
"2010-08-16:12 AM",75.3453
"2010-08-17:12 AM",72.2795
"2010-08-18:12 AM",78.1995
"2010-08-19:12 AM",79.5256
"2010-08-20:12 AM",84.5076
"2010-08-21:12 AM",81.7716
"2010-08-22:12 AM",78.9832
"2010-08-23:12 AM",77.5089
"2010-08-24:12 AM",73.7488
"2010-08-25:12 AM",69.9863
"2010-08-26:12 AM",67.678
"2010-08-27:12 AM",70.1659
"2010-08-28:12 AM",73.9211
"2010-08-29:12 AM",79.1319
"2010-08-30:12 AM",77.5407
"2010-08-31:12 AM",78.8349
"2010-09-01:12 AM",75.7495
"2010-09-02:12 AM",74.9759
"2010-09-03:12 AM",64.9234
"2010-09-04:12 AM",61.1031
"2010-09-05:12 AM",66.2274
"2010-09-06:12 AM",75.4581
"2010-09-07:12 AM",72.1845
"2010-09-08:12 AM",67.1178
"2010-09-09:12 AM",65.682
"2010-09-10:12 AM",70.6102
"2010-09-11:12 AM",70.8804
"2010-09-12:12 AM",67.3723
"2010-09-13:12 AM",70.3292
"2010-09-14:12 AM",71.4864
"2010-09-15:12 AM",71.1367
"2010-09-16:12 AM",67.9127
"2010-09-17:12 AM",65.971
"2010-09-18:12 AM",72.6249
"2010-09-19:12 AM",73.0999
"2010-09-20:12 AM",75.7033
"2010-09-21:12 AM",76.692
"2010-09-22:12 AM",75.9358
"2010-09-23:12 AM",77.9895
"2010-09-24:12 AM",69.6425
"2010-09-25:12 AM",60.7492
"2010-09-26:12 AM",53.9352
"2010-09-27:12 AM",53.3444
"2010-09-28:12 AM",59.5087
"2010-09-29:12 AM",60.9345
"2010-09-30:12 AM",63.617
"2010-10-01:12 AM",57.8142
"2010-10-02:12 AM",55.0074
"2010-10-03:12 AM",47.5723
"2010-10-04:12 AM",47.3781
"2010-10-05:12 AM",49.3885
"2010-10-06:12 AM",57.738
"2010-10-07:12 AM",63.1292
"2010-10-08:12 AM",63.1627
"2010-10-09:12 AM",67.3813
"2010-10-10:12 AM",66.9526
"2010-10-11:12 AM",65.9386
"2010-10-12:12 AM",64.3703
"2010-10-13:12 AM",61.2678
"2010-10-14:12 AM",55.9346
"2010-10-15:12 AM",56.8922
"2010-10-16:12 AM",59.6527
"2010-10-17:12 AM",61.9414
"2010-10-18:12 AM",61.5186
"2010-10-19:12 AM",53.4983
"2010-10-20:12 AM",55.6489
"2010-10-21:12 AM",57.0834
"2010-10-22:12 AM",62.2981
"2010-10-23:12 AM",67.9545
"2010-10-24:12 AM",65.6713
"2010-10-25:12 AM",65.4408
"2010-10-26:12 AM",61.7473
"2010-10-27:12 AM",57.3422
"2010-10-28:12 AM",46.306
"2010-10-29:12 AM",44.1273
"2010-10-30:12 AM",52.2871
"2010-10-31:12 AM",53.1462
"2010-11-01:12 AM",51.933
"2010-11-02:12 AM",48.9436
"2010-11-03:12 AM",49.0276
"2010-11-04:12 AM",48.1152
"2010-11-05:12 AM",39.1586
"2010-11-06:12 AM",40.7563
"2010-11-07:12 AM",51.5296
"2010-11-08:12 AM",56.5678
"2010-11-09:12 AM",59.7061
"2010-11-10:12 AM",60.5133
"2010-11-11:12 AM",56.6089
"2010-11-12:12 AM",56.9991
"2010-11-13:12 AM",46.2686
"2010-11-14:12 AM",41.1588
"2010-11-15:12 AM",44.0514
"2010-11-16:12 AM",43.999
"2010-11-17:12 AM",42.8763
"2010-11-18:12 AM",38.3117
"2010-11-19:12 AM",42.3928
"2010-11-20:12 AM",45.6661
"2010-11-21:12 AM",56.3686
"2010-11-22:12 AM",59.2437
"2010-11-23:12 AM",39.3962
"2010-11-24:12 AM",45.6885
"2010-11-25:12 AM",37.4934
"2010-11-26:12 AM",32.1973
"2010-11-27:12 AM",36.0964
"2010-11-28:12 AM",41.9839
"2010-11-29:12 AM",46.6963
"2010-11-30:12 AM",31.8025
"2010-12-01:12 AM",27.7551
"2010-12-02:12 AM",34.6069
"2010-12-03:12 AM",35.5255
"2010-12-04:12 AM",34.808
"2010-12-05:12 AM",25.7421
"2010-12-06:12 AM",24.24
"2010-12-07:12 AM",24.5719
"2010-12-08:12 AM",24.0458
"2010-12-09:12 AM",33.6034
"2010-12-10:12 AM",40.4778
"2010-12-11:12 AM",38.6499
"2010-12-12:12 AM",20.3436
"2010-12-13:12 AM",14.8071
"2010-12-14:12 AM",20.8546
"2010-12-15:12 AM",26.6459
"2010-12-16:12 AM",29.1466
"2010-12-17:12 AM",26.2137
"2010-12-18:12 AM",24.8742
"2010-12-19:12 AM",30.823
"2010-12-20:12 AM",36.5142
"2010-12-21:12 AM",41.7803
"2010-12-22:12 AM",28.4722
"2010-12-23:12 AM",29.4037
"2010-12-24:12 AM",31.5595
"2010-12-25:12 AM",29.0388
"2010-12-26:12 AM",21.6522
"2010-12-27:12 AM",21.5089
"2010-12-28:12 AM",29.3459
"2010-12-29:12 AM",37.7157
"2010-12-30:12 AM",51.483
"2010-12-31:12 AM",50.1838
"2011-01-01:12 AM",25.5229
"2011-01-02:12 AM",25.2565
"2011-01-03:12 AM",31.3162
"2011-01-04:12 AM",29.4296
"2011-01-05:12 AM",32.1921
"2011-01-06:12 AM",33.1401
"2011-01-07:12 AM",35.6027
"2011-01-08:12 AM",23.4496
"2011-01-09:12 AM",22.3687
"2011-01-10:12 AM",25.7232
"2011-01-11:12 AM",19.148
"2011-01-12:12 AM",9.7734
"2011-01-13:12 AM",13.1238
"2011-01-14:12 AM",25.6476
"2011-01-15:12 AM",29.588
"2011-01-16:12 AM",23.5053
"2011-01-17:12 AM",34.2072
"2011-01-18:12 AM",31.7451
"2011-01-19:12 AM",22.1194
"2011-01-20:12 AM",19.4644
"2011-01-21:12 AM",15.3639
"2011-01-22:12 AM",24.8688
"2011-01-23:12 AM",25.1956
"2011-01-24:12 AM",24.6421
"2011-01-25:12 AM",27.2089
"2011-01-26:12 AM",28.8235
"2011-01-27:12 AM",31.7563
"2011-01-28:12 AM",36.8278
"2011-01-29:12 AM",39.3044
"2011-01-30:12 AM",33.228
"2011-01-31:12 AM",32.1573
"2011-02-01:12 AM",23.5319
"2011-02-02:12 AM",14.3803
"2011-02-03:12 AM",7.1748
"2011-02-04:12 AM",17.1822
"2011-02-05:12 AM",25.5056
"2011-02-06:12 AM",32.4477
"2011-02-07:12 AM",25.6066
"2011-02-08:12 AM",11.1828
"2011-02-09:12 AM",10.864
"2011-02-10:12 AM",10.0888
"2011-02-11:12 AM",22.388
"2011-02-12:12 AM",33.1842
"2011-02-13:12 AM",39.925
"2011-02-14:12 AM",40.3441
"2011-02-15:12 AM",42.8369
"2011-02-16:12 AM",53.564
"2011-02-17:12 AM",59.1996
"2011-02-18:12 AM",51.0492
"2011-02-19:12 AM",43.9446
"2011-02-20:12 AM",53.1439
"2011-02-21:12 AM",43.7227
"2011-02-22:12 AM",31.2472
"2011-02-23:12 AM",35.9105
"2011-02-24:12 AM",39.5346
"2011-02-25:12 AM",30.8694
"2011-02-26:12 AM",33.193
"2011-02-27:12 AM",44.0463
"2011-02-28:12 AM",38.1013
"2011-03-01:12 AM",37.7884
"2011-03-02:12 AM",39.3105
"2011-03-03:12 AM",47.0088
"2011-03-04:12 AM",53.3125
"2011-03-05:12 AM",36.1774
"2011-03-06:12 AM",33.3473
"2011-03-07:12 AM",36.4467
"2011-03-08:12 AM",41.0333
"2011-03-09:12 AM",40.2771
"2011-03-10:12 AM",35.6617
"2011-03-11:12 AM",43.6206
"2011-03-12:12 AM",48.6021
"2011-03-13:12 AM",41.1316
"2011-03-14:12 AM",35.3946
"2011-03-15:12 AM",38.5545
"2011-03-16:12 AM",47.3684
"2011-03-17:12 AM",59.5299
"2011-03-18:12 AM",53.3997
"2011-03-19:12 AM",48.0436
"2011-03-20:12 AM",59.671
"2011-03-21:12 AM",63.874
"2011-03-22:12 AM",63.8908
"2011-03-23:12 AM",56.1441
"2011-03-24:12 AM",38.9775
"2011-03-25:12 AM",36.1956
"2011-03-26:12 AM",34.2685
"2011-03-27:12 AM",33.2368
"2011-03-28:12 AM",36.4361
"2011-03-29:12 AM",40.0564
"2011-03-30:12 AM",39.6768
"2011-03-31:12 AM",41.6298
"2011-04-01:12 AM",44.5244
"2011-04-02:12 AM",52.5967
"2011-04-03:12 AM",65.0917
"2011-04-04:12 AM",50.8336
"2011-04-05:12 AM",46.3077
"2011-04-06:12 AM",57.1973
"2011-04-07:12 AM",56.0809
"2011-04-08:12 AM",62.5599
"2011-04-09:12 AM",71.6905
"2011-04-10:12 AM",73.3291
"2011-04-11:12 AM",59.7702
"2011-04-12:12 AM",55.3842
"2011-04-13:12 AM",59.8033
"2011-04-14:12 AM",62.5185
"2011-04-15:12 AM",54.6557
"2011-04-16:12 AM",44.6972
"2011-04-17:12 AM",54.1607
"2011-04-18:12 AM",58.1571
"2011-04-19:12 AM",58.8722
"2011-04-20:12 AM",46.9432
"2011-04-21:12 AM",47.4339
"2011-04-22:12 AM",59.8501
"2011-04-23:12 AM",57.6216
"2011-04-24:12 AM",54.5623
"2011-04-25:12 AM",58.5817
"2011-04-26:12 AM",56.9001
"2011-04-27:12 AM",50.1723
"2011-04-28:12 AM",54.3654
"2011-04-29:12 AM",59.0085
"2011-04-30:12 AM",62.193
"2011-05-01:12 AM",51.183
"2011-05-02:12 AM",47.5482
"2011-05-03:12 AM",48.9367
"2011-05-04:12 AM",51.8002
"2011-05-05:12 AM",55.2954
"2011-05-06:12 AM",56.6991
"2011-05-07:12 AM",66.382
"2011-05-08:12 AM",69.366
"2011-05-09:12 AM",74.3245
"2011-05-10:12 AM",76.7714
"2011-05-11:12 AM",76.1337
"2011-05-12:12 AM",72.7628
"2011-05-13:12 AM",61.4588
"2011-05-14:12 AM",50.8554
"2011-05-15:12 AM",48.9727
"2011-05-16:12 AM",51.7444
"2011-05-17:12 AM",52.3555
"2011-05-18:12 AM",56.1648
"2011-05-19:12 AM",63.325
"2011-05-20:12 AM",67.2674
"2011-05-21:12 AM",71.4745
"2011-05-22:12 AM",72.9856
"2011-05-23:12 AM",72.3511
"2011-05-24:12 AM",72.1591
"2011-05-25:12 AM",68.8217
"2011-05-26:12 AM",56.6328
"2011-05-27:12 AM",57.8151
"2011-05-28:12 AM",65.593
"2011-05-29:12 AM",74.2424
"2011-05-30:12 AM",77.5281
"2011-05-31:12 AM",77.7789
"2011-06-01:12 AM",74.048
"2011-06-02:12 AM",77.7909
"2011-06-03:12 AM",81.2055
"2011-06-04:12 AM",81.2336
"2011-06-05:12 AM",79.7704
"2011-06-06:12 AM",80.9393
"2011-06-07:12 AM",81.1162
"2011-06-08:12 AM",81.4573
"2011-06-09:12 AM",80.0776
"2011-06-10:12 AM",78.5485
"2011-06-11:12 AM",73.1797
"2011-06-12:12 AM",70.2631
"2011-06-13:12 AM",71.0159
"2011-06-14:12 AM",76.4474
"2011-06-15:12 AM",77.4237
"2011-06-16:12 AM",74.7126
"2011-06-17:12 AM",76.9942
"2011-06-18:12 AM",80.8324
"2011-06-19:12 AM",81.221
"2011-06-20:12 AM",82.8822
"2011-06-21:12 AM",79.7887
"2011-06-22:12 AM",73.3701
"2011-06-23:12 AM",71.6556
"2011-06-24:12 AM",71.0348
"2011-06-25:12 AM",75.2414
"2011-06-26:12 AM",80.6088
"2011-06-27:12 AM",81.4226
"2011-06-28:12 AM",75.2108
"2011-06-29:12 AM",76.5948
"2011-06-30:12 AM",83.5207
"2011-07-01:12 AM",85.2172
"2011-07-02:12 AM",84.918
"2011-07-03:12 AM",81.6631
"2011-07-04:12 AM",78.8565
"2011-07-05:12 AM",79.9097
"2011-07-06:12 AM",81.9187
"2011-07-07:12 AM",77.5503
"2011-07-08:12 AM",77.6494
"2011-07-09:12 AM",79.8766
"2011-07-10:12 AM",88.2644
"2011-07-11:12 AM",90.0102
"2011-07-12:12 AM",88.5085
"2011-07-13:12 AM",80.9389
"2011-07-14:12 AM",80.978
"2011-07-15:12 AM",84.0717
"2011-07-16:12 AM",85.1371
"2011-07-17:12 AM",86.3226
"2011-07-18:12 AM",86.616
"2011-07-19:12 AM",88.1418
"2011-07-20:12 AM",88.7052
"2011-07-21:12 AM",90.3369
"2011-07-22:12 AM",89.7168
"2011-07-23:12 AM",89.9937
"2011-07-24:12 AM",89.6749
"2011-07-25:12 AM",86.6903
"2011-07-26:12 AM",86.7492
"2011-07-27:12 AM",89.4135
"2011-07-28:12 AM",89.7094
"2011-07-29:12 AM",85.248
"2011-07-30:12 AM",82.8036
"2011-07-31:12 AM",85.5151
"2011-08-01:12 AM",88.4361
"2011-08-02:12 AM",93.1892
"2011-08-03:12 AM",89.6463
"2011-08-04:12 AM",83.6622
"2011-08-05:12 AM",84.0843
"2011-08-06:12 AM",87.5732
"2011-08-07:12 AM",87.3027
"2011-08-08:12 AM",82.6617
"2011-08-09:12 AM",81.1292
"2011-08-10:12 AM",73.4657
"2011-08-11:12 AM",74.8999
"2011-08-12:12 AM",79.0002
"2011-08-13:12 AM",78.5908
"2011-08-14:12 AM",74.7774
"2011-08-15:12 AM",71.2873
"2011-08-16:12 AM",72.0891
"2011-08-17:12 AM",78.7831
"2011-08-18:12 AM",81.5617
"2011-08-19:12 AM",82.0675
"2011-08-20:12 AM",80.1973
"2011-08-21:12 AM",78.4593
"2011-08-22:12 AM",77.6446
"2011-08-23:12 AM",82.8489
"2011-08-24:12 AM",87.08
"2011-08-25:12 AM",76.5235
"2011-08-26:12 AM",74.7039
"2011-08-27:12 AM",79.3319
"2011-08-28:12 AM",76.6598
"2011-08-29:12 AM",75.7195
"2011-08-30:12 AM",77.1537
"2011-08-31:12 AM",84.1159
"2011-09-01:12 AM",89.6101
"2011-09-02:12 AM",87.1623
"2011-09-03:12 AM",82.7748
"2011-09-04:12 AM",70.9954
"2011-09-05:12 AM",63.1461
"2011-09-06:12 AM",59.0679
"2011-09-07:12 AM",60.0712
"2011-09-08:12 AM",62.5645
"2011-09-09:12 AM",65.1949
"2011-09-10:12 AM",66.0774
"2011-09-11:12 AM",67.404
"2011-09-12:12 AM",72.3367
"2011-09-13:12 AM",77.3065
"2011-09-14:12 AM",62.2837
"2011-09-15:12 AM",53.2765
"2011-09-16:12 AM",54.5414
"2011-09-17:12 AM",55.4347
"2011-09-18:12 AM",61.9956
"2011-09-19:12 AM",64.3195
"2011-09-20:12 AM",63.6125
"2011-09-21:12 AM",64.2189
"2011-09-22:12 AM",56.3794
"2011-09-23:12 AM",57.3442
"2011-09-24:12 AM",58.1799
"2011-09-25:12 AM",54.588
"2011-09-26:12 AM",55.6509
"2011-09-27:12 AM",61.5987
"2011-09-28:12 AM",63.6208
"2011-09-29:12 AM",67.9834
"2011-09-30:12 AM",59.801
"2011-10-01:12 AM",53.2112
"2011-10-02:12 AM",51.3298
"2011-10-03:12 AM",56.3029
"2011-10-04:12 AM",62.1871
"2011-10-05:12 AM",64.8113
"2011-10-06:12 AM",67.773
"2011-10-07:12 AM",71.3237
"2011-10-08:12 AM",70.3476
"2011-10-09:12 AM",67.8196
"2011-10-10:12 AM",64.2783
"2011-10-11:12 AM",65.3776
"2011-10-12:12 AM",63.7207
"2011-10-13:12 AM",61.6892
"2011-10-14:12 AM",59.1346
"2011-10-15:12 AM",56.6892
"2011-10-16:12 AM",66.3679
"2011-10-17:12 AM",54.9739
"2011-10-18:12 AM",47.5475
"2011-10-19:12 AM",43.2288
"2011-10-20:12 AM",43.2261
"2011-10-21:12 AM",45.6271
"2011-10-22:12 AM",54.4597
"2011-10-23:12 AM",59.8636
"2011-10-24:12 AM",61.4215
"2011-10-25:12 AM",67.8358
"2011-10-26:12 AM",58.1914
"2011-10-27:12 AM",47.1837
"2011-10-28:12 AM",45.1746
"2011-10-29:12 AM",47.1877
"2011-10-30:12 AM",52.6698
"2011-10-31:12 AM",49.9417
"2011-11-01:12 AM",58.0552
"2011-11-02:12 AM",56.9831
"2011-11-03:12 AM",43.4952
"2011-11-04:12 AM",42.3981
"2011-11-05:12 AM",48.0353
"2011-11-06:12 AM",54.0577
"2011-11-07:12 AM",57.9898
"2011-11-08:12 AM",56.5956
"2011-11-09:12 AM",44.7534
"2011-11-10:12 AM",38.5048
"2011-11-11:12 AM",44.1288
"2011-11-12:12 AM",50.4455
"2011-11-13:12 AM",60.4728
"2011-11-14:12 AM",60.0478
"2011-11-15:12 AM",53.4029
"2011-11-16:12 AM",42.9255
"2011-11-17:12 AM",35.8767
"2011-11-18:12 AM",42.609
"2011-11-19:12 AM",51.7489
"2011-11-20:12 AM",41.6467
"2011-11-21:12 AM",42.0732
"2011-11-22:12 AM",45.2723
"2011-11-23:12 AM",42.2053
"2011-11-24:12 AM",47.0478
"2011-11-25:12 AM",49.9811
"2011-11-26:12 AM",52.3677
"2011-11-27:12 AM",37.0128
"2011-11-28:12 AM",32.2839
"2011-11-29:12 AM",34.2934
"2011-11-30:12 AM",32.5236
"2011-12-01:12 AM",37.2324
"2011-12-02:12 AM",37.9229
"2011-12-03:12 AM",48.0513
"2011-12-04:12 AM",41.5062
"2011-12-05:12 AM",29.4431
"2011-12-06:12 AM",27.3655
"2011-12-07:12 AM",26.5113
"2011-12-08:12 AM",31.0842
"2011-12-09:12 AM",29.7545
"2011-12-10:12 AM",27.1537
"2011-12-11:12 AM",32.9014
"2011-12-12:12 AM",35.9618
"2011-12-13:12 AM",41.4324
"2011-12-14:12 AM",52.4332
"2011-12-15:12 AM",45.1818
"2011-12-16:12 AM",32.0805
"2011-12-17:12 AM",35.1747
"2011-12-18:12 AM",40.1576
"2011-12-19:12 AM",45.2275
"2011-12-20:12 AM",41.8543
"2011-12-21:12 AM",39.7819
"2011-12-22:12 AM",35.7019
"2011-12-23:12 AM",30.5154
"2011-12-24:12 AM",33.1567
"2011-12-25:12 AM",36.1825
"2011-12-26:12 AM",34.6921
"2011-12-27:12 AM",36.2224
"2011-12-28:12 AM",36.3699
"2011-12-29:12 AM",43.7378
"2011-12-30:12 AM",47.876
"2011-12-31:12 AM",45.4334
"2012-01-01:12 AM",40.9872
"2012-01-02:12 AM",29.1121
"2012-01-03:12 AM",27.1139
"2012-01-04:12 AM",37.134
"2012-01-05:12 AM",44.2107
"2012-01-06:12 AM",49.0429
"2012-01-07:12 AM",42.5118
"2012-01-08:12 AM",37.2886
"2012-01-09:12 AM",37.2515
"2012-01-10:12 AM",39.4286
"2012-01-11:12 AM",41.2686
"2012-01-12:12 AM",23.349
"2012-01-13:12 AM",19.2925
"2012-01-14:12 AM",27.4183
"2012-01-15:12 AM",34.6692
"2012-01-16:12 AM",50.0877
"2012-01-17:12 AM",37.3411
"2012-01-18:12 AM",26.159
"2012-01-19:12 AM",29.2548
"2012-01-20:12 AM",24.4805
"2012-01-21:12 AM",23.9302
"2012-01-22:12 AM",38.7667
"2012-01-23:12 AM",39.814
"2012-01-24:12 AM",35.7555
"2012-01-25:12 AM",36.2593
"2012-01-26:12 AM",37.8271
"2012-01-27:12 AM",36.9925
"2012-01-28:12 AM",34.2721
"2012-01-29:12 AM",36.181
"2012-01-30:12 AM",45.621
"2012-01-31:12 AM",53.2537
"2012-02-01:12 AM",49.1475
"2012-02-02:12 AM",47.0941
"2012-02-03:12 AM",47.4285
"2012-02-04:12 AM",45.721
"2012-02-05:12 AM",37.9814
"2012-02-06:12 AM",35.7345
"2012-02-07:12 AM",37.207
"2012-02-08:12 AM",33.5662
"2012-02-09:12 AM",33.3784
"2012-02-10:12 AM",31.9122
"2012-02-11:12 AM",19.9254
"2012-02-12:12 AM",22.3599
"2012-02-13:12 AM",29.4363
"2012-02-14:12 AM",33.0523
"2012-02-15:12 AM",37.4106
"2012-02-16:12 AM",39.7585
"2012-02-17:12 AM",40.2127
"2012-02-18:12 AM",38.5921
"2012-02-19:12 AM",35.7795
"2012-02-20:12 AM",38.2275
"2012-02-21:12 AM",43.4271
"2012-02-22:12 AM",46.5649
"2012-02-23:12 AM",50.4279
"2012-02-24:12 AM",38.1313
"2012-02-25:12 AM",33.7212
"2012-02-26:12 AM",43.6941
"2012-02-27:12 AM",42.2757
"2012-02-28:12 AM",46.5373
"2012-02-29:12 AM",53.7229
"2012-03-01:12 AM",47.4078
"2012-03-02:12 AM",46.3921
"2012-03-03:12 AM",36.7259
"2012-03-04:12 AM",39.6342
"2012-03-05:12 AM",39.1123
"2012-03-06:12 AM",54.4357
"2012-03-07:12 AM",58.6744
"2012-03-08:12 AM",45.8231
"2012-03-09:12 AM",41.2831
"2012-03-10:12 AM",46.1548
"2012-03-11:12 AM",49.7736
"2012-03-12:12 AM",57.9079
"2012-03-13:12 AM",61.8492
"2012-03-14:12 AM",67.0014
"2012-03-15:12 AM",67.0435
"2012-03-16:12 AM",67.8636
"2012-03-17:12 AM",67.1626
"2012-03-18:12 AM",67.7295
"2012-03-19:12 AM",67.5766
"2012-03-20:12 AM",63.5425
"2012-03-21:12 AM",62.3309
"2012-03-22:12 AM",57.65
"2012-03-23:12 AM",54.5428
"2012-03-24:12 AM",57.7087
"2012-03-25:12 AM",61.7248
"2012-03-26:12 AM",63.621
"2012-03-27:12 AM",66.4605
"2012-03-28:12 AM",67.1889
"2012-03-29:12 AM",65.0473
"2012-03-30:12 AM",66.5199
"2012-03-31:12 AM",66.241
"2012-04-01:12 AM",71.5815
"2012-04-02:12 AM",72.6107
"2012-04-03:12 AM",67.0717
"2012-04-04:12 AM",61.205
"2012-04-05:12 AM",53.5672
"2012-04-06:12 AM",50.4014
"2012-04-07:12 AM",52.2154
"2012-04-08:12 AM",53.1205
"2012-04-09:12 AM",56.8216
"2012-04-10:12 AM",53.1511
"2012-04-11:12 AM",47.3864
"2012-04-12:12 AM",48.1266
"2012-04-13:12 AM",54.8127
"2012-04-14:12 AM",63.8996
"2012-04-15:12 AM",66.6271
"2012-04-16:12 AM",55.8322
"2012-04-17:12 AM",55.6304
"2012-04-18:12 AM",59.8033
"2012-04-19:12 AM",62.8849
"2012-04-20:12 AM",52.3758
"2012-04-21:12 AM",49.2566
"2012-04-22:12 AM",49.9842
"2012-04-23:12 AM",49.7048
"2012-04-24:12 AM",59.6244
"2012-04-25:12 AM",71.6283
"2012-04-26:12 AM",70.7502
"2012-04-27:12 AM",59.6628
"2012-04-28:12 AM",64.2632
"2012-04-29:12 AM",63.0824
"2012-04-30:12 AM",64.7802
"2012-05-01:12 AM",70.1771
"2012-05-02:12 AM",75.0295
"2012-05-03:12 AM",74.9739
"2012-05-04:12 AM",75.002
"2012-05-05:12 AM",76.8317
"2012-05-06:12 AM",77.5708
"2012-05-07:12 AM",67.7107
"2012-05-08:12 AM",62.4664
"2012-05-09:12 AM",59.675
"2012-05-10:12 AM",61.2514
"2012-05-11:12 AM",65.0311
"2012-05-12:12 AM",64.1223
"2012-05-13:12 AM",63.5898
"2012-05-14:12 AM",64.4751
"2012-05-15:12 AM",65.9845
"2012-05-16:12 AM",66.8667
"2012-05-17:12 AM",66.3352
"2012-05-18:12 AM",71.3644
"2012-05-19:12 AM",74.6429
"2012-05-20:12 AM",72.2507
"2012-05-21:12 AM",63.6696
"2012-05-22:12 AM",63.9635
"2012-05-23:12 AM",70.5304
"2012-05-24:12 AM",76.0327
"2012-05-25:12 AM",76.6621
"2012-05-26:12 AM",79.7297
"2012-05-27:12 AM",79.7234
"2012-05-28:12 AM",81.0883
"2012-05-29:12 AM",76.0633
"2012-05-30:12 AM",71.7964
"2012-05-31:12 AM",64.4675
"2012-06-01:12 AM",57.2335
"2012-06-02:12 AM",63.9891
"2012-06-03:12 AM",71.9886
"2012-06-04:12 AM",76.1455
"2012-06-05:12 AM",73.3786
"2012-06-06:12 AM",70.4545
"2012-06-07:12 AM",69.8326
"2012-06-08:12 AM",72.1843
"2012-06-09:12 AM",75.6952
"2012-06-10:12 AM",78.5169
"2012-06-11:12 AM",79.4192
"2012-06-12:12 AM",72.7554
"2012-06-13:12 AM",71.2279
"2012-06-14:12 AM",76.0491
"2012-06-15:12 AM",79.3967
"2012-06-16:12 AM",80.5048
"2012-06-17:12 AM",80.7516
"2012-06-18:12 AM",84.4786
"2012-06-19:12 AM",83.4849
"2012-06-20:12 AM",83.543
"2012-06-21:12 AM",78.3086
"2012-06-22:12 AM",75.9934
"2012-06-23:12 AM",78.9721
"2012-06-24:12 AM",86.617
"2012-06-25:12 AM",86.457
"2012-06-26:12 AM",80.0924
"2012-06-27:12 AM",84.6657
"2012-06-28:12 AM",91.4133
"2012-06-29:12 AM",90.9858
"2012-06-30:12 AM",89.6427
"2012-07-01:12 AM",89.3667
"2012-07-02:12 AM",87.3853
"2012-07-03:12 AM",87.7183
"2012-07-04:12 AM",90.2206
"2012-07-05:12 AM",90.6418
"2012-07-06:12 AM",92.1655
"2012-07-07:12 AM",93.0546
"2012-07-08:12 AM",86.61
"2012-07-09:12 AM",81.5059
"2012-07-10:12 AM",82.306
"2012-07-11:12 AM",82.1426
"2012-07-12:12 AM",83.4035
"2012-07-13:12 AM",83.4258
"2012-07-14:12 AM",82.2108
"2012-07-15:12 AM",82.7829
"2012-07-16:12 AM",84.8318
"2012-07-17:12 AM",88.1438
"2012-07-18:12 AM",90.3682
"2012-07-19:12 AM",92.0329
"2012-07-20:12 AM",83.9305
"2012-07-21:12 AM",82.5681
"2012-07-22:12 AM",86.7274
"2012-07-23:12 AM",90.8386
"2012-07-24:12 AM",91.7676
"2012-07-25:12 AM",92.4649
"2012-07-26:12 AM",88.6375
"2012-07-27:12 AM",84.7701
"2012-07-28:12 AM",81.5909
"2012-07-29:12 AM",86.3204
"2012-07-30:12 AM",85.7073
"2012-07-31:12 AM",86.0439
"2012-08-01:12 AM",87.2343
"2012-08-02:12 AM",87.1749
"2012-08-03:12 AM",86.128
"2012-08-04:12 AM",88.3771
"2012-08-05:12 AM",79.0212
"2012-08-06:12 AM",79.7985
"2012-08-07:12 AM",84.1473
"2012-08-08:12 AM",85.1538
"2012-08-09:12 AM",80.0271
"2012-08-10:12 AM",73.8392
"2012-08-11:12 AM",72.5337
"2012-08-12:12 AM",73.9396
"2012-08-13:12 AM",71.4967
"2012-08-14:12 AM",68.6093
"2012-08-15:12 AM",75.3033
"2012-08-16:12 AM",80.9472
"2012-08-17:12 AM",70.3179
"2012-08-18:12 AM",68.6241
"2012-08-19:12 AM",69.3619
"2012-08-20:12 AM",69.4413
"2012-08-21:12 AM",74.5774
"2012-08-22:12 AM",78.7941
"2012-08-23:12 AM",79.9164
"2012-08-24:12 AM",79.6692
"2012-08-25:12 AM",76.3227
"2012-08-26:12 AM",74.4224
"2012-08-27:12 AM",75.9087
"2012-08-28:12 AM",76.2978
"2012-08-29:12 AM",78.823
"2012-08-30:12 AM",80.9341
"2012-08-31:12 AM",74.6895
"2012-09-01:12 AM",72.3324
"2012-09-02:12 AM",73.9222
"2012-09-03:12 AM",77.4459
"2012-09-04:12 AM",81.1213
"2012-09-05:12 AM",81.39
"2012-09-06:12 AM",77.538
"2012-09-07:12 AM",76.4643
"2012-09-08:12 AM",63.1267
"2012-09-09:12 AM",62.4949
"2012-09-10:12 AM",61.8946
"2012-09-11:12 AM",69.4224
"2012-09-12:12 AM",72.2358
"2012-09-13:12 AM",66.0006
"2012-09-14:12 AM",58.9199
"2012-09-15:12 AM",59.4234
"2012-09-16:12 AM",62.9564
"2012-09-17:12 AM",65.0278
"2012-09-18:12 AM",56.6101
"2012-09-19:12 AM",60.2924
"2012-09-20:12 AM",63.9351
"2012-09-21:12 AM",67.2535
"2012-09-22:12 AM",58.4011
"2012-09-23:12 AM",50.9333
"2012-09-24:12 AM",58.3624
"2012-09-25:12 AM",72.2406
"2012-09-26:12 AM",68.9779
"2012-09-27:12 AM",64.8653
"2012-09-28:12 AM",63.2691
"2012-09-29:12 AM",59.5944
"2012-09-30:12 AM",61.9774
"2012-10-01:12 AM",61.018
"2012-10-02:12 AM",58.2078
"2012-10-03:12 AM",60.9602
"2012-10-04:12 AM",62.0877
"2012-10-05:12 AM",47.9763
"2012-10-06:12 AM",41.9644
"2012-10-07:12 AM",40.964
"2012-10-08:12 AM",45.7493
"2012-10-09:12 AM",52.2223
"2012-10-10:12 AM",48.0292
"2012-10-11:12 AM",51.1756
"2012-10-12:12 AM",54.2277
"2012-10-13:12 AM",64.2942
"2012-10-14:12 AM",63.8051
"2012-10-15:12 AM",57.1636
"2012-10-16:12 AM",64.0069
"2012-10-17:12 AM",60.2116
"2012-10-18:12 AM",50.6455
"2012-10-19:12 AM",47.5914
"2012-10-20:12 AM",51.1873
"2012-10-21:12 AM",62.0217
"2012-10-22:12 AM",69.3919
"2012-10-23:12 AM",69.5361
"2012-10-24:12 AM",71.2047
"2012-10-25:12 AM",61.432
"2012-10-26:12 AM",40.2312
"2012-10-27:12 AM",37.1606
"2012-10-28:12 AM",37.8001
"2012-10-29:12 AM",39.7368
"2012-10-30:12 AM",43.9216
"2012-10-31:12 AM",44.5084
"2012-11-01:12 AM",49.669
"2012-11-02:12 AM",50.6719
"2012-11-03:12 AM",48.5152
"2012-11-04:12 AM",44.2202
"2012-11-05:12 AM",43.6215
"2012-11-06:12 AM",43.2077
"2012-11-07:12 AM",42.631
"2012-11-08:12 AM",45.0417
"2012-11-09:12 AM",56.3608
"2012-11-10:12 AM",64.2675
"2012-11-11:12 AM",55.6515
"2012-11-12:12 AM",35.0305
"2012-11-13:12 AM",36.9471
"2012-11-14:12 AM",40.2159
"2012-11-15:12 AM",41.3305
"2012-11-16:12 AM",42.7825
"2012-11-17:12 AM",44.593
"2012-11-18:12 AM",46.5237
"2012-11-19:12 AM",49.298
"2012-11-20:12 AM",50.4684
"2012-11-21:12 AM",50.8104
"2012-11-22:12 AM",56.3155
"2012-11-23:12 AM",40.6447
"2012-11-24:12 AM",31.3529
"2012-11-25:12 AM",40.8673
"2012-11-26:12 AM",37.7101
"2012-11-27:12 AM",29.0781
"2012-11-28:12 AM",34.4804
"2012-11-29:12 AM",43.219
"2012-11-30:12 AM",48.9304
"2012-12-01:12 AM",57.6608
"2012-12-02:12 AM",60.0316
"2012-12-03:12 AM",63.1087
"2012-12-04:12 AM",53.1237
"2012-12-05:12 AM",45.1614
"2012-12-06:12 AM",46.71
"2012-12-07:12 AM",49.2327
"2012-12-08:12 AM",45.0682
"2012-12-09:12 AM",44.9899
"2012-12-10:12 AM",26.6934
"2012-12-11:12 AM",28.1451
"2012-12-12:12 AM",33.9296
"2012-12-13:12 AM",38.8677
"2012-12-14:12 AM",43.8372
"2012-12-15:12 AM",50.4293
"2012-12-16:12 AM",45.0437
"2012-12-17:12 AM",39.4311
"2012-12-18:12 AM",41.6464
"2012-12-19:12 AM",42.3633
"2012-12-20:12 AM",37.2366
"2012-12-21:12 AM",25.7328
"2012-12-22:12 AM",31.8625
"2012-12-23:12 AM",36.4057
"2012-12-24:12 AM",30.0895
"2012-12-25:12 AM",23.0108
"2012-12-26:12 AM",21.0069
"2012-12-27:12 AM",24.5617
"2012-12-28:12 AM",29.7995
"2012-12-29:12 AM",23.4617
"2012-12-30:12 AM",27.3582
"2012-12-31:12 AM",31.5621
"2013-01-01:12 AM",22.2067
"2013-01-02:12 AM",20.6368
"2013-01-03:12 AM",27.2088
"2013-01-04:12 AM",27.0693
"2013-01-05:12 AM",32.4201
"2013-01-06:12 AM",30.2128
"2013-01-07:12 AM",31.824
"2013-01-08:12 AM",36.6517
"2013-01-09:12 AM",42.8335
"2013-01-10:12 AM",44.7406
"2013-01-11:12 AM",51.1529
"2013-01-12:12 AM",43.11
"2013-01-13:12 AM",23.0457
"2013-01-14:12 AM",18.8742
"2013-01-15:12 AM",21.8941
"2013-01-16:12 AM",26.5186
"2013-01-17:12 AM",31.7599
"2013-01-18:12 AM",35.9116
"2013-01-19:12 AM",44.0949
"2013-01-20:12 AM",34.2106
"2013-01-21:12 AM",22.9969
"2013-01-22:12 AM",20.0367
"2013-01-23:12 AM",27.4501
"2013-01-24:12 AM",23.3983
"2013-01-25:12 AM",30.8892
"2013-01-26:12 AM",34.09
"2013-01-27:12 AM",41.6669
"2013-01-28:12 AM",58.4602
"2013-01-29:12 AM",59.2437
"2013-01-30:12 AM",35.433
"2013-01-31:12 AM",23.7384
"2013-02-01:12 AM",13.9775
"2013-02-02:12 AM",30.466
"2013-02-03:12 AM",33.0096
"2013-02-04:12 AM",38.2973
"2013-02-05:12 AM",37.7116
"2013-02-06:12 AM",41.0911
"2013-02-07:12 AM",46.2843
"2013-02-08:12 AM",34.374
"2013-02-09:12 AM",34.5285
"2013-02-10:12 AM",45.4905
"2013-02-11:12 AM",37.5721
"2013-02-12:12 AM",36.118
"2013-02-13:12 AM",36.9696
"2013-02-14:12 AM",40.9843
"2013-02-15:12 AM",33.7465
"2013-02-16:12 AM",28.2852
"2013-02-17:12 AM",35.7237
"2013-02-18:12 AM",44.5451
"2013-02-19:12 AM",29.4026
"2013-02-20:12 AM",24.2218
"2013-02-21:12 AM",24.5475
"2013-02-22:12 AM",28.2398
"2013-02-23:12 AM",23.6122
"2013-02-24:12 AM",29.6123
"2013-02-25:12 AM",34.9754
"2013-02-26:12 AM",34.1229
"2013-02-27:12 AM",31.5973
"2013-02-28:12 AM",31.5253
"2013-03-01:12 AM",29.3056
"2013-03-02:12 AM",25.6978
"2013-03-03:12 AM",28.8689
"2013-03-04:12 AM",37.7821
"2013-03-05:12 AM",34.5277
"2013-03-06:12 AM",28.9216
"2013-03-07:12 AM",33.1374
"2013-03-08:12 AM",39.6581
"2013-03-09:12 AM",49.7145
"2013-03-10:12 AM",49.6386
"2013-03-11:12 AM",33.4377
"2013-03-12:12 AM",35.6002
"2013-03-13:12 AM",32.3911
"2013-03-14:12 AM",42.3
"2013-03-15:12 AM",54.1713
"2013-03-16:12 AM",49.6323
"2013-03-17:12 AM",36.3506
"2013-03-18:12 AM",39.821
"2013-03-19:12 AM",36.9759
"2013-03-20:12 AM",32.2963
"2013-03-21:12 AM",28.8802
"2013-03-22:12 AM",32.9736
"2013-03-23:12 AM",36.7898
"2013-03-24:12 AM",32.734
"2013-03-25:12 AM",28.5172
"2013-03-26:12 AM",28.9704
"2013-03-27:12 AM",33.2694
"2013-03-28:12 AM",42.7075
"2013-03-29:12 AM",51.3262
"2013-03-30:12 AM",49.4497
"2013-03-31:12 AM",52.0219
"2013-04-01:12 AM",42.0732
"2013-04-02:12 AM",37.2546
"2013-04-03:12 AM",38.7509
"2013-04-04:12 AM",44.1417
"2013-04-05:12 AM",49.9417
"2013-04-06:12 AM",58.1864
"2013-04-07:12 AM",60.604
"2013-04-08:12 AM",63.1746
"2013-04-09:12 AM",65.059
"2013-04-10:12 AM",57.7971
"2013-04-11:12 AM",41.916
"2013-04-12:12 AM",40.0145
"2013-04-13:12 AM",45.8308
"2013-04-14:12 AM",59.7564
"2013-04-15:12 AM",54.7061
"2013-04-16:12 AM",47.7635
"2013-04-17:12 AM",59.6176
"2013-04-18:12 AM",52.3852
"2013-04-19:12 AM",40.4908
"2013-04-20:12 AM",43.0581
"2013-04-21:12 AM",51.5235
"2013-04-22:12 AM",54.9662
"2013-04-23:12 AM",47.1641
"2013-04-24:12 AM",41.5197
"2013-04-25:12 AM",48.5487
"2013-04-26:12 AM",51.2762
"2013-04-27:12 AM",51.1153
"2013-04-28:12 AM",55.1223
"2013-04-29:12 AM",63.5524
"2013-04-30:12 AM",69.0548
"2013-05-01:12 AM",66.3357
"2013-05-02:12 AM",49.0332
"2013-05-03:12 AM",36.6957
"2013-05-04:12 AM",39.8655
"2013-05-05:12 AM",47.1724
"2013-05-06:12 AM",57.5085
"2013-05-07:12 AM",62.6607
"2013-05-08:12 AM",64.1388
"2013-05-09:12 AM",65.5979
"2013-05-10:12 AM",59.554
"2013-05-11:12 AM",56.3459
"2013-05-12:12 AM",50.0041
"2013-05-13:12 AM",56.6136
"2013-05-14:12 AM",69.8311
"2013-05-15:12 AM",72.2628
"2013-05-16:12 AM",68.5281
"2013-05-17:12 AM",66.3971
"2013-05-18:12 AM",70.9578
"2013-05-19:12 AM",75.3546
"2013-05-20:12 AM",72.426
"2013-05-21:12 AM",69.7417
"2013-05-22:12 AM",62.7541
"2013-05-23:12 AM",60.0924
"2013-05-24:12 AM",59.0018
"2013-05-25:12 AM",63.7579
"2013-05-26:12 AM",68.2261
"2013-05-27:12 AM",72.4969
"2013-05-28:12 AM",72.9109
"2013-05-29:12 AM",74.0557
"2013-05-30:12 AM",72.8757
"2013-05-31:12 AM",71.9033
"2013-06-01:12 AM",68.4853
"2013-06-02:12 AM",58.7316
"2013-06-03:12 AM",59.6664
"2013-06-04:12 AM",64.398
"2013-06-05:12 AM",66.0382
"2013-06-06:12 AM",65.3225
"2013-06-07:12 AM",63.5461
"2013-06-08:12 AM",65.3952
"2013-06-09:12 AM",68.4378
"2013-06-10:12 AM",69.8329
"2013-06-11:12 AM",76.7347
"2013-06-12:12 AM",81.0003
"2013-06-13:12 AM",74.6937
"2013-06-14:12 AM",74.0178
"2013-06-15:12 AM",75.4014
"2013-06-16:12 AM",74.0318
"2013-06-17:12 AM",73.3116
"2013-06-18:12 AM",73.4094
"2013-06-19:12 AM",73.7645
"2013-06-20:12 AM",76.4031
"2013-06-21:12 AM",79.7781
"2013-06-22:12 AM",80.254
"2013-06-23:12 AM",79.203
"2013-06-24:12 AM",79.6066
"2013-06-25:12 AM",81.9527
"2013-06-26:12 AM",82.3671
"2013-06-27:12 AM",81.0009
"2013-06-28:12 AM",77.6757
"2013-06-29:12 AM",71.6655
"2013-06-30:12 AM",67.7107
"2013-07-01:12 AM",67.6953
"2013-07-02:12 AM",67.3187
"2013-07-03:12 AM",69.6438
"2013-07-04:12 AM",71.9985
"2013-07-05:12 AM",73.8172
"2013-07-06:12 AM",75.6673
"2013-07-07:12 AM",78.4582
"2013-07-08:12 AM",82.3737
"2013-07-09:12 AM",84.1368
"2013-07-10:12 AM",82.9796
"2013-07-11:12 AM",75.9187
"2013-07-12:12 AM",73.5903
"2013-07-13:12 AM",73.4128
"2013-07-14:12 AM",74.5921
"2013-07-15:12 AM",77.1316
"2013-07-16:12 AM",80.568
"2013-07-17:12 AM",81.9318
"2013-07-18:12 AM",83.2233
"2013-07-19:12 AM",83.3695
"2013-07-20:12 AM",81.8254
"2013-07-21:12 AM",74.959
"2013-07-22:12 AM",80.947
"2013-07-23:12 AM",81.9858
"2013-07-24:12 AM",74.5353
"2013-07-25:12 AM",72.1072
"2013-07-26:12 AM",71.1986
"2013-07-27:12 AM",67.629
"2013-07-28:12 AM",64.7793
"2013-07-29:12 AM",66.3372
"2013-07-30:12 AM",70.7616
"2013-07-31:12 AM",74.4062
"2013-08-01:12 AM",74.5218
"2013-08-02:12 AM",75.0733
"2013-08-03:12 AM",76.606
"2013-08-04:12 AM",71.3458
"2013-08-05:12 AM",71.7633
"2013-08-06:12 AM",77.8485
"2013-08-07:12 AM",78.6519
"2013-08-08:12 AM",74.7601
"2013-08-09:12 AM",73.3707
"2013-08-10:12 AM",72.558
"2013-08-11:12 AM",73.5049
"2013-08-12:12 AM",75.1579
"2013-08-13:12 AM",71.8644
"2013-08-14:12 AM",66.249
"2013-08-15:12 AM",64.8833
"2013-08-16:12 AM",65.7675
"2013-08-17:12 AM",66.3289
"2013-08-18:12 AM",69.2316
"2013-08-19:12 AM",71.7526
"2013-08-20:12 AM",75.398
"2013-08-21:12 AM",77.6509
"2013-08-22:12 AM",78.8929
"2013-08-23:12 AM",78.8288
"2013-08-24:12 AM",79.461
"2013-08-25:12 AM",79.777
"2013-08-26:12 AM",81.2199
"2013-08-27:12 AM",81.1186
"2013-08-28:12 AM",80.6839
"2013-08-29:12 AM",81.9253
"2013-08-30:12 AM",85.2301
"2013-08-31:12 AM",85.5725
"2013-09-01:12 AM",81.1314
"2013-09-02:12 AM",73.0778
"2013-09-03:12 AM",68.239
"2013-09-04:12 AM",69.6963
"2013-09-05:12 AM",71.9112
"2013-09-06:12 AM",73.6749
"2013-09-07:12 AM",78.0786
"2013-09-08:12 AM",81.2388
"2013-09-09:12 AM",84.0335
"2013-09-10:12 AM",82.8567
"2013-09-11:12 AM",80.9602
"2013-09-12:12 AM",76.0861
"2013-09-13:12 AM",65.8537
"2013-09-14:12 AM",61.7963
"2013-09-15:12 AM",67.2055
"2013-09-16:12 AM",63.0246
"2013-09-17:12 AM",65.1027
"2013-09-18:12 AM",73.6633
"2013-09-19:12 AM",78.7786
"2013-09-20:12 AM",67.6591
"2013-09-21:12 AM",58.5208
"2013-09-22:12 AM",58.46
"2013-09-23:12 AM",61.4318
"2013-09-24:12 AM",65.7993
"2013-09-25:12 AM",65.9934
"2013-09-26:12 AM",69.9813
"2013-09-27:12 AM",72.1724
"2013-09-28:12 AM",69.5793
"2013-09-29:12 AM",59.8345
"2013-09-30:12 AM",62.3507
"2013-10-01:12 AM",69.6884
"2013-10-02:12 AM",71.3628
"2013-10-03:12 AM",73.7856
"2013-10-04:12 AM",75.5953
"2013-10-05:12 AM",62.5411
"2013-10-06:12 AM",51.1704
"2013-10-07:12 AM",53.1378
"2013-10-08:12 AM",57.9933
"2013-10-09:12 AM",58.671
"2013-10-10:12 AM",63.3886
"2013-10-11:12 AM",67.1142
"2013-10-12:12 AM",64.3163
"2013-10-13:12 AM",57.6489
"2013-10-14:12 AM",59.5729
"2013-10-15:12 AM",60.5721
"2013-10-16:12 AM",50.4421
"2013-10-17:12 AM",51.4321
"2013-10-18:12 AM",47.788
"2013-10-19:12 AM",44.1689
"2013-10-20:12 AM",52.6957
"2013-10-21:12 AM",48.9511
"2013-10-22:12 AM",47.4814
"2013-10-23:12 AM",40.6924
"2013-10-24:12 AM",40.8434
"2013-10-25:12 AM",38.9401
"2013-10-26:12 AM",48.4059
"2013-10-27:12 AM",45.0003
"2013-10-28:12 AM",51.4042
"2013-10-29:12 AM",55.5112
"2013-10-30:12 AM",64.8009
"2013-10-31:12 AM",57.879
"2013-11-01:12 AM",51.1837
"2013-11-02:12 AM",46.2142
"2013-11-03:12 AM",45.1303
"2013-11-04:12 AM",52.2212
"2013-11-05:12 AM",54.7205
"2013-11-06:12 AM",48.3408
"2013-11-07:12 AM",40.6177
"2013-11-08:12 AM",44.2222
"2013-11-09:12 AM",51.4179
"2013-11-10:12 AM",46.8356
"2013-11-11:12 AM",48.6088
"2013-11-12:12 AM",28.9044
"2013-11-13:12 AM",30.6671
"2013-11-14:12 AM",38.9102
"2013-11-15:12 AM",45.757
"2013-11-16:12 AM",56.782
"2013-11-17:12 AM",62.3991
"2013-11-18:12 AM",45.6903
"2013-11-19:12 AM",42.8549
"2013-11-20:12 AM",43.9959
"2013-11-21:12 AM",48.1388
"2013-11-22:12 AM",35.7372
"2013-11-23:12 AM",27.5949
"2013-11-24:12 AM",21.8428
"2013-11-25:12 AM",29.802
"2013-11-26:12 AM",30.8907
"2013-11-27:12 AM",22.8351
"2013-11-28:12 AM",30.2043
"2013-11-29:12 AM",31.6953
"2013-11-30:12 AM",40.2597
"2013-12-01:12 AM",44.9479
"2013-12-02:12 AM",47.8067
"2013-12-03:12 AM",49.8637
"2013-12-04:12 AM",48.9447
"2013-12-05:12 AM",25.9066
"2013-12-06:12 AM",17.692
"2013-12-07:12 AM",11.4224
"2013-12-08:12 AM",21.6345
"2013-12-09:12 AM",18.6795
"2013-12-10:12 AM",18.7299
"2013-12-11:12 AM",20.8092
"2013-12-12:12 AM",20.1443
"2013-12-13:12 AM",30.6293
"2013-12-14:12 AM",29.8042
"2013-12-15:12 AM",26.1745
"2013-12-16:12 AM",35.1145
"2013-12-17:12 AM",34.3072
"2013-12-18:12 AM",38.3124
"2013-12-19:12 AM",48.438
"2013-12-20:12 AM",45.1915
"2013-12-21:12 AM",32.2102
"2013-12-22:12 AM",29.2069
"2013-12-23:12 AM",19.0463
"2013-12-24:12 AM",15.222
"2013-12-25:12 AM",28.2706
"2013-12-26:12 AM",30.943
"2013-12-27:12 AM",35.8351
"2013-12-28:12 AM",39.2463
"2013-12-29:12 AM",29.0547
"2013-12-30:12 AM",20.1207
"2013-12-31:12 AM",29.8828
"2014-01-01:12 AM",30.3642
"2014-01-02:12 AM",14.8987
"2014-01-03:12 AM",16.779
"2014-01-04:12 AM",30.3933
"2014-01-05:12 AM",16.578
"2014-01-06:12 AM",-2.0564
"2014-01-07:12 AM",11.1663
"2014-01-08:12 AM",23.0999
"2014-01-09:12 AM",26.0535
"2014-01-10:12 AM",37.3386
"2014-01-11:12 AM",36.5202
"2014-01-12:12 AM",41.4028
"2014-01-13:12 AM",42.4274
"2014-01-14:12 AM",36.966
"2014-01-15:12 AM",26.5795
"2014-01-16:12 AM",35.733
"2014-01-17:12 AM",22.3826
"2014-01-18:12 AM",31.4742
"2014-01-19:12 AM",33.0982
"2014-01-20:12 AM",39.7661
"2014-01-21:12 AM",21.0376
"2014-01-22:12 AM",22.8157
"2014-01-23:12 AM",10.92
"2014-01-24:12 AM",17.631
"2014-01-25:12 AM",34.7653
"2014-01-26:12 AM",40.804
"2014-01-27:12 AM",17.5617
"2014-01-28:12 AM",12.1185
"2014-01-29:12 AM",20.9289
"2014-01-30:12 AM",32.0166
"2014-01-31:12 AM",28.8792
"2014-02-01:12 AM",32.1013
"2014-02-02:12 AM",19.4025
"2014-02-03:12 AM",14.9833
"2014-02-04:12 AM",22.5397
"2014-02-05:12 AM",14.2912
"2014-02-06:12 AM",4.4512
"2014-02-07:12 AM",7.1316
"2014-02-08:12 AM",21.0326
"2014-02-09:12 AM",22.2091
"2014-02-10:12 AM",10.9737
"2014-02-11:12 AM",9.0289
"2014-02-12:12 AM",18.111
"2014-02-13:12 AM",28.1725
"2014-02-14:12 AM",30.4687
"2014-02-15:12 AM",24.4715
"2014-02-16:12 AM",31.7683
"2014-02-17:12 AM",36.9883
"2014-02-18:12 AM",43.2496
"2014-02-19:12 AM",44.6862
"2014-02-20:12 AM",49.4962
"2014-02-21:12 AM",38.6998
"2014-02-22:12 AM",42.8308
"2014-02-23:12 AM",33.4418
"2014-02-24:12 AM",30.0207
"2014-02-25:12 AM",27.9453
"2014-02-26:12 AM",19.3653
"2014-02-27:12 AM",24.026
"2014-02-28:12 AM",30.0198
"2014-03-01:12 AM",31.4069
"2014-03-02:12 AM",13.7082
"2014-03-03:12 AM",7.5324
"2014-03-04:12 AM",17.6178
"2014-03-05:12 AM",29.1
"2014-03-06:12 AM",31.4308
"2014-03-07:12 AM",39.2833
"2014-03-08:12 AM",37.0947
"2014-03-09:12 AM",37.6968
"2014-03-10:12 AM",49.9429
"2014-03-11:12 AM",56.9856
"2014-03-12:12 AM",40.1166
"2014-03-13:12 AM",43.3036
"2014-03-14:12 AM",50.5983
"2014-03-15:12 AM",50.6349
"2014-03-16:12 AM",36.1128
"2014-03-17:12 AM",29.2885
"2014-03-18:12 AM",42.2098
"2014-03-19:12 AM",44.0164
"2014-03-20:12 AM",46.2101
"2014-03-21:12 AM",53.4479
"2014-03-22:12 AM",41.9727
"2014-03-23:12 AM",33.0417
"2014-03-24:12 AM",33.2271
"2014-03-25:12 AM",31.2744
"2014-03-26:12 AM",36.3265
"2014-03-27:12 AM",49.7577
"2014-03-28:12 AM",44.1208
"2014-03-29:12 AM",41.9623
"2014-03-30:12 AM",47.6033
"2014-03-31:12 AM",56.1126
"2014-04-01:12 AM",47.192
"2014-04-02:12 AM",52.4644
"2014-04-03:12 AM",62.2798
"2014-04-04:12 AM",44.0667
"2014-04-05:12 AM",41.7339
"2014-04-06:12 AM",48.47
"2014-04-07:12 AM",49.5711
"2014-04-08:12 AM",49.2559
"2014-04-09:12 AM",50.1292
"2014-04-10:12 AM",61.1929
"2014-04-11:12 AM",59.5171
"2014-04-12:12 AM",66.6257
"2014-04-13:12 AM",63.5468
"2014-04-14:12 AM",41.7054
"2014-04-15:12 AM",37.096
"2014-04-16:12 AM",45.4581
"2014-04-17:12 AM",48.3341
"2014-04-18:12 AM",52.5587
"2014-04-19:12 AM",60.5449
"2014-04-20:12 AM",63.9558
"2014-04-21:12 AM",63.9333
"2014-04-22:12 AM",58.0685
"2014-04-23:12 AM",56.4015
"2014-04-24:12 AM",60.4197
"2014-04-25:12 AM",58.9462
"2014-04-26:12 AM",64.0841
"2014-04-27:12 AM",68.0322
"2014-04-28:12 AM",64.1926
"2014-04-29:12 AM",50.9043
"2014-04-30:12 AM",46.6165
"2014-05-01:12 AM",46.657
"2014-05-02:12 AM",51.904
"2014-05-03:12 AM",61.2741
"2014-05-04:12 AM",66.4617
"2014-05-05:12 AM",69.9652
"2014-05-06:12 AM",69.8133
"2014-05-07:12 AM",74.0098
"2014-05-08:12 AM",71.8988
"2014-05-09:12 AM",65.2872
"2014-05-10:12 AM",67.3871
"2014-05-11:12 AM",73.6196
"2014-05-12:12 AM",72.1285
"2014-05-13:12 AM",55.4326
"2014-05-14:12 AM",49.4773
"2014-05-15:12 AM",51.0555
"2014-05-16:12 AM",47.1146
"2014-05-17:12 AM",51.3066
"2014-05-18:12 AM",56.2896
"2014-05-19:12 AM",66.1532
"2014-05-20:12 AM",73.2198
"2014-05-21:12 AM",75.279
"2014-05-22:12 AM",72.3076
"2014-05-23:12 AM",69.031
"2014-05-24:12 AM",67.1963
"2014-05-25:12 AM",71.7778
"2014-05-26:12 AM",71.8659
"2014-05-27:12 AM",71.3412
"2014-05-28:12 AM",73.2407
"2014-05-29:12 AM",72.0192
"2014-05-30:12 AM",73.1644
"2014-05-31:12 AM",74.1306
"2014-06-01:12 AM",74.268
"2014-06-02:12 AM",75.5524
"2014-06-03:12 AM",77.8356
"2014-06-04:12 AM",79.05
"2014-06-05:12 AM",70.2912
"2014-06-06:12 AM",71.8945
"2014-06-07:12 AM",70.8215
"2014-06-08:12 AM",66.8431
"2014-06-09:12 AM",65.475
"2014-06-10:12 AM",65.6778
"2014-06-11:12 AM",67.9397
"2014-06-12:12 AM",66.5735
"2014-06-13:12 AM",65.4823
"2014-06-14:12 AM",67.9937
"2014-06-15:12 AM",72.6759
"2014-06-16:12 AM",78.1092
"2014-06-17:12 AM",82.3678
"2014-06-18:12 AM",82.4272
"2014-06-19:12 AM",79.1317
"2014-06-20:12 AM",79.8278
"2014-06-21:12 AM",80.3305
"2014-06-22:12 AM",79.3229
"2014-06-23:12 AM",73.3728
"2014-06-24:12 AM",74.7626
"2014-06-25:12 AM",76.1704
"2014-06-26:12 AM",74.7478
"2014-06-27:12 AM",76.4424
"2014-06-28:12 AM",76.6069
"2014-06-29:12 AM",76.3522
"2014-06-30:12 AM",82.4468
"2014-07-01:12 AM",78.4657
"2014-07-02:12 AM",69.1579
"2014-07-03:12 AM",66.5829
"2014-07-04:12 AM",70.011
"2014-07-05:12 AM",72.5216
"2014-07-06:12 AM",78.5772
"2014-07-07:12 AM",82.0981
"2014-07-08:12 AM",78.3572
"2014-07-09:12 AM",73.467
"2014-07-10:12 AM",72.8553
"2014-07-11:12 AM",77.0751
"2014-07-12:12 AM",83.6994
"2014-07-13:12 AM",82.0584
"2014-07-14:12 AM",76.35
"2014-07-15:12 AM",66.7616
"2014-07-16:12 AM",67.3371
"2014-07-17:12 AM",67.0435
"2014-07-18:12 AM",69.7141
"2014-07-19:12 AM",70.9223
"2014-07-20:12 AM",74.4841
"2014-07-21:12 AM",78.6409
"2014-07-22:12 AM",82.7461
"2014-07-23:12 AM",81.0385
"2014-07-24:12 AM",73.2834
"2014-07-25:12 AM",77.9374
"2014-07-26:12 AM",83.0215
"2014-07-27:12 AM",83.3371
"2014-07-28:12 AM",72.201
"2014-07-29:12 AM",69.8356
"2014-07-30:12 AM",69.4407
"2014-07-31:12 AM",71.5978
"2014-08-01:12 AM",72.0907
"2014-08-02:12 AM",74.1736
"2014-08-03:12 AM",76.8069
"2014-08-04:12 AM",78.2785
"2014-08-05:12 AM",80.7444
"2014-08-06:12 AM",79.2149
"2014-08-07:12 AM",75.9351
"2014-08-08:12 AM",74.6649
"2014-08-09:12 AM",75.409
"2014-08-10:12 AM",74.5443
"2014-08-11:12 AM",74.422
"2014-08-12:12 AM",70.9905
"2014-08-13:12 AM",69.471
"2014-08-14:12 AM",71.8237
"2014-08-15:12 AM",76.419
"2014-08-16:12 AM",76.3529
"2014-08-17:12 AM",75.2063
"2014-08-18:12 AM",76.0204
"2014-08-19:12 AM",80.8506
"2014-08-20:12 AM",83.1466
"2014-08-21:12 AM",86.8186
"2014-08-22:12 AM",86.9162
"2014-08-23:12 AM",86.6887
"2014-08-24:12 AM",86.7855
"2014-08-25:12 AM",86.0196
"2014-08-26:12 AM",85.0732
"2014-08-27:12 AM",81.3234
"2014-08-28:12 AM",80.1064
"2014-08-29:12 AM",77.8114
"2014-08-30:12 AM",76.5118
"2014-08-31:12 AM",78.838
"2014-09-01:12 AM",76.7059
"2014-09-02:12 AM",73.7499
"2014-09-03:12 AM",76.0172
"2014-09-04:12 AM",82.8792
"2014-09-05:12 AM",79.9972
"2014-09-06:12 AM",65.1553
"2014-09-07:12 AM",63.5441
"2014-09-08:12 AM",69.0742
"2014-09-09:12 AM",77.1179
"2014-09-10:12 AM",77.596
"2014-09-11:12 AM",62.3822
"2014-09-12:12 AM",54.1123
"2014-09-13:12 AM",50.374
"2014-09-14:12 AM",56.0203
"2014-09-15:12 AM",63.6255
"2014-09-16:12 AM",59.9023
"2014-09-17:12 AM",63.0518
"2014-09-18:12 AM",62.911
"2014-09-19:12 AM",65.6082
"2014-09-20:12 AM",73.6016
"2014-09-21:12 AM",69.5761
"2014-09-22:12 AM",58.9372
"2014-09-23:12 AM",60.2767
"2014-09-24:12 AM",61.9889
"2014-09-25:12 AM",67.926
"2014-09-26:12 AM",69.8778
"2014-09-27:12 AM",68.8451
"2014-09-28:12 AM",69.1563
"2014-09-29:12 AM",68.7562
"2014-09-30:12 AM",70.3276
"2014-10-01:12 AM",71.8272
"2014-10-02:12 AM",70.8802
"2014-10-03:12 AM",55.9832
"2014-10-04:12 AM",45.9133
"2014-10-05:12 AM",55.5658
"2014-10-06:12 AM",61.0983
"2014-10-07:12 AM",65.9187
"2014-10-08:12 AM",62.5545
"2014-10-09:12 AM",63.9228
"2014-10-10:12 AM",54.6665
"2014-10-11:12 AM",50.2673
"2014-10-12:12 AM",53.5806
"2014-10-13:12 AM",60.4218
"2014-10-14:12 AM",53.5285
"2014-10-15:12 AM",53.0881
"2014-10-16:12 AM",56.4022
"2014-10-17:12 AM",58.8931
"2014-10-18:12 AM",51.332
"2014-10-19:12 AM",50.6725
"2014-10-20:12 AM",58.0798
"2014-10-21:12 AM",56.1853
"2014-10-22:12 AM",54.4627
"2014-10-23:12 AM",54.0743
"2014-10-24:12 AM",59.9556
"2014-10-25:12 AM",65.3335
"2014-10-26:12 AM",66.265
"2014-10-27:12 AM",69.4729
"2014-10-28:12 AM",58.485
"2014-10-29:12 AM",48.1498
"2014-10-30:12 AM",50.8386
"2014-10-31:12 AM",43.9196
"2014-11-01:12 AM",35.2765
"2014-11-02:12 AM",43.7038
"2014-11-03:12 AM",55.522
"2014-11-04:12 AM",52.9333
"2014-11-05:12 AM",48.9195
"2014-11-06:12 AM",46.1772
"2014-11-07:12 AM",41.7366
"2014-11-08:12 AM",47.1184
"2014-11-09:12 AM",44.9026
"2014-11-10:12 AM",54.7183
"2014-11-11:12 AM",38.262
"2014-11-12:12 AM",26.1592
"2014-11-13:12 AM",23.414
"2014-11-14:12 AM",21.3562
"2014-11-15:12 AM",26.8599
"2014-11-16:12 AM",27.2437
"2014-11-17:12 AM",18.9559
"2014-11-18:12 AM",18.0549
"2014-11-19:12 AM",33.3145
"2014-11-20:12 AM",27.4773
"2014-11-21:12 AM",34.0066
"2014-11-22:12 AM",51.638
"2014-11-23:12 AM",54.1665
"2014-11-24:12 AM",39.2052
"2014-11-25:12 AM",31.5358
"2014-11-26:12 AM",34.8226
"2014-11-27:12 AM",28.917
"2014-11-28:12 AM",37.6205
"2014-11-29:12 AM",52.0354
"2014-11-30:12 AM",49.9593
"2014-12-01:12 AM",25.7392
"2014-12-02:12 AM",28.5429
"2014-12-03:12 AM",32.9313
"2014-12-04:12 AM",36.4026
"2014-12-05:12 AM",43.7403
"2014-12-06:12 AM",39.8925
"2014-12-07:12 AM",36.412
"2014-12-08:12 AM",41.5618
"2014-12-09:12 AM",34.9331
"2014-12-10:12 AM",32.9783
"2014-12-11:12 AM",34.3904
"2014-12-12:12 AM",40.4031
"2014-12-13:12 AM",46.0391
"2014-12-14:12 AM",52.3117
"2014-12-15:12 AM",51.2794
"2014-12-16:12 AM",34.3267
"2014-12-17:12 AM",29.7453
"2014-12-18:12 AM",31.6094
"2014-12-19:12 AM",33.0678
"2014-12-20:12 AM",35.2166
"2014-12-21:12 AM",38.1551
"2014-12-22:12 AM",43.5351
"2014-12-23:12 AM",41.225
"2014-12-24:12 AM",37.0537
"2014-12-25:12 AM",38.3797
"2014-12-26:12 AM",44.7764
"2014-12-27:12 AM",39.7078
"2014-12-28:12 AM",29.1036
"2014-12-29:12 AM",29.5452
"2014-12-30:12 AM",23.3838
"2014-12-31:12 AM",19.1458
"2015-01-01:12 AM",25.5495
"2015-01-02:12 AM",32.1919
"2015-01-03:12 AM",36.0383
"2015-01-04:12 AM",23.8168
"2015-01-05:12 AM",17.733
"2015-01-06:12 AM",23.9959
"2015-01-07:12 AM",12.7213
"2015-01-08:12 AM",13.0834
"2015-01-09:12 AM",17.5748
"2015-01-10:12 AM",19.5526
"2015-01-11:12 AM",29.9241
"2015-01-12:12 AM",26.8945
"2015-01-13:12 AM",17.8142
"2015-01-14:12 AM",23.5321
"2015-01-15:12 AM",30.7216
"2015-01-16:12 AM",36.5052
"2015-01-17:12 AM",42.1128
"2015-01-18:12 AM",41.2205
"2015-01-19:12 AM",42.8502
"2015-01-20:12 AM",42.2481
"2015-01-21:12 AM",38.6024
"2015-01-22:12 AM",34.1832
"2015-01-23:12 AM",31.3992
"2015-01-24:12 AM",38.0838
"2015-01-25:12 AM",40.9784
"2015-01-26:12 AM",36.7128
"2015-01-27:12 AM",40.6438
"2015-01-28:12 AM",42.8859
"2015-01-29:12 AM",43.5675
"2015-01-30:12 AM",31.028
"2015-01-31:12 AM",34.8694
"2015-02-01:12 AM",34.3506
"2015-02-02:12 AM",18.6755
"2015-02-03:12 AM",29.6515
"2015-02-04:12 AM",30.2137
"2015-02-05:12 AM",18.1162
"2015-02-06:12 AM",32.2435
"2015-02-07:12 AM",42.5685
"2015-02-08:12 AM",51.219
"2015-02-09:12 AM",37.3741
"2015-02-10:12 AM",33.4969
"2015-02-11:12 AM",34.3301
"2015-02-12:12 AM",22.8171
"2015-02-13:12 AM",28.6288
"2015-02-14:12 AM",29.9568
"2015-02-15:12 AM",15.5086
"2015-02-16:12 AM",16.8888
"2015-02-17:12 AM",18.999
"2015-02-18:12 AM",13.8209
"2015-02-19:12 AM",8.3725
"2015-02-20:12 AM",20.7115
"2015-02-21:12 AM",31.8412
"2015-02-22:12 AM",22.1833
"2015-02-23:12 AM",12.5656
"2015-02-24:12 AM",22.305
"2015-02-25:12 AM",30.3525
"2015-02-26:12 AM",20.7795
"2015-02-27:12 AM",12.7416
"2015-02-28:12 AM",19.5154
"2015-03-01:12 AM",27.2334
"2015-03-02:12 AM",25.6532
"2015-03-03:12 AM",37.3161
"2015-03-04:12 AM",25.9677
"2015-03-05:12 AM",18.561
"2015-03-06:12 AM",28.1624
"2015-03-07:12 AM",41.5839
"2015-03-08:12 AM",44.3241
"2015-03-09:12 AM",44.6702
"2015-03-10:12 AM",48.2419
"2015-03-11:12 AM",51.7149
"2015-03-12:12 AM",53.8007
"2015-03-13:12 AM",54.1447
"2015-03-14:12 AM",51.6875
"2015-03-15:12 AM",50.9182
"2015-03-16:12 AM",59.9803
"2015-03-17:12 AM",51.9919
"2015-03-18:12 AM",39.7155
"2015-03-19:12 AM",40.4595
"2015-03-20:12 AM",44.7667
"2015-03-21:12 AM",52.7761
"2015-03-22:12 AM",54.3155
"2015-03-23:12 AM",52.2219
"2015-03-24:12 AM",47.061
"2015-03-25:12 AM",49.8286
"2015-03-26:12 AM",42.4423
"2015-03-27:12 AM",37.2502
"2015-03-28:12 AM",38.0719
"2015-03-29:12 AM",44.5748
"2015-03-30:12 AM",51.3583
"2015-03-31:12 AM",59.3866
"2015-04-01:12 AM",60.3957
"2015-04-02:12 AM",63.9203
"2015-04-03:12 AM",52.6957
"2015-04-04:12 AM",44.0136
"2015-04-05:12 AM",48.4153
"2015-04-06:12 AM",55.1116
"2015-04-07:12 AM",65.739
"2015-04-08:12 AM",66.4147
"2015-04-09:12 AM",65.3887
"2015-04-10:12 AM",51.4461
"2015-04-11:12 AM",54.6292
"2015-04-12:12 AM",59.7794
"2015-04-13:12 AM",60.9087
"2015-04-14:12 AM",54.5477
"2015-04-15:12 AM",54.8307
"2015-04-16:12 AM",61.2864
"2015-04-17:12 AM",65.14
"2015-04-18:12 AM",64.708
"2015-04-19:12 AM",60.4794
"2015-04-20:12 AM",50.7411
"2015-04-21:12 AM",52.8931
"2015-04-22:12 AM",50.0265
"2015-04-23:12 AM",48.6441
"2015-04-24:12 AM",55.3622
"2015-04-25:12 AM",59.5051
"2015-04-26:12 AM",52.4665
"2015-04-27:12 AM",52.614
"2015-04-28:12 AM",55.449
"2015-04-29:12 AM",58.6758
"2015-04-30:12 AM",59.011
"2015-05-01:12 AM",57.5866
"2015-05-02:12 AM",61.8255
"2015-05-03:12 AM",67.7881
"2015-05-04:12 AM",70.5911
"2015-05-05:12 AM",69.112
"2015-05-06:12 AM",68.886
"2015-05-07:12 AM",70.2765
"2015-05-08:12 AM",68.281
"2015-05-09:12 AM",66.3886
"2015-05-10:12 AM",69.8234
"2015-05-11:12 AM",60.7059
"2015-05-12:12 AM",56.1936
"2015-05-13:12 AM",58.1263
"2015-05-14:12 AM",62.148
"2015-05-15:12 AM",70.1186
"2015-05-16:12 AM",71.5608
"2015-05-17:12 AM",72.6991
"2015-05-18:12 AM",67.9836
"2015-05-19:12 AM",56.1763
"2015-05-20:12 AM",52.0014
"2015-05-21:12 AM",52.387
"2015-05-22:12 AM",57.7611
"2015-05-23:12 AM",62.7814
"2015-05-24:12 AM",67.3529
"2015-05-25:12 AM",69.627
"2015-05-26:12 AM",69.5098
"2015-05-27:12 AM",70.817
"2015-05-28:12 AM",69.5124
"2015-05-29:12 AM",71.1873
"2015-05-30:12 AM",64.6369
"2015-05-31:12 AM",59.1042
"2015-06-01:12 AM",58.6913
"2015-06-02:12 AM",62.9235
"2015-06-03:12 AM",66.7292
"2015-06-04:12 AM",72.6598
"2015-06-05:12 AM",72.1222
"2015-06-06:12 AM",73.9069
"2015-06-07:12 AM",78.0885
"2015-06-08:12 AM",76.0971
"2015-06-09:12 AM",75.961
"2015-06-10:12 AM",78.6805
"2015-06-11:12 AM",78.2884
"2015-06-12:12 AM",77.7394
"2015-06-13:12 AM",74.3736
"2015-06-14:12 AM",74.8125
"2015-06-15:12 AM",75.1944
"2015-06-16:12 AM",73.4243
"2015-06-17:12 AM",75.5053
"2015-06-18:12 AM",72.7857
"2015-06-19:12 AM",71.321
"2015-06-20:12 AM",76.5032
"2015-06-21:12 AM",80.0325
"2015-06-22:12 AM",80.5228
"2015-06-23:12 AM",79.3422
"2015-06-24:12 AM",78.7618
"2015-06-25:12 AM",82.1597
"2015-06-26:12 AM",73.9031
"2015-06-27:12 AM",70.0916
"2015-06-28:12 AM",71.5109
"2015-06-29:12 AM",74.9694
"2015-06-30:12 AM",75.9484
"2015-07-01:12 AM",74.8405
"2015-07-02:12 AM",72.8911
"2015-07-03:12 AM",70.3418
"2015-07-04:12 AM",72.1135
"2015-07-05:12 AM",75.5467
"2015-07-06:12 AM",77.5855
"2015-07-07:12 AM",69.96
"2015-07-08:12 AM",66.9299
"2015-07-09:12 AM",68.77
"2015-07-10:12 AM",73.7152
"2015-07-11:12 AM",79.4948
"2015-07-12:12 AM",81.9662
"2015-07-13:12 AM",83.5966
"2015-07-14:12 AM",84.9054
"2015-07-15:12 AM",79.9921
"2015-07-16:12 AM",80.5168
"2015-07-17:12 AM",81.9761
"2015-07-18:12 AM",82.9315
"2015-07-19:12 AM",81.7146
"2015-07-20:12 AM",79.218
"2015-07-21:12 AM",75.1973
"2015-07-22:12 AM",71.3766
"2015-07-23:12 AM",75.7897
"2015-07-24:12 AM",78.6787
"2015-07-25:12 AM",81.9568
"2015-07-26:12 AM",81.3331
"2015-07-27:12 AM",82.2052
"2015-07-28:12 AM",83.9754
"2015-07-29:12 AM",80.8718
"2015-07-30:12 AM",75.5006
"2015-07-31:12 AM",75.6266
"2015-08-01:12 AM",77.6588
"2015-08-02:12 AM",78.8828
"2015-08-03:12 AM",79.2894
"2015-08-04:12 AM",77.1681
"2015-08-05:12 AM",72.6964
"2015-08-06:12 AM",72.6298
"2015-08-07:12 AM",77.2925
"2015-08-08:12 AM",78.5095
"2015-08-09:12 AM",80.5071
"2015-08-10:12 AM",78.6652
"2015-08-11:12 AM",73.9549
"2015-08-12:12 AM",72.0333
"2015-08-13:12 AM",72.6487
"2015-08-14:12 AM",73.7881
"2015-08-15:12 AM",73.2348
"2015-08-16:12 AM",75.4335
"2015-08-17:12 AM",76.4632
"2015-08-18:12 AM",75.8466
"2015-08-19:12 AM",64.7121
"2015-08-20:12 AM",66.3004
"2015-08-21:12 AM",68.3677
"2015-08-22:12 AM",72.8584
"2015-08-23:12 AM",70.8633
"2015-08-24:12 AM",63.9352
"2015-08-25:12 AM",64.2022
"2015-08-26:12 AM",65.1823
"2015-08-27:12 AM",67.048
"2015-08-28:12 AM",69.998
"2015-08-29:12 AM",73.2864
"2015-08-30:12 AM",72.8627
"2015-08-31:12 AM",77.6671
"2015-09-01:12 AM",79.0387
"2015-09-02:12 AM",77.7711
"2015-09-03:12 AM",78.532
"2015-09-04:12 AM",79.4772
"2015-09-05:12 AM",80.1759
"2015-09-06:12 AM",81.8272
"2015-09-07:12 AM",79.9988
"2015-09-08:12 AM",76.2053
"2015-09-09:12 AM",72.5531
"2015-09-10:12 AM",72.0372
"2015-09-11:12 AM",66.0565
"2015-09-12:12 AM",56.8562
"2015-09-13:12 AM",56.557
"2015-09-14:12 AM",68.9718
"2015-09-15:12 AM",70.529
"2015-09-16:12 AM",72.9691
"2015-09-17:12 AM",77.6707
"2015-09-18:12 AM",76.6346
"2015-09-19:12 AM",64.5521
"2015-09-20:12 AM",60.192
"2015-09-21:12 AM",62.4825
"2015-09-22:12 AM",68.3528
"2015-09-23:12 AM",69.5802
"2015-09-24:12 AM",70.0426
"2015-09-25:12 AM",68.8726
"2015-09-26:12 AM",66.4365
"2015-09-27:12 AM",66.4653
"2015-09-28:12 AM",69.0609
"2015-09-29:12 AM",68.41
"2015-09-30:12 AM",61.4059
"2015-10-01:12 AM",55.3606
"2015-10-02:12 AM",53.7541
"2015-10-03:12 AM",53.3503
"2015-10-04:12 AM",52.1965
"2015-10-05:12 AM",56.9761
"2015-10-06:12 AM",62.9753
"2015-10-07:12 AM",62.7042
"2015-10-08:12 AM",67.7514
"2015-10-09:12 AM",60.5914
"2015-10-10:12 AM",53.0796
"2015-10-11:12 AM",64.1782
"2015-10-12:12 AM",69.6702
"2015-10-13:12 AM",60.3
"2015-10-14:12 AM",59.5517
"2015-10-15:12 AM",61.9619
"2015-10-16:12 AM",53.636
"2015-10-17:12 AM",46.2492
"2015-10-18:12 AM",50.583
"2015-10-19:12 AM",59.8804
"2015-10-20:12 AM",65.0977
"2015-10-21:12 AM",67.8353
"2015-10-22:12 AM",66.9162
"2015-10-23:12 AM",65.5344
"2015-10-24:12 AM",60.2708
"2015-10-25:12 AM",52.4043
"2015-10-26:12 AM",53.6043
"2015-10-27:12 AM",55.9967
"2015-10-28:12 AM",53.5671
"2015-10-29:12 AM",45.2995
"2015-10-30:12 AM",45.5322
"2015-10-31:12 AM",53.2004
"2015-11-01:12 AM",54.0952
"2015-11-02:12 AM",56.1241
"2015-11-03:12 AM",56.7914
"2015-11-04:12 AM",60.1108
"2015-11-05:12 AM",63.1233
"2015-11-06:12 AM",53.1104
"2015-11-07:12 AM",47.293
"2015-11-08:12 AM",43.9261
"2015-11-09:12 AM",43.6071
"2015-11-10:12 AM",49.554
"2015-11-11:12 AM",60.0337
"2015-11-12:12 AM",47.9084
"2015-11-13:12 AM",45.4372
"2015-11-14:12 AM",51.1725
"2015-11-15:12 AM",52.6203
"2015-11-16:12 AM",51.5494
"2015-11-17:12 AM",60.3819
"2015-11-18:12 AM",48.9605
"2015-11-19:12 AM",43.5891
"2015-11-20:12 AM",41.0743
"2015-11-21:12 AM",36.3056
"2015-11-22:12 AM",32.0243
"2015-11-23:12 AM",41.0079
"2015-11-24:12 AM",46.058
"2015-11-25:12 AM",50.4705
"2015-11-26:12 AM",57.9256
"2015-11-27:12 AM",43.8975
"2015-11-28:12 AM",35.6184
"2015-11-29:12 AM",36.6427
"2015-11-30:12 AM",40.365
"2015-12-01:12 AM",38.4003
"2015-12-02:12 AM",36.082
"2015-12-03:12 AM",37.2232
"2015-12-04:12 AM",40.197
"2015-12-05:12 AM",40.3054
"2015-12-06:12 AM",42.5179
"2015-12-07:12 AM",43.1429
"2015-12-08:12 AM",48.1942
"2015-12-09:12 AM",49.7667
"2015-12-10:12 AM",53.1082
"2015-12-11:12 AM",52.9023
"2015-12-12:12 AM",60.2105
"2015-12-13:12 AM",61.5247
"2015-12-14:12 AM",45.284
"2015-12-15:12 AM",45.4156
"2015-12-16:12 AM",43.457
"2015-12-17:12 AM",32.8878
"2015-12-18:12 AM",31.2553
"2015-12-19:12 AM",34.3713
"2015-12-20:12 AM",44.3149
"2015-12-21:12 AM",49.4312
"2015-12-22:12 AM",41.0794
"2015-12-23:12 AM",53.2207
"2015-12-24:12 AM",42.6639
"2015-12-25:12 AM",39.9313
"2015-12-26:12 AM",48.2587
"2015-12-27:12 AM",38.5142
"2015-12-28:12 AM",36.0559
"2015-12-29:12 AM",28.915
"2015-12-30:12 AM",29.7601
"2015-12-31:12 AM",28.4992
"2016-01-01:12 AM",28.9584
"2016-01-02:12 AM",31.9537
"2016-01-03:12 AM",30.9663
"2016-01-04:12 AM",26.1612
"2016-01-05:12 AM",28.7546
"2016-01-06:12 AM",33.1039
"2016-01-07:12 AM",38.9521
"2016-01-08:12 AM",43.4941
"2016-01-09:12 AM",31.4128
"2016-01-10:12 AM",12.4194
"2016-01-11:12 AM",25.4554
"2016-01-12:12 AM",26.7483
"2016-01-13:12 AM",29.2707
"2016-01-14:12 AM",42.2978
"2016-01-15:12 AM",40.5057
"2016-01-16:12 AM",28.0344
"2016-01-17:12 AM",19.4245
"2016-01-18:12 AM",10.1536
"2016-01-19:12 AM",19.0594
"2016-01-20:12 AM",21.8035
"2016-01-21:12 AM",24.361
"2016-01-22:12 AM",23.3956
"2016-01-23:12 AM",22.5604
"2016-01-24:12 AM",30.5847
"2016-01-25:12 AM",37.7326
"2016-01-26:12 AM",30.9771
"2016-01-27:12 AM",32.1557
"2016-01-28:12 AM",38.5758
"2016-01-29:12 AM",40.2724
"2016-01-30:12 AM",47.8607
"2016-01-31:12 AM",50.3517
"2016-02-01:12 AM",42.4526
"2016-02-02:12 AM",47.8998
"2016-02-03:12 AM",33.1014
"2016-02-04:12 AM",29.9485
"2016-02-05:12 AM",31.7327
"2016-02-06:12 AM",36.9855
"2016-02-07:12 AM",40.0008
"2016-02-08:12 AM",30.5659
"2016-02-09:12 AM",23.7166
"2016-02-10:12 AM",24.3693
"2016-02-11:12 AM",26.6313
"2016-02-12:12 AM",28.4869
"2016-02-13:12 AM",20.2453
"2016-02-14:12 AM",27.189
"2016-02-15:12 AM",34.4185
"2016-02-16:12 AM",36.4827
"2016-02-17:12 AM",38.5362
"2016-02-18:12 AM",48.3609
"2016-02-19:12 AM",57.214
"2016-02-20:12 AM",57.0727
"2016-02-21:12 AM",49.4436
"2016-02-22:12 AM",40.4881
"2016-02-23:12 AM",40.8567
"2016-02-24:12 AM",36.4066
"2016-02-25:12 AM",33.7082
"2016-02-26:12 AM",33.6033
"2016-02-27:12 AM",44.254
"2016-02-28:12 AM",52.9282
"2016-02-29:12 AM",47.9525
"2016-03-01:12 AM",43.2372
"2016-03-02:12 AM",35.7307
"2016-03-03:12 AM",41.8438
"2016-03-04:12 AM",42.1666
"2016-03-05:12 AM",47.2028
"2016-03-06:12 AM",49.6548
"2016-03-07:12 AM",59.5326
"2016-03-08:12 AM",61.8444
"2016-03-09:12 AM",56.7266
"2016-03-10:12 AM",51.5797
"2016-03-11:12 AM",49.122
"2016-03-12:12 AM",53.658
"2016-03-13:12 AM",57.0054
"2016-03-14:12 AM",57.7278
"2016-03-15:12 AM",60.571
"2016-03-16:12 AM",51.0829
"2016-03-17:12 AM",49.0996
"2016-03-18:12 AM",43.7977
"2016-03-19:12 AM",37.9474
"2016-03-20:12 AM",36.3738
"2016-03-21:12 AM",41.7171
"2016-03-22:12 AM",53.4839
"2016-03-23:12 AM",59.8953
"2016-03-24:12 AM",47.3614
"2016-03-25:12 AM",41.0801
"2016-03-26:12 AM",47.4811
"2016-03-27:12 AM",45.2606
"2016-03-28:12 AM",45.0426
"2016-03-29:12 AM",50.8971
"2016-03-30:12 AM",58.181
"2016-03-31:12 AM",59.1849
"2016-04-01:12 AM",46.3332
"2016-04-02:12 AM",44.8941
"2016-04-03:12 AM",53.3973
"2016-04-04:12 AM",57.9063
"2016-04-05:12 AM",50.1406
"2016-04-06:12 AM",55.3825
"2016-04-07:12 AM",50.5593
"2016-04-08:12 AM",46.0004
"2016-04-09:12 AM",42.7617
"2016-04-10:12 AM",55.81
"2016-04-11:12 AM",53.7879
"2016-04-12:12 AM",45.6733
"2016-04-13:12 AM",51.1932
"2016-04-14:12 AM",55.6691
"2016-04-15:12 AM",60.6562
"2016-04-16:12 AM",61.6822
"2016-04-17:12 AM",64.481
"2016-04-18:12 AM",63.5106
"2016-04-19:12 AM",62.8135
"2016-04-20:12 AM",60.5118
"2016-04-21:12 AM",58.3075
"2016-04-22:12 AM",58.3734
"2016-04-23:12 AM",63.2541
"2016-04-24:12 AM",66.3363
"2016-04-25:12 AM",67.575
"2016-04-26:12 AM",69.8905
"2016-04-27:12 AM",65.5781
"2016-04-28:12 AM",57.6423
"2016-04-29:12 AM",54.0655
"2016-04-30:12 AM",60.771
"2016-05-01:12 AM",56.7617
"2016-05-02:12 AM",51.7647
"2016-05-03:12 AM",53.5942
"2016-05-04:12 AM",58.4235
"2016-05-05:12 AM",56.4375
"2016-05-06:12 AM",60.5946
"2016-05-07:12 AM",68.0085
"2016-05-08:12 AM",66.8894
"2016-05-09:12 AM",65.0449
"2016-05-10:12 AM",69.9336
"2016-05-11:12 AM",70.7621
"2016-05-12:12 AM",63.804
"2016-05-13:12 AM",60.7842
"2016-05-14:12 AM",50.5004
"2016-05-15:12 AM",52.6519
"2016-05-16:12 AM",52.1112
"2016-05-17:12 AM",50.3767
"2016-05-18:12 AM",55.2969
"2016-05-19:12 AM",56.8202
"2016-05-20:12 AM",58.5934
"2016-05-21:12 AM",61.083
"2016-05-22:12 AM",65.3691
"2016-05-23:12 AM",67.6301
"2016-05-24:12 AM",70.9596
"2016-05-25:12 AM",72.439
"2016-05-26:12 AM",76.7152
"2016-05-27:12 AM",70.9174
"2016-05-28:12 AM",70.7214
"2016-05-29:12 AM",72.5248
"2016-05-30:12 AM",71.9832
"2016-05-31:12 AM",70.9023
"2016-06-01:12 AM",70.9281
"2016-06-02:12 AM",69.6902
"2016-06-03:12 AM",68.8852
"2016-06-04:12 AM",70.9979
"2016-06-05:12 AM",69.2004
"2016-06-06:12 AM",71.9397
"2016-06-07:12 AM",70.1208
"2016-06-08:12 AM",69.7446
"2016-06-09:12 AM",76.2953
"2016-06-10:12 AM",78.9874
"2016-06-11:12 AM",79.6501
"2016-06-12:12 AM",80.9321
"2016-06-13:12 AM",78.9296
"2016-06-14:12 AM",79.8454
"2016-06-15:12 AM",83.7964
"2016-06-16:12 AM",84.4779
"2016-06-17:12 AM",81.1047
"2016-06-18:12 AM",78.4474
"2016-06-19:12 AM",78.9552
"2016-06-20:12 AM",82.2027
"2016-06-21:12 AM",81.4683
"2016-06-22:12 AM",85.3734
"2016-06-23:12 AM",84.4426
"2016-06-24:12 AM",78.6006
"2016-06-25:12 AM",81.1953
"2016-06-26:12 AM",80.4209
"2016-06-27:12 AM",79.4583
"2016-06-28:12 AM",78.006
"2016-06-29:12 AM",74.7241
"2016-06-30:12 AM",76.188
"2016-07-01:12 AM",75.0236
"2016-07-02:12 AM",68.1948
"2016-07-03:12 AM",67.8281
"2016-07-04:12 AM",71.8032
"2016-07-05:12 AM",80.0973
"2016-07-06:12 AM",83.1468
"2016-07-07:12 AM",79.3989
"2016-07-08:12 AM",80.8074
"2016-07-09:12 AM",77.1908
"2016-07-10:12 AM",79.2797
"2016-07-11:12 AM",81.2615
"2016-07-12:12 AM",78.3862
"2016-07-13:12 AM",80.6536
"2016-07-14:12 AM",79.9093
"2016-07-15:12 AM",76.8994
"2016-07-16:12 AM",76.7212
"2016-07-17:12 AM",82.4409
"2016-07-18:12 AM",83.3893
"2016-07-19:12 AM",84.1129
"2016-07-20:12 AM",83.9295
"2016-07-21:12 AM",87.0136
"2016-07-22:12 AM",87.5921
"2016-07-23:12 AM",87.0643
"2016-07-24:12 AM",86.6289
"2016-07-25:12 AM",80.1653
"2016-07-26:12 AM",79.0585
"2016-07-27:12 AM",79.7803
"2016-07-28:12 AM",79.9858
"2016-07-29:12 AM",76.4586
"2016-07-30:12 AM",75.9922
"2016-07-31:12 AM",78.4013
"2016-08-01:12 AM",78.589
"2016-08-02:12 AM",83.2431
"2016-08-03:12 AM",81.9576
"2016-08-04:12 AM",84.963
"2016-08-05:12 AM",82.159
"2016-08-06:12 AM",75.2731
"2016-08-07:12 AM",72.6868
"2016-08-08:12 AM",73.7064
"2016-08-09:12 AM",80.26
"2016-08-10:12 AM",83.001
"2016-08-11:12 AM",85.6512
"2016-08-12:12 AM",81.0126
"2016-08-13:12 AM",75.9537
"2016-08-14:12 AM",72.6402
"2016-08-15:12 AM",71.4988
"2016-08-16:12 AM",73.8115
"2016-08-17:12 AM",76.9375
"2016-08-18:12 AM",78.1149
"2016-08-19:12 AM",76.1616
"2016-08-20:12 AM",72.7322
"2016-08-21:12 AM",68.1665
"2016-08-22:12 AM",68.4588
"2016-08-23:12 AM",72.8182
"2016-08-24:12 AM",80.9022
"2016-08-25:12 AM",77.4844
"2016-08-26:12 AM",74.129
"2016-08-27:12 AM",77.7963
"2016-08-28:12 AM",78.0917
"2016-08-29:12 AM",78.8598
"2016-08-30:12 AM",78.9382
"2016-08-31:12 AM",73.0778
"2016-09-01:12 AM",69.3183
"2016-09-02:12 AM",66.8102
"2016-09-03:12 AM",66.7447
"2016-09-04:12 AM",70.1224
"2016-09-05:12 AM",78.5763
"2016-09-06:12 AM",82.4621
"2016-09-07:12 AM",82.6873
"2016-09-08:12 AM",78.5937
"2016-09-09:12 AM",75.6725
"2016-09-10:12 AM",69.1999
"2016-09-11:12 AM",61.6492
"2016-09-12:12 AM",67.8069
"2016-09-13:12 AM",72.7396
"2016-09-14:12 AM",72.189
"2016-09-15:12 AM",74.2244
"2016-09-16:12 AM",72.4095
"2016-09-17:12 AM",68.0653
"2016-09-18:12 AM",67.4355
"2016-09-19:12 AM",72.097
"2016-09-20:12 AM",76.0708
"2016-09-21:12 AM",76.3709
"2016-09-22:12 AM",74.7135
"2016-09-23:12 AM",74.5826
"2016-09-24:12 AM",75.6572
"2016-09-25:12 AM",72.6323
"2016-09-26:12 AM",61.7497
"2016-09-27:12 AM",61.7193
"2016-09-28:12 AM",61.4867
"2016-09-29:12 AM",58.7388
"2016-09-30:12 AM",60.46
"2016-10-01:12 AM",59.9493
"2016-10-02:12 AM",60.3973
"2016-10-03:12 AM",65.2681
"2016-10-04:12 AM",68.32
"2016-10-05:12 AM",71.0479
"2016-10-06:12 AM",71.447
"2016-10-07:12 AM",58.6999
"2016-10-08:12 AM",52.7965
"2016-10-09:12 AM",56.1027
"2016-10-10:12 AM",60.5311
"2016-10-11:12 AM",64.5337
"2016-10-12:12 AM",61.6865
"2016-10-13:12 AM",49.2597
"2016-10-14:12 AM",56.428
"2016-10-15:12 AM",66.4457
"2016-10-16:12 AM",72.977
"2016-10-17:12 AM",75.9061
"2016-10-18:12 AM",71.6941
"2016-10-19:12 AM",65.3565
"2016-10-20:12 AM",56.023
"2016-10-21:12 AM",46.7263
"2016-10-22:12 AM",52.8782
"2016-10-23:12 AM",61.1544
"2016-10-24:12 AM",57.7771
"2016-10-25:12 AM",59.308
"2016-10-26:12 AM",62.4729
"2016-10-27:12 AM",59.3658
"2016-10-28:12 AM",65.2336
"2016-10-29:12 AM",70.6233
"2016-10-30:12 AM",63.4955
"2016-10-31:12 AM",62.8981
"2016-11-01:12 AM",70.3386
"2016-11-02:12 AM",70.2624
"2016-11-03:12 AM",64.191
"2016-11-04:12 AM",56.7927
"2016-11-05:12 AM",54.2214
"2016-11-06:12 AM",52.3337
"2016-11-07:12 AM",55.3892
"2016-11-08:12 AM",57.5152
"2016-11-09:12 AM",48.7242
"2016-11-10:12 AM",48.9324
"2016-11-11:12 AM",52.1758
"2016-11-12:12 AM",43.1641
"2016-11-13:12 AM",44.3491
"2016-11-14:12 AM",51.1344
"2016-11-15:12 AM",52.6474
"2016-11-16:12 AM",57.0479
"2016-11-17:12 AM",66.1275
"2016-11-18:12 AM",55.5876
"2016-11-19:12 AM",36.8978
"2016-11-20:12 AM",35.3088
"2016-11-21:12 AM",40.3605
"2016-11-22:12 AM",46.1455
"2016-11-23:12 AM",49.3862
"2016-11-24:12 AM",40.0815
"2016-11-25:12 AM",39.9879
"2016-11-26:12 AM",40.0555
"2016-11-27:12 AM",44.6297
"2016-11-28:12 AM",51.0964
"2016-11-29:12 AM",47.7282
"2016-11-30:12 AM",39.0011
"2016-12-01:12 AM",35.2861
"2016-12-02:12 AM",36.9961
"2016-12-03:12 AM",38.8971
"2016-12-04:12 AM",37.6596
"2016-12-05:12 AM",37.3501
"2016-12-06:12 AM",35.2683
"2016-12-07:12 AM",31.2777
"2016-12-08:12 AM",23.2012
"2016-12-09:12 AM",20.7504
"2016-12-10:12 AM",27.5164
"2016-12-11:12 AM",36.7182
"2016-12-12:12 AM",31.4024
"2016-12-13:12 AM",30.267
"2016-12-14:12 AM",25.5589
"2016-12-15:12 AM",21.1995
"2016-12-16:12 AM",27.8191
"2016-12-17:12 AM",30.972
"2016-12-18:12 AM",8.5942
"2016-12-19:12 AM",11.0037
"2016-12-20:12 AM",23.8887
"2016-12-21:12 AM",32.2849
"2016-12-22:12 AM",32.9751
"2016-12-23:12 AM",37.575
"2016-12-24:12 AM",40.9393
"2016-12-25:12 AM",50.0331
"2016-12-26:12 AM",50.643
"2016-12-27:12 AM",36.1395
"2016-12-28:12 AM",39.2709
"2016-12-29:12 AM",38.3731
"2016-12-30:12 AM",37.5987
"2016-12-31:12 AM",40.1841
"2017-01-01:12 AM",34.9234
"2017-01-02:12 AM",43.2435
"2017-01-03:12 AM",39.2247
"2017-01-04:12 AM",22.0015
"2017-01-05:12 AM",17.9197
"2017-01-06:12 AM",9.9617
"2017-01-07:12 AM",12.445
"2017-01-08:12 AM",18.2809
"2017-01-09:12 AM",29.9104
"2017-01-10:12 AM",46.5766
"2017-01-11:12 AM",47.3864
"2017-01-12:12 AM",36.5239
"2017-01-13:12 AM",27.8186
"2017-01-14:12 AM",31.3041
"2017-01-15:12 AM",32.986
"2017-01-16:12 AM",43.4991
"2017-01-17:12 AM",39.7148
"2017-01-18:12 AM",37.7533
"2017-01-19:12 AM",42.3658
"2017-01-20:12 AM",47.4759
"2017-01-21:12 AM",50.3713
"2017-01-22:12 AM",45.5326
"2017-01-23:12 AM",37.4097
"2017-01-24:12 AM",39.8437
"2017-01-25:12 AM",41.4507
"2017-01-26:12 AM",31.0068
"2017-01-27:12 AM",30.3442
"2017-01-28:12 AM",34.475
"2017-01-29:12 AM",36.5576
"2017-01-30:12 AM",41.6203
"2017-01-31:12 AM",44.7224
"2017-02-01:12 AM",40.4125
"2017-02-02:12 AM",29.4573
"2017-02-03:12 AM",26.4529
"2017-02-04:12 AM",30.5773
"2017-02-05:12 AM",37.8043
"2017-02-06:12 AM",49.8358
"2017-02-07:12 AM",53.733
"2017-02-08:12 AM",34.0018
"2017-02-09:12 AM",26.044
"2017-02-10:12 AM",43.1501
"2017-02-11:12 AM",58.8384
"2017-02-12:12 AM",50.3913
"2017-02-13:12 AM",40.0068
"2017-02-14:12 AM",41.9535
"2017-02-15:12 AM",38.9178
"2017-02-16:12 AM",45.8415
"2017-02-17:12 AM",54.1697
"2017-02-18:12 AM",54.7637
"2017-02-19:12 AM",57.1717
"2017-02-20:12 AM",63.7655
"2017-02-21:12 AM",58.8101
"2017-02-22:12 AM",58.8655
"2017-02-23:12 AM",57.9909
"2017-02-24:12 AM",49.4188
"2017-02-25:12 AM",30.7744
"2017-02-26:12 AM",36.2482
"2017-02-27:12 AM",45.0831
"2017-02-28:12 AM",62.7559
"2017-03-01:12 AM",49.2046
"2017-03-02:12 AM",39.7317
"2017-03-03:12 AM",37.6792
"2017-03-04:12 AM",50.8703
"2017-03-05:12 AM",53.9962
"2017-03-06:12 AM",59.8645
"2017-03-07:12 AM",50.6352
"2017-03-08:12 AM",49.2589
"2017-03-09:12 AM",53.6225
"2017-03-10:12 AM",39.1321
"2017-03-11:12 AM",32.7259
"2017-03-12:12 AM",32.4322
"2017-03-13:12 AM",34.6435
"2017-03-14:12 AM",29.5997
"2017-03-15:12 AM",28.0974
"2017-03-16:12 AM",37.1035
"2017-03-17:12 AM",53.9667
"2017-03-18:12 AM",50.3098
"2017-03-19:12 AM",52.1326
"2017-03-20:12 AM",64.9866
"2017-03-21:12 AM",55.4502
"2017-03-22:12 AM",44.6821
"2017-03-23:12 AM",53.7732
"2017-03-24:12 AM",63.7016
"2017-03-25:12 AM",56.5596
"2017-03-26:12 AM",51.3464
"2017-03-27:12 AM",54.1402
"2017-03-28:12 AM",52.2934
"2017-03-29:12 AM",54.8344
"2017-03-30:12 AM",52.5706
"2017-03-31:12 AM",46.6043
"2017-04-01:12 AM",48.7924
"2017-04-02:12 AM",54.4392
"2017-04-03:12 AM",56.0653
"2017-04-04:12 AM",54.7061
"2017-04-05:12 AM",48.1278
"2017-04-06:12 AM",46.7361
"2017-04-07:12 AM",47.3761
"2017-04-08:12 AM",58.4116
"2017-04-09:12 AM",65.8449
"2017-04-10:12 AM",64.0546
"2017-04-11:12 AM",52.592
"2017-04-12:12 AM",57.2468
"2017-04-13:12 AM",66.4851
"2017-04-14:12 AM",69.1963
"2017-04-15:12 AM",69.2654
"2017-04-16:12 AM",66.5152
"2017-04-17:12 AM",60.1374
"2017-04-18:12 AM",63.2314
"2017-04-19:12 AM",69.757
"2017-04-20:12 AM",66.2074
"2017-04-21:12 AM",52.0374
"2017-04-22:12 AM",49.1032
"2017-04-23:12 AM",53.3226
"2017-04-24:12 AM",57.6205
"2017-04-25:12 AM",63.6814
"2017-04-26:12 AM",55.8689
"2017-04-27:12 AM",49.6616
"2017-04-28:12 AM",55.472
"2017-04-29:12 AM",57.2216
"2017-04-30:12 AM",55.8954
"2017-05-01:12 AM",46.27
"2017-05-02:12 AM",55.4983
"2017-05-03:12 AM",50.1498
"2017-05-04:12 AM",49.5028
"2017-05-05:12 AM",56.4053
"2017-05-06:12 AM",61.4728
"2017-05-07:12 AM",61.4392
"2017-05-08:12 AM",67.9091
"2017-05-09:12 AM",71.1779
"2017-05-10:12 AM",71.3386
"2017-05-11:12 AM",67.8832
"2017-05-12:12 AM",62.0863
"2017-05-13:12 AM",63.4784
"2017-05-14:12 AM",65.8854
"2017-05-15:12 AM",70.6779
"2017-05-16:12 AM",72.5061
"2017-05-17:12 AM",71.4807
"2017-05-18:12 AM",72.1314
"2017-05-19:12 AM",69.5062
"2017-05-20:12 AM",64.3327
"2017-05-21:12 AM",57.6282
"2017-05-22:12 AM",59.8714
"2017-05-23:12 AM",59.6557
"2017-05-24:12 AM",55.1955
"2017-05-25:12 AM",60.5671
"2017-05-26:12 AM",70.6302
"2017-05-27:12 AM",73.5928
"2017-05-28:12 AM",68.4972
"2017-05-29:12 AM",69.1682
"2017-05-30:12 AM",66.9241
"2017-05-31:12 AM",69.208
"2017-06-01:12 AM",69.8866
"2017-06-02:12 AM",73.4929
"2017-06-03:12 AM",73.6988
"2017-06-04:12 AM",73.4792
"2017-06-05:12 AM",74.8913
"2017-06-06:12 AM",70.2324
"2017-06-07:12 AM",67.2858
"2017-06-08:12 AM",68.6568
"2017-06-09:12 AM",69.9292
"2017-06-10:12 AM",73.427
"2017-06-11:12 AM",77.9392
"2017-06-12:12 AM",80.1372
"2017-06-13:12 AM",81.5454
"2017-06-14:12 AM",80.8999
"2017-06-15:12 AM",81.2138
"2017-06-16:12 AM",80.0249
"2017-06-17:12 AM",81.7281
"2017-06-18:12 AM",74.2735
"2017-06-19:12 AM",71.8491
"2017-06-20:12 AM",75.8817
"2017-06-21:12 AM",78.8342
"2017-06-22:12 AM",78.1279
"2017-06-23:12 AM",77.3548
"2017-06-24:12 AM",69.4731
"2017-06-25:12 AM",68.2997
"2017-06-26:12 AM",64.0794
"2017-06-27:12 AM",68.3739
"2017-06-28:12 AM",77.1471
"2017-06-29:12 AM",77.8995
"2017-06-30:12 AM",77.0718
"2017-07-01:12 AM",75.6403
"2017-07-02:12 AM",76.5133
"2017-07-03:12 AM",79.1316
"2017-07-04:12 AM",74.8621
"2017-07-05:12 AM",72.5686
"2017-07-06:12 AM",77.9968
"2017-07-07:12 AM",80.4256
"2017-07-08:12 AM",77.9783
"2017-07-09:12 AM",79.416
"2017-07-10:12 AM",83.6555
"2017-07-11:12 AM",84.4497
"2017-07-12:12 AM",85.5415
"2017-07-13:12 AM",82.4463
"2017-07-14:12 AM",80.0082
"2017-07-15:12 AM",78.8398
"2017-07-16:12 AM",80.1522
"2017-07-17:12 AM",82.3298
"2017-07-18:12 AM",82.8361
"2017-07-19:12 AM",85.9055
"2017-07-20:12 AM",87.9975
"2017-07-21:12 AM",88.5013
"2017-07-22:12 AM",90.2007
"2017-07-23:12 AM",84.9726
"2017-07-24:12 AM",80.2974
"2017-07-25:12 AM",81.7174
"2017-07-26:12 AM",83.1691
"2017-07-27:12 AM",79.8163
"2017-07-28:12 AM",78.5253
"2017-07-29:12 AM",73.6448
"2017-07-30:12 AM",71.1475
"2017-07-31:12 AM",71.9375
"2017-08-01:12 AM",75.9234
"2017-08-02:12 AM",77.1053
"2017-08-03:12 AM",77.3605
"2017-08-04:12 AM",69.9271
"2017-08-05:12 AM",65.0541
"2017-08-06:12 AM",67.5898
"2017-08-07:12 AM",71.4231
"2017-08-08:12 AM",70.228
"2017-08-09:12 AM",71.6189
"2017-08-10:12 AM",76.3149
"2017-08-11:12 AM",74.5333
"2017-08-12:12 AM",70.5281
"2017-08-13:12 AM",69.0305
"2017-08-14:12 AM",73.9618
"2017-08-15:12 AM",76.951
"2017-08-16:12 AM",79.4777
"2017-08-17:12 AM",77.3875
"2017-08-18:12 AM",75.9153
"2017-08-19:12 AM",79.3036
"2017-08-20:12 AM",81.5785
"2017-08-21:12 AM",82.6147
"2017-08-22:12 AM",76.1229
"2017-08-23:12 AM",67.3144
"2017-08-24:12 AM",66.9553
"2017-08-25:12 AM",70.5351
"2017-08-26:12 AM",71.4184
"2017-08-27:12 AM",72.6469
"2017-08-28:12 AM",70.8121
"2017-08-29:12 AM",68.5879
"2017-08-30:12 AM",69.9231
"2017-08-31:12 AM",70.7279
"2017-09-01:12 AM",67.9125
"2017-09-02:12 AM",67.2939
"2017-09-03:12 AM",73.9773
"2017-09-04:12 AM",80.2213
"2017-09-05:12 AM",68.6635
"2017-09-06:12 AM",59.3242
"2017-09-07:12 AM",58.7822
"2017-09-08:12 AM",67.5955
"2017-09-09:12 AM",70.2259
"2017-09-10:12 AM",68.5256
"2017-09-11:12 AM",63.9981
"2017-09-12:12 AM",64.4652
"2017-09-13:12 AM",65.5117
"2017-09-14:12 AM",70.2966
"2017-09-15:12 AM",75.619
"2017-09-16:12 AM",76.5279
"2017-09-17:12 AM",70.6039
"2017-09-18:12 AM",71.1145
"2017-09-19:12 AM",74.4485
"2017-09-20:12 AM",80.8261
"2017-09-21:12 AM",81.2577
"2017-09-22:12 AM",80.299
"2017-09-23:12 AM",78.9386
"2017-09-24:12 AM",78.3023
"2017-09-25:12 AM",75.9672
"2017-09-26:12 AM",72.1845
"2017-09-27:12 AM",65.9631
"2017-09-28:12 AM",61.5592
"2017-09-29:12 AM",62.6005
"2017-09-30:12 AM",63.9009
"2017-10-01:12 AM",65.7766
"2017-10-02:12 AM",73.9222
"2017-10-03:12 AM",73.2641
"2017-10-04:12 AM",68.6899
"2017-10-05:12 AM",68.0117
"2017-10-06:12 AM",70.8831
"2017-10-07:12 AM",68.3708
"2017-10-08:12 AM",64.3248
"2017-10-09:12 AM",68.7612
"2017-10-10:12 AM",58.5984
"2017-10-11:12 AM",51.528
"2017-10-12:12 AM",56.1173
"2017-10-13:12 AM",65.604
"2017-10-14:12 AM",73.6491
"2017-10-15:12 AM",57.2185
"2017-10-16:12 AM",50.3112
"2017-10-17:12 AM",54.619
"2017-10-18:12 AM",58.2271
"2017-10-19:12 AM",62.4025
"2017-10-20:12 AM",63.9995
"2017-10-21:12 AM",67.8816
"2017-10-22:12 AM",57.1449
"2017-10-23:12 AM",54.0907
"2017-10-24:12 AM",48.9067
"2017-10-25:12 AM",49.5658
"2017-10-26:12 AM",59.0983
"2017-10-27:12 AM",42.8387
"2017-10-28:12 AM",34.5691
"2017-10-29:12 AM",39.5332
"2017-10-30:12 AM",46.1484
"2017-10-31:12 AM",36.766
"2017-11-01:12 AM",43.9378
"2017-11-02:12 AM",58.6947
"2017-11-03:12 AM",50.464
"2017-11-04:12 AM",56.1187
"2017-11-05:12 AM",58.0973
"2017-11-06:12 AM",42.4494
"2017-11-07:12 AM",41.8734
"2017-11-08:12 AM",39.1064
"2017-11-09:12 AM",40.5279
"2017-11-10:12 AM",33.5113
"2017-11-11:12 AM",39.6945
"2017-11-12:12 AM",46.0072
"2017-11-13:12 AM",42.0773
"2017-11-14:12 AM",47.2534
"2017-11-15:12 AM",51.7829
"2017-11-16:12 AM",40.4523
"2017-11-17:12 AM",50.5659
"2017-11-18:12 AM",52.8467
"2017-11-19:12 AM",36.6186
"2017-11-20:12 AM",44.3478
"2017-11-21:12 AM",45.0736
"2017-11-22:12 AM",31.0125
"2017-11-23:12 AM",39.2639
"2017-11-24:12 AM",52.8033
"2017-11-25:12 AM",51.337
"2017-11-26:12 AM",47.3313
"2017-11-27:12 AM",53.6414
"2017-11-28:12 AM",56.6949
"2017-11-29:12 AM",50.3836
"2017-11-30:12 AM",48.8169
"2017-12-01:12 AM",43.43
"2017-12-02:12 AM",48.1622
"2017-12-03:12 AM",53.8797
"2017-12-04:12 AM",60.418
"2017-12-05:12 AM",37.9152
"2017-12-06:12 AM",38.208
"2017-12-07:12 AM",26.6704
"2017-12-08:12 AM",25.9421
"2017-12-09:12 AM",30.452
"2017-12-10:12 AM",36.3042
"2017-12-11:12 AM",44.5879
"2017-12-12:12 AM",32.5821
"2017-12-13:12 AM",40.7165
"2017-12-14:12 AM",34.1994
"2017-12-15:12 AM",34.7724
"2017-12-16:12 AM",41.9513
"2017-12-17:12 AM",44.3221
"2017-12-18:12 AM",44.2566
"2017-12-19:12 AM",46.3987
"2017-12-20:12 AM",43.2837
"2017-12-21:12 AM",48.3211
"2017-12-22:12 AM",40.638
"2017-12-23:12 AM",29.3225
"2017-12-24:12 AM",24.343
"2017-12-25:12 AM",22.4292
"2017-12-26:12 AM",16.4871
"2017-12-27:12 AM",7.7846
"2017-12-28:12 AM",14.7114
"2017-12-29:12 AM",23.2099
"2017-12-30:12 AM",16.7022
"2017-12-31:12 AM",5.8732
"2018-01-01:12 AM",-0.3541
"2018-01-02:12 AM",5.7409
"2018-01-03:12 AM",17.5084
"2018-01-04:12 AM",11.9764
"2018-01-05:12 AM",17.3071
"2018-01-06:12 AM",16.6347
"2018-01-07:12 AM",30.3888
"2018-01-08:12 AM",34.9284
"2018-01-09:12 AM",34.9266
"2018-01-10:12 AM",44.7267
"2018-01-11:12 AM",43.639
"2018-01-12:12 AM",16.4863
"2018-01-13:12 AM",14.9709
"2018-01-14:12 AM",20.7176
"2018-01-15:12 AM",18.9048
"2018-01-16:12 AM",3.8748
"2018-01-17:12 AM",8.4693
"2018-01-18:12 AM",22.0114
"2018-01-19:12 AM",32.5256
"2018-01-20:12 AM",41.6998
"2018-01-21:12 AM",52.9826
"2018-01-22:12 AM",46.2814
"2018-01-23:12 AM",32.7355
"2018-01-24:12 AM",32.599
"2018-01-25:12 AM",41.4658
"2018-01-26:12 AM",47.0003
"2018-01-27:12 AM",46.5102
"2018-01-28:12 AM",38.8906
"2018-01-29:12 AM",26.44
"2018-01-30:12 AM",29.0343
"2018-01-31:12 AM",40.7104
"2018-02-01:12 AM",33.0417
"2018-02-02:12 AM",22.7401
"2018-02-03:12 AM",34.0702
"2018-02-04:12 AM",28.8711
"2018-02-05:12 AM",19.7931
"2018-02-06:12 AM",19.6025
"2018-02-07:12 AM",19.9918
"2018-02-08:12 AM",29.2689
"2018-02-09:12 AM",36.3173
"2018-02-10:12 AM",24.1947
"2018-02-11:12 AM",21.1759
"2018-02-12:12 AM",22.4893
"2018-02-13:12 AM",31.2049
"2018-02-14:12 AM",44.9065
"2018-02-15:12 AM",58.8681
"2018-02-16:12 AM",37.7323
"2018-02-17:12 AM",35.9119
"2018-02-18:12 AM",40.2372
"2018-02-19:12 AM",55.4369
"2018-02-20:12 AM",48.1959
"2018-02-21:12 AM",28.0643
"2018-02-22:12 AM",35.5323
"2018-02-23:12 AM",40.2107
"2018-02-24:12 AM",43.5994
"2018-02-25:12 AM",37.953
"2018-02-26:12 AM",43.0912
"2018-02-27:12 AM",50.8663
"2018-02-28:12 AM",54.5229
"2018-03-01:12 AM",47.7973
"2018-03-02:12 AM",40.7251
"2018-03-03:12 AM",45.0761
"2018-03-04:12 AM",46.569
"2018-03-05:12 AM",48.4012
"2018-03-06:12 AM",38.1553
"2018-03-07:12 AM",32.8449
"2018-03-08:12 AM",30.7164
"2018-03-09:12 AM",39.7515
"2018-03-10:12 AM",43.7481
"2018-03-11:12 AM",39.9763
"2018-03-12:12 AM",36.6928
"2018-03-13:12 AM",36.8641
"2018-03-14:12 AM",39.2661
"2018-03-15:12 AM",51.8679
"2018-03-16:12 AM",50.1958
"2018-03-17:12 AM",46.1448
"2018-03-18:12 AM",42.4821
"2018-03-19:12 AM",43.3864
"2018-03-20:12 AM",40.7016
"2018-03-21:12 AM",39.0274
"2018-03-22:12 AM",44.4429
"2018-03-23:12 AM",49.793
"2018-03-24:12 AM",49.6303
"2018-03-25:12 AM",40.3623
"2018-03-26:12 AM",46.4488
"2018-03-27:12 AM",50.956
"2018-03-28:12 AM",46.6754
"2018-03-29:12 AM",46.1577
"2018-03-30:12 AM",43.1488
"2018-03-31:12 AM",49.6796
"2018-04-01:12 AM",32.378
"2018-04-02:12 AM",31.5577
"2018-04-03:12 AM",45.2998
"2018-04-04:12 AM",32.2779
"2018-04-05:12 AM",43.3531
"2018-04-06:12 AM",41.3794
"2018-04-07:12 AM",31.4233
"2018-04-08:12 AM",32.0866
"2018-04-09:12 AM",38.8182
"2018-04-10:12 AM",38.9332
"2018-04-11:12 AM",55.2371
"2018-04-12:12 AM",64.9008
"2018-04-13:12 AM",67.4092
"2018-04-14:12 AM",52.8206
"2018-04-15:12 AM",35.1975
"2018-04-16:12 AM",35.6709
"2018-04-17:12 AM",46.9713
"2018-04-18:12 AM",51.7485
"2018-04-19:12 AM",42.8545
"2018-04-20:12 AM",47.3335
"2018-04-21:12 AM",54.0133
"2018-04-22:12 AM",55.45
"2018-04-23:12 AM",56.6269
"2018-04-24:12 AM",59.1825
"2018-04-25:12 AM",54.4762
"2018-04-26:12 AM",54.817
"2018-04-27:12 AM",56.9473
"2018-04-28:12 AM",55.6659
"2018-04-29:12 AM",54.298
"2018-04-30:12 AM",62.4578
"2018-05-01:12 AM",67.7451
"2018-05-02:12 AM",70.3963
"2018-05-03:12 AM",70.4579
"2018-05-04:12 AM",67.2031
"2018-05-05:12 AM",65.5194
"2018-05-06:12 AM",68.2018
"2018-05-07:12 AM",68.7526
"2018-05-08:12 AM",69.8097
"2018-05-09:12 AM",74.5531
"2018-05-10:12 AM",71.6518
"2018-05-11:12 AM",72.9219
"2018-05-12:12 AM",74.3225
"2018-05-13:12 AM",76.1173
"2018-05-14:12 AM",77.1386
"2018-05-15:12 AM",73.3197
"2018-05-16:12 AM",70.0524
"2018-05-17:12 AM",69.7273
"2018-05-18:12 AM",69.8337
"2018-05-19:12 AM",72.5729
"2018-05-20:12 AM",71.7631
"2018-05-21:12 AM",70.3251
"2018-05-22:12 AM",72.358
"2018-05-23:12 AM",74.4368
"2018-05-24:12 AM",74.813
"2018-05-25:12 AM",76.3696
"2018-05-26:12 AM",78.7726
"2018-05-27:12 AM",81.5988
"2018-05-28:12 AM",80.8569
"2018-05-29:12 AM",77.4939
"2018-05-30:12 AM",77.0274
"2018-05-31:12 AM",80.4063
"2018-06-01:12 AM",81.5063
"2018-06-02:12 AM",80.8304
"2018-06-03:12 AM",72.9817
"2018-06-04:12 AM",68.4523
"2018-06-05:12 AM",74.2665
"2018-06-06:12 AM",78.285
"2018-06-07:12 AM",80.634
"2018-06-08:12 AM",81.3902
"2018-06-09:12 AM",82.6855
"2018-06-10:12 AM",85.0217
"2018-06-11:12 AM",83.8972
"2018-06-12:12 AM",81.8031
"2018-06-13:12 AM",80.7773
"2018-06-14:12 AM",81.9694
"2018-06-15:12 AM",86.0715
"2018-06-16:12 AM",85.8544
"2018-06-17:12 AM",86.4826
"2018-06-18:12 AM",85.2966
"2018-06-19:12 AM",82.9312
"2018-06-20:12 AM",78.0723
"2018-06-21:12 AM",71.9652
"2018-06-22:12 AM",70.2118
"2018-06-23:12 AM",72.5441
"2018-06-24:12 AM",74.4503
"2018-06-25:12 AM",76.1821
"2018-06-26:12 AM",80.1898
"2018-06-27:12 AM",81.6868
"2018-06-28:12 AM",88.2131
"2018-06-29:12 AM",88.4122
"2018-06-30:12 AM",87.7689
"2018-07-01:12 AM",82.6432
"2018-07-02:12 AM",82.0771
"2018-07-03:12 AM",85.0291
"2018-07-04:12 AM",86.3535
"2018-07-05:12 AM",86.695
"2018-07-06:12 AM",83.3182
"2018-07-07:12 AM",77.7065
"2018-07-08:12 AM",77.1562
"2018-07-09:12 AM",83.4868
"2018-07-10:12 AM",86.1433
"2018-07-11:12 AM",86.5414
"2018-07-12:12 AM",86.0547
"2018-07-13:12 AM",85.8823
"2018-07-14:12 AM",83.4508
"2018-07-15:12 AM",81.3389
"2018-07-16:12 AM",84.8305
"2018-07-17:12 AM",82.5971
"2018-07-18:12 AM",77.9853
"2018-07-19:12 AM",81.7412
"2018-07-20:12 AM",84.531
"2018-07-21:12 AM",80.5381
"2018-07-22:12 AM",77.6273
"2018-07-23:12 AM",76.7224
"2018-07-24:12 AM",79.3157
"2018-07-25:12 AM",79.1404
"2018-07-26:12 AM",76.5833
"2018-07-27:12 AM",75.5812
"2018-07-28:12 AM",71.499
"2018-07-29:12 AM",70.2003
"2018-07-30:12 AM",70.0905
"2018-07-31:12 AM",71.6686
"2018-08-01:12 AM",74.1927
"2018-08-02:12 AM",79.0302
"2018-08-03:12 AM",81.9561
"2018-08-04:12 AM",82.3923
"2018-08-05:12 AM",84.5136
"2018-08-06:12 AM",85.6321
"2018-08-07:12 AM",78.402
"2018-08-08:12 AM",78.5646
"2018-08-09:12 AM",78.5548
"2018-08-10:12 AM",80.7168
"2018-08-11:12 AM",80.0757
"2018-08-12:12 AM",79.1843
"2018-08-13:12 AM",78.6355
"2018-08-14:12 AM",72.5477
"2018-08-15:12 AM",73.8905
"2018-08-16:12 AM",79.4997
"2018-08-17:12 AM",77.8442
"2018-08-18:12 AM",77.3987
"2018-08-19:12 AM",75.3674
"2018-08-20:12 AM",71.5618
"2018-08-21:12 AM",72.1299
"2018-08-22:12 AM",70.4161
"2018-08-23:12 AM",66.8547
"2018-08-24:12 AM",73.4839
"2018-08-25:12 AM",81.8254
"2018-08-26:12 AM",83.9952
"2018-08-27:12 AM",85.2537
"2018-08-28:12 AM",85.6062
"2018-08-29:12 AM",75.0004
"2018-08-30:12 AM",72.9964
"2018-08-31:12 AM",76.1502
"2018-09-01:12 AM",80.5269
"2018-09-02:12 AM",79.1544
"2018-09-03:12 AM",79.7873
"2018-09-04:12 AM",80.161
"2018-09-05:12 AM",77.0655
"2018-09-06:12 AM",74.2662
"2018-09-07:12 AM",69.7519
"2018-09-08:12 AM",64.425
"2018-09-09:12 AM",61.6455
"2018-09-10:12 AM",63.511
"2018-09-11:12 AM",65.9104
"2018-09-12:12 AM",66.8853
"2018-09-13:12 AM",70.9626
"2018-09-14:12 AM",75.232
"2018-09-15:12 AM",75.5636
"2018-09-16:12 AM",75.5015
"2018-09-17:12 AM",74.7565
"2018-09-18:12 AM",77.4378
"2018-09-19:12 AM",79.1946
"2018-09-20:12 AM",81.6942
"2018-09-21:12 AM",73.0008
"2018-09-22:12 AM",60.3291
"2018-09-23:12 AM",61.3166
"2018-09-24:12 AM",67.1454
"2018-09-25:12 AM",71.5856
"2018-09-26:12 AM",59.1316
"2018-09-27:12 AM",56.0372
"2018-09-28:12 AM",57.8435
"2018-09-29:12 AM",57.153
"2018-09-30:12 AM",65.7892
"2018-10-01:12 AM",69.5313
"2018-10-02:12 AM",71.9215
"2018-10-03:12 AM",78.384
"2018-10-04:12 AM",66.1523
"2018-10-05:12 AM",70.3899
"2018-10-06:12 AM",69.7663
"2018-10-07:12 AM",67.5127
"2018-10-08:12 AM",72.6229
"2018-10-09:12 AM",72.4431
"2018-10-10:12 AM",60.7152
"2018-10-11:12 AM",47.1173
"2018-10-12:12 AM",44.254
"2018-10-13:12 AM",45.3438
"2018-10-14:12 AM",47.966
"2018-10-15:12 AM",40.3916
"2018-10-16:12 AM",41.7119
"2018-10-17:12 AM",50.2018
"2018-10-18:12 AM",49.3405
"2018-10-19:12 AM",51.2794
"2018-10-20:12 AM",52.752
"2018-10-21:12 AM",42.6702
"2018-10-22:12 AM",51.0602
"2018-10-23:12 AM",52.2313
"2018-10-24:12 AM",48.3957
"2018-10-25:12 AM",48.2914
"2018-10-26:12 AM",47.8362
"2018-10-27:12 AM",51.5799
"2018-10-28:12 AM",55.8307
"2018-10-29:12 AM",53.7004
"2018-10-30:12 AM",61.4878
"2018-10-31:12 AM",54.601
"2018-11-01:12 AM",46.207
"2018-11-02:12 AM",44.3698
"2018-11-03:12 AM",46.4031
"2018-11-04:12 AM",49.2967
"2018-11-05:12 AM",45.8132
"2018-11-06:12 AM",47.1322
"2018-11-07:12 AM",41.7241
"2018-11-08:12 AM",37.0495
"2018-11-09:12 AM",31.9044
"2018-11-10:12 AM",24.2481
"2018-11-11:12 AM",32.5074
"2018-11-12:12 AM",30.7474
"2018-11-13:12 AM",21.151
"2018-11-14:12 AM",23.5468
"2018-11-15:12 AM",29.374
"2018-11-16:12 AM",38.9687
"2018-11-17:12 AM",41.7749
"2018-11-18:12 AM",33.6398
"2018-11-19:12 AM",35.3455
"2018-11-20:12 AM",32.5321
"2018-11-21:12 AM",40.0431
"2018-11-22:12 AM",44.6979
"2018-11-23:12 AM",45.6877
"2018-11-24:12 AM",48.835
"2018-11-25:12 AM",43.4647
"2018-11-26:12 AM",24.5388
"2018-11-27:12 AM",21.8574
"2018-11-28:12 AM",27.8065
"2018-11-29:12 AM",40.8654
"2018-11-30:12 AM",43.7382
"2018-12-01:12 AM",51.3009
"2018-12-02:12 AM",39.3219
"2018-12-03:12 AM",32.5879
"2018-12-04:12 AM",28.5706
"2018-12-05:12 AM",31.6666
"2018-12-06:12 AM",32.2626
"2018-12-07:12 AM",27.2041
"2018-12-08:12 AM",26.9042
"2018-12-09:12 AM",24.4645
"2018-12-10:12 AM",26.1055
"2018-12-11:12 AM",36.1893
"2018-12-12:12 AM",41.68
"2018-12-13:12 AM",46.2333
"2018-12-14:12 AM",41.1429
"2018-12-15:12 AM",38.3859
"2018-12-16:12 AM",40.1727
"2018-12-17:12 AM",38.6973
"2018-12-18:12 AM",41.0027
"2018-12-19:12 AM",45.1461
"2018-12-20:12 AM",42.1756
"2018-12-21:12 AM",34.1766
"2018-12-22:12 AM",37.3912
"2018-12-23:12 AM",36.5184
"2018-12-24:12 AM",37.706
"2018-12-25:12 AM",40.9523
"2018-12-26:12 AM",43.5911
"2018-12-27:12 AM",50.3953
"2018-12-28:12 AM",31.4613
"2018-12-29:12 AM",25.9434
"2018-12-30:12 AM",31.2165
"2018-12-31:12 AM",38.6793
"2019-01-01:12 AM",31.0127
"2019-01-02:12 AM",29.1875
"2019-01-03:12 AM",31.7178
"2019-01-04:12 AM",36.0588
"2019-01-05:12 AM",41.3526
"2019-01-06:12 AM",47.3349
"2019-01-07:12 AM",54.7099
"2019-01-08:12 AM",45.6503
"2019-01-09:12 AM",33.4231
"2019-01-10:12 AM",29.9964
"2019-01-11:12 AM",32.2896
"2019-01-12:12 AM",32.2277
"2019-01-13:12 AM",30.5202
"2019-01-14:12 AM",29.5668
"2019-01-15:12 AM",32.3861
"2019-01-16:12 AM",34.9979
"2019-01-17:12 AM",36.7803
"2019-01-18:12 AM",35.9373
"2019-01-19:12 AM",27.4941
"2019-01-20:12 AM",16.407
"2019-01-21:12 AM",21.0657
"2019-01-22:12 AM",35.2924
"2019-01-23:12 AM",26.6477
"2019-01-24:12 AM",25.1949
"2019-01-25:12 AM",20.0592
"2019-01-26:12 AM",28.3996
"2019-01-27:12 AM",29.6613
"2019-01-28:12 AM",31.2931
"2019-01-29:12 AM",20.0253
"2019-01-30:12 AM",6.7174
"2019-01-31:12 AM",15.5768
"2019-02-01:12 AM",31.2858
"2019-02-02:12 AM",44.0854
"2019-02-03:12 AM",53.0962
"2019-02-04:12 AM",50.9013
"2019-02-05:12 AM",33.8664
"2019-02-06:12 AM",37.4346
"2019-02-07:12 AM",29.6938
"2019-02-08:12 AM",15.3151
"2019-02-09:12 AM",20.516
"2019-02-10:12 AM",30.4556
"2019-02-11:12 AM",34.536
"2019-02-12:12 AM",33.7874
"2019-02-13:12 AM",34.8341
"2019-02-14:12 AM",43.5321
"2019-02-15:12 AM",23.4424
"2019-02-16:12 AM",21.7011
"2019-02-17:12 AM",28.9767
"2019-02-18:12 AM",23.8696
"2019-02-19:12 AM",26.4936
"2019-02-20:12 AM",33.1372
"2019-02-21:12 AM",31.5073
"2019-02-22:12 AM",33.7428
"2019-02-23:12 AM",43.8465
"2019-02-24:12 AM",32.1598
"2019-02-25:12 AM",28.9666
"2019-02-26:12 AM",34.8046
"2019-02-27:12 AM",33.6229
"2019-02-28:12 AM",23.8363
"2019-03-01:12 AM",29.7225
"2019-03-02:12 AM",29.7275
"2019-03-03:12 AM",20.3524
"2019-03-04:12 AM",10.195
"2019-03-05:12 AM",16.7043
"2019-03-06:12 AM",21.574
"2019-03-07:12 AM",32.1523
"2019-03-08:12 AM",36.0457
"2019-03-09:12 AM",44.7231
"2019-03-10:12 AM",37.2013
"2019-03-11:12 AM",39.0762
"2019-03-12:12 AM",43.6989
"2019-03-13:12 AM",54.685
"2019-03-14:12 AM",48.2644
"2019-03-15:12 AM",38.5459