"DateTime","(deg F) Mean Temperature (CFSR) at Mississippi, 2010-01-01 to 2019-03-14"
"2010-01-01:12 AM",39.5665
"2010-01-02:12 AM",32.8197
"2010-01-03:12 AM",30.8977
"2010-01-04:12 AM",27.9309
"2010-01-05:12 AM",25.3983
"2010-01-06:12 AM",28.2168
"2010-01-07:12 AM",32.7283
"2010-01-08:12 AM",22.3644
"2010-01-09:12 AM",22.6004
"2010-01-10:12 AM",22.9874
"2010-01-11:12 AM",29.421
"2010-01-12:12 AM",32.9967
"2010-01-13:12 AM",30.9547
"2010-01-14:12 AM",38.4067
"2010-01-15:12 AM",43.158
"2010-01-16:12 AM",49.9545
"2010-01-17:12 AM",47.6818
"2010-01-18:12 AM",48.7303
"2010-01-19:12 AM",52.0486
"2010-01-20:12 AM",58.359
"2010-01-21:12 AM",62.4031
"2010-01-22:12 AM",51.9413
"2010-01-23:12 AM",53.4562
"2010-01-24:12 AM",56.8801
"2010-01-25:12 AM",45.1945
"2010-01-26:12 AM",42.179
"2010-01-27:12 AM",42.0544
"2010-01-28:12 AM",48.0227
"2010-01-29:12 AM",43.9758
"2010-01-30:12 AM",34.6095
"2010-01-31:12 AM",32.1827
"2010-02-01:12 AM",36.9352
"2010-02-02:12 AM",41.7531
"2010-02-03:12 AM",41.6898
"2010-02-04:12 AM",44.3919
"2010-02-05:12 AM",46.3559
"2010-02-06:12 AM",40.7545
"2010-02-07:12 AM",36.2241
"2010-02-08:12 AM",39.5679
"2010-02-09:12 AM",39.5685
"2010-02-10:12 AM",32.6746
"2010-02-11:12 AM",34.1598
"2010-02-12:12 AM",33.2051
"2010-02-13:12 AM",35.5237
"2010-02-14:12 AM",40.375
"2010-02-15:12 AM",34.4291
"2010-02-16:12 AM",32.5951
"2010-02-17:12 AM",34.1532
"2010-02-18:12 AM",37.2985
"2010-02-19:12 AM",41.3235
"2010-02-20:12 AM",46.7125
"2010-02-21:12 AM",50.4068
"2010-02-22:12 AM",51.3711
"2010-02-23:12 AM",41.1964
"2010-02-24:12 AM",37.7294
"2010-02-25:12 AM",34.7974
"2010-02-26:12 AM",41.1148
"2010-02-27:12 AM",43.167
"2010-02-28:12 AM",42.7582
"2010-03-01:12 AM",43.5893
"2010-03-02:12 AM",39.7904
"2010-03-03:12 AM",39.1699
"2010-03-04:12 AM",39.7056
"2010-03-05:12 AM",42.683
"2010-03-06:12 AM",45.0896
"2010-03-07:12 AM",48.4336
"2010-03-08:12 AM",53.5991
"2010-03-09:12 AM",55.6498
"2010-03-10:12 AM",63.7743
"2010-03-11:12 AM",64.0488
"2010-03-12:12 AM",55.8977
"2010-03-13:12 AM",48.1372
"2010-03-14:12 AM",50.1132
"2010-03-15:12 AM",50.9421
"2010-03-16:12 AM",50.4282
"2010-03-17:12 AM",50.5641
"2010-03-18:12 AM",51.7919
"2010-03-19:12 AM",53.2422
"2010-03-20:12 AM",55.8397
"2010-03-21:12 AM",44.875
"2010-03-22:12 AM",43.2981
"2010-03-23:12 AM",53.2576
"2010-03-24:12 AM",58.1144
"2010-03-25:12 AM",59.8901
"2010-03-26:12 AM",51.9094
"2010-03-27:12 AM",54.6305
"2010-03-28:12 AM",55.1053
"2010-03-29:12 AM",52.4392
"2010-03-30:12 AM",53.1934
"2010-03-31:12 AM",59.3557
"2010-04-01:12 AM",62.2341
"2010-04-02:12 AM",64.5487
"2010-04-03:12 AM",66.9511
"2010-04-04:12 AM",68.4815
"2010-04-05:12 AM",68.9707
"2010-04-06:12 AM",68.3715
"2010-04-07:12 AM",70.3854
"2010-04-08:12 AM",59.5944
"2010-04-09:12 AM",54.9241
"2010-04-10:12 AM",59.7465
"2010-04-11:12 AM",61.6431
"2010-04-12:12 AM",64.5364
"2010-04-13:12 AM",66.3894
"2010-04-14:12 AM",67.7604
"2010-04-15:12 AM",69.0397
"2010-04-16:12 AM",68.6442
"2010-04-17:12 AM",67.9784
"2010-04-18:12 AM",64.0177
"2010-04-19:12 AM",59.4437
"2010-04-20:12 AM",60.2532
"2010-04-21:12 AM",62.3079
"2010-04-22:12 AM",68.6673
"2010-04-23:12 AM",70.5115
"2010-04-24:12 AM",72.1092
"2010-04-25:12 AM",68.6017
"2010-04-26:12 AM",64.1188
"2010-04-27:12 AM",60.2647
"2010-04-28:12 AM",59.1186
"2010-04-29:12 AM",66.2913
"2010-04-30:12 AM",70.5186
"2010-05-01:12 AM",74.982
"2010-05-02:12 AM",73.6864
"2010-05-03:12 AM",72.8222
"2010-05-04:12 AM",73.0458
"2010-05-05:12 AM",73.9785
"2010-05-06:12 AM",74.6692
"2010-05-07:12 AM",77.1276
"2010-05-08:12 AM",68.0592
"2010-05-09:12 AM",60.9426
"2010-05-10:12 AM",65.9035
"2010-05-11:12 AM",75.0263
"2010-05-12:12 AM",79.1204
"2010-05-13:12 AM",80.1954
"2010-05-14:12 AM",79.844
"2010-05-15:12 AM",75.2398
"2010-05-16:12 AM",73.2456
"2010-05-17:12 AM",73.8918
"2010-05-18:12 AM",72.0766
"2010-05-19:12 AM",71.222
"2010-05-20:12 AM",74.709
"2010-05-21:12 AM",76.2654
"2010-05-22:12 AM",80.6644
"2010-05-23:12 AM",81.8904
"2010-05-24:12 AM",81.4068
"2010-05-25:12 AM",79.9554
"2010-05-26:12 AM",77.9815
"2010-05-27:12 AM",78.2465
"2010-05-28:12 AM",79.1004
"2010-05-29:12 AM",77.4381
"2010-05-30:12 AM",77.4826
"2010-05-31:12 AM",77.8937
"2010-06-01:12 AM",79.0084
"2010-06-02:12 AM",79.6136
"2010-06-03:12 AM",77.3058
"2010-06-04:12 AM",76.0701
"2010-06-05:12 AM",77.1303
"2010-06-06:12 AM",83.2089
"2010-06-07:12 AM",81.1794
"2010-06-08:12 AM",82.0044
"2010-06-09:12 AM",84.8467
"2010-06-10:12 AM",83.4951
"2010-06-11:12 AM",85.3572
"2010-06-12:12 AM",87.8205
"2010-06-13:12 AM",88.1881
"2010-06-14:12 AM",88.1578
"2010-06-15:12 AM",86.1755
"2010-06-16:12 AM",83.1574
"2010-06-17:12 AM",85.5349
"2010-06-18:12 AM",85.4825
"2010-06-19:12 AM",86.5699
"2010-06-20:12 AM",87.3734
"2010-06-21:12 AM",87.5016
"2010-06-22:12 AM",84.3309
"2010-06-23:12 AM",82.1224
"2010-06-24:12 AM",85.9806
"2010-06-25:12 AM",86.5782
"2010-06-26:12 AM",87.6407
"2010-06-27:12 AM",87.4864
"2010-06-28:12 AM",83.8164
"2010-06-29:12 AM",80.6612
"2010-06-30:12 AM",78.0676
"2010-07-01:12 AM",79.4359
"2010-07-02:12 AM",79.6449
"2010-07-03:12 AM",82.9974
"2010-07-04:12 AM",81.739
"2010-07-05:12 AM",80.1916
"2010-07-06:12 AM",78.8184
"2010-07-07:12 AM",82.0157
"2010-07-08:12 AM",83.8447
"2010-07-09:12 AM",85.3997
"2010-07-10:12 AM",81.7443
"2010-07-11:12 AM",80.8898
"2010-07-12:12 AM",85.852
"2010-07-13:12 AM",86.4867
"2010-07-14:12 AM",87.4971
"2010-07-15:12 AM",87.899
"2010-07-16:12 AM",84.5722
"2010-07-17:12 AM",82.1889
"2010-07-18:12 AM",80.8435
"2010-07-19:12 AM",83.4325
"2010-07-20:12 AM",84.7256
"2010-07-21:12 AM",87.0463
"2010-07-22:12 AM",87.9804
"2010-07-23:12 AM",87.8025
"2010-07-24:12 AM",86.5868
"2010-07-25:12 AM",84.4257
"2010-07-26:12 AM",82.5521
"2010-07-27:12 AM",80.767
"2010-07-28:12 AM",82.8138
"2010-07-29:12 AM",83.1866
"2010-07-30:12 AM",86.4901
"2010-07-31:12 AM",88.7256
"2010-08-01:12 AM",91.0112
"2010-08-02:12 AM",90.5068
"2010-08-03:12 AM",91.8334
"2010-08-04:12 AM",90.2626
"2010-08-05:12 AM",86.3465
"2010-08-06:12 AM",83.6055
"2010-08-07:12 AM",83.3851
"2010-08-08:12 AM",83.5282
"2010-08-09:12 AM",82.8716
"2010-08-10:12 AM",83.9793
"2010-08-11:12 AM",86.234
"2010-08-12:12 AM",86.7996
"2010-08-13:12 AM",85.5775
"2010-08-14:12 AM",85.271
"2010-08-15:12 AM",85.4632
"2010-08-16:12 AM",84.1285
"2010-08-17:12 AM",80.9791
"2010-08-18:12 AM",79.844
"2010-08-19:12 AM",82.4414
"2010-08-20:12 AM",83.2694
"2010-08-21:12 AM",85.1184
"2010-08-22:12 AM",86.1186
"2010-08-23:12 AM",83.3014
"2010-08-24:12 AM",80.348
"2010-08-25:12 AM",79.1998
"2010-08-26:12 AM",79.041
"2010-08-27:12 AM",79.4073
"2010-08-28:12 AM",78.775
"2010-08-29:12 AM",74.7588
"2010-08-30:12 AM",76.9505
"2010-08-31:12 AM",77.5947
"2010-09-01:12 AM",80.1311
"2010-09-02:12 AM",79.6953
"2010-09-03:12 AM",79.0603
"2010-09-04:12 AM",72.6505
"2010-09-05:12 AM",70.5393
"2010-09-06:12 AM",76.5309
"2010-09-07:12 AM",81.6183
"2010-09-08:12 AM",80.3088
"2010-09-09:12 AM",81.6649
"2010-09-10:12 AM",81.705
"2010-09-11:12 AM",81.8834
"2010-09-12:12 AM",79.9776
"2010-09-13:12 AM",73.6867
"2010-09-14:12 AM",76.5126
"2010-09-15:12 AM",79.7477
"2010-09-16:12 AM",81.7156
"2010-09-17:12 AM",82.9715
"2010-09-18:12 AM",81.5081
"2010-09-19:12 AM",79.2135
"2010-09-20:12 AM",81.6249
"2010-09-21:12 AM",81.6015
"2010-09-22:12 AM",80.6434
"2010-09-23:12 AM",80.328
"2010-09-24:12 AM",80.294
"2010-09-25:12 AM",77.5753
"2010-09-26:12 AM",71.2029
"2010-09-27:12 AM",65.5045
"2010-09-28:12 AM",63.6766
"2010-09-29:12 AM",66.7508
"2010-09-30:12 AM",68.2743
"2010-10-01:12 AM",69.8693
"2010-10-02:12 AM",66.0846
"2010-10-03:12 AM",61.1004
"2010-10-04:12 AM",55.994
"2010-10-05:12 AM",56.4975
"2010-10-06:12 AM",59.0513
"2010-10-07:12 AM",62.8732
"2010-10-08:12 AM",68.7792
"2010-10-09:12 AM",70.8436
"2010-10-10:12 AM",72.3695
"2010-10-11:12 AM",72.6237
"2010-10-12:12 AM",71.7256
"2010-10-13:12 AM",66.5136
"2010-10-14:12 AM",65.5714
"2010-10-15:12 AM",61.7706
"2010-10-16:12 AM",62.3469
"2010-10-17:12 AM",63.2412
"2010-10-18:12 AM",68.3467
"2010-10-19:12 AM",68.8269
"2010-10-20:12 AM",64.7377
"2010-10-21:12 AM",63.7799
"2010-10-22:12 AM",66.2095
"2010-10-23:12 AM",68.8393
"2010-10-24:12 AM",70.9695
"2010-10-25:12 AM",74.1501
"2010-10-26:12 AM",74.997
"2010-10-27:12 AM",72.7389
"2010-10-28:12 AM",65.4433
"2010-10-29:12 AM",53.0901
"2010-10-30:12 AM",53.3831
"2010-10-31:12 AM",59.0148
"2010-11-01:12 AM",64.0728
"2010-11-02:12 AM",64.1649
"2010-11-03:12 AM",61.2786
"2010-11-04:12 AM",54.8301
"2010-11-05:12 AM",47.7178
"2010-11-06:12 AM",44.2926
"2010-11-07:12 AM",45.7408
"2010-11-08:12 AM",50.4945
"2010-11-09:12 AM",55.9083
"2010-11-10:12 AM",58.6035
"2010-11-11:12 AM",60.1615
"2010-11-12:12 AM",61.6329
"2010-11-13:12 AM",60.9692
"2010-11-14:12 AM",52.7373
"2010-11-15:12 AM",51.5671
"2010-11-16:12 AM",53.6729
"2010-11-17:12 AM",48.7845
"2010-11-18:12 AM",53.1646
"2010-11-19:12 AM",52.3645
"2010-11-20:12 AM",54.7808
"2010-11-21:12 AM",61.1154
"2010-11-22:12 AM",66.0375
"2010-11-23:12 AM",67.0077
"2010-11-24:12 AM",67.224
"2010-11-25:12 AM",67.8175
"2010-11-26:12 AM",44.0674
"2010-11-27:12 AM",40.293
"2010-11-28:12 AM",44.9568
"2010-11-29:12 AM",53.6293
"2010-11-30:12 AM",51.7566
"2010-12-01:12 AM",38.7977
"2010-12-02:12 AM",43.1069
"2010-12-03:12 AM",49.0314
"2010-12-04:12 AM",55.4693
"2010-12-05:12 AM",39.9202
"2010-12-06:12 AM",33.2668
"2010-12-07:12 AM",34.2019
"2010-12-08:12 AM",34.4811
"2010-12-09:12 AM",34.104
"2010-12-10:12 AM",40.2984
"2010-12-11:12 AM",53.0073
"2010-12-12:12 AM",35.8734
"2010-12-13:12 AM",27.7156
"2010-12-14:12 AM",30.0522
"2010-12-15:12 AM",42.3054
"2010-12-16:12 AM",56.3331
"2010-12-17:12 AM",40.327
"2010-12-18:12 AM",39.2772
"2010-12-19:12 AM",37.0146
"2010-12-20:12 AM",43.5267
"2010-12-21:12 AM",57.4425
"2010-12-22:12 AM",56.1274
"2010-12-23:12 AM",39.949
"2010-12-24:12 AM",40.1356
"2010-12-25:12 AM",39.2095
"2010-12-26:12 AM",32.8552
"2010-12-27:12 AM",29.7855
"2010-12-28:12 AM",34.7961
"2010-12-29:12 AM",45.8931
"2010-12-30:12 AM",56.466
"2010-12-31:12 AM",63.4545
"2011-01-01:12 AM",52.3699
"2011-01-02:12 AM",35.7933
"2011-01-03:12 AM",35.4594
"2011-01-04:12 AM",43.0072
"2011-01-05:12 AM",50.869
"2011-01-06:12 AM",44.7204
"2011-01-07:12 AM",47.678
"2011-01-08:12 AM",41.4289
"2011-01-09:12 AM",31.1077
"2011-01-10:12 AM",33.7228
"2011-01-11:12 AM",32.8705
"2011-01-12:12 AM",24.7221
"2011-01-13:12 AM",25.261
"2011-01-14:12 AM",29.3734
"2011-01-15:12 AM",36.5803
"2011-01-16:12 AM",41.2963
"2011-01-17:12 AM",46.2607
"2011-01-18:12 AM",51.2119
"2011-01-19:12 AM",43.3011
"2011-01-20:12 AM",41.139
"2011-01-21:12 AM",32.6572
"2011-01-22:12 AM",32.061
"2011-01-23:12 AM",37.7353
"2011-01-24:12 AM",43.5576
"2011-01-25:12 AM",44.5379
"2011-01-26:12 AM",39.0652
"2011-01-27:12 AM",41.4928
"2011-01-28:12 AM",46.7604
"2011-01-29:12 AM",53.3874
"2011-01-30:12 AM",54.2914
"2011-01-31:12 AM",56.1252
"2011-02-01:12 AM",54.1996
"2011-02-02:12 AM",30.8719
"2011-02-03:12 AM",29.4598
"2011-02-04:12 AM",33.8223
"2011-02-05:12 AM",33.1718
"2011-02-06:12 AM",39.3418
"2011-02-07:12 AM",41.5621
"2011-02-08:12 AM",34.9034
"2011-02-09:12 AM",35.2324
"2011-02-10:12 AM",27.5455
"2011-02-11:12 AM",27.6001
"2011-02-12:12 AM",36.4312
"2011-02-13:12 AM",43.0164
"2011-02-14:12 AM",49.498
"2011-02-15:12 AM",53.1986
"2011-02-16:12 AM",56.6742
"2011-02-17:12 AM",58.3129
"2011-02-18:12 AM",60.7568
"2011-02-19:12 AM",61.6336
"2011-02-20:12 AM",62.5883
"2011-02-21:12 AM",63.0772
"2011-02-22:12 AM",56.9185
"2011-02-23:12 AM",55.7136
"2011-02-24:12 AM",66.0256
"2011-02-25:12 AM",56.458
"2011-02-26:12 AM",53.5021
"2011-02-27:12 AM",67.5387
"2011-02-28:12 AM",66.7162
"2011-03-01:12 AM",49.3299
"2011-03-02:12 AM",53.4528
"2011-03-03:12 AM",58.8699
"2011-03-04:12 AM",60.5323
"2011-03-05:12 AM",58.4037
"2011-03-06:12 AM",42.4162
"2011-03-07:12 AM",41.9094
"2011-03-08:12 AM",51.7366
"2011-03-09:12 AM",60.8263
"2011-03-10:12 AM",45.1584
"2011-03-11:12 AM",46.177
"2011-03-12:12 AM",54.739
"2011-03-13:12 AM",59.769
"2011-03-14:12 AM",60.5991
"2011-03-15:12 AM",50.3469
"2011-03-16:12 AM",50.7672
"2011-03-17:12 AM",60.6868
"2011-03-18:12 AM",65.1801
"2011-03-19:12 AM",66.702
"2011-03-20:12 AM",66.8595
"2011-03-21:12 AM",65.939
"2011-03-22:12 AM",68.0463
"2011-03-23:12 AM",67.95
"2011-03-24:12 AM",59.5902
"2011-03-25:12 AM",55.8624
"2011-03-26:12 AM",66.4911
"2011-03-27:12 AM",57.3393
"2011-03-28:12 AM",53.9029
"2011-03-29:12 AM",56.6413
"2011-03-30:12 AM",54.1477
"2011-03-31:12 AM",49.0728
"2011-04-01:12 AM",55.2839
"2011-04-02:12 AM",61.4934
"2011-04-03:12 AM",67.8438
"2011-04-04:12 AM",68.5414
"2011-04-05:12 AM",50.05
"2011-04-06:12 AM",55.337
"2011-04-07:12 AM",64.8552
"2011-04-08:12 AM",73.1034
"2011-04-09:12 AM",74.4571
"2011-04-10:12 AM",75.4664
"2011-04-11:12 AM",72.3232
"2011-04-12:12 AM",62.2796
"2011-04-13:12 AM",62.3642
"2011-04-14:12 AM",65.971
"2011-04-15:12 AM",69.1695
"2011-04-16:12 AM",56.5556
"2011-04-17:12 AM",57.7161
"2011-04-18:12 AM",66.2353
"2011-04-19:12 AM",76.1959
"2011-04-20:12 AM",75.0177
"2011-04-21:12 AM",70.3713
"2011-04-22:12 AM",73.996
"2011-04-23:12 AM",74.6263
"2011-04-24:12 AM",75.7346
"2011-04-25:12 AM",75.9088
"2011-04-26:12 AM",76.1792
"2011-04-27:12 AM",75.4718
"2011-04-28:12 AM",61.5636
"2011-04-29:12 AM",64.3566
"2011-04-30:12 AM",68.6998
"2011-05-01:12 AM",74.817
"2011-05-02:12 AM",72.7475
"2011-05-03:12 AM",55.5805
"2011-05-04:12 AM",56.779
"2011-05-05:12 AM",59.4876
"2011-05-06:12 AM",62.6797
"2011-05-07:12 AM",68.1364
"2011-05-08:12 AM",74.5007
"2011-05-09:12 AM",77.4117
"2011-05-10:12 AM",78.5507
"2011-05-11:12 AM",77.6073
"2011-05-12:12 AM",78.4229
"2011-05-13:12 AM",73.3917
"2011-05-14:12 AM",63.1063
"2011-05-15:12 AM",59.3947
"2011-05-16:12 AM",56.2834
"2011-05-17:12 AM",57.9565
"2011-05-18:12 AM",63.3954
"2011-05-19:12 AM",71.2717
"2011-05-20:12 AM",76.1644
"2011-05-21:12 AM",77.4759
"2011-05-22:12 AM",79.999
"2011-05-23:12 AM",80.5082
"2011-05-24:12 AM",80.6695
"2011-05-25:12 AM",82.468
"2011-05-26:12 AM",75.4932
"2011-05-27:12 AM",72.4462
"2011-05-28:12 AM",79.1679
"2011-05-29:12 AM",81.5171
"2011-05-30:12 AM",81.3088
"2011-05-31:12 AM",83.0622
"2011-06-01:12 AM",84.6813
"2011-06-02:12 AM",86.8699
"2011-06-03:12 AM",87.2049
"2011-06-04:12 AM",87.0717
"2011-06-05:12 AM",86.3447
"2011-06-06:12 AM",85.1234
"2011-06-07:12 AM",85.4798
"2011-06-08:12 AM",82.3449
"2011-06-09:12 AM",82.4481
"2011-06-10:12 AM",83.9485
"2011-06-11:12 AM",84.8149
"2011-06-12:12 AM",84.0684
"2011-06-13:12 AM",85.9791
"2011-06-14:12 AM",86.4615
"2011-06-15:12 AM",87.3952
"2011-06-16:12 AM",85.1529
"2011-06-17:12 AM",86.338
"2011-06-18:12 AM",87.7192
"2011-06-19:12 AM",88.61
"2011-06-20:12 AM",85.5453
"2011-06-21:12 AM",80.5662
"2011-06-22:12 AM",77.029
"2011-06-23:12 AM",79.4928
"2011-06-24:12 AM",82.0575
"2011-06-25:12 AM",82.8837
"2011-06-26:12 AM",86.3184
"2011-06-27:12 AM",86.5283
"2011-06-28:12 AM",86.2074
"2011-06-29:12 AM",83.7327
"2011-06-30:12 AM",84.8939
"2011-07-01:12 AM",84.6406
"2011-07-02:12 AM",86.4709
"2011-07-03:12 AM",87.2798
"2011-07-04:12 AM",85.408
"2011-07-05:12 AM",77.5119
"2011-07-06:12 AM",80.8588
"2011-07-07:12 AM",82.886
"2011-07-08:12 AM",83.9543
"2011-07-09:12 AM",85.5289
"2011-07-10:12 AM",87.3795
"2011-07-11:12 AM",86.8593
"2011-07-12:12 AM",86.7475
"2011-07-13:12 AM",86.1598
"2011-07-14:12 AM",80.8554
"2011-07-15:12 AM",81.464
"2011-07-16:12 AM",80.6922
"2011-07-17:12 AM",78.5044
"2011-07-18:12 AM",79.5148
"2011-07-19:12 AM",83.264
"2011-07-20:12 AM",84.1037
"2011-07-21:12 AM",83.554
"2011-07-22:12 AM",80.9128
"2011-07-23:12 AM",79.0527
"2011-07-24:12 AM",79.0228
"2011-07-25:12 AM",78.9591
"2011-07-26:12 AM",80.8714
"2011-07-27:12 AM",81.2809
"2011-07-28:12 AM",79.84
"2011-07-29:12 AM",79.7421
"2011-07-30:12 AM",82.7458
"2011-07-31:12 AM",84.1334
"2011-08-01:12 AM",85.98
"2011-08-02:12 AM",87.08
"2011-08-03:12 AM",89.15
"2011-08-04:12 AM",89.499
"2011-08-05:12 AM",87.9363
"2011-08-06:12 AM",87.1324
"2011-08-07:12 AM",86.5753
"2011-08-08:12 AM",83.6613
"2011-08-09:12 AM",85.01
"2011-08-10:12 AM",84.1588
"2011-08-11:12 AM",83.9622
"2011-08-12:12 AM",83.5668
"2011-08-13:12 AM",83.1031
"2011-08-14:12 AM",80.6626
"2011-08-15:12 AM",77.8795
"2011-08-16:12 AM",79.8013
"2011-08-17:12 AM",79.7779
"2011-08-18:12 AM",83.2528
"2011-08-19:12 AM",83.9804
"2011-08-20:12 AM",85.327
"2011-08-21:12 AM",84.2295
"2011-08-22:12 AM",84.5035
"2011-08-23:12 AM",85.2618
"2011-08-24:12 AM",84.6691
"2011-08-25:12 AM",84.3888
"2011-08-26:12 AM",84.7479
"2011-08-27:12 AM",81.0212
"2011-08-28:12 AM",81.3535
"2011-08-29:12 AM",80.6763
"2011-08-30:12 AM",82.3798
"2011-08-31:12 AM",84.306
"2011-09-01:12 AM",84.6099
"2011-09-02:12 AM",82.4166
"2011-09-03:12 AM",77.5629
"2011-09-04:12 AM",74.6251
"2011-09-05:12 AM",67.9813
"2011-09-06:12 AM",63.2712
"2011-09-07:12 AM",63.0862
"2011-09-08:12 AM",65.1225
"2011-09-09:12 AM",65.2276
"2011-09-10:12 AM",69.5295
"2011-09-11:12 AM",72.4195
"2011-09-12:12 AM",74.5498
"2011-09-13:12 AM",77.7571
"2011-09-14:12 AM",76.1648
"2011-09-15:12 AM",68.1895
"2011-09-16:12 AM",64.7427
"2011-09-17:12 AM",68.5027
"2011-09-18:12 AM",73.7929
"2011-09-19:12 AM",72.0356
"2011-09-20:12 AM",72.1643
"2011-09-21:12 AM",72.3099
"2011-09-22:12 AM",73.2589
"2011-09-23:12 AM",68.009
"2011-09-24:12 AM",66.1446
"2011-09-25:12 AM",72.8231
"2011-09-26:12 AM",70.0655
"2011-09-27:12 AM",71.375
"2011-09-28:12 AM",71.6884
"2011-09-29:12 AM",72.1146
"2011-09-30:12 AM",68.54
"2011-10-01:12 AM",59.9997
"2011-10-02:12 AM",56.2568
"2011-10-03:12 AM",57.3192
"2011-10-04:12 AM",60.9352
"2011-10-05:12 AM",65.6335
"2011-10-06:12 AM",69.1313
"2011-10-07:12 AM",69.7928
"2011-10-08:12 AM",70.4098
"2011-10-09:12 AM",69.7989
"2011-10-10:12 AM",69.5075
"2011-10-11:12 AM",66.6437
"2011-10-12:12 AM",66.2913
"2011-10-13:12 AM",67.3918
"2011-10-14:12 AM",64.5721
"2011-10-15:12 AM",65.2006
"2011-10-16:12 AM",68.2626
"2011-10-17:12 AM",70.7194
"2011-10-18:12 AM",63.77
"2011-10-19:12 AM",50.3415
"2011-10-20:12 AM",47.9215
"2011-10-21:12 AM",50.1966
"2011-10-22:12 AM",55.1053
"2011-10-23:12 AM",57.5638
"2011-10-24:12 AM",59.0473
"2011-10-25:12 AM",61.3422
"2011-10-26:12 AM",65.3751
"2011-10-27:12 AM",63.4107
"2011-10-28:12 AM",53.7672
"2011-10-29:12 AM",49.2413
"2011-10-30:12 AM",48.2905
"2011-10-31:12 AM",51.5057
"2011-11-01:12 AM",54.6546
"2011-11-02:12 AM",58.1113
"2011-11-03:12 AM",55.911
"2011-11-04:12 AM",48.9967
"2011-11-05:12 AM",53.1138
"2011-11-06:12 AM",56.1619
"2011-11-07:12 AM",62.4459
"2011-11-08:12 AM",65.3959
"2011-11-09:12 AM",61.0506
"2011-11-10:12 AM",48.9528
"2011-11-11:12 AM",47.4782
"2011-11-12:12 AM",52.9718
"2011-11-13:12 AM",63.4039
"2011-11-14:12 AM",68.8593
"2011-11-15:12 AM",69.5941
"2011-11-16:12 AM",66.1377
"2011-11-17:12 AM",48.1186
"2011-11-18:12 AM",44.4906
"2011-11-19:12 AM",56.0518
"2011-11-20:12 AM",65.2246
"2011-11-21:12 AM",68.1289
"2011-11-22:12 AM",68.4804
"2011-11-23:12 AM",55.5669
"2011-11-24:12 AM",51.7523
"2011-11-25:12 AM",54.4584
"2011-11-26:12 AM",64.1487
"2011-11-27:12 AM",53.1163
"2011-11-28:12 AM",40.0519
"2011-11-29:12 AM",39.3957
"2011-11-30:12 AM",39.0776
"2011-12-01:12 AM",40.7502
"2011-12-02:12 AM",45.1792
"2011-12-03:12 AM",52.8501
"2011-12-04:12 AM",60.8234
"2011-12-05:12 AM",58.6369
"2011-12-06:12 AM",43.2442
"2011-12-07:12 AM",37.4473
"2011-12-08:12 AM",35.0775
"2011-12-09:12 AM",38.9325
"2011-12-10:12 AM",38.7507
"2011-12-11:12 AM",37.099
"2011-12-12:12 AM",43.5328
"2011-12-13:12 AM",51.1446
"2011-12-14:12 AM",56.8647
"2011-12-15:12 AM",64.175
"2011-12-16:12 AM",54.4851
"2011-12-17:12 AM",43.6365
"2011-12-18:12 AM",42.8031
"2011-12-19:12 AM",48.3404
"2011-12-20:12 AM",60.9253
"2011-12-21:12 AM",57.2184
"2011-12-22:12 AM",52.5637
"2011-12-23:12 AM",46.7163
"2011-12-24:12 AM",44.0915
"2011-12-25:12 AM",46.2479
"2011-12-26:12 AM",48.0535
"2011-12-27:12 AM",46.1109
"2011-12-28:12 AM",43.4784
"2011-12-29:12 AM",46.4068
"2011-12-30:12 AM",53.985
"2011-12-31:12 AM",53.6409
"2012-01-01:12 AM",56.3576
"2012-01-02:12 AM",40.5826
"2012-01-03:12 AM",32.8453
"2012-01-04:12 AM",40.5442
"2012-01-05:12 AM",47.761
"2012-01-06:12 AM",53.5379
"2012-01-07:12 AM",58.1722
"2012-01-08:12 AM",57.8403
"2012-01-09:12 AM",58.7698
"2012-01-10:12 AM",59.6556
"2012-01-11:12 AM",51.2307
"2012-01-12:12 AM",41.5126
"2012-01-13:12 AM",33.4375
"2012-01-14:12 AM",40.2028
"2012-01-15:12 AM",43.1008
"2012-01-16:12 AM",54.9163
"2012-01-17:12 AM",60.7903
"2012-01-18:12 AM",39.99
"2012-01-19:12 AM",45.552
"2012-01-20:12 AM",61.4539
"2012-01-21:12 AM",57.679
"2012-01-22:12 AM",59.8951
"2012-01-23:12 AM",60.1299
"2012-01-24:12 AM",51.4278
"2012-01-25:12 AM",59.1471
"2012-01-26:12 AM",60.8448
"2012-01-27:12 AM",48.2731
"2012-01-28:12 AM",46.4731
"2012-01-29:12 AM",40.9519
"2012-01-30:12 AM",45.772
"2012-01-31:12 AM",55.9153
"2012-02-01:12 AM",62.8111
"2012-02-02:12 AM",59.6948
"2012-02-03:12 AM",57.8088
"2012-02-04:12 AM",62.7118
"2012-02-05:12 AM",51.2101
"2012-02-06:12 AM",46.5244
"2012-02-07:12 AM",48.4767
"2012-02-08:12 AM",48.5478
"2012-02-09:12 AM",42.0534
"2012-02-10:12 AM",43.4559
"2012-02-11:12 AM",35.3169
"2012-02-12:12 AM",30.8943
"2012-02-13:12 AM",36.262
"2012-02-14:12 AM",46.3836
"2012-02-15:12 AM",50.986
"2012-02-16:12 AM",57.8377
"2012-02-17:12 AM",53.5829
"2012-02-18:12 AM",51.7446
"2012-02-19:12 AM",46.9634
"2012-02-20:12 AM",43.7263
"2012-02-21:12 AM",54.4226
"2012-02-22:12 AM",59.2759
"2012-02-23:12 AM",66.3381
"2012-02-24:12 AM",55.6869
"2012-02-25:12 AM",45.7376
"2012-02-26:12 AM",48.7281
"2012-02-27:12 AM",54.8091
"2012-02-28:12 AM",60.7903
"2012-02-29:12 AM",67.6348
"2012-03-01:12 AM",66.8316
"2012-03-02:12 AM",68.6631
"2012-03-03:12 AM",50.7128
"2012-03-04:12 AM",47.1405
"2012-03-05:12 AM",52.0617
"2012-03-06:12 AM",53.303
"2012-03-07:12 AM",59.6707
"2012-03-08:12 AM",64.8046
"2012-03-09:12 AM",51.4751
"2012-03-10:12 AM",51.9282
"2012-03-11:12 AM",59.648
"2012-03-12:12 AM",65.773
"2012-03-13:12 AM",66.2164
"2012-03-14:12 AM",69.0269
"2012-03-15:12 AM",68.9673
"2012-03-16:12 AM",68.6709
"2012-03-17:12 AM",69.2078
"2012-03-18:12 AM",69.3052
"2012-03-19:12 AM",69.544
"2012-03-20:12 AM",69.3982
"2012-03-21:12 AM",67.1364
"2012-03-22:12 AM",61.0126
"2012-03-23:12 AM",63.4719
"2012-03-24:12 AM",61.6404
"2012-03-25:12 AM",63.8436
"2012-03-26:12 AM",66.0173
"2012-03-27:12 AM",68.275
"2012-03-28:12 AM",68.9632
"2012-03-29:12 AM",68.3294
"2012-03-30:12 AM",67.3322
"2012-03-31:12 AM",70.1393
"2012-04-01:12 AM",71.5744
"2012-04-02:12 AM",72.5551
"2012-04-03:12 AM",70.3026
"2012-04-04:12 AM",69.841
"2012-04-05:12 AM",66.1498
"2012-04-06:12 AM",61.0349
"2012-04-07:12 AM",61.1902
"2012-04-08:12 AM",64.0423
"2012-04-09:12 AM",64.1795
"2012-04-10:12 AM",65.8009
"2012-04-11:12 AM",62.3631
"2012-04-12:12 AM",57.1813
"2012-04-13:12 AM",65.0917
"2012-04-14:12 AM",69.5716
"2012-04-15:12 AM",73.6632
"2012-04-16:12 AM",69.5829
"2012-04-17:12 AM",61.0747
"2012-04-18:12 AM",59.8804
"2012-04-19:12 AM",63.3043
"2012-04-20:12 AM",65.8791
"2012-04-21:12 AM",58.8276
"2012-04-22:12 AM",57.7764
"2012-04-23:12 AM",54.1857
"2012-04-24:12 AM",57.6549
"2012-04-25:12 AM",67.6915
"2012-04-26:12 AM",72.396
"2012-04-27:12 AM",72.0466
"2012-04-28:12 AM",72.8841
"2012-04-29:12 AM",72.9354
"2012-04-30:12 AM",75.2493
"2012-05-01:12 AM",77.0698
"2012-05-02:12 AM",73.4234
"2012-05-03:12 AM",74.2588
"2012-05-04:12 AM",77.5085
"2012-05-05:12 AM",78.7788
"2012-05-06:12 AM",78.1378
"2012-05-07:12 AM",76.0746
"2012-05-08:12 AM",74.4859
"2012-05-09:12 AM",69.3819
"2012-05-10:12 AM",67.6598
"2012-05-11:12 AM",66.3976
"2012-05-12:12 AM",67.563
"2012-05-13:12 AM",67.741
"2012-05-14:12 AM",69.1855
"2012-05-15:12 AM",71.5158
"2012-05-16:12 AM",73.1757
"2012-05-17:12 AM",73.6518
"2012-05-18:12 AM",74.7716
"2012-05-19:12 AM",76.1425
"2012-05-20:12 AM",76.5621
"2012-05-21:12 AM",76.8421
"2012-05-22:12 AM",72.361
"2012-05-23:12 AM",72.9887
"2012-05-24:12 AM",77.7868
"2012-05-25:12 AM",80.2659
"2012-05-26:12 AM",81.6532
"2012-05-27:12 AM",82.1095
"2012-05-28:12 AM",82.4551
"2012-05-29:12 AM",82.3188
"2012-05-30:12 AM",81.7842
"2012-05-31:12 AM",75.9475
"2012-06-01:12 AM",71.1077
"2012-06-02:12 AM",69.9386
"2012-06-03:12 AM",79.0707
"2012-06-04:12 AM",82.3626
"2012-06-05:12 AM",81.239
"2012-06-06:12 AM",77.4653
"2012-06-07:12 AM",76.464
"2012-06-08:12 AM",77.452
"2012-06-09:12 AM",73.9078
"2012-06-10:12 AM",74.3805
"2012-06-11:12 AM",80.5023
"2012-06-12:12 AM",77.956
"2012-06-13:12 AM",76.743
"2012-06-14:12 AM",78.4452
"2012-06-15:12 AM",77.7137
"2012-06-16:12 AM",79.4392
"2012-06-17:12 AM",77.6518
"2012-06-18:12 AM",79.7601
"2012-06-19:12 AM",80.1383
"2012-06-20:12 AM",80.0024
"2012-06-21:12 AM",80.0427
"2012-06-22:12 AM",81.5058
"2012-06-23:12 AM",83.8879
"2012-06-24:12 AM",85.6769
"2012-06-25:12 AM",86.8393
"2012-06-26:12 AM",86.7342
"2012-06-27:12 AM",83.9433
"2012-06-28:12 AM",87.7255
"2012-06-29:12 AM",89.1498
"2012-06-30:12 AM",88.7068
"2012-07-01:12 AM",87.982
"2012-07-02:12 AM",84.9366
"2012-07-03:12 AM",85.8513
"2012-07-04:12 AM",87.4562
"2012-07-05:12 AM",85.7338
"2012-07-06:12 AM",87.0642
"2012-07-07:12 AM",85.6105
"2012-07-08:12 AM",79.1141
"2012-07-09:12 AM",77.6084
"2012-07-10:12 AM",76.3736
"2012-07-11:12 AM",74.4094
"2012-07-12:12 AM",74.8517
"2012-07-13:12 AM",76.734
"2012-07-14:12 AM",77.2632
"2012-07-15:12 AM",78.6175
"2012-07-16:12 AM",81.5018
"2012-07-17:12 AM",80.9906
"2012-07-18:12 AM",81.9649
"2012-07-19:12 AM",80.0227
"2012-07-20:12 AM",83.6294
"2012-07-21:12 AM",80.2906
"2012-07-22:12 AM",79.9963
"2012-07-23:12 AM",82.5202
"2012-07-24:12 AM",83.4103
"2012-07-25:12 AM",84.7904
"2012-07-26:12 AM",84.427
"2012-07-27:12 AM",81.775
"2012-07-28:12 AM",83.9754
"2012-07-29:12 AM",84.7125
"2012-07-30:12 AM",85.0053
"2012-07-31:12 AM",87.5399
"2012-08-01:12 AM",85.3783
"2012-08-02:12 AM",83.4717
"2012-08-03:12 AM",84.5728
"2012-08-04:12 AM",84.3008
"2012-08-05:12 AM",81.7578
"2012-08-06:12 AM",82.0715
"2012-08-07:12 AM",82.9528
"2012-08-08:12 AM",84.0006
"2012-08-09:12 AM",81.8638
"2012-08-10:12 AM",80.2546
"2012-08-11:12 AM",78.3963
"2012-08-12:12 AM",78.3351
"2012-08-13:12 AM",80.7557
"2012-08-14:12 AM",81.756
"2012-08-15:12 AM",79.8741
"2012-08-16:12 AM",79.8469
"2012-08-17:12 AM",80.6799
"2012-08-18:12 AM",77.0112
"2012-08-19:12 AM",75.2958
"2012-08-20:12 AM",74.4424
"2012-08-21:12 AM",75.3312
"2012-08-22:12 AM",75.4758
"2012-08-23:12 AM",76.6465
"2012-08-24:12 AM",76.3776
"2012-08-25:12 AM",75.873
"2012-08-26:12 AM",78.7055
"2012-08-27:12 AM",80.3464
"2012-08-28:12 AM",81.6825
"2012-08-29:12 AM",79.2896
"2012-08-30:12 AM",76.3099
"2012-08-31:12 AM",78.3365
"2012-09-01:12 AM",79.2043
"2012-09-02:12 AM",81.2529
"2012-09-03:12 AM",82.5206
"2012-09-04:12 AM",82.0936
"2012-09-05:12 AM",82.5208
"2012-09-06:12 AM",82.4445
"2012-09-07:12 AM",81.1357
"2012-09-08:12 AM",73.9306
"2012-09-09:12 AM",66.7026
"2012-09-10:12 AM",68.0371
"2012-09-11:12 AM",69.922
"2012-09-12:12 AM",72.1504
"2012-09-13:12 AM",73.5982
"2012-09-14:12 AM",74.8962
"2012-09-15:12 AM",75.0882
"2012-09-16:12 AM",74.3317
"2012-09-17:12 AM",73.2772
"2012-09-18:12 AM",69.2242
"2012-09-19:12 AM",61.3062
"2012-09-20:12 AM",62.091
"2012-09-21:12 AM",68.02
"2012-09-22:12 AM",72.316
"2012-09-23:12 AM",69.3252
"2012-09-24:12 AM",67.6283
"2012-09-25:12 AM",73.4679
"2012-09-26:12 AM",72.8515
"2012-09-27:12 AM",73.9045
"2012-09-28:12 AM",75.2488
"2012-09-29:12 AM",71.7895
"2012-09-30:12 AM",66.8196
"2012-10-01:12 AM",61.313
"2012-10-02:12 AM",60.8646
"2012-10-03:12 AM",64.4536
"2012-10-04:12 AM",68.3721
"2012-10-05:12 AM",69.5559
"2012-10-06:12 AM",62.1005
"2012-10-07:12 AM",54.6112
"2012-10-08:12 AM",52.7571
"2012-10-09:12 AM",53.7247
"2012-10-10:12 AM",62.7472
"2012-10-11:12 AM",63.6363
"2012-10-12:12 AM",69.7469
"2012-10-13:12 AM",71.3422
"2012-10-14:12 AM",71.4904
"2012-10-15:12 AM",66.2466
"2012-10-16:12 AM",62.6301
"2012-10-17:12 AM",66.961
"2012-10-18:12 AM",65.3754
"2012-10-19:12 AM",59.3139
"2012-10-20:12 AM",57.8763
"2012-10-21:12 AM",63.8332
"2012-10-22:12 AM",66.4462
"2012-10-23:12 AM",66.3816
"2012-10-24:12 AM",68.0014
"2012-10-25:12 AM",69.2051
"2012-10-26:12 AM",62.0218
"2012-10-27:12 AM",49.5165
"2012-10-28:12 AM",48.0555
"2012-10-29:12 AM",46.7717
"2012-10-30:12 AM",49.213
"2012-10-31:12 AM",55.4565
"2012-11-01:12 AM",55.9355
"2012-11-02:12 AM",63.6278
"2012-11-03:12 AM",67.8681
"2012-11-04:12 AM",60.636
"2012-11-05:12 AM",51.7768
"2012-11-06:12 AM",49.3407
"2012-11-07:12 AM",50.5204
"2012-11-08:12 AM",47.2399
"2012-11-09:12 AM",53.3246
"2012-11-10:12 AM",59.0279
"2012-11-11:12 AM",64.8291
"2012-11-12:12 AM",55.787
"2012-11-13:12 AM",43.5486
"2012-11-14:12 AM",44.4576
"2012-11-15:12 AM",46.3195
"2012-11-16:12 AM",48.0382
"2012-11-17:12 AM",48.9938
"2012-11-18:12 AM",49.3074
"2012-11-19:12 AM",51.1554
"2012-11-20:12 AM",55.6891
"2012-11-21:12 AM",57.1093
"2012-11-22:12 AM",55.9623
"2012-11-23:12 AM",56.4094
"2012-11-24:12 AM",43.3769
"2012-11-25:12 AM",43.0324
"2012-11-26:12 AM",52.5304
"2012-11-27:12 AM",51.2802
"2012-11-28:12 AM",41.6129
"2012-11-29:12 AM",44.784
"2012-11-30:12 AM",50.4286
"2012-12-01:12 AM",56.9919
"2012-12-02:12 AM",62.5278
"2012-12-03:12 AM",63.7137
"2012-12-04:12 AM",65.2903
"2012-12-05:12 AM",59.6314
"2012-12-06:12 AM",60.2679
"2012-12-07:12 AM",60.6729
"2012-12-08:12 AM",62.5741
"2012-12-09:12 AM",64.4846
"2012-12-10:12 AM",54.9572
"2012-12-11:12 AM",37.5046
"2012-12-12:12 AM",39.1192
"2012-12-13:12 AM",40.6531
"2012-12-14:12 AM",47.0043
"2012-12-15:12 AM",56.2026
"2012-12-16:12 AM",63.095
"2012-12-17:12 AM",60.1808
"2012-12-18:12 AM",51.0955
"2012-12-19:12 AM",56.3765
"2012-12-20:12 AM",55.0148
"2012-12-21:12 AM",38.7928
"2012-12-22:12 AM",41.5117
"2012-12-23:12 AM",49.7601
"2012-12-24:12 AM",58.4316
"2012-12-25:12 AM",54.6143
"2012-12-26:12 AM",36.3972
"2012-12-27:12 AM",34.9642
"2012-12-28:12 AM",42.9766
"2012-12-29:12 AM",36.6921
"2012-12-30:12 AM",33.3606
"2012-12-31:12 AM",41.4792
"2013-01-01:12 AM",51.3194
"2013-01-02:12 AM",38.5306
"2013-01-03:12 AM",35.9791
"2013-01-04:12 AM",37.5724
"2013-01-05:12 AM",39.2716
"2013-01-06:12 AM",41.819
"2013-01-07:12 AM",40.0917
"2013-01-08:12 AM",48.0115
"2013-01-09:12 AM",57.5926
"2013-01-10:12 AM",63.86
"2013-01-11:12 AM",63.5436
"2013-01-12:12 AM",67.8789
"2013-01-13:12 AM",59.7942
"2013-01-14:12 AM",37.6741
"2013-01-15:12 AM",36.7158
"2013-01-16:12 AM",35.307
"2013-01-17:12 AM",37.1376
"2013-01-18:12 AM",39.1114
"2013-01-19:12 AM",42.9661
"2013-01-20:12 AM",46.0283
"2013-01-21:12 AM",44.6301
"2013-01-22:12 AM",39.1667
"2013-01-23:12 AM",46.1658
"2013-01-24:12 AM",50.9706
"2013-01-25:12 AM",54.4788
"2013-01-26:12 AM",50.457
"2013-01-27:12 AM",55.0227
"2013-01-28:12 AM",59.3101
"2013-01-29:12 AM",65.9889
"2013-01-30:12 AM",56.7338
"2013-01-31:12 AM",42.0498
"2013-02-01:12 AM",39.1703
"2013-02-02:12 AM",43.4093
"2013-02-03:12 AM",47.2379
"2013-02-04:12 AM",47.4262
"2013-02-05:12 AM",53.3482
"2013-02-06:12 AM",54.8584
"2013-02-07:12 AM",57.6043
"2013-02-08:12 AM",53.0361
"2013-02-09:12 AM",46.0375
"2013-02-10:12 AM",58.257
"2013-02-11:12 AM",54.6447
"2013-02-12:12 AM",50.6662
"2013-02-13:12 AM",46.4871
"2013-02-14:12 AM",43.452
"2013-02-15:12 AM",46.5883
"2013-02-16:12 AM",39.5022
"2013-02-17:12 AM",39.2871
"2013-02-18:12 AM",48.8001
"2013-02-19:12 AM",48.6876
"2013-02-20:12 AM",39.8849
"2013-02-21:12 AM",46.1059
"2013-02-22:12 AM",53.044
"2013-02-23:12 AM",48.2157
"2013-02-24:12 AM",47.5234
"2013-02-25:12 AM",54.4737
"2013-02-26:12 AM",46.3683
"2013-02-27:12 AM",45.1661
"2013-02-28:12 AM",42.24
"2013-03-01:12 AM",38.4078
"2013-03-02:12 AM",34.7229
"2013-03-03:12 AM",33.8718
"2013-03-04:12 AM",47.6568
"2013-03-05:12 AM",54.4298
"2013-03-06:12 AM",41.1255
"2013-03-07:12 AM",42.6852
"2013-03-08:12 AM",47.817
"2013-03-09:12 AM",56.8128
"2013-03-10:12 AM",61.4653
"2013-03-11:12 AM",47.7685
"2013-03-12:12 AM",44.1945
"2013-03-13:12 AM",45.7648
"2013-03-14:12 AM",45.8926
"2013-03-15:12 AM",55.9854
"2013-03-16:12 AM",60.8983
"2013-03-17:12 AM",61.7666
"2013-03-18:12 AM",65.8908
"2013-03-19:12 AM",53.7474
"2013-03-20:12 AM",51.3792
"2013-03-21:12 AM",45.406
"2013-03-22:12 AM",48.8412
"2013-03-23:12 AM",56.9107
"2013-03-24:12 AM",51.9454
"2013-03-25:12 AM",38.9826
"2013-03-26:12 AM",37.5811
"2013-03-27:12 AM",40.5939
"2013-03-28:12 AM",48.7702
"2013-03-29:12 AM",55.1547
"2013-03-30:12 AM",57.9126
"2013-03-31:12 AM",61.5663
"2013-04-01:12 AM",59.0562
"2013-04-02:12 AM",57.5209
"2013-04-03:12 AM",48.7195
"2013-04-04:12 AM",48.9252
"2013-04-05:12 AM",51.6319
"2013-04-06:12 AM",56.1407
"2013-04-07:12 AM",60.8308
"2013-04-08:12 AM",66.1172
"2013-04-09:12 AM",71.1923
"2013-04-10:12 AM",72.5634
"2013-04-11:12 AM",60.5811
"2013-04-12:12 AM",54.0828
"2013-04-13:12 AM",59.7016
"2013-04-14:12 AM",60.499
"2013-04-15:12 AM",66.7202
"2013-04-16:12 AM",74.4057
"2013-04-17:12 AM",74.5725
"2013-04-18:12 AM",73.4301
"2013-04-19:12 AM",50.2533
"2013-04-20:12 AM",51.4614
"2013-04-21:12 AM",56.1258
"2013-04-22:12 AM",60.8461
"2013-04-23:12 AM",66.1399
"2013-04-24:12 AM",59.3645
"2013-04-25:12 AM",55.0612
"2013-04-26:12 AM",57.4673
"2013-04-27:12 AM",67.3282
"2013-04-28:12 AM",65.7158
"2013-04-29:12 AM",66.6909
"2013-04-30:12 AM",67.6292
"2013-05-01:12 AM",66.9907
"2013-05-02:12 AM",64.6342
"2013-05-03:12 AM",54.7264
"2013-05-04:12 AM",50.3276
"2013-05-05:12 AM",50.4694
"2013-05-06:12 AM",55.528
"2013-05-07:12 AM",62.3782
"2013-05-08:12 AM",67.2285
"2013-05-09:12 AM",70.4478
"2013-05-10:12 AM",68.7018
"2013-05-11:12 AM",66.7441
"2013-05-12:12 AM",61.9972
"2013-05-13:12 AM",60.9795
"2013-05-14:12 AM",67.2679
"2013-05-15:12 AM",69.3037
"2013-05-16:12 AM",71.0796
"2013-05-17:12 AM",72.4818
"2013-05-18:12 AM",77.0752
"2013-05-19:12 AM",77.3517
"2013-05-20:12 AM",78.5482
"2013-05-21:12 AM",78.4315
"2013-05-22:12 AM",73.6399
"2013-05-23:12 AM",74.9694
"2013-05-24:12 AM",71.9526
"2013-05-25:12 AM",69.3185
"2013-05-26:12 AM",73.069
"2013-05-27:12 AM",75.2657
"2013-05-28:12 AM",75.4385
"2013-05-29:12 AM",74.6013
"2013-05-30:12 AM",75.3967
"2013-05-31:12 AM",77.0626
"2013-06-01:12 AM",77.6683
"2013-06-02:12 AM",74.0862
"2013-06-03:12 AM",73.6043
"2013-06-04:12 AM",76.8027
"2013-06-05:12 AM",78.9705
"2013-06-06:12 AM",76.6967
"2013-06-07:12 AM",71.9395
"2013-06-08:12 AM",73.9096
"2013-06-09:12 AM",75.4444
"2013-06-10:12 AM",78.121
"2013-06-11:12 AM",81.6728
"2013-06-12:12 AM",82.4311
"2013-06-13:12 AM",83.3493
"2013-06-14:12 AM",80.1563
"2013-06-15:12 AM",78.6929
"2013-06-16:12 AM",80.3892
"2013-06-17:12 AM",79.8123
"2013-06-18:12 AM",77.3712
"2013-06-19:12 AM",78.4614
"2013-06-20:12 AM",79.0313
"2013-06-21:12 AM",80.6391
"2013-06-22:12 AM",80.0256
"2013-06-23:12 AM",80.1181
"2013-06-24:12 AM",79.642
"2013-06-25:12 AM",81.6573
"2013-06-26:12 AM",83.0428
"2013-06-27:12 AM",85.4006
"2013-06-28:12 AM",84.5299
"2013-06-29:12 AM",81.1405
"2013-06-30:12 AM",77.4984
"2013-07-01:12 AM",74.3283
"2013-07-02:12 AM",74.9701
"2013-07-03:12 AM",75.9762
"2013-07-04:12 AM",76.1572
"2013-07-05:12 AM",75.7126
"2013-07-06:12 AM",75.1626
"2013-07-07:12 AM",76.1286
"2013-07-08:12 AM",78.7489
"2013-07-09:12 AM",80.6619
"2013-07-10:12 AM",81.8379
"2013-07-11:12 AM",79.4111
"2013-07-12:12 AM",78.8315
"2013-07-13:12 AM",77.3629
"2013-07-14:12 AM",76.1279
"2013-07-15:12 AM",77.6728
"2013-07-16:12 AM",79.4496
"2013-07-17:12 AM",81.833
"2013-07-18:12 AM",81.3049
"2013-07-19:12 AM",80.3574
"2013-07-20:12 AM",80.2179
"2013-07-21:12 AM",79.1955
"2013-07-22:12 AM",78.386
"2013-07-23:12 AM",83.0736
"2013-07-24:12 AM",79.5645
"2013-07-25:12 AM",78.2015
"2013-07-26:12 AM",77.7448
"2013-07-27:12 AM",74.768
"2013-07-28:12 AM",77.148
"2013-07-29:12 AM",79.7574
"2013-07-30:12 AM",81.6993
"2013-07-31:12 AM",81.5785
"2013-08-01:12 AM",81.1125
"2013-08-02:12 AM",82.1763
"2013-08-03:12 AM",84.412
"2013-08-04:12 AM",83.0653
"2013-08-05:12 AM",81.0667
"2013-08-06:12 AM",83.3218
"2013-08-07:12 AM",85.6018
"2013-08-08:12 AM",85.7219
"2013-08-09:12 AM",83.0032
"2013-08-10:12 AM",81.5151
"2013-08-11:12 AM",79.7355
"2013-08-12:12 AM",79.8607
"2013-08-13:12 AM",78.3768
"2013-08-14:12 AM",75.8485
"2013-08-15:12 AM",73.4632
"2013-08-16:12 AM",74.6908
"2013-08-17:12 AM",72.1125
"2013-08-18:12 AM",73.209
"2013-08-19:12 AM",75.3949
"2013-08-20:12 AM",77.6435
"2013-08-21:12 AM",78.1641
"2013-08-22:12 AM",77.8966
"2013-08-23:12 AM",78.8045
"2013-08-24:12 AM",78.2011
"2013-08-25:12 AM",78.219
"2013-08-26:12 AM",77.0067
"2013-08-27:12 AM",75.295
"2013-08-28:12 AM",76.4352
"2013-08-29:12 AM",78.7739
"2013-08-30:12 AM",81.5664
"2013-08-31:12 AM",82.4369
"2013-09-01:12 AM",83.2266
"2013-09-02:12 AM",81.475
"2013-09-03:12 AM",78.0098
"2013-09-04:12 AM",77.6979
"2013-09-05:12 AM",78.0219
"2013-09-06:12 AM",78.5901
"2013-09-07:12 AM",79.4766
"2013-09-08:12 AM",80.5149
"2013-09-09:12 AM",81.6994
"2013-09-10:12 AM",80.325
"2013-09-11:12 AM",78.9728
"2013-09-12:12 AM",79.6851
"2013-09-13:12 AM",76.509
"2013-09-14:12 AM",69.8954
"2013-09-15:12 AM",72.3216
"2013-09-16:12 AM",77.6642
"2013-09-17:12 AM",77.592
"2013-09-18:12 AM",77.8384
"2013-09-19:12 AM",77.8663
"2013-09-20:12 AM",76.3765
"2013-09-21:12 AM",70.2124
"2013-09-22:12 AM",64.1554
"2013-09-23:12 AM",68.7069
"2013-09-24:12 AM",73.2315
"2013-09-25:12 AM",72.2568
"2013-09-26:12 AM",71.6544
"2013-09-27:12 AM",73.3078
"2013-09-28:12 AM",71.7091
"2013-09-29:12 AM",68.3933
"2013-09-30:12 AM",69.454
"2013-10-01:12 AM",72.6364
"2013-10-02:12 AM",73.2366
"2013-10-03:12 AM",73.7481
"2013-10-04:12 AM",75.5326
"2013-10-05:12 AM",76.7235
"2013-10-06:12 AM",69.031
"2013-10-07:12 AM",59.3172
"2013-10-08:12 AM",59.3335
"2013-10-09:12 AM",64.6081
"2013-10-10:12 AM",68.1436
"2013-10-11:12 AM",69.5619
"2013-10-12:12 AM",71.4925
"2013-10-13:12 AM",71.3242
"2013-10-14:12 AM",70.6015
"2013-10-15:12 AM",71.5325
"2013-10-16:12 AM",68.5755
"2013-10-17:12 AM",63.4537
"2013-10-18:12 AM",58.5662
"2013-10-19:12 AM",59.8311
"2013-10-20:12 AM",52.8732
"2013-10-21:12 AM",56.9032
"2013-10-22:12 AM",59.4889
"2013-10-23:12 AM",55.4873
"2013-10-24:12 AM",56.7178
"2013-10-25:12 AM",49.4296
"2013-10-26:12 AM",51.3014
"2013-10-27:12 AM",58.6229
"2013-10-28:12 AM",62.208
"2013-10-29:12 AM",66.882
"2013-10-30:12 AM",68.2903
"2013-10-31:12 AM",69.8254
"2013-11-01:12 AM",61.9822
"2013-11-02:12 AM",56.2284
"2013-11-03:12 AM",50.637
"2013-11-04:12 AM",54.2275
"2013-11-05:12 AM",59.1184
"2013-11-06:12 AM",64.1799
"2013-11-07:12 AM",51.7746
"2013-11-08:12 AM",48.1368
"2013-11-09:12 AM",51.8945
"2013-11-10:12 AM",56.7797
"2013-11-11:12 AM",57.1471
"2013-11-12:12 AM",49.3952
"2013-11-13:12 AM",37.4958
"2013-11-14:12 AM",41.5155
"2013-11-15:12 AM",52.4194
"2013-11-16:12 AM",61.8024
"2013-11-17:12 AM",69.2969
"2013-11-18:12 AM",62.8034
"2013-11-19:12 AM",49.4494
"2013-11-20:12 AM",48.996
"2013-11-21:12 AM",57.1384
"2013-11-22:12 AM",62.398
"2013-11-23:12 AM",48.1926
"2013-11-24:12 AM",34.8154
"2013-11-25:12 AM",38.1751
"2013-11-26:12 AM",40.9933
"2013-11-27:12 AM",33.4215
"2013-11-28:12 AM",32.3319
"2013-11-29:12 AM",37.3163
"2013-11-30:12 AM",40.8718
"2013-12-01:12 AM",47.7104
"2013-12-02:12 AM",55.3019
"2013-12-03:12 AM",61.8949
"2013-12-04:12 AM",66.367
"2013-12-05:12 AM",64.6304
"2013-12-06:12 AM",47.104
"2013-12-07:12 AM",33.456
"2013-12-08:12 AM",38.6733
"2013-12-09:12 AM",41.0513
"2013-12-10:12 AM",35.8803
"2013-12-11:12 AM",37.7683
"2013-12-12:12 AM",35.9359
"2013-12-13:12 AM",39.877
"2013-12-14:12 AM",50.9877
"2013-12-15:12 AM",37.5163
"2013-12-16:12 AM",40.1283
"2013-12-17:12 AM",45.3769
"2013-12-18:12 AM",47.0219
"2013-12-19:12 AM",51.406
"2013-12-20:12 AM",62.5797
"2013-12-21:12 AM",68.572
"2013-12-22:12 AM",57.4486
"2013-12-23:12 AM",39.5078
"2013-12-24:12 AM",33.6457
"2013-12-25:12 AM",34.4073
"2013-12-26:12 AM",38.6812
"2013-12-27:12 AM",41.3713
"2013-12-28:12 AM",43.6194
"2013-12-29:12 AM",45.8222
"2013-12-30:12 AM",41.8413
"2013-12-31:12 AM",36.414
"2014-01-01:12 AM",42.6263
"2014-01-02:12 AM",43.1074
"2014-01-03:12 AM",30.07
"2014-01-04:12 AM",36.576
"2014-01-05:12 AM",44.9559
"2014-01-06:12 AM",22.4186
"2014-01-07:12 AM",20.5824
"2014-01-08:12 AM",29.2903
"2014-01-09:12 AM",38.9406
"2014-01-10:12 AM",48.587
"2014-01-11:12 AM",56.9001
"2014-01-12:12 AM",47.0894
"2014-01-13:12 AM",52.7432
"2014-01-14:12 AM",48.7114
"2014-01-15:12 AM",40.9042
"2014-01-16:12 AM",38.5086
"2014-01-17:12 AM",39.4579
"2014-01-18:12 AM",38.2681
"2014-01-19:12 AM",42.823
"2014-01-20:12 AM",46.0643
"2014-01-21:12 AM",41.7182
"2014-01-22:12 AM",31.9194
"2014-01-23:12 AM",33.4071
"2014-01-24:12 AM",25.6663
"2014-01-25:12 AM",34.2693
"2014-01-26:12 AM",42.588
"2014-01-27:12 AM",43.1816
"2014-01-28:12 AM",24.2807
"2014-01-29:12 AM",22.0876
"2014-01-30:12 AM",28.3028
"2014-01-31:12 AM",39.8959
"2014-02-01:12 AM",49.743
"2014-02-02:12 AM",54.8904
"2014-02-03:12 AM",38.3252
"2014-02-04:12 AM",42.7476
"2014-02-05:12 AM",38.1951
"2014-02-06:12 AM",29.7201
"2014-02-07:12 AM",32.2358
"2014-02-08:12 AM",36.9518
"2014-02-09:12 AM",43.731
"2014-02-10:12 AM",41.2007
"2014-02-11:12 AM",33.5482
"2014-02-12:12 AM",35.1023
"2014-02-13:12 AM",36.8425
"2014-02-14:12 AM",44.8099
"2014-02-15:12 AM",39.8286
"2014-02-16:12 AM",47.473
"2014-02-17:12 AM",56.9908
"2014-02-18:12 AM",58.0093
"2014-02-19:12 AM",62.1124
"2014-02-20:12 AM",65.9084
"2014-02-21:12 AM",49.2591
"2014-02-22:12 AM",49.9514
"2014-02-23:12 AM",54.4132
"2014-02-24:12 AM",51.2643
"2014-02-25:12 AM",52.1107
"2014-02-26:12 AM",38.5556
"2014-02-27:12 AM",33.6423
"2014-02-28:12 AM",41.9508
"2014-03-01:12 AM",54.7972
"2014-03-02:12 AM",60.8605
"2014-03-03:12 AM",35.8407
"2014-03-04:12 AM",30.5388
"2014-03-05:12 AM",40.1751
"2014-03-06:12 AM",42.4256
"2014-03-07:12 AM",44.8894
"2014-03-08:12 AM",51.9406
"2014-03-09:12 AM",54.5898
"2014-03-10:12 AM",55.3257
"2014-03-11:12 AM",60.9942
"2014-03-12:12 AM",54.1944
"2014-03-13:12 AM",45.5133
"2014-03-14:12 AM",51.4443
"2014-03-15:12 AM",57.9457
"2014-03-16:12 AM",60.3727
"2014-03-17:12 AM",41.7736
"2014-03-18:12 AM",45.2428
"2014-03-19:12 AM",54.493
"2014-03-20:12 AM",54.1575
"2014-03-21:12 AM",56.2334
"2014-03-22:12 AM",61.68
"2014-03-23:12 AM",52.6978
"2014-03-24:12 AM",46.7834
"2014-03-25:12 AM",44.7404
"2014-03-26:12 AM",43.5263
"2014-03-27:12 AM",52.2455
"2014-03-28:12 AM",64.9317
"2014-03-29:12 AM",57.3463
"2014-03-30:12 AM",50.2207
"2014-03-31:12 AM",55.7062
"2014-04-01:12 AM",62.9616
"2014-04-02:12 AM",67.0716
"2014-04-03:12 AM",70.6316
"2014-04-04:12 AM",64.789
"2014-04-05:12 AM",53.4186
"2014-04-06:12 AM",55.5571
"2014-04-07:12 AM",57.7992
"2014-04-08:12 AM",51.0285
"2014-04-09:12 AM",53.7237
"2014-04-10:12 AM",58.206
"2014-04-11:12 AM",62.5431
"2014-04-12:12 AM",66.4228
"2014-04-13:12 AM",68.4063
"2014-04-14:12 AM",65.6233
"2014-04-15:12 AM",45.3459
"2014-04-16:12 AM",46.4038
"2014-04-17:12 AM",54.0282
"2014-04-18:12 AM",60.1003
"2014-04-19:12 AM",62.3062
"2014-04-20:12 AM",64.7944
"2014-04-21:12 AM",65.1447
"2014-04-22:12 AM",65.2428
"2014-04-23:12 AM",65.9464
"2014-04-24:12 AM",68.0302
"2014-04-25:12 AM",67.8551
"2014-04-26:12 AM",68.113
"2014-04-27:12 AM",72.5004
"2014-04-28:12 AM",73.9715
"2014-04-29:12 AM",66.6178
"2014-04-30:12 AM",58.8808
"2014-05-01:12 AM",55.9882
"2014-05-02:12 AM",60.0431
"2014-05-03:12 AM",63.4642
"2014-05-04:12 AM",69.2326
"2014-05-05:12 AM",70.3886
"2014-05-06:12 AM",69.7843
"2014-05-07:12 AM",72.4384
"2014-05-08:12 AM",74.2311
"2014-05-09:12 AM",71.3705
"2014-05-10:12 AM",73.674
"2014-05-11:12 AM",75.0857
"2014-05-12:12 AM",77.0576
"2014-05-13:12 AM",74.9422
"2014-05-14:12 AM",63.9538
"2014-05-15:12 AM",56.5939
"2014-05-16:12 AM",61.3254
"2014-05-17:12 AM",65.7156
"2014-05-18:12 AM",67.4193
"2014-05-19:12 AM",70.2001
"2014-05-20:12 AM",73.5629
"2014-05-21:12 AM",75.3064
"2014-05-22:12 AM",76.0415
"2014-05-23:12 AM",76.698
"2014-05-24:12 AM",77.0869
"2014-05-25:12 AM",76.928
"2014-05-26:12 AM",77.7097
"2014-05-27:12 AM",76.4969
"2014-05-28:12 AM",71.6493
"2014-05-29:12 AM",70.7545
"2014-05-30:12 AM",72.7853
"2014-05-31:12 AM",72.9396
"2014-06-01:12 AM",74.1889
"2014-06-02:12 AM",75.0326
"2014-06-03:12 AM",76.6296
"2014-06-04:12 AM",78.8848
"2014-06-05:12 AM",79.3594
"2014-06-06:12 AM",79.0668
"2014-06-07:12 AM",80.7183
"2014-06-08:12 AM",79.9795
"2014-06-09:12 AM",77.7682
"2014-06-10:12 AM",73.8507
"2014-06-11:12 AM",73.0123
"2014-06-12:12 AM",76.1405
"2014-06-13:12 AM",75.0182
"2014-06-14:12 AM",76.4865
"2014-06-15:12 AM",78.3972
"2014-06-16:12 AM",78.6155
"2014-06-17:12 AM",80.6396
"2014-06-18:12 AM",81.8474
"2014-06-19:12 AM",81.5632
"2014-06-20:12 AM",81.4786
"2014-06-21:12 AM",80.272
"2014-06-22:12 AM",78.3097
"2014-06-23:12 AM",77.5819
"2014-06-24:12 AM",77.5517
"2014-06-25:12 AM",76.3734
"2014-06-26:12 AM",74.7824
"2014-06-27:12 AM",75.7625
"2014-06-28:12 AM",76.3002
"2014-06-29:12 AM",81.2602
"2014-06-30:12 AM",82.188
"2014-07-01:12 AM",83.3191
"2014-07-02:12 AM",82.8036
"2014-07-03:12 AM",77.9842
"2014-07-04:12 AM",74.1915
"2014-07-05:12 AM",75.0794
"2014-07-06:12 AM",76.447
"2014-07-07:12 AM",78.9483
"2014-07-08:12 AM",80.5651
"2014-07-09:12 AM",78.4596
"2014-07-10:12 AM",78.6538
"2014-07-11:12 AM",79.3645
"2014-07-12:12 AM",80.7469
"2014-07-13:12 AM",82.9107
"2014-07-14:12 AM",82.1325
"2014-07-15:12 AM",78.1025
"2014-07-16:12 AM",72.4458
"2014-07-17:12 AM",71.9686
"2014-07-18:12 AM",69.1617
"2014-07-19:12 AM",72.3745
"2014-07-20:12 AM",74.8364
"2014-07-21:12 AM",77.2086
"2014-07-22:12 AM",78.5064
"2014-07-23:12 AM",79.0693
"2014-07-24:12 AM",77.6901
"2014-07-25:12 AM",77.3733
"2014-07-26:12 AM",80.6103
"2014-07-27:12 AM",83.1441
"2014-07-28:12 AM",81.498
"2014-07-29:12 AM",76.2001
"2014-07-30:12 AM",72.6246
"2014-07-31:12 AM",73.0609
"2014-08-01:12 AM",71.4724
"2014-08-02:12 AM",74.9539
"2014-08-03:12 AM",76.032
"2014-08-04:12 AM",77.85
"2014-08-05:12 AM",80.7465
"2014-08-06:12 AM",81.3139
"2014-08-07:12 AM",81.8177
"2014-08-08:12 AM",80.5093
"2014-08-09:12 AM",80.2353
"2014-08-10:12 AM",79.3976
"2014-08-11:12 AM",79.1116
"2014-08-12:12 AM",78.1909
"2014-08-13:12 AM",75.1775
"2014-08-14:12 AM",74.1655
"2014-08-15:12 AM",74.7127
"2014-08-16:12 AM",76.6578
"2014-08-17:12 AM",80.4364
"2014-08-18:12 AM",79.3213
"2014-08-19:12 AM",81.3162
"2014-08-20:12 AM",82.569
"2014-08-21:12 AM",83.408
"2014-08-22:12 AM",83.4993
"2014-08-23:12 AM",83.6715
"2014-08-24:12 AM",84.0241
"2014-08-25:12 AM",81.6075
"2014-08-26:12 AM",79.2356
"2014-08-27:12 AM",79.4593
"2014-08-28:12 AM",79.7083
"2014-08-29:12 AM",80.7285
"2014-08-30:12 AM",77.2421
"2014-08-31:12 AM",78.597
"2014-09-01:12 AM",80.4011
"2014-09-02:12 AM",80.1284
"2014-09-03:12 AM",78.5444
"2014-09-04:12 AM",78.7579
"2014-09-05:12 AM",78.3606
"2014-09-06:12 AM",77.5299
"2014-09-07:12 AM",76.2802
"2014-09-08:12 AM",76.9977
"2014-09-09:12 AM",78.1389
"2014-09-10:12 AM",80.2413
"2014-09-11:12 AM",79.669
"2014-09-12:12 AM",73.8145
"2014-09-13:12 AM",66.27
"2014-09-14:12 AM",69.6862
"2014-09-15:12 AM",74.7199
"2014-09-16:12 AM",76.5295
"2014-09-17:12 AM",74.482
"2014-09-18:12 AM",74.1159
"2014-09-19:12 AM",74.3774
"2014-09-20:12 AM",76.0611
"2014-09-21:12 AM",75.5992
"2014-09-22:12 AM",71.4261
"2014-09-23:12 AM",66.3046
"2014-09-24:12 AM",68.7634
"2014-09-25:12 AM",69.5055
"2014-09-26:12 AM",71.2416
"2014-09-27:12 AM",70.68
"2014-09-28:12 AM",71.0172
"2014-09-29:12 AM",72.8256
"2014-09-30:12 AM",73.6585
"2014-10-01:12 AM",74.446
"2014-10-02:12 AM",75.7116
"2014-10-03:12 AM",72.4406
"2014-10-04:12 AM",57.6766
"2014-10-05:12 AM",59.7814
"2014-10-06:12 AM",68.2932
"2014-10-07:12 AM",73.1687
"2014-10-08:12 AM",74.9008
"2014-10-09:12 AM",74.8587
"2014-10-10:12 AM",75.4747
"2014-10-11:12 AM",73.2006
"2014-10-12:12 AM",71.7661
"2014-10-13:12 AM",73.6846
"2014-10-14:12 AM",60.9359
"2014-10-15:12 AM",59.5967
"2014-10-16:12 AM",59.6638
"2014-10-17:12 AM",65.5345
"2014-10-18:12 AM",66.4448
"2014-10-19:12 AM",58.2901
"2014-10-20:12 AM",57.4707
"2014-10-21:12 AM",62.2211
"2014-10-22:12 AM",60.6324
"2014-10-23:12 AM",56.8369
"2014-10-24:12 AM",57.2342
"2014-10-25:12 AM",62.3271
"2014-10-26:12 AM",68.6908
"2014-10-27:12 AM",69.8567
"2014-10-28:12 AM",69.5651
"2014-10-29:12 AM",64.2645
"2014-10-30:12 AM",56.3713
"2014-10-31:12 AM",55.5114
"2014-11-01:12 AM",43.3038
"2014-11-02:12 AM",44.2566
"2014-11-03:12 AM",51.7242
"2014-11-04:12 AM",60.8659
"2014-11-05:12 AM",65.2127
"2014-11-06:12 AM",60.9877
"2014-11-07:12 AM",48.4318
"2014-11-08:12 AM",49.8585
"2014-11-09:12 AM",50.9104
"2014-11-10:12 AM",54.3058
"2014-11-11:12 AM",60.2496
"2014-11-12:12 AM",45.8312
"2014-11-13:12 AM",36.2642
"2014-11-14:12 AM",32.5245
"2014-11-15:12 AM",37.1097
"2014-11-16:12 AM",49.3709
"2014-11-17:12 AM",38.7662
"2014-11-18:12 AM",31.2341
"2014-11-19:12 AM",38.4982
"2014-11-20:12 AM",45.3164
"2014-11-21:12 AM",53.0834
"2014-11-22:12 AM",55.9938
"2014-11-23:12 AM",60.5147
"2014-11-24:12 AM",56.1951
"2014-11-25:12 AM",46.8826
"2014-11-26:12 AM",44.6196
"2014-11-27:12 AM",43.2345
"2014-11-28:12 AM",41.1841
"2014-11-29:12 AM",52.7938
"2014-11-30:12 AM",61.9878
"2014-12-01:12 AM",60.8365
"2014-12-02:12 AM",50.7578
"2014-12-03:12 AM",53.1534
"2014-12-04:12 AM",58.422
"2014-12-05:12 AM",63.8317
"2014-12-06:12 AM",60.3298
"2014-12-07:12 AM",46.7314
"2014-12-08:12 AM",47.8702
"2014-12-09:12 AM",47.0838
"2014-12-10:12 AM",40.7086
"2014-12-11:12 AM",41.5162
"2014-12-12:12 AM",45.9876
"2014-12-13:12 AM",49.9024
"2014-12-14:12 AM",51.3711
"2014-12-15:12 AM",56.3693
"2014-12-16:12 AM",49.9377
"2014-12-17:12 AM",43.7864
"2014-12-18:12 AM",45.2721
"2014-12-19:12 AM",45.1281
"2014-12-20:12 AM",44.5505
"2014-12-21:12 AM",45.7171
"2014-12-22:12 AM",54.3906
"2014-12-23:12 AM",60.7357
"2014-12-24:12 AM",47.8362
"2014-12-25:12 AM",42.3291
"2014-12-26:12 AM",47.4804
"2014-12-27:12 AM",55.3964
"2014-12-28:12 AM",50.9895
"2014-12-29:12 AM",45.8359
"2014-12-30:12 AM",40.849
"2014-12-31:12 AM",36.1909
"2015-01-01:12 AM",38.6784
"2015-01-02:12 AM",47.8657
"2015-01-03:12 AM",63.0259
"2015-01-04:12 AM",48.528
"2015-01-05:12 AM",34.0828
"2015-01-06:12 AM",38.2964
"2015-01-07:12 AM",33.3509
"2015-01-08:12 AM",22.6407
"2015-01-09:12 AM",30.3771
"2015-01-10:12 AM",30.2788
"2015-01-11:12 AM",40.1824
"2015-01-12:12 AM",50.8878
"2015-01-13:12 AM",38.7217
"2015-01-14:12 AM",35.1689
"2015-01-15:12 AM",36.0219
"2015-01-16:12 AM",37.4209
"2015-01-17:12 AM",43.1551
"2015-01-18:12 AM",48.8185
"2015-01-19:12 AM",48.3015
"2015-01-20:12 AM",51.1891
"2015-01-21:12 AM",50.5769
"2015-01-22:12 AM",46.3395
"2015-01-23:12 AM",41.1211
"2015-01-24:12 AM",39.9969
"2015-01-25:12 AM",46.7199
"2015-01-26:12 AM",43.2781
"2015-01-27:12 AM",48.1897
"2015-01-28:12 AM",47.0982
"2015-01-29:12 AM",54.4941
"2015-01-30:12 AM",44.598
"2015-01-31:12 AM",43.5927
"2015-02-01:12 AM",54.1944
"2015-02-02:12 AM",36.7624
"2015-02-03:12 AM",36.0082
"2015-02-04:12 AM",40.4697
"2015-02-05:12 AM",39.1289
"2015-02-06:12 AM",37.0612
"2015-02-07:12 AM",46.1775
"2015-02-08:12 AM",55.6183
"2015-02-09:12 AM",55.2281
"2015-02-10:12 AM",40.5021
"2015-02-11:12 AM",44.2195
"2015-02-12:12 AM",42.1592
"2015-02-13:12 AM",35.013
"2015-02-14:12 AM",44.8939
"2015-02-15:12 AM",41.7078
"2015-02-16:12 AM",43.3459
"2015-02-17:12 AM",30.7326
"2015-02-18:12 AM",33.0658
"2015-02-19:12 AM",28.3174
"2015-02-20:12 AM",36.0603
"2015-02-21:12 AM",55.4853
"2015-02-22:12 AM",45.6737
"2015-02-23:12 AM",34.4098
"2015-02-24:12 AM",32.6469
"2015-02-25:12 AM",33.7597
"2015-02-26:12 AM",33.8495
"2015-02-27:12 AM",32.1609
"2015-02-28:12 AM",39.6129
"2015-03-01:12 AM",50.292
"2015-03-02:12 AM",50.1102
"2015-03-03:12 AM",57.8404
"2015-03-04:12 AM",63.7124
"2015-03-05:12 AM",33.7672
"2015-03-06:12 AM",29.9757
"2015-03-07:12 AM",37.7794
"2015-03-08:12 AM",46.2731
"2015-03-09:12 AM",51.6088
"2015-03-10:12 AM",62.2231
"2015-03-11:12 AM",58.6794
"2015-03-12:12 AM",61.1267
"2015-03-13:12 AM",64.7096
"2015-03-14:12 AM",61.7533
"2015-03-15:12 AM",61.8498
"2015-03-16:12 AM",64.3134
"2015-03-17:12 AM",66.828
"2015-03-18:12 AM",64.0063
"2015-03-19:12 AM",61.4062
"2015-03-20:12 AM",62.5512
"2015-03-21:12 AM",59.373
"2015-03-22:12 AM",58.5644
"2015-03-23:12 AM",57.7272
"2015-03-24:12 AM",59.9247
"2015-03-25:12 AM",64.2654
"2015-03-26:12 AM",61.7954
"2015-03-27:12 AM",48.2072
"2015-03-28:12 AM",44.1594
"2015-03-29:12 AM",52.8174
"2015-03-30:12 AM",63.8505
"2015-03-31:12 AM",66.5395
"2015-04-01:12 AM",67.8407
"2015-04-02:12 AM",69.7071
"2015-04-03:12 AM",70.849
"2015-04-04:12 AM",56.6476
"2015-04-05:12 AM",54.1528
"2015-04-06:12 AM",64.8234
"2015-04-07:12 AM",70.1811
"2015-04-08:12 AM",72.3063
"2015-04-09:12 AM",74.1574
"2015-04-10:12 AM",67.759
"2015-04-11:12 AM",62.3187
"2015-04-12:12 AM",65.6449
"2015-04-13:12 AM",69.0714
"2015-04-14:12 AM",67.2708
"2015-04-15:12 AM",69.2118
"2015-04-16:12 AM",69.4351
"2015-04-17:12 AM",68.9185
"2015-04-18:12 AM",66.5719
"2015-04-19:12 AM",68.7801
"2015-04-20:12 AM",62.44
"2015-04-21:12 AM",59.3791
"2015-04-22:12 AM",64.744
"2015-04-23:12 AM",65.8128
"2015-04-24:12 AM",62.9614
"2015-04-25:12 AM",73.0227
"2015-04-26:12 AM",70.8485
"2015-04-27:12 AM",62.764
"2015-04-28:12 AM",59.8217
"2015-04-29:12 AM",60.3304
"2015-04-30:12 AM",63.4102
"2015-05-01:12 AM",63.6384
"2015-05-02:12 AM",64.087
"2015-05-03:12 AM",66.7963
"2015-05-04:12 AM",69.3244
"2015-05-05:12 AM",71.3269
"2015-05-06:12 AM",71.3068
"2015-05-07:12 AM",74.2773
"2015-05-08:12 AM",73.2862
"2015-05-09:12 AM",73.2139
"2015-05-10:12 AM",76.0152
"2015-05-11:12 AM",74.9143
"2015-05-12:12 AM",69.8346
"2015-05-13:12 AM",70.5349
"2015-05-14:12 AM",73.1593
"2015-05-15:12 AM",74.1778
"2015-05-16:12 AM",73.8955
"2015-05-17:12 AM",77.1683
"2015-05-18:12 AM",73.632
"2015-05-19:12 AM",74.1103
"2015-05-20:12 AM",74.8609
"2015-05-21:12 AM",67.3401
"2015-05-22:12 AM",63.2476
"2015-05-23:12 AM",71.7323
"2015-05-24:12 AM",74.9664
"2015-05-25:12 AM",75.123
"2015-05-26:12 AM",75.9018
"2015-05-27:12 AM",73.3102
"2015-05-28:12 AM",75.4083
"2015-05-29:12 AM",75.4866
"2015-05-30:12 AM",75.6234
"2015-05-31:12 AM",73.1899
"2015-06-01:12 AM",71.1914
"2015-06-02:12 AM",71.1369
"2015-06-03:12 AM",71.0602
"2015-06-04:12 AM",73.3941
"2015-06-05:12 AM",76.6632
"2015-06-06:12 AM",78.9591
"2015-06-07:12 AM",80.487
"2015-06-08:12 AM",81.0599
"2015-06-09:12 AM",78.5772
"2015-06-10:12 AM",79.1497
"2015-06-11:12 AM",77.9677
"2015-06-12:12 AM",77.198
"2015-06-13:12 AM",77.646
"2015-06-14:12 AM",79.5745
"2015-06-15:12 AM",80.6531
"2015-06-16:12 AM",82.404
"2015-06-17:12 AM",83.0707
"2015-06-18:12 AM",81.916
"2015-06-19:12 AM",81.3115
"2015-06-20:12 AM",81.7038
"2015-06-21:12 AM",82.7875
"2015-06-22:12 AM",83.4841
"2015-06-23:12 AM",84.3939
"2015-06-24:12 AM",82.3705
"2015-06-25:12 AM",81.7345
"2015-06-26:12 AM",80.6511
"2015-06-27:12 AM",77.9837
"2015-06-28:12 AM",77.1922
"2015-06-29:12 AM",77.713
"2015-06-30:12 AM",79.9198
"2015-07-01:12 AM",79.63
"2015-07-02:12 AM",81.7693
"2015-07-03:12 AM",81.8085
"2015-07-04:12 AM",77.9459
"2015-07-05:12 AM",76.0554
"2015-07-06:12 AM",78.102
"2015-07-07:12 AM",82.5654
"2015-07-08:12 AM",83.4904
"2015-07-09:12 AM",83.6139
"2015-07-10:12 AM",84.0483
"2015-07-11:12 AM",84.8727
"2015-07-12:12 AM",84.7436
"2015-07-13:12 AM",85.2114
"2015-07-14:12 AM",85.0786
"2015-07-15:12 AM",85.2399
"2015-07-16:12 AM",86.0243
"2015-07-17:12 AM",85.9069
"2015-07-18:12 AM",86.18
"2015-07-19:12 AM",86.5879
"2015-07-20:12 AM",87.5161
"2015-07-21:12 AM",85.6816
"2015-07-22:12 AM",83.9917
"2015-07-23:12 AM",84.4239
"2015-07-24:12 AM",83.8665
"2015-07-25:12 AM",85.5583
"2015-07-26:12 AM",84.0483
"2015-07-27:12 AM",86.5326
"2015-07-28:12 AM",86.8984
"2015-07-29:12 AM",85.6425
"2015-07-30:12 AM",85.6434
"2015-07-31:12 AM",81.7221
"2015-08-01:12 AM",81.4948
"2015-08-02:12 AM",82.845
"2015-08-03:12 AM",84.2788
"2015-08-04:12 AM",85.8855
"2015-08-05:12 AM",85.5457
"2015-08-06:12 AM",84.4297
"2015-08-07:12 AM",86.7016
"2015-08-08:12 AM",86.2876
"2015-08-09:12 AM",87.0087
"2015-08-10:12 AM",88.7013
"2015-08-11:12 AM",85.253
"2015-08-12:12 AM",83.3983
"2015-08-13:12 AM",80.7278
"2015-08-14:12 AM",80.4627
"2015-08-15:12 AM",80.0636
"2015-08-16:12 AM",76.9951
"2015-08-17:12 AM",76.1765
"2015-08-18:12 AM",80.5672
"2015-08-19:12 AM",79.4143
"2015-08-20:12 AM",75.6262
"2015-08-21:12 AM",76.8826
"2015-08-22:12 AM",78.6157
"2015-08-23:12 AM",81.5256
"2015-08-24:12 AM",80.708
"2015-08-25:12 AM",74.7565
"2015-08-26:12 AM",71.4996
"2015-08-27:12 AM",71.8068
"2015-08-28:12 AM",75.7314
"2015-08-29:12 AM",79.4914
"2015-08-30:12 AM",78.6256
"2015-08-31:12 AM",79.5747
"2015-09-01:12 AM",80.5573
"2015-09-02:12 AM",78.2978
"2015-09-03:12 AM",79.2687
"2015-09-04:12 AM",81.4588
"2015-09-05:12 AM",82.7114
"2015-09-06:12 AM",81.3529
"2015-09-07:12 AM",80.9834
"2015-09-08:12 AM",80.6112
"2015-09-09:12 AM",79.9407
"2015-09-10:12 AM",76.4901
"2015-09-11:12 AM",75.3534
"2015-09-12:12 AM",69.91
"2015-09-13:12 AM",61.6811
"2015-09-14:12 AM",65.5963
"2015-09-15:12 AM",70.4964
"2015-09-16:12 AM",74.6056
"2015-09-17:12 AM",76.361
"2015-09-18:12 AM",76.2773
"2015-09-19:12 AM",78.3187
"2015-09-20:12 AM",77.8224
"2015-09-21:12 AM",71.1977
"2015-09-22:12 AM",70.6969
"2015-09-23:12 AM",74.2017
"2015-09-24:12 AM",74.7666
"2015-09-25:12 AM",75.1341
"2015-09-26:12 AM",72.3888
"2015-09-27:12 AM",72.7243
"2015-09-28:12 AM",72.2518
"2015-09-29:12 AM",73.1876
"2015-09-30:12 AM",72.4192
"2015-10-01:12 AM",67.8232
"2015-10-02:12 AM",62.5458
"2015-10-03:12 AM",58.9266
"2015-10-04:12 AM",59.4268
"2015-10-05:12 AM",66.6655
"2015-10-06:12 AM",72.0626
"2015-10-07:12 AM",74.1843
"2015-10-08:12 AM",75.8188
"2015-10-09:12 AM",74.1546
"2015-10-10:12 AM",64.2189
"2015-10-11:12 AM",60.0669
"2015-10-12:12 AM",69.4814
"2015-10-13:12 AM",71.145
"2015-10-14:12 AM",65.6627
"2015-10-15:12 AM",70.4498
"2015-10-16:12 AM",68.999
"2015-10-17:12 AM",59.9288
"2015-10-18:12 AM",56.3504
"2015-10-19:12 AM",57.1392
"2015-10-20:12 AM",61.8976
"2015-10-21:12 AM",66.6091
"2015-10-22:12 AM",69.505
"2015-10-23:12 AM",73.1075
"2015-10-24:12 AM",72.8634
"2015-10-25:12 AM",66.0249
"2015-10-26:12 AM",66.0002
"2015-10-27:12 AM",66.0112
"2015-10-28:12 AM",66.897
"2015-10-29:12 AM",65.2059
"2015-10-30:12 AM",61.1643
"2015-10-31:12 AM",64.7251
"2015-11-01:12 AM",64.1867
"2015-11-02:12 AM",64.7262
"2015-11-03:12 AM",65.5266
"2015-11-04:12 AM",67.7329
"2015-11-05:12 AM",70.0147
"2015-11-06:12 AM",72.0475
"2015-11-07:12 AM",62.6322
"2015-11-08:12 AM",55.071
"2015-11-09:12 AM",56.032
"2015-11-10:12 AM",56.8974
"2015-11-11:12 AM",61.4374
"2015-11-12:12 AM",60.4989
"2015-11-13:12 AM",52.2981
"2015-11-14:12 AM",51.0089
"2015-11-15:12 AM",53.0319
"2015-11-16:12 AM",59.6037
"2015-11-17:12 AM",69.5151
"2015-11-18:12 AM",58.8996
"2015-11-19:12 AM",55.3401
"2015-11-20:12 AM",53.2679
"2015-11-21:12 AM",52.0034
"2015-11-22:12 AM",38.097
"2015-11-23:12 AM",39.2038
"2015-11-24:12 AM",45.9545
"2015-11-25:12 AM",52.2437
"2015-11-26:12 AM",61.4876
"2015-11-27:12 AM",63.2964
"2015-11-28:12 AM",64.8399
"2015-11-29:12 AM",61.4721
"2015-11-30:12 AM",61.4136
"2015-12-01:12 AM",58.9095
"2015-12-02:12 AM",51.2226
"2015-12-03:12 AM",43.5661
"2015-12-04:12 AM",42.4517
"2015-12-05:12 AM",46.8023
"2015-12-06:12 AM",51.6479
"2015-12-07:12 AM",52.3418
"2015-12-08:12 AM",51.9222
"2015-12-09:12 AM",56.7271
"2015-12-10:12 AM",59.9045
"2015-12-11:12 AM",67.1905
"2015-12-12:12 AM",67.0379
"2015-12-13:12 AM",68.3386
"2015-12-14:12 AM",55.4828
"2015-12-15:12 AM",54.2754
"2015-12-16:12 AM",58.6533
"2015-12-17:12 AM",50.6655
"2015-12-18:12 AM",40.4782
"2015-12-19:12 AM",40.1967
"2015-12-20:12 AM",45.2998
"2015-12-21:12 AM",58.6485
"2015-12-22:12 AM",65.4561
"2015-12-23:12 AM",67.8022
"2015-12-24:12 AM",68.9124
"2015-12-25:12 AM",70.5439
"2015-12-26:12 AM",70.4698
"2015-12-27:12 AM",70.4572
"2015-12-28:12 AM",60.3622
"2015-12-29:12 AM",47.0581
"2015-12-30:12 AM",50.3769
"2015-12-31:12 AM",44.742
"2016-01-01:12 AM",40.2917
"2016-01-02:12 AM",40.273
"2016-01-03:12 AM",42.5041
"2016-01-04:12 AM",39.0697
"2016-01-05:12 AM",35.6796
"2016-01-06:12 AM",39.7719
"2016-01-07:12 AM",45.4428
"2016-01-08:12 AM",52.8571
"2016-01-09:12 AM",54.6467
"2016-01-10:12 AM",36.349
"2016-01-11:12 AM",32.4225
"2016-01-12:12 AM",38.9853
"2016-01-13:12 AM",42.0863
"2016-01-14:12 AM",48.5024
"2016-01-15:12 AM",54.0133
"2016-01-16:12 AM",46.6635
"2016-01-17:12 AM",39.1962
"2016-01-18:12 AM",33.7921
"2016-01-19:12 AM",34.6028
"2016-01-20:12 AM",45.6532
"2016-01-21:12 AM",50.3334
"2016-01-22:12 AM",36.781
"2016-01-23:12 AM",31.6762
"2016-01-24:12 AM",34.1078
"2016-01-25:12 AM",46.4092
"2016-01-26:12 AM",49.8472
"2016-01-27:12 AM",40.0577
"2016-01-28:12 AM",41.1118
"2016-01-29:12 AM",48.1408
"2016-01-30:12 AM",54.531
"2016-01-31:12 AM",60.5424
"2016-02-01:12 AM",62.0541
"2016-02-02:12 AM",66.7261
"2016-02-03:12 AM",52.3636
"2016-02-04:12 AM",40.3225
"2016-02-05:12 AM",37.8444
"2016-02-06:12 AM",40.7687
"2016-02-07:12 AM",42.402
"2016-02-08:12 AM",43.5225
"2016-02-09:12 AM",36.9342
"2016-02-10:12 AM",35.4837
"2016-02-11:12 AM",47.3455
"2016-02-12:12 AM",50.4235
"2016-02-13:12 AM",40.5095
"2016-02-14:12 AM",43.0947
"2016-02-15:12 AM",54.3456
"2016-02-16:12 AM",49.8243
"2016-02-17:12 AM",46.499
"2016-02-18:12 AM",49.7797
"2016-02-19:12 AM",57.0015
"2016-02-20:12 AM",62.0596
"2016-02-21:12 AM",63.8829
"2016-02-22:12 AM",60.4148
"2016-02-23:12 AM",58.4357
"2016-02-24:12 AM",45.8956
"2016-02-25:12 AM",43.8485
"2016-02-26:12 AM",41.6709
"2016-02-27:12 AM",45.5556
"2016-02-28:12 AM",51.3813
"2016-02-29:12 AM",58.4766
"2016-03-01:12 AM",60.885
"2016-03-02:12 AM",49.3347
"2016-03-03:12 AM",52.0585
"2016-03-04:12 AM",51.0282
"2016-03-05:12 AM",53.0965
"2016-03-06:12 AM",55.8874
"2016-03-07:12 AM",58.6573
"2016-03-08:12 AM",64.3852
"2016-03-09:12 AM",66.7657
"2016-03-10:12 AM",68.1481
"2016-03-11:12 AM",65.5223
"2016-03-12:12 AM",64.1237
"2016-03-13:12 AM",63.5412
"2016-03-14:12 AM",66.1815
"2016-03-15:12 AM",68.0583
"2016-03-16:12 AM",65.1355
"2016-03-17:12 AM",62.9235
"2016-03-18:12 AM",58.5669
"2016-03-19:12 AM",53.4429
"2016-03-20:12 AM",43.8777
"2016-03-21:12 AM",43.6152
"2016-03-22:12 AM",49.998
"2016-03-23:12 AM",60.5741
"2016-03-24:12 AM",62.5829
"2016-03-25:12 AM",51.9274
"2016-03-26:12 AM",58.091
"2016-03-27:12 AM",64.7206
"2016-03-28:12 AM",57.6262
"2016-03-29:12 AM",58.0429
"2016-03-30:12 AM",64.4247
"2016-03-31:12 AM",69.1167
"2016-04-01:12 AM",60.8842
"2016-04-02:12 AM",53.2116
"2016-04-03:12 AM",55.0956
"2016-04-04:12 AM",59.5256
"2016-04-05:12 AM",61.7457
"2016-04-06:12 AM",62.5417
"2016-04-07:12 AM",61.6246
"2016-04-08:12 AM",57.8552
"2016-04-09:12 AM",56.2035
"2016-04-10:12 AM",63.8722
"2016-04-11:12 AM",65.8665
"2016-04-12:12 AM",61.8946
"2016-04-13:12 AM",58.9145
"2016-04-14:12 AM",62.4783
"2016-04-15:12 AM",61.2477
"2016-04-16:12 AM",62.1889
"2016-04-17:12 AM",66.2729
"2016-04-18:12 AM",65.7694
"2016-04-19:12 AM",61.837
"2016-04-20:12 AM",66.7692
"2016-04-21:12 AM",67.9804
"2016-04-22:12 AM",67.6526
"2016-04-23:12 AM",65.863
"2016-04-24:12 AM",67.2345
"2016-04-25:12 AM",70.0601
"2016-04-26:12 AM",72.9673
"2016-04-27:12 AM",72.3144
"2016-04-28:12 AM",73.3185
"2016-04-29:12 AM",73.8117
"2016-04-30:12 AM",73.5366
"2016-05-01:12 AM",71.2161
"2016-05-02:12 AM",69.0346
"2016-05-03:12 AM",63.5216
"2016-05-04:12 AM",62.3205
"2016-05-05:12 AM",62.722
"2016-05-06:12 AM",60.5487
"2016-05-07:12 AM",65.5167
"2016-05-08:12 AM",67.6474
"2016-05-09:12 AM",69.5664
"2016-05-10:12 AM",75.454
"2016-05-11:12 AM",76.5406
"2016-05-12:12 AM",74.4514
"2016-05-13:12 AM",70.3418
"2016-05-14:12 AM",66.3408
"2016-05-15:12 AM",61.3162
"2016-05-16:12 AM",63.2331
"2016-05-17:12 AM",69.5665
"2016-05-18:12 AM",68.0898
"2016-05-19:12 AM",68.5263
"2016-05-20:12 AM",72.9469
"2016-05-21:12 AM",72.1949
"2016-05-22:12 AM",69.7397
"2016-05-23:12 AM",71.3266
"2016-05-24:12 AM",75.1021
"2016-05-25:12 AM",77.0124
"2016-05-26:12 AM",77.5434
"2016-05-27:12 AM",77.7684
"2016-05-28:12 AM",75.8572
"2016-05-29:12 AM",78.2438
"2016-05-30:12 AM",78.9384
"2016-05-31:12 AM",78.2287
"2016-06-01:12 AM",76.5495
"2016-06-02:12 AM",76.6438
"2016-06-03:12 AM",76.2282
"2016-06-04:12 AM",75.6471
"2016-06-05:12 AM",75.8415
"2016-06-06:12 AM",76.118
"2016-06-07:12 AM",77.3465
"2016-06-08:12 AM",77.1339
"2016-06-09:12 AM",77.6835
"2016-06-10:12 AM",80.1588
"2016-06-11:12 AM",79.6136
"2016-06-12:12 AM",79.8663
"2016-06-13:12 AM",81.2152
"2016-06-14:12 AM",77.7018
"2016-06-15:12 AM",81.7459
"2016-06-16:12 AM",84.6063
"2016-06-17:12 AM",84.6595
"2016-06-18:12 AM",80.5707
"2016-06-19:12 AM",78.3889
"2016-06-20:12 AM",80.8849
"2016-06-21:12 AM",80.8207
"2016-06-22:12 AM",81.5805
"2016-06-23:12 AM",82.711
"2016-06-24:12 AM",83.5806
"2016-06-25:12 AM",85.3153
"2016-06-26:12 AM",85.4784
"2016-06-27:12 AM",85.0962
"2016-06-28:12 AM",78.5934
"2016-06-29:12 AM",78.2276
"2016-06-30:12 AM",79.4471
"2016-07-01:12 AM",82.107
"2016-07-02:12 AM",84.8959
"2016-07-03:12 AM",85.6265
"2016-07-04:12 AM",85.0192
"2016-07-05:12 AM",81.2489
"2016-07-06:12 AM",83.9635
"2016-07-07:12 AM",85.8362
"2016-07-08:12 AM",86.6048
"2016-07-09:12 AM",85.0078
"2016-07-10:12 AM",80.7087
"2016-07-11:12 AM",82.3518
"2016-07-12:12 AM",83.5828
"2016-07-13:12 AM",84.6063
"2016-07-14:12 AM",85.0069
"2016-07-15:12 AM",82.9738
"2016-07-16:12 AM",82.0972
"2016-07-17:12 AM",81.8206
"2016-07-18:12 AM",83.4526
"2016-07-19:12 AM",83.1069
"2016-07-20:12 AM",84.8206
"2016-07-21:12 AM",86.4822
"2016-07-22:12 AM",87.0969
"2016-07-23:12 AM",83.1828
"2016-07-24:12 AM",82.4236
"2016-07-25:12 AM",83.7282
"2016-07-26:12 AM",83.0912
"2016-07-27:12 AM",78.2391
"2016-07-28:12 AM",78.5244
"2016-07-29:12 AM",79.648
"2016-07-30:12 AM",82.2911
"2016-07-31:12 AM",82.4095
"2016-08-01:12 AM",84.8842
"2016-08-02:12 AM",86.7803
"2016-08-03:12 AM",86.9475
"2016-08-04:12 AM",86.6604
"2016-08-05:12 AM",85.2105
"2016-08-06:12 AM",83.7761
"2016-08-07:12 AM",81.2979
"2016-08-08:12 AM",80.717
"2016-08-09:12 AM",80.2472
"2016-08-10:12 AM",81.091
"2016-08-11:12 AM",79.5135
"2016-08-12:12 AM",78.6776
"2016-08-13:12 AM",78.0143
"2016-08-14:12 AM",77.6529
"2016-08-15:12 AM",78.1785
"2016-08-16:12 AM",79.8037
"2016-08-17:12 AM",78.9985
"2016-08-18:12 AM",79.4298
"2016-08-19:12 AM",78.7818
"2016-08-20:12 AM",79.2304
"2016-08-21:12 AM",78.5025
"2016-08-22:12 AM",77.3339
"2016-08-23:12 AM",80.2848
"2016-08-24:12 AM",83.0993
"2016-08-25:12 AM",82.2922
"2016-08-26:12 AM",81.0151
"2016-08-27:12 AM",81.0568
"2016-08-28:12 AM",81.1312
"2016-08-29:12 AM",82.3534
"2016-08-30:12 AM",83.1781
"2016-08-31:12 AM",83.1324
"2016-09-01:12 AM",83.5131
"2016-09-02:12 AM",79.8996
"2016-09-03:12 AM",78.1441
"2016-09-04:12 AM",79.1197
"2016-09-05:12 AM",79.0783
"2016-09-06:12 AM",79.5657
"2016-09-07:12 AM",80.2072
"2016-09-08:12 AM",79.1314
"2016-09-09:12 AM",79.6892
"2016-09-10:12 AM",81.1036
"2016-09-11:12 AM",76.7084
"2016-09-12:12 AM",76.9971
"2016-09-13:12 AM",79.6741
"2016-09-14:12 AM",80.0971
"2016-09-15:12 AM",80.9877
"2016-09-16:12 AM",80.0892
"2016-09-17:12 AM",77.1903
"2016-09-18:12 AM",77.2302
"2016-09-19:12 AM",77.0691
"2016-09-20:12 AM",77.8669
"2016-09-21:12 AM",78.0132
"2016-09-22:12 AM",80.0643
"2016-09-23:12 AM",80.1435
"2016-09-24:12 AM",81.27
"2016-09-25:12 AM",82.7755
"2016-09-26:12 AM",77.7643
"2016-09-27:12 AM",71.9125
"2016-09-28:12 AM",70.8057
"2016-09-29:12 AM",66.9447
"2016-09-30:12 AM",64.0992
"2016-10-01:12 AM",65.6386
"2016-10-02:12 AM",69.0183
"2016-10-03:12 AM",69.5617
"2016-10-04:12 AM",73.5575
"2016-10-05:12 AM",76.8225
"2016-10-06:12 AM",74.8767
"2016-10-07:12 AM",75.2502
"2016-10-08:12 AM",71.1678
"2016-10-09:12 AM",65.1013
"2016-10-10:12 AM",68.2529
"2016-10-11:12 AM",68.9608
"2016-10-12:12 AM",68.3596
"2016-10-13:12 AM",71.1694
"2016-10-14:12 AM",69.4911
"2016-10-15:12 AM",71.1475
"2016-10-16:12 AM",73.6057
"2016-10-17:12 AM",75.3384
"2016-10-18:12 AM",76.9773
"2016-10-19:12 AM",76.1409
"2016-10-20:12 AM",73.2936
"2016-10-21:12 AM",60.4706
"2016-10-22:12 AM",55.0567
"2016-10-23:12 AM",58.4483
"2016-10-24:12 AM",63.2608
"2016-10-25:12 AM",65.3738
"2016-10-26:12 AM",67.4103
"2016-10-27:12 AM",69.5476
"2016-10-28:12 AM",69.6171
"2016-10-29:12 AM",69.4414
"2016-10-30:12 AM",69.7073
"2016-10-31:12 AM",70.2802
"2016-11-01:12 AM",70.8987
"2016-11-02:12 AM",71.4985
"2016-11-03:12 AM",70.7833
"2016-11-04:12 AM",70.1654
"2016-11-05:12 AM",63.7513
"2016-11-06:12 AM",63.5205
"2016-11-07:12 AM",62.357
"2016-11-08:12 AM",61.5553
"2016-11-09:12 AM",61.7911
"2016-11-10:12 AM",55.7092
"2016-11-11:12 AM",56.5642
"2016-11-12:12 AM",56.97
"2016-11-13:12 AM",54.6211
"2016-11-14:12 AM",53.8353
"2016-11-15:12 AM",58.5212
"2016-11-16:12 AM",59.5575
"2016-11-17:12 AM",64.0605
"2016-11-18:12 AM",66.8244
"2016-11-19:12 AM",51.19
"2016-11-20:12 AM",43.6996
"2016-11-21:12 AM",46.006
"2016-11-22:12 AM",52.0659
"2016-11-23:12 AM",60.2562
"2016-11-24:12 AM",57.0247
"2016-11-25:12 AM",53.532
"2016-11-26:12 AM",48.5406
"2016-11-27:12 AM",47.739
"2016-11-28:12 AM",61.7149
"2016-11-29:12 AM",65.601
"2016-11-30:12 AM",59.0887
"2016-12-01:12 AM",46.6738
"2016-12-02:12 AM",49.1081
"2016-12-03:12 AM",48.6693
"2016-12-04:12 AM",50.3614
"2016-12-05:12 AM",50.0056
"2016-12-06:12 AM",52.3398
"2016-12-07:12 AM",48.0151
"2016-12-08:12 AM",42.1974
"2016-12-09:12 AM",33.6918
"2016-12-10:12 AM",34.3396
"2016-12-11:12 AM",44.9418
"2016-12-12:12 AM",58.2436
"2016-12-13:12 AM",59.0391
"2016-12-14:12 AM",46.8406
"2016-12-15:12 AM",36.8834
"2016-12-16:12 AM",41.567
"2016-12-17:12 AM",67.4848
"2016-12-18:12 AM",42.8977
"2016-12-19:12 AM",29.8351
"2016-12-20:12 AM",33.5608
"2016-12-21:12 AM",42.8614
"2016-12-22:12 AM",50.3823
"2016-12-23:12 AM",51.7415
"2016-12-24:12 AM",63.1524
"2016-12-25:12 AM",65.2716
"2016-12-26:12 AM",66.9429
"2016-12-27:12 AM",63.1515
"2016-12-28:12 AM",59.8692
"2016-12-29:12 AM",55.1455
"2016-12-30:12 AM",42.9582
"2016-12-31:12 AM",48.5985
"2017-01-01:12 AM",58.9507
"2017-01-02:12 AM",64.2358
"2017-01-03:12 AM",60.1504
"2017-01-04:12 AM",46.2718
"2017-01-05:12 AM",39.6658
"2017-01-06:12 AM",30.7818
"2017-01-07:12 AM",21.4552
"2017-01-08:12 AM",26.4592
"2017-01-09:12 AM",35.6994
"2017-01-10:12 AM",54.1166
"2017-01-11:12 AM",63.4885
"2017-01-12:12 AM",64.9494
"2017-01-13:12 AM",63.3105
"2017-01-14:12 AM",60.9287
"2017-01-15:12 AM",60.1225
"2017-01-16:12 AM",63.9352
"2017-01-17:12 AM",64.7823
"2017-01-18:12 AM",60.1491
"2017-01-19:12 AM",64.0351
"2017-01-20:12 AM",61.8899
"2017-01-21:12 AM",64.6245
"2017-01-22:12 AM",57.178
"2017-01-23:12 AM",49.1763
"2017-01-24:12 AM",49.2804
"2017-01-25:12 AM",57.7418
"2017-01-26:12 AM",46.8216
"2017-01-27:12 AM",40.3536
"2017-01-28:12 AM",41.3512
"2017-01-29:12 AM",44.1478
"2017-01-30:12 AM",48.8511
"2017-01-31:12 AM",56.4397
"2017-02-01:12 AM",58.8569
"2017-02-02:12 AM",54.2635
"2017-02-03:12 AM",42.8967
"2017-02-04:12 AM",39.4065
"2017-02-05:12 AM",50.5544
"2017-02-06:12 AM",59.682
"2017-02-07:12 AM",63.7484
"2017-02-08:12 AM",63.9484
"2017-02-09:12 AM",44.852
"2017-02-10:12 AM",48.8689
"2017-02-11:12 AM",64.6401
"2017-02-12:12 AM",64.787
"2017-02-13:12 AM",51.9854
"2017-02-14:12 AM",54.5914
"2017-02-15:12 AM",49.8346
"2017-02-16:12 AM",45.9932
"2017-02-17:12 AM",51.316
"2017-02-18:12 AM",55.6381
"2017-02-19:12 AM",60.7141
"2017-02-20:12 AM",65.2361
"2017-02-21:12 AM",61.565
"2017-02-22:12 AM",58.73
"2017-02-23:12 AM",62.6472
"2017-02-24:12 AM",65.4091
"2017-02-25:12 AM",49.9143
"2017-02-26:12 AM",46.1399
"2017-02-27:12 AM",58.3534
"2017-02-28:12 AM",67.2276
"2017-03-01:12 AM",66.6201
"2017-03-02:12 AM",49.5552
"2017-03-03:12 AM",48.7933
"2017-03-04:12 AM",50.7767
"2017-03-05:12 AM",54.5788
"2017-03-06:12 AM",63.2399
"2017-03-07:12 AM",62.8705
"2017-03-08:12 AM",54.1735
"2017-03-09:12 AM",61.0858
"2017-03-10:12 AM",61.563
"2017-03-11:12 AM",48.4522
"2017-03-12:12 AM",43.8649
"2017-03-13:12 AM",45.1566
"2017-03-14:12 AM",42.1448
"2017-03-15:12 AM",37.5528
"2017-03-16:12 AM",42.8832
"2017-03-17:12 AM",55.5859
"2017-03-18:12 AM",63.2289
"2017-03-19:12 AM",60.6117
"2017-03-20:12 AM",66.5287
"2017-03-21:12 AM",68.8311
"2017-03-22:12 AM",64.2191
"2017-03-23:12 AM",64.7712
"2017-03-24:12 AM",66.933
"2017-03-25:12 AM",66.4963
"2017-03-26:12 AM",65.8249
"2017-03-27:12 AM",69.9046
"2017-03-28:12 AM",70.1674
"2017-03-29:12 AM",70.8456
"2017-03-30:12 AM",67.8738
"2017-03-31:12 AM",61.1427
"2017-04-01:12 AM",65.0368
"2017-04-02:12 AM",68.0547
"2017-04-03:12 AM",69.7537
"2017-04-04:12 AM",67.2814
"2017-04-05:12 AM",66.9034
"2017-04-06:12 AM",55.1768
"2017-04-07:12 AM",54.3765
"2017-04-08:12 AM",57.1575
"2017-04-09:12 AM",63.0356
"2017-04-10:12 AM",65.4643
"2017-04-11:12 AM",67.3999
"2017-04-12:12 AM",68.4558
"2017-04-13:12 AM",70.2451
"2017-04-14:12 AM",70.162
"2017-04-15:12 AM",68.7024
"2017-04-16:12 AM",70.2129
"2017-04-17:12 AM",69.0577
"2017-04-18:12 AM",70.4163
"2017-04-19:12 AM",71.6337
"2017-04-20:12 AM",72.7808
"2017-04-21:12 AM",73.2186
"2017-04-22:12 AM",68.7056
"2017-04-23:12 AM",56.5414
"2017-04-24:12 AM",59.6557
"2017-04-25:12 AM",64.9368
"2017-04-26:12 AM",71.1817
"2017-04-27:12 AM",66.877
"2017-04-28:12 AM",73.9351
"2017-04-29:12 AM",79.5771
"2017-04-30:12 AM",71.7037
"2017-05-01:12 AM",62.202
"2017-05-02:12 AM",66.6862
"2017-05-03:12 AM",66.8793
"2017-05-04:12 AM",57.6621
"2017-05-05:12 AM",57.0162
"2017-05-06:12 AM",61.9009
"2017-05-07:12 AM",67.3995
"2017-05-08:12 AM",70.3299
"2017-05-09:12 AM",72.6294
"2017-05-10:12 AM",72.7858
"2017-05-11:12 AM",73.9877
"2017-05-12:12 AM",71.0402
"2017-05-13:12 AM",67.2903
"2017-05-14:12 AM",70.0484
"2017-05-15:12 AM",73.5919
"2017-05-16:12 AM",76.0624
"2017-05-17:12 AM",77.1904
"2017-05-18:12 AM",78.2794
"2017-05-19:12 AM",79.045
"2017-05-20:12 AM",76.3027
"2017-05-21:12 AM",74.5644
"2017-05-22:12 AM",68.8118
"2017-05-23:12 AM",69.6574
"2017-05-24:12 AM",65.4094
"2017-05-25:12 AM",65.2152
"2017-05-26:12 AM",74.0869
"2017-05-27:12 AM",78.2177
"2017-05-28:12 AM",80.1649
"2017-05-29:12 AM",74.9847
"2017-05-30:12 AM",73.1316
"2017-05-31:12 AM",72.7689
"2017-06-01:12 AM",72.8888
"2017-06-02:12 AM",73.7825
"2017-06-03:12 AM",74.7979
"2017-06-04:12 AM",74.9275
"2017-06-05:12 AM",74.3844
"2017-06-06:12 AM",73.6423
"2017-06-07:12 AM",73.4331
"2017-06-08:12 AM",70.9117
"2017-06-09:12 AM",72.82
"2017-06-10:12 AM",75.1554
"2017-06-11:12 AM",76.8085
"2017-06-12:12 AM",77.927
"2017-06-13:12 AM",77.3775
"2017-06-14:12 AM",79.0237
"2017-06-15:12 AM",80.6797
"2017-06-16:12 AM",81.0748
"2017-06-17:12 AM",79.218
"2017-06-18:12 AM",79.3413
"2017-06-19:12 AM",78.1273
"2017-06-20:12 AM",76.3842
"2017-06-21:12 AM",74.5696
"2017-06-22:12 AM",77.376
"2017-06-23:12 AM",77.6856
"2017-06-24:12 AM",78.6799
"2017-06-25:12 AM",73.5566
"2017-06-26:12 AM",73.2265
"2017-06-27:12 AM",75.5386
"2017-06-28:12 AM",76.672
"2017-06-29:12 AM",75.9144
"2017-06-30:12 AM",80.4049
"2017-07-01:12 AM",80.8475
"2017-07-02:12 AM",80.5834
"2017-07-03:12 AM",81.3326
"2017-07-04:12 AM",82.6936
"2017-07-05:12 AM",82.0567
"2017-07-06:12 AM",81.2968
"2017-07-07:12 AM",80.5955
"2017-07-08:12 AM",80.2159
"2017-07-09:12 AM",80.0366
"2017-07-10:12 AM",80.55
"2017-07-11:12 AM",80.861
"2017-07-12:12 AM",80.6358
"2017-07-13:12 AM",80.434
"2017-07-14:12 AM",81.1351
"2017-07-15:12 AM",80.3606
"2017-07-16:12 AM",79.4691
"2017-07-17:12 AM",80.4076
"2017-07-18:12 AM",82.7897
"2017-07-19:12 AM",84.7692
"2017-07-20:12 AM",85.6018
"2017-07-21:12 AM",85.7451
"2017-07-22:12 AM",83.1416
"2017-07-23:12 AM",80.9434
"2017-07-24:12 AM",80.2999
"2017-07-25:12 AM",79.9097
"2017-07-26:12 AM",83.0095
"2017-07-27:12 AM",83.5286
"2017-07-28:12 AM",81.9448
"2017-07-29:12 AM",79.9372
"2017-07-30:12 AM",77.1919
"2017-07-31:12 AM",80.0071
"2017-08-01:12 AM",78.8095
"2017-08-02:12 AM",76.1083
"2017-08-03:12 AM",77.8622
"2017-08-04:12 AM",78.8911
"2017-08-05:12 AM",78.5152
"2017-08-06:12 AM",79.2099
"2017-08-07:12 AM",78.9046
"2017-08-08:12 AM",77.0914
"2017-08-09:12 AM",77.16
"2017-08-10:12 AM",77.956
"2017-08-11:12 AM",79.9138
"2017-08-12:12 AM",80.5694
"2017-08-13:12 AM",78.3396
"2017-08-14:12 AM",79.4673
"2017-08-15:12 AM",79.5767
"2017-08-16:12 AM",80.0843
"2017-08-17:12 AM",80.9272
"2017-08-18:12 AM",81.2356
"2017-08-19:12 AM",81.1341
"2017-08-20:12 AM",82.051
"2017-08-21:12 AM",82.9071
"2017-08-22:12 AM",82.0454
"2017-08-23:12 AM",79.5682
"2017-08-24:12 AM",76.4179
"2017-08-25:12 AM",75.7533
"2017-08-26:12 AM",77.2342
"2017-08-27:12 AM",77.4158
"2017-08-28:12 AM",74.2291
"2017-08-29:12 AM",69.8457
"2017-08-30:12 AM",72.7871
"2017-08-31:12 AM",73.4653
"2017-09-01:12 AM",73.1784
"2017-09-02:12 AM",72.4658
"2017-09-03:12 AM",73.5958
"2017-09-04:12 AM",75.2945
"2017-09-05:12 AM",75.583
"2017-09-06:12 AM",68.1908
"2017-09-07:12 AM",64.0458
"2017-09-08:12 AM",65.5671
"2017-09-09:12 AM",68.3742
"2017-09-10:12 AM",69.4627
"2017-09-11:12 AM",66.655
"2017-09-12:12 AM",60.274
"2017-09-13:12 AM",65.4107
"2017-09-14:12 AM",72.3139
"2017-09-15:12 AM",74.4211
"2017-09-16:12 AM",76.3628
"2017-09-17:12 AM",76.3158
"2017-09-18:12 AM",77.256
"2017-09-19:12 AM",77.4097
"2017-09-20:12 AM",78.3055
"2017-09-21:12 AM",77.5137
"2017-09-22:12 AM",77.6979
"2017-09-23:12 AM",77.7504
"2017-09-24:12 AM",76.1918
"2017-09-25:12 AM",74.4652
"2017-09-26:12 AM",75.1968
"2017-09-27:12 AM",76.6035
"2017-09-28:12 AM",75.1156
"2017-09-29:12 AM",72.279
"2017-09-30:12 AM",71.9341
"2017-10-01:12 AM",73.7663
"2017-10-02:12 AM",68.4606
"2017-10-03:12 AM",74.2415
"2017-10-04:12 AM",72.8634
"2017-10-05:12 AM",71.4186
"2017-10-06:12 AM",72.5517
"2017-10-07:12 AM",76.2498
"2017-10-08:12 AM",76.5347
"2017-10-09:12 AM",76.3961
"2017-10-10:12 AM",77.5301
"2017-10-11:12 AM",69.48
"2017-10-12:12 AM",65.6103
"2017-10-13:12 AM",69.2442
"2017-10-14:12 AM",76.2181
"2017-10-15:12 AM",73.6731
"2017-10-16:12 AM",60.0856
"2017-10-17:12 AM",57.2515
"2017-10-18:12 AM",59.3317
"2017-10-19:12 AM",62.2094
"2017-10-20:12 AM",65.9712
"2017-10-21:12 AM",71.2798
"2017-10-22:12 AM",69.3208
"2017-10-23:12 AM",59.2079
"2017-10-24:12 AM",57.529
"2017-10-25:12 AM",51.9877
"2017-10-26:12 AM",59.0488
"2017-10-27:12 AM",60.4042
"2017-10-28:12 AM",46.3584
"2017-10-29:12 AM",42.7874
"2017-10-30:12 AM",52.6194
"2017-10-31:12 AM",56.9392
"2017-11-01:12 AM",61.0873
"2017-11-02:12 AM",70.3006
"2017-11-03:12 AM",71.1235
"2017-11-04:12 AM",70.0534
"2017-11-05:12 AM",71.3241
"2017-11-06:12 AM",71.1559
"2017-11-07:12 AM",67.4263
"2017-11-08:12 AM",56.124
"2017-11-09:12 AM",51.6322
"2017-11-10:12 AM",50.2857
"2017-11-11:12 AM",51.1344
"2017-11-12:12 AM",58.1491
"2017-11-13:12 AM",55.8577
"2017-11-14:12 AM",52.0927
"2017-11-15:12 AM",55.306
"2017-11-16:12 AM",58.0786
"2017-11-17:12 AM",60.8502
"2017-11-18:12 AM",65.0554
"2017-11-19:12 AM",47.2921
"2017-11-20:12 AM",42.5226
"2017-11-21:12 AM",48.4513
"2017-11-22:12 AM",48.3899
"2017-11-23:12 AM",41.8136
"2017-11-24:12 AM",46.0492
"2017-11-25:12 AM",52.2405
"2017-11-26:12 AM",51.9573
"2017-11-27:12 AM",50.3627
"2017-11-28:12 AM",52.756
"2017-11-29:12 AM",58.3911
"2017-11-30:12 AM",62.6832
"2017-12-01:12 AM",56.6487
"2017-12-02:12 AM",54.9639
"2017-12-03:12 AM",56.5587
"2017-12-04:12 AM",60.6573
"2017-12-05:12 AM",59.4666
"2017-12-06:12 AM",42.7082
"2017-12-07:12 AM",41.1537
"2017-12-08:12 AM",34.1215
"2017-12-09:12 AM",33.1173
"2017-12-10:12 AM",37.5163
"2017-12-11:12 AM",47.0878
"2017-12-12:12 AM",47.5826
"2017-12-13:12 AM",42.4004
"2017-12-14:12 AM",46.7843
"2017-12-15:12 AM",40.7691
"2017-12-16:12 AM",41.4217
"2017-12-17:12 AM",51.0269
"2017-12-18:12 AM",54.9487
"2017-12-19:12 AM",59.25
"2017-12-20:12 AM",63.8562
"2017-12-21:12 AM",57.5596
"2017-12-22:12 AM",65.005
"2017-12-23:12 AM",55.7598
"2017-12-24:12 AM",44.9578
"2017-12-25:12 AM",34.8643
"2017-12-26:12 AM",36.0108
"2017-12-27:12 AM",34.5994
"2017-12-28:12 AM",31.9795
"2017-12-29:12 AM",32.409
"2017-12-30:12 AM",38.5072
"2017-12-31:12 AM",30.8512
"2018-01-01:12 AM",20.6343
"2018-01-02:12 AM",21.3309
"2018-01-03:12 AM",27.0133
"2018-01-04:12 AM",27.46
"2018-01-05:12 AM",28.4859
"2018-01-06:12 AM",33.9823
"2018-01-07:12 AM",40.1038
"2018-01-08:12 AM",47.7901
"2018-01-09:12 AM",49.2631
"2018-01-10:12 AM",57.486
"2018-01-11:12 AM",62.7966
"2018-01-12:12 AM",39.452
"2018-01-13:12 AM",27.6773
"2018-01-14:12 AM",28.6489
"2018-01-15:12 AM",34.8796
"2018-01-16:12 AM",26.2002
"2018-01-17:12 AM",17.3385
"2018-01-18:12 AM",20.9199
"2018-01-19:12 AM",33.2035
"2018-01-20:12 AM",45.1063
"2018-01-21:12 AM",56.0727
"2018-01-22:12 AM",58.2233
"2018-01-23:12 AM",45.28
"2018-01-24:12 AM",41.6871
"2018-01-25:12 AM",42.2415
"2018-01-26:12 AM",48.1685
"2018-01-27:12 AM",55.8549
"2018-01-28:12 AM",54.9262
"2018-01-29:12 AM",45.9156
"2018-01-30:12 AM",35.6868
"2018-01-31:12 AM",42.9453
"2018-02-01:12 AM",52.8748
"2018-02-02:12 AM",38.8063
"2018-02-03:12 AM",39.3688
"2018-02-04:12 AM",50.4273
"2018-02-05:12 AM",43.6834
"2018-02-06:12 AM",53.2634
"2018-02-07:12 AM",49.0474
"2018-02-08:12 AM",40.2197
"2018-02-09:12 AM",50.4381
"2018-02-10:12 AM",62.4106
"2018-02-11:12 AM",54.7068
"2018-02-12:12 AM",38.939
"2018-02-13:12 AM",45.1531
"2018-02-14:12 AM",61.7216
"2018-02-15:12 AM",66.9783
"2018-02-16:12 AM",61.4584
"2018-02-17:12 AM",56.2656
"2018-02-18:12 AM",53.0389
"2018-02-19:12 AM",65.7102
"2018-02-20:12 AM",67.818
"2018-02-21:12 AM",68.011
"2018-02-22:12 AM",66.7735
"2018-02-23:12 AM",67.8135
"2018-02-24:12 AM",69.4607
"2018-02-25:12 AM",58.3718
"2018-02-26:12 AM",56.0604
"2018-02-27:12 AM",57.7661
"2018-02-28:12 AM",67.7782
"2018-03-01:12 AM",61.9378
"2018-03-02:12 AM",53.0638
"2018-03-03:12 AM",49.7959
"2018-03-04:12 AM",52.7236
"2018-03-05:12 AM",58.2973
"2018-03-06:12 AM",55.668
"2018-03-07:12 AM",44.2603
"2018-03-08:12 AM",43.3818
"2018-03-09:12 AM",48.1359
"2018-03-10:12 AM",57.6153
"2018-03-11:12 AM",59.7322
"2018-03-12:12 AM",45.5076
"2018-03-13:12 AM",44.8871
"2018-03-14:12 AM",45.0151
"2018-03-15:12 AM",49.5367
"2018-03-16:12 AM",56.4652
"2018-03-17:12 AM",66.7324
"2018-03-18:12 AM",62.6054
"2018-03-19:12 AM",64.6918
"2018-03-20:12 AM",52.5893
"2018-03-21:12 AM",48.5109
"2018-03-22:12 AM",49.3749
"2018-03-23:12 AM",57.4947
"2018-03-24:12 AM",64.2879
"2018-03-25:12 AM",64.1374
"2018-03-26:12 AM",62.969
"2018-03-27:12 AM",62.8084
"2018-03-28:12 AM",68.2021
"2018-03-29:12 AM",64.3516
"2018-03-30:12 AM",57.1516
"2018-03-31:12 AM",56.5866
"2018-04-01:12 AM",61.0304
"2018-04-02:12 AM",63.8787
"2018-04-03:12 AM",71.2206
"2018-04-04:12 AM",53.8221
"2018-04-05:12 AM",51.1779
"2018-04-06:12 AM",57.7512
"2018-04-07:12 AM",50.0378
"2018-04-08:12 AM",44.8538
"2018-04-09:12 AM",54.9581
"2018-04-10:12 AM",56.2455
"2018-04-11:12 AM",55.6286
"2018-04-12:12 AM",62.7723
"2018-04-13:12 AM",68.4833
"2018-04-14:12 AM",66.501
"2018-04-15:12 AM",46.7688
"2018-04-16:12 AM",46.6126
"2018-04-17:12 AM",58.881
"2018-04-18:12 AM",66.0371
"2018-04-19:12 AM",57.67
"2018-04-20:12 AM",53.3561
"2018-04-21:12 AM",60.5676
"2018-04-22:12 AM",64.3881
"2018-04-23:12 AM",57.2733
"2018-04-24:12 AM",60.0949
"2018-04-25:12 AM",63.5977
"2018-04-26:12 AM",60.8448
"2018-04-27:12 AM",61.0844
"2018-04-28:12 AM",64.6882
"2018-04-29:12 AM",62.5847
"2018-04-30:12 AM",63.2595
"2018-05-01:12 AM",67.4137
"2018-05-02:12 AM",73.6707
"2018-05-03:12 AM",73.3021
"2018-05-04:12 AM",73.4124
"2018-05-05:12 AM",69.4123
"2018-05-06:12 AM",69.5538
"2018-05-07:12 AM",71.8403
"2018-05-08:12 AM",74.8524
"2018-05-09:12 AM",75.8019
"2018-05-10:12 AM",75.9144
"2018-05-11:12 AM",75.5161
"2018-05-12:12 AM",77.0871
"2018-05-13:12 AM",79.1199
"2018-05-14:12 AM",80.4319
"2018-05-15:12 AM",80.2299
"2018-05-16:12 AM",79.2525
"2018-05-17:12 AM",76.179
"2018-05-18:12 AM",75.0378
"2018-05-19:12 AM",79.1456
"2018-05-20:12 AM",80.744
"2018-05-21:12 AM",77.9097
"2018-05-22:12 AM",76.3563
"2018-05-23:12 AM",78.2294
"2018-05-24:12 AM",78.7057
"2018-05-25:12 AM",76.9665
"2018-05-26:12 AM",76.4208
"2018-05-27:12 AM",77.353
"2018-05-28:12 AM",76.9167
"2018-05-29:12 AM",77.2129
"2018-05-30:12 AM",81.7572
"2018-05-31:12 AM",83.2231
"2018-06-01:12 AM",82.5611
"2018-06-02:12 AM",82.9981
"2018-06-03:12 AM",81.9817
"2018-06-04:12 AM",77.5333
"2018-06-05:12 AM",76.6467
"2018-06-06:12 AM",76.7187
"2018-06-07:12 AM",80.7145
"2018-06-08:12 AM",82.42
"2018-06-09:12 AM",81.8591
"2018-06-10:12 AM",80.4315
"2018-06-11:12 AM",76.3824
"2018-06-12:12 AM",79.0461
"2018-06-13:12 AM",79.8235
"2018-06-14:12 AM",81.1974
"2018-06-15:12 AM",82.1385
"2018-06-16:12 AM",81.7612
"2018-06-17:12 AM",80.6171
"2018-06-18:12 AM",80.5708
"2018-06-19:12 AM",79.1247
"2018-06-20:12 AM",79.9452
"2018-06-21:12 AM",79.0637
"2018-06-22:12 AM",80.6887
"2018-06-23:12 AM",83.2543
"2018-06-24:12 AM",84.2506
"2018-06-25:12 AM",85.3081
"2018-06-26:12 AM",85.6191
"2018-06-27:12 AM",85.3743
"2018-06-28:12 AM",87.0242
"2018-06-29:12 AM",83.6976
"2018-06-30:12 AM",84.7386
"2018-07-01:12 AM",85.9476
"2018-07-02:12 AM",82.9544
"2018-07-03:12 AM",79.7945
"2018-07-04:12 AM",82.7359
"2018-07-05:12 AM",82.7112
"2018-07-06:12 AM",82.9744
"2018-07-07:12 AM",78.1374
"2018-07-08:12 AM",78.0838
"2018-07-09:12 AM",80.0184
"2018-07-10:12 AM",80.0447
"2018-07-11:12 AM",82.8981
"2018-07-12:12 AM",85.0503
"2018-07-13:12 AM",85.9159
"2018-07-14:12 AM",85.0899
"2018-07-15:12 AM",84.1899
"2018-07-16:12 AM",83.0305
"2018-07-17:12 AM",82.3096
"2018-07-18:12 AM",82.1455
"2018-07-19:12 AM",83.7723
"2018-07-20:12 AM",87.1911
"2018-07-21:12 AM",87.0193
"2018-07-22:12 AM",84.4394
"2018-07-23:12 AM",80.8583
"2018-07-24:12 AM",80.5078
"2018-07-25:12 AM",81.4201
"2018-07-26:12 AM",82.9206
"2018-07-27:12 AM",82.4454
"2018-07-28:12 AM",82.1185
"2018-07-29:12 AM",79.597
"2018-07-30:12 AM",81.1931
"2018-07-31:12 AM",77.9704
"2018-08-01:12 AM",77.9023
"2018-08-02:12 AM",78.9445
"2018-08-03:12 AM",80.0613
"2018-08-04:12 AM",80.1586
"2018-08-05:12 AM",81.9478
"2018-08-06:12 AM",83.9059
"2018-08-07:12 AM",84.5301
"2018-08-08:12 AM",83.4003
"2018-08-09:12 AM",79.9077
"2018-08-10:12 AM",79.7743
"2018-08-11:12 AM",81.102
"2018-08-12:12 AM",81.4852
"2018-08-13:12 AM",80.2756
"2018-08-14:12 AM",82.4995
"2018-08-15:12 AM",84.628
"2018-08-16:12 AM",84.6504
"2018-08-17:12 AM",82.6048
"2018-08-18:12 AM",78.9492
"2018-08-19:12 AM",77.6858
"2018-08-20:12 AM",79.3857
"2018-08-21:12 AM",80.0829
"2018-08-22:12 AM",78.0373
"2018-08-23:12 AM",76.1756
"2018-08-24:12 AM",78.3932
"2018-08-25:12 AM",82.4587
"2018-08-26:12 AM",82.0953
"2018-08-27:12 AM",82.065
"2018-08-28:12 AM",81.3765
"2018-08-29:12 AM",81.4555
"2018-08-30:12 AM",76.8961
"2018-08-31:12 AM",77.2335
"2018-09-01:12 AM",78.8374
"2018-09-02:12 AM",79.9403
"2018-09-03:12 AM",80.7021
"2018-09-04:12 AM",80.9112
"2018-09-05:12 AM",75.1602
"2018-09-06:12 AM",76.5505
"2018-09-07:12 AM",77.9893
"2018-09-08:12 AM",79.1686
"2018-09-09:12 AM",75.6585
"2018-09-10:12 AM",72.3799
"2018-09-11:12 AM",71.9589
"2018-09-12:12 AM",74.707
"2018-09-13:12 AM",78.3432
"2018-09-14:12 AM",79.8514
"2018-09-15:12 AM",81.6015
"2018-09-16:12 AM",81.9914
"2018-09-17:12 AM",81.1026
"2018-09-18:12 AM",81.1308
"2018-09-19:12 AM",80.487
"2018-09-20:12 AM",81.2503
"2018-09-21:12 AM",81.4509
"2018-09-22:12 AM",77.0342
"2018-09-23:12 AM",75.2736
"2018-09-24:12 AM",76.5984
"2018-09-25:12 AM",77.1089
"2018-09-26:12 AM",75.5357
"2018-09-27:12 AM",70.8467
"2018-09-28:12 AM",69.1387
"2018-09-29:12 AM",68.4597
"2018-09-30:12 AM",73.0098
"2018-10-01:12 AM",75.5235
"2018-10-02:12 AM",76.8011
"2018-10-03:12 AM",76.9707
"2018-10-04:12 AM",78.6231
"2018-10-05:12 AM",78.7116
"2018-10-06:12 AM",77.7384
"2018-10-07:12 AM",77.4482
"2018-10-08:12 AM",76.5788
"2018-10-09:12 AM",77.2128
"2018-10-10:12 AM",76.3619
"2018-10-11:12 AM",64.9117
"2018-10-12:12 AM",60.5046
"2018-10-13:12 AM",66.0814
"2018-10-14:12 AM",72.4521
"2018-10-15:12 AM",70.5038
"2018-10-16:12 AM",59.3071
"2018-10-17:12 AM",57.3537
"2018-10-18:12 AM",60.2622
"2018-10-19:12 AM",65.6424
"2018-10-20:12 AM",65.188
"2018-10-21:12 AM",53.128
"2018-10-22:12 AM",52.9945
"2018-10-23:12 AM",58.8888
"2018-10-24:12 AM",59.1955
"2018-10-25:12 AM",58.8774
"2018-10-26:12 AM",56.8758
"2018-10-27:12 AM",55.7218
"2018-10-28:12 AM",65.0219
"2018-10-29:12 AM",64.7818
"2018-10-30:12 AM",67.4114
"2018-10-31:12 AM",70.7769
"2018-11-01:12 AM",65.3432
"2018-11-02:12 AM",53.1905
"2018-11-03:12 AM",55.5573
"2018-11-04:12 AM",59.1946
"2018-11-05:12 AM",63.7889
"2018-11-06:12 AM",66.8833
"2018-11-07:12 AM",60.154
"2018-11-08:12 AM",55.6902
"2018-11-09:12 AM",52.3281
"2018-11-10:12 AM",40.3299
"2018-11-11:12 AM",42.6571
"2018-11-12:12 AM",50.2725
"2018-11-13:12 AM",40.249
"2018-11-14:12 AM",33.6717
"2018-11-15:12 AM",33.7703
"2018-11-16:12 AM",42.5655
"2018-11-17:12 AM",48.7801
"2018-11-18:12 AM",50.7965
"2018-11-19:12 AM",52.8172
"2018-11-20:12 AM",47.6944
"2018-11-21:12 AM",46.306
"2018-11-22:12 AM",46.8775
"2018-11-23:12 AM",50.4516
"2018-11-24:12 AM",57.6946
"2018-11-25:12 AM",57.6372
"2018-11-26:12 AM",40.4053
"2018-11-27:12 AM",35.6353
"2018-11-28:12 AM",41.5422
"2018-11-29:12 AM",54.9198
"2018-11-30:12 AM",64.9657
"2018-12-01:12 AM",67.0647
"2018-12-02:12 AM",59.3292
"2018-12-03:12 AM",50.3184
"2018-12-04:12 AM",41.1206
"2018-12-05:12 AM",36.4453
"2018-12-06:12 AM",40.089
"2018-12-07:12 AM",44.7458
"2018-12-08:12 AM",44.359
"2018-12-09:12 AM",39.0965
"2018-12-10:12 AM",36.2793
"2018-12-11:12 AM",36.8733
"2018-12-12:12 AM",43.8507
"2018-12-13:12 AM",54.7374
"2018-12-14:12 AM",55.6696
"2018-12-15:12 AM",48.7287
"2018-12-16:12 AM",48.5722
"2018-12-17:12 AM",49.4172
"2018-12-18:12 AM",49.7356
"2018-12-19:12 AM",51.5698
"2018-12-20:12 AM",51.0579
"2018-12-21:12 AM",41.9711
"2018-12-22:12 AM",45.585
"2018-12-23:12 AM",51.8225
"2018-12-24:12 AM",43.0043
"2018-12-25:12 AM",48.6702
"2018-12-26:12 AM",55.1739
"2018-12-27:12 AM",60.4641
"2018-12-28:12 AM",56.093
"2018-12-29:12 AM",45.5025
"2018-12-30:12 AM",51.048
"2018-12-31:12 AM",63.9093
"2019-01-01:12 AM",54.5256
"2019-01-02:12 AM",49.255
"2019-01-03:12 AM",49.6783
"2019-01-04:12 AM",47.2012
"2019-01-05:12 AM",44.8291
"2019-01-06:12 AM",48.8847
"2019-01-07:12 AM",54.3515
"2019-01-08:12 AM",60.5655
"2019-01-09:12 AM",46.6392
"2019-01-10:12 AM",38.6893
"2019-01-11:12 AM",39.4533
"2019-01-12:12 AM",49.7921
"2019-01-13:12 AM",43.9263
"2019-01-14:12 AM",39.571
"2019-01-15:12 AM",39.0315
"2019-01-16:12 AM",41.353
"2019-01-17:12 AM",50.4234
"2019-01-18:12 AM",55.7667
"2019-01-19:12 AM",55.0906
"2019-01-20:12 AM",32.7875
"2019-01-21:12 AM",34.4084
"2019-01-22:12 AM",43.7545
"2019-01-23:12 AM",51.7264
"2019-01-24:12 AM",35.438
"2019-01-25:12 AM",36.8008
"2019-01-26:12 AM",40.1774
"2019-01-27:12 AM",45.871
"2019-01-28:12 AM",48.3071
"2019-01-29:12 AM",35.438
"2019-01-30:12 AM",33.7465
"2019-01-31:12 AM",38.9566
"2019-02-01:12 AM",47.9005
"2019-02-02:12 AM",52.0727
"2019-02-03:12 AM",57.8343
"2019-02-04:12 AM",61.4244
"2019-02-05:12 AM",66.2299
"2019-02-06:12 AM",67.1
"2019-02-07:12 AM",65.7496
"2019-02-08:12 AM",38.7684
"2019-02-09:12 AM",37.8909
"2019-02-10:12 AM",48.8093
"2019-02-11:12 AM",60.3417
"2019-02-12:12 AM",57.2288
"2019-02-13:12 AM",45.2521
"2019-02-14:12 AM",52.8301
"2019-02-15:12 AM",59.7078
"2019-02-16:12 AM",49.1049
"2019-02-17:12 AM",53.8853
"2019-02-18:12 AM",42.3747
"2019-02-19:12 AM",43.8183
"2019-02-20:12 AM",56.6227
"2019-02-21:12 AM",51.2958
"2019-02-22:12 AM",59.4138
"2019-02-23:12 AM",68.2668
"2019-02-24:12 AM",51.8254
"2019-02-25:12 AM",46.2637
"2019-02-26:12 AM",51.4528
"2019-02-27:12 AM",58.1097
"2019-02-28:12 AM",61.432
"2019-03-01:12 AM",53.0287
"2019-03-02:12 AM",51.8401
"2019-03-03:12 AM",47.7549
"2019-03-04:12 AM",33.539
"2019-03-05:12 AM",31.8495
"2019-03-06:12 AM",34.1663
"2019-03-07:12 AM",41.5638
"2019-03-08:12 AM",57.9704
"2019-03-09:12 AM",66.4453
"2019-03-10:12 AM",63.4568
"2019-03-11:12 AM",59.299
"2019-03-12:12 AM",57.762
"2019-03-13:12 AM",62.8594
"2019-03-14:12 AM",67.7269
"2019-03-15:12 AM",52.9106