"DateTime","(deg F) Mean Temperature (CFSR) at Montana, 2010-01-01 to 2019-03-14"
"2010-01-01:12 AM",14.8858
"2010-01-02:12 AM",27.5619
"2010-01-03:12 AM",22.3401
"2010-01-04:12 AM",20.5434
"2010-01-05:12 AM",20.4687
"2010-01-06:12 AM",4.7419
"2010-01-07:12 AM",-1.6238
"2010-01-08:12 AM",11.6622
"2010-01-09:12 AM",22.5558
"2010-01-10:12 AM",28.8444
"2010-01-11:12 AM",29.1216
"2010-01-12:12 AM",32.3179
"2010-01-13:12 AM",33.7602
"2010-01-14:12 AM",32.2306
"2010-01-15:12 AM",31.114
"2010-01-16:12 AM",33.2933
"2010-01-17:12 AM",29.6388
"2010-01-18:12 AM",31.2973
"2010-01-19:12 AM",30.1593
"2010-01-20:12 AM",28.5112
"2010-01-21:12 AM",27.0309
"2010-01-22:12 AM",25.2759
"2010-01-23:12 AM",21.9465
"2010-01-24:12 AM",19.2787
"2010-01-25:12 AM",16.241
"2010-01-26:12 AM",16.4241
"2010-01-27:12 AM",13.0924
"2010-01-28:12 AM",15.3255
"2010-01-29:12 AM",21.0745
"2010-01-30:12 AM",20.3927
"2010-01-31:12 AM",17.0103
"2010-02-01:12 AM",19.0863
"2010-02-02:12 AM",23.1937
"2010-02-03:12 AM",25.3719
"2010-02-04:12 AM",26.2056
"2010-02-05:12 AM",24.3
"2010-02-06:12 AM",24.8547
"2010-02-07:12 AM",22.4402
"2010-02-08:12 AM",11.5572
"2010-02-09:12 AM",13.6828
"2010-02-10:12 AM",19.724
"2010-02-11:12 AM",24.3082
"2010-02-12:12 AM",28.3764
"2010-02-13:12 AM",24.2938
"2010-02-14:12 AM",15.2733
"2010-02-15:12 AM",21.2398
"2010-02-16:12 AM",24.5716
"2010-02-17:12 AM",29.2813
"2010-02-18:12 AM",23.7769
"2010-02-19:12 AM",21.4792
"2010-02-20:12 AM",18.0406
"2010-02-21:12 AM",15.4342
"2010-02-22:12 AM",18.9639
"2010-02-23:12 AM",22.7464
"2010-02-24:12 AM",26.9575
"2010-02-25:12 AM",30.9328
"2010-02-26:12 AM",29.1178
"2010-02-27:12 AM",30.7517
"2010-02-28:12 AM",30.8941
"2010-03-01:12 AM",32.0367
"2010-03-02:12 AM",32.8746
"2010-03-03:12 AM",34.7713
"2010-03-04:12 AM",33.9987
"2010-03-05:12 AM",33.4069
"2010-03-06:12 AM",33.4965
"2010-03-07:12 AM",35.0269
"2010-03-08:12 AM",36.1648
"2010-03-09:12 AM",31.6634
"2010-03-10:12 AM",27.7597
"2010-03-11:12 AM",28.1484
"2010-03-12:12 AM",33.4861
"2010-03-13:12 AM",34.1982
"2010-03-14:12 AM",32.0518
"2010-03-15:12 AM",34.5996
"2010-03-16:12 AM",39.2495
"2010-03-17:12 AM",42.2758
"2010-03-18:12 AM",34.8912
"2010-03-19:12 AM",27.3819
"2010-03-20:12 AM",30.0697
"2010-03-21:12 AM",37.9463
"2010-03-22:12 AM",37.9
"2010-03-23:12 AM",34.4304
"2010-03-24:12 AM",35.4106
"2010-03-25:12 AM",35.1516
"2010-03-26:12 AM",35.7181
"2010-03-27:12 AM",36.9889
"2010-03-28:12 AM",40.1533
"2010-03-29:12 AM",43.7844
"2010-03-30:12 AM",40.1504
"2010-03-31:12 AM",35.3655
"2010-04-01:12 AM",32.7758
"2010-04-02:12 AM",33.2148
"2010-04-03:12 AM",33.1682
"2010-04-04:12 AM",32.0374
"2010-04-05:12 AM",34.0381
"2010-04-06:12 AM",34.2617
"2010-04-07:12 AM",35.3869
"2010-04-08:12 AM",37.3737
"2010-04-09:12 AM",30.4295
"2010-04-10:12 AM",32.8035
"2010-04-11:12 AM",33.8038
"2010-04-12:12 AM",35.7582
"2010-04-13:12 AM",35.667
"2010-04-14:12 AM",38.3428
"2010-04-15:12 AM",41.9473
"2010-04-16:12 AM",45.0572
"2010-04-17:12 AM",50.3609
"2010-04-18:12 AM",51.9667
"2010-04-19:12 AM",53.6261
"2010-04-20:12 AM",54.7943
"2010-04-21:12 AM",54.531
"2010-04-22:12 AM",52.7511
"2010-04-23:12 AM",47.3457
"2010-04-24:12 AM",44.1912
"2010-04-25:12 AM",40.1535
"2010-04-26:12 AM",39.866
"2010-04-27:12 AM",46.5863
"2010-04-28:12 AM",45.7354
"2010-04-29:12 AM",37.7838
"2010-04-30:12 AM",36.6993
"2010-05-01:12 AM",38.8999
"2010-05-02:12 AM",38.8126
"2010-05-03:12 AM",42.8635
"2010-05-04:12 AM",35.7703
"2010-05-05:12 AM",33.2303
"2010-05-06:12 AM",31.9325
"2010-05-07:12 AM",34.3719
"2010-05-08:12 AM",37.4212
"2010-05-09:12 AM",41.5886
"2010-05-10:12 AM",42.1606
"2010-05-11:12 AM",42.6326
"2010-05-12:12 AM",42.787
"2010-05-13:12 AM",45.8955
"2010-05-14:12 AM",52.1802
"2010-05-15:12 AM",55.8862
"2010-05-16:12 AM",58.8286
"2010-05-17:12 AM",62.0823
"2010-05-18:12 AM",61.8024
"2010-05-19:12 AM",58.1671
"2010-05-20:12 AM",51.5484
"2010-05-21:12 AM",46.1314
"2010-05-22:12 AM",45.2588
"2010-05-23:12 AM",44.2881
"2010-05-24:12 AM",41.6957
"2010-05-25:12 AM",45.9502
"2010-05-26:12 AM",50.8759
"2010-05-27:12 AM",53.395
"2010-05-28:12 AM",47.3446
"2010-05-29:12 AM",43.9426
"2010-05-30:12 AM",46.5303
"2010-05-31:12 AM",50.6586
"2010-06-01:12 AM",49.9248
"2010-06-02:12 AM",52.7556
"2010-06-03:12 AM",55.7726
"2010-06-04:12 AM",53.4384
"2010-06-05:12 AM",55.2497
"2010-06-06:12 AM",53.7325
"2010-06-07:12 AM",55.9209
"2010-06-08:12 AM",55.2418
"2010-06-09:12 AM",55.0962
"2010-06-10:12 AM",53.5766
"2010-06-11:12 AM",48.4686
"2010-06-12:12 AM",48.3224
"2010-06-13:12 AM",53.049
"2010-06-14:12 AM",57.6077
"2010-06-15:12 AM",56.9259
"2010-06-16:12 AM",55.4049
"2010-06-17:12 AM",49.8373
"2010-06-18:12 AM",49.3056
"2010-06-19:12 AM",54.345
"2010-06-20:12 AM",58.2935
"2010-06-21:12 AM",57.8822
"2010-06-22:12 AM",56.7844
"2010-06-23:12 AM",60.5871
"2010-06-24:12 AM",66.1779
"2010-06-25:12 AM",66.5339
"2010-06-26:12 AM",64.3404
"2010-06-27:12 AM",63.9219
"2010-06-28:12 AM",67.732
"2010-06-29:12 AM",73.3797
"2010-06-30:12 AM",71.3176
"2010-07-01:12 AM",66.9324
"2010-07-02:12 AM",65.5563
"2010-07-03:12 AM",57.384
"2010-07-04:12 AM",56.9242
"2010-07-05:12 AM",56.7806
"2010-07-06:12 AM",54.5227
"2010-07-07:12 AM",58.4584
"2010-07-08:12 AM",64.3998
"2010-07-09:12 AM",69.1041
"2010-07-10:12 AM",70.9849
"2010-07-11:12 AM",64.0827
"2010-07-12:12 AM",67.3475
"2010-07-13:12 AM",61.761
"2010-07-14:12 AM",59.7405
"2010-07-15:12 AM",66.1127
"2010-07-16:12 AM",72.6786
"2010-07-17:12 AM",70.5947
"2010-07-18:12 AM",67.7674
"2010-07-19:12 AM",64.5597
"2010-07-20:12 AM",62.6544
"2010-07-21:12 AM",63.2286
"2010-07-22:12 AM",64.6192
"2010-07-23:12 AM",63.3493
"2010-07-24:12 AM",65.0692
"2010-07-25:12 AM",71.3935
"2010-07-26:12 AM",73.4041
"2010-07-27:12 AM",69.8686
"2010-07-28:12 AM",69.9656
"2010-07-29:12 AM",72.9964
"2010-07-30:12 AM",73.6747
"2010-07-31:12 AM",74.1943
"2010-08-01:12 AM",70.3773
"2010-08-02:12 AM",68.6415
"2010-08-03:12 AM",66.8797
"2010-08-04:12 AM",64.8003
"2010-08-05:12 AM",67.3311
"2010-08-06:12 AM",72.0099
"2010-08-07:12 AM",71.9078
"2010-08-08:12 AM",71.1484
"2010-08-09:12 AM",69.9953
"2010-08-10:12 AM",69.2632
"2010-08-11:12 AM",70.6978
"2010-08-12:12 AM",66.7769
"2010-08-13:12 AM",58.5961
"2010-08-14:12 AM",57.1825
"2010-08-15:12 AM",60.0669
"2010-08-16:12 AM",64.0517
"2010-08-17:12 AM",69.4465
"2010-08-18:12 AM",71.1486
"2010-08-19:12 AM",71.29
"2010-08-20:12 AM",69.82
"2010-08-21:12 AM",73.0809
"2010-08-22:12 AM",71.4988
"2010-08-23:12 AM",58.9782
"2010-08-24:12 AM",59.1687
"2010-08-25:12 AM",67.8573
"2010-08-26:12 AM",75.5098
"2010-08-27:12 AM",68.2846
"2010-08-28:12 AM",58.9851
"2010-08-29:12 AM",54.6868
"2010-08-30:12 AM",50.0342
"2010-08-31:12 AM",51.2821
"2010-09-01:12 AM",53.7654
"2010-09-02:12 AM",53.6295
"2010-09-03:12 AM",59.5269
"2010-09-04:12 AM",65.579
"2010-09-05:12 AM",55.9576
"2010-09-06:12 AM",48.3143
"2010-09-07:12 AM",53.2116
"2010-09-08:12 AM",56.5036
"2010-09-09:12 AM",53.5798
"2010-09-10:12 AM",50.6086
"2010-09-11:12 AM",52.7891
"2010-09-12:12 AM",56.4813
"2010-09-13:12 AM",59.6367
"2010-09-14:12 AM",56.0064
"2010-09-15:12 AM",55.1388
"2010-09-16:12 AM",56.9626
"2010-09-17:12 AM",46.094
"2010-09-18:12 AM",45.2809
"2010-09-19:12 AM",52.5913
"2010-09-20:12 AM",53.4074
"2010-09-21:12 AM",49.989
"2010-09-22:12 AM",46.7656
"2010-09-23:12 AM",47.7869
"2010-09-24:12 AM",52.4872
"2010-09-25:12 AM",58.5885
"2010-09-26:12 AM",66.0749
"2010-09-27:12 AM",63.6773
"2010-09-28:12 AM",67.1725
"2010-09-29:12 AM",60.8126
"2010-09-30:12 AM",59.0619
"2010-10-01:12 AM",57.2706
"2010-10-02:12 AM",59.2038
"2010-10-03:12 AM",63.9302
"2010-10-04:12 AM",62.1252
"2010-10-05:12 AM",56.5345
"2010-10-06:12 AM",54.0345
"2010-10-07:12 AM",59.7184
"2010-10-08:12 AM",55.3699
"2010-10-09:12 AM",53.8367
"2010-10-10:12 AM",55.5258
"2010-10-11:12 AM",51.2478
"2010-10-12:12 AM",43.5774
"2010-10-13:12 AM",48.1122
"2010-10-14:12 AM",53.5647
"2010-10-15:12 AM",54.18
"2010-10-16:12 AM",42.8126
"2010-10-17:12 AM",42.5955
"2010-10-18:12 AM",41.2938
"2010-10-19:12 AM",45.207
"2010-10-20:12 AM",47.6101
"2010-10-21:12 AM",49.5241
"2010-10-22:12 AM",49.4985
"2010-10-23:12 AM",46.7643
"2010-10-24:12 AM",45.9856
"2010-10-25:12 AM",40.5955
"2010-10-26:12 AM",35.0667
"2010-10-27:12 AM",33.8506
"2010-10-28:12 AM",36.0059
"2010-10-29:12 AM",42.2677
"2010-10-30:12 AM",41.1152
"2010-10-31:12 AM",43.8181
"2010-11-01:12 AM",44.0337
"2010-11-02:12 AM",49.5527
"2010-11-03:12 AM",42.9588
"2010-11-04:12 AM",41.8102
"2010-11-05:12 AM",48.3552
"2010-11-06:12 AM",53.2753
"2010-11-07:12 AM",51.5863
"2010-11-08:12 AM",43.8289
"2010-11-09:12 AM",33.5856
"2010-11-10:12 AM",29.8551
"2010-11-11:12 AM",28.018
"2010-11-12:12 AM",31.3371
"2010-11-13:12 AM",30.7429
"2010-11-14:12 AM",32.7025
"2010-11-15:12 AM",35.1826
"2010-11-16:12 AM",32.3524
"2010-11-17:12 AM",25.7355
"2010-11-18:12 AM",32.2788
"2010-11-19:12 AM",18.2628
"2010-11-20:12 AM",13.2807
"2010-11-21:12 AM",9.8069
"2010-11-22:12 AM",7.6878
"2010-11-23:12 AM",3.2139
"2010-11-24:12 AM",-0.6637
"2010-11-25:12 AM",9.2955
"2010-11-26:12 AM",23.9637
"2010-11-27:12 AM",27.279
"2010-11-28:12 AM",25.0914
"2010-11-29:12 AM",18.7466
"2010-11-30:12 AM",17.598
"2010-12-01:12 AM",27.5594
"2010-12-02:12 AM",28.5429
"2010-12-03:12 AM",26.3851
"2010-12-04:12 AM",17.946
"2010-12-05:12 AM",17.3367
"2010-12-06:12 AM",22.4503
"2010-12-07:12 AM",25.2421
"2010-12-08:12 AM",30.1483
"2010-12-09:12 AM",33.9807
"2010-12-10:12 AM",28.161
"2010-12-11:12 AM",17.5487
"2010-12-12:12 AM",26.7523
"2010-12-13:12 AM",35.2472
"2010-12-14:12 AM",35.2636
"2010-12-15:12 AM",28.6786
"2010-12-16:12 AM",20.5975
"2010-12-17:12 AM",14.0194
"2010-12-18:12 AM",9.9095
"2010-12-19:12 AM",11.9269
"2010-12-20:12 AM",13.1365
"2010-12-21:12 AM",14.0409
"2010-12-22:12 AM",18.2899
"2010-12-23:12 AM",23.2556
"2010-12-24:12 AM",24.3658
"2010-12-25:12 AM",25.6572
"2010-12-26:12 AM",28.6146
"2010-12-27:12 AM",27.147
"2010-12-28:12 AM",27.1346
"2010-12-29:12 AM",23.7906
"2010-12-30:12 AM",5.3784
"2010-12-31:12 AM",0.4204
"2011-01-01:12 AM",-0.8819
"2011-01-02:12 AM",13.3045
"2011-01-03:12 AM",11.3518
"2011-01-04:12 AM",13.617
"2011-01-05:12 AM",22.4762
"2011-01-06:12 AM",29.4139
"2011-01-07:12 AM",27.475
"2011-01-08:12 AM",25.1353
"2011-01-09:12 AM",9.2604
"2011-01-10:12 AM",-0.1016
"2011-01-11:12 AM",-2.4417
"2011-01-12:12 AM",10.5269
"2011-01-13:12 AM",24.3392
"2011-01-14:12 AM",23.9621
"2011-01-15:12 AM",21.1575
"2011-01-16:12 AM",28.3269
"2011-01-17:12 AM",26.5984
"2011-01-18:12 AM",19.4223
"2011-01-19:12 AM",15.6634
"2011-01-20:12 AM",14.634
"2011-01-21:12 AM",26.2764
"2011-01-22:12 AM",26.861
"2011-01-23:12 AM",26.5987
"2011-01-24:12 AM",24.9269
"2011-01-25:12 AM",29.8668
"2011-01-26:12 AM",29.4289
"2011-01-27:12 AM",31.6544
"2011-01-28:12 AM",31.6395
"2011-01-29:12 AM",24.6124
"2011-01-30:12 AM",9.7441
"2011-01-31:12 AM",-4.3625
"2011-02-01:12 AM",-8.8395
"2011-02-02:12 AM",5.0805
"2011-02-03:12 AM",22.0874
"2011-02-04:12 AM",31.8603
"2011-02-05:12 AM",30.3265
"2011-02-06:12 AM",20.5354
"2011-02-07:12 AM",14.0983
"2011-02-08:12 AM",0.3679
"2011-02-09:12 AM",5.8564
"2011-02-10:12 AM",20.2158
"2011-02-11:12 AM",25.8337
"2011-02-12:12 AM",32.8215
"2011-02-13:12 AM",33.764
"2011-02-14:12 AM",32.1228
"2011-02-15:12 AM",35.8569
"2011-02-16:12 AM",33.303
"2011-02-17:12 AM",23.6529
"2011-02-18:12 AM",13.201
"2011-02-19:12 AM",7.5398
"2011-02-20:12 AM",5.5845
"2011-02-21:12 AM",10.5429
"2011-02-22:12 AM",19.9249
"2011-02-23:12 AM",11.4008
"2011-02-24:12 AM",-1.9035
"2011-02-25:12 AM",-8.1011
"2011-02-26:12 AM",2.5788
"2011-02-27:12 AM",15.8229
"2011-02-28:12 AM",23.8685
"2011-03-01:12 AM",15.6054
"2011-03-02:12 AM",15.4785
"2011-03-03:12 AM",26.4711
"2011-03-04:12 AM",19.3667
"2011-03-05:12 AM",20.1222
"2011-03-06:12 AM",15.942
"2011-03-07:12 AM",13.5637
"2011-03-08:12 AM",17.7552
"2011-03-09:12 AM",25.1926
"2011-03-10:12 AM",34.4948
"2011-03-11:12 AM",31.1616
"2011-03-12:12 AM",25.8688
"2011-03-13:12 AM",31.2987
"2011-03-14:12 AM",35.6842
"2011-03-15:12 AM",35.2998
"2011-03-16:12 AM",37.6212
"2011-03-17:12 AM",32.4
"2011-03-18:12 AM",31.2159
"2011-03-19:12 AM",32.4919
"2011-03-20:12 AM",32.4649
"2011-03-21:12 AM",34.1082
"2011-03-22:12 AM",31.2201
"2011-03-23:12 AM",27.595
"2011-03-24:12 AM",26.9915
"2011-03-25:12 AM",27.9914
"2011-03-26:12 AM",27.8299
"2011-03-27:12 AM",28.8394
"2011-03-28:12 AM",27.8685
"2011-03-29:12 AM",29.3729
"2011-03-30:12 AM",34.0992
"2011-03-31:12 AM",38.6555
"2011-04-01:12 AM",39.0184
"2011-04-02:12 AM",39.4961
"2011-04-03:12 AM",30.6102
"2011-04-04:12 AM",30.6322
"2011-04-05:12 AM",35.1973
"2011-04-06:12 AM",33.742
"2011-04-07:12 AM",32.7279
"2011-04-08:12 AM",31.1738
"2011-04-09:12 AM",32.3393
"2011-04-10:12 AM",35.2062
"2011-04-11:12 AM",40.4863
"2011-04-12:12 AM",37.668
"2011-04-13:12 AM",37.036
"2011-04-14:12 AM",35.1046
"2011-04-15:12 AM",35.6725
"2011-04-16:12 AM",37.5341
"2011-04-17:12 AM",35.9785
"2011-04-18:12 AM",30.2149
"2011-04-19:12 AM",28.3195
"2011-04-20:12 AM",29.9786
"2011-04-21:12 AM",35.8849
"2011-04-22:12 AM",32.6842
"2011-04-23:12 AM",34.56
"2011-04-24:12 AM",39.3678
"2011-04-25:12 AM",42.2811
"2011-04-26:12 AM",39.8943
"2011-04-27:12 AM",39.2421
"2011-04-28:12 AM",40.7365
"2011-04-29:12 AM",33.9372
"2011-04-30:12 AM",34.3881
"2011-05-01:12 AM",36.55
"2011-05-02:12 AM",40.883
"2011-05-03:12 AM",42.224
"2011-05-04:12 AM",41.4504
"2011-05-05:12 AM",45.6373
"2011-05-06:12 AM",47.2028
"2011-05-07:12 AM",46.5802
"2011-05-08:12 AM",45.8766
"2011-05-09:12 AM",43.3071
"2011-05-10:12 AM",41.9776
"2011-05-11:12 AM",45.3882
"2011-05-12:12 AM",48.0983
"2011-05-13:12 AM",48.0168
"2011-05-14:12 AM",44.4884
"2011-05-15:12 AM",45.0531
"2011-05-16:12 AM",47.8414
"2011-05-17:12 AM",45.8593
"2011-05-18:12 AM",45.3978
"2011-05-19:12 AM",46.2934
"2011-05-20:12 AM",47.2192
"2011-05-21:12 AM",50.0146
"2011-05-22:12 AM",51.1831
"2011-05-23:12 AM",51.2139
"2011-05-24:12 AM",47.242
"2011-05-25:12 AM",46.6041
"2011-05-26:12 AM",45.6075
"2011-05-27:12 AM",41.7504
"2011-05-28:12 AM",42.5154
"2011-05-29:12 AM",40.9341
"2011-05-30:12 AM",41.6424
"2011-05-31:12 AM",44.9325
"2011-06-01:12 AM",51.4009
"2011-06-02:12 AM",52.0588
"2011-06-03:12 AM",45.3184
"2011-06-04:12 AM",50.8573
"2011-06-05:12 AM",59.4822
"2011-06-06:12 AM",59.3883
"2011-06-07:12 AM",51.4517
"2011-06-08:12 AM",47.1573
"2011-06-09:12 AM",45.5436
"2011-06-10:12 AM",48.9618
"2011-06-11:12 AM",52.6987
"2011-06-12:12 AM",53.5039
"2011-06-13:12 AM",54.8071
"2011-06-14:12 AM",54.1461
"2011-06-15:12 AM",51.9775
"2011-06-16:12 AM",49.0078
"2011-06-17:12 AM",50.079
"2011-06-18:12 AM",54.3825
"2011-06-19:12 AM",54.0334
"2011-06-20:12 AM",55.6354
"2011-06-21:12 AM",57.8817
"2011-06-22:12 AM",61.8163
"2011-06-23:12 AM",63.4147
"2011-06-24:12 AM",57.9405
"2011-06-25:12 AM",55.0989
"2011-06-26:12 AM",53.7618
"2011-06-27:12 AM",56.6649
"2011-06-28:12 AM",65.9462
"2011-06-29:12 AM",69.7258
"2011-06-30:12 AM",62.9964
"2011-07-01:12 AM",58.4361
"2011-07-02:12 AM",62.5415
"2011-07-03:12 AM",69.6774
"2011-07-04:12 AM",68.0653
"2011-07-05:12 AM",67.3961
"2011-07-06:12 AM",68.4802
"2011-07-07:12 AM",70.0954
"2011-07-08:12 AM",67.0447
"2011-07-09:12 AM",61.4223
"2011-07-10:12 AM",63.2624
"2011-07-11:12 AM",64.6999
"2011-07-12:12 AM",66.9846
"2011-07-13:12 AM",68.2704
"2011-07-14:12 AM",65.916
"2011-07-15:12 AM",65.01
"2011-07-16:12 AM",68.5008
"2011-07-17:12 AM",71.5388
"2011-07-18:12 AM",76.829
"2011-07-19:12 AM",75.6883
"2011-07-20:12 AM",64.7478
"2011-07-21:12 AM",62.7969
"2011-07-22:12 AM",63.7696
"2011-07-23:12 AM",61.522
"2011-07-24:12 AM",66.4498
"2011-07-25:12 AM",71.8983
"2011-07-26:12 AM",68.4869
"2011-07-27:12 AM",64.009
"2011-07-28:12 AM",64.1257
"2011-07-29:12 AM",67.7615
"2011-07-30:12 AM",69.1869
"2011-07-31:12 AM",74.9919
"2011-08-01:12 AM",71.9719
"2011-08-02:12 AM",70.0583
"2011-08-03:12 AM",71.6599
"2011-08-04:12 AM",70.7151
"2011-08-05:12 AM",68.4541
"2011-08-06:12 AM",67.3066
"2011-08-07:12 AM",67.9426
"2011-08-08:12 AM",64.378
"2011-08-09:12 AM",64.076
"2011-08-10:12 AM",65.9647
"2011-08-11:12 AM",65.1603
"2011-08-12:12 AM",62.0152
"2011-08-13:12 AM",66.5379
"2011-08-14:12 AM",72.1267
"2011-08-15:12 AM",68.0328
"2011-08-16:12 AM",61.345
"2011-08-17:12 AM",64.7033
"2011-08-18:12 AM",66.1591
"2011-08-19:12 AM",60.7678
"2011-08-20:12 AM",62.8669
"2011-08-21:12 AM",69.0348
"2011-08-22:12 AM",74.8072
"2011-08-23:12 AM",73.2997
"2011-08-24:12 AM",71.0485
"2011-08-25:12 AM",73.8658
"2011-08-26:12 AM",71.5174
"2011-08-27:12 AM",73.2646
"2011-08-28:12 AM",73.1556
"2011-08-29:12 AM",71.1869
"2011-08-30:12 AM",69.1329
"2011-08-31:12 AM",63.6859
"2011-09-01:12 AM",54.3979
"2011-09-02:12 AM",55.5505
"2011-09-03:12 AM",51.8754
"2011-09-04:12 AM",56.8279
"2011-09-05:12 AM",64.7845
"2011-09-06:12 AM",66.5528
"2011-09-07:12 AM",66.7407
"2011-09-08:12 AM",67.7647
"2011-09-09:12 AM",66.931
"2011-09-10:12 AM",66.6034
"2011-09-11:12 AM",67.4496
"2011-09-12:12 AM",63.4624
"2011-09-13:12 AM",56.3412
"2011-09-14:12 AM",51.5543
"2011-09-15:12 AM",55.2117
"2011-09-16:12 AM",56.8582
"2011-09-17:12 AM",54.6886
"2011-09-18:12 AM",53.8578
"2011-09-19:12 AM",55.6624
"2011-09-20:12 AM",48.7726
"2011-09-21:12 AM",51.0615
"2011-09-22:12 AM",59.0907
"2011-09-23:12 AM",67.7273
"2011-09-24:12 AM",68.7603
"2011-09-25:12 AM",67.8294
"2011-09-26:12 AM",62.911
"2011-09-27:12 AM",63.1816
"2011-09-28:12 AM",59.0974
"2011-09-29:12 AM",51.7291
"2011-09-30:12 AM",61.1067
"2011-10-01:12 AM",67.2656
"2011-10-02:12 AM",63.334
"2011-10-03:12 AM",63.4914
"2011-10-04:12 AM",63.1693
"2011-10-05:12 AM",58.0546
"2011-10-06:12 AM",52.3596
"2011-10-07:12 AM",46.1574
"2011-10-08:12 AM",44.1462
"2011-10-09:12 AM",43.9331
"2011-10-10:12 AM",45.7947
"2011-10-11:12 AM",48.6322
"2011-10-12:12 AM",46.2087
"2011-10-13:12 AM",44.3604
"2011-10-14:12 AM",41.9342
"2011-10-15:12 AM",43.2027
"2011-10-16:12 AM",40.2523
"2011-10-17:12 AM",40.4008
"2011-10-18:12 AM",41.1984
"2011-10-19:12 AM",44.3136
"2011-10-20:12 AM",47.8584
"2011-10-21:12 AM",46.5478
"2011-10-22:12 AM",48.529
"2011-10-23:12 AM",48.1269
"2011-10-24:12 AM",42.751
"2011-10-25:12 AM",35.5586
"2011-10-26:12 AM",31.8787
"2011-10-27:12 AM",34.8357
"2011-10-28:12 AM",34.7673
"2011-10-29:12 AM",40.5484
"2011-10-30:12 AM",39.614
"2011-10-31:12 AM",44.4119
"2011-11-01:12 AM",33.1945
"2011-11-02:12 AM",30.3501
"2011-11-03:12 AM",34.5726
"2011-11-04:12 AM",33.8734
"2011-11-05:12 AM",28.8734
"2011-11-06:12 AM",24.0361
"2011-11-07:12 AM",21.704
"2011-11-08:12 AM",25.8062
"2011-11-09:12 AM",25.8422
"2011-11-10:12 AM",31.1657
"2011-11-11:12 AM",35.1306
"2011-11-12:12 AM",34.365
"2011-11-13:12 AM",31.7511
"2011-11-14:12 AM",30.5004
"2011-11-15:12 AM",22.5846
"2011-11-16:12 AM",17.6391
"2011-11-17:12 AM",27.0741
"2011-11-18:12 AM",19.7668
"2011-11-19:12 AM",7.8031
"2011-11-20:12 AM",13.9383
"2011-11-21:12 AM",23.0389
"2011-11-22:12 AM",31.0597
"2011-11-23:12 AM",37.5604
"2011-11-24:12 AM",37.0065
"2011-11-25:12 AM",32.0698
"2011-11-26:12 AM",25.3571
"2011-11-27:12 AM",33.8151
"2011-11-28:12 AM",35.8979
"2011-11-29:12 AM",32.5357
"2011-11-30:12 AM",32.5999
"2011-12-01:12 AM",21.6795
"2011-12-02:12 AM",25.7616
"2011-12-03:12 AM",20.0597
"2011-12-04:12 AM",17.9236
"2011-12-05:12 AM",9.3583
"2011-12-06:12 AM",20.0397
"2011-12-07:12 AM",23.7339
"2011-12-08:12 AM",15.6846
"2011-12-09:12 AM",17.4362
"2011-12-10:12 AM",25.9333
"2011-12-11:12 AM",24.193
"2011-12-12:12 AM",20.8602
"2011-12-13:12 AM",18.6514
"2011-12-14:12 AM",20.3023
"2011-12-15:12 AM",20.5905
"2011-12-16:12 AM",23.1679
"2011-12-17:12 AM",29.2455
"2011-12-18:12 AM",31.2899
"2011-12-19:12 AM",24.8344
"2011-12-20:12 AM",27.6867
"2011-12-21:12 AM",25.421
"2011-12-22:12 AM",17.7949
"2011-12-23:12 AM",21.8665
"2011-12-24:12 AM",26.7523
"2011-12-25:12 AM",29.5387
"2011-12-26:12 AM",27.8008
"2011-12-27:12 AM",27.6795
"2011-12-28:12 AM",34.8267
"2011-12-29:12 AM",35.53
"2011-12-30:12 AM",33.267
"2011-12-31:12 AM",28.1449
"2012-01-01:12 AM",21.3096
"2012-01-02:12 AM",27.891
"2012-01-03:12 AM",34.0851
"2012-01-04:12 AM",36.3319
"2012-01-05:12 AM",38.6283
"2012-01-06:12 AM",28.7307
"2012-01-07:12 AM",24.0008
"2012-01-08:12 AM",26.6994
"2012-01-09:12 AM",33.2496
"2012-01-10:12 AM",32.225
"2012-01-11:12 AM",15.8139
"2012-01-12:12 AM",16.9385
"2012-01-13:12 AM",23.0855
"2012-01-14:12 AM",26.4175
"2012-01-15:12 AM",23.2165
"2012-01-16:12 AM",7.4377
"2012-01-17:12 AM",7.2037
"2012-01-18:12 AM",4.413
"2012-01-19:12 AM",5.6642
"2012-01-20:12 AM",11.5855
"2012-01-21:12 AM",27.0388
"2012-01-22:12 AM",24.3538
"2012-01-23:12 AM",21.2599
"2012-01-24:12 AM",19.6817
"2012-01-25:12 AM",30.2227
"2012-01-26:12 AM",29.8042
"2012-01-27:12 AM",22.5435
"2012-01-28:12 AM",20.9655
"2012-01-29:12 AM",32.437
"2012-01-30:12 AM",34.5049
"2012-01-31:12 AM",31.0663
"2012-02-01:12 AM",29.6919
"2012-02-02:12 AM",29.716
"2012-02-03:12 AM",23.7972
"2012-02-04:12 AM",24.7384
"2012-02-05:12 AM",26.2839
"2012-02-06:12 AM",24.1221
"2012-02-07:12 AM",20.1668
"2012-02-08:12 AM",21.0274
"2012-02-09:12 AM",26.7094
"2012-02-10:12 AM",19.5199
"2012-02-11:12 AM",16.8748
"2012-02-12:12 AM",22.8564
"2012-02-13:12 AM",27.8231
"2012-02-14:12 AM",26.3764
"2012-02-15:12 AM",22.4634
"2012-02-16:12 AM",23.4484
"2012-02-17:12 AM",26.1558
"2012-02-18:12 AM",28.0375
"2012-02-19:12 AM",27.1283
"2012-02-20:12 AM",25.6681
"2012-02-21:12 AM",28.783
"2012-02-22:12 AM",33.8223
"2012-02-23:12 AM",25.9232
"2012-02-24:12 AM",24.4657
"2012-02-25:12 AM",26.847
"2012-02-26:12 AM",19.7472
"2012-02-27:12 AM",15.8277
"2012-02-28:12 AM",17.9465
"2012-02-29:12 AM",23.4928
"2012-03-01:12 AM",23.7956
"2012-03-02:12 AM",20.6307
"2012-03-03:12 AM",27.6456
"2012-03-04:12 AM",34.6183
"2012-03-05:12 AM",37.647
"2012-03-06:12 AM",31.3335
"2012-03-07:12 AM",23.9882
"2012-03-08:12 AM",29.6307
"2012-03-09:12 AM",38.8035
"2012-03-10:12 AM",42.4697
"2012-03-11:12 AM",42.2094
"2012-03-12:12 AM",37.9974
"2012-03-13:12 AM",41.9905
"2012-03-14:12 AM",36.3344
"2012-03-15:12 AM",43.3942
"2012-03-16:12 AM",46.7937
"2012-03-17:12 AM",43.8532
"2012-03-18:12 AM",42.8382
"2012-03-19:12 AM",33.5223
"2012-03-20:12 AM",29.2804
"2012-03-21:12 AM",38.383
"2012-03-22:12 AM",43.5729
"2012-03-23:12 AM",41.6185
"2012-03-24:12 AM",35.2296
"2012-03-25:12 AM",39.319
"2012-03-26:12 AM",43.1922
"2012-03-27:12 AM",41.6626
"2012-03-28:12 AM",43.3638
"2012-03-29:12 AM",43.1937
"2012-03-30:12 AM",47.0716
"2012-03-31:12 AM",50.4516
"2012-04-01:12 AM",46.5163
"2012-04-02:12 AM",38.7219
"2012-04-03:12 AM",41.4907
"2012-04-04:12 AM",46.5238
"2012-04-05:12 AM",40.6807
"2012-04-06:12 AM",33.5763
"2012-04-07:12 AM",31.3927
"2012-04-08:12 AM",35.7159
"2012-04-09:12 AM",37.8678
"2012-04-10:12 AM",42.1304
"2012-04-11:12 AM",48.3501
"2012-04-12:12 AM",47.8729
"2012-04-13:12 AM",44.3428
"2012-04-14:12 AM",44.0022
"2012-04-15:12 AM",37.843
"2012-04-16:12 AM",37.1658
"2012-04-17:12 AM",43.9651
"2012-04-18:12 AM",41.0841
"2012-04-19:12 AM",41.2057
"2012-04-20:12 AM",45.8951
"2012-04-21:12 AM",48.9391
"2012-04-22:12 AM",54.3049
"2012-04-23:12 AM",63.2365
"2012-04-24:12 AM",63.6993
"2012-04-25:12 AM",60.1682
"2012-04-26:12 AM",56.4255
"2012-04-27:12 AM",42.4596
"2012-04-28:12 AM",36.8964
"2012-04-29:12 AM",40.125
"2012-04-30:12 AM",44.9751
"2012-05-01:12 AM",45.1945
"2012-05-02:12 AM",41.8195
"2012-05-03:12 AM",43.6966
"2012-05-04:12 AM",48.8889
"2012-05-05:12 AM",43.1915
"2012-05-06:12 AM",41.068
"2012-05-07:12 AM",44.8228
"2012-05-08:12 AM",50.4991
"2012-05-09:12 AM",57.7456
"2012-05-10:12 AM",47.9881
"2012-05-11:12 AM",42.1668
"2012-05-12:12 AM",48.8736
"2012-05-13:12 AM",56.3049
"2012-05-14:12 AM",60.4531
"2012-05-15:12 AM",61.6096
"2012-05-16:12 AM",65.6881
"2012-05-17:12 AM",59.7832
"2012-05-18:12 AM",50.9569
"2012-05-19:12 AM",47.7817
"2012-05-20:12 AM",52.9916
"2012-05-21:12 AM",59.8505
"2012-05-22:12 AM",56.7541
"2012-05-23:12 AM",47.9381
"2012-05-24:12 AM",42.9737
"2012-05-25:12 AM",39.4477
"2012-05-26:12 AM",38.7133
"2012-05-27:12 AM",39.3786
"2012-05-28:12 AM",42.431
"2012-05-29:12 AM",46.3836
"2012-05-30:12 AM",50.3208
"2012-05-31:12 AM",52.2664
"2012-06-01:12 AM",57.5474
"2012-06-02:12 AM",61.5501
"2012-06-03:12 AM",58.635
"2012-06-04:12 AM",64.1997
"2012-06-05:12 AM",67.0163
"2012-06-06:12 AM",55.8208
"2012-06-07:12 AM",52.844
"2012-06-08:12 AM",55.8824
"2012-06-09:12 AM",51.0868
"2012-06-10:12 AM",45.9291
"2012-06-11:12 AM",52.8127
"2012-06-12:12 AM",57.9393
"2012-06-13:12 AM",59.0644
"2012-06-14:12 AM",56.4372
"2012-06-15:12 AM",56.2194
"2012-06-16:12 AM",57.7589
"2012-06-17:12 AM",63.342
"2012-06-18:12 AM",57.2214
"2012-06-19:12 AM",52.6377
"2012-06-20:12 AM",53.1563
"2012-06-21:12 AM",59.2389
"2012-06-22:12 AM",63.297
"2012-06-23:12 AM",64.5022
"2012-06-24:12 AM",68.0819
"2012-06-25:12 AM",72.2979
"2012-06-26:12 AM",69.3325
"2012-06-27:12 AM",59.3893
"2012-06-28:12 AM",64.0319
"2012-06-29:12 AM",69.341
"2012-06-30:12 AM",68.5967
"2012-07-01:12 AM",70.6869
"2012-07-02:12 AM",69.2739
"2012-07-03:12 AM",70.9912
"2012-07-04:12 AM",64.377
"2012-07-05:12 AM",63.7426
"2012-07-06:12 AM",66.5559
"2012-07-07:12 AM",70.7835
"2012-07-08:12 AM",73.8082
"2012-07-09:12 AM",75.6752
"2012-07-10:12 AM",77.5749
"2012-07-11:12 AM",76.019
"2012-07-12:12 AM",75.2301
"2012-07-13:12 AM",76.1146
"2012-07-14:12 AM",73.2137
"2012-07-15:12 AM",70.885
"2012-07-16:12 AM",68.8712
"2012-07-17:12 AM",68.4784
"2012-07-18:12 AM",74.2086
"2012-07-19:12 AM",77.5269
"2012-07-20:12 AM",74.0754
"2012-07-21:12 AM",73.7879
"2012-07-22:12 AM",73.1262
"2012-07-23:12 AM",73.9465
"2012-07-24:12 AM",68.8084
"2012-07-25:12 AM",66.8043
"2012-07-26:12 AM",67.0248
"2012-07-27:12 AM",69.3106
"2012-07-28:12 AM",73.1475
"2012-07-29:12 AM",73.8685
"2012-07-30:12 AM",74.0932
"2012-07-31:12 AM",75.5215
"2012-08-01:12 AM",71.6382
"2012-08-02:12 AM",68.617
"2012-08-03:12 AM",60.3927
"2012-08-04:12 AM",60.9505
"2012-08-05:12 AM",70.2111
"2012-08-06:12 AM",73.8025
"2012-08-07:12 AM",75.969
"2012-08-08:12 AM",74.5619
"2012-08-09:12 AM",76.0122
"2012-08-10:12 AM",74.2629
"2012-08-11:12 AM",70.0642
"2012-08-12:12 AM",67.926
"2012-08-13:12 AM",69.8794
"2012-08-14:12 AM",71.4285
"2012-08-15:12 AM",58.6486
"2012-08-16:12 AM",56.9604
"2012-08-17:12 AM",64.0029
"2012-08-18:12 AM",66.0715
"2012-08-19:12 AM",68.6545
"2012-08-20:12 AM",71.4654
"2012-08-21:12 AM",72.6345
"2012-08-22:12 AM",71.3224
"2012-08-23:12 AM",68.9734
"2012-08-24:12 AM",65.4345
"2012-08-25:12 AM",59.1885
"2012-08-26:12 AM",63.4267
"2012-08-27:12 AM",71.7768
"2012-08-28:12 AM",75.699
"2012-08-29:12 AM",73.6255
"2012-08-30:12 AM",64.8365
"2012-08-31:12 AM",68.4527
"2012-09-01:12 AM",70.043
"2012-09-02:12 AM",64.3665
"2012-09-03:12 AM",62.5051
"2012-09-04:12 AM",58.8376
"2012-09-05:12 AM",58.8771
"2012-09-06:12 AM",55.67
"2012-09-07:12 AM",56.178
"2012-09-08:12 AM",61.0079
"2012-09-09:12 AM",67.834
"2012-09-10:12 AM",67.0215
"2012-09-11:12 AM",54.2435
"2012-09-12:12 AM",48.9384
"2012-09-13:12 AM",55.8698
"2012-09-14:12 AM",63.6046
"2012-09-15:12 AM",66.587
"2012-09-16:12 AM",57.8183
"2012-09-17:12 AM",53.8482
"2012-09-18:12 AM",61.8606
"2012-09-19:12 AM",60.3928
"2012-09-20:12 AM",60.5071
"2012-09-21:12 AM",60.8848
"2012-09-22:12 AM",59.7079
"2012-09-23:12 AM",60.2353
"2012-09-24:12 AM",60.4008
"2012-09-25:12 AM",60.9048
"2012-09-26:12 AM",59.3749
"2012-09-27:12 AM",57.1492
"2012-09-28:12 AM",59.509
"2012-09-29:12 AM",62.128
"2012-09-30:12 AM",59.3227
"2012-10-01:12 AM",55.801
"2012-10-02:12 AM",59.7772
"2012-10-03:12 AM",40.5684
"2012-10-04:12 AM",34.459
"2012-10-05:12 AM",32.7623
"2012-10-06:12 AM",33.3804
"2012-10-07:12 AM",41.9648
"2012-10-08:12 AM",44.6292
"2012-10-09:12 AM",41.2378
"2012-10-10:12 AM",45.3445
"2012-10-11:12 AM",40.0858
"2012-10-12:12 AM",47.4649
"2012-10-13:12 AM",50.2432
"2012-10-14:12 AM",51.9719
"2012-10-15:12 AM",54.0624
"2012-10-16:12 AM",49.377
"2012-10-17:12 AM",40.0847
"2012-10-18:12 AM",38.2105
"2012-10-19:12 AM",46.2099
"2012-10-20:12 AM",48.2004
"2012-10-21:12 AM",38.2233
"2012-10-22:12 AM",36.3508
"2012-10-23:12 AM",33.0874
"2012-10-24:12 AM",27.0822
"2012-10-25:12 AM",24.2506
"2012-10-26:12 AM",23.8464
"2012-10-27:12 AM",27.3915
"2012-10-28:12 AM",33.66
"2012-10-29:12 AM",42.0579
"2012-10-30:12 AM",45.8442
"2012-10-31:12 AM",46.1586
"2012-11-01:12 AM",43.4856
"2012-11-02:12 AM",40.35
"2012-11-03:12 AM",38.0347
"2012-11-04:12 AM",43.6881
"2012-11-05:12 AM",47.3713
"2012-11-06:12 AM",44.5964
"2012-11-07:12 AM",47.3691
"2012-11-08:12 AM",33.4818
"2012-11-09:12 AM",24.3939
"2012-11-10:12 AM",13.0199
"2012-11-11:12 AM",9.8265
"2012-11-12:12 AM",19.2762
"2012-11-13:12 AM",27.8247
"2012-11-14:12 AM",30.0243
"2012-11-15:12 AM",27.7713
"2012-11-16:12 AM",32.0158
"2012-11-17:12 AM",34.4986
"2012-11-18:12 AM",36.5202
"2012-11-19:12 AM",34.1348
"2012-11-20:12 AM",41.8426
"2012-11-21:12 AM",41.0868
"2012-11-22:12 AM",28.8529
"2012-11-23:12 AM",27.2503
"2012-11-24:12 AM",34.7716
"2012-11-25:12 AM",28.1401
"2012-11-26:12 AM",22.3934
"2012-11-27:12 AM",23.4869
"2012-11-28:12 AM",28.8919
"2012-11-29:12 AM",31.8441
"2012-11-30:12 AM",36.369
"2012-12-01:12 AM",37.5321
"2012-12-02:12 AM",39.1195
"2012-12-03:12 AM",35.6524
"2012-12-04:12 AM",33.2357
"2012-12-05:12 AM",38.9491
"2012-12-06:12 AM",30.7477
"2012-12-07:12 AM",26.9764
"2012-12-08:12 AM",19.5696
"2012-12-09:12 AM",9.3519
"2012-12-10:12 AM",20.8571
"2012-12-11:12 AM",24.9456
"2012-12-12:12 AM",27.4951
"2012-12-13:12 AM",23.6233
"2012-12-14:12 AM",22.2053
"2012-12-15:12 AM",21.2994
"2012-12-16:12 AM",20.9847
"2012-12-17:12 AM",23.806
"2012-12-18:12 AM",21.9632
"2012-12-19:12 AM",15.1502
"2012-12-20:12 AM",19.83
"2012-12-21:12 AM",24.9546
"2012-12-22:12 AM",18.1686
"2012-12-23:12 AM",14.391
"2012-12-24:12 AM",7.7088
"2012-12-25:12 AM",2.3292
"2012-12-26:12 AM",6.3135
"2012-12-27:12 AM",8.6979
"2012-12-28:12 AM",13.0793
"2012-12-29:12 AM",15.4463
"2012-12-30:12 AM",15.242
"2012-12-31:12 AM",12.5935
"2013-01-01:12 AM",15.51
"2013-01-02:12 AM",13.3068
"2013-01-03:12 AM",15.4918
"2013-01-04:12 AM",20.5034
"2013-01-05:12 AM",19.6752
"2013-01-06:12 AM",23.3159
"2013-01-07:12 AM",24.3059
"2013-01-08:12 AM",28.5017
"2013-01-09:12 AM",30.2275
"2013-01-10:12 AM",27.6012
"2013-01-11:12 AM",8.5375
"2013-01-12:12 AM",2.3445
"2013-01-13:12 AM",2.0363
"2013-01-14:12 AM",4.9788
"2013-01-15:12 AM",20.1747
"2013-01-16:12 AM",25.8444
"2013-01-17:12 AM",24.8277
"2013-01-18:12 AM",28.7393
"2013-01-19:12 AM",24.5597
"2013-01-20:12 AM",15.9944
"2013-01-21:12 AM",13.4161
"2013-01-22:12 AM",18.2377
"2013-01-23:12 AM",18.2797
"2013-01-24:12 AM",26.4308
"2013-01-25:12 AM",27.1319
"2013-01-26:12 AM",31.3686
"2013-01-27:12 AM",27.1729
"2013-01-28:12 AM",22.2584
"2013-01-29:12 AM",15.7901
"2013-01-30:12 AM",13.7664
"2013-01-31:12 AM",13.9012
"2013-02-01:12 AM",27.6161
"2013-02-02:12 AM",27.1188
"2013-02-03:12 AM",27.2107
"2013-02-04:12 AM",29.359
"2013-02-05:12 AM",28.6293
"2013-02-06:12 AM",29.9329
"2013-02-07:12 AM",26.9665
"2013-02-08:12 AM",26.2598
"2013-02-09:12 AM",24.4675
"2013-02-10:12 AM",22.3041
"2013-02-11:12 AM",17.5896
"2013-02-12:12 AM",25.1845
"2013-02-13:12 AM",30.5406
"2013-02-14:12 AM",24.5217
"2013-02-15:12 AM",24.6344
"2013-02-16:12 AM",31.1769
"2013-02-17:12 AM",29.7871
"2013-02-18:12 AM",22.1459
"2013-02-19:12 AM",18.6033
"2013-02-20:12 AM",19.5026
"2013-02-21:12 AM",18.9304
"2013-02-22:12 AM",23.6788
"2013-02-23:12 AM",26.9481
"2013-02-24:12 AM",23.8336
"2013-02-25:12 AM",25.2991
"2013-02-26:12 AM",26.782
"2013-02-27:12 AM",23.8158
"2013-02-28:12 AM",27.3319
"2013-03-01:12 AM",32.2111
"2013-03-02:12 AM",36.8965
"2013-03-03:12 AM",34.5497
"2013-03-04:12 AM",20.7903
"2013-03-05:12 AM",18.0948
"2013-03-06:12 AM",23.9432
"2013-03-07:12 AM",28.4013
"2013-03-08:12 AM",25.7491
"2013-03-09:12 AM",27.3733
"2013-03-10:12 AM",28.4356
"2013-03-11:12 AM",30.6374
"2013-03-12:12 AM",26.7786
"2013-03-13:12 AM",38.4112
"2013-03-14:12 AM",41.4993
"2013-03-15:12 AM",40.4593
"2013-03-16:12 AM",31.0024
"2013-03-17:12 AM",27.1463
"2013-03-18:12 AM",21.8995
"2013-03-19:12 AM",22.9833
"2013-03-20:12 AM",29.7466
"2013-03-21:12 AM",29.3085
"2013-03-22:12 AM",22.9696
"2013-03-23:12 AM",18.0516
"2013-03-24:12 AM",16.4917
"2013-03-25:12 AM",20.8531
"2013-03-26:12 AM",29.0428
"2013-03-27:12 AM",33.5284
"2013-03-28:12 AM",37.8855
"2013-03-29:12 AM",40.3831
"2013-03-30:12 AM",39.8359
"2013-03-31:12 AM",37.8093
"2013-04-01:12 AM",37.6207
"2013-04-02:12 AM",41.1872
"2013-04-03:12 AM",44.6828
"2013-04-04:12 AM",41.014
"2013-04-05:12 AM",44.4954
"2013-04-06:12 AM",43.5412
"2013-04-07:12 AM",40.496
"2013-04-08:12 AM",25.5315
"2013-04-09:12 AM",20.8935
"2013-04-10:12 AM",28.4571
"2013-04-11:12 AM",36.185
"2013-04-12:12 AM",34.5349
"2013-04-13:12 AM",34.0912
"2013-04-14:12 AM",27.0241
"2013-04-15:12 AM",22.3261
"2013-04-16:12 AM",21.7353
"2013-04-17:12 AM",22.9712
"2013-04-18:12 AM",27.4084
"2013-04-19:12 AM",34.5054
"2013-04-20:12 AM",38.6584
"2013-04-21:12 AM",31.4472
"2013-04-22:12 AM",25.086
"2013-04-23:12 AM",28.5148
"2013-04-24:12 AM",34.5931
"2013-04-25:12 AM",43.1103
"2013-04-26:12 AM",50.1634
"2013-04-27:12 AM",54.8571
"2013-04-28:12 AM",50.2491
"2013-04-29:12 AM",45.0718
"2013-04-30:12 AM",33.9931
"2013-05-01:12 AM",32.6772
"2013-05-02:12 AM",40.7548
"2013-05-03:12 AM",45.2878
"2013-05-04:12 AM",46.0767
"2013-05-05:12 AM",48.1887
"2013-05-06:12 AM",52.8501
"2013-05-07:12 AM",56.3736
"2013-05-08:12 AM",54.8641
"2013-05-09:12 AM",55.6254
"2013-05-10:12 AM",55.1239
"2013-05-11:12 AM",54.4271
"2013-05-12:12 AM",62.6329
"2013-05-13:12 AM",66.4032
"2013-05-14:12 AM",58.1232
"2013-05-15:12 AM",54.9219
"2013-05-16:12 AM",54.5913
"2013-05-17:12 AM",52.0398
"2013-05-18:12 AM",51.4155
"2013-05-19:12 AM",48.7321
"2013-05-20:12 AM",50.2178
"2013-05-21:12 AM",51.528
"2013-05-22:12 AM",49.5558
"2013-05-23:12 AM",48.4133
"2013-05-24:12 AM",50.394
"2013-05-25:12 AM",52.3706
"2013-05-26:12 AM",53.4549
"2013-05-27:12 AM",53.913
"2013-05-28:12 AM",51.8259
"2013-05-29:12 AM",50.5495
"2013-05-30:12 AM",47.6879
"2013-05-31:12 AM",44.6581
"2013-06-01:12 AM",50.2219
"2013-06-02:12 AM",52.4502
"2013-06-03:12 AM",47.9143
"2013-06-04:12 AM",46.7607
"2013-06-05:12 AM",51.3246
"2013-06-06:12 AM",57.8905
"2013-06-07:12 AM",61.5423
"2013-06-08:12 AM",58.8873
"2013-06-09:12 AM",60.1245
"2013-06-10:12 AM",59.0371
"2013-06-11:12 AM",57.4522
"2013-06-12:12 AM",57.3195
"2013-06-13:12 AM",57.119
"2013-06-14:12 AM",51.9512
"2013-06-15:12 AM",54.6762
"2013-06-16:12 AM",57.4075
"2013-06-17:12 AM",60.6776
"2013-06-18:12 AM",64.6988
"2013-06-19:12 AM",63.914
"2013-06-20:12 AM",56.2507
"2013-06-21:12 AM",52.6399
"2013-06-22:12 AM",52.8075
"2013-06-23:12 AM",56.5399
"2013-06-24:12 AM",61.668
"2013-06-25:12 AM",62.8365
"2013-06-26:12 AM",63.0433
"2013-06-27:12 AM",65.4744
"2013-06-28:12 AM",68.2268
"2013-06-29:12 AM",68.6109
"2013-06-30:12 AM",69.822
"2013-07-01:12 AM",71.5579
"2013-07-02:12 AM",74.2411
"2013-07-03:12 AM",75.7335
"2013-07-04:12 AM",71.4931
"2013-07-05:12 AM",68.38
"2013-07-06:12 AM",64.5033
"2013-07-07:12 AM",65.1951
"2013-07-08:12 AM",67.197
"2013-07-09:12 AM",64.2466
"2013-07-10:12 AM",69.2427
"2013-07-11:12 AM",72.5767
"2013-07-12:12 AM",68.9734
"2013-07-13:12 AM",66.1199
"2013-07-14:12 AM",62.19
"2013-07-15:12 AM",69.2577
"2013-07-16:12 AM",64.5273
"2013-07-17:12 AM",66.9394
"2013-07-18:12 AM",70.4689
"2013-07-19:12 AM",69.6294
"2013-07-20:12 AM",69.5131
"2013-07-21:12 AM",71.0092
"2013-07-22:12 AM",69.2272
"2013-07-23:12 AM",68.7844
"2013-07-24:12 AM",70.918
"2013-07-25:12 AM",67.6904
"2013-07-26:12 AM",65.9226
"2013-07-27:12 AM",66.4743
"2013-07-28:12 AM",64.9387
"2013-07-29:12 AM",62.6022
"2013-07-30:12 AM",61.9522
"2013-07-31:12 AM",64.605
"2013-08-01:12 AM",66.2502
"2013-08-02:12 AM",60.8436
"2013-08-03:12 AM",60.6411
"2013-08-04:12 AM",63.7281
"2013-08-05:12 AM",66.0054
"2013-08-06:12 AM",64.2502
"2013-08-07:12 AM",63.9081
"2013-08-08:12 AM",63.9417
"2013-08-09:12 AM",63.7812
"2013-08-10:12 AM",66.9879
"2013-08-11:12 AM",67.2543
"2013-08-12:12 AM",68.9376
"2013-08-13:12 AM",68.6682
"2013-08-14:12 AM",68.7627
"2013-08-15:12 AM",71.5071
"2013-08-16:12 AM",75.1811
"2013-08-17:12 AM",74.7473
"2013-08-18:12 AM",72.6017
"2013-08-19:12 AM",72.9529
"2013-08-20:12 AM",72.0556
"2013-08-21:12 AM",67.87
"2013-08-22:12 AM",68.8352
"2013-08-23:12 AM",73.1806
"2013-08-24:12 AM",72.0518
"2013-08-25:12 AM",72.2538
"2013-08-26:12 AM",73.1646
"2013-08-27:12 AM",73.067
"2013-08-28:12 AM",73.3185
"2013-08-29:12 AM",73.4286
"2013-08-30:12 AM",72.6064
"2013-08-31:12 AM",66.801
"2013-09-01:12 AM",66.72
"2013-09-02:12 AM",70.9349
"2013-09-03:12 AM",72.9271
"2013-09-04:12 AM",73.4826
"2013-09-05:12 AM",73.3026
"2013-09-06:12 AM",72.3922
"2013-09-07:12 AM",66.8322
"2013-09-08:12 AM",62.1873
"2013-09-09:12 AM",59.8478
"2013-09-10:12 AM",62.6736
"2013-09-11:12 AM",64.2567
"2013-09-12:12 AM",63.3877
"2013-09-13:12 AM",66.7873
"2013-09-14:12 AM",64.9558
"2013-09-15:12 AM",60.3178
"2013-09-16:12 AM",65.0395
"2013-09-17:12 AM",63.108
"2013-09-18:12 AM",55.618
"2013-09-19:12 AM",49.5997
"2013-09-20:12 AM",53.8756
"2013-09-21:12 AM",59.8086
"2013-09-22:12 AM",57.8179
"2013-09-23:12 AM",53.0634
"2013-09-24:12 AM",50.8764
"2013-09-25:12 AM",46.6162
"2013-09-26:12 AM",41.88
"2013-09-27:12 AM",40.7505
"2013-09-28:12 AM",45.9671
"2013-09-29:12 AM",51.2971
"2013-09-30:12 AM",48.8131
"2013-10-01:12 AM",46.5066
"2013-10-02:12 AM",44.6274
"2013-10-03:12 AM",38.2347
"2013-10-04:12 AM",35.4771
"2013-10-05:12 AM",37.9369
"2013-10-06:12 AM",47.728
"2013-10-07:12 AM",51.3061
"2013-10-08:12 AM",47.4165
"2013-10-09:12 AM",42.9206
"2013-10-10:12 AM",44.2092
"2013-10-11:12 AM",41.5713
"2013-10-12:12 AM",38.4445
"2013-10-13:12 AM",38.4265
"2013-10-14:12 AM",37.8804
"2013-10-15:12 AM",36.0568
"2013-10-16:12 AM",37.533
"2013-10-17:12 AM",35.573
"2013-10-18:12 AM",36.3911
"2013-10-19:12 AM",41.7902
"2013-10-20:12 AM",40.5892
"2013-10-21:12 AM",42.6384
"2013-10-22:12 AM",44.4853
"2013-10-23:12 AM",42.9219
"2013-10-24:12 AM",41.0202
"2013-10-25:12 AM",45.1886
"2013-10-26:12 AM",43.3589
"2013-10-27:12 AM",40.7559
"2013-10-28:12 AM",25.473
"2013-10-29:12 AM",24.6011
"2013-10-30:12 AM",28.5636
"2013-10-31:12 AM",34.5085
"2013-11-01:12 AM",36.846
"2013-11-02:12 AM",37.0009
"2013-11-03:12 AM",34.3188
"2013-11-04:12 AM",26.4702
"2013-11-05:12 AM",24.6495
"2013-11-06:12 AM",29.1774
"2013-11-07:12 AM",32.1406
"2013-11-08:12 AM",36.9219
"2013-11-09:12 AM",31.3954
"2013-11-10:12 AM",32.2714
"2013-11-11:12 AM",26.8774
"2013-11-12:12 AM",33.7249
"2013-11-13:12 AM",39.6223
"2013-11-14:12 AM",35.5411
"2013-11-15:12 AM",33.2186
"2013-11-16:12 AM",32.4097
"2013-11-17:12 AM",26.9271
"2013-11-18:12 AM",30.4606
"2013-11-19:12 AM",36.4329
"2013-11-20:12 AM",21.9088
"2013-11-21:12 AM",11.6803
"2013-11-22:12 AM",16.2369
"2013-11-23:12 AM",19.1583
"2013-11-24:12 AM",27.3598
"2013-11-25:12 AM",26.3937
"2013-11-26:12 AM",26.4063
"2013-11-27:12 AM",29.9061
"2013-11-28:12 AM",27.5401
"2013-11-29:12 AM",31.1698
"2013-11-30:12 AM",32.8617
"2013-12-01:12 AM",34.489
"2013-12-02:12 AM",32.6716
"2013-12-03:12 AM",9.9064
"2013-12-04:12 AM",0.5106
"2013-12-05:12 AM",-6.2972
"2013-12-06:12 AM",-11.1334
"2013-12-07:12 AM",-16.1496
"2013-12-08:12 AM",-5.8482
"2013-12-09:12 AM",3.0967
"2013-12-10:12 AM",12.031
"2013-12-11:12 AM",10.6687
"2013-12-12:12 AM",22.1571
"2013-12-13:12 AM",21.6957
"2013-12-14:12 AM",24.6331
"2013-12-15:12 AM",30.7836
"2013-12-16:12 AM",30.0729
"2013-12-17:12 AM",28.5415
"2013-12-18:12 AM",31.1094
"2013-12-19:12 AM",8.4807
"2013-12-20:12 AM",8.7303
"2013-12-21:12 AM",15.0575
"2013-12-22:12 AM",9.8213
"2013-12-23:12 AM",16.5555
"2013-12-24:12 AM",27.5475
"2013-12-25:12 AM",21.7904
"2013-12-26:12 AM",27.8456
"2013-12-27:12 AM",31.7482
"2013-12-28:12 AM",21.9339
"2013-12-29:12 AM",15.847
"2013-12-30:12 AM",22.161
"2013-12-31:12 AM",22.593
"2014-01-01:12 AM",18.0048
"2014-01-02:12 AM",22.3475
"2014-01-03:12 AM",29.6857
"2014-01-04:12 AM",12.965
"2014-01-05:12 AM",-3.0618
"2014-01-06:12 AM",3.5965
"2014-01-07:12 AM",19.1023
"2014-01-08:12 AM",21.2202
"2014-01-09:12 AM",27.8933
"2014-01-10:12 AM",26.6558
"2014-01-11:12 AM",30.3566
"2014-01-12:12 AM",28.18
"2014-01-13:12 AM",30.6819
"2014-01-14:12 AM",28.042
"2014-01-15:12 AM",31.26
"2014-01-16:12 AM",26.4646
"2014-01-17:12 AM",28.0562
"2014-01-18:12 AM",29.0311
"2014-01-19:12 AM",30.5303
"2014-01-20:12 AM",24.5856
"2014-01-21:12 AM",26.4996
"2014-01-22:12 AM",21.1064
"2014-01-23:12 AM",16.8766
"2014-01-24:12 AM",29.6874
"2014-01-25:12 AM",31.2989
"2014-01-26:12 AM",23.9743
"2014-01-27:12 AM",9.766
"2014-01-28:12 AM",12.663
"2014-01-29:12 AM",25.1838
"2014-01-30:12 AM",14.4034
"2014-01-31:12 AM",12.8145
"2014-02-01:12 AM",9.2602
"2014-02-02:12 AM",10.9081
"2014-02-03:12 AM",7.7711
"2014-02-04:12 AM",-2.3638
"2014-02-05:12 AM",-9.6115
"2014-02-06:12 AM",-10.392
"2014-02-07:12 AM",2.4715
"2014-02-08:12 AM",4.2427
"2014-02-09:12 AM",3.4957
"2014-02-10:12 AM",10.5951
"2014-02-11:12 AM",25.6145
"2014-02-12:12 AM",25.2221
"2014-02-13:12 AM",28.9729
"2014-02-14:12 AM",27.0169
"2014-02-15:12 AM",29.9586
"2014-02-16:12 AM",31.5027
"2014-02-17:12 AM",28.7303
"2014-02-18:12 AM",29.8396
"2014-02-19:12 AM",28.5827
"2014-02-20:12 AM",23.7389
"2014-02-21:12 AM",23.5767
"2014-02-22:12 AM",14.2347
"2014-02-23:12 AM",10.3383
"2014-02-24:12 AM",7.3643
"2014-02-25:12 AM",7.7261
"2014-02-26:12 AM",12.5584
"2014-02-27:12 AM",19.7206
"2014-02-28:12 AM",11.2075
"2014-03-01:12 AM",-8.894
"2014-03-02:12 AM",-1.8665
"2014-03-03:12 AM",18.8323
"2014-03-04:12 AM",25.8519
"2014-03-05:12 AM",30.5956
"2014-03-06:12 AM",33.508
"2014-03-07:12 AM",25.7243
"2014-03-08:12 AM",30.8111
"2014-03-09:12 AM",39.2877
"2014-03-10:12 AM",37.6516
"2014-03-11:12 AM",32.2003
"2014-03-12:12 AM",32.614
"2014-03-13:12 AM",34.9378
"2014-03-14:12 AM",35.17
"2014-03-15:12 AM",34.2257
"2014-03-16:12 AM",38.374
"2014-03-17:12 AM",37.0017
"2014-03-18:12 AM",30.9922
"2014-03-19:12 AM",30.7494
"2014-03-20:12 AM",31.312
"2014-03-21:12 AM",22.0865
"2014-03-22:12 AM",17.4524
"2014-03-23:12 AM",21.8158
"2014-03-24:12 AM",21.238
"2014-03-25:12 AM",26.2477
"2014-03-26:12 AM",31.3862
"2014-03-27:12 AM",28.6065
"2014-03-28:12 AM",29.2663
"2014-03-29:12 AM",36.9808
"2014-03-30:12 AM",34.0259
"2014-03-31:12 AM",26.9271
"2014-04-01:12 AM",26.4189
"2014-04-02:12 AM",29.3517
"2014-04-03:12 AM",30.8064
"2014-04-04:12 AM",35.1244
"2014-04-05:12 AM",37.355
"2014-04-06:12 AM",38.4021
"2014-04-07:12 AM",40.7206
"2014-04-08:12 AM",46.7514
"2014-04-09:12 AM",48.0105
"2014-04-10:12 AM",42.3613
"2014-04-11:12 AM",44.1273
"2014-04-12:12 AM",38.3491
"2014-04-13:12 AM",29.1303
"2014-04-14:12 AM",31.9656
"2014-04-15:12 AM",38.7289
"2014-04-16:12 AM",34.8523
"2014-04-17:12 AM",38.4978
"2014-04-18:12 AM",42.4888
"2014-04-19:12 AM",43.1886
"2014-04-20:12 AM",45.8987
"2014-04-21:12 AM",47.2132
"2014-04-22:12 AM",51.454
"2014-04-23:12 AM",42.2267
"2014-04-24:12 AM",41.385
"2014-04-25:12 AM",44.4832
"2014-04-26:12 AM",43.3753
"2014-04-27:12 AM",38.3585
"2014-04-28:12 AM",36.964
"2014-04-29:12 AM",37.4533
"2014-04-30:12 AM",42.0957
"2014-05-01:12 AM",48.268
"2014-05-02:12 AM",50.6322
"2014-05-03:12 AM",42.8499
"2014-05-04:12 AM",41.769
"2014-05-05:12 AM",44.051
"2014-05-06:12 AM",42.066
"2014-05-07:12 AM",36.6148
"2014-05-08:12 AM",39.8291
"2014-05-09:12 AM",44.0382
"2014-05-10:12 AM",39.76
"2014-05-11:12 AM",36.6868
"2014-05-12:12 AM",37.9116
"2014-05-13:12 AM",43.5081
"2014-05-14:12 AM",46.5908
"2014-05-15:12 AM",51.1907
"2014-05-16:12 AM",49.7016
"2014-05-17:12 AM",50.7902
"2014-05-18:12 AM",51.5574
"2014-05-19:12 AM",49.7181
"2014-05-20:12 AM",49.2836
"2014-05-21:12 AM",54.0892
"2014-05-22:12 AM",59.7043
"2014-05-23:12 AM",63.968
"2014-05-24:12 AM",61.5619
"2014-05-25:12 AM",58.332
"2014-05-26:12 AM",60.3615
"2014-05-27:12 AM",58.0978
"2014-05-28:12 AM",61.4311
"2014-05-29:12 AM",56.7324
"2014-05-30:12 AM",54.8674
"2014-05-31:12 AM",57.522
"2014-06-01:12 AM",54.0714
"2014-06-02:12 AM",55.6695
"2014-06-03:12 AM",57.8165
"2014-06-04:12 AM",56.7889
"2014-06-05:12 AM",55.6221
"2014-06-06:12 AM",47.9964
"2014-06-07:12 AM",50.5452
"2014-06-08:12 AM",53.8821
"2014-06-09:12 AM",59.0734
"2014-06-10:12 AM",56.9062
"2014-06-11:12 AM",52.0014
"2014-06-12:12 AM",53.4837
"2014-06-13:12 AM",56.3765
"2014-06-14:12 AM",49.4782
"2014-06-15:12 AM",50.7382
"2014-06-16:12 AM",50.6755
"2014-06-17:12 AM",51.2188
"2014-06-18:12 AM",49.4202
"2014-06-19:12 AM",52.8877
"2014-06-20:12 AM",58.8895
"2014-06-21:12 AM",59.5256
"2014-06-22:12 AM",56.6638
"2014-06-23:12 AM",58.6962
"2014-06-24:12 AM",60.0453
"2014-06-25:12 AM",61.4046
"2014-06-26:12 AM",59.7801
"2014-06-27:12 AM",58.0491
"2014-06-28:12 AM",56.9201
"2014-06-29:12 AM",55.6392
"2014-06-30:12 AM",55.2124
"2014-07-01:12 AM",58.399
"2014-07-02:12 AM",64.0737
"2014-07-03:12 AM",67.8841
"2014-07-04:12 AM",70.5569
"2014-07-05:12 AM",70.79
"2014-07-06:12 AM",69.9865
"2014-07-07:12 AM",66.1338
"2014-07-08:12 AM",65.3949
"2014-07-09:12 AM",68.9653
"2014-07-10:12 AM",71.9085
"2014-07-11:12 AM",65.8855
"2014-07-12:12 AM",67.6404
"2014-07-13:12 AM",68.7785
"2014-07-14:12 AM",64.6966
"2014-07-15:12 AM",62.3527
"2014-07-16:12 AM",66.0182
"2014-07-17:12 AM",71.4504
"2014-07-18:12 AM",69.2796
"2014-07-19:12 AM",70.0428
"2014-07-20:12 AM",71.5338
"2014-07-21:12 AM",68.7171
"2014-07-22:12 AM",67.7246
"2014-07-23:12 AM",72.2257
"2014-07-24:12 AM",69.0168
"2014-07-25:12 AM",62.2935
"2014-07-26:12 AM",62.1261
"2014-07-27:12 AM",64.6587
"2014-07-28:12 AM",69.1162
"2014-07-29:12 AM",71.7485
"2014-07-30:12 AM",72.2836
"2014-07-31:12 AM",73.7706
"2014-08-01:12 AM",72.0948
"2014-08-02:12 AM",70.7178
"2014-08-03:12 AM",71.0904
"2014-08-04:12 AM",68.4858
"2014-08-05:12 AM",67.4632
"2014-08-06:12 AM",68.6934
"2014-08-07:12 AM",71.3952
"2014-08-08:12 AM",70.6523
"2014-08-09:12 AM",66.9776
"2014-08-10:12 AM",67.4697
"2014-08-11:12 AM",70.9927
"2014-08-12:12 AM",73.9436
"2014-08-13:12 AM",73.4947
"2014-08-14:12 AM",69.714
"2014-08-15:12 AM",67.9737
"2014-08-16:12 AM",65.9532
"2014-08-17:12 AM",66.2124
"2014-08-18:12 AM",66.7668
"2014-08-19:12 AM",70.153
"2014-08-20:12 AM",67.0375
"2014-08-21:12 AM",59.4102
"2014-08-22:12 AM",55.6855
"2014-08-23:12 AM",51.1083
"2014-08-24:12 AM",47.4598
"2014-08-25:12 AM",50.0261
"2014-08-26:12 AM",56.9286
"2014-08-27:12 AM",63.6804
"2014-08-28:12 AM",66.7762
"2014-08-29:12 AM",62.3201
"2014-08-30:12 AM",59.5483
"2014-08-31:12 AM",56.5961
"2014-09-01:12 AM",54.9754
"2014-09-02:12 AM",57.7359
"2014-09-03:12 AM",55.6007
"2014-09-04:12 AM",50.8674
"2014-09-05:12 AM",53.3705
"2014-09-06:12 AM",58.197
"2014-09-07:12 AM",62.0451
"2014-09-08:12 AM",61.3236
"2014-09-09:12 AM",48.3379
"2014-09-10:12 AM",40.0996
"2014-09-11:12 AM",36.8271
"2014-09-12:12 AM",41.2243
"2014-09-13:12 AM",44.265
"2014-09-14:12 AM",47.1675
"2014-09-15:12 AM",53.1779
"2014-09-16:12 AM",59.7749
"2014-09-17:12 AM",64.3606
"2014-09-18:12 AM",65.4823
"2014-09-19:12 AM",61.9668
"2014-09-20:12 AM",59.149
"2014-09-21:12 AM",58.5898
"2014-09-22:12 AM",62.1599
"2014-09-23:12 AM",64.0207
"2014-09-24:12 AM",67.5232
"2014-09-25:12 AM",68.7043
"2014-09-26:12 AM",65.9088
"2014-09-27:12 AM",53.8416
"2014-09-28:12 AM",47.577
"2014-09-29:12 AM",48.2261
"2014-09-30:12 AM",50.3222
"2014-10-01:12 AM",46.1019
"2014-10-02:12 AM",40.242
"2014-10-03:12 AM",38.192
"2014-10-04:12 AM",48.7254
"2014-10-05:12 AM",52.6743
"2014-10-06:12 AM",54.9001
"2014-10-07:12 AM",53.8068
"2014-10-08:12 AM",53.067
"2014-10-09:12 AM",49.7037
"2014-10-10:12 AM",50.0036
"2014-10-11:12 AM",52.3353
"2014-10-12:12 AM",46.6291
"2014-10-13:12 AM",45.1526
"2014-10-14:12 AM",53.0915
"2014-10-15:12 AM",53.6875
"2014-10-16:12 AM",46.9735
"2014-10-17:12 AM",44.3469
"2014-10-18:12 AM",49.6812
"2014-10-19:12 AM",50.8159
"2014-10-20:12 AM",53.5217
"2014-10-21:12 AM",52.2525
"2014-10-22:12 AM",45.9437
"2014-10-23:12 AM",48.7798
"2014-10-24:12 AM",48.8061
"2014-10-25:12 AM",47.4706
"2014-10-26:12 AM",47.4139
"2014-10-27:12 AM",37.0571
"2014-10-28:12 AM",34.0093
"2014-10-29:12 AM",41.8879
"2014-10-30:12 AM",41.0151
"2014-10-31:12 AM",43.2662
"2014-11-01:12 AM",45.3481
"2014-11-02:12 AM",40.1857
"2014-11-03:12 AM",35.3017
"2014-11-04:12 AM",38.8155
"2014-11-05:12 AM",41.7214
"2014-11-06:12 AM",43.889
"2014-11-07:12 AM",45.5133
"2014-11-08:12 AM",39.3759
"2014-11-09:12 AM",38.4055
"2014-11-10:12 AM",16.2039
"2014-11-11:12 AM",4.3637
"2014-11-12:12 AM",-0.8597
"2014-11-13:12 AM",-0.2983
"2014-11-14:12 AM",3.1176
"2014-11-15:12 AM",1.2717
"2014-11-16:12 AM",11.7669
"2014-11-17:12 AM",12.1048
"2014-11-18:12 AM",21.1941
"2014-11-19:12 AM",20.1294
"2014-11-20:12 AM",24.1633
"2014-11-21:12 AM",31.7651
"2014-11-22:12 AM",33.0921
"2014-11-23:12 AM",28.515
"2014-11-24:12 AM",27.808
"2014-11-25:12 AM",30.3652
"2014-11-26:12 AM",28.1406
"2014-11-27:12 AM",32.9709
"2014-11-28:12 AM",36.5826
"2014-11-29:12 AM",15.0789
"2014-11-30:12 AM",3.3478
"2014-12-01:12 AM",11.6164
"2014-12-02:12 AM",19.2886
"2014-12-03:12 AM",17.5199
"2014-12-04:12 AM",25.2748
"2014-12-05:12 AM",26.7967
"2014-12-06:12 AM",30.3294
"2014-12-07:12 AM",32.5175
"2014-12-08:12 AM",30.8439
"2014-12-09:12 AM",33.9951
"2014-12-10:12 AM",37.1302
"2014-12-11:12 AM",38.5984
"2014-12-12:12 AM",38.5203
"2014-12-13:12 AM",37.6799
"2014-12-14:12 AM",29.089
"2014-12-15:12 AM",22.8803
"2014-12-16:12 AM",19.7134
"2014-12-17:12 AM",21.6802
"2014-12-18:12 AM",24.9166
"2014-12-19:12 AM",28.4419
"2014-12-20:12 AM",29.8738
"2014-12-21:12 AM",32.2173
"2014-12-22:12 AM",29.8704
"2014-12-23:12 AM",25.8339
"2014-12-24:12 AM",29.6704
"2014-12-25:12 AM",23.5202
"2014-12-26:12 AM",17.1561
"2014-12-27:12 AM",17.6092
"2014-12-28:12 AM",18.4064
"2014-12-29:12 AM",2.8553
"2014-12-30:12 AM",-6.1159
"2014-12-31:12 AM",8.074
"2015-01-01:12 AM",17.7831
"2015-01-02:12 AM",21.7013
"2015-01-03:12 AM",8.8923
"2015-01-04:12 AM",2.5353
"2015-01-05:12 AM",14.5571
"2015-01-06:12 AM",15.5896
"2015-01-07:12 AM",12.0821
"2015-01-08:12 AM",19.1941
"2015-01-09:12 AM",4.7617
"2015-01-10:12 AM",18.0973
"2015-01-11:12 AM",16.0268
"2015-01-12:12 AM",11.9185
"2015-01-13:12 AM",18.7624
"2015-01-14:12 AM",21.5685
"2015-01-15:12 AM",25.6087
"2015-01-16:12 AM",28.6365
"2015-01-17:12 AM",27.8181
"2015-01-18:12 AM",31.6783
"2015-01-19:12 AM",30.4167
"2015-01-20:12 AM",26.062
"2015-01-21:12 AM",21.0853
"2015-01-22:12 AM",23.7828
"2015-01-23:12 AM",28.9953
"2015-01-24:12 AM",34.1281
"2015-01-25:12 AM",35.1079
"2015-01-26:12 AM",38.509
"2015-01-27:12 AM",39.3544
"2015-01-28:12 AM",36.2307
"2015-01-29:12 AM",30.2459
"2015-01-30:12 AM",29.4096
"2015-01-31:12 AM",23.9887
"2015-02-01:12 AM",15.1558
"2015-02-02:12 AM",23.7061
"2015-02-03:12 AM",24.174
"2015-02-04:12 AM",16.8852
"2015-02-05:12 AM",30.1721
"2015-02-06:12 AM",37.8621
"2015-02-07:12 AM",40.7003
"2015-02-08:12 AM",39.6457
"2015-02-09:12 AM",36.6249
"2015-02-10:12 AM",33.8868
"2015-02-11:12 AM",28.0413
"2015-02-12:12 AM",32.1775
"2015-02-13:12 AM",36.7642
"2015-02-14:12 AM",34.8226
"2015-02-15:12 AM",32.1507
"2015-02-16:12 AM",27.7743
"2015-02-17:12 AM",21.9159
"2015-02-18:12 AM",24.9476
"2015-02-19:12 AM",31.5739
"2015-02-20:12 AM",32.3811
"2015-02-21:12 AM",21.1599
"2015-02-22:12 AM",9.8512
"2015-02-23:12 AM",19.3262
"2015-02-24:12 AM",30.4633
"2015-02-25:12 AM",24.838
"2015-02-26:12 AM",13.0372
"2015-02-27:12 AM",13.3353
"2015-02-28:12 AM",14.4136
"2015-03-01:12 AM",16.6973
"2015-03-02:12 AM",21.3204
"2015-03-03:12 AM",12.2698
"2015-03-04:12 AM",12.0628
"2015-03-05:12 AM",24.8891
"2015-03-06:12 AM",33.899
"2015-03-07:12 AM",35.6679
"2015-03-08:12 AM",36.1965
"2015-03-09:12 AM",39.3906
"2015-03-10:12 AM",41.4691
"2015-03-11:12 AM",44.389
"2015-03-12:12 AM",45.4658
"2015-03-13:12 AM",44.0566
"2015-03-14:12 AM",47.6285
"2015-03-15:12 AM",50.3359
"2015-03-16:12 AM",40.9329
"2015-03-17:12 AM",33.9193
"2015-03-18:12 AM",35.5255
"2015-03-19:12 AM",39.0794
"2015-03-20:12 AM",44.1131
"2015-03-21:12 AM",45.2266
"2015-03-22:12 AM",43.1616
"2015-03-23:12 AM",40.7241
"2015-03-24:12 AM",36.6186
"2015-03-25:12 AM",34.4406
"2015-03-26:12 AM",40.631
"2015-03-27:12 AM",49.2001
"2015-03-28:12 AM",48.5908
"2015-03-29:12 AM",44.4497
"2015-03-30:12 AM",48.8448
"2015-03-31:12 AM",52.0358
"2015-04-01:12 AM",40.917
"2015-04-02:12 AM",32.7776
"2015-04-03:12 AM",34.491
"2015-04-04:12 AM",37.8268
"2015-04-05:12 AM",34.8676
"2015-04-06:12 AM",31.6162
"2015-04-07:12 AM",33.6697
"2015-04-08:12 AM",37.009
"2015-04-09:12 AM",39.7866
"2015-04-10:12 AM",43.9198
"2015-04-11:12 AM",46.674
"2015-04-12:12 AM",38.7333
"2015-04-13:12 AM",42.5206
"2015-04-14:12 AM",47.7766
"2015-04-15:12 AM",38.2663
"2015-04-16:12 AM",40.7968
"2015-04-17:12 AM",46.6939
"2015-04-18:12 AM",46.6533
"2015-04-19:12 AM",40.9503
"2015-04-20:12 AM",43.1641
"2015-04-21:12 AM",47.2397
"2015-04-22:12 AM",48.8658
"2015-04-23:12 AM",47.9563
"2015-04-24:12 AM",46.8986
"2015-04-25:12 AM",42.1817
"2015-04-26:12 AM",38.0203
"2015-04-27:12 AM",41.2194
"2015-04-28:12 AM",49.7638
"2015-04-29:12 AM",55.895
"2015-04-30:12 AM",50.7196
"2015-05-01:12 AM",52.7904
"2015-05-02:12 AM",55.1903
"2015-05-03:12 AM",48.7715
"2015-05-04:12 AM",52.9077
"2015-05-05:12 AM",56.2761
"2015-05-06:12 AM",48.328
"2015-05-07:12 AM",42.5656
"2015-05-08:12 AM",41.7025
"2015-05-09:12 AM",41.2461
"2015-05-10:12 AM",42.9604
"2015-05-11:12 AM",46.2421
"2015-05-12:12 AM",47.1967
"2015-05-13:12 AM",46.1869
"2015-05-14:12 AM",47.2845
"2015-05-15:12 AM",46.483
"2015-05-16:12 AM",46.1066
"2015-05-17:12 AM",42.0895
"2015-05-18:12 AM",40.6429
"2015-05-19:12 AM",43.4995
"2015-05-20:12 AM",46.9976
"2015-05-21:12 AM",51.0276
"2015-05-22:12 AM",53.0163
"2015-05-23:12 AM",52.4316
"2015-05-24:12 AM",51.9822
"2015-05-25:12 AM",53.724
"2015-05-26:12 AM",55.3077
"2015-05-27:12 AM",55.351
"2015-05-28:12 AM",54.0174
"2015-05-29:12 AM",52.1544
"2015-05-30:12 AM",53.9154
"2015-05-31:12 AM",59.3265
"2015-06-01:12 AM",62.9469
"2015-06-02:12 AM",56.541
"2015-06-03:12 AM",54.3673
"2015-06-04:12 AM",55.4403
"2015-06-05:12 AM",58.1
"2015-06-06:12 AM",62.2191
"2015-06-07:12 AM",64.6248
"2015-06-08:12 AM",69.7599
"2015-06-09:12 AM",70.0133
"2015-06-10:12 AM",62.9204
"2015-06-11:12 AM",62.8527
"2015-06-12:12 AM",64.2963
"2015-06-13:12 AM",57.3699
"2015-06-14:12 AM",53.0406
"2015-06-15:12 AM",51.9789
"2015-06-16:12 AM",56.8177
"2015-06-17:12 AM",60.49
"2015-06-18:12 AM",59.5832
"2015-06-19:12 AM",63.0714
"2015-06-20:12 AM",60.8862
"2015-06-21:12 AM",61.4255
"2015-06-22:12 AM",59.396
"2015-06-23:12 AM",63.5596
"2015-06-24:12 AM",63.9788
"2015-06-25:12 AM",66.4549
"2015-06-26:12 AM",69.6556
"2015-06-27:12 AM",73.8833
"2015-06-28:12 AM",75.8491
"2015-06-29:12 AM",74.6735
"2015-06-30:12 AM",73.2474
"2015-07-01:12 AM",69.0609
"2015-07-02:12 AM",68.7045
"2015-07-03:12 AM",71.3485
"2015-07-04:12 AM",74.1346
"2015-07-05:12 AM",59.3712
"2015-07-06:12 AM",59.4693
"2015-07-07:12 AM",61.8811
"2015-07-08:12 AM",63.5531
"2015-07-09:12 AM",68.31
"2015-07-10:12 AM",69.6826
"2015-07-11:12 AM",67.3799
"2015-07-12:12 AM",66.8874
"2015-07-13:12 AM",66.7141
"2015-07-14:12 AM",66.7749
"2015-07-15:12 AM",66.2076
"2015-07-16:12 AM",64.5849
"2015-07-17:12 AM",56.8063
"2015-07-18:12 AM",58.9833
"2015-07-19:12 AM",65.0633
"2015-07-20:12 AM",68.3505
"2015-07-21:12 AM",71.2085
"2015-07-22:12 AM",69.9265
"2015-07-23:12 AM",67.0663
"2015-07-24:12 AM",67.4922
"2015-07-25:12 AM",69.5788
"2015-07-26:12 AM",68.7268
"2015-07-27:12 AM",58.827
"2015-07-28:12 AM",55.0654
"2015-07-29:12 AM",61.8048
"2015-07-30:12 AM",67.0557
"2015-07-31:12 AM",71.0382
"2015-08-01:12 AM",73.9418
"2015-08-02:12 AM",70.6831
"2015-08-03:12 AM",70.7841
"2015-08-04:12 AM",71.2463
"2015-08-05:12 AM",67.4143
"2015-08-06:12 AM",63.9928
"2015-08-07:12 AM",62.3318
"2015-08-08:12 AM",62.2629
"2015-08-09:12 AM",65.9109
"2015-08-10:12 AM",70.3657
"2015-08-11:12 AM",74.0948
"2015-08-12:12 AM",76.9388
"2015-08-13:12 AM",77.545
"2015-08-14:12 AM",79.5402
"2015-08-15:12 AM",71.2697
"2015-08-16:12 AM",58.7941
"2015-08-17:12 AM",55.7218
"2015-08-18:12 AM",55.2945
"2015-08-19:12 AM",59.6689
"2015-08-20:12 AM",67.3813
"2015-08-21:12 AM",67.0741
"2015-08-22:12 AM",52.8726
"2015-08-23:12 AM",55.8601
"2015-08-24:12 AM",65.8224
"2015-08-25:12 AM",71.9994
"2015-08-26:12 AM",73.1646
"2015-08-27:12 AM",72.3884
"2015-08-28:12 AM",72.2377
"2015-08-29:12 AM",73.9166
"2015-08-30:12 AM",69.4987
"2015-08-31:12 AM",61.0403
"2015-09-01:12 AM",65.5414
"2015-09-02:12 AM",69.2962
"2015-09-03:12 AM",63.3389
"2015-09-04:12 AM",56.124
"2015-09-05:12 AM",53.5647
"2015-09-06:12 AM",51.0116
"2015-09-07:12 AM",51.213
"2015-09-08:12 AM",53.3259
"2015-09-09:12 AM",58.7773
"2015-09-10:12 AM",58.9622
"2015-09-11:12 AM",60.9089
"2015-09-12:12 AM",65.6695
"2015-09-13:12 AM",67.6643
"2015-09-14:12 AM",61.9178
"2015-09-15:12 AM",57.193
"2015-09-16:12 AM",49.7899
"2015-09-17:12 AM",47.1958
"2015-09-18:12 AM",50.5738
"2015-09-19:12 AM",54.3949
"2015-09-20:12 AM",60.0285
"2015-09-21:12 AM",60.5896
"2015-09-22:12 AM",55.6212
"2015-09-23:12 AM",59.3584
"2015-09-24:12 AM",61.5774
"2015-09-25:12 AM",68.4009
"2015-09-26:12 AM",68.142
"2015-09-27:12 AM",59.3209
"2015-09-28:12 AM",52.5029
"2015-09-29:12 AM",55.2479
"2015-09-30:12 AM",59.4358
"2015-10-01:12 AM",57.7114
"2015-10-02:12 AM",53.8671
"2015-10-03:12 AM",45.4667
"2015-10-04:12 AM",40.3786
"2015-10-05:12 AM",43.9678
"2015-10-06:12 AM",48.4419
"2015-10-07:12 AM",54.9347
"2015-10-08:12 AM",55.0337
"2015-10-09:12 AM",59.2675
"2015-10-10:12 AM",63.7511
"2015-10-11:12 AM",55.474
"2015-10-12:12 AM",50.6208
"2015-10-13:12 AM",53.6436
"2015-10-14:12 AM",51.6241
"2015-10-15:12 AM",45.2287
"2015-10-16:12 AM",45.5351
"2015-10-17:12 AM",48.8367
"2015-10-18:12 AM",54.0511
"2015-10-19:12 AM",51.0616
"2015-10-20:12 AM",49.0138
"2015-10-21:12 AM",44.8239
"2015-10-22:12 AM",46.8063
"2015-10-23:12 AM",43.4705
"2015-10-24:12 AM",42.2559
"2015-10-25:12 AM",43.0623
"2015-10-26:12 AM",42.1833
"2015-10-27:12 AM",39.3204
"2015-10-28:12 AM",34.8831
"2015-10-29:12 AM",36.624
"2015-10-30:12 AM",41.5371
"2015-10-31:12 AM",45.2883
"2015-11-01:12 AM",47.4525
"2015-11-02:12 AM",41.311
"2015-11-03:12 AM",36.3317
"2015-11-04:12 AM",32.8325
"2015-11-05:12 AM",30.3879
"2015-11-06:12 AM",29.0777
"2015-11-07:12 AM",33.7066
"2015-11-08:12 AM",36.8643
"2015-11-09:12 AM",36.2725
"2015-11-10:12 AM",31.6711
"2015-11-11:12 AM",29.4679
"2015-11-12:12 AM",29.1477
"2015-11-13:12 AM",35.2926
"2015-11-14:12 AM",41.7052
"2015-11-15:12 AM",40.7858
"2015-11-16:12 AM",34.6617
"2015-11-17:12 AM",30.7902
"2015-11-18:12 AM",31.1749
"2015-11-19:12 AM",25.5729
"2015-11-20:12 AM",21.5857
"2015-11-21:12 AM",20.4111
"2015-11-22:12 AM",29.2014
"2015-11-23:12 AM",30.8754
"2015-11-24:12 AM",29.9968
"2015-11-25:12 AM",16.4187
"2015-11-26:12 AM",9.1612
"2015-11-27:12 AM",10.485
"2015-11-28:12 AM",13.3675
"2015-11-29:12 AM",13.4433
"2015-11-30:12 AM",15.6072
"2015-12-01:12 AM",18.3697
"2015-12-02:12 AM",24.03
"2015-12-03:12 AM",27.5927
"2015-12-04:12 AM",32.6255
"2015-12-05:12 AM",30.7954
"2015-12-06:12 AM",31.9626
"2015-12-07:12 AM",35.6697
"2015-12-08:12 AM",39.5353
"2015-12-09:12 AM",43.0191
"2015-12-10:12 AM",33.0586
"2015-12-11:12 AM",29.4192
"2015-12-12:12 AM",25.9653
"2015-12-13:12 AM",29.2118
"2015-12-14:12 AM",26.7834
"2015-12-15:12 AM",20.511
"2015-12-16:12 AM",18.2134
"2015-12-17:12 AM",12.6372
"2015-12-18:12 AM",17.9638
"2015-12-19:12 AM",27.4343
"2015-12-20:12 AM",22.5343
"2015-12-21:12 AM",23.554
"2015-12-22:12 AM",24.8598
"2015-12-23:12 AM",17.7681
"2015-12-24:12 AM",16.6734
"2015-12-25:12 AM",10.0227
"2015-12-26:12 AM",6.5498
"2015-12-27:12 AM",12.2353
"2015-12-28:12 AM",15.7789
"2015-12-29:12 AM",12.5161
"2015-12-30:12 AM",10.2367
"2015-12-31:12 AM",10.1914
"2016-01-01:12 AM",15.127
"2016-01-02:12 AM",15.3883
"2016-01-03:12 AM",16.0527
"2016-01-04:12 AM",22.5194
"2016-01-05:12 AM",22.613
"2016-01-06:12 AM",21.3791
"2016-01-07:12 AM",20.4976
"2016-01-08:12 AM",12.6768
"2016-01-09:12 AM",7.804
"2016-01-10:12 AM",14.3505
"2016-01-11:12 AM",18.793
"2016-01-12:12 AM",22.1545
"2016-01-13:12 AM",28.4533
"2016-01-14:12 AM",28.7785
"2016-01-15:12 AM",20.0122
"2016-01-16:12 AM",11.5448
"2016-01-17:12 AM",10.7566
"2016-01-18:12 AM",22.6429
"2016-01-19:12 AM",23.7056
"2016-01-20:12 AM",25.1938
"2016-01-21:12 AM",23.2221
"2016-01-22:12 AM",29.5486
"2016-01-23:12 AM",29.9219
"2016-01-24:12 AM",28.5503
"2016-01-25:12 AM",23.6795
"2016-01-26:12 AM",23.5069
"2016-01-27:12 AM",31.9208
"2016-01-28:12 AM",33.3698
"2016-01-29:12 AM",32.8546
"2016-01-30:12 AM",29.1202
"2016-01-31:12 AM",24.5345
"2016-02-01:12 AM",21.4648
"2016-02-02:12 AM",19.5053
"2016-02-03:12 AM",18.6242
"2016-02-04:12 AM",23.022
"2016-02-05:12 AM",26.944
"2016-02-06:12 AM",31.4353
"2016-02-07:12 AM",27.3547
"2016-02-08:12 AM",29.4204
"2016-02-09:12 AM",34.1915
"2016-02-10:12 AM",35.7318
"2016-02-11:12 AM",35.2215
"2016-02-12:12 AM",31.7739
"2016-02-13:12 AM",33.1484
"2016-02-14:12 AM",33.4582
"2016-02-15:12 AM",36.0988
"2016-02-16:12 AM",36.1985
"2016-02-17:12 AM",37.7105
"2016-02-18:12 AM",38.8225
"2016-02-19:12 AM",36.5437
"2016-02-20:12 AM",33.5831
"2016-02-21:12 AM",29.1987
"2016-02-22:12 AM",31.1796
"2016-02-23:12 AM",28.8009
"2016-02-24:12 AM",28.3181
"2016-02-25:12 AM",30.7479
"2016-02-26:12 AM",36.6651
"2016-02-27:12 AM",41.2826
"2016-02-28:12 AM",38.5349
"2016-02-29:12 AM",33.6121
"2016-03-01:12 AM",30.8287
"2016-03-02:12 AM",36.0412
"2016-03-03:12 AM",36.5362
"2016-03-04:12 AM",38.7838
"2016-03-05:12 AM",42.9795
"2016-03-06:12 AM",45.4197
"2016-03-07:12 AM",40.4776
"2016-03-08:12 AM",35.717
"2016-03-09:12 AM",35.7096
"2016-03-10:12 AM",41.7479
"2016-03-11:12 AM",44.0148
"2016-03-12:12 AM",45.45
"2016-03-13:12 AM",42.9453
"2016-03-14:12 AM",39.1602
"2016-03-15:12 AM",33.1187
"2016-03-16:12 AM",31.5055
"2016-03-17:12 AM",27.8548
"2016-03-18:12 AM",23.5976
"2016-03-19:12 AM",26.7094
"2016-03-20:12 AM",37.625
"2016-03-21:12 AM",44.4594
"2016-03-22:12 AM",37.5573
"2016-03-23:12 AM",33.4679
"2016-03-24:12 AM",36.5567
"2016-03-25:12 AM",33.2325
"2016-03-26:12 AM",32.1451
"2016-03-27:12 AM",36.6634
"2016-03-28:12 AM",37.1727
"2016-03-29:12 AM",36.5544
"2016-03-30:12 AM",37.8432
"2016-03-31:12 AM",36.8987
"2016-04-01:12 AM",38.1038
"2016-04-02:12 AM",47.0485
"2016-04-03:12 AM",49.7899
"2016-04-04:12 AM",48.1222
"2016-04-05:12 AM",39.0283
"2016-04-06:12 AM",42.7851
"2016-04-07:12 AM",46.1507
"2016-04-08:12 AM",48.7735
"2016-04-09:12 AM",53.2542
"2016-04-10:12 AM",43.6161
"2016-04-11:12 AM",42.8472
"2016-04-12:12 AM",51.6267
"2016-04-13:12 AM",49.8925
"2016-04-14:12 AM",44.3773
"2016-04-15:12 AM",37.5638
"2016-04-16:12 AM",37.6594
"2016-04-17:12 AM",39.4731
"2016-04-18:12 AM",41.1415
"2016-04-19:12 AM",45.52
"2016-04-20:12 AM",51.4326
"2016-04-21:12 AM",55.0812
"2016-04-22:12 AM",58.2395
"2016-04-23:12 AM",50.8833
"2016-04-24:12 AM",41.7085
"2016-04-25:12 AM",36.905
"2016-04-26:12 AM",36.6123
"2016-04-27:12 AM",36.2509
"2016-04-28:12 AM",36.2197
"2016-04-29:12 AM",37.6869
"2016-04-30:12 AM",42.3325
"2016-05-01:12 AM",45.6247
"2016-05-02:12 AM",51.3028
"2016-05-03:12 AM",57.4736
"2016-05-04:12 AM",61.5637
"2016-05-05:12 AM",63.8035
"2016-05-06:12 AM",54.6528
"2016-05-07:12 AM",53.9679
"2016-05-08:12 AM",57.0286
"2016-05-09:12 AM",46.8081
"2016-05-10:12 AM",37.5456
"2016-05-11:12 AM",39.25
"2016-05-12:12 AM",44.1592
"2016-05-13:12 AM",40.4919
"2016-05-14:12 AM",42.0132
"2016-05-15:12 AM",44.7723
"2016-05-16:12 AM",48.5647
"2016-05-17:12 AM",52.516
"2016-05-18:12 AM",57.3447
"2016-05-19:12 AM",56.6481
"2016-05-20:12 AM",52.2388
"2016-05-21:12 AM",52.4764
"2016-05-22:12 AM",49.1634
"2016-05-23:12 AM",47.2937
"2016-05-24:12 AM",48.2452
"2016-05-25:12 AM",49.7833
"2016-05-26:12 AM",51.3808
"2016-05-27:12 AM",50.977
"2016-05-28:12 AM",50.1382
"2016-05-29:12 AM",53.339
"2016-05-30:12 AM",51.4132
"2016-05-31:12 AM",48.1415
"2016-06-01:12 AM",54.0277
"2016-06-02:12 AM",59.1627
"2016-06-03:12 AM",59.589
"2016-06-04:12 AM",62.3979
"2016-06-05:12 AM",65.5947
"2016-06-06:12 AM",64.9629
"2016-06-07:12 AM",67.8022
"2016-06-08:12 AM",71.1208
"2016-06-09:12 AM",68.5639
"2016-06-10:12 AM",66.0423
"2016-06-11:12 AM",61.5553
"2016-06-12:12 AM",57.6138
"2016-06-13:12 AM",59.6709
"2016-06-14:12 AM",58.0951
"2016-06-15:12 AM",51.3574
"2016-06-16:12 AM",56.3419
"2016-06-17:12 AM",56.1322
"2016-06-18:12 AM",64.2
"2016-06-19:12 AM",60.1308
"2016-06-20:12 AM",61.7778
"2016-06-21:12 AM",64.9395
"2016-06-22:12 AM",61.5427
"2016-06-23:12 AM",65.8679
"2016-06-24:12 AM",63.001
"2016-06-25:12 AM",55.3586
"2016-06-26:12 AM",60.0438
"2016-06-27:12 AM",63.7821
"2016-06-28:12 AM",67.8823
"2016-06-29:12 AM",68.4774
"2016-06-30:12 AM",68.729
"2016-07-01:12 AM",68.5116
"2016-07-02:12 AM",69.2706
"2016-07-03:12 AM",69.0431
"2016-07-04:12 AM",66.2169
"2016-07-05:12 AM",61.7236
"2016-07-06:12 AM",58.4798
"2016-07-07:12 AM",58.6926
"2016-07-08:12 AM",66.9051
"2016-07-09:12 AM",68.2212
"2016-07-10:12 AM",60.1198
"2016-07-11:12 AM",53.98
"2016-07-12:12 AM",58.1142
"2016-07-13:12 AM",59.9005
"2016-07-14:12 AM",61.3254
"2016-07-15:12 AM",62.7559
"2016-07-16:12 AM",61.0516
"2016-07-17:12 AM",61.3299
"2016-07-18:12 AM",69.3957
"2016-07-19:12 AM",74.0676
"2016-07-20:12 AM",72.8218
"2016-07-21:12 AM",71.9242
"2016-07-22:12 AM",73.3431
"2016-07-23:12 AM",67.0316
"2016-07-24:12 AM",67.2354
"2016-07-25:12 AM",71.7312
"2016-07-26:12 AM",71.6077
"2016-07-27:12 AM",68.8165
"2016-07-28:12 AM",67.3853
"2016-07-29:12 AM",68.4709
"2016-07-30:12 AM",72.8332
"2016-07-31:12 AM",73.0294
"2016-08-01:12 AM",67.4496
"2016-08-02:12 AM",70.565
"2016-08-03:12 AM",67.4758
"2016-08-04:12 AM",62.4182
"2016-08-05:12 AM",67.7842
"2016-08-06:12 AM",70.9313
"2016-08-07:12 AM",69.3196
"2016-08-08:12 AM",67.9595
"2016-08-09:12 AM",66.3901
"2016-08-10:12 AM",62.8475
"2016-08-11:12 AM",62.1156
"2016-08-12:12 AM",63.7081
"2016-08-13:12 AM",65.6395
"2016-08-14:12 AM",69.6992
"2016-08-15:12 AM",70.0311
"2016-08-16:12 AM",71.4177
"2016-08-17:12 AM",73.3633
"2016-08-18:12 AM",63.8778
"2016-08-19:12 AM",56.3405
"2016-08-20:12 AM",60.3786
"2016-08-21:12 AM",68.8285
"2016-08-22:12 AM",69.1243
"2016-08-23:12 AM",60.5521
"2016-08-24:12 AM",54.1319
"2016-08-25:12 AM",54.8571
"2016-08-26:12 AM",58.3716
"2016-08-27:12 AM",63.3711
"2016-08-28:12 AM",67.7914
"2016-08-29:12 AM",66.7155
"2016-08-30:12 AM",72.7279
"2016-08-31:12 AM",75.1017
"2016-09-01:12 AM",73.8563
"2016-09-02:12 AM",68.1832
"2016-09-03:12 AM",59.6248
"2016-09-04:12 AM",51.7822
"2016-09-05:12 AM",48.3688
"2016-09-06:12 AM",51.5008
"2016-09-07:12 AM",54.3637
"2016-09-08:12 AM",55.8423
"2016-09-09:12 AM",51.5856
"2016-09-10:12 AM",57.3692
"2016-09-11:12 AM",57.9819
"2016-09-12:12 AM",43.1364
"2016-09-13:12 AM",43.7509
"2016-09-14:12 AM",50.4473
"2016-09-15:12 AM",55.1493
"2016-09-16:12 AM",58.055
"2016-09-17:12 AM",60.5057
"2016-09-18:12 AM",59.3771
"2016-09-19:12 AM",56.6618
"2016-09-20:12 AM",56.7559
"2016-09-21:12 AM",51.1731
"2016-09-22:12 AM",49.1052
"2016-09-23:12 AM",49.6121
"2016-09-24:12 AM",48.0882
"2016-09-25:12 AM",49.6881
"2016-09-26:12 AM",55.517
"2016-09-27:12 AM",62.1349
"2016-09-28:12 AM",58.6425
"2016-09-29:12 AM",61.2126
"2016-09-30:12 AM",63.0486
"2016-10-01:12 AM",60.692
"2016-10-02:12 AM",53.7436
"2016-10-03:12 AM",48.1464
"2016-10-04:12 AM",40.9055
"2016-10-05:12 AM",37.7886
"2016-10-06:12 AM",36.8371
"2016-10-07:12 AM",36.7002
"2016-10-08:12 AM",44.6025
"2016-10-09:12 AM",52.6384
"2016-10-10:12 AM",41.3371
"2016-10-11:12 AM",30.7114
"2016-10-12:12 AM",29.6539
"2016-10-13:12 AM",38.7374
"2016-10-14:12 AM",49.3453
"2016-10-15:12 AM",47.656
"2016-10-16:12 AM",48.992
"2016-10-17:12 AM",43.6399
"2016-10-18:12 AM",41.8496
"2016-10-19:12 AM",39.5458
"2016-10-20:12 AM",40.5154
"2016-10-21:12 AM",46.0558
"2016-10-22:12 AM",45.6348
"2016-10-23:12 AM",42.8837
"2016-10-24:12 AM",45.7551
"2016-10-25:12 AM",47.6337
"2016-10-26:12 AM",48.5767
"2016-10-27:12 AM",52.7212
"2016-10-28:12 AM",49.9528
"2016-10-29:12 AM",40.7606
"2016-10-30:12 AM",44.2645
"2016-10-31:12 AM",45.1233
"2016-11-01:12 AM",41.6241
"2016-11-02:12 AM",42.4589
"2016-11-03:12 AM",45.7871
"2016-11-04:12 AM",46.5341
"2016-11-05:12 AM",46.551
"2016-11-06:12 AM",46.4115
"2016-11-07:12 AM",42.2479
"2016-11-08:12 AM",45.7749
"2016-11-09:12 AM",49.7966
"2016-11-10:12 AM",45.3189
"2016-11-11:12 AM",44.3197
"2016-11-12:12 AM",48.4698
"2016-11-13:12 AM",46.5935
"2016-11-14:12 AM",46.729
"2016-11-15:12 AM",46.008
"2016-11-16:12 AM",39.9585
"2016-11-17:12 AM",29.314
"2016-11-18:12 AM",25.1704
"2016-11-19:12 AM",28.3861
"2016-11-20:12 AM",34.2324
"2016-11-21:12 AM",37.0708
"2016-11-22:12 AM",33.6889
"2016-11-23:12 AM",31.9762
"2016-11-24:12 AM",32.0074
"2016-11-25:12 AM",32.9526
"2016-11-26:12 AM",34.4701
"2016-11-27:12 AM",34.1109
"2016-11-28:12 AM",30.2295
"2016-11-29:12 AM",25.6665
"2016-11-30:12 AM",22.1801
"2016-12-01:12 AM",24.9305
"2016-12-02:12 AM",24.7143
"2016-12-03:12 AM",27.5855
"2016-12-04:12 AM",28.5802
"2016-12-05:12 AM",17.6151
"2016-12-06:12 AM",2.3652
"2016-12-07:12 AM",-6.2327
"2016-12-08:12 AM",-5.4274
"2016-12-09:12 AM",0.4564
"2016-12-10:12 AM",9.163
"2016-12-11:12 AM",8.8977
"2016-12-12:12 AM",7.8123
"2016-12-13:12 AM",6.7789
"2016-12-14:12 AM",2.5178
"2016-12-15:12 AM",10.3341
"2016-12-16:12 AM",-1.5594
"2016-12-17:12 AM",-13.4126
"2016-12-18:12 AM",3.3985
"2016-12-19:12 AM",17.9983
"2016-12-20:12 AM",26.2128
"2016-12-21:12 AM",22.9564
"2016-12-22:12 AM",19.4844
"2016-12-23:12 AM",19.6704
"2016-12-24:12 AM",18.5709
"2016-12-25:12 AM",9.4708
"2016-12-26:12 AM",9.6175
"2016-12-27:12 AM",17.9726
"2016-12-28:12 AM",21.4689
"2016-12-29:12 AM",17.5465
"2016-12-30:12 AM",24.4544
"2016-12-31:12 AM",16.0173
"2017-01-01:12 AM",10.3505
"2017-01-02:12 AM",1.1082
"2017-01-03:12 AM",-10.2937
"2017-01-04:12 AM",-8.7047
"2017-01-05:12 AM",-6.1262
"2017-01-06:12 AM",3.4642
"2017-01-07:12 AM",1.8572
"2017-01-08:12 AM",9.1346
"2017-01-09:12 AM",16.6228
"2017-01-10:12 AM",8.0292
"2017-01-11:12 AM",-4.396
"2017-01-12:12 AM",0.252
"2017-01-13:12 AM",6.408
"2017-01-14:12 AM",8.955
"2017-01-15:12 AM",13.6843
"2017-01-16:12 AM",14.4696
"2017-01-17:12 AM",24.6157
"2017-01-18:12 AM",30.9276
"2017-01-19:12 AM",30.9715
"2017-01-20:12 AM",28.184
"2017-01-21:12 AM",21.9999
"2017-01-22:12 AM",22.773
"2017-01-23:12 AM",20.6913
"2017-01-24:12 AM",14.3962
"2017-01-25:12 AM",13.2834
"2017-01-26:12 AM",15.1387
"2017-01-27:12 AM",19.1599
"2017-01-28:12 AM",25.4057
"2017-01-29:12 AM",30.0907
"2017-01-30:12 AM",28.5017
"2017-01-31:12 AM",21.5694
"2017-02-01:12 AM",8.5791
"2017-02-02:12 AM",-0.0278
"2017-02-03:12 AM",7.8463
"2017-02-04:12 AM",17.5604
"2017-02-05:12 AM",21.0087
"2017-02-06:12 AM",16.0756
"2017-02-07:12 AM",6.9206
"2017-02-08:12 AM",4.1889
"2017-02-09:12 AM",24.9629
"2017-02-10:12 AM",34.6262
"2017-02-11:12 AM",27.4516
"2017-02-12:12 AM",23.5188
"2017-02-13:12 AM",27.0442
"2017-02-14:12 AM",29.2879
"2017-02-15:12 AM",33.3873
"2017-02-16:12 AM",37.1277
"2017-02-17:12 AM",36.9477
"2017-02-18:12 AM",34.0198
"2017-02-19:12 AM",36.4631
"2017-02-20:12 AM",34.6059
"2017-02-21:12 AM",37.1894
"2017-02-22:12 AM",30.358
"2017-02-23:12 AM",24.5602
"2017-02-24:12 AM",20.3058
"2017-02-25:12 AM",17.92
"2017-02-26:12 AM",19.6759
"2017-02-27:12 AM",16.9659
"2017-02-28:12 AM",18.8388
"2017-03-01:12 AM",20.9311
"2017-03-02:12 AM",25.2099
"2017-03-03:12 AM",31.7291
"2017-03-04:12 AM",34.693
"2017-03-05:12 AM",33.3097
"2017-03-06:12 AM",22.9446
"2017-03-07:12 AM",21.8215
"2017-03-08:12 AM",26.1034
"2017-03-09:12 AM",21.9079
"2017-03-10:12 AM",20.3405
"2017-03-11:12 AM",21.6347
"2017-03-12:12 AM",25.3018
"2017-03-13:12 AM",24.9397
"2017-03-14:12 AM",32.9441
"2017-03-15:12 AM",38.9689
"2017-03-16:12 AM",40.1454
"2017-03-17:12 AM",34.4192
"2017-03-18:12 AM",43.1474
"2017-03-19:12 AM",43.5445
"2017-03-20:12 AM",34.5229
"2017-03-21:12 AM",33.6061
"2017-03-22:12 AM",40.2435
"2017-03-23:12 AM",41.3407
"2017-03-24:12 AM",40.2285
"2017-03-25:12 AM",42.3441
"2017-03-26:12 AM",39.9427
"2017-03-27:12 AM",41.0565
"2017-03-28:12 AM",39.6761
"2017-03-29:12 AM",40.9197
"2017-03-30:12 AM",44.2996
"2017-03-31:12 AM",41.1607
"2017-04-01:12 AM",41.5956
"2017-04-02:12 AM",43.1742
"2017-04-03:12 AM",34.6651
"2017-04-04:12 AM",33.3648
"2017-04-05:12 AM",37.7578
"2017-04-06:12 AM",45.0937
"2017-04-07:12 AM",49.6884
"2017-04-08:12 AM",44.6115
"2017-04-09:12 AM",36.0613
"2017-04-10:12 AM",33.123
"2017-04-11:12 AM",36.1978
"2017-04-12:12 AM",40.9903
"2017-04-13:12 AM",46.8772
"2017-04-14:12 AM",44.0065
"2017-04-15:12 AM",37.7177
"2017-04-16:12 AM",35.559
"2017-04-17:12 AM",38.2746
"2017-04-18:12 AM",43.2081
"2017-04-19:12 AM",44.0578
"2017-04-20:12 AM",42.9852
"2017-04-21:12 AM",41.7918
"2017-04-22:12 AM",41.9841
"2017-04-23:12 AM",43.7646
"2017-04-24:12 AM",40.4272
"2017-04-25:12 AM",36.1384
"2017-04-26:12 AM",36.9601
"2017-04-27:12 AM",37.1838
"2017-04-28:12 AM",37.4081
"2017-04-29:12 AM",39.8134
"2017-04-30:12 AM",43.2367
"2017-05-01:12 AM",42.4987
"2017-05-02:12 AM",41.9513
"2017-05-03:12 AM",44.4367
"2017-05-04:12 AM",54.6908
"2017-05-05:12 AM",60.9683
"2017-05-06:12 AM",61.183
"2017-05-07:12 AM",55.3183
"2017-05-08:12 AM",46.8865
"2017-05-09:12 AM",49.7565
"2017-05-10:12 AM",52.907
"2017-05-11:12 AM",58.2316
"2017-05-12:12 AM",61.1629
"2017-05-13:12 AM",48.9875
"2017-05-14:12 AM",43.8593
"2017-05-15:12 AM",44.5548
"2017-05-16:12 AM",45.8348
"2017-05-17:12 AM",43.678
"2017-05-18:12 AM",43.4716
"2017-05-19:12 AM",44.9483
"2017-05-20:12 AM",48.2922
"2017-05-21:12 AM",50.92
"2017-05-22:12 AM",51.6355
"2017-05-23:12 AM",55.5517
"2017-05-24:12 AM",54.5715
"2017-05-25:12 AM",46.7805
"2017-05-26:12 AM",48.4563
"2017-05-27:12 AM",54.0122
"2017-05-28:12 AM",56.9658
"2017-05-29:12 AM",55.9234
"2017-05-30:12 AM",57.8493
"2017-05-31:12 AM",61.4026
"2017-06-01:12 AM",65.1099
"2017-06-02:12 AM",61.0054
"2017-06-03:12 AM",62.1585
"2017-06-04:12 AM",67.9422
"2017-06-05:12 AM",62.0319
"2017-06-06:12 AM",58.4346
"2017-06-07:12 AM",63.6807
"2017-06-08:12 AM",68.0581
"2017-06-09:12 AM",62.1354
"2017-06-10:12 AM",54.1715
"2017-06-11:12 AM",53.3451
"2017-06-12:12 AM",57.7459
"2017-06-13:12 AM",55.0431
"2017-06-14:12 AM",54.4105
"2017-06-15:12 AM",56.2802
"2017-06-16:12 AM",58.3624
"2017-06-17:12 AM",55.8025
"2017-06-18:12 AM",55.9157
"2017-06-19:12 AM",61.3227
"2017-06-20:12 AM",66.6459
"2017-06-21:12 AM",64.6839
"2017-06-22:12 AM",55.6653
"2017-06-23:12 AM",52.808
"2017-06-24:12 AM",55.9962
"2017-06-25:12 AM",60.715
"2017-06-26:12 AM",67.3452
"2017-06-27:12 AM",67.7093
"2017-06-28:12 AM",62.5397
"2017-06-29:12 AM",58.1097
"2017-06-30:12 AM",60.3666
"2017-07-01:12 AM",67.6261
"2017-07-02:12 AM",70.4467
"2017-07-03:12 AM",72.4033
"2017-07-04:12 AM",71.811
"2017-07-05:12 AM",74.9059
"2017-07-06:12 AM",75.1339
"2017-07-07:12 AM",75.3166
"2017-07-08:12 AM",77.9
"2017-07-09:12 AM",76.829
"2017-07-10:12 AM",74.8321
"2017-07-11:12 AM",68.5832
"2017-07-12:12 AM",67.2631
"2017-07-13:12 AM",72.5785
"2017-07-14:12 AM",77.3681
"2017-07-15:12 AM",75.6828
"2017-07-16:12 AM",75.241
"2017-07-17:12 AM",67.9757
"2017-07-18:12 AM",68.2563
"2017-07-19:12 AM",72.9466
"2017-07-20:12 AM",73.9546
"2017-07-21:12 AM",70.5911
"2017-07-22:12 AM",68.3647
"2017-07-23:12 AM",73.4365
"2017-07-24:12 AM",74.3295
"2017-07-25:12 AM",68.1822
"2017-07-26:12 AM",70.3911
"2017-07-27:12 AM",72.9734
"2017-07-28:12 AM",72.9358
"2017-07-29:12 AM",75.4281
"2017-07-30:12 AM",75.6232
"2017-07-31:12 AM",75.2817
"2017-08-01:12 AM",72.3902
"2017-08-02:12 AM",65.4762
"2017-08-03:12 AM",63.4035
"2017-08-04:12 AM",68.1634
"2017-08-05:12 AM",64.1386
"2017-08-06:12 AM",61.5308
"2017-08-07:12 AM",64.1323
"2017-08-08:12 AM",66.9407
"2017-08-09:12 AM",63.9118
"2017-08-10:12 AM",65.0156
"2017-08-11:12 AM",68.5566
"2017-08-12:12 AM",67.5457
"2017-08-13:12 AM",65.6101
"2017-08-14:12 AM",62.9094
"2017-08-15:12 AM",62.1135
"2017-08-16:12 AM",65.4037
"2017-08-17:12 AM",68.4171
"2017-08-18:12 AM",68.8852
"2017-08-19:12 AM",68.929
"2017-08-20:12 AM",63.5243
"2017-08-21:12 AM",64.6489
"2017-08-22:12 AM",67.3435
"2017-08-23:12 AM",71.6362
"2017-08-24:12 AM",71.5467
"2017-08-25:12 AM",67.3752
"2017-08-26:12 AM",67.5714
"2017-08-27:12 AM",69.0073
"2017-08-28:12 AM",73.3399
"2017-08-29:12 AM",74.7309
"2017-08-30:12 AM",75.2576
"2017-08-31:12 AM",73.7323
"2017-09-01:12 AM",69.3331
"2017-09-02:12 AM",71.8689
"2017-09-03:12 AM",73.4841
"2017-09-04:12 AM",62.541
"2017-09-05:12 AM",58.8434
"2017-09-06:12 AM",64.566
"2017-09-07:12 AM",67.8556
"2017-09-08:12 AM",70.5805
"2017-09-09:12 AM",72.8757
"2017-09-10:12 AM",70.4219
"2017-09-11:12 AM",68.8525
"2017-09-12:12 AM",70.6928
"2017-09-13:12 AM",65.9043
"2017-09-14:12 AM",50.3253
"2017-09-15:12 AM",41.6619
"2017-09-16:12 AM",41.5742
"2017-09-17:12 AM",46.366
"2017-09-18:12 AM",51.906
"2017-09-19:12 AM",48.0418
"2017-09-20:12 AM",45.7536
"2017-09-21:12 AM",45.7455
"2017-09-22:12 AM",40.123
"2017-09-23:12 AM",39.9355
"2017-09-24:12 AM",42.0244
"2017-09-25:12 AM",44.4605
"2017-09-26:12 AM",49.2332
"2017-09-27:12 AM",53.6313
"2017-09-28:12 AM",54.8429
"2017-09-29:12 AM",56.1625
"2017-09-30:12 AM",55.1833
"2017-10-01:12 AM",45.8755
"2017-10-02:12 AM",37.6419
"2017-10-03:12 AM",32.4088
"2017-10-04:12 AM",33.7262
"2017-10-05:12 AM",40.7206
"2017-10-06:12 AM",45.2426
"2017-10-07:12 AM",47.1945
"2017-10-08:12 AM",39.313
"2017-10-09:12 AM",37.5197
"2017-10-10:12 AM",43.7358
"2017-10-11:12 AM",45.6199
"2017-10-12:12 AM",39.5249
"2017-10-13:12 AM",36.4048
"2017-10-14:12 AM",34.5085
"2017-10-15:12 AM",39.8361
"2017-10-16:12 AM",47.8476
"2017-10-17:12 AM",52.9432
"2017-10-18:12 AM",49.5612
"2017-10-19:12 AM",54.1323
"2017-10-20:12 AM",51.0559
"2017-10-21:12 AM",40.7082
"2017-10-22:12 AM",44.9708
"2017-10-23:12 AM",42.5329
"2017-10-24:12 AM",44.4803
"2017-10-25:12 AM",51.4693
"2017-10-26:12 AM",36.4869
"2017-10-27:12 AM",35.5163
"2017-10-28:12 AM",44.6322
"2017-10-29:12 AM",41.3535
"2017-10-30:12 AM",28.0765
"2017-10-31:12 AM",32.3319
"2017-11-01:12 AM",33.7854
"2017-11-02:12 AM",26.3826
"2017-11-03:12 AM",25.2982
"2017-11-04:12 AM",22.7671
"2017-11-05:12 AM",21.5265
"2017-11-06:12 AM",14.9311
"2017-11-07:12 AM",16.2351
"2017-11-08:12 AM",21.394
"2017-11-09:12 AM",21.1987
"2017-11-10:12 AM",29.8389
"2017-11-11:12 AM",29.3004
"2017-11-12:12 AM",29.2231
"2017-11-13:12 AM",34.0284
"2017-11-14:12 AM",33.6189
"2017-11-15:12 AM",27.696
"2017-11-16:12 AM",34.329
"2017-11-17:12 AM",30.529
"2017-11-18:12 AM",28.0645
"2017-11-19:12 AM",30.4669
"2017-11-20:12 AM",36.3389
"2017-11-21:12 AM",27.3981
"2017-11-22:12 AM",41.4982
"2017-11-23:12 AM",47.8292
"2017-11-24:12 AM",41.1523
"2017-11-25:12 AM",35.114
"2017-11-26:12 AM",41.4007
"2017-11-27:12 AM",41.5924
"2017-11-28:12 AM",32.0302
"2017-11-29:12 AM",33.5503
"2017-11-30:12 AM",30.3129
"2017-12-01:12 AM",31.7881
"2017-12-02:12 AM",32.0896
"2017-12-03:12 AM",32.3521
"2017-12-04:12 AM",23.862
"2017-12-05:12 AM",24.1003
"2017-12-06:12 AM",22.3099
"2017-12-07:12 AM",26.0026
"2017-12-08:12 AM",29.8884
"2017-12-09:12 AM",30.5501
"2017-12-10:12 AM",32.5513
"2017-12-11:12 AM",31.7118
"2017-12-12:12 AM",34.5565
"2017-12-13:12 AM",31.8502
"2017-12-14:12 AM",27.8769
"2017-12-15:12 AM",31.0897
"2017-12-16:12 AM",28.9375
"2017-12-17:12 AM",23.5893
"2017-12-18:12 AM",31.8911
"2017-12-19:12 AM",27.8958
"2017-12-20:12 AM",22.3956
"2017-12-21:12 AM",12.9052
"2017-12-22:12 AM",14.9729
"2017-12-23:12 AM",5.3559
"2017-12-24:12 AM",4.0114
"2017-12-25:12 AM",-2.0747
"2017-12-26:12 AM",-6.9464
"2017-12-27:12 AM",6.903
"2017-12-28:12 AM",8.0692
"2017-12-29:12 AM",4.4685
"2017-12-30:12 AM",-1.8233
"2017-12-31:12 AM",-8.5135
"2018-01-01:12 AM",-5.1763
"2018-01-02:12 AM",10.9762
"2018-01-03:12 AM",20.939
"2018-01-04:12 AM",21.4786
"2018-01-05:12 AM",25.2514
"2018-01-06:12 AM",31.3682
"2018-01-07:12 AM",29.0093
"2018-01-08:12 AM",29.5093
"2018-01-09:12 AM",31.278
"2018-01-10:12 AM",18.2327
"2018-01-11:12 AM",5.403
"2018-01-12:12 AM",8.249
"2018-01-13:12 AM",19.9405
"2018-01-14:12 AM",25.8795
"2018-01-15:12 AM",6.9687
"2018-01-16:12 AM",14.6701
"2018-01-17:12 AM",27.0349
"2018-01-18:12 AM",32.416
"2018-01-19:12 AM",30.6169
"2018-01-20:12 AM",23.9875
"2018-01-21:12 AM",20.9889
"2018-01-22:12 AM",22.1572
"2018-01-23:12 AM",22.5666
"2018-01-24:12 AM",26.1912
"2018-01-25:12 AM",28.5078
"2018-01-26:12 AM",23.7007
"2018-01-27:12 AM",17.5638
"2018-01-28:12 AM",18.6573
"2018-01-29:12 AM",27.3308
"2018-01-30:12 AM",32.5485
"2018-01-31:12 AM",22.0501
"2018-02-01:12 AM",10.9746
"2018-02-02:12 AM",23.4599
"2018-02-03:12 AM",21.7884
"2018-02-04:12 AM",10.2749
"2018-02-05:12 AM",13.8553
"2018-02-06:12 AM",14.2765
"2018-02-07:12 AM",18.9856
"2018-02-08:12 AM",19.4644
"2018-02-09:12 AM",2.7334
"2018-02-10:12 AM",3.4794
"2018-02-11:12 AM",10.0171
"2018-02-12:12 AM",-4.1411
"2018-02-13:12 AM",14.0099
"2018-02-14:12 AM",27.5239
"2018-02-15:12 AM",12.6646
"2018-02-16:12 AM",17.1675
"2018-02-17:12 AM",18.5099
"2018-02-18:12 AM",10.0314
"2018-02-19:12 AM",-2.6037
"2018-02-20:12 AM",-6.4035
"2018-02-21:12 AM",-0.1469
"2018-02-22:12 AM",3.8862
"2018-02-23:12 AM",3.7414
"2018-02-24:12 AM",14.6282
"2018-02-25:12 AM",19.2052
"2018-02-26:12 AM",22.6571
"2018-02-27:12 AM",15.9795
"2018-02-28:12 AM",19.5703
"2018-03-01:12 AM",21.06
"2018-03-02:12 AM",24.2121
"2018-03-03:12 AM",23.2234
"2018-03-04:12 AM",19.9818
"2018-03-05:12 AM",17.9989
"2018-03-06:12 AM",16.7394
"2018-03-07:12 AM",20.0638
"2018-03-08:12 AM",26.9164
"2018-03-09:12 AM",30.4903
"2018-03-10:12 AM",26.1459
"2018-03-11:12 AM",23.1051
"2018-03-12:12 AM",26.202
"2018-03-13:12 AM",29.8216
"2018-03-14:12 AM",31.6269
"2018-03-15:12 AM",31.8765
"2018-03-16:12 AM",29.6154
"2018-03-17:12 AM",27.7257
"2018-03-18:12 AM",28.3127
"2018-03-19:12 AM",26.6655
"2018-03-20:12 AM",28.191
"2018-03-21:12 AM",29.2789
"2018-03-22:12 AM",32.4574
"2018-03-23:12 AM",34.4754
"2018-03-24:12 AM",32.9333
"2018-03-25:12 AM",28.1557
"2018-03-26:12 AM",26.5323
"2018-03-27:12 AM",30.942
"2018-03-28:12 AM",32.5218
"2018-03-29:12 AM",30.1545
"2018-03-30:12 AM",31.217
"2018-03-31:12 AM",18.2386
"2018-04-01:12 AM",20.7378
"2018-04-02:12 AM",21.6567
"2018-04-03:12 AM",17.884
"2018-04-04:12 AM",27.2529
"2018-04-05:12 AM",26.5775
"2018-04-06:12 AM",16.4358
"2018-04-07:12 AM",23.2731
"2018-04-08:12 AM",29.2878
"2018-04-09:12 AM",31.0642
"2018-04-10:12 AM",37.2301
"2018-04-11:12 AM",39.9686
"2018-04-12:12 AM",33.7086
"2018-04-13:12 AM",30.5002
"2018-04-14:12 AM",34.542
"2018-04-15:12 AM",38.9539
"2018-04-16:12 AM",40.3569
"2018-04-17:12 AM",34.7785
"2018-04-18:12 AM",35.7454
"2018-04-19:12 AM",39.7692
"2018-04-20:12 AM",44.4573
"2018-04-21:12 AM",47.1519
"2018-04-22:12 AM",45.8091
"2018-04-23:12 AM",40.2523
"2018-04-24:12 AM",40.2318
"2018-04-25:12 AM",45.3146
"2018-04-26:12 AM",48.4871
"2018-04-27:12 AM",53.1424
"2018-04-28:12 AM",54.5581
"2018-04-29:12 AM",52.1037
"2018-04-30:12 AM",42.4947
"2018-05-01:12 AM",42.9611
"2018-05-02:12 AM",45.1382
"2018-05-03:12 AM",51.116
"2018-05-04:12 AM",56.0482
"2018-05-05:12 AM",57.4457
"2018-05-06:12 AM",58.9629
"2018-05-07:12 AM",57.4806
"2018-05-08:12 AM",55.4112
"2018-05-09:12 AM",55.0836
"2018-05-10:12 AM",49.1259
"2018-05-11:12 AM",42.154
"2018-05-12:12 AM",43.1893
"2018-05-13:12 AM",48.6963
"2018-05-14:12 AM",55.3444
"2018-05-15:12 AM",59.7702
"2018-05-16:12 AM",61.7823
"2018-05-17:12 AM",58.057
"2018-05-18:12 AM",46.4167
"2018-05-19:12 AM",45.977
"2018-05-20:12 AM",52.5722
"2018-05-21:12 AM",57.38
"2018-05-22:12 AM",59.1944
"2018-05-23:12 AM",58.3689
"2018-05-24:12 AM",59.8017
"2018-05-25:12 AM",63.5425
"2018-05-26:12 AM",64.3275
"2018-05-27:12 AM",62.1156
"2018-05-28:12 AM",59.6937
"2018-05-29:12 AM",60.8455
"2018-05-30:12 AM",60.4598
"2018-05-31:12 AM",55.902
"2018-06-01:12 AM",51.2659
"2018-06-02:12 AM",52.3497
"2018-06-03:12 AM",59.6298
"2018-06-04:12 AM",64.3167
"2018-06-05:12 AM",58.9543
"2018-06-06:12 AM",60.1335
"2018-06-07:12 AM",63.0817
"2018-06-08:12 AM",64.197
"2018-06-09:12 AM",66.9508
"2018-06-10:12 AM",56.0066
"2018-06-11:12 AM",47.4301
"2018-06-12:12 AM",50.7956
"2018-06-13:12 AM",60.7226
"2018-06-14:12 AM",58.9719
"2018-06-15:12 AM",53.4078
"2018-06-16:12 AM",50.7286
"2018-06-17:12 AM",52.5304
"2018-06-18:12 AM",53.6635
"2018-06-19:12 AM",55.1338
"2018-06-20:12 AM",58.3446
"2018-06-21:12 AM",62.7089
"2018-06-22:12 AM",62.2308
"2018-06-23:12 AM",59.3303
"2018-06-24:12 AM",60.2049
"2018-06-25:12 AM",64.9173
"2018-06-26:12 AM",62.1327
"2018-06-27:12 AM",60.5354
"2018-06-28:12 AM",63.1976
"2018-06-29:12 AM",57.0898
"2018-06-30:12 AM",56.0577
"2018-07-01:12 AM",58.9633
"2018-07-02:12 AM",59.045
"2018-07-03:12 AM",55.1559
"2018-07-04:12 AM",55.45
"2018-07-05:12 AM",64.3797
"2018-07-06:12 AM",73.7564
"2018-07-07:12 AM",73.1561
"2018-07-08:12 AM",69.7982
"2018-07-09:12 AM",73.179
"2018-07-10:12 AM",74.698
"2018-07-11:12 AM",67.0572
"2018-07-12:12 AM",67.2424
"2018-07-13:12 AM",72.4903
"2018-07-14:12 AM",70.7673
"2018-07-15:12 AM",65.8981
"2018-07-16:12 AM",69.9816
"2018-07-17:12 AM",72.4627
"2018-07-18:12 AM",72.8976
"2018-07-19:12 AM",69.989
"2018-07-20:12 AM",70.8042
"2018-07-21:12 AM",70.7176
"2018-07-22:12 AM",67.7181
"2018-07-23:12 AM",65.8724
"2018-07-24:12 AM",68.5332
"2018-07-25:12 AM",66.2454
"2018-07-26:12 AM",64.6079
"2018-07-27:12 AM",64.3239
"2018-07-28:12 AM",64.4661
"2018-07-29:12 AM",65.4381
"2018-07-30:12 AM",69.1401
"2018-07-31:12 AM",71.3277
"2018-08-01:12 AM",72.6386
"2018-08-02:12 AM",74.7725
"2018-08-03:12 AM",70.8224
"2018-08-04:12 AM",64.9353
"2018-08-05:12 AM",62.3937
"2018-08-06:12 AM",64.9978
"2018-08-07:12 AM",70.4494
"2018-08-08:12 AM",73.0837
"2018-08-09:12 AM",76.2255
"2018-08-10:12 AM",79.7583
"2018-08-11:12 AM",81.0349
"2018-08-12:12 AM",76.4614
"2018-08-13:12 AM",67.001
"2018-08-14:12 AM",64.8334
"2018-08-15:12 AM",69.2812
"2018-08-16:12 AM",72.457
"2018-08-17:12 AM",75.6995
"2018-08-18:12 AM",68.9873
"2018-08-19:12 AM",63.0903
"2018-08-20:12 AM",56.2928
"2018-08-21:12 AM",56.1409
"2018-08-22:12 AM",61.9759
"2018-08-23:12 AM",67.3619
"2018-08-24:12 AM",67.0854
"2018-08-25:12 AM",60.8542
"2018-08-26:12 AM",57.9393
"2018-08-27:12 AM",50.8563
"2018-08-28:12 AM",50.7618
"2018-08-29:12 AM",59.3674
"2018-08-30:12 AM",65.1954
"2018-08-31:12 AM",61.8816
"2018-09-01:12 AM",60.6627
"2018-09-02:12 AM",58.5968
"2018-09-03:12 AM",62.6671
"2018-09-04:12 AM",55.8936
"2018-09-05:12 AM",57.4255
"2018-09-06:12 AM",64.8001
"2018-09-07:12 AM",67.6657
"2018-09-08:12 AM",68.5758
"2018-09-09:12 AM",63.7858
"2018-09-10:12 AM",63.3394
"2018-09-11:12 AM",60.1956
"2018-09-12:12 AM",56.3902
"2018-09-13:12 AM",53.2211
"2018-09-14:12 AM",52.8634
"2018-09-15:12 AM",56.4582
"2018-09-16:12 AM",56.6137
"2018-09-17:12 AM",54.9975
"2018-09-18:12 AM",53.8047
"2018-09-19:12 AM",48.1689
"2018-09-20:12 AM",46.9933
"2018-09-21:12 AM",48.8727
"2018-09-22:12 AM",56.7667
"2018-09-23:12 AM",50.5602
"2018-09-24:12 AM",45.4721
"2018-09-25:12 AM",45.2165
"2018-09-26:12 AM",49.3191
"2018-09-27:12 AM",47.181
"2018-09-28:12 AM",41.4496
"2018-09-29:12 AM",40.7829
"2018-09-30:12 AM",35.9019
"2018-10-01:12 AM",44.0393
"2018-10-02:12 AM",47.8578
"2018-10-03:12 AM",39.9618
"2018-10-04:12 AM",35.5451
"2018-10-05:12 AM",37.8473
"2018-10-06:12 AM",40.4668
"2018-10-07:12 AM",39.6217
"2018-10-08:12 AM",37.8943
"2018-10-09:12 AM",34.5009
"2018-10-10:12 AM",32.9691
"2018-10-11:12 AM",32.5159
"2018-10-12:12 AM",39.0826
"2018-10-13:12 AM",33.049
"2018-10-14:12 AM",28.0425
"2018-10-15:12 AM",35.9119
"2018-10-16:12 AM",42.5849
"2018-10-17:12 AM",45.0268
"2018-10-18:12 AM",47.7223
"2018-10-19:12 AM",45.9498
"2018-10-20:12 AM",47.0536
"2018-10-21:12 AM",47.4955
"2018-10-22:12 AM",44.071
"2018-10-23:12 AM",45.255
"2018-10-24:12 AM",48.272
"2018-10-25:12 AM",46.9789
"2018-10-26:12 AM",47.6827
"2018-10-27:12 AM",46.9249
"2018-10-28:12 AM",43.4862
"2018-10-29:12 AM",41.2016
"2018-10-30:12 AM",37.2297
"2018-10-31:12 AM",36.1389
"2018-11-01:12 AM",38.2851
"2018-11-02:12 AM",39.285
"2018-11-03:12 AM",36.9781
"2018-11-04:12 AM",37.3172
"2018-11-05:12 AM",34.8735
"2018-11-06:12 AM",25.6257
"2018-11-07:12 AM",20.9475
"2018-11-08:12 AM",19.1854
"2018-11-09:12 AM",18.4944
"2018-11-10:12 AM",27.6548
"2018-11-11:12 AM",21.3865
"2018-11-12:12 AM",17.9539
"2018-11-13:12 AM",27.8314
"2018-11-14:12 AM",34.7862
"2018-11-15:12 AM",35.6977
"2018-11-16:12 AM",31.3077
"2018-11-17:12 AM",17.206
"2018-11-18:12 AM",23.6163
"2018-11-19:12 AM",27.9144
"2018-11-20:12 AM",31.7939
"2018-11-21:12 AM",33.4148
"2018-11-22:12 AM",35.4182
"2018-11-23:12 AM",34.041
"2018-11-24:12 AM",29.3142
"2018-11-25:12 AM",24.8882
"2018-11-26:12 AM",25.9797
"2018-11-27:12 AM",32.8066
"2018-11-28:12 AM",35.3403
"2018-11-29:12 AM",30.8475
"2018-11-30:12 AM",28.8489
"2018-12-01:12 AM",27.8258
"2018-12-02:12 AM",22.8241
"2018-12-03:12 AM",20.0761
"2018-12-04:12 AM",19.1631
"2018-12-05:12 AM",18.3614
"2018-12-06:12 AM",10.5395
"2018-12-07:12 AM",14.3947
"2018-12-08:12 AM",19.5012
"2018-12-09:12 AM",20.8018
"2018-12-10:12 AM",25.846
"2018-12-11:12 AM",27.0649
"2018-12-12:12 AM",30.2954
"2018-12-13:12 AM",26.4925
"2018-12-14:12 AM",29.4566
"2018-12-15:12 AM",31.6486
"2018-12-16:12 AM",29.129
"2018-12-17:12 AM",33.3795
"2018-12-18:12 AM",34.6676
"2018-12-19:12 AM",33.4931
"2018-12-20:12 AM",30.5105
"2018-12-21:12 AM",31.4949
"2018-12-22:12 AM",24.1599
"2018-12-23:12 AM",24.0197
"2018-12-24:12 AM",26.3286
"2018-12-25:12 AM",22.1756
"2018-12-26:12 AM",19.8604
"2018-12-27:12 AM",16.7203
"2018-12-28:12 AM",14.0043
"2018-12-29:12 AM",22.9386
"2018-12-30:12 AM",28.3123
"2018-12-31:12 AM",5.3865
"2019-01-01:12 AM",6.2157
"2019-01-02:12 AM",22.051
"2019-01-03:12 AM",30.0153
"2019-01-04:12 AM",33.523
"2019-01-05:12 AM",31.1005
"2019-01-06:12 AM",31.8868
"2019-01-07:12 AM",26.868
"2019-01-08:12 AM",20.6508
"2019-01-09:12 AM",25.1125
"2019-01-10:12 AM",32.5393
"2019-01-11:12 AM",29.4438
"2019-01-12:12 AM",27.0574
"2019-01-13:12 AM",27.0111
"2019-01-14:12 AM",25.1164
"2019-01-15:12 AM",24.0514
"2019-01-16:12 AM",22.9393
"2019-01-17:12 AM",21.6527
"2019-01-18:12 AM",19.9013
"2019-01-19:12 AM",23.6784
"2019-01-20:12 AM",28.1604
"2019-01-21:12 AM",23.9455
"2019-01-22:12 AM",19.7407
"2019-01-23:12 AM",23.2255
"2019-01-24:12 AM",13.755
"2019-01-25:12 AM",23.8687
"2019-01-26:12 AM",28.1406
"2019-01-27:12 AM",31.793
"2019-01-28:12 AM",19.4342
"2019-01-29:12 AM",10.9189
"2019-01-30:12 AM",14.7508
"2019-01-31:12 AM",24.7473
"2019-02-01:12 AM",31.7691
"2019-02-02:12 AM",33.2614
"2019-02-03:12 AM",9.7412
"2019-02-04:12 AM",-1.9946
"2019-02-05:12 AM",0.2939
"2019-02-06:12 AM",-2.3222
"2019-02-07:12 AM",-5.7867
"2019-02-08:12 AM",1.9546
"2019-02-09:12 AM",-3.201
"2019-02-10:12 AM",-3.9303
"2019-02-11:12 AM",4.3092
"2019-02-12:12 AM",8.8448
"2019-02-13:12 AM",17.9523
"2019-02-14:12 AM",6.4657
"2019-02-15:12 AM",12.4813
"2019-02-16:12 AM",13.1142
"2019-02-17:12 AM",3.1303
"2019-02-18:12 AM",-3.4764
"2019-02-19:12 AM",1.0384
"2019-02-20:12 AM",8.7395
"2019-02-21:12 AM",8.2083
"2019-02-22:12 AM",5.7738
"2019-02-23:12 AM",13.6341
"2019-02-24:12 AM",-1.5153
"2019-02-25:12 AM",-4.2916
"2019-02-26:12 AM",-1.5659
"2019-02-27:12 AM",4.7791
"2019-02-28:12 AM",13.3126
"2019-03-01:12 AM",11.1751
"2019-03-02:12 AM",-5.7887
"2019-03-03:12 AM",-12.2939
"2019-03-04:12 AM",-4.0421
"2019-03-05:12 AM",5.2977
"2019-03-06:12 AM",10.1572
"2019-03-07:12 AM",17.1252
"2019-03-08:12 AM",20.2901
"2019-03-09:12 AM",17.4805
"2019-03-10:12 AM",13.7017
"2019-03-11:12 AM",19.4027
"2019-03-12:12 AM",27.1845
"2019-03-13:12 AM",26.3928
"2019-03-14:12 AM",23.4057
"2019-03-15:12 AM",23.2624