"DateTime","(deg F) Mean Temperature (CFSR) at New Mexico, 2010-01-01 to 2019-03-14"
"2010-01-01:12 AM",28.7496
"2010-01-02:12 AM",33.694
"2010-01-03:12 AM",32.8233
"2010-01-04:12 AM",30.2661
"2010-01-05:12 AM",31.914
"2010-01-06:12 AM",36.185
"2010-01-07:12 AM",28.9908
"2010-01-08:12 AM",24.816
"2010-01-09:12 AM",27.4719
"2010-01-10:12 AM",30.5152
"2010-01-11:12 AM",34.5112
"2010-01-12:12 AM",35.1567
"2010-01-13:12 AM",37.3174
"2010-01-14:12 AM",38.4755
"2010-01-15:12 AM",36.6589
"2010-01-16:12 AM",36.4573
"2010-01-17:12 AM",39.1042
"2010-01-18:12 AM",38.9298
"2010-01-19:12 AM",41.2149
"2010-01-20:12 AM",38.3832
"2010-01-21:12 AM",36.9568
"2010-01-22:12 AM",41.6143
"2010-01-23:12 AM",33.9102
"2010-01-24:12 AM",31.0395
"2010-01-25:12 AM",30.7677
"2010-01-26:12 AM",34.0948
"2010-01-27:12 AM",38.4161
"2010-01-28:12 AM",33.4864
"2010-01-29:12 AM",30.5667
"2010-01-30:12 AM",32.0342
"2010-01-31:12 AM",34.5562
"2010-02-01:12 AM",36.0851
"2010-02-02:12 AM",35.6556
"2010-02-03:12 AM",33.7262
"2010-02-04:12 AM",36.3913
"2010-02-05:12 AM",37.4247
"2010-02-06:12 AM",38.3448
"2010-02-07:12 AM",37.9837
"2010-02-08:12 AM",33.5964
"2010-02-09:12 AM",31.4784
"2010-02-10:12 AM",33.3136
"2010-02-11:12 AM",34.2919
"2010-02-12:12 AM",35.0875
"2010-02-13:12 AM",38.5263
"2010-02-14:12 AM",36.4527
"2010-02-15:12 AM",32.565
"2010-02-16:12 AM",34.3654
"2010-02-17:12 AM",37.238
"2010-02-18:12 AM",41.126
"2010-02-19:12 AM",42.031
"2010-02-20:12 AM",41.1507
"2010-02-21:12 AM",38.5036
"2010-02-22:12 AM",34.8548
"2010-02-23:12 AM",29.3704
"2010-02-24:12 AM",33.5917
"2010-02-25:12 AM",38.485
"2010-02-26:12 AM",37.2348
"2010-02-27:12 AM",39.2045
"2010-02-28:12 AM",40.0123
"2010-03-01:12 AM",38.2865
"2010-03-02:12 AM",38.9943
"2010-03-03:12 AM",43.0786
"2010-03-04:12 AM",45.9786
"2010-03-05:12 AM",45.0475
"2010-03-06:12 AM",44.9154
"2010-03-07:12 AM",46.6187
"2010-03-08:12 AM",42.6049
"2010-03-09:12 AM",41.4302
"2010-03-10:12 AM",37.4918
"2010-03-11:12 AM",36.4802
"2010-03-12:12 AM",40.1421
"2010-03-13:12 AM",45.4894
"2010-03-14:12 AM",43.8213
"2010-03-15:12 AM",38.7824
"2010-03-16:12 AM",42.6684
"2010-03-17:12 AM",48.2684
"2010-03-18:12 AM",50.3625
"2010-03-19:12 AM",46.9576
"2010-03-20:12 AM",35.1603
"2010-03-21:12 AM",40.5104
"2010-03-22:12 AM",48.7517
"2010-03-23:12 AM",48.79
"2010-03-24:12 AM",41.8003
"2010-03-25:12 AM",42.8396
"2010-03-26:12 AM",48.1075
"2010-03-27:12 AM",43.1616
"2010-03-28:12 AM",44.681
"2010-03-29:12 AM",51.251
"2010-03-30:12 AM",58.5423
"2010-03-31:12 AM",59.8953
"2010-04-01:12 AM",53.4522
"2010-04-02:12 AM",41.5783
"2010-04-03:12 AM",47.2665
"2010-04-04:12 AM",55.3701
"2010-04-05:12 AM",58.6009
"2010-04-06:12 AM",53.2774
"2010-04-07:12 AM",43.1161
"2010-04-08:12 AM",46.1244
"2010-04-09:12 AM",54.1688
"2010-04-10:12 AM",57.8332
"2010-04-11:12 AM",58.2157
"2010-04-12:12 AM",59.7553
"2010-04-13:12 AM",57.4916
"2010-04-14:12 AM",56.224
"2010-04-15:12 AM",59.0589
"2010-04-16:12 AM",56.5151
"2010-04-17:12 AM",53.8783
"2010-04-18:12 AM",55.8606
"2010-04-19:12 AM",56.2752
"2010-04-20:12 AM",57.3204
"2010-04-21:12 AM",59.5047
"2010-04-22:12 AM",51.8052
"2010-04-23:12 AM",43.8856
"2010-04-24:12 AM",50.1656
"2010-04-25:12 AM",54.7635
"2010-04-26:12 AM",56.1769
"2010-04-27:12 AM",55.8559
"2010-04-28:12 AM",61.9615
"2010-04-29:12 AM",60.3237
"2010-04-30:12 AM",45.7947
"2010-05-01:12 AM",44.6009
"2010-05-02:12 AM",46.5546
"2010-05-03:12 AM",50.6034
"2010-05-04:12 AM",60.0012
"2010-05-05:12 AM",63.9468
"2010-05-06:12 AM",66.4587
"2010-05-07:12 AM",62.1181
"2010-05-08:12 AM",57.2569
"2010-05-09:12 AM",62.0215
"2010-05-10:12 AM",62.8162
"2010-05-11:12 AM",61.1015
"2010-05-12:12 AM",56.0899
"2010-05-13:12 AM",54.5436
"2010-05-14:12 AM",56.4544
"2010-05-15:12 AM",58.0224
"2010-05-16:12 AM",61.3236
"2010-05-17:12 AM",64.7379
"2010-05-18:12 AM",65.6503
"2010-05-19:12 AM",62.5744
"2010-05-20:12 AM",64.5294
"2010-05-21:12 AM",68.5483
"2010-05-22:12 AM",70.264
"2010-05-23:12 AM",67.9743
"2010-05-24:12 AM",63.0612
"2010-05-25:12 AM",61.7911
"2010-05-26:12 AM",66.474
"2010-05-27:12 AM",71.2711
"2010-05-28:12 AM",72.9505
"2010-05-29:12 AM",71.695
"2010-05-30:12 AM",69.28
"2010-05-31:12 AM",69.8772
"2010-06-01:12 AM",70.6888
"2010-06-02:12 AM",70.4489
"2010-06-03:12 AM",72.1315
"2010-06-04:12 AM",76.5946
"2010-06-05:12 AM",81.1519
"2010-06-06:12 AM",81.2386
"2010-06-07:12 AM",80.2692
"2010-06-08:12 AM",78.8205
"2010-06-09:12 AM",78.7915
"2010-06-10:12 AM",78.2112
"2010-06-11:12 AM",75.2025
"2010-06-12:12 AM",71.2119
"2010-06-13:12 AM",67.0694
"2010-06-14:12 AM",67.3855
"2010-06-15:12 AM",69.8139
"2010-06-16:12 AM",74.4273
"2010-06-17:12 AM",75.2421
"2010-06-18:12 AM",75.6743
"2010-06-19:12 AM",77.2169
"2010-06-20:12 AM",77.3573
"2010-06-21:12 AM",76.8443
"2010-06-22:12 AM",78.9498
"2010-06-23:12 AM",78.1216
"2010-06-24:12 AM",75.7366
"2010-06-25:12 AM",76.4638
"2010-06-26:12 AM",76.4843
"2010-06-27:12 AM",75.3478
"2010-06-28:12 AM",72.7732
"2010-06-29:12 AM",70.5547
"2010-06-30:12 AM",69.7932
"2010-07-01:12 AM",70.3333
"2010-07-02:12 AM",71.1055
"2010-07-03:12 AM",73.3788
"2010-07-04:12 AM",75.1141
"2010-07-05:12 AM",74.0777
"2010-07-06:12 AM",73.5944
"2010-07-07:12 AM",73.6099
"2010-07-08:12 AM",70.7628
"2010-07-09:12 AM",70.758
"2010-07-10:12 AM",73.0776
"2010-07-11:12 AM",72.9936
"2010-07-12:12 AM",75.2628
"2010-07-13:12 AM",79.6588
"2010-07-14:12 AM",80.3829
"2010-07-15:12 AM",79.8449
"2010-07-16:12 AM",78.8403
"2010-07-17:12 AM",79.1958
"2010-07-18:12 AM",80.4456
"2010-07-19:12 AM",81.8958
"2010-07-20:12 AM",80.863
"2010-07-21:12 AM",78.1216
"2010-07-22:12 AM",75.5411
"2010-07-23:12 AM",73.5859
"2010-07-24:12 AM",69.9618
"2010-07-25:12 AM",67.2215
"2010-07-26:12 AM",68.4698
"2010-07-27:12 AM",71.9744
"2010-07-28:12 AM",72.8953
"2010-07-29:12 AM",72.6597
"2010-07-30:12 AM",73.58
"2010-07-31:12 AM",72.0286
"2010-08-01:12 AM",71.8734
"2010-08-02:12 AM",73.7672
"2010-08-03:12 AM",75.5974
"2010-08-04:12 AM",76.4337
"2010-08-05:12 AM",76.5982
"2010-08-06:12 AM",76.0226
"2010-08-07:12 AM",76.5784
"2010-08-08:12 AM",74.5966
"2010-08-09:12 AM",74.408
"2010-08-10:12 AM",76.6015
"2010-08-11:12 AM",78.291
"2010-08-12:12 AM",78.1036
"2010-08-13:12 AM",79.2433
"2010-08-14:12 AM",79.3072
"2010-08-15:12 AM",78.5376
"2010-08-16:12 AM",72.4523
"2010-08-17:12 AM",75.603
"2010-08-18:12 AM",76.0626
"2010-08-19:12 AM",76.5914
"2010-08-20:12 AM",77.349
"2010-08-21:12 AM",76.8173
"2010-08-22:12 AM",76.7428
"2010-08-23:12 AM",77.4536
"2010-08-24:12 AM",69.1569
"2010-08-25:12 AM",66.2491
"2010-08-26:12 AM",68.8865
"2010-08-27:12 AM",70.0909
"2010-08-28:12 AM",70.2478
"2010-08-29:12 AM",70.939
"2010-08-30:12 AM",70.8031
"2010-08-31:12 AM",71.436
"2010-09-01:12 AM",73.776
"2010-09-02:12 AM",74.3481
"2010-09-03:12 AM",68.8449
"2010-09-04:12 AM",70.4442
"2010-09-05:12 AM",74.1997
"2010-09-06:12 AM",74.7408
"2010-09-07:12 AM",71.1504
"2010-09-08:12 AM",69.1752
"2010-09-09:12 AM",70.2588
"2010-09-10:12 AM",68.5483
"2010-09-11:12 AM",66.9873
"2010-09-12:12 AM",69.2605
"2010-09-13:12 AM",70.302
"2010-09-14:12 AM",71.5017
"2010-09-15:12 AM",73.5305
"2010-09-16:12 AM",72.5554
"2010-09-17:12 AM",70.6806
"2010-09-18:12 AM",72.3693
"2010-09-19:12 AM",71.6592
"2010-09-20:12 AM",69.7217
"2010-09-21:12 AM",71.5266
"2010-09-22:12 AM",66.0031
"2010-09-23:12 AM",65.9574
"2010-09-24:12 AM",65.6884
"2010-09-25:12 AM",67.8146
"2010-09-26:12 AM",66.2963
"2010-09-27:12 AM",67.2712
"2010-09-28:12 AM",69.6783
"2010-09-29:12 AM",71.3376
"2010-09-30:12 AM",69.7969
"2010-10-01:12 AM",69.6078
"2010-10-02:12 AM",67.3453
"2010-10-03:12 AM",63.8294
"2010-10-04:12 AM",62.29
"2010-10-05:12 AM",62.3651
"2010-10-06:12 AM",63.0279
"2010-10-07:12 AM",64.0686
"2010-10-08:12 AM",62.4537
"2010-10-09:12 AM",59.7033
"2010-10-10:12 AM",58.5581
"2010-10-11:12 AM",57.0342
"2010-10-12:12 AM",58.1385
"2010-10-13:12 AM",57.9412
"2010-10-14:12 AM",58.8726
"2010-10-15:12 AM",60.46
"2010-10-16:12 AM",60.4967
"2010-10-17:12 AM",60.3451
"2010-10-18:12 AM",59.7965
"2010-10-19:12 AM",56.9151
"2010-10-20:12 AM",57.6124
"2010-10-21:12 AM",54.6624
"2010-10-22:12 AM",49.7367
"2010-10-23:12 AM",50.3641
"2010-10-24:12 AM",51.9384
"2010-10-25:12 AM",54.7032
"2010-10-26:12 AM",47.8171
"2010-10-27:12 AM",46.2684
"2010-10-28:12 AM",45.8895
"2010-10-29:12 AM",51.6562
"2010-10-30:12 AM",57.9281
"2010-10-31:12 AM",55.1097
"2010-11-01:12 AM",50.0241
"2010-11-02:12 AM",48.6487
"2010-11-03:12 AM",52.0669
"2010-11-04:12 AM",48.7798
"2010-11-05:12 AM",48.8268
"2010-11-06:12 AM",51.9307
"2010-11-07:12 AM",52.9718
"2010-11-08:12 AM",52.3515
"2010-11-09:12 AM",47.896
"2010-11-10:12 AM",39.8023
"2010-11-11:12 AM",41.324
"2010-11-12:12 AM",38.4292
"2010-11-13:12 AM",35.5622
"2010-11-14:12 AM",37.494
"2010-11-15:12 AM",39.6959
"2010-11-16:12 AM",40.874
"2010-11-17:12 AM",41.9931
"2010-11-18:12 AM",39.8903
"2010-11-19:12 AM",44.0771
"2010-11-20:12 AM",48.8343
"2010-11-21:12 AM",47.0098
"2010-11-22:12 AM",42.7883
"2010-11-23:12 AM",37.9612
"2010-11-24:12 AM",42.6943
"2010-11-25:12 AM",32.3364
"2010-11-26:12 AM",27.2313
"2010-11-27:12 AM",34.3751
"2010-11-28:12 AM",37.3564
"2010-11-29:12 AM",30.7477
"2010-11-30:12 AM",25.8865
"2010-12-01:12 AM",34.3944
"2010-12-02:12 AM",41.3335
"2010-12-03:12 AM",45.9797
"2010-12-04:12 AM",44.238
"2010-12-05:12 AM",39.8455
"2010-12-06:12 AM",41.1388
"2010-12-07:12 AM",42.5496
"2010-12-08:12 AM",37.9486
"2010-12-09:12 AM",42.634
"2010-12-10:12 AM",45.0959
"2010-12-11:12 AM",44.0899
"2010-12-12:12 AM",37.783
"2010-12-13:12 AM",41.7556
"2010-12-14:12 AM",45.7902
"2010-12-15:12 AM",47.9543
"2010-12-16:12 AM",40.127
"2010-12-17:12 AM",36.0109
"2010-12-18:12 AM",36.273
"2010-12-19:12 AM",43.7592
"2010-12-20:12 AM",46.4911
"2010-12-21:12 AM",46.1313
"2010-12-22:12 AM",44.7561
"2010-12-23:12 AM",40.696
"2010-12-24:12 AM",37.8799
"2010-12-25:12 AM",35.1234
"2010-12-26:12 AM",35.3327
"2010-12-27:12 AM",36.8634
"2010-12-28:12 AM",37.3183
"2010-12-29:12 AM",36.4307
"2010-12-30:12 AM",36.387
"2010-12-31:12 AM",22.2408
"2011-01-01:12 AM",13.9289
"2011-01-02:12 AM",17.3554
"2011-01-03:12 AM",25.8703
"2011-01-04:12 AM",28.402
"2011-01-05:12 AM",28.7789
"2011-01-06:12 AM",30.756
"2011-01-07:12 AM",35.3156
"2011-01-08:12 AM",34.1609
"2011-01-09:12 AM",34.5157
"2011-01-10:12 AM",30.331
"2011-01-11:12 AM",21.8419
"2011-01-12:12 AM",26.5023
"2011-01-13:12 AM",28.9918
"2011-01-14:12 AM",35.0931
"2011-01-15:12 AM",36.6157
"2011-01-16:12 AM",37.5381
"2011-01-17:12 AM",43.4718
"2011-01-18:12 AM",43.2361
"2011-01-19:12 AM",43.2748
"2011-01-20:12 AM",34.5103
"2011-01-21:12 AM",34.914
"2011-01-22:12 AM",37.8428
"2011-01-23:12 AM",35.2317
"2011-01-24:12 AM",32.9009
"2011-01-25:12 AM",30.6082
"2011-01-26:12 AM",32.4649
"2011-01-27:12 AM",34.3803
"2011-01-28:12 AM",38.0851
"2011-01-29:12 AM",40.9019
"2011-01-30:12 AM",40.7628
"2011-01-31:12 AM",37.722
"2011-02-01:12 AM",21.1125
"2011-02-02:12 AM",5.2282
"2011-02-03:12 AM",1.1955
"2011-02-04:12 AM",15.8016
"2011-02-05:12 AM",28.4965
"2011-02-06:12 AM",29.0322
"2011-02-07:12 AM",27.129
"2011-02-08:12 AM",31.2789
"2011-02-09:12 AM",19.3411
"2011-02-10:12 AM",20.5203
"2011-02-11:12 AM",26.965
"2011-02-12:12 AM",32.8404
"2011-02-13:12 AM",39.7726
"2011-02-14:12 AM",44.0001
"2011-02-15:12 AM",45.9498
"2011-02-16:12 AM",49.0147
"2011-02-17:12 AM",49.2102
"2011-02-18:12 AM",47.3958
"2011-02-19:12 AM",50.2889
"2011-02-20:12 AM",46.1478
"2011-02-21:12 AM",39.5091
"2011-02-22:12 AM",40.1419
"2011-02-23:12 AM",43.3609
"2011-02-24:12 AM",40.9541
"2011-02-25:12 AM",41.1582
"2011-02-26:12 AM",45.3994
"2011-02-27:12 AM",40.8222
"2011-02-28:12 AM",38.1924
"2011-03-01:12 AM",43.8769
"2011-03-02:12 AM",50.5337
"2011-03-03:12 AM",53.5669
"2011-03-04:12 AM",47.8936
"2011-03-05:12 AM",41.2731
"2011-03-06:12 AM",44.4574
"2011-03-07:12 AM",48.1654
"2011-03-08:12 AM",42.9708
"2011-03-09:12 AM",42.9309
"2011-03-10:12 AM",47.2116
"2011-03-11:12 AM",53.1725
"2011-03-12:12 AM",54.3623
"2011-03-13:12 AM",52.7328
"2011-03-14:12 AM",50.4423
"2011-03-15:12 AM",53.6778
"2011-03-16:12 AM",56.4111
"2011-03-17:12 AM",59.5452
"2011-03-18:12 AM",57.0013
"2011-03-19:12 AM",56.3193
"2011-03-20:12 AM",55.3633
"2011-03-21:12 AM",57.0681
"2011-03-22:12 AM",50.2675
"2011-03-23:12 AM",46.5706
"2011-03-24:12 AM",50.5585
"2011-03-25:12 AM",50.2426
"2011-03-26:12 AM",50.659
"2011-03-27:12 AM",51.1677
"2011-03-28:12 AM",53.3554
"2011-03-29:12 AM",51.9604
"2011-03-30:12 AM",50.6475
"2011-03-31:12 AM",57.0162
"2011-04-01:12 AM",61.8935
"2011-04-02:12 AM",62.8509
"2011-04-03:12 AM",63.7383
"2011-04-04:12 AM",48.6585
"2011-04-05:12 AM",55.4443
"2011-04-06:12 AM",61.0565
"2011-04-07:12 AM",56.6064
"2011-04-08:12 AM",55.6851
"2011-04-09:12 AM",54.3371
"2011-04-10:12 AM",44.857
"2011-04-11:12 AM",47.1322
"2011-04-12:12 AM",54.3029
"2011-04-13:12 AM",56.8454
"2011-04-14:12 AM",53.0827
"2011-04-15:12 AM",51.0222
"2011-04-16:12 AM",55.143
"2011-04-17:12 AM",61.3683
"2011-04-18:12 AM",64.3991
"2011-04-19:12 AM",63.099
"2011-04-20:12 AM",61.4838
"2011-04-21:12 AM",62.3574
"2011-04-22:12 AM",61.7295
"2011-04-23:12 AM",59.1037
"2011-04-24:12 AM",56.7844
"2011-04-25:12 AM",56.1504
"2011-04-26:12 AM",53.9742
"2011-04-27:12 AM",49.8936
"2011-04-28:12 AM",53.6898
"2011-04-29:12 AM",62.5226
"2011-04-30:12 AM",56.4134
"2011-05-01:12 AM",44.9989
"2011-05-02:12 AM",42.4177
"2011-05-03:12 AM",48.0133
"2011-05-04:12 AM",57.2644
"2011-05-05:12 AM",60.2127
"2011-05-06:12 AM",63.6447
"2011-05-07:12 AM",66.8637
"2011-05-08:12 AM",66.1089
"2011-05-09:12 AM",63.6813
"2011-05-10:12 AM",60.1761
"2011-05-11:12 AM",54.0399
"2011-05-12:12 AM",56.5428
"2011-05-13:12 AM",60.1576
"2011-05-14:12 AM",61.0655
"2011-05-15:12 AM",60.2443
"2011-05-16:12 AM",61.2804
"2011-05-17:12 AM",61.281
"2011-05-18:12 AM",57.8601
"2011-05-19:12 AM",54.9691
"2011-05-20:12 AM",53.0429
"2011-05-21:12 AM",58.4515
"2011-05-22:12 AM",63.6224
"2011-05-23:12 AM",65.1009
"2011-05-24:12 AM",61.2923
"2011-05-25:12 AM",61.9995
"2011-05-26:12 AM",65.3461
"2011-05-27:12 AM",71.776
"2011-05-28:12 AM",72.9901
"2011-05-29:12 AM",71.9679
"2011-05-30:12 AM",67.3327
"2011-05-31:12 AM",64.8523
"2011-06-01:12 AM",73.6583
"2011-06-02:12 AM",74.79
"2011-06-03:12 AM",72.1366
"2011-06-04:12 AM",73.1035
"2011-06-05:12 AM",72.8064
"2011-06-06:12 AM",74.7709
"2011-06-07:12 AM",72.9388
"2011-06-08:12 AM",72.883
"2011-06-09:12 AM",71.8641
"2011-06-10:12 AM",70.6552
"2011-06-11:12 AM",71.0361
"2011-06-12:12 AM",72.7597
"2011-06-13:12 AM",74.1934
"2011-06-14:12 AM",74.0491
"2011-06-15:12 AM",74.8188
"2011-06-16:12 AM",76.2426
"2011-06-17:12 AM",75.3778
"2011-06-18:12 AM",74.7352
"2011-06-19:12 AM",74.9446
"2011-06-20:12 AM",69.9737
"2011-06-21:12 AM",69.0751
"2011-06-22:12 AM",74.1616
"2011-06-23:12 AM",77.868
"2011-06-24:12 AM",79.965
"2011-06-25:12 AM",80.1493
"2011-06-26:12 AM",80.6718
"2011-06-27:12 AM",80.175
"2011-06-28:12 AM",79.9761
"2011-06-29:12 AM",79.7776
"2011-06-30:12 AM",78.4315
"2011-07-01:12 AM",77.7744
"2011-07-02:12 AM",76.7368
"2011-07-03:12 AM",77.6338
"2011-07-04:12 AM",77.3452
"2011-07-05:12 AM",77.6406
"2011-07-06:12 AM",77.7531
"2011-07-07:12 AM",78.678
"2011-07-08:12 AM",78.4576
"2011-07-09:12 AM",78.4263
"2011-07-10:12 AM",77.0801
"2011-07-11:12 AM",76.0023
"2011-07-12:12 AM",73.6194
"2011-07-13:12 AM",73.9953
"2011-07-14:12 AM",74.3212
"2011-07-15:12 AM",77.2995
"2011-07-16:12 AM",78.3725
"2011-07-17:12 AM",77.5339
"2011-07-18:12 AM",77.1737
"2011-07-19:12 AM",78.0033
"2011-07-20:12 AM",78.2314
"2011-07-21:12 AM",76.9235
"2011-07-22:12 AM",77.304
"2011-07-23:12 AM",77.6935
"2011-07-24:12 AM",76.3547
"2011-07-25:12 AM",76.1833
"2011-07-26:12 AM",76.1646
"2011-07-27:12 AM",76.6864
"2011-07-28:12 AM",77.2909
"2011-07-29:12 AM",75.1492
"2011-07-30:12 AM",74.2813
"2011-07-31:12 AM",73.4268
"2011-08-01:12 AM",74.8452
"2011-08-02:12 AM",76.8641
"2011-08-03:12 AM",77.866
"2011-08-04:12 AM",76.1767
"2011-08-05:12 AM",77.4972
"2011-08-06:12 AM",77.1775
"2011-08-07:12 AM",79.1046
"2011-08-08:12 AM",79.4975
"2011-08-09:12 AM",78.463
"2011-08-10:12 AM",78.0566
"2011-08-11:12 AM",75.3454
"2011-08-12:12 AM",75.988
"2011-08-13:12 AM",76.1477
"2011-08-14:12 AM",72.5414
"2011-08-15:12 AM",72.9786
"2011-08-16:12 AM",74.3205
"2011-08-17:12 AM",73.265
"2011-08-18:12 AM",72.6771
"2011-08-19:12 AM",73.1997
"2011-08-20:12 AM",73.6844
"2011-08-21:12 AM",73.036
"2011-08-22:12 AM",75.1235
"2011-08-23:12 AM",77.7834
"2011-08-24:12 AM",77.8667
"2011-08-25:12 AM",76.401
"2011-08-26:12 AM",76.8477
"2011-08-27:12 AM",77.3703
"2011-08-28:12 AM",77.108
"2011-08-29:12 AM",76.2933
"2011-08-30:12 AM",78.1698
"2011-08-31:12 AM",78.3745
"2011-09-01:12 AM",75.909
"2011-09-02:12 AM",75.2821
"2011-09-03:12 AM",74.1783
"2011-09-04:12 AM",66.9819
"2011-09-05:12 AM",65.8596
"2011-09-06:12 AM",68.9301
"2011-09-07:12 AM",67.3344
"2011-09-08:12 AM",64.0625
"2011-09-09:12 AM",62.1732
"2011-09-10:12 AM",61.6766
"2011-09-11:12 AM",64.2407
"2011-09-12:12 AM",65.0511
"2011-09-13:12 AM",66.9456
"2011-09-14:12 AM",63.57
"2011-09-15:12 AM",59.6219
"2011-09-16:12 AM",61.1526
"2011-09-17:12 AM",63.3765
"2011-09-18:12 AM",63.9405
"2011-09-19:12 AM",64.9861
"2011-09-20:12 AM",67.3425
"2011-09-21:12 AM",65.2813
"2011-09-22:12 AM",63.2912
"2011-09-23:12 AM",64.6412
"2011-09-24:12 AM",67.5232
"2011-09-25:12 AM",68.2617
"2011-09-26:12 AM",68.1354
"2011-09-27:12 AM",68.0639
"2011-09-28:12 AM",68.245
"2011-09-29:12 AM",68.488
"2011-09-30:12 AM",64.144
"2011-10-01:12 AM",64.1503
"2011-10-02:12 AM",63.4784
"2011-10-03:12 AM",63.3283
"2011-10-04:12 AM",59.2331
"2011-10-05:12 AM",57.3372
"2011-10-06:12 AM",57.2027
"2011-10-07:12 AM",53.2611
"2011-10-08:12 AM",48.5681
"2011-10-09:12 AM",48.5465
"2011-10-10:12 AM",50.8267
"2011-10-11:12 AM",55.7575
"2011-10-12:12 AM",57.4743
"2011-10-13:12 AM",57.9308
"2011-10-14:12 AM",60.4951
"2011-10-15:12 AM",61.2714
"2011-10-16:12 AM",62.5431
"2011-10-17:12 AM",60.7458
"2011-10-18:12 AM",51.2661
"2011-10-19:12 AM",49.5295
"2011-10-20:12 AM",55.528
"2011-10-21:12 AM",56.5599
"2011-10-22:12 AM",57.0061
"2011-10-23:12 AM",56.1416
"2011-10-24:12 AM",57.8898
"2011-10-25:12 AM",59.7268
"2011-10-26:12 AM",54.1198
"2011-10-27:12 AM",42.3527
"2011-10-28:12 AM",41.0832
"2011-10-29:12 AM",45.756
"2011-10-30:12 AM",49.1002
"2011-10-31:12 AM",50.3047
"2011-11-01:12 AM",53.4261
"2011-11-02:12 AM",45.4332
"2011-11-03:12 AM",37.9823
"2011-11-04:12 AM",45.6573
"2011-11-05:12 AM",45.2759
"2011-11-06:12 AM",38.356
"2011-11-07:12 AM",41.0783
"2011-11-08:12 AM",36.4948
"2011-11-09:12 AM",34.5922
"2011-11-10:12 AM",35.4391
"2011-11-11:12 AM",40.7707
"2011-11-12:12 AM",46.9794
"2011-11-13:12 AM",48.472
"2011-11-14:12 AM",46.5134
"2011-11-15:12 AM",43.6568
"2011-11-16:12 AM",41.7306
"2011-11-17:12 AM",38.8674
"2011-11-18:12 AM",43.4793
"2011-11-19:12 AM",46.8869
"2011-11-20:12 AM",46.7739
"2011-11-21:12 AM",45.3166
"2011-11-22:12 AM",42.283
"2011-11-23:12 AM",43.1359
"2011-11-24:12 AM",45.7117
"2011-11-25:12 AM",46.501
"2011-11-26:12 AM",37.2668
"2011-11-27:12 AM",34.1143
"2011-11-28:12 AM",41.049
"2011-11-29:12 AM",41.5593
"2011-11-30:12 AM",40.6326
"2011-12-01:12 AM",39.7409
"2011-12-02:12 AM",31.2319
"2011-12-03:12 AM",30.8878
"2011-12-04:12 AM",26.3356
"2011-12-05:12 AM",20.8166
"2011-12-06:12 AM",12.5312
"2011-12-07:12 AM",20.8879
"2011-12-08:12 AM",24.901
"2011-12-09:12 AM",25.7779
"2011-12-10:12 AM",27.7171
"2011-12-11:12 AM",28.9026
"2011-12-12:12 AM",34.6181
"2011-12-13:12 AM",38.1479
"2011-12-14:12 AM",36.4845
"2011-12-15:12 AM",31.0604
"2011-12-16:12 AM",28.3975
"2011-12-17:12 AM",32.1028
"2011-12-18:12 AM",36.0252
"2011-12-19:12 AM",34.7763
"2011-12-20:12 AM",30.1559
"2011-12-21:12 AM",31.5565
"2011-12-22:12 AM",30.0229
"2011-12-23:12 AM",22.8502
"2011-12-24:12 AM",23.4451
"2011-12-25:12 AM",23.3481
"2011-12-26:12 AM",26.1864
"2011-12-27:12 AM",29.3097
"2011-12-28:12 AM",32.1125
"2011-12-29:12 AM",37.0474
"2011-12-30:12 AM",39.7202
"2011-12-31:12 AM",41.1201
"2012-01-01:12 AM",35.2087
"2012-01-02:12 AM",33.7039
"2012-01-03:12 AM",37.4452
"2012-01-04:12 AM",38.3646
"2012-01-05:12 AM",38.0242
"2012-01-06:12 AM",39.7765
"2012-01-07:12 AM",37.4565
"2012-01-08:12 AM",34.6408
"2012-01-09:12 AM",31.3266
"2012-01-10:12 AM",33.892
"2012-01-11:12 AM",36.4379
"2012-01-12:12 AM",28.9881
"2012-01-13:12 AM",30.3199
"2012-01-14:12 AM",33.647
"2012-01-15:12 AM",38.3743
"2012-01-16:12 AM",41.7508
"2012-01-17:12 AM",36.6472
"2012-01-18:12 AM",37.5327
"2012-01-19:12 AM",43.6482
"2012-01-20:12 AM",44.2503
"2012-01-21:12 AM",42.8628
"2012-01-22:12 AM",40.4328
"2012-01-23:12 AM",37.0135
"2012-01-24:12 AM",39.331
"2012-01-25:12 AM",36.7912
"2012-01-26:12 AM",39.6563
"2012-01-27:12 AM",41.787
"2012-01-28:12 AM",36.201
"2012-01-29:12 AM",36.3868
"2012-01-30:12 AM",40.1641
"2012-01-31:12 AM",41.6973
"2012-02-01:12 AM",41.4896
"2012-02-02:12 AM",40.6276
"2012-02-03:12 AM",36.4098
"2012-02-04:12 AM",33.708
"2012-02-05:12 AM",32.0392
"2012-02-06:12 AM",33.9822
"2012-02-07:12 AM",34.3654
"2012-02-08:12 AM",34.4482
"2012-02-09:12 AM",40.015
"2012-02-10:12 AM",39.1028
"2012-02-11:12 AM",36.9705
"2012-02-12:12 AM",31.3459
"2012-02-13:12 AM",36.7315
"2012-02-14:12 AM",39.2238
"2012-02-15:12 AM",36.6521
"2012-02-16:12 AM",36.0196
"2012-02-17:12 AM",37.1169
"2012-02-18:12 AM",36.4123
"2012-02-19:12 AM",37.1174
"2012-02-20:12 AM",36.4845
"2012-02-21:12 AM",38.1457
"2012-02-22:12 AM",44.5095
"2012-02-23:12 AM",47.2523
"2012-02-24:12 AM",38.4904
"2012-02-25:12 AM",41.4478
"2012-02-26:12 AM",45.8055
"2012-02-27:12 AM",43.4838
"2012-02-28:12 AM",43.5522
"2012-02-29:12 AM",40.717
"2012-03-01:12 AM",43.8996
"2012-03-02:12 AM",37.5892
"2012-03-03:12 AM",33.3138
"2012-03-04:12 AM",42.0323
"2012-03-05:12 AM",47.692
"2012-03-06:12 AM",52.3717
"2012-03-07:12 AM",50.2347
"2012-03-08:12 AM",37.3849
"2012-03-09:12 AM",33.804
"2012-03-10:12 AM",34.3787
"2012-03-11:12 AM",40.9863
"2012-03-12:12 AM",48.5614
"2012-03-13:12 AM",52.552
"2012-03-14:12 AM",54.3672
"2012-03-15:12 AM",54.858
"2012-03-16:12 AM",56.3562
"2012-03-17:12 AM",55.4727
"2012-03-18:12 AM",51.3725
"2012-03-19:12 AM",37.6711
"2012-03-20:12 AM",34.1244
"2012-03-21:12 AM",40.8909
"2012-03-22:12 AM",49.9172
"2012-03-23:12 AM",54.9298
"2012-03-24:12 AM",58.978
"2012-03-25:12 AM",61.4134
"2012-03-26:12 AM",62.0368
"2012-03-27:12 AM",58.1855
"2012-03-28:12 AM",58.6369
"2012-03-29:12 AM",58.9557
"2012-03-30:12 AM",59.6557
"2012-03-31:12 AM",62.7679
"2012-04-01:12 AM",61.6359
"2012-04-02:12 AM",48.7935
"2012-04-03:12 AM",42.7127
"2012-04-04:12 AM",48.4246
"2012-04-05:12 AM",57.1577
"2012-04-06:12 AM",58.5226
"2012-04-07:12 AM",56.4026
"2012-04-08:12 AM",56.7201
"2012-04-09:12 AM",62.3635
"2012-04-10:12 AM",62.8484
"2012-04-11:12 AM",63.2925
"2012-04-12:12 AM",56.4645
"2012-04-13:12 AM",53.6155
"2012-04-14:12 AM",51.1813
"2012-04-15:12 AM",43.4025
"2012-04-16:12 AM",48.6883
"2012-04-17:12 AM",53.8273
"2012-04-18:12 AM",60.5714
"2012-04-19:12 AM",61.5009
"2012-04-20:12 AM",58.8682
"2012-04-21:12 AM",62.7514
"2012-04-22:12 AM",65.7543
"2012-04-23:12 AM",67.0766
"2012-04-24:12 AM",69.3439
"2012-04-25:12 AM",69.8126
"2012-04-26:12 AM",68.8001
"2012-04-27:12 AM",60.8427
"2012-04-28:12 AM",60.0046
"2012-04-29:12 AM",61.0828
"2012-04-30:12 AM",63.4784
"2012-05-01:12 AM",65.1069
"2012-05-02:12 AM",65.5075
"2012-05-03:12 AM",65.9361
"2012-05-04:12 AM",67.1263
"2012-05-05:12 AM",67.1709
"2012-05-06:12 AM",64.8293
"2012-05-07:12 AM",58.1527
"2012-05-08:12 AM",55.0128
"2012-05-09:12 AM",56.0705
"2012-05-10:12 AM",58.3264
"2012-05-11:12 AM",59.9396
"2012-05-12:12 AM",60.0451
"2012-05-13:12 AM",59.7238
"2012-05-14:12 AM",58.1412
"2012-05-15:12 AM",60.4049
"2012-05-16:12 AM",63.3015
"2012-05-17:12 AM",67.2075
"2012-05-18:12 AM",69.4117
"2012-05-19:12 AM",66.7944
"2012-05-20:12 AM",65.6276
"2012-05-21:12 AM",69.3374
"2012-05-22:12 AM",73.184
"2012-05-23:12 AM",73.7366
"2012-05-24:12 AM",71.7501
"2012-05-25:12 AM",71.0613
"2012-05-26:12 AM",70.551
"2012-05-27:12 AM",64.4043
"2012-05-28:12 AM",63.491
"2012-05-29:12 AM",68.0074
"2012-05-30:12 AM",70.1933
"2012-05-31:12 AM",69.5833
"2012-06-01:12 AM",72.3376
"2012-06-02:12 AM",75.3449
"2012-06-03:12 AM",75.2333
"2012-06-04:12 AM",73.9128
"2012-06-05:12 AM",71.4938
"2012-06-06:12 AM",72.7345
"2012-06-07:12 AM",72.1821
"2012-06-08:12 AM",72.6867
"2012-06-09:12 AM",74.2102
"2012-06-10:12 AM",73.6167
"2012-06-11:12 AM",72.5083
"2012-06-12:12 AM",73.8316
"2012-06-13:12 AM",74.9982
"2012-06-14:12 AM",76.1229
"2012-06-15:12 AM",74.2741
"2012-06-16:12 AM",72.9633
"2012-06-17:12 AM",74.2345
"2012-06-18:12 AM",79.5313
"2012-06-19:12 AM",78.669
"2012-06-20:12 AM",78.791
"2012-06-21:12 AM",75.2545
"2012-06-22:12 AM",77.4162
"2012-06-23:12 AM",79.0754
"2012-06-24:12 AM",78.6763
"2012-06-25:12 AM",78.5925
"2012-06-26:12 AM",79.0174
"2012-06-27:12 AM",80.3417
"2012-06-28:12 AM",80.6409
"2012-06-29:12 AM",81.5769
"2012-06-30:12 AM",81.9176
"2012-07-01:12 AM",80.1966
"2012-07-02:12 AM",77.6961
"2012-07-03:12 AM",77.0446
"2012-07-04:12 AM",74.0853
"2012-07-05:12 AM",71.4972
"2012-07-06:12 AM",70.4525
"2012-07-07:12 AM",70.3033
"2012-07-08:12 AM",72.7257
"2012-07-09:12 AM",72.3693
"2012-07-10:12 AM",69.6682
"2012-07-11:12 AM",70.9068
"2012-07-12:12 AM",73.1431
"2012-07-13:12 AM",74.7984
"2012-07-14:12 AM",74.8101
"2012-07-15:12 AM",74.7585
"2012-07-16:12 AM",74.1866
"2012-07-17:12 AM",74.3747
"2012-07-18:12 AM",75.443
"2012-07-19:12 AM",75.1717
"2012-07-20:12 AM",74.784
"2012-07-21:12 AM",76.0896
"2012-07-22:12 AM",76.1007
"2012-07-23:12 AM",75.2209
"2012-07-24:12 AM",73.2645
"2012-07-25:12 AM",73.5397
"2012-07-26:12 AM",75.4624
"2012-07-27:12 AM",74.165
"2012-07-28:12 AM",72.8388
"2012-07-29:12 AM",74.2516
"2012-07-30:12 AM",76.2318
"2012-07-31:12 AM",77.9185
"2012-08-01:12 AM",78.2971
"2012-08-02:12 AM",79.0986
"2012-08-03:12 AM",76.1565
"2012-08-04:12 AM",76.1328
"2012-08-05:12 AM",74.5099
"2012-08-06:12 AM",76.5156
"2012-08-07:12 AM",79.0369
"2012-08-08:12 AM",77.9641
"2012-08-09:12 AM",77.6323
"2012-08-10:12 AM",77.4313
"2012-08-11:12 AM",79.018
"2012-08-12:12 AM",77.6133
"2012-08-13:12 AM",73.2787
"2012-08-14:12 AM",74.8456
"2012-08-15:12 AM",76.9253
"2012-08-16:12 AM",75.3337
"2012-08-17:12 AM",71.5548
"2012-08-18:12 AM",72.3495
"2012-08-19:12 AM",72.0437
"2012-08-20:12 AM",72.2178
"2012-08-21:12 AM",72.6381
"2012-08-22:12 AM",71.2837
"2012-08-23:12 AM",69.1799
"2012-08-24:12 AM",68.6428
"2012-08-25:12 AM",71.8079
"2012-08-26:12 AM",73.6792
"2012-08-27:12 AM",73.2261
"2012-08-28:12 AM",72.675
"2012-08-29:12 AM",72.6444
"2012-08-30:12 AM",72.1159
"2012-08-31:12 AM",72.2813
"2012-09-01:12 AM",73.9483
"2012-09-02:12 AM",75.1584
"2012-09-03:12 AM",75.8822
"2012-09-04:12 AM",76.2921
"2012-09-05:12 AM",75.9945
"2012-09-06:12 AM",75.2841
"2012-09-07:12 AM",73.6453
"2012-09-08:12 AM",61.3038
"2012-09-09:12 AM",60.9933
"2012-09-10:12 AM",66.5047
"2012-09-11:12 AM",69.296
"2012-09-12:12 AM",65.4798
"2012-09-13:12 AM",57.2749
"2012-09-14:12 AM",55.8664
"2012-09-15:12 AM",58.462
"2012-09-16:12 AM",63.7498
"2012-09-17:12 AM",65.6998
"2012-09-18:12 AM",63.6323
"2012-09-19:12 AM",66.6914
"2012-09-20:12 AM",68.6372
"2012-09-21:12 AM",69.1457
"2012-09-22:12 AM",68.995
"2012-09-23:12 AM",69.1367
"2012-09-24:12 AM",67.8637
"2012-09-25:12 AM",66.1208
"2012-09-26:12 AM",64.9521
"2012-09-27:12 AM",63.3508
"2012-09-28:12 AM",60.9075
"2012-09-29:12 AM",60.852
"2012-09-30:12 AM",61.7814
"2012-10-01:12 AM",62.0753
"2012-10-02:12 AM",61.4361
"2012-10-03:12 AM",65.6218
"2012-10-04:12 AM",64.2254
"2012-10-05:12 AM",61.785
"2012-10-06:12 AM",57.3406
"2012-10-07:12 AM",51.5041
"2012-10-08:12 AM",54.0142
"2012-10-09:12 AM",60.8049
"2012-10-10:12 AM",58.5433
"2012-10-11:12 AM",61.0192
"2012-10-12:12 AM",60.0123
"2012-10-13:12 AM",53.4992
"2012-10-14:12 AM",54.3425
"2012-10-15:12 AM",56.6537
"2012-10-16:12 AM",60.4438
"2012-10-17:12 AM",61.7673
"2012-10-18:12 AM",56.0748
"2012-10-19:12 AM",56.2642
"2012-10-20:12 AM",60.3622
"2012-10-21:12 AM",60.5503
"2012-10-22:12 AM",58.7134
"2012-10-23:12 AM",59.0484
"2012-10-24:12 AM",60.5655
"2012-10-25:12 AM",51.9357
"2012-10-26:12 AM",42.0161
"2012-10-27:12 AM",41.1409
"2012-10-28:12 AM",46.3761
"2012-10-29:12 AM",51.1876
"2012-10-30:12 AM",53.6625
"2012-10-31:12 AM",53.258
"2012-11-01:12 AM",53.2832
"2012-11-02:12 AM",53.9224
"2012-11-03:12 AM",51.1704
"2012-11-04:12 AM",49.9845
"2012-11-05:12 AM",50.7974
"2012-11-06:12 AM",52.1247
"2012-11-07:12 AM",53.0951
"2012-11-08:12 AM",55.0587
"2012-11-09:12 AM",53.22
"2012-11-10:12 AM",48.4288
"2012-11-11:12 AM",33.4166
"2012-11-12:12 AM",30.5938
"2012-11-13:12 AM",35.1185
"2012-11-14:12 AM",38.9332
"2012-11-15:12 AM",42.5133
"2012-11-16:12 AM",45.027
"2012-11-17:12 AM",45.7252
"2012-11-18:12 AM",47.7667
"2012-11-19:12 AM",45.2228
"2012-11-20:12 AM",44.686
"2012-11-21:12 AM",47.5777
"2012-11-22:12 AM",49.3641
"2012-11-23:12 AM",42.544
"2012-11-24:12 AM",42.177
"2012-11-25:12 AM",45.7533
"2012-11-26:12 AM",45.0556
"2012-11-27:12 AM",39.794
"2012-11-28:12 AM",43.3346
"2012-11-29:12 AM",46.2594
"2012-11-30:12 AM",46.8223
"2012-12-01:12 AM",47.6083
"2012-12-02:12 AM",46.9722
"2012-12-03:12 AM",48.2972
"2012-12-04:12 AM",43.5643
"2012-12-05:12 AM",44.8423
"2012-12-06:12 AM",47.736
"2012-12-07:12 AM",45.0136
"2012-12-08:12 AM",42.3457
"2012-12-09:12 AM",37.645
"2012-12-10:12 AM",25.3242
"2012-12-11:12 AM",26.7575
"2012-12-12:12 AM",32.0198
"2012-12-13:12 AM",37.1863
"2012-12-14:12 AM",39.2598
"2012-12-15:12 AM",34.6878
"2012-12-16:12 AM",33.8191
"2012-12-17:12 AM",32.4068
"2012-12-18:12 AM",37.4133
"2012-12-19:12 AM",36.349
"2012-12-20:12 AM",24.3613
"2012-12-21:12 AM",29.802
"2012-12-22:12 AM",34.3701
"2012-12-23:12 AM",37.2189
"2012-12-24:12 AM",37.1048
"2012-12-25:12 AM",30.6968
"2012-12-26:12 AM",27.1956
"2012-12-27:12 AM",29.9129
"2012-12-28:12 AM",25.615
"2012-12-29:12 AM",24.2087
"2012-12-30:12 AM",29.9363
"2012-12-31:12 AM",30.3265
"2013-01-01:12 AM",23.5416
"2013-01-02:12 AM",21.1685
"2013-01-03:12 AM",20.1355
"2013-01-04:12 AM",19.8765
"2013-01-05:12 AM",22.1873
"2013-01-06:12 AM",25.6714
"2013-01-07:12 AM",29.8179
"2013-01-08:12 AM",32.2718
"2013-01-09:12 AM",33.8058
"2013-01-10:12 AM",36.1747
"2013-01-11:12 AM",33.9415
"2013-01-12:12 AM",22.4091
"2013-01-13:12 AM",18.3232
"2013-01-14:12 AM",18.507
"2013-01-15:12 AM",15.4105
"2013-01-16:12 AM",22.7689
"2013-01-17:12 AM",29.6386
"2013-01-18:12 AM",33.3703
"2013-01-19:12 AM",35.8529
"2013-01-20:12 AM",36.2284
"2013-01-21:12 AM",35.5156
"2013-01-22:12 AM",38.8074
"2013-01-23:12 AM",41.6779
"2013-01-24:12 AM",44.3394
"2013-01-25:12 AM",46.2796
"2013-01-26:12 AM",46.4819
"2013-01-27:12 AM",46
"2013-01-28:12 AM",43.4284
"2013-01-29:12 AM",32.2907
"2013-01-30:12 AM",27.2509
"2013-01-31:12 AM",34.14
"2013-02-01:12 AM",37.4473
"2013-02-02:12 AM",40.0023
"2013-02-03:12 AM",40.0012
"2013-02-04:12 AM",42.0323
"2013-02-05:12 AM",43.0471
"2013-02-06:12 AM",43.7351
"2013-02-07:12 AM",42.4974
"2013-02-08:12 AM",40.9372
"2013-02-09:12 AM",38.2246
"2013-02-10:12 AM",31.9235
"2013-02-11:12 AM",31.2136
"2013-02-12:12 AM",30.1948
"2013-02-13:12 AM",30.7567
"2013-02-14:12 AM",35.987
"2013-02-15:12 AM",34.9288
"2013-02-16:12 AM",37.4704
"2013-02-17:12 AM",41.3665
"2013-02-18:12 AM",41.1357
"2013-02-19:12 AM",38.5054
"2013-02-20:12 AM",39.0133
"2013-02-21:12 AM",34.023
"2013-02-22:12 AM",31.7505
"2013-02-23:12 AM",33.8743
"2013-02-24:12 AM",33.9413
"2013-02-25:12 AM",28.9789
"2013-02-26:12 AM",32.6928
"2013-02-27:12 AM",30.9918
"2013-02-28:12 AM",32.3532
"2013-03-01:12 AM",38.3419
"2013-03-02:12 AM",43.7347
"2013-03-03:12 AM",49.0676
"2013-03-04:12 AM",51.2013
"2013-03-05:12 AM",43.1497
"2013-03-06:12 AM",47.0174
"2013-03-07:12 AM",51.7743
"2013-03-08:12 AM",49.1284
"2013-03-09:12 AM",39.9015
"2013-03-10:12 AM",36.3578
"2013-03-11:12 AM",41.47
"2013-03-12:12 AM",45.898
"2013-03-13:12 AM",49.0237
"2013-03-14:12 AM",54.4145
"2013-03-15:12 AM",58.1333
"2013-03-16:12 AM",57.8696
"2013-03-17:12 AM",53.5186
"2013-03-18:12 AM",51.7615
"2013-03-19:12 AM",50.184
"2013-03-20:12 AM",48.1289
"2013-03-21:12 AM",54.9059
"2013-03-22:12 AM",51.0314
"2013-03-23:12 AM",44.955
"2013-03-24:12 AM",35.4218
"2013-03-25:12 AM",36.9541
"2013-03-26:12 AM",43.2133
"2013-03-27:12 AM",52.947
"2013-03-28:12 AM",56.3475
"2013-03-29:12 AM",57.6201
"2013-03-30:12 AM",57.2477
"2013-03-31:12 AM",57.3017
"2013-04-01:12 AM",57.8475
"2013-04-02:12 AM",50.806
"2013-04-03:12 AM",47.4985
"2013-04-04:12 AM",53.4628
"2013-04-05:12 AM",58.9669
"2013-04-06:12 AM",59.376
"2013-04-07:12 AM",60.1048
"2013-04-08:12 AM",59.2158
"2013-04-09:12 AM",48.0947
"2013-04-10:12 AM",38.1493
"2013-04-11:12 AM",44.2672
"2013-04-12:12 AM",52.461
"2013-04-13:12 AM",56.0377
"2013-04-14:12 AM",59.1571
"2013-04-15:12 AM",59.0585
"2013-04-16:12 AM",59.9994
"2013-04-17:12 AM",53.9368
"2013-04-18:12 AM",39.913
"2013-04-19:12 AM",42.0066
"2013-04-20:12 AM",51.2123
"2013-04-21:12 AM",54.9995
"2013-04-22:12 AM",60.8794
"2013-04-23:12 AM",53.6522
"2013-04-24:12 AM",47.7882
"2013-04-25:12 AM",55.8507
"2013-04-26:12 AM",57.2277
"2013-04-27:12 AM",58.7388
"2013-04-28:12 AM",61.4032
"2013-04-29:12 AM",64.9728
"2013-04-30:12 AM",68.1894
"2013-05-01:12 AM",64.2762
"2013-05-02:12 AM",46.7857
"2013-05-03:12 AM",47.0359
"2013-05-04:12 AM",54.4645
"2013-05-05:12 AM",56.6213
"2013-05-06:12 AM",56.2975
"2013-05-07:12 AM",57.6338
"2013-05-08:12 AM",58.392
"2013-05-09:12 AM",56.9728
"2013-05-10:12 AM",54.2431
"2013-05-11:12 AM",54.4494
"2013-05-12:12 AM",58.7005
"2013-05-13:12 AM",63.8145
"2013-05-14:12 AM",65.0862
"2013-05-15:12 AM",68.3533
"2013-05-16:12 AM",69.3855
"2013-05-17:12 AM",69.3498
"2013-05-18:12 AM",66.9585
"2013-05-19:12 AM",63.0999
"2013-05-20:12 AM",61.4178
"2013-05-21:12 AM",62.1862
"2013-05-22:12 AM",66.4443
"2013-05-23:12 AM",70.1479
"2013-05-24:12 AM",69.3219
"2013-05-25:12 AM",69.9139
"2013-05-26:12 AM",70.6426
"2013-05-27:12 AM",68.6658
"2013-05-28:12 AM",68.6413
"2013-05-29:12 AM",67.5529
"2013-05-30:12 AM",67.775
"2013-05-31:12 AM",70.8843
"2013-06-01:12 AM",69.5008
"2013-06-02:12 AM",68.4928
"2013-06-03:12 AM",72.4161
"2013-06-04:12 AM",74.6429
"2013-06-05:12 AM",73.0965
"2013-06-06:12 AM",69.6571
"2013-06-07:12 AM",71.7894
"2013-06-08:12 AM",74.4607
"2013-06-09:12 AM",76.3354
"2013-06-10:12 AM",78.9667
"2013-06-11:12 AM",80.1075
"2013-06-12:12 AM",79.6392
"2013-06-13:12 AM",77.7502
"2013-06-14:12 AM",75.3346
"2013-06-15:12 AM",75.0121
"2013-06-16:12 AM",76.5707
"2013-06-17:12 AM",76.4735
"2013-06-18:12 AM",74.1029
"2013-06-19:12 AM",75.9837
"2013-06-20:12 AM",76.4233
"2013-06-21:12 AM",76.1115
"2013-06-22:12 AM",76.4231
"2013-06-23:12 AM",75.7915
"2013-06-24:12 AM",76.4722
"2013-06-25:12 AM",76.9649
"2013-06-26:12 AM",79.5447
"2013-06-27:12 AM",82.5399
"2013-06-28:12 AM",81.4105
"2013-06-29:12 AM",79.5256
"2013-06-30:12 AM",77.5567
"2013-07-01:12 AM",71.152
"2013-07-02:12 AM",69.1227
"2013-07-03:12 AM",71.1653
"2013-07-04:12 AM",74.9143
"2013-07-05:12 AM",74.3968
"2013-07-06:12 AM",75.8138
"2013-07-07:12 AM",74.5207
"2013-07-08:12 AM",74.0874
"2013-07-09:12 AM",76.6983
"2013-07-10:12 AM",77.311
"2013-07-11:12 AM",76.8133
"2013-07-12:12 AM",75.8917
"2013-07-13:12 AM",76.7743
"2013-07-14:12 AM",76.4843
"2013-07-15:12 AM",66.2279
"2013-07-16:12 AM",63.7507
"2013-07-17:12 AM",64.0422
"2013-07-18:12 AM",65.2995
"2013-07-19:12 AM",68.5398
"2013-07-20:12 AM",70.745
"2013-07-21:12 AM",72.7498
"2013-07-22:12 AM",74.4078
"2013-07-23:12 AM",75.2896
"2013-07-24:12 AM",73.0636
"2013-07-25:12 AM",70.0736
"2013-07-26:12 AM",72.2451
"2013-07-27:12 AM",70.6878
"2013-07-28:12 AM",70.736
"2013-07-29:12 AM",72.0901
"2013-07-30:12 AM",75.078
"2013-07-31:12 AM",75.4504
"2013-08-01:12 AM",70.9054
"2013-08-02:12 AM",72.8409
"2013-08-03:12 AM",75.0841
"2013-08-04:12 AM",75.0252
"2013-08-05:12 AM",75.1258
"2013-08-06:12 AM",73.1066
"2013-08-07:12 AM",70.6071
"2013-08-08:12 AM",69.7951
"2013-08-09:12 AM",70.749
"2013-08-10:12 AM",70.2887
"2013-08-11:12 AM",68.1422
"2013-08-12:12 AM",69.6915
"2013-08-13:12 AM",72.423
"2013-08-14:12 AM",72.7795
"2013-08-15:12 AM",73.2288
"2013-08-16:12 AM",74.9156
"2013-08-17:12 AM",75.5013
"2013-08-18:12 AM",74.6636
"2013-08-19:12 AM",74.6047
"2013-08-20:12 AM",74.0853
"2013-08-21:12 AM",73.6752
"2013-08-22:12 AM",73.0519
"2013-08-23:12 AM",71.2765
"2013-08-24:12 AM",69.6331
"2013-08-25:12 AM",69.8774
"2013-08-26:12 AM",71.3021
"2013-08-27:12 AM",70.5924
"2013-08-28:12 AM",69.6583
"2013-08-29:12 AM",69.7001
"2013-08-30:12 AM",73.7416
"2013-08-31:12 AM",75.2542
"2013-09-01:12 AM",74.3781
"2013-09-02:12 AM",72.1405
"2013-09-03:12 AM",72.2568
"2013-09-04:12 AM",72.5617
"2013-09-05:12 AM",72.3531
"2013-09-06:12 AM",71.8351
"2013-09-07:12 AM",71.566
"2013-09-08:12 AM",70.3744
"2013-09-09:12 AM",68.7461
"2013-09-10:12 AM",64.8925
"2013-09-11:12 AM",64.1793
"2013-09-12:12 AM",62.9906
"2013-09-13:12 AM",63.6919
"2013-09-14:12 AM",63.4478
"2013-09-15:12 AM",64.7715
"2013-09-16:12 AM",64.346
"2013-09-17:12 AM",64.3825
"2013-09-18:12 AM",65.9973
"2013-09-19:12 AM",66.4655
"2013-09-20:12 AM",63.5763
"2013-09-21:12 AM",62.7701
"2013-09-22:12 AM",62.0973
"2013-09-23:12 AM",59.0466
"2013-09-24:12 AM",60.3507
"2013-09-25:12 AM",63.4321
"2013-09-26:12 AM",64.9389
"2013-09-27:12 AM",61.9347
"2013-09-28:12 AM",53.6922
"2013-09-29:12 AM",56.656
"2013-09-30:12 AM",61.9495
"2013-10-01:12 AM",63.9329
"2013-10-02:12 AM",62.9974
"2013-10-03:12 AM",61.7495
"2013-10-04:12 AM",57.9204
"2013-10-05:12 AM",49.2429
"2013-10-06:12 AM",51.0202
"2013-10-07:12 AM",54.7853
"2013-10-08:12 AM",59.3436
"2013-10-09:12 AM",59.8021
"2013-10-10:12 AM",56.6539
"2013-10-11:12 AM",50.0666
"2013-10-12:12 AM",51.5631
"2013-10-13:12 AM",55.7726
"2013-10-14:12 AM",57.2302
"2013-10-15:12 AM",51.3518
"2013-10-16:12 AM",47.1272
"2013-10-17:12 AM",46.9459
"2013-10-18:12 AM",47.6137
"2013-10-19:12 AM",45.0561
"2013-10-20:12 AM",49.8493
"2013-10-21:12 AM",48.2421
"2013-10-22:12 AM",49.2539
"2013-10-23:12 AM",51.8689
"2013-10-24:12 AM",54.4665
"2013-10-25:12 AM",53.3091
"2013-10-26:12 AM",51.3219
"2013-10-27:12 AM",50.9673
"2013-10-28:12 AM",53.6052
"2013-10-29:12 AM",55.148
"2013-10-30:12 AM",50.6944
"2013-10-31:12 AM",44.1633
"2013-11-01:12 AM",44.4533
"2013-11-02:12 AM",45.4275
"2013-11-03:12 AM",49.4861
"2013-11-04:12 AM",49.3354
"2013-11-05:12 AM",47.8047
"2013-11-06:12 AM",38.7747
"2013-11-07:12 AM",42.01
"2013-11-08:12 AM",45.253
"2013-11-09:12 AM",48.4106
"2013-11-10:12 AM",48.2779
"2013-11-11:12 AM",50.065
"2013-11-12:12 AM",44.0416
"2013-11-13:12 AM",41.0895
"2013-11-14:12 AM",44.5422
"2013-11-15:12 AM",46.0011
"2013-11-16:12 AM",49.1614
"2013-11-17:12 AM",46.4706
"2013-11-18:12 AM",44.9802
"2013-11-19:12 AM",46.4655
"2013-11-20:12 AM",47.2165
"2013-11-21:12 AM",45.8361
"2013-11-22:12 AM",34.5492
"2013-11-23:12 AM",29.575
"2013-11-24:12 AM",25.2241
"2013-11-25:12 AM",28.445
"2013-11-26:12 AM",30.2196
"2013-11-27:12 AM",32.8395
"2013-11-28:12 AM",33.8563
"2013-11-29:12 AM",36.6633
"2013-11-30:12 AM",40.3016
"2013-12-01:12 AM",42.6004
"2013-12-02:12 AM",41.9594
"2013-12-03:12 AM",44.7868
"2013-12-04:12 AM",45.2309
"2013-12-05:12 AM",31.2237
"2013-12-06:12 AM",23.1291
"2013-12-07:12 AM",22.6585
"2013-12-08:12 AM",25.9003
"2013-12-09:12 AM",23.6205
"2013-12-10:12 AM",22.6758
"2013-12-11:12 AM",27.3389
"2013-12-12:12 AM",31.2143
"2013-12-13:12 AM",35.7166
"2013-12-14:12 AM",32.3301
"2013-12-15:12 AM",32.6327
"2013-12-16:12 AM",37.0749
"2013-12-17:12 AM",38.9185
"2013-12-18:12 AM",40.6837
"2013-12-19:12 AM",42.7509
"2013-12-20:12 AM",36.6454
"2013-12-21:12 AM",34.1109
"2013-12-22:12 AM",29.2257
"2013-12-23:12 AM",29.1535
"2013-12-24:12 AM",33.0742
"2013-12-25:12 AM",32.0043
"2013-12-26:12 AM",31.203
"2013-12-27:12 AM",32.8869
"2013-12-28:12 AM",34.1492
"2013-12-29:12 AM",33.2434
"2013-12-30:12 AM",31.8313
"2013-12-31:12 AM",34.5898
"2014-01-01:12 AM",37.8025
"2014-01-02:12 AM",33.4128
"2014-01-03:12 AM",36.32
"2014-01-04:12 AM",39.5566
"2014-01-05:12 AM",28.3671
"2014-01-06:12 AM",23.7036
"2014-01-07:12 AM",29.7226
"2014-01-08:12 AM",35.3073
"2014-01-09:12 AM",35.706
"2014-01-10:12 AM",38.2674
"2014-01-11:12 AM",40.1256
"2014-01-12:12 AM",42.5752
"2014-01-13:12 AM",36.1728
"2014-01-14:12 AM",37.0269
"2014-01-15:12 AM",36.4552
"2014-01-16:12 AM",39.1473
"2014-01-17:12 AM",36.5437
"2014-01-18:12 AM",38.3625
"2014-01-19:12 AM",40.0757
"2014-01-20:12 AM",42.1029
"2014-01-21:12 AM",39.2547
"2014-01-22:12 AM",40.5275
"2014-01-23:12 AM",32.1474
"2014-01-24:12 AM",28.4961
"2014-01-25:12 AM",38.3355
"2014-01-26:12 AM",42.4373
"2014-01-27:12 AM",37.7497
"2014-01-28:12 AM",30.7755
"2014-01-29:12 AM",33.6645
"2014-01-30:12 AM",46.6012
"2014-01-31:12 AM",48.9731
"2014-02-01:12 AM",41.6494
"2014-02-02:12 AM",32.1512
"2014-02-03:12 AM",33.5691
"2014-02-04:12 AM",32.407
"2014-02-05:12 AM",25.4595
"2014-02-06:12 AM",23.2545
"2014-02-07:12 AM",30.1744
"2014-02-08:12 AM",38.1097
"2014-02-09:12 AM",45.0198
"2014-02-10:12 AM",42.7507
"2014-02-11:12 AM",38.0896
"2014-02-12:12 AM",40.8022
"2014-02-13:12 AM",48.2058
"2014-02-14:12 AM",51.8725
"2014-02-15:12 AM",53.9402
"2014-02-16:12 AM",53.3961
"2014-02-17:12 AM",51.9706
"2014-02-18:12 AM",51.5012
"2014-02-19:12 AM",52.1209
"2014-02-20:12 AM",43.8543
"2014-02-21:12 AM",40.9748
"2014-02-22:12 AM",45.9687
"2014-02-23:12 AM",48.2101
"2014-02-24:12 AM",50.6354
"2014-02-25:12 AM",49.3887
"2014-02-26:12 AM",44.6162
"2014-02-27:12 AM",47.2836
"2014-02-28:12 AM",50.8228
"2014-03-01:12 AM",50.4462
"2014-03-02:12 AM",43.0506
"2014-03-03:12 AM",39.7801
"2014-03-04:12 AM",44.4418
"2014-03-05:12 AM",46.8361
"2014-03-06:12 AM",47.192
"2014-03-07:12 AM",51.436
"2014-03-08:12 AM",42.4569
"2014-03-09:12 AM",42.6279
"2014-03-10:12 AM",48.9709
"2014-03-11:12 AM",50.9655
"2014-03-12:12 AM",41.4529
"2014-03-13:12 AM",44.6337
"2014-03-14:12 AM",49.0998
"2014-03-15:12 AM",45.7547
"2014-03-16:12 AM",42.9978
"2014-03-17:12 AM",49.1765
"2014-03-18:12 AM",48.5415
"2014-03-19:12 AM",42.2803
"2014-03-20:12 AM",48.4952
"2014-03-21:12 AM",54.964
"2014-03-22:12 AM",50.3937
"2014-03-23:12 AM",47.2798
"2014-03-24:12 AM",49.8987
"2014-03-25:12 AM",49.3529
"2014-03-26:12 AM",52.1958
"2014-03-27:12 AM",51.4537
"2014-03-28:12 AM",50.002
"2014-03-29:12 AM",50.4608
"2014-03-30:12 AM",56.2332
"2014-03-31:12 AM",53.7453
"2014-04-01:12 AM",53.8144
"2014-04-02:12 AM",53.7661
"2014-04-03:12 AM",45.3794
"2014-04-04:12 AM",43.3666
"2014-04-05:12 AM",48.5091
"2014-04-06:12 AM",46.9168
"2014-04-07:12 AM",47.8674
"2014-04-08:12 AM",52.3326
"2014-04-09:12 AM",59.2421
"2014-04-10:12 AM",62.5726
"2014-04-11:12 AM",62.3694
"2014-04-12:12 AM",62.0447
"2014-04-13:12 AM",58.1383
"2014-04-14:12 AM",44.3887
"2014-04-15:12 AM",45.6899
"2014-04-16:12 AM",55.9819
"2014-04-17:12 AM",55.1889
"2014-04-18:12 AM",56.781
"2014-04-19:12 AM",56.1997
"2014-04-20:12 AM",56.7315
"2014-04-21:12 AM",61.1677
"2014-04-22:12 AM",63.6535
"2014-04-23:12 AM",62.7012
"2014-04-24:12 AM",56.9037
"2014-04-25:12 AM",60.3055
"2014-04-26:12 AM",59.4405
"2014-04-27:12 AM",48.6673
"2014-04-28:12 AM",51.0278
"2014-04-29:12 AM",47.4588
"2014-04-30:12 AM",46.9508
"2014-05-01:12 AM",48.5591
"2014-05-02:12 AM",53.7701
"2014-05-03:12 AM",62.4326
"2014-05-04:12 AM",66.4783
"2014-05-05:12 AM",66.546
"2014-05-06:12 AM",63.858
"2014-05-07:12 AM",59.5103
"2014-05-08:12 AM",52.5175
"2014-05-09:12 AM",55.8464
"2014-05-10:12 AM",62.2663
"2014-05-11:12 AM",62.2735
"2014-05-12:12 AM",51.0161
"2014-05-13:12 AM",46.2389
"2014-05-14:12 AM",47.8636
"2014-05-15:12 AM",54.3537
"2014-05-16:12 AM",62.7231
"2014-05-17:12 AM",67.2865
"2014-05-18:12 AM",69.0582
"2014-05-19:12 AM",69.2379
"2014-05-20:12 AM",67.8882
"2014-05-21:12 AM",66.8253
"2014-05-22:12 AM",64.0287
"2014-05-23:12 AM",61.0011
"2014-05-24:12 AM",59.3753
"2014-05-25:12 AM",57.6259
"2014-05-26:12 AM",59.6997
"2014-05-27:12 AM",66.9947
"2014-05-28:12 AM",71.3943
"2014-05-29:12 AM",70.2279
"2014-05-30:12 AM",69.634
"2014-05-31:12 AM",72.6276
"2014-06-01:12 AM",75.243
"2014-06-02:12 AM",75.659
"2014-06-03:12 AM",77.7434
"2014-06-04:12 AM",78.7716
"2014-06-05:12 AM",77.0131
"2014-06-06:12 AM",75.8935
"2014-06-07:12 AM",73.2537
"2014-06-08:12 AM",70.4572
"2014-06-09:12 AM",67.9296
"2014-06-10:12 AM",69.5732
"2014-06-11:12 AM",75.1789
"2014-06-12:12 AM",73.6029
"2014-06-13:12 AM",72.1058
"2014-06-14:12 AM",73.9441
"2014-06-15:12 AM",71.7269
"2014-06-16:12 AM",73.4574
"2014-06-17:12 AM",73.8034
"2014-06-18:12 AM",72.0622
"2014-06-19:12 AM",72.2023
"2014-06-20:12 AM",73.1431
"2014-06-21:12 AM",74.8474
"2014-06-22:12 AM",76.2067
"2014-06-23:12 AM",75.4493
"2014-06-24:12 AM",75.8077
"2014-06-25:12 AM",74.6762
"2014-06-26:12 AM",76.3628
"2014-06-27:12 AM",77.1073
"2014-06-28:12 AM",76.9678
"2014-06-29:12 AM",79.7256
"2014-06-30:12 AM",82.1035
"2014-07-01:12 AM",77.0607
"2014-07-02:12 AM",72.8166
"2014-07-03:12 AM",72.6193
"2014-07-04:12 AM",72.7122
"2014-07-05:12 AM",72.8445
"2014-07-06:12 AM",72.3625
"2014-07-07:12 AM",73.5012
"2014-07-08:12 AM",74.1961
"2014-07-09:12 AM",73.146
"2014-07-10:12 AM",74.5873
"2014-07-11:12 AM",74.1279
"2014-07-12:12 AM",73.4619
"2014-07-13:12 AM",72.5518
"2014-07-14:12 AM",73.2375
"2014-07-15:12 AM",69.7066
"2014-07-16:12 AM",70.8507
"2014-07-17:12 AM",70.0567
"2014-07-18:12 AM",71.6943
"2014-07-19:12 AM",75.9511
"2014-07-20:12 AM",76.5324
"2014-07-21:12 AM",76.408
"2014-07-22:12 AM",77.292
"2014-07-23:12 AM",74.6731
"2014-07-24:12 AM",75.6381
"2014-07-25:12 AM",77.5189
"2014-07-26:12 AM",80.197
"2014-07-27:12 AM",76.8706
"2014-07-28:12 AM",71.6886
"2014-07-29:12 AM",70.2534
"2014-07-30:12 AM",71.3383
"2014-07-31:12 AM",67.5972
"2014-08-01:12 AM",66.6252
"2014-08-02:12 AM",65.721
"2014-08-03:12 AM",65.7403
"2014-08-04:12 AM",68.6752
"2014-08-05:12 AM",70.8798
"2014-08-06:12 AM",73.2974
"2014-08-07:12 AM",70.8723
"2014-08-08:12 AM",70.6084
"2014-08-09:12 AM",72.3357
"2014-08-10:12 AM",70.5565
"2014-08-11:12 AM",68.9657
"2014-08-12:12 AM",69.4796
"2014-08-13:12 AM",70.1551
"2014-08-14:12 AM",69.7082
"2014-08-15:12 AM",70.6653
"2014-08-16:12 AM",72.0329
"2014-08-17:12 AM",73.3284
"2014-08-18:12 AM",73.7307
"2014-08-19:12 AM",72.6237
"2014-08-20:12 AM",71.2695
"2014-08-21:12 AM",71.8214
"2014-08-22:12 AM",68.167
"2014-08-23:12 AM",67.6436
"2014-08-24:12 AM",70.7994
"2014-08-25:12 AM",70.2286
"2014-08-26:12 AM",68.6286
"2014-08-27:12 AM",67.6497
"2014-08-28:12 AM",67.6947
"2014-08-29:12 AM",69.1439
"2014-08-30:12 AM",71.9595
"2014-08-31:12 AM",73.9305
"2014-09-01:12 AM",74.0442
"2014-09-02:12 AM",74.8387
"2014-09-03:12 AM",75.3561
"2014-09-04:12 AM",72.0747
"2014-09-05:12 AM",66.9925
"2014-09-06:12 AM",63.217
"2014-09-07:12 AM",63.6724
"2014-09-08:12 AM",66.2956
"2014-09-09:12 AM",69.4807
"2014-09-10:12 AM",67.9838
"2014-09-11:12 AM",66.3591
"2014-09-12:12 AM",60.4814
"2014-09-13:12 AM",58.0705
"2014-09-14:12 AM",61.6393
"2014-09-15:12 AM",64.7679
"2014-09-16:12 AM",64.6722
"2014-09-17:12 AM",64.2337
"2014-09-18:12 AM",64.0938
"2014-09-19:12 AM",64.8833
"2014-09-20:12 AM",68.0155
"2014-09-21:12 AM",65.7199
"2014-09-22:12 AM",63.741
"2014-09-23:12 AM",65.1015
"2014-09-24:12 AM",65.7113
"2014-09-25:12 AM",65.3391
"2014-09-26:12 AM",63.666
"2014-09-27:12 AM",61.9853
"2014-09-28:12 AM",61.124
"2014-09-29:12 AM",60.6141
"2014-09-30:12 AM",58.9127
"2014-10-01:12 AM",58.541
"2014-10-02:12 AM",56.0286
"2014-10-03:12 AM",55.9179
"2014-10-04:12 AM",57.7823
"2014-10-05:12 AM",59.7848
"2014-10-06:12 AM",60.6112
"2014-10-07:12 AM",63.0498
"2014-10-08:12 AM",64.2646
"2014-10-09:12 AM",61.2594
"2014-10-10:12 AM",56.1205
"2014-10-11:12 AM",54.7806
"2014-10-12:12 AM",56.5687
"2014-10-13:12 AM",50.1737
"2014-10-14:12 AM",51.4618
"2014-10-15:12 AM",56.4876
"2014-10-16:12 AM",61.2685
"2014-10-17:12 AM",60.2326
"2014-10-18:12 AM",57.2365
"2014-10-19:12 AM",56.4075
"2014-10-20:12 AM",55.713
"2014-10-21:12 AM",54.5803
"2014-10-22:12 AM",56.5639
"2014-10-23:12 AM",58.1457
"2014-10-24:12 AM",59.7897
"2014-10-25:12 AM",60.5352
"2014-10-26:12 AM",60.9516
"2014-10-27:12 AM",59.7074
"2014-10-28:12 AM",51.985
"2014-10-29:12 AM",52.3144
"2014-10-30:12 AM",54.3661
"2014-10-31:12 AM",52.0873
"2014-11-01:12 AM",53.3532
"2014-11-02:12 AM",53.9244
"2014-11-03:12 AM",48.5409
"2014-11-04:12 AM",42.9942
"2014-11-05:12 AM",43.0389
"2014-11-06:12 AM",45.4728
"2014-11-07:12 AM",47.8785
"2014-11-08:12 AM",48.7009
"2014-11-09:12 AM",49.0834
"2014-11-10:12 AM",52.3335
"2014-11-11:12 AM",44.3646
"2014-11-12:12 AM",36.7376
"2014-11-13:12 AM",30.7708
"2014-11-14:12 AM",37.432
"2014-11-15:12 AM",44.6572
"2014-11-16:12 AM",33.6144
"2014-11-17:12 AM",24.7683
"2014-11-18:12 AM",28.206
"2014-11-19:12 AM",34.2514
"2014-11-20:12 AM",38.7847
"2014-11-21:12 AM",40.4159
"2014-11-22:12 AM",42.8697
"2014-11-23:12 AM",40.7921
"2014-11-24:12 AM",32.3422
"2014-11-25:12 AM",31.7577
"2014-11-26:12 AM",39.3784
"2014-11-27:12 AM",42.0188
"2014-11-28:12 AM",45.5295
"2014-11-29:12 AM",46.7974
"2014-11-30:12 AM",46.7056
"2014-12-01:12 AM",38.4715
"2014-12-02:12 AM",41.0328
"2014-12-03:12 AM",47.2253
"2014-12-04:12 AM",46.449
"2014-12-05:12 AM",44.294
"2014-12-06:12 AM",43.9261
"2014-12-07:12 AM",43.3481
"2014-12-08:12 AM",42.6884
"2014-12-09:12 AM",43.8168
"2014-12-10:12 AM",44.3759
"2014-12-11:12 AM",43.6611
"2014-12-12:12 AM",45.0765
"2014-12-13:12 AM",46.5424
"2014-12-14:12 AM",38.0424
"2014-12-15:12 AM",34.3216
"2014-12-16:12 AM",36.1918
"2014-12-17:12 AM",36.9108
"2014-12-18:12 AM",35.7849
"2014-12-19:12 AM",33.3005
"2014-12-20:12 AM",32.8204
"2014-12-21:12 AM",37.126
"2014-12-22:12 AM",41.9707
"2014-12-23:12 AM",33.0409
"2014-12-24:12 AM",27.6433
"2014-12-25:12 AM",35.6378
"2014-12-26:12 AM",31.7431
"2014-12-27:12 AM",22.9458
"2014-12-28:12 AM",24.0363
"2014-12-29:12 AM",27.8575
"2014-12-30:12 AM",24.3761
"2014-12-31:12 AM",19.922
"2015-01-01:12 AM",22.4695
"2015-01-02:12 AM",23.8017
"2015-01-03:12 AM",26.0987
"2015-01-04:12 AM",25.7751
"2015-01-05:12 AM",30.7526
"2015-01-06:12 AM",35.7096
"2015-01-07:12 AM",34.6064
"2015-01-08:12 AM",33.4081
"2015-01-09:12 AM",33.1713
"2015-01-10:12 AM",32.8456
"2015-01-11:12 AM",37.711
"2015-01-12:12 AM",36.066
"2015-01-13:12 AM",32.9011
"2015-01-14:12 AM",32.4003
"2015-01-15:12 AM",33.1192
"2015-01-16:12 AM",35.0274
"2015-01-17:12 AM",37.9528
"2015-01-18:12 AM",39.4768
"2015-01-19:12 AM",43.2653
"2015-01-20:12 AM",42.3316
"2015-01-21:12 AM",37.2643
"2015-01-22:12 AM",28.0526
"2015-01-23:12 AM",24.8463
"2015-01-24:12 AM",30.7602
"2015-01-25:12 AM",34.9061
"2015-01-26:12 AM",39.1001
"2015-01-27:12 AM",43.6721
"2015-01-28:12 AM",46.6219
"2015-01-29:12 AM",43.6917
"2015-01-30:12 AM",37.2434
"2015-01-31:12 AM",37.683
"2015-02-01:12 AM",37.2295
"2015-02-02:12 AM",36.7333
"2015-02-03:12 AM",41.4975
"2015-02-04:12 AM",44.0555
"2015-02-05:12 AM",41.8795
"2015-02-06:12 AM",46.4985
"2015-02-07:12 AM",49.3673
"2015-02-08:12 AM",50.7468
"2015-02-09:12 AM",51.1833
"2015-02-10:12 AM",51.1207
"2015-02-11:12 AM",42.9507
"2015-02-12:12 AM",38.6121
"2015-02-13:12 AM",43.272
"2015-02-14:12 AM",47.1834
"2015-02-15:12 AM",49.7221
"2015-02-16:12 AM",41.0338
"2015-02-17:12 AM",36.3924
"2015-02-18:12 AM",40.0064
"2015-02-19:12 AM",46.1577
"2015-02-20:12 AM",49.5774
"2015-02-21:12 AM",47.3027
"2015-02-22:12 AM",39.004
"2015-02-23:12 AM",28.7712
"2015-02-24:12 AM",30.9479
"2015-02-25:12 AM",36.0003
"2015-02-26:12 AM",33.503
"2015-02-27:12 AM",27.9099
"2015-02-28:12 AM",29.9804
"2015-03-01:12 AM",39.1746
"2015-03-02:12 AM",39.85
"2015-03-03:12 AM",42.2038
"2015-03-04:12 AM",35.6097
"2015-03-05:12 AM",31.6249
"2015-03-06:12 AM",37.5174
"2015-03-07:12 AM",41.9034
"2015-03-08:12 AM",46.1689
"2015-03-09:12 AM",46.3926
"2015-03-10:12 AM",47.1913
"2015-03-11:12 AM",49.2568
"2015-03-12:12 AM",49.757
"2015-03-13:12 AM",49.7282
"2015-03-14:12 AM",49.0834
"2015-03-15:12 AM",48.99
"2015-03-16:12 AM",52.6915
"2015-03-17:12 AM",51.5496
"2015-03-18:12 AM",49.4303
"2015-03-19:12 AM",49.384
"2015-03-20:12 AM",47.4328
"2015-03-21:12 AM",49.3389
"2015-03-22:12 AM",53.1466
"2015-03-23:12 AM",55.5049
"2015-03-24:12 AM",55.0152
"2015-03-25:12 AM",53.512
"2015-03-26:12 AM",47.2548
"2015-03-27:12 AM",54.1105
"2015-03-28:12 AM",60.0598
"2015-03-29:12 AM",61.3967
"2015-03-30:12 AM",61.2959
"2015-03-31:12 AM",61.5346
"2015-04-01:12 AM",60.5061
"2015-04-02:12 AM",58.9791
"2015-04-03:12 AM",52.8908
"2015-04-04:12 AM",50.628
"2015-04-05:12 AM",57.5103
"2015-04-06:12 AM",59.2911
"2015-04-07:12 AM",58.7395
"2015-04-08:12 AM",59.7094
"2015-04-09:12 AM",53.7701
"2015-04-10:12 AM",53.6731
"2015-04-11:12 AM",57.9972
"2015-04-12:12 AM",57.0326
"2015-04-13:12 AM",53.1811
"2015-04-14:12 AM",52.8994
"2015-04-15:12 AM",55.3865
"2015-04-16:12 AM",50.2752
"2015-04-17:12 AM",45.0941
"2015-04-18:12 AM",48.4205
"2015-04-19:12 AM",52.671
"2015-04-20:12 AM",54.0324
"2015-04-21:12 AM",57.9983
"2015-04-22:12 AM",59.5503
"2015-04-23:12 AM",57.7305
"2015-04-24:12 AM",54.7709
"2015-04-25:12 AM",54.0712
"2015-04-26:12 AM",50.6901
"2015-04-27:12 AM",47.0489
"2015-04-28:12 AM",49.2571
"2015-04-29:12 AM",54.2007
"2015-04-30:12 AM",61.2343
"2015-05-01:12 AM",64.839
"2015-05-02:12 AM",64.8802
"2015-05-03:12 AM",63.8368
"2015-05-04:12 AM",60.1176
"2015-05-05:12 AM",55.9197
"2015-05-06:12 AM",57.4207
"2015-05-07:12 AM",59.259
"2015-05-08:12 AM",58.9593
"2015-05-09:12 AM",52.6881
"2015-05-10:12 AM",51.3954
"2015-05-11:12 AM",55.6621
"2015-05-12:12 AM",55.9049
"2015-05-13:12 AM",57.7944
"2015-05-14:12 AM",60.4918
"2015-05-15:12 AM",56.682
"2015-05-16:12 AM",52.3458
"2015-05-17:12 AM",54.7027
"2015-05-18:12 AM",59.0311
"2015-05-19:12 AM",60.5676
"2015-05-20:12 AM",58.8943
"2015-05-21:12 AM",54.1319
"2015-05-22:12 AM",56.6533
"2015-05-23:12 AM",58.3531
"2015-05-24:12 AM",56.4748
"2015-05-25:12 AM",57.9092
"2015-05-26:12 AM",61.2964
"2015-05-27:12 AM",65.8071
"2015-05-28:12 AM",67.8033
"2015-05-29:12 AM",67.2226
"2015-05-30:12 AM",66.3616
"2015-05-31:12 AM",68.5324
"2015-06-01:12 AM",71.3349
"2015-06-02:12 AM",72.5412
"2015-06-03:12 AM",73.0074
"2015-06-04:12 AM",72.2599
"2015-06-05:12 AM",70.0696
"2015-06-06:12 AM",68.5065
"2015-06-07:12 AM",68.2612
"2015-06-08:12 AM",70.0669
"2015-06-09:12 AM",69.8702
"2015-06-10:12 AM",70.817
"2015-06-11:12 AM",72.4602
"2015-06-12:12 AM",69.6265
"2015-06-13:12 AM",70.7239
"2015-06-14:12 AM",70.0925
"2015-06-15:12 AM",71.3905
"2015-06-16:12 AM",71.9906
"2015-06-17:12 AM",74.6447
"2015-06-18:12 AM",77.2747
"2015-06-19:12 AM",77.3519
"2015-06-20:12 AM",78.6871
"2015-06-21:12 AM",80.2029
"2015-06-22:12 AM",80.3408
"2015-06-23:12 AM",76.5313
"2015-06-24:12 AM",74.1952
"2015-06-25:12 AM",75.2113
"2015-06-26:12 AM",77.0101
"2015-06-27:12 AM",74.5025
"2015-06-28:12 AM",75.3957
"2015-06-29:12 AM",75.6918
"2015-06-30:12 AM",76.1061
"2015-07-01:12 AM",77.2615
"2015-07-02:12 AM",76.3628
"2015-07-03:12 AM",73.5591
"2015-07-04:12 AM",73.4693
"2015-07-05:12 AM",72.5412
"2015-07-06:12 AM",71.3241
"2015-07-07:12 AM",67.0899
"2015-07-08:12 AM",69.2379
"2015-07-09:12 AM",69.224
"2015-07-10:12 AM",68.4621
"2015-07-11:12 AM",70.1442
"2015-07-12:12 AM",73.1538
"2015-07-13:12 AM",74.4647
"2015-07-14:12 AM",73.3359
"2015-07-15:12 AM",72.7165
"2015-07-16:12 AM",72.6638
"2015-07-17:12 AM",71.4513
"2015-07-18:12 AM",73.6239
"2015-07-19:12 AM",72.6687
"2015-07-20:12 AM",71.7193
"2015-07-21:12 AM",71.7168
"2015-07-22:12 AM",72.1549
"2015-07-23:12 AM",73.314
"2015-07-24:12 AM",75.6572
"2015-07-25:12 AM",76.5689
"2015-07-26:12 AM",77.0787
"2015-07-27:12 AM",76.3551
"2015-07-28:12 AM",74.2786
"2015-07-29:12 AM",71.2526
"2015-07-30:12 AM",70.2869
"2015-07-31:12 AM",71.4375
"2015-08-01:12 AM",72.4012
"2015-08-02:12 AM",72.0572
"2015-08-03:12 AM",72.743
"2015-08-04:12 AM",75.162
"2015-08-05:12 AM",78.3232
"2015-08-06:12 AM",78.5644
"2015-08-07:12 AM",76.6319
"2015-08-08:12 AM",73.5057
"2015-08-09:12 AM",73.0459
"2015-08-10:12 AM",73.7895
"2015-08-11:12 AM",72.7088
"2015-08-12:12 AM",74.6951
"2015-08-13:12 AM",77.2133
"2015-08-14:12 AM",77.9011
"2015-08-15:12 AM",76.6956
"2015-08-16:12 AM",74.8368
"2015-08-17:12 AM",75.3726
"2015-08-18:12 AM",76.2737
"2015-08-19:12 AM",71.0991
"2015-08-20:12 AM",71.4292
"2015-08-21:12 AM",75.1984
"2015-08-22:12 AM",76.1371
"2015-08-23:12 AM",70.5254
"2015-08-24:12 AM",70.1838
"2015-08-25:12 AM",72.4593
"2015-08-26:12 AM",71.3003
"2015-08-27:12 AM",71.3352
"2015-08-28:12 AM",70.5637
"2015-08-29:12 AM",70.2239
"2015-08-30:12 AM",71.0258
"2015-08-31:12 AM",71.5523
"2015-09-01:12 AM",71.9199
"2015-09-02:12 AM",71.9933
"2015-09-03:12 AM",70.4784
"2015-09-04:12 AM",68.5098
"2015-09-05:12 AM",68.9074
"2015-09-06:12 AM",69.1144
"2015-09-07:12 AM",69.6931
"2015-09-08:12 AM",70.3423
"2015-09-09:12 AM",69.5523
"2015-09-10:12 AM",69.4314
"2015-09-11:12 AM",68.922
"2015-09-12:12 AM",68.7627
"2015-09-13:12 AM",71.5935
"2015-09-14:12 AM",70.9408
"2015-09-15:12 AM",68.9536
"2015-09-16:12 AM",69.5917
"2015-09-17:12 AM",69.2679
"2015-09-18:12 AM",70.1773
"2015-09-19:12 AM",65.4244
"2015-09-20:12 AM",66.9376
"2015-09-21:12 AM",65.878
"2015-09-22:12 AM",65.1394
"2015-09-23:12 AM",64.1795
"2015-09-24:12 AM",64.9614
"2015-09-25:12 AM",64.0315
"2015-09-26:12 AM",65.8225
"2015-09-27:12 AM",67.3723
"2015-09-28:12 AM",68.7573
"2015-09-29:12 AM",69.4416
"2015-09-30:12 AM",68.6905
"2015-10-01:12 AM",69.6681
"2015-10-02:12 AM",67.1373
"2015-10-03:12 AM",60.7887
"2015-10-04:12 AM",56.0197
"2015-10-05:12 AM",55.9389
"2015-10-06:12 AM",58.2161
"2015-10-07:12 AM",56.9975
"2015-10-08:12 AM",55.6133
"2015-10-09:12 AM",57.1951
"2015-10-10:12 AM",60.1401
"2015-10-11:12 AM",63.0813
"2015-10-12:12 AM",63.4602
"2015-10-13:12 AM",62.6218
"2015-10-14:12 AM",63.7606
"2015-10-15:12 AM",64.774
"2015-10-16:12 AM",57.6239
"2015-10-17:12 AM",56.0302
"2015-10-18:12 AM",57.358
"2015-10-19:12 AM",58.5558
"2015-10-20:12 AM",56.502
"2015-10-21:12 AM",52.7997
"2015-10-22:12 AM",50.3091
"2015-10-23:12 AM",50.6127
"2015-10-24:12 AM",50.8282
"2015-10-25:12 AM",49.9973
"2015-10-26:12 AM",52.5888
"2015-10-27:12 AM",52.7977
"2015-10-28:12 AM",50.3357
"2015-10-29:12 AM",49.9156
"2015-10-30:12 AM",47.1168
"2015-10-31:12 AM",45.7934
"2015-11-01:12 AM",49.1409
"2015-11-02:12 AM",52.2932
"2015-11-03:12 AM",52.9896
"2015-11-04:12 AM",49.9156
"2015-11-05:12 AM",41.7474
"2015-11-06:12 AM",39.6943
"2015-11-07:12 AM",40.2838
"2015-11-08:12 AM",41.2495
"2015-11-09:12 AM",45.1512
"2015-11-10:12 AM",47.5354
"2015-11-11:12 AM",40.3126
"2015-11-12:12 AM",37.6236
"2015-11-13:12 AM",39.7893
"2015-11-14:12 AM",43.4845
"2015-11-15:12 AM",47.5079
"2015-11-16:12 AM",44.3986
"2015-11-17:12 AM",34.5916
"2015-11-18:12 AM",37.1007
"2015-11-19:12 AM",38.6071
"2015-11-20:12 AM",42.6924
"2015-11-21:12 AM",37.2151
"2015-11-22:12 AM",36.3889
"2015-11-23:12 AM",39.6061
"2015-11-24:12 AM",42.4684
"2015-11-25:12 AM",46.8279
"2015-11-26:12 AM",48.6248
"2015-11-27:12 AM",36.9662
"2015-11-28:12 AM",33.7748
"2015-11-29:12 AM",36.8013
"2015-11-30:12 AM",32.9562
"2015-12-01:12 AM",31.8238
"2015-12-02:12 AM",32.5105
"2015-12-03:12 AM",34.9709
"2015-12-04:12 AM",37.7656
"2015-12-05:12 AM",40.1115
"2015-12-06:12 AM",37.4293
"2015-12-07:12 AM",39.9848
"2015-12-08:12 AM",42.2809
"2015-12-09:12 AM",44.3093
"2015-12-10:12 AM",47.0977
"2015-12-11:12 AM",48.3415
"2015-12-12:12 AM",43.2916
"2015-12-13:12 AM",32.1291
"2015-12-14:12 AM",34.0227
"2015-12-15:12 AM",28.4329
"2015-12-16:12 AM",25.362
"2015-12-17:12 AM",25.3341
"2015-12-18:12 AM",29.2167
"2015-12-19:12 AM",35.9807
"2015-12-20:12 AM",39.1219
"2015-12-21:12 AM",36.0615
"2015-12-22:12 AM",38.2872
"2015-12-23:12 AM",39.8682
"2015-12-24:12 AM",36.6422
"2015-12-25:12 AM",38.669
"2015-12-26:12 AM",29.5932
"2015-12-27:12 AM",22.4942
"2015-12-28:12 AM",21.9024
"2015-12-29:12 AM",24.9069
"2015-12-30:12 AM",23.6556
"2015-12-31:12 AM",24.3496
"2016-01-01:12 AM",25.952
"2016-01-02:12 AM",26.5865
"2016-01-03:12 AM",27.3411
"2016-01-04:12 AM",29.296
"2016-01-05:12 AM",31.8693
"2016-01-06:12 AM",34.1868
"2016-01-07:12 AM",33.2575
"2016-01-08:12 AM",30.8104
"2016-01-09:12 AM",27.2289
"2016-01-10:12 AM",25.2885
"2016-01-11:12 AM",25.0659
"2016-01-12:12 AM",26.307
"2016-01-13:12 AM",29.2653
"2016-01-14:12 AM",32.1085
"2016-01-15:12 AM",31.9365
"2016-01-16:12 AM",30.5308
"2016-01-17:12 AM",34.072
"2016-01-18:12 AM",34.7536
"2016-01-19:12 AM",37.416
"2016-01-20:12 AM",38.5489
"2016-01-21:12 AM",33.55
"2016-01-22:12 AM",33.5763
"2016-01-23:12 AM",37.8408
"2016-01-24:12 AM",39.9954
"2016-01-25:12 AM",35.1334
"2016-01-26:12 AM",30.7342
"2016-01-27:12 AM",31.4913
"2016-01-28:12 AM",36.7925
"2016-01-29:12 AM",40.9467
"2016-01-30:12 AM",44.3962
"2016-01-31:12 AM",45.4392
"2016-02-01:12 AM",37.2884
"2016-02-02:12 AM",27.68
"2016-02-03:12 AM",23.623
"2016-02-04:12 AM",24.0811
"2016-02-05:12 AM",27.2394
"2016-02-06:12 AM",30.6975
"2016-02-07:12 AM",37.4682
"2016-02-08:12 AM",37.9135
"2016-02-09:12 AM",39.718
"2016-02-10:12 AM",43.3927
"2016-02-11:12 AM",45.7731
"2016-02-12:12 AM",47.5588
"2016-02-13:12 AM",47.7788
"2016-02-14:12 AM",47.3144
"2016-02-15:12 AM",45.8551
"2016-02-16:12 AM",48.198
"2016-02-17:12 AM",50.5179
"2016-02-18:12 AM",54.2705
"2016-02-19:12 AM",55.7724
"2016-02-20:12 AM",54.6111
"2016-02-21:12 AM",51.5856
"2016-02-22:12 AM",45.0001
"2016-02-23:12 AM",38.0799
"2016-02-24:12 AM",35.4565
"2016-02-25:12 AM",39.2718
"2016-02-26:12 AM",43.6568
"2016-02-27:12 AM",48.9312
"2016-02-28:12 AM",51.9697
"2016-02-29:12 AM",51.3792
"2016-03-01:12 AM",51.6241
"2016-03-02:12 AM",53.7714
"2016-03-03:12 AM",53.2513
"2016-03-04:12 AM",55.0751
"2016-03-05:12 AM",53.991
"2016-03-06:12 AM",55.1642
"2016-03-07:12 AM",49.7635
"2016-03-08:12 AM",45.167
"2016-03-09:12 AM",45.8949
"2016-03-10:12 AM",48.8125
"2016-03-11:12 AM",51.6031
"2016-03-12:12 AM",50.488
"2016-03-13:12 AM",50.2192
"2016-03-14:12 AM",53.6641
"2016-03-15:12 AM",52.1209
"2016-03-16:12 AM",50.1505
"2016-03-17:12 AM",51.4
"2016-03-18:12 AM",50.7763
"2016-03-19:12 AM",44.1615
"2016-03-20:12 AM",44.5689
"2016-03-21:12 AM",53.0739
"2016-03-22:12 AM",58.7824
"2016-03-23:12 AM",47.9374
"2016-03-24:12 AM",44.1063
"2016-03-25:12 AM",48.3064
"2016-03-26:12 AM",48.0639
"2016-03-27:12 AM",45.4507
"2016-03-28:12 AM",52.1809
"2016-03-29:12 AM",54.6352
"2016-03-30:12 AM",47.8783
"2016-03-31:12 AM",42.5977
"2016-04-01:12 AM",42.0636
"2016-04-02:12 AM",44.0821
"2016-04-03:12 AM",51.1756
"2016-04-04:12 AM",57.4615
"2016-04-05:12 AM",60.1803
"2016-04-06:12 AM",57.3267
"2016-04-07:12 AM",59.0556
"2016-04-08:12 AM",54.5767
"2016-04-09:12 AM",54.6499
"2016-04-10:12 AM",55.3309
"2016-04-11:12 AM",52.1343
"2016-04-12:12 AM",48.3724
"2016-04-13:12 AM",52.885
"2016-04-14:12 AM",59.1242
"2016-04-15:12 AM",58.7419
"2016-04-16:12 AM",48.8791
"2016-04-17:12 AM",45.37
"2016-04-18:12 AM",46.9697
"2016-04-19:12 AM",49.8785
"2016-04-20:12 AM",54.7333
"2016-04-21:12 AM",58.6571
"2016-04-22:12 AM",60.5138
"2016-04-23:12 AM",62.5381
"2016-04-24:12 AM",59.322
"2016-04-25:12 AM",59.146
"2016-04-26:12 AM",52.2183
"2016-04-27:12 AM",52.2315
"2016-04-28:12 AM",57.0697
"2016-04-29:12 AM",52.3098
"2016-04-30:12 AM",50.5855
"2016-05-01:12 AM",44.715
"2016-05-02:12 AM",46.9092
"2016-05-03:12 AM",54.5769
"2016-05-04:12 AM",59.6579
"2016-05-05:12 AM",63.7416
"2016-05-06:12 AM",65.4894
"2016-05-07:12 AM",60.1111
"2016-05-08:12 AM",54.63
"2016-05-09:12 AM",56.8431
"2016-05-10:12 AM",62.0474
"2016-05-11:12 AM",62.7397
"2016-05-12:12 AM",62.0136
"2016-05-13:12 AM",66.5803
"2016-05-14:12 AM",63.327
"2016-05-15:12 AM",61.6874
"2016-05-16:12 AM",62.6349
"2016-05-17:12 AM",55.7845
"2016-05-18:12 AM",50.7456
"2016-05-19:12 AM",54.6327
"2016-05-20:12 AM",62.8264
"2016-05-21:12 AM",65.5128
"2016-05-22:12 AM",65.2167
"2016-05-23:12 AM",65.4305
"2016-05-24:12 AM",65.3061
"2016-05-25:12 AM",64.6327
"2016-05-26:12 AM",61.5866
"2016-05-27:12 AM",59.2007
"2016-05-28:12 AM",62.9775
"2016-05-29:12 AM",66.2738
"2016-05-30:12 AM",66.6694
"2016-05-31:12 AM",66.337
"2016-06-01:12 AM",62.742
"2016-06-02:12 AM",65.7037
"2016-06-03:12 AM",70.7324
"2016-06-04:12 AM",72.4935
"2016-06-05:12 AM",73.368
"2016-06-06:12 AM",73.9333
"2016-06-07:12 AM",75.2335
"2016-06-08:12 AM",74.9989
"2016-06-09:12 AM",75.3766
"2016-06-10:12 AM",75.8331
"2016-06-11:12 AM",73.6344
"2016-06-12:12 AM",74.5875
"2016-06-13:12 AM",74.0458
"2016-06-14:12 AM",71.8615
"2016-06-15:12 AM",73.9117
"2016-06-16:12 AM",74.6614
"2016-06-17:12 AM",76.0944
"2016-06-18:12 AM",78.4891
"2016-06-19:12 AM",79.5373
"2016-06-20:12 AM",78.944
"2016-06-21:12 AM",78.2861
"2016-06-22:12 AM",80.7004
"2016-06-23:12 AM",79.2217
"2016-06-24:12 AM",76.8015
"2016-06-25:12 AM",75.3624
"2016-06-26:12 AM",73.42
"2016-06-27:12 AM",73.3109
"2016-06-28:12 AM",73.0852
"2016-06-29:12 AM",74.203
"2016-06-30:12 AM",73.6471
"2016-07-01:12 AM",71.0141
"2016-07-02:12 AM",71.2393
"2016-07-03:12 AM",74.6429
"2016-07-04:12 AM",77.3204
"2016-07-05:12 AM",78.976
"2016-07-06:12 AM",79.6098
"2016-07-07:12 AM",79.216
"2016-07-08:12 AM",79.0153
"2016-07-09:12 AM",79.8696
"2016-07-10:12 AM",81.3884
"2016-07-11:12 AM",80.8398
"2016-07-12:12 AM",79.6026
"2016-07-13:12 AM",80.7417
"2016-07-14:12 AM",81.4174
"2016-07-15:12 AM",80.5305
"2016-07-16:12 AM",80.2596
"2016-07-17:12 AM",80.0442
"2016-07-18:12 AM",78.4981
"2016-07-19:12 AM",77.7963
"2016-07-20:12 AM",77.54
"2016-07-21:12 AM",78.447
"2016-07-22:12 AM",80.1885
"2016-07-23:12 AM",80.6635
"2016-07-24:12 AM",78.2332
"2016-07-25:12 AM",76.3453
"2016-07-26:12 AM",75.5926
"2016-07-27:12 AM",76.4573
"2016-07-28:12 AM",77.6435
"2016-07-29:12 AM",77.4986
"2016-07-30:12 AM",75.7632
"2016-07-31:12 AM",75.8304
"2016-08-01:12 AM",74.8918
"2016-08-02:12 AM",73.7312
"2016-08-03:12 AM",72.5149
"2016-08-04:12 AM",72.8056
"2016-08-05:12 AM",72.5625
"2016-08-06:12 AM",73.5098
"2016-08-07:12 AM",73.5064
"2016-08-08:12 AM",74.9451
"2016-08-09:12 AM",74.3092
"2016-08-10:12 AM",72.2764
"2016-08-11:12 AM",71.5435
"2016-08-12:12 AM",72.3898
"2016-08-13:12 AM",69.8569
"2016-08-14:12 AM",68.385
"2016-08-15:12 AM",70.3
"2016-08-16:12 AM",71.3316
"2016-08-17:12 AM",71.022
"2016-08-18:12 AM",71.4409
"2016-08-19:12 AM",71.5413
"2016-08-20:12 AM",69.1266
"2016-08-21:12 AM",66.7503
"2016-08-22:12 AM",66.9616
"2016-08-23:12 AM",67.8969
"2016-08-24:12 AM",66.4158
"2016-08-25:12 AM",66.3607
"2016-08-26:12 AM",66.29
"2016-08-27:12 AM",67.2442
"2016-08-28:12 AM",67.5172
"2016-08-29:12 AM",66.0015
"2016-08-30:12 AM",64.5625
"2016-08-31:12 AM",65.44
"2016-09-01:12 AM",67.0831
"2016-09-02:12 AM",67.7719
"2016-09-03:12 AM",69.2591
"2016-09-04:12 AM",70.7234
"2016-09-05:12 AM",71.026
"2016-09-06:12 AM",69.4978
"2016-09-07:12 AM",65.917
"2016-09-08:12 AM",68.3589
"2016-09-09:12 AM",70.7301
"2016-09-10:12 AM",65.619
"2016-09-11:12 AM",67.3336
"2016-09-12:12 AM",68.6284
"2016-09-13:12 AM",65.9147
"2016-09-14:12 AM",65.773
"2016-09-15:12 AM",65.6897
"2016-09-16:12 AM",64.4893
"2016-09-17:12 AM",64.8084
"2016-09-18:12 AM",67.2996
"2016-09-19:12 AM",69.998
"2016-09-20:12 AM",69.8124
"2016-09-21:12 AM",69.892
"2016-09-22:12 AM",68.7511
"2016-09-23:12 AM",65.6006
"2016-09-24:12 AM",59.2005
"2016-09-25:12 AM",58.0681
"2016-09-26:12 AM",57.5272
"2016-09-27:12 AM",58.7473
"2016-09-28:12 AM",62.8968
"2016-09-29:12 AM",63.4964
"2016-09-30:12 AM",63.2912
"2016-10-01:12 AM",63.0198
"2016-10-02:12 AM",65.0894
"2016-10-03:12 AM",64.0926
"2016-10-04:12 AM",57.567
"2016-10-05:12 AM",56.9365
"2016-10-06:12 AM",58.8807
"2016-10-07:12 AM",54.2977
"2016-10-08:12 AM",55.9411
"2016-10-09:12 AM",57.7558
"2016-10-10:12 AM",60.481
"2016-10-11:12 AM",63.7189
"2016-10-12:12 AM",62.1437
"2016-10-13:12 AM",58.2877
"2016-10-14:12 AM",59.8492
"2016-10-15:12 AM",63.4104
"2016-10-16:12 AM",63.8107
"2016-10-17:12 AM",64.6315
"2016-10-18:12 AM",61.8492
"2016-10-19:12 AM",59.5906
"2016-10-20:12 AM",52.7349
"2016-10-21:12 AM",54.444
"2016-10-22:12 AM",58.8614
"2016-10-23:12 AM",61.5765
"2016-10-24:12 AM",60.9226
"2016-10-25:12 AM",62.8515
"2016-10-26:12 AM",59.8222
"2016-10-27:12 AM",59.8014
"2016-10-28:12 AM",62.0424
"2016-10-29:12 AM",62.4756
"2016-10-30:12 AM",60.3718
"2016-10-31:12 AM",61.4487
"2016-11-01:12 AM",58.8249
"2016-11-02:12 AM",56.1657
"2016-11-03:12 AM",53.0402
"2016-11-04:12 AM",52.016
"2016-11-05:12 AM",50.9925
"2016-11-06:12 AM",51.78
"2016-11-07:12 AM",51.0814
"2016-11-08:12 AM",49.2316
"2016-11-09:12 AM",44.9692
"2016-11-10:12 AM",44.6441
"2016-11-11:12 AM",45.6627
"2016-11-12:12 AM",45.0021
"2016-11-13:12 AM",46.4828
"2016-11-14:12 AM",48.3179
"2016-11-15:12 AM",51.2789
"2016-11-16:12 AM",52.8399
"2016-11-17:12 AM",51.1171
"2016-11-18:12 AM",38.2633
"2016-11-19:12 AM",38.9732
"2016-11-20:12 AM",46.2403
"2016-11-21:12 AM",49.7386
"2016-11-22:12 AM",43.6773
"2016-11-23:12 AM",40.2519
"2016-11-24:12 AM",40.6553
"2016-11-25:12 AM",38.2982
"2016-11-26:12 AM",41.5065
"2016-11-27:12 AM",44.836
"2016-11-28:12 AM",36.6485
"2016-11-29:12 AM",32.5042
"2016-11-30:12 AM",27.1319
"2016-12-01:12 AM",28.8961
"2016-12-02:12 AM",33.4782
"2016-12-03:12 AM",33.4308
"2016-12-04:12 AM",31.3326
"2016-12-05:12 AM",35.9924
"2016-12-06:12 AM",35.6763
"2016-12-07:12 AM",35.1876
"2016-12-08:12 AM",28.0195
"2016-12-09:12 AM",31.4856
"2016-12-10:12 AM",38.1448
"2016-12-11:12 AM",43.8399
"2016-12-12:12 AM",43.2901
"2016-12-13:12 AM",43.6721
"2016-12-14:12 AM",44.0823
"2016-12-15:12 AM",44.2483
"2016-12-16:12 AM",48.7884
"2016-12-17:12 AM",38.9206
"2016-12-18:12 AM",21.5031
"2016-12-19:12 AM",26.028
"2016-12-20:12 AM",33.2911
"2016-12-21:12 AM",40.4645
"2016-12-22:12 AM",38.6056
"2016-12-23:12 AM",39.6451
"2016-12-24:12 AM",39.996
"2016-12-25:12 AM",35.5543
"2016-12-26:12 AM",30.7301
"2016-12-27:12 AM",34.5817
"2016-12-28:12 AM",39.844
"2016-12-29:12 AM",36.6949
"2016-12-30:12 AM",35.5953
"2016-12-31:12 AM",39.2914
"2017-01-01:12 AM",38.4562
"2017-01-02:12 AM",37.4563
"2017-01-03:12 AM",36.6373
"2017-01-04:12 AM",39.2353
"2017-01-05:12 AM",39.6952
"2017-01-06:12 AM",24.9467
"2017-01-07:12 AM",20.9687
"2017-01-08:12 AM",32.5463
"2017-01-09:12 AM",43.7455
"2017-01-10:12 AM",44.697
"2017-01-11:12 AM",45.5104
"2017-01-12:12 AM",43.3054
"2017-01-13:12 AM",42.1637
"2017-01-14:12 AM",42.5793
"2017-01-15:12 AM",38.9658
"2017-01-16:12 AM",37.5361
"2017-01-17:12 AM",36.8512
"2017-01-18:12 AM",36.3344
"2017-01-19:12 AM",37.4074
"2017-01-20:12 AM",36.6836
"2017-01-21:12 AM",35.3244
"2017-01-22:12 AM",32.4394
"2017-01-23:12 AM",38.2766
"2017-01-24:12 AM",36.4462
"2017-01-25:12 AM",27.6507
"2017-01-26:12 AM",24.746
"2017-01-27:12 AM",22.5891
"2017-01-28:12 AM",25.909
"2017-01-29:12 AM",32.0151
"2017-01-30:12 AM",36.4861
"2017-01-31:12 AM",40.2699
"2017-02-01:12 AM",42.472
"2017-02-02:12 AM",38.8857
"2017-02-03:12 AM",38.9122
"2017-02-04:12 AM",41.6291
"2017-02-05:12 AM",44.647
"2017-02-06:12 AM",45.5916
"2017-02-07:12 AM",45.2966
"2017-02-08:12 AM",48.7587
"2017-02-09:12 AM",50.3956
"2017-02-10:12 AM",54.2343
"2017-02-11:12 AM",56.0532
"2017-02-12:12 AM",46.6255
"2017-02-13:12 AM",38.246
"2017-02-14:12 AM",38.2248
"2017-02-15:12 AM",36.9617
"2017-02-16:12 AM",41.0526
"2017-02-17:12 AM",44.1882
"2017-02-18:12 AM",47.0547
"2017-02-19:12 AM",43.8456
"2017-02-20:12 AM",43.565
"2017-02-21:12 AM",49.1463
"2017-02-22:12 AM",52.8309
"2017-02-23:12 AM",48.3213
"2017-02-24:12 AM",37.1509
"2017-02-25:12 AM",35.8021
"2017-02-26:12 AM",38.5475
"2017-02-27:12 AM",41.6208
"2017-02-28:12 AM",46.6979
"2017-03-01:12 AM",39.8876
"2017-03-02:12 AM",38.4327
"2017-03-03:12 AM",41.7387
"2017-03-04:12 AM",47.4019
"2017-03-05:12 AM",50.4174
"2017-03-06:12 AM",49.1855
"2017-03-07:12 AM",43.9939
"2017-03-08:12 AM",50.1822
"2017-03-09:12 AM",54.8776
"2017-03-10:12 AM",55.5417
"2017-03-11:12 AM",55.3071
"2017-03-12:12 AM",51.0658
"2017-03-13:12 AM",51.8292
"2017-03-14:12 AM",56.4307
"2017-03-15:12 AM",58.7723
"2017-03-16:12 AM",59.6984
"2017-03-17:12 AM",60.9136
"2017-03-18:12 AM",61.1316
"2017-03-19:12 AM",63.228
"2017-03-20:12 AM",63.6847
"2017-03-21:12 AM",63.8074
"2017-03-22:12 AM",62.0283
"2017-03-23:12 AM",56.6114
"2017-03-24:12 AM",48.8685
"2017-03-25:12 AM",51.4834
"2017-03-26:12 AM",52.3306
"2017-03-27:12 AM",52.054
"2017-03-28:12 AM",50.5976
"2017-03-29:12 AM",46.4313
"2017-03-30:12 AM",51.8373
"2017-03-31:12 AM",53.1966
"2017-04-01:12 AM",43.1033
"2017-04-02:12 AM",45.2169
"2017-04-03:12 AM",52.1827
"2017-04-04:12 AM",47.6803
"2017-04-05:12 AM",44.1702
"2017-04-06:12 AM",51.9474
"2017-04-07:12 AM",58.4856
"2017-04-08:12 AM",60.8781
"2017-04-09:12 AM",56.9611
"2017-04-10:12 AM",53.2888
"2017-04-11:12 AM",55.9373
"2017-04-12:12 AM",60.0775
"2017-04-13:12 AM",59.5648
"2017-04-14:12 AM",62.5582
"2017-04-15:12 AM",61.3483
"2017-04-16:12 AM",61.5465
"2017-04-17:12 AM",62.737
"2017-04-18:12 AM",64.6182
"2017-04-19:12 AM",64.9121
"2017-04-20:12 AM",61.5837
"2017-04-21:12 AM",60.6301
"2017-04-22:12 AM",54.7214
"2017-04-23:12 AM",56.4568
"2017-04-24:12 AM",63.0167
"2017-04-25:12 AM",59.3116
"2017-04-26:12 AM",53.2191
"2017-04-27:12 AM",58.5205
"2017-04-28:12 AM",53.1036
"2017-04-29:12 AM",41.4954
"2017-04-30:12 AM",43.7518
"2017-05-01:12 AM",54.1978
"2017-05-02:12 AM",60.4589
"2017-05-03:12 AM",60.1059
"2017-05-04:12 AM",59.018
"2017-05-05:12 AM",64.3091
"2017-05-06:12 AM",67.3182
"2017-05-07:12 AM",66.7852
"2017-05-08:12 AM",62.8336
"2017-05-09:12 AM",58.4398
"2017-05-10:12 AM",52.2324
"2017-05-11:12 AM",55.2664
"2017-05-12:12 AM",60.6731
"2017-05-13:12 AM",65.5027
"2017-05-14:12 AM",67.1218
"2017-05-15:12 AM",65.3835
"2017-05-16:12 AM",58.3529
"2017-05-17:12 AM",55.5892
"2017-05-18:12 AM",57.3483
"2017-05-19:12 AM",53.4628
"2017-05-20:12 AM",54.3931
"2017-05-21:12 AM",59.7556
"2017-05-22:12 AM",62.44
"2017-05-23:12 AM",60.6709
"2017-05-24:12 AM",64.5996
"2017-05-25:12 AM",71.265
"2017-05-26:12 AM",68.9085
"2017-05-27:12 AM",67.6985
"2017-05-28:12 AM",63.7342
"2017-05-29:12 AM",64.2229
"2017-05-30:12 AM",65.2896
"2017-05-31:12 AM",64.989
"2017-06-01:12 AM",64.9911
"2017-06-02:12 AM",65.721
"2017-06-03:12 AM",67.0352
"2017-06-04:12 AM",70.0333
"2017-06-05:12 AM",73.1991
"2017-06-06:12 AM",72.6348
"2017-06-07:12 AM",71.1273
"2017-06-08:12 AM",72.399
"2017-06-09:12 AM",74.9541
"2017-06-10:12 AM",76.4879
"2017-06-11:12 AM",74.2833
"2017-06-12:12 AM",72.8728
"2017-06-13:12 AM",70.8512
"2017-06-14:12 AM",71.8169
"2017-06-15:12 AM",76.1293
"2017-06-16:12 AM",78.0786
"2017-06-17:12 AM",80.0953
"2017-06-18:12 AM",77.6325
"2017-06-19:12 AM",77.6534
"2017-06-20:12 AM",80.6185
"2017-06-21:12 AM",82.0477
"2017-06-22:12 AM",83.0928
"2017-06-23:12 AM",81.6517
"2017-06-24:12 AM",75.4173
"2017-06-25:12 AM",73.5278
"2017-06-26:12 AM",72.8764
"2017-06-27:12 AM",75.2956
"2017-06-28:12 AM",76.8443
"2017-06-29:12 AM",77.8156
"2017-06-30:12 AM",76.4397
"2017-07-01:12 AM",75.2524
"2017-07-02:12 AM",76.5462
"2017-07-03:12 AM",78.6238
"2017-07-04:12 AM",78.7307
"2017-07-05:12 AM",79.2558
"2017-07-06:12 AM",78.7244
"2017-07-07:12 AM",77.1852
"2017-07-08:12 AM",76.8151
"2017-07-09:12 AM",75.096
"2017-07-10:12 AM",75.976
"2017-07-11:12 AM",76.5837
"2017-07-12:12 AM",76.653
"2017-07-13:12 AM",75.1462
"2017-07-14:12 AM",72.5643
"2017-07-15:12 AM",71.4745
"2017-07-16:12 AM",72.3121
"2017-07-17:12 AM",73.9591
"2017-07-18:12 AM",75.628
"2017-07-19:12 AM",75.7814
"2017-07-20:12 AM",73.9161
"2017-07-21:12 AM",74.0354
"2017-07-22:12 AM",74.3884
"2017-07-23:12 AM",72.4995
"2017-07-24:12 AM",72.2313
"2017-07-25:12 AM",73.598
"2017-07-26:12 AM",75.3625
"2017-07-27:12 AM",73.3046
"2017-07-28:12 AM",73.3177
"2017-07-29:12 AM",73.5235
"2017-07-30:12 AM",72.8078
"2017-07-31:12 AM",71.3869
"2017-08-01:12 AM",69.0391
"2017-08-02:12 AM",70.299
"2017-08-03:12 AM",71.0247
"2017-08-04:12 AM",70.8996
"2017-08-05:12 AM",71.6832
"2017-08-06:12 AM",71.8259
"2017-08-07:12 AM",71.3039
"2017-08-08:12 AM",69.6074
"2017-08-09:12 AM",72.552
"2017-08-10:12 AM",74.5837
"2017-08-11:12 AM",70.6314
"2017-08-12:12 AM",69.7462
"2017-08-13:12 AM",71.6029
"2017-08-14:12 AM",71.5642
"2017-08-15:12 AM",70.8379
"2017-08-16:12 AM",70.245
"2017-08-17:12 AM",71.5518
"2017-08-18:12 AM",73.7631
"2017-08-19:12 AM",73.4549
"2017-08-20:12 AM",69.2874
"2017-08-21:12 AM",68.1015
"2017-08-22:12 AM",69.3946
"2017-08-23:12 AM",69.6549
"2017-08-24:12 AM",67.9716
"2017-08-25:12 AM",67.9258
"2017-08-26:12 AM",70.2912
"2017-08-27:12 AM",71.6536
"2017-08-28:12 AM",70.7529
"2017-08-29:12 AM",69.6573
"2017-08-30:12 AM",70.0218
"2017-08-31:12 AM",69.8202
"2017-09-01:12 AM",70.6348
"2017-09-02:12 AM",71.7192
"2017-09-03:12 AM",73.3285
"2017-09-04:12 AM",73.9431
"2017-09-05:12 AM",70.6384
"2017-09-06:12 AM",68.8539
"2017-09-07:12 AM",69.3678
"2017-09-08:12 AM",71.206
"2017-09-09:12 AM",68.9805
"2017-09-10:12 AM",68.2939
"2017-09-11:12 AM",69.3847
"2017-09-12:12 AM",71.7757
"2017-09-13:12 AM",73.1439
"2017-09-14:12 AM",72.1161
"2017-09-15:12 AM",68.7717
"2017-09-16:12 AM",67.5675
"2017-09-17:12 AM",66.8203
"2017-09-18:12 AM",67.6382
"2017-09-19:12 AM",67.9176
"2017-09-20:12 AM",68.2662
"2017-09-21:12 AM",68.6543
"2017-09-22:12 AM",69.0283
"2017-09-23:12 AM",63.849
"2017-09-24:12 AM",60.3606
"2017-09-25:12 AM",59.4867
"2017-09-26:12 AM",56.6564
"2017-09-27:12 AM",55.0638
"2017-09-28:12 AM",55.4175
"2017-09-29:12 AM",56.2962
"2017-09-30:12 AM",58.5628
"2017-10-01:12 AM",61.7855
"2017-10-02:12 AM",62.1399
"2017-10-03:12 AM",61.9605
"2017-10-04:12 AM",63.6825
"2017-10-05:12 AM",65.327
"2017-10-06:12 AM",64.0125
"2017-10-07:12 AM",55.7121
"2017-10-08:12 AM",57.7958
"2017-10-09:12 AM",53.6214
"2017-10-10:12 AM",45.7434
"2017-10-11:12 AM",52.2581
"2017-10-12:12 AM",60.7584
"2017-10-13:12 AM",62.1772
"2017-10-14:12 AM",61.8928
"2017-10-15:12 AM",51.5934
"2017-10-16:12 AM",52.4091
"2017-10-17:12 AM",56.7903
"2017-10-18:12 AM",59.5668
"2017-10-19:12 AM",59.6097
"2017-10-20:12 AM",58.1128
"2017-10-21:12 AM",55.333
"2017-10-22:12 AM",50.3911
"2017-10-23:12 AM",55.8523
"2017-10-24:12 AM",51.0678
"2017-10-25:12 AM",51.8194
"2017-10-26:12 AM",55.6903
"2017-10-27:12 AM",45.7772
"2017-10-28:12 AM",43.9475
"2017-10-29:12 AM",48.9713
"2017-10-30:12 AM",49.8582
"2017-10-31:12 AM",46.2859
"2017-11-01:12 AM",52.6444
"2017-11-02:12 AM",53.6644
"2017-11-03:12 AM",52.6384
"2017-11-04:12 AM",56.1389
"2017-11-05:12 AM",55.7528
"2017-11-06:12 AM",53.8882
"2017-11-07:12 AM",51.9751
"2017-11-08:12 AM",45.7435
"2017-11-09:12 AM",45.8967
"2017-11-10:12 AM",49.1878
"2017-11-11:12 AM",52.2662
"2017-11-12:12 AM",49.3349
"2017-11-13:12 AM",52.1802
"2017-11-14:12 AM",54.3943
"2017-11-15:12 AM",51.0699
"2017-11-16:12 AM",51.5685
"2017-11-17:12 AM",56.3778
"2017-11-18:12 AM",46.1948
"2017-11-19:12 AM",38.3257
"2017-11-20:12 AM",42.0998
"2017-11-21:12 AM",48.3327
"2017-11-22:12 AM",45.3117
"2017-11-23:12 AM",49.1983
"2017-11-24:12 AM",52.1364
"2017-11-25:12 AM",51.3723
"2017-11-26:12 AM",50.1607
"2017-11-27:12 AM",52.5339
"2017-11-28:12 AM",48.5404
"2017-11-29:12 AM",42.9735
"2017-11-30:12 AM",46.1298
"2017-12-01:12 AM",48.927
"2017-12-02:12 AM",49.1178
"2017-12-03:12 AM",50.4671
"2017-12-04:12 AM",46.5705
"2017-12-05:12 AM",37.0134
"2017-12-06:12 AM",33.8853
"2017-12-07:12 AM",26.6445
"2017-12-08:12 AM",29.6011
"2017-12-09:12 AM",35.8295
"2017-12-10:12 AM",37.0283
"2017-12-11:12 AM",38.34
"2017-12-12:12 AM",38.3052
"2017-12-13:12 AM",38.8918
"2017-12-14:12 AM",36.3873
"2017-12-15:12 AM",33.2429
"2017-12-16:12 AM",35.1867
"2017-12-17:12 AM",37.7166
"2017-12-18:12 AM",37.8948
"2017-12-19:12 AM",37.2056
"2017-12-20:12 AM",39.9015
"2017-12-21:12 AM",41.3492
"2017-12-22:12 AM",29.3749
"2017-12-23:12 AM",34.1548
"2017-12-24:12 AM",37.9733
"2017-12-25:12 AM",40.4578
"2017-12-26:12 AM",40.3524
"2017-12-27:12 AM",37.1001
"2017-12-28:12 AM",40.1383
"2017-12-29:12 AM",42.9044
"2017-12-30:12 AM",43.9795
"2017-12-31:12 AM",39.2065
"2018-01-01:12 AM",30.9429
"2018-01-02:12 AM",30.5778
"2018-01-03:12 AM",32.614
"2018-01-04:12 AM",37.177
"2018-01-05:12 AM",38.6263
"2018-01-06:12 AM",42.3673
"2018-01-07:12 AM",44.7769
"2018-01-08:12 AM",41.0932
"2018-01-09:12 AM",46.5561
"2018-01-10:12 AM",45.5497
"2018-01-11:12 AM",38.2964
"2018-01-12:12 AM",37.9827
"2018-01-13:12 AM",37.3813
"2018-01-14:12 AM",38.8207
"2018-01-15:12 AM",37.8151
"2018-01-16:12 AM",28.8271
"2018-01-17:12 AM",28.3883
"2018-01-18:12 AM",33.5529
"2018-01-19:12 AM",40.7808
"2018-01-20:12 AM",45.2921
"2018-01-21:12 AM",36.1702
"2018-01-22:12 AM",28.4824
"2018-01-23:12 AM",30.3984
"2018-01-24:12 AM",33.1815
"2018-01-25:12 AM",36.547
"2018-01-26:12 AM",39.4572
"2018-01-27:12 AM",34.6752
"2018-01-28:12 AM",37.7456
"2018-01-29:12 AM",39.4232
"2018-01-30:12 AM",42.8877
"2018-01-31:12 AM",47.2008
"2018-02-01:12 AM",46.2177
"2018-02-02:12 AM",43.7965
"2018-02-03:12 AM",47.8636
"2018-02-04:12 AM",47.7567
"2018-02-05:12 AM",47.1268
"2018-02-06:12 AM",44.9006
"2018-02-07:12 AM",41.2767
"2018-02-08:12 AM",43.9817
"2018-02-09:12 AM",48.1059
"2018-02-10:12 AM",46.6862
"2018-02-11:12 AM",37.4835
"2018-02-12:12 AM",37.785
"2018-02-13:12 AM",43.9543
"2018-02-14:12 AM",47.2879
"2018-02-15:12 AM",48.0456
"2018-02-16:12 AM",41.6257
"2018-02-17:12 AM",44.1865
"2018-02-18:12 AM",46.1091
"2018-02-19:12 AM",46.3977
"2018-02-20:12 AM",39.4187
"2018-02-21:12 AM",32.8267
"2018-02-22:12 AM",34.5049
"2018-02-23:12 AM",37.1898
"2018-02-24:12 AM",34.876
"2018-02-25:12 AM",33.0735
"2018-02-26:12 AM",36.7806
"2018-02-27:12 AM",43.6678
"2018-02-28:12 AM",41.6808
"2018-03-01:12 AM",39.24
"2018-03-02:12 AM",44.4024
"2018-03-03:12 AM",49.613
"2018-03-04:12 AM",49.0228
"2018-03-05:12 AM",41.2074
"2018-03-06:12 AM",39.918
"2018-03-07:12 AM",41.6642
"2018-03-08:12 AM",49.9703
"2018-03-09:12 AM",52.3728
"2018-03-10:12 AM",52.704
"2018-03-11:12 AM",45.7801
"2018-03-12:12 AM",43.9615
"2018-03-13:12 AM",46.274
"2018-03-14:12 AM",50.6404
"2018-03-15:12 AM",51.8598
"2018-03-16:12 AM",47.0345
"2018-03-17:12 AM",49.8252
"2018-03-18:12 AM",45.606
"2018-03-19:12 AM",40.8346
"2018-03-20:12 AM",43.1038
"2018-03-21:12 AM",50.8453
"2018-03-22:12 AM",58.9404
"2018-03-23:12 AM",61.2658
"2018-03-24:12 AM",56.1906
"2018-03-25:12 AM",56.6271
"2018-03-26:12 AM",52.9747
"2018-03-27:12 AM",45.012
"2018-03-28:12 AM",43.554
"2018-03-29:12 AM",48.8547
"2018-03-30:12 AM",52.1872
"2018-03-31:12 AM",57.7731
"2018-04-01:12 AM",58.5234
"2018-04-02:12 AM",57.6304
"2018-04-03:12 AM",57.0171
"2018-04-04:12 AM",52.0198
"2018-04-05:12 AM",58.4125
"2018-04-06:12 AM",59.5818
"2018-04-07:12 AM",55.9405
"2018-04-08:12 AM",62.0906
"2018-04-09:12 AM",56.8274
"2018-04-10:12 AM",56.237
"2018-04-11:12 AM",63.5531
"2018-04-12:12 AM",64.6234
"2018-04-13:12 AM",47.6757
"2018-04-14:12 AM",44.5716
"2018-04-15:12 AM",51.3583
"2018-04-16:12 AM",59.6224
"2018-04-17:12 AM",62.1712
"2018-04-18:12 AM",53.2913
"2018-04-19:12 AM",55.3618
"2018-04-20:12 AM",53.3912
"2018-04-21:12 AM",50.0828
"2018-04-22:12 AM",54.228
"2018-04-23:12 AM",60.7249
"2018-04-24:12 AM",63.192
"2018-04-25:12 AM",56.9629
"2018-04-26:12 AM",59.1154
"2018-04-27:12 AM",57.9114
"2018-04-28:12 AM",61.7614
"2018-04-29:12 AM",64.3987
"2018-04-30:12 AM",62.9586
"2018-05-01:12 AM",60.9548
"2018-05-02:12 AM",58.4982
"2018-05-03:12 AM",52.7799
"2018-05-04:12 AM",56.782
"2018-05-05:12 AM",60.7273
"2018-05-06:12 AM",66.2025
"2018-05-07:12 AM",69.9472
"2018-05-08:12 AM",73.3951
"2018-05-09:12 AM",72.9689
"2018-05-10:12 AM",74.05
"2018-05-11:12 AM",72.9275
"2018-05-12:12 AM",70.4241
"2018-05-13:12 AM",67.5273
"2018-05-14:12 AM",67.2276
"2018-05-15:12 AM",67.1743
"2018-05-16:12 AM",68.67
"2018-05-17:12 AM",70.1991
"2018-05-18:12 AM",67.5376
"2018-05-19:12 AM",65.3416
"2018-05-20:12 AM",62.7613
"2018-05-21:12 AM",65.0431
"2018-05-22:12 AM",65.3338
"2018-05-23:12 AM",66.8226
"2018-05-24:12 AM",69.3264
"2018-05-25:12 AM",72.4928
"2018-05-26:12 AM",72.8569
"2018-05-27:12 AM",72.2971
"2018-05-28:12 AM",69.9186
"2018-05-29:12 AM",70.3897
"2018-05-30:12 AM",72.4242
"2018-05-31:12 AM",73.7748
"2018-06-01:12 AM",74.961
"2018-06-02:12 AM",73.7046
"2018-06-03:12 AM",70.5533
"2018-06-04:12 AM",72.444
"2018-06-05:12 AM",76.2809
"2018-06-06:12 AM",77.7623
"2018-06-07:12 AM",77.5132
"2018-06-08:12 AM",77.2444
"2018-06-09:12 AM",74.6726
"2018-06-10:12 AM",75.8557
"2018-06-11:12 AM",76.8632
"2018-06-12:12 AM",78.498
"2018-06-13:12 AM",78.606
"2018-06-14:12 AM",76.0694
"2018-06-15:12 AM",75.1392
"2018-06-16:12 AM",68.59
"2018-06-17:12 AM",67.969
"2018-06-18:12 AM",71.6288
"2018-06-19:12 AM",75.4185
"2018-06-20:12 AM",75.272
"2018-06-21:12 AM",77.306
"2018-06-22:12 AM",79.9849
"2018-06-23:12 AM",78.8689
"2018-06-24:12 AM",78.7068
"2018-06-25:12 AM",75.4061
"2018-06-26:12 AM",79.6044
"2018-06-27:12 AM",81.5281
"2018-06-28:12 AM",81.3366
"2018-06-29:12 AM",78.021
"2018-06-30:12 AM",75.1678
"2018-07-01:12 AM",75.0553
"2018-07-02:12 AM",76.4199
"2018-07-03:12 AM",77.7321
"2018-07-04:12 AM",77.2495
"2018-07-05:12 AM",75.3069
"2018-07-06:12 AM",72.595
"2018-07-07:12 AM",73.4644
"2018-07-08:12 AM",73.3176
"2018-07-09:12 AM",72.1879
"2018-07-10:12 AM",72.4464
"2018-07-11:12 AM",72.7714
"2018-07-12:12 AM",71.4936
"2018-07-13:12 AM",72.5709
"2018-07-14:12 AM",71.9919
"2018-07-15:12 AM",72.9131
"2018-07-16:12 AM",72.8166
"2018-07-17:12 AM",73.584
"2018-07-18:12 AM",77.2304
"2018-07-19:12 AM",79.7265
"2018-07-20:12 AM",78.8229
"2018-07-21:12 AM",79.3593
"2018-07-22:12 AM",80.7463
"2018-07-23:12 AM",79.3364
"2018-07-24:12 AM",75.177
"2018-07-25:12 AM",74.8742
"2018-07-26:12 AM",73.2018
"2018-07-27:12 AM",70.8921
"2018-07-28:12 AM",72.6535
"2018-07-29:12 AM",75.4839
"2018-07-30:12 AM",73.998
"2018-07-31:12 AM",71.6513
"2018-08-01:12 AM",73.4614
"2018-08-02:12 AM",74.4775
"2018-08-03:12 AM",72.9988
"2018-08-04:12 AM",74.8072
"2018-08-05:12 AM",76.2204
"2018-08-06:12 AM",75.0137
"2018-08-07:12 AM",76.3187
"2018-08-08:12 AM",76.7514
"2018-08-09:12 AM",72.6197
"2018-08-10:12 AM",70.65
"2018-08-11:12 AM",68.6736
"2018-08-12:12 AM",68.5942
"2018-08-13:12 AM",71.7944
"2018-08-14:12 AM",74.8926
"2018-08-15:12 AM",74.9923
"2018-08-16:12 AM",74.3436
"2018-08-17:12 AM",74.1893
"2018-08-18:12 AM",72.3371
"2018-08-19:12 AM",72.8073
"2018-08-20:12 AM",71.6749
"2018-08-21:12 AM",72.0001
"2018-08-22:12 AM",70.4599
"2018-08-23:12 AM",69.7438
"2018-08-24:12 AM",71.6029
"2018-08-25:12 AM",70.4044
"2018-08-26:12 AM",70.5191
"2018-08-27:12 AM",71.9341
"2018-08-28:12 AM",72.27
"2018-08-29:12 AM",72.6933
"2018-08-30:12 AM",75.3415
"2018-08-31:12 AM",74.7678
"2018-09-01:12 AM",70.297
"2018-09-02:12 AM",66.0162
"2018-09-03:12 AM",66.4011
"2018-09-04:12 AM",67.399
"2018-09-05:12 AM",67.4946
"2018-09-06:12 AM",64.9965
"2018-09-07:12 AM",65.0412
"2018-09-08:12 AM",66.47
"2018-09-09:12 AM",68.6399
"2018-09-10:12 AM",69.7406
"2018-09-11:12 AM",70.1319
"2018-09-12:12 AM",71.0762
"2018-09-13:12 AM",71.4366
"2018-09-14:12 AM",71.8065
"2018-09-15:12 AM",71.0672
"2018-09-16:12 AM",71.1529
"2018-09-17:12 AM",72.2464
"2018-09-18:12 AM",72.7333
"2018-09-19:12 AM",70.8091
"2018-09-20:12 AM",65.3909
"2018-09-21:12 AM",62.7903
"2018-09-22:12 AM",63.0876
"2018-09-23:12 AM",64.4131
"2018-09-24:12 AM",66.1818
"2018-09-25:12 AM",66.9803
"2018-09-26:12 AM",59.9817
"2018-09-27:12 AM",62.1633
"2018-09-28:12 AM",65.8144
"2018-09-29:12 AM",65.6402
"2018-09-30:12 AM",67.735
"2018-10-01:12 AM",66.6104
"2018-10-02:12 AM",64.8014
"2018-10-03:12 AM",66.2859
"2018-10-04:12 AM",65.3518
"2018-10-05:12 AM",64.1473
"2018-10-06:12 AM",58.5871
"2018-10-07:12 AM",58.0154
"2018-10-08:12 AM",52.7562
"2018-10-09:12 AM",47.8452
"2018-10-10:12 AM",49.1833
"2018-10-11:12 AM",51.4409
"2018-10-12:12 AM",54.8181
"2018-10-13:12 AM",54.8154
"2018-10-14:12 AM",50.6862
"2018-10-15:12 AM",37.3712
"2018-10-16:12 AM",39.0922
"2018-10-17:12 AM",42.4279
"2018-10-18:12 AM",44.7415
"2018-10-19:12 AM",49.4758
"2018-10-20:12 AM",52.7986
"2018-10-21:12 AM",51.78
"2018-10-22:12 AM",54.2712
"2018-10-23:12 AM",53.3374
"2018-10-24:12 AM",50.1811
"2018-10-25:12 AM",50.3688
"2018-10-26:12 AM",51.1358
"2018-10-27:12 AM",53.2222
"2018-10-28:12 AM",54.3421
"2018-10-29:12 AM",56.0323
"2018-10-30:12 AM",54.5927
"2018-10-31:12 AM",44.6724
"2018-11-01:12 AM",40.6105
"2018-11-02:12 AM",44.7154
"2018-11-03:12 AM",46.983
"2018-11-04:12 AM",44.436
"2018-11-05:12 AM",49.3416
"2018-11-06:12 AM",49.5194
"2018-11-07:12 AM",47.4415
"2018-11-08:12 AM",45.2673
"2018-11-09:12 AM",39.1152
"2018-11-10:12 AM",39.5359
"2018-11-11:12 AM",41.3911
"2018-11-12:12 AM",28.189
"2018-11-13:12 AM",24.6754
"2018-11-14:12 AM",31.7847
"2018-11-15:12 AM",36.9757
"2018-11-16:12 AM",39.7485
"2018-11-17:12 AM",40.6254
"2018-11-18:12 AM",37.1923
"2018-11-19:12 AM",36.5769
"2018-11-20:12 AM",37.0197
"2018-11-21:12 AM",39.4882
"2018-11-22:12 AM",41.9405
"2018-11-23:12 AM",42.3493
"2018-11-24:12 AM",43.484
"2018-11-25:12 AM",37.1527
"2018-11-26:12 AM",33.1983
"2018-11-27:12 AM",37.1201
"2018-11-28:12 AM",43.1987
"2018-11-29:12 AM",45.5697
"2018-11-30:12 AM",42.786
"2018-12-01:12 AM",38.1664
"2018-12-02:12 AM",34.3533
"2018-12-03:12 AM",28.8289
"2018-12-04:12 AM",28.8262
"2018-12-05:12 AM",33.9863
"2018-12-06:12 AM",37.6907
"2018-12-07:12 AM",37.5402
"2018-12-08:12 AM",35.9006
"2018-12-09:12 AM",34.227
"2018-12-10:12 AM",33.7336
"2018-12-11:12 AM",38.7712
"2018-12-12:12 AM",40.6035
"2018-12-13:12 AM",33.2002
"2018-12-14:12 AM",32.09
"2018-12-15:12 AM",36.554
"2018-12-16:12 AM",40.8141
"2018-12-17:12 AM",41.0337
"2018-12-18:12 AM",40.3637
"2018-12-19:12 AM",40.2534
"2018-12-20:12 AM",37.4652
"2018-12-21:12 AM",40.6123
"2018-12-22:12 AM",43.4347
"2018-12-23:12 AM",36.2507
"2018-12-24:12 AM",38.8852
"2018-12-25:12 AM",41.0583
"2018-12-26:12 AM",38.7055
"2018-12-27:12 AM",32.9482
"2018-12-28:12 AM",25.0833
"2018-12-29:12 AM",18.8755
"2018-12-30:12 AM",19.8138
"2018-12-31:12 AM",25.9594
"2019-01-01:12 AM",23.3429
"2019-01-02:12 AM",20.6749
"2019-01-03:12 AM",22.23
"2019-01-04:12 AM",29.0293
"2019-01-05:12 AM",34.0367
"2019-01-06:12 AM",39.8327
"2019-01-07:12 AM",36.334
"2019-01-08:12 AM",35.4357
"2019-01-09:12 AM",36.4338
"2019-01-10:12 AM",39.9448
"2019-01-11:12 AM",39.7342
"2019-01-12:12 AM",34.7108
"2019-01-13:12 AM",33.598
"2019-01-14:12 AM",34.9569
"2019-01-15:12 AM",36.9345
"2019-01-16:12 AM",40.8538
"2019-01-17:12 AM",41.2453
"2019-01-18:12 AM",41.4167
"2019-01-19:12 AM",35.1475
"2019-01-20:12 AM",38.1187
"2019-01-21:12 AM",42.6798
"2019-01-22:12 AM",34.2982
"2019-01-23:12 AM",29.8279
"2019-01-24:12 AM",32.3784
"2019-01-25:12 AM",32.3449
"2019-01-26:12 AM",33.0481
"2019-01-27:12 AM",36.0036
"2019-01-28:12 AM",37.1827
"2019-01-29:12 AM",33.615
"2019-01-30:12 AM",34.7718
"2019-01-31:12 AM",38.7892
"2019-02-01:12 AM",41.3677
"2019-02-02:12 AM",42.8002
"2019-02-03:12 AM",45.6397
"2019-02-04:12 AM",45.9673
"2019-02-05:12 AM",46.7029
"2019-02-06:12 AM",40.8578
"2019-02-07:12 AM",29.8015
"2019-02-08:12 AM",28.5359
"2019-02-09:12 AM",32.864
"2019-02-10:12 AM",38.0849
"2019-02-11:12 AM",35.9857
"2019-02-12:12 AM",33.9579
"2019-02-13:12 AM",39.3139
"2019-02-14:12 AM",46.8988
"2019-02-15:12 AM",50.272
"2019-02-16:12 AM",43.0365
"2019-02-17:12 AM",33.5158
"2019-02-18:12 AM",30.756
"2019-02-19:12 AM",25.8478
"2019-02-20:12 AM",27.3234
"2019-02-21:12 AM",32.9236
"2019-02-22:12 AM",37.2598
"2019-02-23:12 AM",32.212
"2019-02-24:12 AM",32.0551
"2019-02-25:12 AM",38.3774
"2019-02-26:12 AM",43.9131
"2019-02-27:12 AM",46.8135
"2019-02-28:12 AM",48.1248
"2019-03-01:12 AM",50.0002
"2019-03-02:12 AM",49.8846
"2019-03-03:12 AM",44.6603
"2019-03-04:12 AM",36.6165
"2019-03-05:12 AM",38.4498
"2019-03-06:12 AM",45.5968
"2019-03-07:12 AM",54.0473
"2019-03-08:12 AM",51.9422
"2019-03-09:12 AM",43.7081
"2019-03-10:12 AM",45.189
"2019-03-11:12 AM",46.3824
"2019-03-12:12 AM",48.902
"2019-03-13:12 AM",39.4848
"2019-03-14:12 AM",35.9998
"2019-03-15:12 AM",36.0487