"DateTime","(deg F) Mean Temperature (CFSR) at North Carolina, 2010-01-01 to 2019-03-14"
"2010-01-01:12 AM",39.9403
"2010-01-02:12 AM",26.892
"2010-01-03:12 AM",23.2155
"2010-01-04:12 AM",23.5731
"2010-01-05:12 AM",25.6824
"2010-01-06:12 AM",27.0482
"2010-01-07:12 AM",30.1946
"2010-01-08:12 AM",28.4819
"2010-01-09:12 AM",24.2731
"2010-01-10:12 AM",24.8625
"2010-01-11:12 AM",28.045
"2010-01-12:12 AM",31.1749
"2010-01-13:12 AM",29.7054
"2010-01-14:12 AM",35.1135
"2010-01-15:12 AM",38.8436
"2010-01-16:12 AM",42.2769
"2010-01-17:12 AM",51.9958
"2010-01-18:12 AM",47.3562
"2010-01-19:12 AM",47.3614
"2010-01-20:12 AM",50.0061
"2010-01-21:12 AM",42.1047
"2010-01-22:12 AM",41.2277
"2010-01-23:12 AM",39.2632
"2010-01-24:12 AM",48.5355
"2010-01-25:12 AM",53.5971
"2010-01-26:12 AM",39.2862
"2010-01-27:12 AM",35.1226
"2010-01-28:12 AM",40.4517
"2010-01-29:12 AM",35.2141
"2010-01-30:12 AM",28.3357
"2010-01-31:12 AM",27.9963
"2010-02-01:12 AM",33.2031
"2010-02-02:12 AM",37.7688
"2010-02-03:12 AM",37.5975
"2010-02-04:12 AM",36.5596
"2010-02-05:12 AM",39.7845
"2010-02-06:12 AM",37.3042
"2010-02-07:12 AM",31.7068
"2010-02-08:12 AM",32.8478
"2010-02-09:12 AM",37.6041
"2010-02-10:12 AM",31.7563
"2010-02-11:12 AM",31.8384
"2010-02-12:12 AM",31.5644
"2010-02-13:12 AM",31.4528
"2010-02-14:12 AM",31.0149
"2010-02-15:12 AM",37.0391
"2010-02-16:12 AM",30.3125
"2010-02-17:12 AM",30.465
"2010-02-18:12 AM",33.3788
"2010-02-19:12 AM",36.0788
"2010-02-20:12 AM",38.2312
"2010-02-21:12 AM",42.5433
"2010-02-22:12 AM",47.1706
"2010-02-23:12 AM",46.1138
"2010-02-24:12 AM",40.5986
"2010-02-25:12 AM",32.639
"2010-02-26:12 AM",33.066
"2010-02-27:12 AM",35.299
"2010-02-28:12 AM",35.9875
"2010-03-01:12 AM",36.8785
"2010-03-02:12 AM",36.9441
"2010-03-03:12 AM",36.7943
"2010-03-04:12 AM",37.0261
"2010-03-05:12 AM",35.6506
"2010-03-06:12 AM",37.4392
"2010-03-07:12 AM",40.3597
"2010-03-08:12 AM",44.0436
"2010-03-09:12 AM",50.092
"2010-03-10:12 AM",53.3367
"2010-03-11:12 AM",54.4379
"2010-03-12:12 AM",57.5226
"2010-03-13:12 AM",54.0423
"2010-03-14:12 AM",47.7662
"2010-03-15:12 AM",47.2042
"2010-03-16:12 AM",46.5935
"2010-03-17:12 AM",46.8432
"2010-03-18:12 AM",49.2165
"2010-03-19:12 AM",51.9975
"2010-03-20:12 AM",55.1122
"2010-03-21:12 AM",55.5177
"2010-03-22:12 AM",52.6984
"2010-03-23:12 AM",45.8114
"2010-03-24:12 AM",52.2464
"2010-03-25:12 AM",56.595
"2010-03-26:12 AM",54.5954
"2010-03-27:12 AM",43.9986
"2010-03-28:12 AM",50.4858
"2010-03-29:12 AM",56.1439
"2010-03-30:12 AM",52.7608
"2010-03-31:12 AM",53.0839
"2010-04-01:12 AM",59.7195
"2010-04-02:12 AM",62.7343
"2010-04-03:12 AM",62.5309
"2010-04-04:12 AM",64.4121
"2010-04-05:12 AM",67.7516
"2010-04-06:12 AM",70.1362
"2010-04-07:12 AM",69.143
"2010-04-08:12 AM",65.5695
"2010-04-09:12 AM",55.4742
"2010-04-10:12 AM",52.4683
"2010-04-11:12 AM",55.8183
"2010-04-12:12 AM",59.3821
"2010-04-13:12 AM",61.671
"2010-04-14:12 AM",55.6333
"2010-04-15:12 AM",55.7985
"2010-04-16:12 AM",65.6463
"2010-04-17:12 AM",65.1776
"2010-04-18:12 AM",53.4272
"2010-04-19:12 AM",52.7742
"2010-04-20:12 AM",56.968
"2010-04-21:12 AM",57.1406
"2010-04-22:12 AM",58.0959
"2010-04-23:12 AM",63.077
"2010-04-24:12 AM",64.2637
"2010-04-25:12 AM",66.83
"2010-04-26:12 AM",64.0242
"2010-04-27:12 AM",57.036
"2010-04-28:12 AM",52.2648
"2010-04-29:12 AM",55.9089
"2010-04-30:12 AM",64.5481
"2010-05-01:12 AM",69.6717
"2010-05-02:12 AM",75.1624
"2010-05-03:12 AM",73.2906
"2010-05-04:12 AM",69.8792
"2010-05-05:12 AM",70.029
"2010-05-06:12 AM",73.0486
"2010-05-07:12 AM",72.882
"2010-05-08:12 AM",72.5794
"2010-05-09:12 AM",56.6272
"2010-05-10:12 AM",55.0782
"2010-05-11:12 AM",59.7488
"2010-05-12:12 AM",69.9865
"2010-05-13:12 AM",71.4911
"2010-05-14:12 AM",74.6551
"2010-05-15:12 AM",76.5561
"2010-05-16:12 AM",71.9488
"2010-05-17:12 AM",66.4223
"2010-05-18:12 AM",63.8744
"2010-05-19:12 AM",63.8776
"2010-05-20:12 AM",65.7583
"2010-05-21:12 AM",67.3889
"2010-05-22:12 AM",68.8456
"2010-05-23:12 AM",70.0081
"2010-05-24:12 AM",67.7347
"2010-05-25:12 AM",68.5827
"2010-05-26:12 AM",69.1185
"2010-05-27:12 AM",73.3663
"2010-05-28:12 AM",72.8287
"2010-05-29:12 AM",71.6101
"2010-05-30:12 AM",73.7951
"2010-05-31:12 AM",73.5249
"2010-06-01:12 AM",73.24
"2010-06-02:12 AM",74.2347
"2010-06-03:12 AM",74.4985
"2010-06-04:12 AM",75.9596
"2010-06-05:12 AM",78.2656
"2010-06-06:12 AM",79.9171
"2010-06-07:12 AM",72.4577
"2010-06-08:12 AM",71.7062
"2010-06-09:12 AM",74.4447
"2010-06-10:12 AM",78.0922
"2010-06-11:12 AM",77.7074
"2010-06-12:12 AM",78.5691
"2010-06-13:12 AM",81.743
"2010-06-14:12 AM",81.6879
"2010-06-15:12 AM",82.1691
"2010-06-16:12 AM",79.5528
"2010-06-17:12 AM",80.0091
"2010-06-18:12 AM",77.7963
"2010-06-19:12 AM",78.3365
"2010-06-20:12 AM",80.5757
"2010-06-21:12 AM",80.9695
"2010-06-22:12 AM",82.949
"2010-06-23:12 AM",84.3813
"2010-06-24:12 AM",84.4626
"2010-06-25:12 AM",83.8585
"2010-06-26:12 AM",81.4935
"2010-06-27:12 AM",83.5165
"2010-06-28:12 AM",83.9107
"2010-06-29:12 AM",83.2428
"2010-06-30:12 AM",75.8001
"2010-07-01:12 AM",72.7464
"2010-07-02:12 AM",70.5097
"2010-07-03:12 AM",70.7142
"2010-07-04:12 AM",73.7168
"2010-07-05:12 AM",76.8312
"2010-07-06:12 AM",79.6141
"2010-07-07:12 AM",83.2942
"2010-07-08:12 AM",82.1934
"2010-07-09:12 AM",81.9808
"2010-07-10:12 AM",79.8553
"2010-07-11:12 AM",79.7088
"2010-07-12:12 AM",79.8127
"2010-07-13:12 AM",79.2689
"2010-07-14:12 AM",79.4419
"2010-07-15:12 AM",80.8317
"2010-07-16:12 AM",82.5111
"2010-07-17:12 AM",81.7315
"2010-07-18:12 AM",80.161
"2010-07-19:12 AM",81.3481
"2010-07-20:12 AM",83.9752
"2010-07-21:12 AM",84.6955
"2010-07-22:12 AM",84.8419
"2010-07-23:12 AM",85.6128
"2010-07-24:12 AM",86.9448
"2010-07-25:12 AM",87.8776
"2010-07-26:12 AM",84.5766
"2010-07-27:12 AM",80.3086
"2010-07-28:12 AM",81.4365
"2010-07-29:12 AM",82.6295
"2010-07-30:12 AM",80.5248
"2010-07-31:12 AM",73.692
"2010-08-01:12 AM",72.3191
"2010-08-02:12 AM",75.4354
"2010-08-03:12 AM",79.3317
"2010-08-04:12 AM",82.1358
"2010-08-05:12 AM",84.6835
"2010-08-06:12 AM",82.4745
"2010-08-07:12 AM",78.9543
"2010-08-08:12 AM",79.252
"2010-08-09:12 AM",80.3849
"2010-08-10:12 AM",83.052
"2010-08-11:12 AM",86.0115
"2010-08-12:12 AM",84.0013
"2010-08-13:12 AM",82.3374
"2010-08-14:12 AM",79.488
"2010-08-15:12 AM",79.842
"2010-08-16:12 AM",80.3446
"2010-08-17:12 AM",81.8121
"2010-08-18:12 AM",81.9338
"2010-08-19:12 AM",78.6297
"2010-08-20:12 AM",77.974
"2010-08-21:12 AM",77.1251
"2010-08-22:12 AM",78.3793
"2010-08-23:12 AM",77.1404
"2010-08-24:12 AM",73.7913
"2010-08-25:12 AM",72.5425
"2010-08-26:12 AM",75.9675
"2010-08-27:12 AM",75.8235
"2010-08-28:12 AM",75.9274
"2010-08-29:12 AM",74.8989
"2010-08-30:12 AM",75.9951
"2010-08-31:12 AM",77.535
"2010-09-01:12 AM",77.1615
"2010-09-02:12 AM",75.3586
"2010-09-03:12 AM",79.1897
"2010-09-04:12 AM",74.2078
"2010-09-05:12 AM",68.4939
"2010-09-06:12 AM",71.2938
"2010-09-07:12 AM",74.2581
"2010-09-08:12 AM",75.857
"2010-09-09:12 AM",73.3422
"2010-09-10:12 AM",71.6518
"2010-09-11:12 AM",68.3267
"2010-09-12:12 AM",72.4122
"2010-09-13:12 AM",68.4108
"2010-09-14:12 AM",73.6488
"2010-09-15:12 AM",74.3819
"2010-09-16:12 AM",76.0237
"2010-09-17:12 AM",77.8725
"2010-09-18:12 AM",73.6365
"2010-09-19:12 AM",70.2853
"2010-09-20:12 AM",73.229
"2010-09-21:12 AM",72.9117
"2010-09-22:12 AM",76.7583
"2010-09-23:12 AM",78.3441
"2010-09-24:12 AM",77.2678
"2010-09-25:12 AM",75.9126
"2010-09-26:12 AM",71.1903
"2010-09-27:12 AM",69.1684
"2010-09-28:12 AM",68.2113
"2010-09-29:12 AM",64.956
"2010-09-30:12 AM",69.3075
"2010-10-01:12 AM",64.5915
"2010-10-02:12 AM",58.8682
"2010-10-03:12 AM",56.4987
"2010-10-04:12 AM",54.4181
"2010-10-05:12 AM",52.9448
"2010-10-06:12 AM",52.6046
"2010-10-07:12 AM",60.0082
"2010-10-08:12 AM",60.3459
"2010-10-09:12 AM",61.2401
"2010-10-10:12 AM",64.7596
"2010-10-11:12 AM",66.7211
"2010-10-12:12 AM",68.2696
"2010-10-13:12 AM",66.4286
"2010-10-14:12 AM",61.3767
"2010-10-15:12 AM",55.3964
"2010-10-16:12 AM",52.9813
"2010-10-17:12 AM",56.4894
"2010-10-18:12 AM",61.3126
"2010-10-19:12 AM",62.9629
"2010-10-20:12 AM",60.0906
"2010-10-21:12 AM",58.6425
"2010-10-22:12 AM",54.2539
"2010-10-23:12 AM",53.1925
"2010-10-24:12 AM",59.7225
"2010-10-25:12 AM",66.571
"2010-10-26:12 AM",70.4782
"2010-10-27:12 AM",73.3251
"2010-10-28:12 AM",69.8297
"2010-10-29:12 AM",52.48
"2010-10-30:12 AM",48.6795
"2010-10-31:12 AM",55.0009
"2010-11-01:12 AM",53.1523
"2010-11-02:12 AM",49.298
"2010-11-03:12 AM",50.0785
"2010-11-04:12 AM",52.5447
"2010-11-05:12 AM",46.744
"2010-11-06:12 AM",42.7339
"2010-11-07:12 AM",39.7272
"2010-11-08:12 AM",46.0566
"2010-11-09:12 AM",52.0851
"2010-11-10:12 AM",52.635
"2010-11-11:12 AM",52.1451
"2010-11-12:12 AM",48.805
"2010-11-13:12 AM",47.8335
"2010-11-14:12 AM",47.9248
"2010-11-15:12 AM",51.7509
"2010-11-16:12 AM",59.9594
"2010-11-17:12 AM",54.7335
"2010-11-18:12 AM",47.26
"2010-11-19:12 AM",45.4834
"2010-11-20:12 AM",49.1461
"2010-11-21:12 AM",51.5709
"2010-11-22:12 AM",55.1646
"2010-11-23:12 AM",60.8691
"2010-11-24:12 AM",52.1838
"2010-11-25:12 AM",50.4282
"2010-11-26:12 AM",57.5816
"2010-11-27:12 AM",41.7616
"2010-11-28:12 AM",37.3825
"2010-11-29:12 AM",41.1859
"2010-11-30:12 AM",57.3546
"2010-12-01:12 AM",51.0089
"2010-12-02:12 AM",36.1143
"2010-12-03:12 AM",35.983
"2010-12-04:12 AM",35.9532
"2010-12-05:12 AM",33.1075
"2010-12-06:12 AM",28.8358
"2010-12-07:12 AM",24.9593
"2010-12-08:12 AM",25.9932
"2010-12-09:12 AM",28.2749
"2010-12-10:12 AM",32.9898
"2010-12-11:12 AM",37.5426
"2010-12-12:12 AM",41.4361
"2010-12-13:12 AM",27.8559
"2010-12-14:12 AM",22.8776
"2010-12-15:12 AM",24.2973
"2010-12-16:12 AM",35.6652
"2010-12-17:12 AM",37.3048
"2010-12-18:12 AM",34.6208
"2010-12-19:12 AM",33.1669
"2010-12-20:12 AM",30.2121
"2010-12-21:12 AM",34.8505
"2010-12-22:12 AM",39.6671
"2010-12-23:12 AM",33.7723
"2010-12-24:12 AM",31.8547
"2010-12-25:12 AM",34.1055
"2010-12-26:12 AM",29.7815
"2010-12-27:12 AM",28.481
"2010-12-28:12 AM",30.9654
"2010-12-29:12 AM",32.4493
"2010-12-30:12 AM",33.8869
"2010-12-31:12 AM",39.7992
"2011-01-01:12 AM",47.9178
"2011-01-02:12 AM",51.4389
"2011-01-03:12 AM",34.0038
"2011-01-04:12 AM",36.0977
"2011-01-05:12 AM",36.1099
"2011-01-06:12 AM",36.2599
"2011-01-07:12 AM",35.7656
"2011-01-08:12 AM",31.5151
"2011-01-09:12 AM",24.4971
"2011-01-10:12 AM",27.5752
"2011-01-11:12 AM",30.0754
"2011-01-12:12 AM",25.2891
"2011-01-13:12 AM",23.8723
"2011-01-14:12 AM",24.2272
"2011-01-15:12 AM",30.9751
"2011-01-16:12 AM",35.0029
"2011-01-17:12 AM",37.2695
"2011-01-18:12 AM",38.6897
"2011-01-19:12 AM",42.4081
"2011-01-20:12 AM",39.8644
"2011-01-21:12 AM",35.5276
"2011-01-22:12 AM",27.6114
"2011-01-23:12 AM",28.0585
"2011-01-24:12 AM",31.3909
"2011-01-25:12 AM",36.1899
"2011-01-26:12 AM",40.944
"2011-01-27:12 AM",34.7389
"2011-01-28:12 AM",37.8352
"2011-01-29:12 AM",38.8648
"2011-01-30:12 AM",45.239
"2011-01-31:12 AM",41.1118
"2011-02-01:12 AM",40.4028
"2011-02-02:12 AM",52.5803
"2011-02-03:12 AM",36.3826
"2011-02-04:12 AM",35.5894
"2011-02-05:12 AM",41.8685
"2011-02-06:12 AM",39.3053
"2011-02-07:12 AM",39.9976
"2011-02-08:12 AM",38.1605
"2011-02-09:12 AM",32.4257
"2011-02-10:12 AM",31.806
"2011-02-11:12 AM",31.3473
"2011-02-12:12 AM",35.3993
"2011-02-13:12 AM",38.5968
"2011-02-14:12 AM",47.2597
"2011-02-15:12 AM",42.9271
"2011-02-16:12 AM",43.0729
"2011-02-17:12 AM",50.6431
"2011-02-18:12 AM",58.3884
"2011-02-19:12 AM",52.5996
"2011-02-20:12 AM",44.3066
"2011-02-21:12 AM",55.6979
"2011-02-22:12 AM",49.7889
"2011-02-23:12 AM",40.2141
"2011-02-24:12 AM",45.4559
"2011-02-25:12 AM",55.5193
"2011-02-26:12 AM",43.6897
"2011-02-27:12 AM",55.1896
"2011-02-28:12 AM",62.3914
"2011-03-01:12 AM",46.3453
"2011-03-02:12 AM",43.2639
"2011-03-03:12 AM",42.3133
"2011-03-04:12 AM",41.2619
"2011-03-05:12 AM",51.0818
"2011-03-06:12 AM",53.3228
"2011-03-07:12 AM",40.959
"2011-03-08:12 AM",42.3421
"2011-03-09:12 AM",47.9847
"2011-03-10:12 AM",54.0009
"2011-03-11:12 AM",41.3037
"2011-03-12:12 AM",44.996
"2011-03-13:12 AM",55.0879
"2011-03-14:12 AM",50.9716
"2011-03-15:12 AM",46.6261
"2011-03-16:12 AM",52.3195
"2011-03-17:12 AM",50.8195
"2011-03-18:12 AM",59.749
"2011-03-19:12 AM",60.9096
"2011-03-20:12 AM",51.4656
"2011-03-21:12 AM",57.3903
"2011-03-22:12 AM",64.2672
"2011-03-23:12 AM",64.9251
"2011-03-24:12 AM",55.9524
"2011-03-25:12 AM",46.675
"2011-03-26:12 AM",44.308
"2011-03-27:12 AM",40.5536
"2011-03-28:12 AM",38.3353
"2011-03-29:12 AM",43.5339
"2011-03-30:12 AM",46.879
"2011-03-31:12 AM",44.7706
"2011-04-01:12 AM",43.7657
"2011-04-02:12 AM",48.1564
"2011-04-03:12 AM",51.0777
"2011-04-04:12 AM",63.3812
"2011-04-05:12 AM",56.2039
"2011-04-06:12 AM",48.9313
"2011-04-07:12 AM",56.9851
"2011-04-08:12 AM",61.9374
"2011-04-09:12 AM",59.0416
"2011-04-10:12 AM",60.2631
"2011-04-11:12 AM",67.3749
"2011-04-12:12 AM",63.1618
"2011-04-13:12 AM",55.6471
"2011-04-14:12 AM",57.3573
"2011-04-15:12 AM",59.0248
"2011-04-16:12 AM",61.513
"2011-04-17:12 AM",54.1573
"2011-04-18:12 AM",60.3793
"2011-04-19:12 AM",66.0405
"2011-04-20:12 AM",70.6642
"2011-04-21:12 AM",64.9128
"2011-04-22:12 AM",56.5459
"2011-04-23:12 AM",65.3943
"2011-04-24:12 AM",70.5609
"2011-04-25:12 AM",69.9818
"2011-04-26:12 AM",69.7735
"2011-04-27:12 AM",70.8226
"2011-04-28:12 AM",69.5601
"2011-04-29:12 AM",61.7252
"2011-04-30:12 AM",61.3094
"2011-05-01:12 AM",62.0821
"2011-05-02:12 AM",66.0607
"2011-05-03:12 AM",68.6698
"2011-05-04:12 AM",57.1998
"2011-05-05:12 AM",52.8593
"2011-05-06:12 AM",56.2957
"2011-05-07:12 AM",59.3182
"2011-05-08:12 AM",63.9153
"2011-05-09:12 AM",64.224
"2011-05-10:12 AM",65.4319
"2011-05-11:12 AM",65.6949
"2011-05-12:12 AM",63.7867
"2011-05-13:12 AM",67.8101
"2011-05-14:12 AM",68.6313
"2011-05-15:12 AM",66.0452
"2011-05-16:12 AM",62.2814
"2011-05-17:12 AM",58.7671
"2011-05-18:12 AM",59.9562
"2011-05-19:12 AM",62.2395
"2011-05-20:12 AM",66.5897
"2011-05-21:12 AM",69.4791
"2011-05-22:12 AM",72.5475
"2011-05-23:12 AM",75.1086
"2011-05-24:12 AM",77.1647
"2011-05-25:12 AM",76.7811
"2011-05-26:12 AM",77.2882
"2011-05-27:12 AM",72.1297
"2011-05-28:12 AM",71.712
"2011-05-29:12 AM",75.2328
"2011-05-30:12 AM",78.2991
"2011-05-31:12 AM",80.0976
"2011-06-01:12 AM",80.2188
"2011-06-02:12 AM",79.5322
"2011-06-03:12 AM",74.8033
"2011-06-04:12 AM",72.3191
"2011-06-05:12 AM",77.1375
"2011-06-06:12 AM",74.8607
"2011-06-07:12 AM",76.9608
"2011-06-08:12 AM",80.8902
"2011-06-09:12 AM",81.3596
"2011-06-10:12 AM",79.9799
"2011-06-11:12 AM",78.2991
"2011-06-12:12 AM",78.4983
"2011-06-13:12 AM",76.3246
"2011-06-14:12 AM",72.5486
"2011-06-15:12 AM",70.6833
"2011-06-16:12 AM",73.5996
"2011-06-17:12 AM",76.7239
"2011-06-18:12 AM",79.0648
"2011-06-19:12 AM",80.9402
"2011-06-20:12 AM",81.0151
"2011-06-21:12 AM",81.0563
"2011-06-22:12 AM",82.4063
"2011-06-23:12 AM",79.3132
"2011-06-24:12 AM",80.0083
"2011-06-25:12 AM",78.9755
"2011-06-26:12 AM",77.7142
"2011-06-27:12 AM",80.1451
"2011-06-28:12 AM",81.4267
"2011-06-29:12 AM",76.8382
"2011-06-30:12 AM",77.0585
"2011-07-01:12 AM",77.8122
"2011-07-02:12 AM",79.565
"2011-07-03:12 AM",82.1869
"2011-07-04:12 AM",81.8528
"2011-07-05:12 AM",79.1809
"2011-07-06:12 AM",78.3619
"2011-07-07:12 AM",78.325
"2011-07-08:12 AM",78.9373
"2011-07-09:12 AM",79.3551
"2011-07-10:12 AM",79.2156
"2011-07-11:12 AM",82.2659
"2011-07-12:12 AM",87.3016
"2011-07-13:12 AM",86.5395
"2011-07-14:12 AM",79.5641
"2011-07-15:12 AM",73.627
"2011-07-16:12 AM",73.4648
"2011-07-17:12 AM",74.9349
"2011-07-18:12 AM",78.0042
"2011-07-19:12 AM",82.1359
"2011-07-20:12 AM",84.1555
"2011-07-21:12 AM",86.2239
"2011-07-22:12 AM",87.2229
"2011-07-23:12 AM",86.8518
"2011-07-24:12 AM",85.8414
"2011-07-25:12 AM",80.9937
"2011-07-26:12 AM",79.4192
"2011-07-27:12 AM",81.6321
"2011-07-28:12 AM",83.4273
"2011-07-29:12 AM",85.4055
"2011-07-30:12 AM",86.1879
"2011-07-31:12 AM",80.9179
"2011-08-01:12 AM",79.1053
"2011-08-02:12 AM",82.1032
"2011-08-03:12 AM",84.1456
"2011-08-04:12 AM",86.3229
"2011-08-05:12 AM",80.7753
"2011-08-06:12 AM",78.4391
"2011-08-07:12 AM",82.891
"2011-08-08:12 AM",83.7716
"2011-08-09:12 AM",83.4613
"2011-08-10:12 AM",81.8937
"2011-08-11:12 AM",80.4331
"2011-08-12:12 AM",77.115
"2011-08-13:12 AM",75.7868
"2011-08-14:12 AM",77.3956
"2011-08-15:12 AM",73.4437
"2011-08-16:12 AM",74.158
"2011-08-17:12 AM",74.9349
"2011-08-18:12 AM",75.1811
"2011-08-19:12 AM",77.1073
"2011-08-20:12 AM",78.0931
"2011-08-21:12 AM",79.23
"2011-08-22:12 AM",78.9343
"2011-08-23:12 AM",73.6295
"2011-08-24:12 AM",75.4689
"2011-08-25:12 AM",78.9251
"2011-08-26:12 AM",77.6374
"2011-08-27:12 AM",76.3601
"2011-08-28:12 AM",76.3234
"2011-08-29:12 AM",74.4458
"2011-08-30:12 AM",71.7294
"2011-08-31:12 AM",71.3325
"2011-09-01:12 AM",71.1777
"2011-09-02:12 AM",75.7832
"2011-09-03:12 AM",74.7649
"2011-09-04:12 AM",74.9131
"2011-09-05:12 AM",73.8923
"2011-09-06:12 AM",74.8814
"2011-09-07:12 AM",71.5399
"2011-09-08:12 AM",70.4574
"2011-09-09:12 AM",70.4935
"2011-09-10:12 AM",70.4932
"2011-09-11:12 AM",71.1192
"2011-09-12:12 AM",71.8785
"2011-09-13:12 AM",71.6828
"2011-09-14:12 AM",73.0294
"2011-09-15:12 AM",72.8461
"2011-09-16:12 AM",57.6612
"2011-09-17:12 AM",58.1922
"2011-09-18:12 AM",61.2757
"2011-09-19:12 AM",63.363
"2011-09-20:12 AM",66.7191
"2011-09-21:12 AM",68.8984
"2011-09-22:12 AM",71.2755
"2011-09-23:12 AM",70.9603
"2011-09-24:12 AM",68.878
"2011-09-25:12 AM",69.6463
"2011-09-26:12 AM",70.4746
"2011-09-27:12 AM",73.4036
"2011-09-28:12 AM",71.1369
"2011-09-29:12 AM",69.3318
"2011-09-30:12 AM",66.2968
"2011-10-01:12 AM",53.9276
"2011-10-02:12 AM",49.4841
"2011-10-03:12 AM",51.3432
"2011-10-04:12 AM",54.912
"2011-10-05:12 AM",58.2242
"2011-10-06:12 AM",60.4247
"2011-10-07:12 AM",58.3561
"2011-10-08:12 AM",58.4908
"2011-10-09:12 AM",62.0987
"2011-10-10:12 AM",64.6173
"2011-10-11:12 AM",62.6972
"2011-10-12:12 AM",66.9618
"2011-10-13:12 AM",67.21
"2011-10-14:12 AM",63.1805
"2011-10-15:12 AM",59.0034
"2011-10-16:12 AM",59.2986
"2011-10-17:12 AM",66.2122
"2011-10-18:12 AM",66.9144
"2011-10-19:12 AM",64.2562
"2011-10-20:12 AM",50.4318
"2011-10-21:12 AM",49.3936
"2011-10-22:12 AM",50.7601
"2011-10-23:12 AM",51.7977
"2011-10-24:12 AM",54.8373
"2011-10-25:12 AM",55.6432
"2011-10-26:12 AM",58.2255
"2011-10-27:12 AM",62.9145
"2011-10-28:12 AM",50.8237
"2011-10-29:12 AM",45.5203
"2011-10-30:12 AM",42.1155
"2011-10-31:12 AM",44.5618
"2011-11-01:12 AM",46.6758
"2011-11-02:12 AM",46.6425
"2011-11-03:12 AM",48.0238
"2011-11-04:12 AM",52.0543
"2011-11-05:12 AM",45.6577
"2011-11-06:12 AM",47.4469
"2011-11-07:12 AM",51.7262
"2011-11-08:12 AM",51.6699
"2011-11-09:12 AM",54.3166
"2011-11-10:12 AM",53.8443
"2011-11-11:12 AM",41.2468
"2011-11-12:12 AM",44.0523
"2011-11-13:12 AM",51.6736
"2011-11-14:12 AM",59.7036
"2011-11-15:12 AM",65.0185
"2011-11-16:12 AM",67.1826
"2011-11-17:12 AM",50.904
"2011-11-18:12 AM",37.22
"2011-11-19:12 AM",42.3772
"2011-11-20:12 AM",55.7128
"2011-11-21:12 AM",61.6055
"2011-11-22:12 AM",61.9995
"2011-11-23:12 AM",59.0851
"2011-11-24:12 AM",46.7307
"2011-11-25:12 AM",47.152
"2011-11-26:12 AM",49.6445
"2011-11-27:12 AM",57.2848
"2011-11-28:12 AM",61.5853
"2011-11-29:12 AM",49.2994
"2011-11-30:12 AM",40.5039
"2011-12-01:12 AM",39.8023
"2011-12-02:12 AM",41.6174
"2011-12-03:12 AM",43.2833
"2011-12-04:12 AM",46.5841
"2011-12-05:12 AM",54.6039
"2011-12-06:12 AM",60.7096
"2011-12-07:12 AM",60.0336
"2011-12-08:12 AM",40.1108
"2011-12-09:12 AM",42.4429
"2011-12-10:12 AM",42.4182
"2011-12-11:12 AM",36.8708
"2011-12-12:12 AM",39.6694
"2011-12-13:12 AM",44.3631
"2011-12-14:12 AM",46.5107
"2011-12-15:12 AM",53.0956
"2011-12-16:12 AM",56.5137
"2011-12-17:12 AM",43.8003
"2011-12-18:12 AM",36.9273
"2011-12-19:12 AM",40.1871
"2011-12-20:12 AM",50.3055
"2011-12-21:12 AM",58.1058
"2011-12-22:12 AM",62.0159
"2011-12-23:12 AM",56.5878
"2011-12-24:12 AM",45.7686
"2011-12-25:12 AM",43.367
"2011-12-26:12 AM",42.476
"2011-12-27:12 AM",46.2713
"2011-12-28:12 AM",41.2149
"2011-12-29:12 AM",39.4518
"2011-12-30:12 AM",46.0353
"2011-12-31:12 AM",52.3931
"2012-01-01:12 AM",49.1796
"2012-01-02:12 AM",39.4068
"2012-01-03:12 AM",27.5266
"2012-01-04:12 AM",28.573
"2012-01-05:12 AM",37.3487
"2012-01-06:12 AM",44.8975
"2012-01-07:12 AM",50.6889
"2012-01-08:12 AM",50.7839
"2012-01-09:12 AM",46.8763
"2012-01-10:12 AM",46.17
"2012-01-11:12 AM",50.7115
"2012-01-12:12 AM",49.6765
"2012-01-13:12 AM",37.1061
"2012-01-14:12 AM",32.9315
"2012-01-15:12 AM",33.6569
"2012-01-16:12 AM",35.3561
"2012-01-17:12 AM",50.4815
"2012-01-18:12 AM",45.0153
"2012-01-19:12 AM",36.5347
"2012-01-20:12 AM",42.7858
"2012-01-21:12 AM",51.9066
"2012-01-22:12 AM",38.9836
"2012-01-23:12 AM",44.3923
"2012-01-24:12 AM",52.0893
"2012-01-25:12 AM",47.3972
"2012-01-26:12 AM",52.7441
"2012-01-27:12 AM",57.1647
"2012-01-28:12 AM",45.2502
"2012-01-29:12 AM",40.0071
"2012-01-30:12 AM",40.8195
"2012-01-31:12 AM",46.9366
"2012-02-01:12 AM",53.0434
"2012-02-02:12 AM",55.5147
"2012-02-03:12 AM",45.1157
"2012-02-04:12 AM",46.3775
"2012-02-05:12 AM",48.2293
"2012-02-06:12 AM",40.0501
"2012-02-07:12 AM",42.9431
"2012-02-08:12 AM",41.9814
"2012-02-09:12 AM",37.6698
"2012-02-10:12 AM",40.0557
"2012-02-11:12 AM",36.6775
"2012-02-12:12 AM",26.2929
"2012-02-13:12 AM",32.3841
"2012-02-14:12 AM",40.1207
"2012-02-15:12 AM",45.3695
"2012-02-16:12 AM",47.6906
"2012-02-17:12 AM",48.2857
"2012-02-18:12 AM",49.1313
"2012-02-19:12 AM",44.2897
"2012-02-20:12 AM",36.7999
"2012-02-21:12 AM",40.8481
"2012-02-22:12 AM",51.8853
"2012-02-23:12 AM",59.9011
"2012-02-24:12 AM",62.3381
"2012-02-25:12 AM",41.7943
"2012-02-26:12 AM",36.9005
"2012-02-27:12 AM",42.7152
"2012-02-28:12 AM",48.6982
"2012-02-29:12 AM",56.6593
"2012-03-01:12 AM",63.6935
"2012-03-02:12 AM",55.6389
"2012-03-03:12 AM",57.3094
"2012-03-04:12 AM",42.768
"2012-03-05:12 AM",39.3816
"2012-03-06:12 AM",37.8662
"2012-03-07:12 AM",46.4819
"2012-03-08:12 AM",57.3764
"2012-03-09:12 AM",53.391
"2012-03-10:12 AM",43.3857
"2012-03-11:12 AM",44.1003
"2012-03-12:12 AM",52.961
"2012-03-13:12 AM",60.3131
"2012-03-14:12 AM",63.6967
"2012-03-15:12 AM",64.3806
"2012-03-16:12 AM",64.0355
"2012-03-17:12 AM",63.428
"2012-03-18:12 AM",61.3953
"2012-03-19:12 AM",62.4182
"2012-03-20:12 AM",65.4121
"2012-03-21:12 AM",64.3158
"2012-03-22:12 AM",64.8196
"2012-03-23:12 AM",65.991
"2012-03-24:12 AM",63.6118
"2012-03-25:12 AM",59.3253
"2012-03-26:12 AM",59.1865
"2012-03-27:12 AM",48.8559
"2012-03-28:12 AM",58.3126
"2012-03-29:12 AM",65.5936
"2012-03-30:12 AM",62.4933
"2012-03-31:12 AM",64.0236
"2012-04-01:12 AM",59.3208
"2012-04-02:12 AM",62.0199
"2012-04-03:12 AM",58.4431
"2012-04-04:12 AM",67.8229
"2012-04-05:12 AM",58.7131
"2012-04-06:12 AM",50.0004
"2012-04-07:12 AM",50.3096
"2012-04-08:12 AM",56.57
"2012-04-09:12 AM",58.0384
"2012-04-10:12 AM",58.332
"2012-04-11:12 AM",49.2012
"2012-04-12:12 AM",45.7507
"2012-04-13:12 AM",51.2519
"2012-04-14:12 AM",56.9584
"2012-04-15:12 AM",64.461
"2012-04-16:12 AM",67.8423
"2012-04-17:12 AM",67.8893
"2012-04-18:12 AM",61.0057
"2012-04-19:12 AM",58.7613
"2012-04-20:12 AM",59.3436
"2012-04-21:12 AM",64.3802
"2012-04-22:12 AM",55.5471
"2012-04-23:12 AM",46.1912
"2012-04-24:12 AM",49.3488
"2012-04-25:12 AM",54.9201
"2012-04-26:12 AM",66.7166
"2012-04-27:12 AM",66.5004
"2012-04-28:12 AM",59.2849
"2012-04-29:12 AM",63.1429
"2012-04-30:12 AM",66.3948
"2012-05-01:12 AM",72.1193
"2012-05-02:12 AM",73.2816
"2012-05-03:12 AM",72.9691
"2012-05-04:12 AM",73.2799
"2012-05-05:12 AM",73.0096
"2012-05-06:12 AM",67.195
"2012-05-07:12 AM",65.5263
"2012-05-08:12 AM",66.7683
"2012-05-09:12 AM",65.7547
"2012-05-10:12 AM",60.0904
"2012-05-11:12 AM",59.4315
"2012-05-12:12 AM",62.332
"2012-05-13:12 AM",63.7835
"2012-05-14:12 AM",65.4168
"2012-05-15:12 AM",68.1858
"2012-05-16:12 AM",69.2926
"2012-05-17:12 AM",68.2839
"2012-05-18:12 AM",64.8455
"2012-05-19:12 AM",63.1152
"2012-05-20:12 AM",64.018
"2012-05-21:12 AM",67.1682
"2012-05-22:12 AM",70.0063
"2012-05-23:12 AM",69.3757
"2012-05-24:12 AM",71.0843
"2012-05-25:12 AM",73.0267
"2012-05-26:12 AM",73.3266
"2012-05-27:12 AM",72.8877
"2012-05-28:12 AM",73.3163
"2012-05-29:12 AM",73.0206
"2012-05-30:12 AM",71.4625
"2012-05-31:12 AM",73.2166
"2012-06-01:12 AM",72.1044
"2012-06-02:12 AM",65.4863
"2012-06-03:12 AM",64.9683
"2012-06-04:12 AM",69.759
"2012-06-05:12 AM",65.1038
"2012-06-06:12 AM",61.5058
"2012-06-07:12 AM",65.2568
"2012-06-08:12 AM",68.3433
"2012-06-09:12 AM",71.8615
"2012-06-10:12 AM",70.6399
"2012-06-11:12 AM",70.97
"2012-06-12:12 AM",72.642
"2012-06-13:12 AM",74.3877
"2012-06-14:12 AM",68.7009
"2012-06-15:12 AM",67.5788
"2012-06-16:12 AM",66.8394
"2012-06-17:12 AM",66.3427
"2012-06-18:12 AM",70.3308
"2012-06-19:12 AM",74.9869
"2012-06-20:12 AM",77.8048
"2012-06-21:12 AM",79.2133
"2012-06-22:12 AM",79.2828
"2012-06-23:12 AM",77.589
"2012-06-24:12 AM",76.4443
"2012-06-25:12 AM",77.29
"2012-06-26:12 AM",69.966
"2012-06-27:12 AM",68.8591
"2012-06-28:12 AM",75.583
"2012-06-29:12 AM",83.71
"2012-06-30:12 AM",86.293
"2012-07-01:12 AM",87.4783
"2012-07-02:12 AM",82.0602
"2012-07-03:12 AM",82.578
"2012-07-04:12 AM",82.6093
"2012-07-05:12 AM",84.2135
"2012-07-06:12 AM",83.7043
"2012-07-07:12 AM",85.2039
"2012-07-08:12 AM",86.6997
"2012-07-09:12 AM",84.1525
"2012-07-10:12 AM",76.5939
"2012-07-11:12 AM",72.9442
"2012-07-12:12 AM",72.82
"2012-07-13:12 AM",74.9433
"2012-07-14:12 AM",77.9628
"2012-07-15:12 AM",79.378
"2012-07-16:12 AM",80.3487
"2012-07-17:12 AM",81.9883
"2012-07-18:12 AM",82.0638
"2012-07-19:12 AM",82.207
"2012-07-20:12 AM",81.1076
"2012-07-21:12 AM",77.1273
"2012-07-22:12 AM",79.1427
"2012-07-23:12 AM",81.3695
"2012-07-24:12 AM",83.0718
"2012-07-25:12 AM",81.7365
"2012-07-26:12 AM",83.5961
"2012-07-27:12 AM",85.9044
"2012-07-28:12 AM",81.9865
"2012-07-29:12 AM",79.4662
"2012-07-30:12 AM",76.8258
"2012-07-31:12 AM",76.3279
"2012-08-01:12 AM",77.5686
"2012-08-02:12 AM",79.4113
"2012-08-03:12 AM",78.9213
"2012-08-04:12 AM",78.8016
"2012-08-05:12 AM",79.3315
"2012-08-06:12 AM",77.7875
"2012-08-07:12 AM",76.1765
"2012-08-08:12 AM",76.8997
"2012-08-09:12 AM",77.4095
"2012-08-10:12 AM",75.7418
"2012-08-11:12 AM",74.3355
"2012-08-12:12 AM",74.2123
"2012-08-13:12 AM",75.2313
"2012-08-14:12 AM",76.0942
"2012-08-15:12 AM",77.335
"2012-08-16:12 AM",74.9899
"2012-08-17:12 AM",76.4209
"2012-08-18:12 AM",75.8052
"2012-08-19:12 AM",71.0251
"2012-08-20:12 AM",71.5086
"2012-08-21:12 AM",71.8945
"2012-08-22:12 AM",71.024
"2012-08-23:12 AM",71.9721
"2012-08-24:12 AM",69.6891
"2012-08-25:12 AM",68.9371
"2012-08-26:12 AM",70.5949
"2012-08-27:12 AM",73.8048
"2012-08-28:12 AM",74.0525
"2012-08-29:12 AM",75.9018
"2012-08-30:12 AM",75.1757
"2012-08-31:12 AM",77.135
"2012-09-01:12 AM",80.6545
"2012-09-02:12 AM",79.182
"2012-09-03:12 AM",76.5536
"2012-09-04:12 AM",75.0535
"2012-09-05:12 AM",76.9204
"2012-09-06:12 AM",77.1048
"2012-09-07:12 AM",75.1388
"2012-09-08:12 AM",74.9138
"2012-09-09:12 AM",67.1299
"2012-09-10:12 AM",64.8129
"2012-09-11:12 AM",63.8674
"2012-09-12:12 AM",63.9685
"2012-09-13:12 AM",65.0896
"2012-09-14:12 AM",68.2014
"2012-09-15:12 AM",69.2263
"2012-09-16:12 AM",66.7366
"2012-09-17:12 AM",67.2393
"2012-09-18:12 AM",71.7822
"2012-09-19:12 AM",65.2923
"2012-09-20:12 AM",63.9682
"2012-09-21:12 AM",65.4931
"2012-09-22:12 AM",69.9885
"2012-09-23:12 AM",64.2897
"2012-09-24:12 AM",57.4149
"2012-09-25:12 AM",60.5253
"2012-09-26:12 AM",66.5946
"2012-09-27:12 AM",67.6443
"2012-09-28:12 AM",70.0686
"2012-09-29:12 AM",65.9464
"2012-09-30:12 AM",61.8888
"2012-10-01:12 AM",63.3301
"2012-10-02:12 AM",71.7973
"2012-10-03:12 AM",72.7583
"2012-10-04:12 AM",67.7485
"2012-10-05:12 AM",65.1087
"2012-10-06:12 AM",66.1509
"2012-10-07:12 AM",60.438
"2012-10-08:12 AM",50.0137
"2012-10-09:12 AM",51.2866
"2012-10-10:12 AM",55.4664
"2012-10-11:12 AM",53.4195
"2012-10-12:12 AM",56.1564
"2012-10-13:12 AM",54.4019
"2012-10-14:12 AM",58.8209
"2012-10-15:12 AM",64.7638
"2012-10-16:12 AM",54.8418
"2012-10-17:12 AM",54.7734
"2012-10-18:12 AM",59.8374
"2012-10-19:12 AM",63.1486
"2012-10-20:12 AM",57.1692
"2012-10-21:12 AM",53.2423
"2012-10-22:12 AM",54.6939
"2012-10-23:12 AM",59.3431
"2012-10-24:12 AM",61.5816
"2012-10-25:12 AM",62.5663
"2012-10-26:12 AM",63.7687
"2012-10-27:12 AM",62.9908
"2012-10-28:12 AM",57.5593
"2012-10-29:12 AM",46.3266
"2012-10-30:12 AM",41.2909
"2012-10-31:12 AM",44.38
"2012-11-01:12 AM",44.548
"2012-11-02:12 AM",47.6627
"2012-11-03:12 AM",47.053
"2012-11-04:12 AM",48.546
"2012-11-05:12 AM",44.2146
"2012-11-06:12 AM",41.3802
"2012-11-07:12 AM",42.0541
"2012-11-08:12 AM",44.1073
"2012-11-09:12 AM",45.4327
"2012-11-10:12 AM",50.0574
"2012-11-11:12 AM",53.3471
"2012-11-12:12 AM",60.6069
"2012-11-13:12 AM",51.1849
"2012-11-14:12 AM",42.1642
"2012-11-15:12 AM",42.8812
"2012-11-16:12 AM",44.5341
"2012-11-17:12 AM",44.3932
"2012-11-18:12 AM",48.1827
"2012-11-19:12 AM",49.386
"2012-11-20:12 AM",48.6855
"2012-11-21:12 AM",47.6568
"2012-11-22:12 AM",46.0681
"2012-11-23:12 AM",47.5171
"2012-11-24:12 AM",41.6667
"2012-11-25:12 AM",35.9163
"2012-11-26:12 AM",43.349
"2012-11-27:12 AM",47.3288
"2012-11-28:12 AM",41.0493
"2012-11-29:12 AM",38.1753
"2012-11-30:12 AM",42.4044
"2012-12-01:12 AM",47.0511
"2012-12-02:12 AM",51.3527
"2012-12-03:12 AM",56.8665
"2012-12-04:12 AM",57.6493
"2012-12-05:12 AM",57.2394
"2012-12-06:12 AM",45.9628
"2012-12-07:12 AM",48.4903
"2012-12-08:12 AM",54.4906
"2012-12-09:12 AM",57.6806
"2012-12-10:12 AM",61.4361
"2012-12-11:12 AM",54.4042
"2012-12-12:12 AM",43.8384
"2012-12-13:12 AM",41.1152
"2012-12-14:12 AM",40.0899
"2012-12-15:12 AM",43.963
"2012-12-16:12 AM",52.4736
"2012-12-17:12 AM",54.7444
"2012-12-18:12 AM",51.7721
"2012-12-19:12 AM",46.9119
"2012-12-20:12 AM",49.4393
"2012-12-21:12 AM",40.662
"2012-12-22:12 AM",35.5228
"2012-12-23:12 AM",38.6101
"2012-12-24:12 AM",44.8038
"2012-12-25:12 AM",47.4114
"2012-12-26:12 AM",47.9896
"2012-12-27:12 AM",38.0532
"2012-12-28:12 AM",36.6026
"2012-12-29:12 AM",39.6732
"2012-12-30:12 AM",33.7118
"2012-12-31:12 AM",36.898
"2013-01-01:12 AM",43.3123
"2013-01-02:12 AM",43.9979
"2013-01-03:12 AM",38.5162
"2013-01-04:12 AM",35.6781
"2013-01-05:12 AM",36.2941
"2013-01-06:12 AM",40.356
"2013-01-07:12 AM",38.7711
"2013-01-08:12 AM",40.453
"2013-01-09:12 AM",49.2784
"2013-01-10:12 AM",53.8434
"2013-01-11:12 AM",51.148
"2013-01-12:12 AM",57.2839
"2013-01-13:12 AM",60.0197
"2013-01-14:12 AM",61.1193
"2013-01-15:12 AM",53.7161
"2013-01-16:12 AM",53.6769
"2013-01-17:12 AM",49.1603
"2013-01-18:12 AM",34.169
"2013-01-19:12 AM",36.6222
"2013-01-20:12 AM",43.3
"2013-01-21:12 AM",42.7341
"2013-01-22:12 AM",31.8618
"2013-01-23:12 AM",29.1384
"2013-01-24:12 AM",32.4039
"2013-01-25:12 AM",26.9859
"2013-01-26:12 AM",30.7621
"2013-01-27:12 AM",30.1968
"2013-01-28:12 AM",38.1859
"2013-01-29:12 AM",53.4664
"2013-01-30:12 AM",62.6398
"2013-01-31:12 AM",45.4068
"2013-02-01:12 AM",32.9661
"2013-02-02:12 AM",31.588
"2013-02-03:12 AM",36.4431
"2013-02-04:12 AM",35.3296
"2013-02-05:12 AM",43.4835
"2013-02-06:12 AM",45.7857
"2013-02-07:12 AM",44.1554
"2013-02-08:12 AM",45.1524
"2013-02-09:12 AM",38.0966
"2013-02-10:12 AM",39.7414
"2013-02-11:12 AM",53.3952
"2013-02-12:12 AM",50.0081
"2013-02-13:12 AM",46.045
"2013-02-14:12 AM",41.184
"2013-02-15:12 AM",42.899
"2013-02-16:12 AM",36.8157
"2013-02-17:12 AM",27.781
"2013-02-18:12 AM",31.6434
"2013-02-19:12 AM",41.8168
"2013-02-20:12 AM",37.6785
"2013-02-21:12 AM",37.5796
"2013-02-22:12 AM",38.0766
"2013-02-23:12 AM",41.3712
"2013-02-24:12 AM",45.5518
"2013-02-25:12 AM",38.2631
"2013-02-26:12 AM",43.952
"2013-02-27:12 AM",45.8987
"2013-02-28:12 AM",41.4072
"2013-03-01:12 AM",38.5736
"2013-03-02:12 AM",36.6337
"2013-03-03:12 AM",32.9295
"2013-03-04:12 AM",33.0811
"2013-03-05:12 AM",42.3154
"2013-03-06:12 AM",39.4245
"2013-03-07:12 AM",38.3923
"2013-03-08:12 AM",38.2509
"2013-03-09:12 AM",41.765
"2013-03-10:12 AM",45.6485
"2013-03-11:12 AM",50.491
"2013-03-12:12 AM",55.5181
"2013-03-13:12 AM",43.3521
"2013-03-14:12 AM",36.4179
"2013-03-15:12 AM",42.9786
"2013-03-16:12 AM",57.5427
"2013-03-17:12 AM",53.1565
"2013-03-18:12 AM",44.1595
"2013-03-19:12 AM",48.6084
"2013-03-20:12 AM",42.8049
"2013-03-21:12 AM",35.4342
"2013-03-22:12 AM",35.0069
"2013-03-23:12 AM",40.6801
"2013-03-24:12 AM",41.0328
"2013-03-25:12 AM",38.2071
"2013-03-26:12 AM",37.0224
"2013-03-27:12 AM",38.484
"2013-03-28:12 AM",39.7186
"2013-03-29:12 AM",42.7986
"2013-03-30:12 AM",48.3015
"2013-03-31:12 AM",54.8789
"2013-04-01:12 AM",56.4397
"2013-04-02:12 AM",47.5916
"2013-04-03:12 AM",45.4818
"2013-04-04:12 AM",42.7186
"2013-04-05:12 AM",45.8188
"2013-04-06:12 AM",48.7945
"2013-04-07:12 AM",52.8858
"2013-04-08:12 AM",60.7397
"2013-04-09:12 AM",65.7437
"2013-04-10:12 AM",67.9438
"2013-04-11:12 AM",66.7665
"2013-04-12:12 AM",67.1565
"2013-04-13:12 AM",58.3122
"2013-04-14:12 AM",58.753
"2013-04-15:12 AM",59.9162
"2013-04-16:12 AM",62.6293
"2013-04-17:12 AM",66.2985
"2013-04-18:12 AM",65.6244
"2013-04-19:12 AM",67.6027
"2013-04-20:12 AM",52.0504
"2013-04-21:12 AM",49.7115
"2013-04-22:12 AM",48.2236
"2013-04-23:12 AM",52.6384
"2013-04-24:12 AM",58.9951
"2013-04-25:12 AM",55.7083
"2013-04-26:12 AM",54.3735
"2013-04-27:12 AM",56.9665
"2013-04-28:12 AM",56.9422
"2013-04-29:12 AM",60.5743
"2013-04-30:12 AM",60.3784
"2013-05-01:12 AM",58.4551
"2013-05-02:12 AM",58.0278
"2013-05-03:12 AM",56.8299
"2013-05-04:12 AM",53.283
"2013-05-05:12 AM",52.7925
"2013-05-06:12 AM",58.9568
"2013-05-07:12 AM",58.3565
"2013-05-08:12 AM",59.5922
"2013-05-09:12 AM",63.842
"2013-05-10:12 AM",68.4459
"2013-05-11:12 AM",68.4718
"2013-05-12:12 AM",62.2179
"2013-05-13:12 AM",54.0509
"2013-05-14:12 AM",55.0164
"2013-05-15:12 AM",67.0262
"2013-05-16:12 AM",71.9254
"2013-05-17:12 AM",71.6068
"2013-05-18:12 AM",68.5686
"2013-05-19:12 AM",68.7229
"2013-05-20:12 AM",69.9802
"2013-05-21:12 AM",70.191
"2013-05-22:12 AM",70.9174
"2013-05-23:12 AM",70.6449
"2013-05-24:12 AM",62.5896
"2013-05-25:12 AM",56.2334
"2013-05-26:12 AM",59.6766
"2013-05-27:12 AM",63.4483
"2013-05-28:12 AM",68.7844
"2013-05-29:12 AM",71.1115
"2013-05-30:12 AM",71.3239
"2013-05-31:12 AM",73.0044
"2013-06-01:12 AM",74.2647
"2013-06-02:12 AM",73.13
"2013-06-03:12 AM",73.0652
"2013-06-04:12 AM",70.8557
"2013-06-05:12 AM",69.3095
"2013-06-06:12 AM",69.2816
"2013-06-07:12 AM",70.4455
"2013-06-08:12 AM",72.6508
"2013-06-09:12 AM",73.2396
"2013-06-10:12 AM",72.6139
"2013-06-11:12 AM",73.8995
"2013-06-12:12 AM",75.8953
"2013-06-13:12 AM",79.1942
"2013-06-14:12 AM",70.115
"2013-06-15:12 AM",69.483
"2013-06-16:12 AM",72.4932
"2013-06-17:12 AM",73.1485
"2013-06-18:12 AM",73.2693
"2013-06-19:12 AM",70.4158
"2013-06-20:12 AM",69.5514
"2013-06-21:12 AM",69.3376
"2013-06-22:12 AM",70.7594
"2013-06-23:12 AM",73.1156
"2013-06-24:12 AM",74.7054
"2013-06-25:12 AM",76.1369
"2013-06-26:12 AM",76.6971
"2013-06-27:12 AM",76.8387
"2013-06-28:12 AM",77.8275
"2013-06-29:12 AM",75.3892
"2013-06-30:12 AM",74.4501
"2013-07-01:12 AM",73.8275
"2013-07-02:12 AM",73.0749
"2013-07-03:12 AM",74.0602
"2013-07-04:12 AM",75.0679
"2013-07-05:12 AM",75.3265
"2013-07-06:12 AM",75.5179
"2013-07-07:12 AM",75.4216
"2013-07-08:12 AM",76.1283
"2013-07-09:12 AM",76.2838
"2013-07-10:12 AM",76.447
"2013-07-11:12 AM",75.6444
"2013-07-12:12 AM",72.9741
"2013-07-13:12 AM",72.1692
"2013-07-14:12 AM",75.321
"2013-07-15:12 AM",76.4933
"2013-07-16:12 AM",78.6209
"2013-07-17:12 AM",79.03
"2013-07-18:12 AM",78.9584
"2013-07-19:12 AM",79.0432
"2013-07-20:12 AM",76.969
"2013-07-21:12 AM",76.7269
"2013-07-22:12 AM",76.4344
"2013-07-23:12 AM",77.0418
"2013-07-24:12 AM",77.8516
"2013-07-25:12 AM",73.3158
"2013-07-26:12 AM",71.8549
"2013-07-27:12 AM",72.9459
"2013-07-28:12 AM",74.2098
"2013-07-29:12 AM",73.9659
"2013-07-30:12 AM",72.2496
"2013-07-31:12 AM",73.4011
"2013-08-01:12 AM",73.5548
"2013-08-02:12 AM",74.9779
"2013-08-03:12 AM",76.5874
"2013-08-04:12 AM",74.4359
"2013-08-05:12 AM",70.4944
"2013-08-06:12 AM",72.1692
"2013-08-07:12 AM",72.8726
"2013-08-08:12 AM",75.4984
"2013-08-09:12 AM",77.9621
"2013-08-10:12 AM",78.9991
"2013-08-11:12 AM",78.2827
"2013-08-12:12 AM",78.0204
"2013-08-13:12 AM",77.5062
"2013-08-14:12 AM",71.9431
"2013-08-15:12 AM",65.3036
"2013-08-16:12 AM",65.3497
"2013-08-17:12 AM",66.4421
"2013-08-18:12 AM",70.6959
"2013-08-19:12 AM",68.9943
"2013-08-20:12 AM",72.1827
"2013-08-21:12 AM",73.3305
"2013-08-22:12 AM",74.9971
"2013-08-23:12 AM",74.2158
"2013-08-24:12 AM",70.0291
"2013-08-25:12 AM",66.7722
"2013-08-26:12 AM",65.6314
"2013-08-27:12 AM",71.1417
"2013-08-28:12 AM",75.8601
"2013-08-29:12 AM",75.562
"2013-08-30:12 AM",72.5517
"2013-08-31:12 AM",74.3643
"2013-09-01:12 AM",75.8482
"2013-09-02:12 AM",76.021
"2013-09-03:12 AM",75.097
"2013-09-04:12 AM",72.2712
"2013-09-05:12 AM",71.8344
"2013-09-06:12 AM",69.5838
"2013-09-07:12 AM",67.3635
"2013-09-08:12 AM",70.4921
"2013-09-09:12 AM",73.0449
"2013-09-10:12 AM",74.2537
"2013-09-11:12 AM",73.9368
"2013-09-12:12 AM",73.7433
"2013-09-13:12 AM",72.1929
"2013-09-14:12 AM",64.3597
"2013-09-15:12 AM",63.3488
"2013-09-16:12 AM",70.8535
"2013-09-17:12 AM",64.6543
"2013-09-18:12 AM",60.6301
"2013-09-19:12 AM",62.7958
"2013-09-20:12 AM",66.0529
"2013-09-21:12 AM",67.9573
"2013-09-22:12 AM",64.4932
"2013-09-23:12 AM",59.8478
"2013-09-24:12 AM",59.5731
"2013-09-25:12 AM",62.3772
"2013-09-26:12 AM",62.404
"2013-09-27:12 AM",61.3375
"2013-09-28:12 AM",60.6484
"2013-09-29:12 AM",59.8235
"2013-09-30:12 AM",60.4978
"2013-10-01:12 AM",62.9067
"2013-10-02:12 AM",66.07
"2013-10-03:12 AM",68.3065
"2013-10-04:12 AM",69.3145
"2013-10-05:12 AM",70.3242
"2013-10-06:12 AM",70.2111
"2013-10-07:12 AM",69.9006
"2013-10-08:12 AM",58.9491
"2013-10-09:12 AM",57.8952
"2013-10-10:12 AM",58.4659
"2013-10-11:12 AM",60.8977
"2013-10-12:12 AM",62.2011
"2013-10-13:12 AM",64.0096
"2013-10-14:12 AM",63.019
"2013-10-15:12 AM",61.8309
"2013-10-16:12 AM",61.8199
"2013-10-17:12 AM",64.3462
"2013-10-18:12 AM",60.127
"2013-10-19:12 AM",61.8903
"2013-10-20:12 AM",53.9431
"2013-10-21:12 AM",52.4305
"2013-10-22:12 AM",58.0239
"2013-10-23:12 AM",54.8562
"2013-10-24:12 AM",45.0835
"2013-10-25:12 AM",43.3857
"2013-10-26:12 AM",42.4789
"2013-10-27:12 AM",49.9176
"2013-10-28:12 AM",54.3616
"2013-10-29:12 AM",57.4909
"2013-10-30:12 AM",60.622
"2013-10-31:12 AM",63.6472
"2013-11-01:12 AM",67.9428
"2013-11-02:12 AM",58.8223
"2013-11-03:12 AM",49.7538
"2013-11-04:12 AM",45.2971
"2013-11-05:12 AM",48.6741
"2013-11-06:12 AM",56.5432
"2013-11-07:12 AM",58.3965
"2013-11-08:12 AM",44.6841
"2013-11-09:12 AM",44.28
"2013-11-10:12 AM",51.2334
"2013-11-11:12 AM",45.3893
"2013-11-12:12 AM",43.6116
"2013-11-13:12 AM",33.3676
"2013-11-14:12 AM",37.1982
"2013-11-15:12 AM",45.5923
"2013-11-16:12 AM",55.65
"2013-11-17:12 AM",58.9753
"2013-11-18:12 AM",62.9096
"2013-11-19:12 AM",46.3104
"2013-11-20:12 AM",43.1447
"2013-11-21:12 AM",48.6147
"2013-11-22:12 AM",55.9683
"2013-11-23:12 AM",53.407
"2013-11-24:12 AM",31.595
"2013-11-25:12 AM",30.2617
"2013-11-26:12 AM",43.7911
"2013-11-27:12 AM",43.117
"2013-11-28:12 AM",31.8283
"2013-11-29:12 AM",35.6742
"2013-11-30:12 AM",36.2232
"2013-12-01:12 AM",40.6053
"2013-12-02:12 AM",42.5251
"2013-12-03:12 AM",45.3645
"2013-12-04:12 AM",54.9741
"2013-12-05:12 AM",60.0627
"2013-12-06:12 AM",66.1872
"2013-12-07:12 AM",51.4004
"2013-12-08:12 AM",38.4397
"2013-12-09:12 AM",42.3478
"2013-12-10:12 AM",45.194
"2013-12-11:12 AM",35.8074
"2013-12-12:12 AM",33.8623
"2013-12-13:12 AM",34.6384
"2013-12-14:12 AM",42.7438
"2013-12-15:12 AM",43.2837
"2013-12-16:12 AM",38.9574
"2013-12-17:12 AM",45.115
"2013-12-18:12 AM",38.604
"2013-12-19:12 AM",41.9648
"2013-12-20:12 AM",49.9822
"2013-12-21:12 AM",58.3642
"2013-12-22:12 AM",65.8744
"2013-12-23:12 AM",61.1091
"2013-12-24:12 AM",39.463
"2013-12-25:12 AM",30.812
"2013-12-26:12 AM",34.6213
"2013-12-27:12 AM",35.7796
"2013-12-28:12 AM",39.2281
"2013-12-29:12 AM",50.1696
"2013-12-30:12 AM",44.6517
"2013-12-31:12 AM",41.3035
"2014-01-01:12 AM",39.4101
"2014-01-02:12 AM",42.7453
"2014-01-03:12 AM",26.9944
"2014-01-04:12 AM",30.5487
"2014-01-05:12 AM",43.9534
"2014-01-06:12 AM",39.7623
"2014-01-07:12 AM",16.6015
"2014-01-08:12 AM",25.1004
"2014-01-09:12 AM",34.5907
"2014-01-10:12 AM",45.6955
"2014-01-11:12 AM",57.0137
"2014-01-12:12 AM",44.807
"2014-01-13:12 AM",44.4454
"2014-01-14:12 AM",48.2716
"2014-01-15:12 AM",42.0078
"2014-01-16:12 AM",35.5564
"2014-01-17:12 AM",38.2968
"2014-01-18:12 AM",32.1732
"2014-01-19:12 AM",36.2138
"2014-01-20:12 AM",41.2466
"2014-01-21:12 AM",40.426
"2014-01-22:12 AM",23.0279
"2014-01-23:12 AM",24.2593
"2014-01-24:12 AM",17.8088
"2014-01-25:12 AM",27.4303
"2014-01-26:12 AM",34.6048
"2014-01-27:12 AM",43.1404
"2014-01-28:12 AM",26.0895
"2014-01-29:12 AM",18.9826
"2014-01-30:12 AM",19.8336
"2014-01-31:12 AM",29.6195
"2014-02-01:12 AM",36.5693
"2014-02-02:12 AM",45.6116
"2014-02-03:12 AM",51.1183
"2014-02-04:12 AM",39.2547
"2014-02-05:12 AM",45.2365
"2014-02-06:12 AM",35.4661
"2014-02-07:12 AM",34.9378
"2014-02-08:12 AM",37.4495
"2014-02-09:12 AM",39.3793
"2014-02-10:12 AM",38.3779
"2014-02-11:12 AM",31.0824
"2014-02-12:12 AM",28.2902
"2014-02-13:12 AM",32.9531
"2014-02-14:12 AM",35.546
"2014-02-15:12 AM",36.8334
"2014-02-16:12 AM",34.1377
"2014-02-17:12 AM",35.3982
"2014-02-18:12 AM",43.6482
"2014-02-19:12 AM",54.5887
"2014-02-20:12 AM",56.5639
"2014-02-21:12 AM",58.2278
"2014-02-22:12 AM",47.0953
"2014-02-23:12 AM",48.1492
"2014-02-24:12 AM",47.0665
"2014-02-25:12 AM",42.4045
"2014-02-26:12 AM",37.351
"2014-02-27:12 AM",35.5305
"2014-02-28:12 AM",33.0215
"2014-03-01:12 AM",37.5694
"2014-03-02:12 AM",48.2184
"2014-03-03:12 AM",42.4578
"2014-03-04:12 AM",29.4354
"2014-03-05:12 AM",35.1327
"2014-03-06:12 AM",35.4447
"2014-03-07:12 AM",39.2763
"2014-03-08:12 AM",44.5807
"2014-03-09:12 AM",50.0169
"2014-03-10:12 AM",49.9507
"2014-03-11:12 AM",55.8342
"2014-03-12:12 AM",56.9527
"2014-03-13:12 AM",35.2263
"2014-03-14:12 AM",39.6925
"2014-03-15:12 AM",51.2022
"2014-03-16:12 AM",48.4536
"2014-03-17:12 AM",36.9946
"2014-03-18:12 AM",37.3311
"2014-03-19:12 AM",42.3694
"2014-03-20:12 AM",49.0753
"2014-03-21:12 AM",48.8428
"2014-03-22:12 AM",55.2177
"2014-03-23:12 AM",48.7386
"2014-03-24:12 AM",37.2061
"2014-03-25:12 AM",37.2286
"2014-03-26:12 AM",32.5038
"2014-03-27:12 AM",39.2169
"2014-03-28:12 AM",53.1617
"2014-03-29:12 AM",58.4843
"2014-03-30:12 AM",44.5532
"2014-03-31:12 AM",47.6289
"2014-04-01:12 AM",56.1931
"2014-04-02:12 AM",62.2855
"2014-04-03:12 AM",63.3421
"2014-04-04:12 AM",64.9607
"2014-04-05:12 AM",58.0534
"2014-04-06:12 AM",49.4289
"2014-04-07:12 AM",54.8866
"2014-04-08:12 AM",58.5768
"2014-04-09:12 AM",53.9791
"2014-04-10:12 AM",55.1692
"2014-04-11:12 AM",60.0597
"2014-04-12:12 AM",62.9845
"2014-04-13:12 AM",63.9667
"2014-04-14:12 AM",64.2634
"2014-04-15:12 AM",59.5038
"2014-04-16:12 AM",40.559
"2014-04-17:12 AM",44.8804
"2014-04-18:12 AM",47.7828
"2014-04-19:12 AM",48.7436
"2014-04-20:12 AM",52.9304
"2014-04-21:12 AM",54.1033
"2014-04-22:12 AM",61.1388
"2014-04-23:12 AM",58.219
"2014-04-24:12 AM",54.2835
"2014-04-25:12 AM",60.5912
"2014-04-26:12 AM",61.7092
"2014-04-27:12 AM",64.8729
"2014-04-28:12 AM",63.2003
"2014-04-29:12 AM",62.5213
"2014-04-30:12 AM",67.6855
"2014-05-01:12 AM",65.7622
"2014-05-02:12 AM",59.1035
"2014-05-03:12 AM",61.0909
"2014-05-04:12 AM",64.5552
"2014-05-05:12 AM",65.1855
"2014-05-06:12 AM",66.3915
"2014-05-07:12 AM",67.8096
"2014-05-08:12 AM",71.1451
"2014-05-09:12 AM",72.3042
"2014-05-10:12 AM",70.6744
"2014-05-11:12 AM",70.6089
"2014-05-12:12 AM",72.7984
"2014-05-13:12 AM",75.0157
"2014-05-14:12 AM",72.59
"2014-05-15:12 AM",68.9731
"2014-05-16:12 AM",61.5875
"2014-05-17:12 AM",56.6202
"2014-05-18:12 AM",57.1879
"2014-05-19:12 AM",57.726
"2014-05-20:12 AM",63.0154
"2014-05-21:12 AM",70.4196
"2014-05-22:12 AM",74.0829
"2014-05-23:12 AM",73.4497
"2014-05-24:12 AM",66.7227
"2014-05-25:12 AM",66.7769
"2014-05-26:12 AM",69.8837
"2014-05-27:12 AM",73.6873
"2014-05-28:12 AM",75.4311
"2014-05-29:12 AM",72.4998
"2014-05-30:12 AM",68.8377
"2014-05-31:12 AM",68.9185
"2014-06-01:12 AM",64.5577
"2014-06-02:12 AM",65.1207
"2014-06-03:12 AM",70.0941
"2014-06-04:12 AM",74.7099
"2014-06-05:12 AM",74.1184
"2014-06-06:12 AM",71.9416
"2014-06-07:12 AM",71.0958
"2014-06-08:12 AM",71.3484
"2014-06-09:12 AM",73.2555
"2014-06-10:12 AM",77.6197
"2014-06-11:12 AM",76.77
"2014-06-12:12 AM",73.2468
"2014-06-13:12 AM",73.3136
"2014-06-14:12 AM",73.6119
"2014-06-15:12 AM",72.8658
"2014-06-16:12 AM",76.4967
"2014-06-17:12 AM",78.3666
"2014-06-18:12 AM",79.7209
"2014-06-19:12 AM",79.7909
"2014-06-20:12 AM",78.0388
"2014-06-21:12 AM",76.6888
"2014-06-22:12 AM",75.4689
"2014-06-23:12 AM",73.8376
"2014-06-24:12 AM",74.2419
"2014-06-25:12 AM",76.8425
"2014-06-26:12 AM",78.7012
"2014-06-27:12 AM",76.5916
"2014-06-28:12 AM",75.1188
"2014-06-29:12 AM",73.5112
"2014-06-30:12 AM",75.2772
"2014-07-01:12 AM",78.4135
"2014-07-02:12 AM",81.3218
"2014-07-03:12 AM",80.1334
"2014-07-04:12 AM",76.0838
"2014-07-05:12 AM",71.3086
"2014-07-06:12 AM",72.1594
"2014-07-07:12 AM",76.4987
"2014-07-08:12 AM",80.2116
"2014-07-09:12 AM",79.108
"2014-07-10:12 AM",75.6343
"2014-07-11:12 AM",74.8065
"2014-07-12:12 AM",75.749
"2014-07-13:12 AM",78.1048
"2014-07-14:12 AM",80.8129
"2014-07-15:12 AM",78.7365
"2014-07-16:12 AM",72.7182
"2014-07-17:12 AM",71.9935
"2014-07-18:12 AM",71.6535
"2014-07-19:12 AM",70.2498
"2014-07-20:12 AM",72.6546
"2014-07-21:12 AM",73.1178
"2014-07-22:12 AM",75.3456
"2014-07-23:12 AM",77.9007
"2014-07-24:12 AM",77.4716
"2014-07-25:12 AM",74.3509
"2014-07-26:12 AM",76.9127
"2014-07-27:12 AM",80.3746
"2014-07-28:12 AM",79.5967
"2014-07-29:12 AM",72.41
"2014-07-30:12 AM",71.011
"2014-07-31:12 AM",72.0966
"2014-08-01:12 AM",70.315
"2014-08-02:12 AM",69.3406
"2014-08-03:12 AM",69.847
"2014-08-04:12 AM",71.8232
"2014-08-05:12 AM",73.2567
"2014-08-06:12 AM",76.2411
"2014-08-07:12 AM",76.3975
"2014-08-08:12 AM",72.9972
"2014-08-09:12 AM",69.9507
"2014-08-10:12 AM",69.1257
"2014-08-11:12 AM",72.9603
"2014-08-12:12 AM",75.3692
"2014-08-13:12 AM",74.0111
"2014-08-14:12 AM",70.0241
"2014-08-15:12 AM",72.4892
"2014-08-16:12 AM",74.4798
"2014-08-17:12 AM",76.2319
"2014-08-18:12 AM",76.7946
"2014-08-19:12 AM",75.1989
"2014-08-20:12 AM",76.7471
"2014-08-21:12 AM",78.2677
"2014-08-22:12 AM",79.2613
"2014-08-23:12 AM",76.7905
"2014-08-24:12 AM",72.028
"2014-08-25:12 AM",68.788
"2014-08-26:12 AM",69.2206
"2014-08-27:12 AM",69.8149
"2014-08-28:12 AM",75.4952
"2014-08-29:12 AM",76.6395
"2014-08-30:12 AM",75.7938
"2014-08-31:12 AM",77.8707
"2014-09-01:12 AM",79.6192
"2014-09-02:12 AM",80.074
"2014-09-03:12 AM",78.8351
"2014-09-04:12 AM",76.8911
"2014-09-05:12 AM",76.6171
"2014-09-06:12 AM",76.602
"2014-09-07:12 AM",74.5772
"2014-09-08:12 AM",70.4293
"2014-09-09:12 AM",70.5047
"2014-09-10:12 AM",70.7711
"2014-09-11:12 AM",74.5198
"2014-09-12:12 AM",73.6142
"2014-09-13:12 AM",72.1701
"2014-09-14:12 AM",64.3298
"2014-09-15:12 AM",66.8239
"2014-09-16:12 AM",70.6611
"2014-09-17:12 AM",66.88
"2014-09-18:12 AM",67.2202
"2014-09-19:12 AM",66.1435
"2014-09-20:12 AM",66.8676
"2014-09-21:12 AM",70.3594
"2014-09-22:12 AM",67.1556
"2014-09-23:12 AM",61.1413
"2014-09-24:12 AM",61.6302
"2014-09-25:12 AM",64.8102
"2014-09-26:12 AM",65.6938
"2014-09-27:12 AM",64.3573
"2014-09-28:12 AM",64.9666
"2014-09-29:12 AM",64.1451
"2014-09-30:12 AM",65.4237
"2014-10-01:12 AM",65.9386
"2014-10-02:12 AM",67.3898
"2014-10-03:12 AM",67.8409
"2014-10-04:12 AM",62.4115
"2014-10-05:12 AM",50.3713
"2014-10-06:12 AM",56.9786
"2014-10-07:12 AM",64.159
"2014-10-08:12 AM",69.1774
"2014-10-09:12 AM",64.431
"2014-10-10:12 AM",66.8998
"2014-10-11:12 AM",70.5308
"2014-10-12:12 AM",61.2775
"2014-10-13:12 AM",66.301
"2014-10-14:12 AM",71.685
"2014-10-15:12 AM",65.6676
"2014-10-16:12 AM",59.0103
"2014-10-17:12 AM",58.5745
"2014-10-18:12 AM",61.576
"2014-10-19:12 AM",53.1423
"2014-10-20:12 AM",53.6059
"2014-10-21:12 AM",59.0558
"2014-10-22:12 AM",53.7058
"2014-10-23:12 AM",53.3934
"2014-10-24:12 AM",54.8031
"2014-10-25:12 AM",55.4704
"2014-10-26:12 AM",60.7401
"2014-10-27:12 AM",58.2998
"2014-10-28:12 AM",63.4953
"2014-10-29:12 AM",64.3982
"2014-10-30:12 AM",55.8039
"2014-10-31:12 AM",50.673
"2014-11-01:12 AM",44.4189
"2014-11-02:12 AM",40.6267
"2014-11-03:12 AM",43.9882
"2014-11-04:12 AM",52.6435
"2014-11-05:12 AM",57.7809
"2014-11-06:12 AM",60.6549
"2014-11-07:12 AM",49.1754
"2014-11-08:12 AM",45.6912
"2014-11-09:12 AM",48.9981
"2014-11-10:12 AM",49.9262
"2014-11-11:12 AM",55.8014
"2014-11-12:12 AM",59.1001
"2014-11-13:12 AM",51.5548
"2014-11-14:12 AM",37.8129
"2014-11-15:12 AM",32.3235
"2014-11-16:12 AM",40.0712
"2014-11-17:12 AM",51.4249
"2014-11-18:12 AM",32.562
"2014-11-19:12 AM",29.5551
"2014-11-20:12 AM",38.9102
"2014-11-21:12 AM",38.3275
"2014-11-22:12 AM",37.2085
"2014-11-23:12 AM",48.294
"2014-11-24:12 AM",62.9469
"2014-11-25:12 AM",57.5434
"2014-11-26:12 AM",47.3572
"2014-11-27:12 AM",39.9965
"2014-11-28:12 AM",33.6335
"2014-11-29:12 AM",37.9571
"2014-11-30:12 AM",47.3338
"2014-12-01:12 AM",53.9836
"2014-12-02:12 AM",50.5411
"2014-12-03:12 AM",51.1466
"2014-12-04:12 AM",49.2057
"2014-12-05:12 AM",47.2746
"2014-12-06:12 AM",51.8808
"2014-12-07:12 AM",43.7778
"2014-12-08:12 AM",39.8984
"2014-12-09:12 AM",39.9965
"2014-12-10:12 AM",40.091
"2014-12-11:12 AM",35.2868
"2014-12-12:12 AM",37.989
"2014-12-13:12 AM",41.1341
"2014-12-14:12 AM",41.1544
"2014-12-15:12 AM",41.9925
"2014-12-16:12 AM",46.4972
"2014-12-17:12 AM",46.402
"2014-12-18:12 AM",41.421
"2014-12-19:12 AM",39.483
"2014-12-20:12 AM",37.8372
"2014-12-21:12 AM",39.5866
"2014-12-22:12 AM",41.243
"2014-12-23:12 AM",43.1753
"2014-12-24:12 AM",57.029
"2014-12-25:12 AM",50.4352
"2014-12-26:12 AM",41.7171
"2014-12-27:12 AM",44.5102
"2014-12-28:12 AM",52.8035
"2014-12-29:12 AM",50.9477
"2014-12-30:12 AM",39.7629
"2014-12-31:12 AM",34.4372
"2015-01-01:12 AM",36.7002
"2015-01-02:12 AM",43.907
"2015-01-03:12 AM",48.9483
"2015-01-04:12 AM",59.8998
"2015-01-05:12 AM",41.8257
"2015-01-06:12 AM",38.053
"2015-01-07:12 AM",30.5908
"2015-01-08:12 AM",18.1141
"2015-01-09:12 AM",28.8955
"2015-01-10:12 AM",27.3308
"2015-01-11:12 AM",33.0823
"2015-01-12:12 AM",46.1971
"2015-01-13:12 AM",40.1455
"2015-01-14:12 AM",34.1544
"2015-01-15:12 AM",34.9639
"2015-01-16:12 AM",37.2094
"2015-01-17:12 AM",38.7646
"2015-01-18:12 AM",46.4275
"2015-01-19:12 AM",43.6003
"2015-01-20:12 AM",48.2911
"2015-01-21:12 AM",46.6396
"2015-01-22:12 AM",43.0648
"2015-01-23:12 AM",40.1873
"2015-01-24:12 AM",41.763
"2015-01-25:12 AM",39.3375
"2015-01-26:12 AM",42.2103
"2015-01-27:12 AM",33.9811
"2015-01-28:12 AM",31.2566
"2015-01-29:12 AM",35.1669
"2015-01-30:12 AM",37.1824
"2015-01-31:12 AM",32.1044
"2015-02-01:12 AM",41.0527
"2015-02-02:12 AM",45.7362
"2015-02-03:12 AM",32.1786
"2015-02-04:12 AM",37.9155
"2015-02-05:12 AM",37.0967
"2015-02-06:12 AM",30.2893
"2015-02-07:12 AM",38.6753
"2015-02-08:12 AM",47.5457
"2015-02-09:12 AM",52.4849
"2015-02-10:12 AM",40.5079
"2015-02-11:12 AM",37.1223
"2015-02-12:12 AM",37.1491
"2015-02-13:12 AM",27.1083
"2015-02-14:12 AM",34.2615
"2015-02-15:12 AM",20.1025
"2015-02-16:12 AM",24.6252
"2015-02-17:12 AM",27.306
"2015-02-18:12 AM",25.2412
"2015-02-19:12 AM",14.2846
"2015-02-20:12 AM",13.6125
"2015-02-21:12 AM",30.076
"2015-02-22:12 AM",45.1351
"2015-02-23:12 AM",38.7466
"2015-02-24:12 AM",27.6525
"2015-02-25:12 AM",29.7691
"2015-02-26:12 AM",32.3413
"2015-02-27:12 AM",30.3519
"2015-02-28:12 AM",29.9851
"2015-03-01:12 AM",35.4056
"2015-03-02:12 AM",42.2388
"2015-03-03:12 AM",40.4722
"2015-03-04:12 AM",55.6837
"2015-03-05:12 AM",50.0896
"2015-03-06:12 AM",29.3666
"2015-03-07:12 AM",35.6189
"2015-03-08:12 AM",44.9204
"2015-03-09:12 AM",51.6006
"2015-03-10:12 AM",56.7262
"2015-03-11:12 AM",62.9472
"2015-03-12:12 AM",53.8066
"2015-03-13:12 AM",47.0457
"2015-03-14:12 AM",54.5644
"2015-03-15:12 AM",54.9923
"2015-03-16:12 AM",54.4087
"2015-03-17:12 AM",60.2524
"2015-03-18:12 AM",47.1191
"2015-03-19:12 AM",46.5904
"2015-03-20:12 AM",48.9821
"2015-03-21:12 AM",50.488
"2015-03-22:12 AM",54.1827
"2015-03-23:12 AM",49.6488
"2015-03-24:12 AM",49.9082
"2015-03-25:12 AM",53.4902
"2015-03-26:12 AM",62.5757
"2015-03-27:12 AM",48.9988
"2015-03-28:12 AM",36.1994
"2015-03-29:12 AM",34.6536
"2015-03-30:12 AM",44.4553
"2015-03-31:12 AM",52.605
"2015-04-01:12 AM",53.341
"2015-04-02:12 AM",53.7843
"2015-04-03:12 AM",64.726
"2015-04-04:12 AM",57.2704
"2015-04-05:12 AM",49.2352
"2015-04-06:12 AM",56.9246
"2015-04-07:12 AM",62.5825
"2015-04-08:12 AM",65.8497
"2015-04-09:12 AM",66.2356
"2015-04-10:12 AM",68.068
"2015-04-11:12 AM",61.653
"2015-04-12:12 AM",58.1333
"2015-04-13:12 AM",61.3618
"2015-04-14:12 AM",66.3332
"2015-04-15:12 AM",56.511
"2015-04-16:12 AM",53.3424
"2015-04-17:12 AM",62.931
"2015-04-18:12 AM",64.9818
"2015-04-19:12 AM",63.7412
"2015-04-20:12 AM",65.8535
"2015-04-21:12 AM",59.0364
"2015-04-22:12 AM",59.0736
"2015-04-23:12 AM",55.0738
"2015-04-24:12 AM",51.8232
"2015-04-25:12 AM",54.8224
"2015-04-26:12 AM",52.8757
"2015-04-27:12 AM",52.9813
"2015-04-28:12 AM",52.5564
"2015-04-29:12 AM",54.829
"2015-04-30:12 AM",56.0815
"2015-05-01:12 AM",52.4066
"2015-05-02:12 AM",56.5435
"2015-05-03:12 AM",62.1592
"2015-05-04:12 AM",65.3211
"2015-05-05:12 AM",66.0369
"2015-05-06:12 AM",66.004
"2015-05-07:12 AM",65.5315
"2015-05-08:12 AM",67.2611
"2015-05-09:12 AM",68.6129
"2015-05-10:12 AM",69.3961
"2015-05-11:12 AM",71.8668
"2015-05-12:12 AM",73.9944
"2015-05-13:12 AM",67.5331
"2015-05-14:12 AM",61.1449
"2015-05-15:12 AM",63.7126
"2015-05-16:12 AM",68.4468
"2015-05-17:12 AM",70.4403
"2015-05-18:12 AM",73.5271
"2015-05-19:12 AM",73.1957
"2015-05-20:12 AM",72.8307
"2015-05-21:12 AM",67.6836
"2015-05-22:12 AM",60.4382
"2015-05-23:12 AM",62.7535
"2015-05-24:12 AM",65.9543
"2015-05-25:12 AM",68.6851
"2015-05-26:12 AM",72.043
"2015-05-27:12 AM",73.0778
"2015-05-28:12 AM",72.7857
"2015-05-29:12 AM",72.3132
"2015-05-30:12 AM",72.7727
"2015-05-31:12 AM",72.7923
"2015-06-01:12 AM",73.216
"2015-06-02:12 AM",71.1376
"2015-06-03:12 AM",65.9818
"2015-06-04:12 AM",66.393
"2015-06-05:12 AM",67.4739
"2015-06-06:12 AM",71.7656
"2015-06-07:12 AM",70.8588
"2015-06-08:12 AM",72.7288
"2015-06-09:12 AM",74.6514
"2015-06-10:12 AM",74.6101
"2015-06-11:12 AM",76.8369
"2015-06-12:12 AM",77.7693
"2015-06-13:12 AM",80.0447
"2015-06-14:12 AM",80.7399
"2015-06-15:12 AM",82.2006
"2015-06-16:12 AM",83.2953
"2015-06-17:12 AM",82.3474
"2015-06-18:12 AM",82.6669
"2015-06-19:12 AM",80.8338
"2015-06-20:12 AM",80.7314
"2015-06-21:12 AM",81.4996
"2015-06-22:12 AM",82.6795
"2015-06-23:12 AM",83.1229
"2015-06-24:12 AM",83.7135
"2015-06-25:12 AM",80.9548
"2015-06-26:12 AM",82.7787
"2015-06-27:12 AM",77.2853
"2015-06-28:12 AM",73.9571
"2015-06-29:12 AM",73.0573
"2015-06-30:12 AM",78.001
"2015-07-01:12 AM",76.8004
"2015-07-02:12 AM",76.2924
"2015-07-03:12 AM",73.6428
"2015-07-04:12 AM",76.6112
"2015-07-05:12 AM",76.9588
"2015-07-06:12 AM",77.4253
"2015-07-07:12 AM",78.5898
"2015-07-08:12 AM",80.6248
"2015-07-09:12 AM",81.8204
"2015-07-10:12 AM",82.4488
"2015-07-11:12 AM",80.8952
"2015-07-12:12 AM",76.7892
"2015-07-13:12 AM",79.32
"2015-07-14:12 AM",80.2906
"2015-07-15:12 AM",80.0249
"2015-07-16:12 AM",77.2245
"2015-07-17:12 AM",78.3199
"2015-07-18:12 AM",81.2338
"2015-07-19:12 AM",82.7103
"2015-07-20:12 AM",83.8008
"2015-07-21:12 AM",84.3642
"2015-07-22:12 AM",81.9583
"2015-07-23:12 AM",77.2345
"2015-07-24:12 AM",76.9681
"2015-07-25:12 AM",75.5314
"2015-07-26:12 AM",77.5155
"2015-07-27:12 AM",79.327
"2015-07-28:12 AM",79.5387
"2015-07-29:12 AM",80.0719
"2015-07-30:12 AM",81.9648
"2015-07-31:12 AM",81.0599
"2015-08-01:12 AM",78.4852
"2015-08-02:12 AM",78.5995
"2015-08-03:12 AM",77.5695
"2015-08-04:12 AM",79.5861
"2015-08-05:12 AM",82.1214
"2015-08-06:12 AM",79.7949
"2015-08-07:12 AM",75.4606
"2015-08-08:12 AM",75.4439
"2015-08-09:12 AM",75.7047
"2015-08-10:12 AM",77.0819
"2015-08-11:12 AM",75.2409
"2015-08-12:12 AM",75.4695
"2015-08-13:12 AM",75.1334
"2015-08-14:12 AM",75.5442
"2015-08-15:12 AM",75.3341
"2015-08-16:12 AM",76.312
"2015-08-17:12 AM",78.7775
"2015-08-18:12 AM",75.8536
"2015-08-19:12 AM",77.2644
"2015-08-20:12 AM",76.73
"2015-08-21:12 AM",77.0212
"2015-08-22:12 AM",75.2585
"2015-08-23:12 AM",73.7805
"2015-08-24:12 AM",77.1993
"2015-08-25:12 AM",75.5715
"2015-08-26:12 AM",72.7822
"2015-08-27:12 AM",72.2392
"2015-08-28:12 AM",71.9456
"2015-08-29:12 AM",71.8682
"2015-08-30:12 AM",73.7906
"2015-08-31:12 AM",73.4805
"2015-09-01:12 AM",75.0686
"2015-09-02:12 AM",78.2074
"2015-09-03:12 AM",78.4747
"2015-09-04:12 AM",78.8743
"2015-09-05:12 AM",74.9824
"2015-09-06:12 AM",73.3777
"2015-09-07:12 AM",74.2321
"2015-09-08:12 AM",75.4052
"2015-09-09:12 AM",76.3619
"2015-09-10:12 AM",77.3848
"2015-09-11:12 AM",74.3095
"2015-09-12:12 AM",70.9531
"2015-09-13:12 AM",65.4463
"2015-09-14:12 AM",60.4045
"2015-09-15:12 AM",61.932
"2015-09-16:12 AM",64.5926
"2015-09-17:12 AM",67.1418
"2015-09-18:12 AM",69.188
"2015-09-19:12 AM",71.4159
"2015-09-20:12 AM",73.0972
"2015-09-21:12 AM",70.5888
"2015-09-22:12 AM",69.615
"2015-09-23:12 AM",69.4828
"2015-09-24:12 AM",68.4099
"2015-09-25:12 AM",66.0438
"2015-09-26:12 AM",65.8555
"2015-09-27:12 AM",67.7734
"2015-09-28:12 AM",71.2132
"2015-09-29:12 AM",73.4171
"2015-09-30:12 AM",73.5177
"2015-10-01:12 AM",64.8786
"2015-10-02:12 AM",60.165
"2015-10-03:12 AM",62.3493
"2015-10-04:12 AM",65.1238
"2015-10-05:12 AM",61.6793
"2015-10-06:12 AM",59.8869
"2015-10-07:12 AM",61.2482
"2015-10-08:12 AM",64.8484
"2015-10-09:12 AM",67.0932
"2015-10-10:12 AM",62.505
"2015-10-11:12 AM",58.9577
"2015-10-12:12 AM",60.15
"2015-10-13:12 AM",64.5244
"2015-10-14:12 AM",61.0538
"2015-10-15:12 AM",57.5431
"2015-10-16:12 AM",58.6081
"2015-10-17:12 AM",53.0503
"2015-10-18:12 AM",45.0437
"2015-10-19:12 AM",43.6995
"2015-10-20:12 AM",48.6018
"2015-10-21:12 AM",53.6221
"2015-10-22:12 AM",57.9324
"2015-10-23:12 AM",60.9751
"2015-10-24:12 AM",59.0889
"2015-10-25:12 AM",61.9108
"2015-10-26:12 AM",57.5267
"2015-10-27:12 AM",54.5409
"2015-10-28:12 AM",65.7842
"2015-10-29:12 AM",64.6509
"2015-10-30:12 AM",56.6164
"2015-10-31:12 AM",52.5049
"2015-11-01:12 AM",59.904
"2015-11-02:12 AM",62.6466
"2015-11-03:12 AM",61.4395
"2015-11-04:12 AM",62.8362
"2015-11-05:12 AM",65.2818
"2015-11-06:12 AM",66.672
"2015-11-07:12 AM",67.1167
"2015-11-08:12 AM",51.784
"2015-11-09:12 AM",53.2776
"2015-11-10:12 AM",58.4069
"2015-11-11:12 AM",52.7407
"2015-11-12:12 AM",57.6208
"2015-11-13:12 AM",52.56
"2015-11-14:12 AM",44.69
"2015-11-15:12 AM",44.9362
"2015-11-16:12 AM",46.7253
"2015-11-17:12 AM",51.0588
"2015-11-18:12 AM",59.837
"2015-11-19:12 AM",65.0799
"2015-11-20:12 AM",52.486
"2015-11-21:12 AM",46.8446
"2015-11-22:12 AM",45.4019
"2015-11-23:12 AM",35.1673
"2015-11-24:12 AM",38.746
"2015-11-25:12 AM",43.1379
"2015-11-26:12 AM",50.9259
"2015-11-27:12 AM",54.8199
"2015-11-28:12 AM",54.9684
"2015-11-29:12 AM",57.9295
"2015-11-30:12 AM",53.2558
"2015-12-01:12 AM",51.1965
"2015-12-02:12 AM",58.8645
"2015-12-03:12 AM",46.8295
"2015-12-04:12 AM",41.0527
"2015-12-05:12 AM",42.0229
"2015-12-06:12 AM",44.0274
"2015-12-07:12 AM",46.499
"2015-12-08:12 AM",45.2334
"2015-12-09:12 AM",49.1245
"2015-12-10:12 AM",54.4026
"2015-12-11:12 AM",57.4282
"2015-12-12:12 AM",61.5085
"2015-12-13:12 AM",60.0744
"2015-12-14:12 AM",63.3753
"2015-12-15:12 AM",58.5498
"2015-12-16:12 AM",52.9097
"2015-12-17:12 AM",58.7349
"2015-12-18:12 AM",51.3856
"2015-12-19:12 AM",35.8416
"2015-12-20:12 AM",38.2413
"2015-12-21:12 AM",47.8821
"2015-12-22:12 AM",59.1966
"2015-12-23:12 AM",64.6695
"2015-12-24:12 AM",68.8455
"2015-12-25:12 AM",67.3167
"2015-12-26:12 AM",65.1841
"2015-12-27:12 AM",65.9316
"2015-12-28:12 AM",61.2891
"2015-12-29:12 AM",64.7137
"2015-12-30:12 AM",64.9393
"2015-12-31:12 AM",60.8967
"2016-01-01:12 AM",47.6654
"2016-01-02:12 AM",39.3931
"2016-01-03:12 AM",40.0294
"2016-01-04:12 AM",34.9974
"2016-01-05:12 AM",27.6969
"2016-01-06:12 AM",31.4209
"2016-01-07:12 AM",39.2509
"2016-01-08:12 AM",43.4928
"2016-01-09:12 AM",47.799
"2016-01-10:12 AM",50.4169
"2016-01-11:12 AM",33.3169
"2016-01-12:12 AM",36.7351
"2016-01-13:12 AM",31.8375
"2016-01-14:12 AM",39.1599
"2016-01-15:12 AM",44.5282
"2016-01-16:12 AM",46.6021
"2016-01-17:12 AM",38.8936
"2016-01-18:12 AM",28.5213
"2016-01-19:12 AM",22.8619
"2016-01-20:12 AM",27.3292
"2016-01-21:12 AM",31.8225
"2016-01-22:12 AM",31.2595
"2016-01-23:12 AM",26.629
"2016-01-24:12 AM",26.7849
"2016-01-25:12 AM",34.2025
"2016-01-26:12 AM",44.5404
"2016-01-27:12 AM",45.2131
"2016-01-28:12 AM",39.9771
"2016-01-29:12 AM",39.1701
"2016-01-30:12 AM",38.901
"2016-01-31:12 AM",48.2349
"2016-02-01:12 AM",55.2492
"2016-02-02:12 AM",52.9673
"2016-02-03:12 AM",59.3848
"2016-02-04:12 AM",55.2373
"2016-02-05:12 AM",37.3845
"2016-02-06:12 AM",35.5759
"2016-02-07:12 AM",36.9572
"2016-02-08:12 AM",38.442
"2016-02-09:12 AM",34.7472
"2016-02-10:12 AM",28.1088
"2016-02-11:12 AM",27.3675
"2016-02-12:12 AM",29.5063
"2016-02-13:12 AM",26.3876
"2016-02-14:12 AM",22.7849
"2016-02-15:12 AM",31.0663
"2016-02-16:12 AM",47.3934
"2016-02-17:12 AM",41.6779
"2016-02-18:12 AM",38.0352
"2016-02-19:12 AM",37.7469
"2016-02-20:12 AM",48.8664
"2016-02-21:12 AM",56.0631
"2016-02-22:12 AM",53.9494
"2016-02-23:12 AM",48.2446
"2016-02-24:12 AM",55.4826
"2016-02-25:12 AM",42.8059
"2016-02-26:12 AM",37.2636
"2016-02-27:12 AM",35.8034
"2016-02-28:12 AM",44.3415
"2016-02-29:12 AM",52.3306
"2016-03-01:12 AM",54.2088
"2016-03-02:12 AM",46.8775
"2016-03-03:12 AM",38.431
"2016-03-04:12 AM",39.3314
"2016-03-05:12 AM",40.1938
"2016-03-06:12 AM",43.1748
"2016-03-07:12 AM",46.5714
"2016-03-08:12 AM",55.607
"2016-03-09:12 AM",59.7519
"2016-03-10:12 AM",63.1468
"2016-03-11:12 AM",65.1214
"2016-03-12:12 AM",62.2389
"2016-03-13:12 AM",62.8448
"2016-03-14:12 AM",63.028
"2016-03-15:12 AM",61.6194
"2016-03-16:12 AM",64.8493
"2016-03-17:12 AM",60.0181
"2016-03-18:12 AM",56.0795
"2016-03-19:12 AM",54.2628
"2016-03-20:12 AM",42.4252
"2016-03-21:12 AM",40.5543
"2016-03-22:12 AM",45.909
"2016-03-23:12 AM",54.6597
"2016-03-24:12 AM",60.0769
"2016-03-25:12 AM",64.0935
"2016-03-26:12 AM",56.5484
"2016-03-27:12 AM",56.8377
"2016-03-28:12 AM",59.0099
"2016-03-29:12 AM",51.0487
"2016-03-30:12 AM",52.5718
"2016-03-31:12 AM",61.2696
"2016-04-01:12 AM",67.3846
"2016-04-02:12 AM",58.9107
"2016-04-03:12 AM",46.4779
"2016-04-04:12 AM",55.3687
"2016-04-05:12 AM",45.6822
"2016-04-06:12 AM",44.2353
"2016-04-07:12 AM",55.9825
"2016-04-08:12 AM",49.7874
"2016-04-09:12 AM",43.648
"2016-04-10:12 AM",41.6968
"2016-04-11:12 AM",52.6012
"2016-04-12:12 AM",58.1486
"2016-04-13:12 AM",52.0671
"2016-04-14:12 AM",50.4149
"2016-04-15:12 AM",50.6511
"2016-04-16:12 AM",50.9963
"2016-04-17:12 AM",51.9532
"2016-04-18:12 AM",59.4165
"2016-04-19:12 AM",66.1172
"2016-04-20:12 AM",62.5867
"2016-04-21:12 AM",61.9758
"2016-04-22:12 AM",63.8971
"2016-04-23:12 AM",61.5916
"2016-04-24:12 AM",57.9346
"2016-04-25:12 AM",62.4726
"2016-04-26:12 AM",66.7294
"2016-04-27:12 AM",69.6205
"2016-04-28:12 AM",68.5888
"2016-04-29:12 AM",65.6906
"2016-04-30:12 AM",60.6537
"2016-05-01:12 AM",65.4944
"2016-05-02:12 AM",69.5469
"2016-05-03:12 AM",68.2189
"2016-05-04:12 AM",61.6456
"2016-05-05:12 AM",52.9259
"2016-05-06:12 AM",52.9345
"2016-05-07:12 AM",59.7904
"2016-05-08:12 AM",67.9035
"2016-05-09:12 AM",68.1746
"2016-05-10:12 AM",70.38
"2016-05-11:12 AM",68.9263
"2016-05-12:12 AM",70.6969
"2016-05-13:12 AM",67.6236
"2016-05-14:12 AM",64.9202
"2016-05-15:12 AM",53.8381
"2016-05-16:12 AM",56.5092
"2016-05-17:12 AM",62.413
"2016-05-18:12 AM",62.269
"2016-05-19:12 AM",58.9575
"2016-05-20:12 AM",58.6674
"2016-05-21:12 AM",65.4933
"2016-05-22:12 AM",61.0239
"2016-05-23:12 AM",57.4556
"2016-05-24:12 AM",64.3699
"2016-05-25:12 AM",69.9951
"2016-05-26:12 AM",72.2833
"2016-05-27:12 AM",71.7408
"2016-05-28:12 AM",70.6379
"2016-05-29:12 AM",69.8018
"2016-05-30:12 AM",71.1754
"2016-05-31:12 AM",71.3437
"2016-06-01:12 AM",72.4401
"2016-06-02:12 AM",72.9387
"2016-06-03:12 AM",74.3326
"2016-06-04:12 AM",76.9356
"2016-06-05:12 AM",74.3083
"2016-06-06:12 AM",73.3955
"2016-06-07:12 AM",73.5186
"2016-06-08:12 AM",68.6979
"2016-06-09:12 AM",67.1661
"2016-06-10:12 AM",70.3774
"2016-06-11:12 AM",76.3579
"2016-06-12:12 AM",79.5123
"2016-06-13:12 AM",73.9465
"2016-06-14:12 AM",75.2947
"2016-06-15:12 AM",76.8778
"2016-06-16:12 AM",78.7897
"2016-06-17:12 AM",75.3226
"2016-06-18:12 AM",70.642
"2016-06-19:12 AM",68.9425
"2016-06-20:12 AM",71.1118
"2016-06-21:12 AM",76.5559
"2016-06-22:12 AM",79.758
"2016-06-23:12 AM",81.8841
"2016-06-24:12 AM",79.5632
"2016-06-25:12 AM",76.4616
"2016-06-26:12 AM",74.0356
"2016-06-27:12 AM",74.6046
"2016-06-28:12 AM",73.6938
"2016-06-29:12 AM",75.5416
"2016-06-30:12 AM",75.9826
"2016-07-01:12 AM",76.766
"2016-07-02:12 AM",77.4064
"2016-07-03:12 AM",76.5874
"2016-07-04:12 AM",76.9557
"2016-07-05:12 AM",82.843
"2016-07-06:12 AM",80.9046
"2016-07-07:12 AM",79.8026
"2016-07-08:12 AM",81.5283
"2016-07-09:12 AM",80.8542
"2016-07-10:12 AM",78.5872
"2016-07-11:12 AM",79.2934
"2016-07-12:12 AM",78.9802
"2016-07-13:12 AM",80.9253
"2016-07-14:12 AM",82.9992
"2016-07-15:12 AM",80.7811
"2016-07-16:12 AM",77.461
"2016-07-17:12 AM",78.4924
"2016-07-18:12 AM",80.287
"2016-07-19:12 AM",81.7045
"2016-07-20:12 AM",79.3458
"2016-07-21:12 AM",78.6742
"2016-07-22:12 AM",80.0532
"2016-07-23:12 AM",82.1431
"2016-07-24:12 AM",82.3627
"2016-07-25:12 AM",82.4547
"2016-07-26:12 AM",84.7562
"2016-07-27:12 AM",85.0447
"2016-07-28:12 AM",84.5292
"2016-07-29:12 AM",83.6699
"2016-07-30:12 AM",82.0859
"2016-07-31:12 AM",82.4572
"2016-08-01:12 AM",81.7444
"2016-08-02:12 AM",80.8569
"2016-08-03:12 AM",76.3826
"2016-08-04:12 AM",75.6536
"2016-08-05:12 AM",76.4301
"2016-08-06:12 AM",80.6155
"2016-08-07:12 AM",81.0822
"2016-08-08:12 AM",76.8031
"2016-08-09:12 AM",76.9123
"2016-08-10:12 AM",79.0119
"2016-08-11:12 AM",80.7883
"2016-08-12:12 AM",81.0315
"2016-08-13:12 AM",82.6227
"2016-08-14:12 AM",83.0881
"2016-08-15:12 AM",83.0779
"2016-08-16:12 AM",81.9946
"2016-08-17:12 AM",82.8613
"2016-08-18:12 AM",81.7419
"2016-08-19:12 AM",77.4743
"2016-08-20:12 AM",78.1263
"2016-08-21:12 AM",80.2906
"2016-08-22:12 AM",76.3821
"2016-08-23:12 AM",73.6639
"2016-08-24:12 AM",73.8734
"2016-08-25:12 AM",77.0257
"2016-08-26:12 AM",80.3016
"2016-08-27:12 AM",80.5753
"2016-08-28:12 AM",77.7985
"2016-08-29:12 AM",75.9702
"2016-08-30:12 AM",77.2414
"2016-08-31:12 AM",78.2758
"2016-09-01:12 AM",79.0947
"2016-09-02:12 AM",70.2585
"2016-09-03:12 AM",69.168
"2016-09-04:12 AM",68.4948
"2016-09-05:12 AM",68.038
"2016-09-06:12 AM",73.3687
"2016-09-07:12 AM",76.4802
"2016-09-08:12 AM",78.237
"2016-09-09:12 AM",78.4436
"2016-09-10:12 AM",78.1052
"2016-09-11:12 AM",77.4763
"2016-09-12:12 AM",74.8098
"2016-09-13:12 AM",73.6788
"2016-09-14:12 AM",74.2183
"2016-09-15:12 AM",74.3378
"2016-09-16:12 AM",72.6516
"2016-09-17:12 AM",72.779
"2016-09-18:12 AM",74.1018
"2016-09-19:12 AM",74.5497
"2016-09-20:12 AM",72.1866
"2016-09-21:12 AM",72.0793
"2016-09-22:12 AM",71.4934
"2016-09-23:12 AM",72.1944
"2016-09-24:12 AM",72.6726
"2016-09-25:12 AM",70.938
"2016-09-26:12 AM",69.6389
"2016-09-27:12 AM",71.5411
"2016-09-28:12 AM",71.4695
"2016-09-29:12 AM",70.3452
"2016-09-30:12 AM",70.0549
"2016-10-01:12 AM",67.4011
"2016-10-02:12 AM",67.4213
"2016-10-03:12 AM",66.8867
"2016-10-04:12 AM",66.4552
"2016-10-05:12 AM",64.3118
"2016-10-06:12 AM",64.8428
"2016-10-07:12 AM",68.7441
"2016-10-08:12 AM",68.7988
"2016-10-09:12 AM",59.4381
"2016-10-10:12 AM",53.8234
"2016-10-11:12 AM",53.0978
"2016-10-12:12 AM",55.6345
"2016-10-13:12 AM",59.4631
"2016-10-14:12 AM",60.3574
"2016-10-15:12 AM",58.325
"2016-10-16:12 AM",61.615
"2016-10-17:12 AM",65.2699
"2016-10-18:12 AM",67.3225
"2016-10-19:12 AM",68.9779
"2016-10-20:12 AM",68.4
"2016-10-21:12 AM",62.7004
"2016-10-22:12 AM",52.0255
"2016-10-23:12 AM",50.9702
"2016-10-24:12 AM",59.1541
"2016-10-25:12 AM",54.365
"2016-10-26:12 AM",52.3267
"2016-10-27:12 AM",59.6986
"2016-10-28:12 AM",61.8964
"2016-10-29:12 AM",59.9495
"2016-10-30:12 AM",64.6686
"2016-10-31:12 AM",62.7154
"2016-11-01:12 AM",59.2129
"2016-11-02:12 AM",61.4952
"2016-11-03:12 AM",65.0545
"2016-11-04:12 AM",61.3134
"2016-11-05:12 AM",50.8609
"2016-11-06:12 AM",51.3725
"2016-11-07:12 AM",50.4279
"2016-11-08:12 AM",48.9765
"2016-11-09:12 AM",52.1949
"2016-11-10:12 AM",49.032
"2016-11-11:12 AM",52.5825
"2016-11-12:12 AM",47.6328
"2016-11-13:12 AM",43.2417
"2016-11-14:12 AM",49.435
"2016-11-15:12 AM",48.6046
"2016-11-16:12 AM",50.3935
"2016-11-17:12 AM",52.002
"2016-11-18:12 AM",54.1008
"2016-11-19:12 AM",52.9763
"2016-11-20:12 AM",39.1804
"2016-11-21:12 AM",38.5507
"2016-11-22:12 AM",39.4722
"2016-11-23:12 AM",43.5576
"2016-11-24:12 AM",55.9123
"2016-11-25:12 AM",59.3753
"2016-11-26:12 AM",49.768
"2016-11-27:12 AM",39.9162
"2016-11-28:12 AM",44.5786
"2016-11-29:12 AM",63.1
"2016-11-30:12 AM",66.8104
"2016-12-01:12 AM",56.8033
"2016-12-02:12 AM",44.7078
"2016-12-03:12 AM",42.1191
"2016-12-04:12 AM",42.2719
"2016-12-05:12 AM",48.3015
"2016-12-06:12 AM",47.8598
"2016-12-07:12 AM",44.676
"2016-12-08:12 AM",45.0088
"2016-12-09:12 AM",32.371
"2016-12-10:12 AM",30.0189
"2016-12-11:12 AM",35.5249
"2016-12-12:12 AM",50.5359
"2016-12-13:12 AM",47.1916
"2016-12-14:12 AM",44.665
"2016-12-15:12 AM",34.3762
"2016-12-16:12 AM",28.5854
"2016-12-17:12 AM",42.3972
"2016-12-18:12 AM",57.9497
"2016-12-19:12 AM",38.8873
"2016-12-20:12 AM",35.1016
"2016-12-21:12 AM",38.0802
"2016-12-22:12 AM",43.5967
"2016-12-23:12 AM",40.7651
"2016-12-24:12 AM",50.9409
"2016-12-25:12 AM",51.2753
"2016-12-26:12 AM",50.4099
"2016-12-27:12 AM",58.6234
"2016-12-28:12 AM",50.1449
"2016-12-29:12 AM",47.6692
"2016-12-30:12 AM",37.3005
"2016-12-31:12 AM",38.2242
"2017-01-01:12 AM",45.3133
"2017-01-02:12 AM",51.9269
"2017-01-03:12 AM",52.9351
"2017-01-04:12 AM",50.614
"2017-01-05:12 AM",39.1572
"2017-01-06:12 AM",38.0984
"2017-01-07:12 AM",24.6745
"2017-01-08:12 AM",14.3946
"2017-01-09:12 AM",17.1298
"2017-01-10:12 AM",28.8516
"2017-01-11:12 AM",47.2667
"2017-01-12:12 AM",56.4156
"2017-01-13:12 AM",58.2784
"2017-01-14:12 AM",49.188
"2017-01-15:12 AM",49.6389
"2017-01-16:12 AM",47.5272
"2017-01-17:12 AM",52.5466
"2017-01-18:12 AM",57.2194
"2017-01-19:12 AM",48.2547
"2017-01-20:12 AM",53.3943
"2017-01-21:12 AM",54.1593
"2017-01-22:12 AM",55.3357
"2017-01-23:12 AM",52.232
"2017-01-24:12 AM",45.7597
"2017-01-25:12 AM",49.7109
"2017-01-26:12 AM",53.4754
"2017-01-27:12 AM",39.3291
"2017-01-28:12 AM",36.6775
"2017-01-29:12 AM",39.7634
"2017-01-30:12 AM",34.6368
"2017-01-31:12 AM",45.4923
"2017-02-01:12 AM",52.7979
"2017-02-02:12 AM",50.3456
"2017-02-03:12 AM",41.0281
"2017-02-04:12 AM",31.509
"2017-02-05:12 AM",39.2697
"2017-02-06:12 AM",45.9176
"2017-02-07:12 AM",56.7334
"2017-02-08:12 AM",59.1541
"2017-02-09:12 AM",45.3495
"2017-02-10:12 AM",34.9464
"2017-02-11:12 AM",50.4396
"2017-02-12:12 AM",62.7978
"2017-02-13:12 AM",45.9903
"2017-02-14:12 AM",44.2346
"2017-02-15:12 AM",47.0574
"2017-02-16:12 AM",38.7964
"2017-02-17:12 AM",43.8512
"2017-02-18:12 AM",51.7431
"2017-02-19:12 AM",53.2521
"2017-02-20:12 AM",53.521
"2017-02-21:12 AM",53.2308
"2017-02-22:12 AM",56.4517
"2017-02-23:12 AM",59.3361
"2017-02-24:12 AM",61.0457
"2017-02-25:12 AM",59.6793
"2017-02-26:12 AM",42.2569
"2017-02-27:12 AM",46.9326
"2017-02-28:12 AM",59.6845
"2017-03-01:12 AM",66.1579
"2017-03-02:12 AM",50.2099
"2017-03-03:12 AM",41.0061
"2017-03-04:12 AM",36.754
"2017-03-05:12 AM",38.5327
"2017-03-06:12 AM",46.2681
"2017-03-07:12 AM",57.4642
"2017-03-08:12 AM",57.0636
"2017-03-09:12 AM",54.0093
"2017-03-10:12 AM",53.004
"2017-03-11:12 AM",39.7542
"2017-03-12:12 AM",35.7017
"2017-03-13:12 AM",36.9374
"2017-03-14:12 AM",39.0479
"2017-03-15:12 AM",28.0648
"2017-03-16:12 AM",30.9781
"2017-03-17:12 AM",38.6708
"2017-03-18:12 AM",50.2324
"2017-03-19:12 AM",43.6784
"2017-03-20:12 AM",45.2547
"2017-03-21:12 AM",59.549
"2017-03-22:12 AM",52.0371
"2017-03-23:12 AM",41.65
"2017-03-24:12 AM",49.8718
"2017-03-25:12 AM",59.6847
"2017-03-26:12 AM",60.5496
"2017-03-27:12 AM",62.1075
"2017-03-28:12 AM",63.779
"2017-03-29:12 AM",60.3178
"2017-03-30:12 AM",57.0279
"2017-03-31:12 AM",62.0213
"2017-04-01:12 AM",57.3924
"2017-04-02:12 AM",53.7708
"2017-04-03:12 AM",58.548
"2017-04-04:12 AM",66.6756
"2017-04-05:12 AM",63.855
"2017-04-06:12 AM",58.6958
"2017-04-07:12 AM",47.0635
"2017-04-08:12 AM",47.2048
"2017-04-09:12 AM",54.6557
"2017-04-10:12 AM",59.4813
"2017-04-11:12 AM",63.3087
"2017-04-12:12 AM",65.6447
"2017-04-13:12 AM",64.4328
"2017-04-14:12 AM",63.5949
"2017-04-15:12 AM",66.9517
"2017-04-16:12 AM",67.2886
"2017-04-17:12 AM",67.7109
"2017-04-18:12 AM",62.9411
"2017-04-19:12 AM",60.9661
"2017-04-20:12 AM",66.6709
"2017-04-21:12 AM",71.0341
"2017-04-22:12 AM",70.1013
"2017-04-23:12 AM",55.6624
"2017-04-24:12 AM",57.7927
"2017-04-25:12 AM",60.7543
"2017-04-26:12 AM",64.9818
"2017-04-27:12 AM",67.5538
"2017-04-28:12 AM",72.7453
"2017-04-29:12 AM",75.0924
"2017-04-30:12 AM",72.1031
"2017-05-01:12 AM",70.3915
"2017-05-02:12 AM",65.2487
"2017-05-03:12 AM",64.9827
"2017-05-04:12 AM",64.6063
"2017-05-05:12 AM",63.7254
"2017-05-06:12 AM",54.8339
"2017-05-07:12 AM",54.7702
"2017-05-08:12 AM",55.8489
"2017-05-09:12 AM",59.6836
"2017-05-10:12 AM",67.2969
"2017-05-11:12 AM",70.6383
"2017-05-12:12 AM",61.3927
"2017-05-13:12 AM",60.4855
"2017-05-14:12 AM",63.9541
"2017-05-15:12 AM",69.7172
"2017-05-16:12 AM",71.5167
"2017-05-17:12 AM",74.372
"2017-05-18:12 AM",73.6858
"2017-05-19:12 AM",74.3826
"2017-05-20:12 AM",74.8287
"2017-05-21:12 AM",68.0895
"2017-05-22:12 AM",70.2266
"2017-05-23:12 AM",66.7191
"2017-05-24:12 AM",67.3003
"2017-05-25:12 AM",65.3256
"2017-05-26:12 AM",67.0759
"2017-05-27:12 AM",72.5916
"2017-05-28:12 AM",73.7893
"2017-05-29:12 AM",73.6948
"2017-05-30:12 AM",72.0995
"2017-05-31:12 AM",72.8125
"2017-06-01:12 AM",72.2176
"2017-06-02:12 AM",72.9212
"2017-06-03:12 AM",72.9925
"2017-06-04:12 AM",72.7936
"2017-06-05:12 AM",72.8838
"2017-06-06:12 AM",71.3916
"2017-06-07:12 AM",66.0403
"2017-06-08:12 AM",61.8944
"2017-06-09:12 AM",66.3208
"2017-06-10:12 AM",72.6148
"2017-06-11:12 AM",74.6352
"2017-06-12:12 AM",74.649
"2017-06-13:12 AM",75.609
"2017-06-14:12 AM",77.2506
"2017-06-15:12 AM",77.1935
"2017-06-16:12 AM",75.8698
"2017-06-17:12 AM",75.5928
"2017-06-18:12 AM",77.3928
"2017-06-19:12 AM",77.8073
"2017-06-20:12 AM",73.2547
"2017-06-21:12 AM",73.1809
"2017-06-22:12 AM",74.7622
"2017-06-23:12 AM",79.0894
"2017-06-24:12 AM",79.3591
"2017-06-25:12 AM",74.714
"2017-06-26:12 AM",71.4682
"2017-06-27:12 AM",71.5809
"2017-06-28:12 AM",70.0299
"2017-06-29:12 AM",72.8236
"2017-06-30:12 AM",74.1015
"2017-07-01:12 AM",78.1617
"2017-07-02:12 AM",79.4561
"2017-07-03:12 AM",78.4848
"2017-07-04:12 AM",77.4581
"2017-07-05:12 AM",78.6749
"2017-07-06:12 AM",79.8629
"2017-07-07:12 AM",81.1436
"2017-07-08:12 AM",81.1062
"2017-07-09:12 AM",77.4378
"2017-07-10:12 AM",76.6161
"2017-07-11:12 AM",79.3238
"2017-07-12:12 AM",81.7669
"2017-07-13:12 AM",82.5629
"2017-07-14:12 AM",83.4004
"2017-07-15:12 AM",81.2503
"2017-07-16:12 AM",78.2195
"2017-07-17:12 AM",75.4347
"2017-07-18:12 AM",76.2741
"2017-07-19:12 AM",78.3748
"2017-07-20:12 AM",80.4481
"2017-07-21:12 AM",82.492
"2017-07-22:12 AM",83.6992
"2017-07-23:12 AM",84.4867
"2017-07-24:12 AM",80.5554
"2017-07-25:12 AM",81.6006
"2017-07-26:12 AM",78.4033
"2017-07-27:12 AM",78.6637
"2017-07-28:12 AM",79.2102
"2017-07-29:12 AM",75.3969
"2017-07-30:12 AM",72.023
"2017-07-31:12 AM",70.9248
"2017-08-01:12 AM",71.8304
"2017-08-02:12 AM",74.8953
"2017-08-03:12 AM",75.6637
"2017-08-04:12 AM",76.6056
"2017-08-05:12 AM",76.8504
"2017-08-06:12 AM",75.3636
"2017-08-07:12 AM",75.5517
"2017-08-08:12 AM",73.3415
"2017-08-09:12 AM",71.9965
"2017-08-10:12 AM",71.7346
"2017-08-11:12 AM",75.0067
"2017-08-12:12 AM",76.4969
"2017-08-13:12 AM",76.8709
"2017-08-14:12 AM",75.909
"2017-08-15:12 AM",78.138
"2017-08-16:12 AM",79.1172
"2017-08-17:12 AM",79.9111
"2017-08-18:12 AM",81.5104
"2017-08-19:12 AM",78.868
"2017-08-20:12 AM",78.5419
"2017-08-21:12 AM",78.7969
"2017-08-22:12 AM",78.586
"2017-08-23:12 AM",79.8586
"2017-08-24:12 AM",74.3202
"2017-08-25:12 AM",73.191
"2017-08-26:12 AM",73.549
"2017-08-27:12 AM",71.1907
"2017-08-28:12 AM",68.7144
"2017-08-29:12 AM",68.0635
"2017-08-30:12 AM",69.7905
"2017-08-31:12 AM",72.232
"2017-09-01:12 AM",71.305
"2017-09-02:12 AM",69.6488
"2017-09-03:12 AM",68.4451
"2017-09-04:12 AM",70.5124
"2017-09-05:12 AM",73.4787
"2017-09-06:12 AM",68.6354
"2017-09-07:12 AM",61.5306
"2017-09-08:12 AM",61.8472
"2017-09-09:12 AM",63.7444
"2017-09-10:12 AM",61.5587
"2017-09-11:12 AM",62.9125
"2017-09-12:12 AM",68.2909
"2017-09-13:12 AM",69.3538
"2017-09-14:12 AM",70.3391
"2017-09-15:12 AM",71.555
"2017-09-16:12 AM",72.2836
"2017-09-17:12 AM",71.6965
"2017-09-18:12 AM",71.4573
"2017-09-19:12 AM",70.6534
"2017-09-20:12 AM",72.9115
"2017-09-21:12 AM",74.26
"2017-09-22:12 AM",72.4777
"2017-09-23:12 AM",71.7966
"2017-09-24:12 AM",71.8313
"2017-09-25:12 AM",71.4652
"2017-09-26:12 AM",73.1412
"2017-09-27:12 AM",76.1585
"2017-09-28:12 AM",76.6688
"2017-09-29:12 AM",69.4076
"2017-09-30:12 AM",64.738
"2017-10-01:12 AM",57.9063
"2017-10-02:12 AM",60.0921
"2017-10-03:12 AM",61.2196
"2017-10-04:12 AM",62.2189
"2017-10-05:12 AM",65.1839
"2017-10-06:12 AM",67.204
"2017-10-07:12 AM",69.8513
"2017-10-08:12 AM",73.6855
"2017-10-09:12 AM",74.9563
"2017-10-10:12 AM",75.0852
"2017-10-11:12 AM",75.2016
"2017-10-12:12 AM",72.4033
"2017-10-13:12 AM",67.3448
"2017-10-14:12 AM",64.7037
"2017-10-15:12 AM",67.0923
"2017-10-16:12 AM",61.8537
"2017-10-17:12 AM",52.1123
"2017-10-18:12 AM",51.3432
"2017-10-19:12 AM",55.7965
"2017-10-20:12 AM",58.473
"2017-10-21:12 AM",60.1363
"2017-10-22:12 AM",62.7778
"2017-10-23:12 AM",67.5293
"2017-10-24:12 AM",61.8307
"2017-10-25:12 AM",53.5662
"2017-10-26:12 AM",48.8176
"2017-10-27:12 AM",52.1935
"2017-10-28:12 AM",56.7072
"2017-10-29:12 AM",55.1527
"2017-10-30:12 AM",43.5909
"2017-10-31:12 AM",51.3518
"2017-11-01:12 AM",56.7075
"2017-11-02:12 AM",62.9787
"2017-11-03:12 AM",63.3468
"2017-11-04:12 AM",62.301
"2017-11-05:12 AM",61.5256
"2017-11-06:12 AM",63.079
"2017-11-07:12 AM",63.2275
"2017-11-08:12 AM",48.8934
"2017-11-09:12 AM",49.6578
"2017-11-10:12 AM",47.6524
"2017-11-11:12 AM",37.5359
"2017-11-12:12 AM",41.7715
"2017-11-13:12 AM",48.2121
"2017-11-14:12 AM",45.7624
"2017-11-15:12 AM",44.3527
"2017-11-16:12 AM",48.7053
"2017-11-17:12 AM",45.223
"2017-11-18:12 AM",49.8956
"2017-11-19:12 AM",51.9697
"2017-11-20:12 AM",40.784
"2017-11-21:12 AM",47.9183
"2017-11-22:12 AM",53.2872
"2017-11-23:12 AM",42.4245
"2017-11-24:12 AM",42.2366
"2017-11-25:12 AM",48.609
"2017-11-26:12 AM",47.9473
"2017-11-27:12 AM",43.9052
"2017-11-28:12 AM",45.8798
"2017-11-29:12 AM",52.563
"2017-11-30:12 AM",51.0579
"2017-12-01:12 AM",54.3196
"2017-12-02:12 AM",49.6965
"2017-12-03:12 AM",50.0751
"2017-12-04:12 AM",48.0108
"2017-12-05:12 AM",56.6206
"2017-12-06:12 AM",50.8516
"2017-12-07:12 AM",42.7102
"2017-12-08:12 AM",37.5292
"2017-12-09:12 AM",34.4543
"2017-12-10:12 AM",30.5537
"2017-12-11:12 AM",36.3466
"2017-12-12:12 AM",41.3001
"2017-12-13:12 AM",31.2431
"2017-12-14:12 AM",39.9702
"2017-12-15:12 AM",39.2535
"2017-12-16:12 AM",35.4738
"2017-12-17:12 AM",40.8544
"2017-12-18:12 AM",47.8944
"2017-12-19:12 AM",54.2187
"2017-12-20:12 AM",53.6661
"2017-12-21:12 AM",46.5246
"2017-12-22:12 AM",48.0792
"2017-12-23:12 AM",57.3796
"2017-12-24:12 AM",50.1066
"2017-12-25:12 AM",36.9034
"2017-12-26:12 AM",32.981
"2017-12-27:12 AM",34.2014
"2017-12-28:12 AM",25.7319
"2017-12-29:12 AM",28.1318
"2017-12-30:12 AM",34.2118
"2017-12-31:12 AM",26.6011
"2018-01-01:12 AM",20.4273
"2018-01-02:12 AM",18.4566
"2018-01-03:12 AM",24.2044
"2018-01-04:12 AM",22.825
"2018-01-05:12 AM",17.222
"2018-01-06:12 AM",16.6109
"2018-01-07:12 AM",16.6113
"2018-01-08:12 AM",28.6538
"2018-01-09:12 AM",42.84
"2018-01-10:12 AM",46.9227
"2018-01-11:12 AM",55.195
"2018-01-12:12 AM",62.6868
"2018-01-13:12 AM",41.6521
"2018-01-14:12 AM",26.3917
"2018-01-15:12 AM",26.9895
"2018-01-16:12 AM",31.7928
"2018-01-17:12 AM",30.0335
"2018-01-18:12 AM",22.8243
"2018-01-19:12 AM",32.886
"2018-01-20:12 AM",38.4098
"2018-01-21:12 AM",45.18
"2018-01-22:12 AM",49.1389
"2018-01-23:12 AM",56.4429
"2018-01-24:12 AM",42.9879
"2018-01-25:12 AM",36.5844
"2018-01-26:12 AM",38.8287
"2018-01-27:12 AM",45.5418
"2018-01-28:12 AM",52.3591
"2018-01-29:12 AM",46.4529
"2018-01-30:12 AM",32.8276
"2018-01-31:12 AM",31.4695
"2018-02-01:12 AM",42.5923
"2018-02-02:12 AM",37.0234
"2018-02-03:12 AM",29.3531
"2018-02-04:12 AM",40.2496
"2018-02-05:12 AM",37.5694
"2018-02-06:12 AM",43.23
"2018-02-07:12 AM",52.7562
"2018-02-08:12 AM",40.6445
"2018-02-09:12 AM",40.9716
"2018-02-10:12 AM",53.8214
"2018-02-11:12 AM",63.5113
"2018-02-12:12 AM",57.3334
"2018-02-13:12 AM",42.4944
"2018-02-14:12 AM",47.7297
"2018-02-15:12 AM",60.8004
"2018-02-16:12 AM",64.7258
"2018-02-17:12 AM",48.5926
"2018-02-18:12 AM",47.5561
"2018-02-19:12 AM",51.3189
"2018-02-20:12 AM",60.7422
"2018-02-21:12 AM",64.6362
"2018-02-22:12 AM",65.1619
"2018-02-23:12 AM",60.2735
"2018-02-24:12 AM",63.6123
"2018-02-25:12 AM",64.8167
"2018-02-26:12 AM",56.8598
"2018-02-27:12 AM",45.7347
"2018-02-28:12 AM",49.4361
"2018-03-01:12 AM",56.4172
"2018-03-02:12 AM",44.9665
"2018-03-03:12 AM",39.7998
"2018-03-04:12 AM",40.4519
"2018-03-05:12 AM",40.4841
"2018-03-06:12 AM",42.7534
"2018-03-07:12 AM",42.7129
"2018-03-08:12 AM",36.7318
"2018-03-09:12 AM",35.911
"2018-03-10:12 AM",44.2861
"2018-03-11:12 AM",46.2463
"2018-03-12:12 AM",38.75
"2018-03-13:12 AM",36.5938
"2018-03-14:12 AM",34.3094
"2018-03-15:12 AM",41.1688
"2018-03-16:12 AM",50.1798
"2018-03-17:12 AM",51.5061
"2018-03-18:12 AM",51.6882
"2018-03-19:12 AM",52.0873
"2018-03-20:12 AM",53.451
"2018-03-21:12 AM",37.8322
"2018-03-22:12 AM",37.7694
"2018-03-23:12 AM",40.3711
"2018-03-24:12 AM",40.8267
"2018-03-25:12 AM",40.1788
"2018-03-26:12 AM",40.1342
"2018-03-27:12 AM",41.9342
"2018-03-28:12 AM",55.2166
"2018-03-29:12 AM",63.5466
"2018-03-30:12 AM",61.6062
"2018-03-31:12 AM",49.5741
"2018-04-01:12 AM",54.5758
"2018-04-02:12 AM",61.5479
"2018-04-03:12 AM",60.7836
"2018-04-04:12 AM",60.1709
"2018-04-05:12 AM",45.7745
"2018-04-06:12 AM",53.7055
"2018-04-07:12 AM",52.3404
"2018-04-08:12 AM",40.215
"2018-04-09:12 AM",44.841
"2018-04-10:12 AM",48.0821
"2018-04-11:12 AM",48.0106
"2018-04-12:12 AM",55.5084
"2018-04-13:12 AM",62.0047
"2018-04-14:12 AM",64.7807
"2018-04-15:12 AM",66.569
"2018-04-16:12 AM",50.5173
"2018-04-17:12 AM",45.6282
"2018-04-18:12 AM",60.1671
"2018-04-19:12 AM",60.4296
"2018-04-20:12 AM",47.9466
"2018-04-21:12 AM",51.39
"2018-04-22:12 AM",55.0814
"2018-04-23:12 AM",56.3981
"2018-04-24:12 AM",58.678
"2018-04-25:12 AM",60.829
"2018-04-26:12 AM",60.1745
"2018-04-27:12 AM",60.9136
"2018-04-28:12 AM",61.6545
"2018-04-29:12 AM",53.6877
"2018-04-30:12 AM",53.8086
"2018-05-01:12 AM",61.5234
"2018-05-02:12 AM",66.0537
"2018-05-03:12 AM",67.1738
"2018-05-04:12 AM",67.9825
"2018-05-05:12 AM",68.8786
"2018-05-06:12 AM",67.4469
"2018-05-07:12 AM",63.2208
"2018-05-08:12 AM",61.1416
"2018-05-09:12 AM",63.0198
"2018-05-10:12 AM",68.7717
"2018-05-11:12 AM",72.2174
"2018-05-12:12 AM",74.7608
"2018-05-13:12 AM",75.785
"2018-05-14:12 AM",74.8422
"2018-05-15:12 AM",72.8501
"2018-05-16:12 AM",70.8001
"2018-05-17:12 AM",70.6597
"2018-05-18:12 AM",71.9002
"2018-05-19:12 AM",70.4539
"2018-05-20:12 AM",73.4365
"2018-05-21:12 AM",72.0671
"2018-05-22:12 AM",72.4608
"2018-05-23:12 AM",73.974
"2018-05-24:12 AM",71.5899
"2018-05-25:12 AM",71.8333
"2018-05-26:12 AM",72.6615
"2018-05-27:12 AM",74.295
"2018-05-28:12 AM",70.2702
"2018-05-29:12 AM",72.9694
"2018-05-30:12 AM",74.1906
"2018-05-31:12 AM",75.2185
"2018-06-01:12 AM",76.6391
"2018-06-02:12 AM",75.2288
"2018-06-03:12 AM",74.4607
"2018-06-04:12 AM",70.635
"2018-06-05:12 AM",69.9917
"2018-06-06:12 AM",71.5305
"2018-06-07:12 AM",71.6124
"2018-06-08:12 AM",73.5343
"2018-06-09:12 AM",75.4196
"2018-06-10:12 AM",76.2877
"2018-06-11:12 AM",75.1944
"2018-06-12:12 AM",67.8852
"2018-06-13:12 AM",72.6267
"2018-06-14:12 AM",77.6872
"2018-06-15:12 AM",75.8775
"2018-06-16:12 AM",75.5834
"2018-06-17:12 AM",78.6861
"2018-06-18:12 AM",80.5143
"2018-06-19:12 AM",82.0569
"2018-06-20:12 AM",81.0846
"2018-06-21:12 AM",78.9503
"2018-06-22:12 AM",78.7185
"2018-06-23:12 AM",78.8493
"2018-06-24:12 AM",80.5194
"2018-06-25:12 AM",78.1151
"2018-06-26:12 AM",73.4968
"2018-06-27:12 AM",75.6882
"2018-06-28:12 AM",78.3921
"2018-06-29:12 AM",79.7846
"2018-06-30:12 AM",79.7104
"2018-07-01:12 AM",80.31
"2018-07-02:12 AM",81.2161
"2018-07-03:12 AM",81.3472
"2018-07-04:12 AM",78.7239
"2018-07-05:12 AM",78.748
"2018-07-06:12 AM",79.5529
"2018-07-07:12 AM",72.2223
"2018-07-08:12 AM",71.186
"2018-07-09:12 AM",71.4061
"2018-07-10:12 AM",74.2719
"2018-07-11:12 AM",80.1257
"2018-07-12:12 AM",78.3702
"2018-07-13:12 AM",75.823
"2018-07-14:12 AM",74.8526
"2018-07-15:12 AM",76.9129
"2018-07-16:12 AM",77.8024
"2018-07-17:12 AM",78.3999
"2018-07-18:12 AM",77.8912
"2018-07-19:12 AM",75.3881
"2018-07-20:12 AM",74.2865
"2018-07-21:12 AM",75.3445
"2018-07-22:12 AM",76.179
"2018-07-23:12 AM",75.2088
"2018-07-24:12 AM",75.0115
"2018-07-25:12 AM",75.4362
"2018-07-26:12 AM",76.784
"2018-07-27:12 AM",77.8795
"2018-07-28:12 AM",77.864
"2018-07-29:12 AM",76.3097
"2018-07-30:12 AM",75.308
"2018-07-31:12 AM",76.1745
"2018-08-01:12 AM",76.0291
"2018-08-02:12 AM",75.6991
"2018-08-03:12 AM",74.1661
"2018-08-04:12 AM",75.9051
"2018-08-05:12 AM",77.8352
"2018-08-06:12 AM",78.9433
"2018-08-07:12 AM",79.1269
"2018-08-08:12 AM",80.2323
"2018-08-09:12 AM",77.6581
"2018-08-10:12 AM",77.8451
"2018-08-11:12 AM",77.3375
"2018-08-12:12 AM",76.8274
"2018-08-13:12 AM",75.2761
"2018-08-14:12 AM",75.331
"2018-08-15:12 AM",76.5847
"2018-08-16:12 AM",78.3055
"2018-08-17:12 AM",79.3107
"2018-08-18:12 AM",76.7361
"2018-08-19:12 AM",76.0132
"2018-08-20:12 AM",76.0534
"2018-08-21:12 AM",76.7514
"2018-08-22:12 AM",76.2732
"2018-08-23:12 AM",70.2819
"2018-08-24:12 AM",67.532
"2018-08-25:12 AM",70.3845
"2018-08-26:12 AM",73.242
"2018-08-27:12 AM",76.6787
"2018-08-28:12 AM",78.0643
"2018-08-29:12 AM",78.2521
"2018-08-30:12 AM",79.273
"2018-08-31:12 AM",77.9423
"2018-09-01:12 AM",77.3242
"2018-09-02:12 AM",76.9348
"2018-09-03:12 AM",77.1553
"2018-09-04:12 AM",78.0188
"2018-09-05:12 AM",77.47
"2018-09-06:12 AM",77.5695
"2018-09-07:12 AM",77.5686
"2018-09-08:12 AM",76.3594
"2018-09-09:12 AM",73.8988
"2018-09-10:12 AM",72.8514
"2018-09-11:12 AM",75.6106
"2018-09-12:12 AM",75.8755
"2018-09-13:12 AM",75.7666
"2018-09-14:12 AM",74.9043
"2018-09-15:12 AM",73.3199
"2018-09-16:12 AM",72.6301
"2018-09-17:12 AM",74.993
"2018-09-18:12 AM",75.0436
"2018-09-19:12 AM",72.7831
"2018-09-20:12 AM",73.1799
"2018-09-21:12 AM",71.8623
"2018-09-22:12 AM",72.9019
"2018-09-23:12 AM",71.5089
"2018-09-24:12 AM",68.8442
"2018-09-25:12 AM",71.9753
"2018-09-26:12 AM",73.7323
"2018-09-27:12 AM",73.6045
"2018-09-28:12 AM",73.5582
"2018-09-29:12 AM",70.0812
"2018-09-30:12 AM",68.5474
"2018-10-01:12 AM",68.4835
"2018-10-02:12 AM",69.4225
"2018-10-03:12 AM",71.9395
"2018-10-04:12 AM",72.9984
"2018-10-05:12 AM",74.487
"2018-10-06:12 AM",73.1746
"2018-10-07:12 AM",73.4815
"2018-10-08:12 AM",73.4252
"2018-10-09:12 AM",72.0356
"2018-10-10:12 AM",73.3062
"2018-10-11:12 AM",72.6312
"2018-10-12:12 AM",59.4338
"2018-10-13:12 AM",56.6429
"2018-10-14:12 AM",57.1293
"2018-10-15:12 AM",66.8646
"2018-10-16:12 AM",69.2035
"2018-10-17:12 AM",64.6012
"2018-10-18:12 AM",53.5093
"2018-10-19:12 AM",51.9348
"2018-10-20:12 AM",62.8489
"2018-10-21:12 AM",47.5012
"2018-10-22:12 AM",45.7896
"2018-10-23:12 AM",51.9883
"2018-10-24:12 AM",50.67
"2018-10-25:12 AM",47.0759
"2018-10-26:12 AM",49.0744
"2018-10-27:12 AM",52.4768
"2018-10-28:12 AM",52.1843
"2018-10-29:12 AM",52.9295
"2018-10-30:12 AM",49.4643
"2018-10-31:12 AM",54.7664
"2018-11-01:12 AM",63.2881
"2018-11-02:12 AM",65.4384
"2018-11-03:12 AM",51.4621
"2018-11-04:12 AM",51.4908
"2018-11-05:12 AM",60.9265
"2018-11-06:12 AM",65.4116
"2018-11-07:12 AM",58.8573
"2018-11-08:12 AM",57.6385
"2018-11-09:12 AM",54.7632
"2018-11-10:12 AM",45.5218
"2018-11-11:12 AM",38.835
"2018-11-12:12 AM",44.3606
"2018-11-13:12 AM",51.9688
"2018-11-14:12 AM",44.7471
"2018-11-15:12 AM",44.7672
"2018-11-16:12 AM",40.4681
"2018-11-17:12 AM",43.6195
"2018-11-18:12 AM",46.2033
"2018-11-19:12 AM",51.1052
"2018-11-20:12 AM",50.9099
"2018-11-21:12 AM",42.7397
"2018-11-22:12 AM",41.6844
"2018-11-23:12 AM",37.162
"2018-11-24:12 AM",44.748
"2018-11-25:12 AM",44.4265
"2018-11-26:12 AM",49.6906
"2018-11-27:12 AM",37.0935
"2018-11-28:12 AM",30.8413
"2018-11-29:12 AM",35.0798
"2018-11-30:12 AM",49.0393
"2018-12-01:12 AM",53.3286
"2018-12-02:12 AM",61.7331
"2018-12-03:12 AM",56.7196
"2018-12-04:12 AM",44.3327
"2018-12-05:12 AM",38.0867
"2018-12-06:12 AM",34.4745
"2018-12-07:12 AM",37.533
"2018-12-08:12 AM",37.6291
"2018-12-09:12 AM",35.7492
"2018-12-10:12 AM",35.4943
"2018-12-11:12 AM",31.5802
"2018-12-12:12 AM",35.7204
"2018-12-13:12 AM",39.6268
"2018-12-14:12 AM",48.1555
"2018-12-15:12 AM",53.1
"2018-12-16:12 AM",48.9096
"2018-12-17:12 AM",46.1098
"2018-12-18:12 AM",42.7762
"2018-12-19:12 AM",41.6532
"2018-12-20:12 AM",51.8185
"2018-12-21:12 AM",54.9874
"2018-12-22:12 AM",42.8351
"2018-12-23:12 AM",41.2651
"2018-12-24:12 AM",41.4093
"2018-12-25:12 AM",37.8783
"2018-12-26:12 AM",38.1085
"2018-12-27:12 AM",41.2201
"2018-12-28:12 AM",58.2064
"2018-12-29:12 AM",55.2411
"2018-12-30:12 AM",50.9101
"2018-12-31:12 AM",55.08
"2019-01-01:12 AM",61.3908
"2019-01-02:12 AM",51.4683
"2019-01-03:12 AM",51.643
"2019-01-04:12 AM",52.1584
"2019-01-05:12 AM",49.2157
"2019-01-06:12 AM",47.9944
"2019-01-07:12 AM",46.4893
"2019-01-08:12 AM",53.9472
"2019-01-09:12 AM",44.501
"2019-01-10:12 AM",31.896
"2019-01-11:12 AM",31.0608
"2019-01-12:12 AM",34.858
"2019-01-13:12 AM",36.9977
"2019-01-14:12 AM",35.2585
"2019-01-15:12 AM",35.8396
"2019-01-16:12 AM",37.6524
"2019-01-17:12 AM",38.7275
"2019-01-18:12 AM",43.3206
"2019-01-19:12 AM",47.8017
"2019-01-20:12 AM",44.3451
"2019-01-21:12 AM",24.4063
"2019-01-22:12 AM",27.0444
"2019-01-23:12 AM",42.9651
"2019-01-24:12 AM",52.8645
"2019-01-25:12 AM",35.7303
"2019-01-26:12 AM",34.9018
"2019-01-27:12 AM",37.5064
"2019-01-28:12 AM",38.991
"2019-01-29:12 AM",40.982
"2019-01-30:12 AM",30.3809
"2019-01-31:12 AM",27.8807
"2019-02-01:12 AM",36.8656
"2019-02-02:12 AM",39.7488
"2019-02-03:12 AM",45.4147
"2019-02-04:12 AM",49.1706
"2019-02-05:12 AM",53.6734
"2019-02-06:12 AM",58.3619
"2019-02-07:12 AM",63.9167
"2019-02-08:12 AM",56.6533
"2019-02-09:12 AM",38.734
"2019-02-10:12 AM",37.0553
"2019-02-11:12 AM",43.7844
"2019-02-12:12 AM",49.1128
"2019-02-13:12 AM",45.8938
"2019-02-14:12 AM",44.5048
"2019-02-15:12 AM",53.4686
"2019-02-16:12 AM",48.7715
"2019-02-17:12 AM",39.9214
"2019-02-18:12 AM",47.8188
"2019-02-19:12 AM",38.584
"2019-02-20:12 AM",39.5938
"2019-02-21:12 AM",49.3336
"2019-02-22:12 AM",48.9609
"2019-02-23:12 AM",44.0544
"2019-02-24:12 AM",50.4592
"2019-02-25:12 AM",42.4263
"2019-02-26:12 AM",45.2356
"2019-02-27:12 AM",50.218
"2019-02-28:12 AM",51.5534
"2019-03-01:12 AM",50.063
"2019-03-02:12 AM",47.154
"2019-03-03:12 AM",48.4477
"2019-03-04:12 AM",42.4396
"2019-03-05:12 AM",34.9354
"2019-03-06:12 AM",30.4464
"2019-03-07:12 AM",34.7918
"2019-03-08:12 AM",40.1801
"2019-03-09:12 AM",44.0708
"2019-03-10:12 AM",56.8553
"2019-03-11:12 AM",55.4859
"2019-03-12:12 AM",46.8046
"2019-03-13:12 AM",47.3673
"2019-03-14:12 AM",56.2212
"2019-03-15:12 AM",62.6772