"DateTime","(deg F) Mean Temperature (CFSR) at Ohio, 2010-01-01 to 2019-03-14"
"2010-01-01:12 AM",24.3234
"2010-01-02:12 AM",16.7589
"2010-01-03:12 AM",13.6125
"2010-01-04:12 AM",21.0384
"2010-01-05:12 AM",22.0129
"2010-01-06:12 AM",23.4324
"2010-01-07:12 AM",21.4455
"2010-01-08:12 AM",19.4956
"2010-01-09:12 AM",19.0292
"2010-01-10:12 AM",15.548
"2010-01-11:12 AM",19.9173
"2010-01-12:12 AM",21.9432
"2010-01-13:12 AM",24.1808
"2010-01-14:12 AM",29.052
"2010-01-15:12 AM",35.2368
"2010-01-16:12 AM",35.8003
"2010-01-17:12 AM",35.8551
"2010-01-18:12 AM",31.5801
"2010-01-19:12 AM",32.4775
"2010-01-20:12 AM",28.9688
"2010-01-21:12 AM",31.4982
"2010-01-22:12 AM",36.0291
"2010-01-23:12 AM",37.5701
"2010-01-24:12 AM",42.746
"2010-01-25:12 AM",36.7039
"2010-01-26:12 AM",25.5688
"2010-01-27:12 AM",24.5188
"2010-01-28:12 AM",23.1438
"2010-01-29:12 AM",13.2746
"2010-01-30:12 AM",15.8841
"2010-01-31:12 AM",16.8613
"2010-02-01:12 AM",21.715
"2010-02-02:12 AM",28.3217
"2010-02-03:12 AM",29.9444
"2010-02-04:12 AM",28.3581
"2010-02-05:12 AM",31.0215
"2010-02-06:12 AM",25.3927
"2010-02-07:12 AM",19.9373
"2010-02-08:12 AM",17.2107
"2010-02-09:12 AM",26.1311
"2010-02-10:12 AM",21.659
"2010-02-11:12 AM",24.8698
"2010-02-12:12 AM",23.1607
"2010-02-13:12 AM",22.5711
"2010-02-14:12 AM",23.6563
"2010-02-15:12 AM",22.1306
"2010-02-16:12 AM",25.385
"2010-02-17:12 AM",27.5691
"2010-02-18:12 AM",30.6262
"2010-02-19:12 AM",30.5616
"2010-02-20:12 AM",29.17
"2010-02-21:12 AM",33.3698
"2010-02-22:12 AM",36.2478
"2010-02-23:12 AM",31.9167
"2010-02-24:12 AM",28.0031
"2010-02-25:12 AM",24.5669
"2010-02-26:12 AM",26.2933
"2010-02-27:12 AM",29.786
"2010-02-28:12 AM",31.8342
"2010-03-01:12 AM",32.7013
"2010-03-02:12 AM",30.4146
"2010-03-03:12 AM",30.7393
"2010-03-04:12 AM",29.8375
"2010-03-05:12 AM",28.7962
"2010-03-06:12 AM",28.9292
"2010-03-07:12 AM",29.9993
"2010-03-08:12 AM",34.9277
"2010-03-09:12 AM",40.9224
"2010-03-10:12 AM",49.1229
"2010-03-11:12 AM",51.78
"2010-03-12:12 AM",53.1183
"2010-03-13:12 AM",45.1292
"2010-03-14:12 AM",39.317
"2010-03-15:12 AM",39.3665
"2010-03-16:12 AM",43.2106
"2010-03-17:12 AM",42.7474
"2010-03-18:12 AM",44.7186
"2010-03-19:12 AM",48.3687
"2010-03-20:12 AM",48.2063
"2010-03-21:12 AM",44.994
"2010-03-22:12 AM",43.731
"2010-03-23:12 AM",39.8876
"2010-03-24:12 AM",44.6607
"2010-03-25:12 AM",46.1404
"2010-03-26:12 AM",31.4526
"2010-03-27:12 AM",36.3268
"2010-03-28:12 AM",44.847
"2010-03-29:12 AM",41.9398
"2010-03-30:12 AM",40.7557
"2010-03-31:12 AM",48.2706
"2010-04-01:12 AM",58.4809
"2010-04-02:12 AM",63.0095
"2010-04-03:12 AM",60.0483
"2010-04-04:12 AM",54.4575
"2010-04-05:12 AM",62.0227
"2010-04-06:12 AM",67.6902
"2010-04-07:12 AM",65.998
"2010-04-08:12 AM",52.0414
"2010-04-09:12 AM",39.8509
"2010-04-10:12 AM",44.6473
"2010-04-11:12 AM",53.2926
"2010-04-12:12 AM",51.067
"2010-04-13:12 AM",51.3158
"2010-04-14:12 AM",52.6564
"2010-04-15:12 AM",62.6436
"2010-04-16:12 AM",62.6873
"2010-04-17:12 AM",45.4818
"2010-04-18:12 AM",42.7546
"2010-04-19:12 AM",47.2458
"2010-04-20:12 AM",50.0839
"2010-04-21:12 AM",52.3521
"2010-04-22:12 AM",53.2999
"2010-04-23:12 AM",54.4546
"2010-04-24:12 AM",58.1295
"2010-04-25:12 AM",59.3902
"2010-04-26:12 AM",51.1372
"2010-04-27:12 AM",45.6094
"2010-04-28:12 AM",45.1209
"2010-04-29:12 AM",51.9879
"2010-04-30:12 AM",64.5301
"2010-05-01:12 AM",66.0927
"2010-05-02:12 AM",67.8906
"2010-05-03:12 AM",65.2492
"2010-05-04:12 AM",61.5749
"2010-05-05:12 AM",65.3788
"2010-05-06:12 AM",60.2064
"2010-05-07:12 AM",63.0412
"2010-05-08:12 AM",49.2867
"2010-05-09:12 AM",45.3652
"2010-05-10:12 AM",47.1913
"2010-05-11:12 AM",51.2713
"2010-05-12:12 AM",56.7462
"2010-05-13:12 AM",63.3979
"2010-05-14:12 AM",67.5615
"2010-05-15:12 AM",59.8669
"2010-05-16:12 AM",57.5154
"2010-05-17:12 AM",55.0641
"2010-05-18:12 AM",55.9551
"2010-05-19:12 AM",56.0316
"2010-05-20:12 AM",61.8211
"2010-05-21:12 AM",64.9161
"2010-05-22:12 AM",65.0628
"2010-05-23:12 AM",68.0459
"2010-05-24:12 AM",70.6914
"2010-05-25:12 AM",71.8414
"2010-05-26:12 AM",73.6491
"2010-05-27:12 AM",74.2167
"2010-05-28:12 AM",72.6759
"2010-05-29:12 AM",72.1337
"2010-05-30:12 AM",74.0883
"2010-05-31:12 AM",73.1336
"2010-06-01:12 AM",72.0577
"2010-06-02:12 AM",73.1291
"2010-06-03:12 AM",71.0613
"2010-06-04:12 AM",72.4791
"2010-06-05:12 AM",73.2022
"2010-06-06:12 AM",68.8773
"2010-06-07:12 AM",61.9273
"2010-06-08:12 AM",61.4559
"2010-06-09:12 AM",65.1006
"2010-06-10:12 AM",70.1737
"2010-06-11:12 AM",71.836
"2010-06-12:12 AM",74.7059
"2010-06-13:12 AM",74.1695
"2010-06-14:12 AM",73.9168
"2010-06-15:12 AM",73.6293
"2010-06-16:12 AM",74.4755
"2010-06-17:12 AM",70.1731
"2010-06-18:12 AM",71.8162
"2010-06-19:12 AM",76.3448
"2010-06-20:12 AM",73.8261
"2010-06-21:12 AM",75.7708
"2010-06-22:12 AM",77.7623
"2010-06-23:12 AM",79.9389
"2010-06-24:12 AM",75.9438
"2010-06-25:12 AM",72.9982
"2010-06-26:12 AM",74.674
"2010-06-27:12 AM",77.533
"2010-06-28:12 AM",75.6442
"2010-06-29:12 AM",67.6265
"2010-06-30:12 AM",62.7084
"2010-07-01:12 AM",62.7174
"2010-07-02:12 AM",64.9146
"2010-07-03:12 AM",68.3344
"2010-07-04:12 AM",75.2923
"2010-07-05:12 AM",79.9205
"2010-07-06:12 AM",79.5013
"2010-07-07:12 AM",80.5408
"2010-07-08:12 AM",80.1525
"2010-07-09:12 AM",72.783
"2010-07-10:12 AM",73.4551
"2010-07-11:12 AM",74.9151
"2010-07-12:12 AM",72.7365
"2010-07-13:12 AM",74.0298
"2010-07-14:12 AM",75.4227
"2010-07-15:12 AM",78.1862
"2010-07-16:12 AM",78.1374
"2010-07-17:12 AM",77.9184
"2010-07-18:12 AM",77.8257
"2010-07-19:12 AM",77.2889
"2010-07-20:12 AM",76.3363
"2010-07-21:12 AM",77.6215
"2010-07-22:12 AM",77.6043
"2010-07-23:12 AM",84.3267
"2010-07-24:12 AM",83.9109
"2010-07-25:12 AM",76.6548
"2010-07-26:12 AM",72.5949
"2010-07-27:12 AM",74.3218
"2010-07-28:12 AM",78.9076
"2010-07-29:12 AM",75.0929
"2010-07-30:12 AM",70.7338
"2010-07-31:12 AM",72.3573
"2010-08-01:12 AM",74.2107
"2010-08-02:12 AM",76.4418
"2010-08-03:12 AM",76.6866
"2010-08-04:12 AM",81.6021
"2010-08-05:12 AM",79.5445
"2010-08-06:12 AM",73.0022
"2010-08-07:12 AM",71.1133
"2010-08-08:12 AM",74.0151
"2010-08-09:12 AM",78.0341
"2010-08-10:12 AM",81.2871
"2010-08-11:12 AM",81.8973
"2010-08-12:12 AM",79.9637
"2010-08-13:12 AM",80.0258
"2010-08-14:12 AM",80.1725
"2010-08-15:12 AM",79.1388
"2010-08-16:12 AM",74.4273
"2010-08-17:12 AM",71.3867
"2010-08-18:12 AM",73.189
"2010-08-19:12 AM",72.892
"2010-08-20:12 AM",76.9269
"2010-08-21:12 AM",75.6622
"2010-08-22:12 AM",72.747
"2010-08-23:12 AM",70.2408
"2010-08-24:12 AM",69.4728
"2010-08-25:12 AM",71.3091
"2010-08-26:12 AM",65.9152
"2010-08-27:12 AM",63.8688
"2010-08-28:12 AM",67.2156
"2010-08-29:12 AM",74.3214
"2010-08-30:12 AM",77.9266
"2010-08-31:12 AM",78.3426
"2010-09-01:12 AM",77.9887
"2010-09-02:12 AM",78.1574
"2010-09-03:12 AM",72.6049
"2010-09-04:12 AM",61.1636
"2010-09-05:12 AM",57.3723
"2010-09-06:12 AM",66.5834
"2010-09-07:12 AM",76.9366
"2010-09-08:12 AM",66.4936
"2010-09-09:12 AM",58.3617
"2010-09-10:12 AM",59.8091
"2010-09-11:12 AM",62.3507
"2010-09-12:12 AM",63.2448
"2010-09-13:12 AM",69.0946
"2010-09-14:12 AM",65.1259
"2010-09-15:12 AM",66.1834
"2010-09-16:12 AM",69.1102
"2010-09-17:12 AM",58.7602
"2010-09-18:12 AM",63.1539
"2010-09-19:12 AM",66.4108
"2010-09-20:12 AM",64.2853
"2010-09-21:12 AM",71.8552
"2010-09-22:12 AM",75.1213
"2010-09-23:12 AM",75.3811
"2010-09-24:12 AM",80.3617
"2010-09-25:12 AM",61.9227
"2010-09-26:12 AM",55.4086
"2010-09-27:12 AM",56.8071
"2010-09-28:12 AM",54.8245
"2010-09-29:12 AM",57.0456
"2010-09-30:12 AM",61.3139
"2010-10-01:12 AM",56.0586
"2010-10-02:12 AM",51.5802
"2010-10-03:12 AM",48.2612
"2010-10-04:12 AM",48.852
"2010-10-05:12 AM",49.077
"2010-10-06:12 AM",53.6439
"2010-10-07:12 AM",58.226
"2010-10-08:12 AM",57.2005
"2010-10-09:12 AM",62.5361
"2010-10-10:12 AM",65.3866
"2010-10-11:12 AM",66.7895
"2010-10-12:12 AM",61.5897
"2010-10-13:12 AM",57.0627
"2010-10-14:12 AM",53.6549
"2010-10-15:12 AM",51.9163
"2010-10-16:12 AM",50.4925
"2010-10-17:12 AM",55.7811
"2010-10-18:12 AM",50.3132
"2010-10-19:12 AM",48.0713
"2010-10-20:12 AM",50.2113
"2010-10-21:12 AM",50.8374
"2010-10-22:12 AM",45.2757
"2010-10-23:12 AM",57.8926
"2010-10-24:12 AM",65.4053
"2010-10-25:12 AM",63.8393
"2010-10-26:12 AM",62.8369
"2010-10-27:12 AM",56.5061
"2010-10-28:12 AM",49.9582
"2010-10-29:12 AM",42.024
"2010-10-30:12 AM",46.2349
"2010-10-31:12 AM",44.8255
"2010-11-01:12 AM",39.337
"2010-11-02:12 AM",38.6163
"2010-11-03:12 AM",41.1487
"2010-11-04:12 AM",43.5983
"2010-11-05:12 AM",39.7922
"2010-11-06:12 AM",33.0681
"2010-11-07:12 AM",36.7932
"2010-11-08:12 AM",43.9668
"2010-11-09:12 AM",46.3903
"2010-11-10:12 AM",48.1366
"2010-11-11:12 AM",49.134
"2010-11-12:12 AM",49.1761
"2010-11-13:12 AM",52.993
"2010-11-14:12 AM",48.3732
"2010-11-15:12 AM",39.0713
"2010-11-16:12 AM",42.7928
"2010-11-17:12 AM",43.6429
"2010-11-18:12 AM",40.348
"2010-11-19:12 AM",39.178
"2010-11-20:12 AM",41.4039
"2010-11-21:12 AM",47.4373
"2010-11-22:12 AM",58.8526
"2010-11-23:12 AM",49.255
"2010-11-24:12 AM",31.8065
"2010-11-25:12 AM",46.8219
"2010-11-26:12 AM",30.6248
"2010-11-27:12 AM",29.6508
"2010-11-28:12 AM",29.1756
"2010-11-29:12 AM",36.1209
"2010-11-30:12 AM",49.2309
"2010-12-01:12 AM",30.0209
"2010-12-02:12 AM",27.6651
"2010-12-03:12 AM",27.1018
"2010-12-04:12 AM",27.5481
"2010-12-05:12 AM",26.1806
"2010-12-06:12 AM",23.0913
"2010-12-07:12 AM",20.7649
"2010-12-08:12 AM",21.0112
"2010-12-09:12 AM",20.5594
"2010-12-10:12 AM",30.5191
"2010-12-11:12 AM",34.5922
"2010-12-12:12 AM",31.0739
"2010-12-13:12 AM",17.3959
"2010-12-14:12 AM",15.7051
"2010-12-15:12 AM",16.9921
"2010-12-16:12 AM",18.9057
"2010-12-17:12 AM",23.1341
"2010-12-18:12 AM",19.5339
"2010-12-19:12 AM",20.9667
"2010-12-20:12 AM",22.9046
"2010-12-21:12 AM",25.8517
"2010-12-22:12 AM",27.9608
"2010-12-23:12 AM",28.6059
"2010-12-24:12 AM",26.4978
"2010-12-25:12 AM",25.6282
"2010-12-26:12 AM",23.7762
"2010-12-27:12 AM",21.0403
"2010-12-28:12 AM",22.4521
"2010-12-29:12 AM",28.2882
"2010-12-30:12 AM",35.9226
"2010-12-31:12 AM",45.4734
"2011-01-01:12 AM",47.0788
"2011-01-02:12 AM",25.7608
"2011-01-03:12 AM",26.9125
"2011-01-04:12 AM",30.4525
"2011-01-05:12 AM",24.4184
"2011-01-06:12 AM",27.1989
"2011-01-07:12 AM",22.6618
"2011-01-08:12 AM",18.5387
"2011-01-09:12 AM",17.494
"2011-01-10:12 AM",20.3155
"2011-01-11:12 AM",23.4171
"2011-01-12:12 AM",23.0508
"2011-01-13:12 AM",20.7631
"2011-01-14:12 AM",20.9883
"2011-01-15:12 AM",27.9338
"2011-01-16:12 AM",18.5212
"2011-01-17:12 AM",20.5349
"2011-01-18:12 AM",33.7055
"2011-01-19:12 AM",28.3636
"2011-01-20:12 AM",23.0905
"2011-01-21:12 AM",13.2562
"2011-01-22:12 AM",8.3813
"2011-01-23:12 AM",11.3328
"2011-01-24:12 AM",19.3302
"2011-01-25:12 AM",29.7988
"2011-01-26:12 AM",26.9332
"2011-01-27:12 AM",25.3042
"2011-01-28:12 AM",26.4146
"2011-01-29:12 AM",28.2319
"2011-01-30:12 AM",25.7961
"2011-01-31:12 AM",20.0152
"2011-02-01:12 AM",28.3572
"2011-02-02:12 AM",26.8479
"2011-02-03:12 AM",16.5562
"2011-02-04:12 AM",19.0566
"2011-02-05:12 AM",24.6499
"2011-02-06:12 AM",27.8564
"2011-02-07:12 AM",31.0867
"2011-02-08:12 AM",16.4223
"2011-02-09:12 AM",12.6316
"2011-02-10:12 AM",7.7801
"2011-02-11:12 AM",18.2685
"2011-02-12:12 AM",29.0325
"2011-02-13:12 AM",35.2215
"2011-02-14:12 AM",37.8439
"2011-02-15:12 AM",28.8786
"2011-02-16:12 AM",39.4115
"2011-02-17:12 AM",50.9556
"2011-02-18:12 AM",51.2739
"2011-02-19:12 AM",34.2838
"2011-02-20:12 AM",31.6789
"2011-02-21:12 AM",35.2249
"2011-02-22:12 AM",24.8943
"2011-02-23:12 AM",27.2345
"2011-02-24:12 AM",33.7636
"2011-02-25:12 AM",29.7624
"2011-02-26:12 AM",29.491
"2011-02-27:12 AM",37.5274
"2011-02-28:12 AM",42.206
"2011-03-01:12 AM",30.9052
"2011-03-02:12 AM",32.749
"2011-03-03:12 AM",29.7626
"2011-03-04:12 AM",40.8852
"2011-03-05:12 AM",45.9216
"2011-03-06:12 AM",30.335
"2011-03-07:12 AM",29.318
"2011-03-08:12 AM",35.9546
"2011-03-09:12 AM",41.6547
"2011-03-10:12 AM",40.8043
"2011-03-11:12 AM",32.3548
"2011-03-12:12 AM",39.4264
"2011-03-13:12 AM",35.9179
"2011-03-14:12 AM",34.9419
"2011-03-15:12 AM",38.8692
"2011-03-16:12 AM",42.5498
"2011-03-17:12 AM",48.6059
"2011-03-18:12 AM",56.2168
"2011-03-19:12 AM",40.8988
"2011-03-20:12 AM",41.0837
"2011-03-21:12 AM",56.9714
"2011-03-22:12 AM",47.3949
"2011-03-23:12 AM",48.4578
"2011-03-24:12 AM",32.6471
"2011-03-25:12 AM",30.5019
"2011-03-26:12 AM",28.386
"2011-03-27:12 AM",28.4772
"2011-03-28:12 AM",28.7719
"2011-03-29:12 AM",31.7028
"2011-03-30:12 AM",31.2134
"2011-03-31:12 AM",32.7538
"2011-04-01:12 AM",36.709
"2011-04-02:12 AM",38.8765
"2011-04-03:12 AM",41.8244
"2011-04-04:12 AM",57.8624
"2011-04-05:12 AM",38.9502
"2011-04-06:12 AM",43.47
"2011-04-07:12 AM",48.2569
"2011-04-08:12 AM",49.5984
"2011-04-09:12 AM",50.2731
"2011-04-10:12 AM",62.6986
"2011-04-11:12 AM",63.6411
"2011-04-12:12 AM",44.9281
"2011-04-13:12 AM",44.5219
"2011-04-14:12 AM",49.2379
"2011-04-15:12 AM",51.7419
"2011-04-16:12 AM",50.6136
"2011-04-17:12 AM",44.3305
"2011-04-18:12 AM",47.8301
"2011-04-19:12 AM",49.577
"2011-04-20:12 AM",52.6789
"2011-04-21:12 AM",43.371
"2011-04-22:12 AM",46.0067
"2011-04-23:12 AM",61.3762
"2011-04-24:12 AM",56.6283
"2011-04-25:12 AM",58.9237
"2011-04-26:12 AM",63.2777
"2011-04-27:12 AM",62.816
"2011-04-28:12 AM",52.9183
"2011-04-29:12 AM",46.704
"2011-04-30:12 AM",49.1482
"2011-05-01:12 AM",57.8962
"2011-05-02:12 AM",52.99
"2011-05-03:12 AM",44.9231
"2011-05-04:12 AM",43.9752
"2011-05-05:12 AM",47.6893
"2011-05-06:12 AM",52.0291
"2011-05-07:12 AM",54.6798
"2011-05-08:12 AM",55.6684
"2011-05-09:12 AM",55.3483
"2011-05-10:12 AM",60.7172
"2011-05-11:12 AM",68.8147
"2011-05-12:12 AM",71.0544
"2011-05-13:12 AM",69.0364
"2011-05-14:12 AM",63.6093
"2011-05-15:12 AM",53.496
"2011-05-16:12 AM",44.713
"2011-05-17:12 AM",47.1819
"2011-05-18:12 AM",54.2359
"2011-05-19:12 AM",56.0829
"2011-05-20:12 AM",61.0542
"2011-05-21:12 AM",64.8063
"2011-05-22:12 AM",69.5892
"2011-05-23:12 AM",69.165
"2011-05-24:12 AM",67.2543
"2011-05-25:12 AM",67.9951
"2011-05-26:12 AM",67.6648
"2011-05-27:12 AM",60.08
"2011-05-28:12 AM",62.0722
"2011-05-29:12 AM",71.8063
"2011-05-30:12 AM",75.9403
"2011-05-31:12 AM",77.734
"2011-06-01:12 AM",73.8489
"2011-06-02:12 AM",64.7015
"2011-06-03:12 AM",62.3613
"2011-06-04:12 AM",71.209
"2011-06-05:12 AM",74.0293
"2011-06-06:12 AM",72.4546
"2011-06-07:12 AM",76.5849
"2011-06-08:12 AM",78.485
"2011-06-09:12 AM",77.6734
"2011-06-10:12 AM",72.8793
"2011-06-11:12 AM",71.7692
"2011-06-12:12 AM",64.7224
"2011-06-13:12 AM",61.8381
"2011-06-14:12 AM",60.8821
"2011-06-15:12 AM",61.6008
"2011-06-16:12 AM",66.0236
"2011-06-17:12 AM",70.2144
"2011-06-18:12 AM",70.7909
"2011-06-19:12 AM",69.5745
"2011-06-20:12 AM",70.0938
"2011-06-21:12 AM",74.8094
"2011-06-22:12 AM",71.8092
"2011-06-23:12 AM",69.0634
"2011-06-24:12 AM",63.7995
"2011-06-25:12 AM",65.5756
"2011-06-26:12 AM",67.2154
"2011-06-27:12 AM",68.0274
"2011-06-28:12 AM",72.3715
"2011-06-29:12 AM",67.2069
"2011-06-30:12 AM",68.9511
"2011-07-01:12 AM",73.985
"2011-07-02:12 AM",75.2914
"2011-07-03:12 AM",76.7071
"2011-07-04:12 AM",72.7585
"2011-07-05:12 AM",74.1038
"2011-07-06:12 AM",75.9268
"2011-07-07:12 AM",74.5592
"2011-07-08:12 AM",72.3915
"2011-07-09:12 AM",73.1908
"2011-07-10:12 AM",75.3507
"2011-07-11:12 AM",79.6705
"2011-07-12:12 AM",79.6928
"2011-07-13:12 AM",72.1395
"2011-07-14:12 AM",69.6132
"2011-07-15:12 AM",71.7773
"2011-07-16:12 AM",74.464
"2011-07-17:12 AM",77.2975
"2011-07-18:12 AM",79.714
"2011-07-19:12 AM",81.1578
"2011-07-20:12 AM",81.9547
"2011-07-21:12 AM",85.2841
"2011-07-22:12 AM",85.3133
"2011-07-23:12 AM",82.3825
"2011-07-24:12 AM",81.199
"2011-07-25:12 AM",76.8324
"2011-07-26:12 AM",76.3738
"2011-07-27:12 AM",76.4091
"2011-07-28:12 AM",80.5831
"2011-07-29:12 AM",81.3812
"2011-07-30:12 AM",78.3883
"2011-07-31:12 AM",77.4325
"2011-08-01:12 AM",78.3012
"2011-08-02:12 AM",77.6615
"2011-08-03:12 AM",77.0925
"2011-08-04:12 AM",74.9417
"2011-08-05:12 AM",77.1408
"2011-08-06:12 AM",76.9858
"2011-08-07:12 AM",78.6762
"2011-08-08:12 AM",76.1391
"2011-08-09:12 AM",75.2508
"2011-08-10:12 AM",70.6636
"2011-08-11:12 AM",65.959
"2011-08-12:12 AM",66.9511
"2011-08-13:12 AM",70.6555
"2011-08-14:12 AM",67.255
"2011-08-15:12 AM",67.4044
"2011-08-16:12 AM",67.9082
"2011-08-17:12 AM",68.9221
"2011-08-18:12 AM",73.7337
"2011-08-19:12 AM",73.4473
"2011-08-20:12 AM",72.6215
"2011-08-21:12 AM",70.7632
"2011-08-22:12 AM",65.5995
"2011-08-23:12 AM",69.2721
"2011-08-24:12 AM",76.0667
"2011-08-25:12 AM",73.6259
"2011-08-26:12 AM",68.9126
"2011-08-27:12 AM",69.471
"2011-08-28:12 AM",68.5049
"2011-08-29:12 AM",64.4729
"2011-08-30:12 AM",65.1904
"2011-08-31:12 AM",72.0592
"2011-09-01:12 AM",78.7491
"2011-09-02:12 AM",82.0985
"2011-09-03:12 AM",81.867
"2011-09-04:12 AM",76.3957
"2011-09-05:12 AM",60.4987
"2011-09-06:12 AM",57.4104
"2011-09-07:12 AM",59.684
"2011-09-08:12 AM",62.1795
"2011-09-09:12 AM",64.0427
"2011-09-10:12 AM",64.1295
"2011-09-11:12 AM",64.0902
"2011-09-12:12 AM",66.9148
"2011-09-13:12 AM",71.667
"2011-09-14:12 AM",64.8725
"2011-09-15:12 AM",53.1653
"2011-09-16:12 AM",50.3377
"2011-09-17:12 AM",55.2688
"2011-09-18:12 AM",57.7571
"2011-09-19:12 AM",60.9163
"2011-09-20:12 AM",63.8121
"2011-09-21:12 AM",65.8074
"2011-09-22:12 AM",63.7858
"2011-09-23:12 AM",57.3577
"2011-09-24:12 AM",56.169
"2011-09-25:12 AM",62.6059
"2011-09-26:12 AM",63.7187
"2011-09-27:12 AM",57.8779
"2011-09-28:12 AM",58.5009
"2011-09-29:12 AM",57.274
"2011-09-30:12 AM",50.5936
"2011-10-01:12 AM",44.0172
"2011-10-02:12 AM",45.6274
"2011-10-03:12 AM",49.4416
"2011-10-04:12 AM",53.9067
"2011-10-05:12 AM",56.718
"2011-10-06:12 AM",59.2713
"2011-10-07:12 AM",60.9013
"2011-10-08:12 AM",62.2382
"2011-10-09:12 AM",61.3317
"2011-10-10:12 AM",64.0164
"2011-10-11:12 AM",62.7656
"2011-10-12:12 AM",58.7831
"2011-10-13:12 AM",58.6942
"2011-10-14:12 AM",54.9991
"2011-10-15:12 AM",51.163
"2011-10-16:12 AM",54.5562
"2011-10-17:12 AM",51.339
"2011-10-18:12 AM",50.6719
"2011-10-19:12 AM",51.8657
"2011-10-20:12 AM",43.237
"2011-10-21:12 AM",44.8635
"2011-10-22:12 AM",46.5121
"2011-10-23:12 AM",48.9591
"2011-10-24:12 AM",51.3491
"2011-10-25:12 AM",51.2573
"2011-10-26:12 AM",58.2726
"2011-10-27:12 AM",46.2333
"2011-10-28:12 AM",38.9424
"2011-10-29:12 AM",38.0928
"2011-10-30:12 AM",39.2981
"2011-10-31:12 AM",42.9643
"2011-11-01:12 AM",43.8796
"2011-11-02:12 AM",49.716
"2011-11-03:12 AM",51.5055
"2011-11-04:12 AM",45.6829
"2011-11-05:12 AM",40.7147
"2011-11-06:12 AM",45.1071
"2011-11-07:12 AM",51.9352
"2011-11-08:12 AM",55.5723
"2011-11-09:12 AM",54.3499
"2011-11-10:12 AM",40.4391
"2011-11-11:12 AM",36.3493
"2011-11-12:12 AM",45.8393
"2011-11-13:12 AM",54.4302
"2011-11-14:12 AM",60.6672
"2011-11-15:12 AM",53.7813
"2011-11-16:12 AM",48.2995
"2011-11-17:12 AM",34.8305
"2011-11-18:12 AM",34.0297
"2011-11-19:12 AM",44.578
"2011-11-20:12 AM",54.126
"2011-11-21:12 AM",43.9851
"2011-11-22:12 AM",47.1951
"2011-11-23:12 AM",43.0992
"2011-11-24:12 AM",39.8716
"2011-11-25:12 AM",44.5278
"2011-11-26:12 AM",51.1216
"2011-11-27:12 AM",52.9072
"2011-11-28:12 AM",46.0618
"2011-11-29:12 AM",45.2232
"2011-11-30:12 AM",34.0902
"2011-12-01:12 AM",32.5683
"2011-12-02:12 AM",34.5
"2011-12-03:12 AM",38.1139
"2011-12-04:12 AM",45.3625
"2011-12-05:12 AM",46.024
"2011-12-06:12 AM",38.2707
"2011-12-07:12 AM",33.8182
"2011-12-08:12 AM",31.5349
"2011-12-09:12 AM",33.2906
"2011-12-10:12 AM",25.0317
"2011-12-11:12 AM",26.1117
"2011-12-12:12 AM",30.0488
"2011-12-13:12 AM",33.8522
"2011-12-14:12 AM",42.6778
"2011-12-15:12 AM",51.3882
"2011-12-16:12 AM",33.9897
"2011-12-17:12 AM",30.7918
"2011-12-18:12 AM",31.998
"2011-12-19:12 AM",39.04
"2011-12-20:12 AM",40.6146
"2011-12-21:12 AM",50.061
"2011-12-22:12 AM",42.98
"2011-12-23:12 AM",34.3024
"2011-12-24:12 AM",32.2956
"2011-12-25:12 AM",35.3991
"2011-12-26:12 AM",33.874
"2011-12-27:12 AM",34.9052
"2011-12-28:12 AM",28.5912
"2011-12-29:12 AM",34.5751
"2011-12-30:12 AM",44.2614
"2011-12-31:12 AM",39.8797
"2012-01-01:12 AM",38.9572
"2012-01-02:12 AM",27.5448
"2012-01-03:12 AM",20.4217
"2012-01-04:12 AM",24.6261
"2012-01-05:12 AM",33.539
"2012-01-06:12 AM",41.0826
"2012-01-07:12 AM",41.994
"2012-01-08:12 AM",33.9544
"2012-01-09:12 AM",33.6063
"2012-01-10:12 AM",34.9711
"2012-01-11:12 AM",37.6236
"2012-01-12:12 AM",39.6126
"2012-01-13:12 AM",20.6692
"2012-01-14:12 AM",20.0925
"2012-01-15:12 AM",18.3402
"2012-01-16:12 AM",32.4169
"2012-01-17:12 AM",45.2338
"2012-01-18:12 AM",26.7858
"2012-01-19:12 AM",26.1354
"2012-01-20:12 AM",18.9545
"2012-01-21:12 AM",22.9732
"2012-01-22:12 AM",27.6355
"2012-01-23:12 AM",42.5023
"2012-01-24:12 AM",33.6812
"2012-01-25:12 AM",30.9416
"2012-01-26:12 AM",37.1827
"2012-01-27:12 AM",36.6222
"2012-01-28:12 AM",31.7145
"2012-01-29:12 AM",31.0417
"2012-01-30:12 AM",32.7135
"2012-01-31:12 AM",45.4836
"2012-02-01:12 AM",47.7498
"2012-02-02:12 AM",38.7289
"2012-02-03:12 AM",35.7957
"2012-02-04:12 AM",34.673
"2012-02-05:12 AM",33.5147
"2012-02-06:12 AM",34.2093
"2012-02-07:12 AM",32.632
"2012-02-08:12 AM",29.8726
"2012-02-09:12 AM",27.7948
"2012-02-10:12 AM",28.6277
"2012-02-11:12 AM",21.0814
"2012-02-12:12 AM",20.0849
"2012-02-13:12 AM",24.548
"2012-02-14:12 AM",31.3061
"2012-02-15:12 AM",33.3459
"2012-02-16:12 AM",40.1418
"2012-02-17:12 AM",35.9317
"2012-02-18:12 AM",35.6248
"2012-02-19:12 AM",30.0087
"2012-02-20:12 AM",29.1112
"2012-02-21:12 AM",36.5461
"2012-02-22:12 AM",42.0332
"2012-02-23:12 AM",40.3137
"2012-02-24:12 AM",39.2549
"2012-02-25:12 AM",29.2505
"2012-02-26:12 AM",30.4452
"2012-02-27:12 AM",38.2969
"2012-02-28:12 AM",34.2869
"2012-02-29:12 AM",49.4031
"2012-03-01:12 AM",39.9677
"2012-03-02:12 AM",44.8007
"2012-03-03:12 AM",35.8572
"2012-03-04:12 AM",30.7591
"2012-03-05:12 AM",28.137
"2012-03-06:12 AM",35.6286
"2012-03-07:12 AM",49.4307
"2012-03-08:12 AM",51.7467
"2012-03-09:12 AM",34.5906
"2012-03-10:12 AM",33.517
"2012-03-11:12 AM",43.7875
"2012-03-12:12 AM",52.1112
"2012-03-13:12 AM",58.3761
"2012-03-14:12 AM",57.0556
"2012-03-15:12 AM",62.6002
"2012-03-16:12 AM",60.9031
"2012-03-17:12 AM",60.1282
"2012-03-18:12 AM",61.7934
"2012-03-19:12 AM",63.1139
"2012-03-20:12 AM",66.4578
"2012-03-21:12 AM",66.9475
"2012-03-22:12 AM",66.3843
"2012-03-23:12 AM",64.0189
"2012-03-24:12 AM",58.7323
"2012-03-25:12 AM",54.1058
"2012-03-26:12 AM",43.2068
"2012-03-27:12 AM",39.9436
"2012-03-28:12 AM",57.3121
"2012-03-29:12 AM",46.4007
"2012-03-30:12 AM",47.9122
"2012-03-31:12 AM",43.4206
"2012-04-01:12 AM",47.6134
"2012-04-02:12 AM",46.6768
"2012-04-03:12 AM",52.5585
"2012-04-04:12 AM",52.1019
"2012-04-05:12 AM",42.6119
"2012-04-06:12 AM",41.3211
"2012-04-07:12 AM",43.8742
"2012-04-08:12 AM",49.2363
"2012-04-09:12 AM",48.5884
"2012-04-10:12 AM",41.4028
"2012-04-11:12 AM",37.7118
"2012-04-12:12 AM",42.7426
"2012-04-13:12 AM",48.1928
"2012-04-14:12 AM",53.4139
"2012-04-15:12 AM",64.4158
"2012-04-16:12 AM",64.5048
"2012-04-17:12 AM",52.2667
"2012-04-18:12 AM",50.8915
"2012-04-19:12 AM",57.5409
"2012-04-20:12 AM",60.4609
"2012-04-21:12 AM",44.9177
"2012-04-22:12 AM",41.5323
"2012-04-23:12 AM",43.075
"2012-04-24:12 AM",45.2408
"2012-04-25:12 AM",50.8973
"2012-04-26:12 AM",54.6733
"2012-04-27:12 AM",44.2513
"2012-04-28:12 AM",41.7384
"2012-04-29:12 AM",47.7075
"2012-04-30:12 AM",60.0111
"2012-05-01:12 AM",63.6453
"2012-05-02:12 AM",69.4281
"2012-05-03:12 AM",72.7187
"2012-05-04:12 AM",69.5628
"2012-05-05:12 AM",63.5027
"2012-05-06:12 AM",61.5004
"2012-05-07:12 AM",66.4191
"2012-05-08:12 AM",62.6882
"2012-05-09:12 AM",57.6297
"2012-05-10:12 AM",52.4683
"2012-05-11:12 AM",55.0929
"2012-05-12:12 AM",58.4712
"2012-05-13:12 AM",58.1409
"2012-05-14:12 AM",60.3716
"2012-05-15:12 AM",63.0288
"2012-05-16:12 AM",61.7787
"2012-05-17:12 AM",55.087
"2012-05-18:12 AM",60.6432
"2012-05-19:12 AM",67.4483
"2012-05-20:12 AM",70.6199
"2012-05-21:12 AM",69.8815
"2012-05-22:12 AM",62.6536
"2012-05-23:12 AM",65.3216
"2012-05-24:12 AM",70.1058
"2012-05-25:12 AM",74.39
"2012-05-26:12 AM",73.8405
"2012-05-27:12 AM",76.3066
"2012-05-28:12 AM",78.5732
"2012-05-29:12 AM",74.7203
"2012-05-30:12 AM",68.3515
"2012-05-31:12 AM",63.541
"2012-06-01:12 AM",59.5881
"2012-06-02:12 AM",58.4955
"2012-06-03:12 AM",63.7698
"2012-06-04:12 AM",63.4541
"2012-06-05:12 AM",58.1896
"2012-06-06:12 AM",60.9528
"2012-06-07:12 AM",64.5985
"2012-06-08:12 AM",67.4451
"2012-06-09:12 AM",71.548
"2012-06-10:12 AM",73.8937
"2012-06-11:12 AM",70.0448
"2012-06-12:12 AM",72.408
"2012-06-13:12 AM",63.9104
"2012-06-14:12 AM",65.3632
"2012-06-15:12 AM",71.6518
"2012-06-16:12 AM",74.6598
"2012-06-17:12 AM",72.3589
"2012-06-18:12 AM",74.4498
"2012-06-19:12 AM",78.8725
"2012-06-20:12 AM",79.8712
"2012-06-21:12 AM",79.8928
"2012-06-22:12 AM",73.7172
"2012-06-23:12 AM",72.1333
"2012-06-24:12 AM",74.7759
"2012-06-25:12 AM",70.0151
"2012-06-26:12 AM",65.293
"2012-06-27:12 AM",70.2637
"2012-06-28:12 AM",81.4609
"2012-06-29:12 AM",85.9456
"2012-06-30:12 AM",81.2395
"2012-07-01:12 AM",80.9838
"2012-07-02:12 AM",79.0846
"2012-07-03:12 AM",81.8622
"2012-07-04:12 AM",84.5805
"2012-07-05:12 AM",85.9444
"2012-07-06:12 AM",85.9941
"2012-07-07:12 AM",88.0302
"2012-07-08:12 AM",80.184
"2012-07-09:12 AM",75.2189
"2012-07-10:12 AM",75.5337
"2012-07-11:12 AM",76.4085
"2012-07-12:12 AM",77.7472
"2012-07-13:12 AM",75.2709
"2012-07-14:12 AM",73.0321
"2012-07-15:12 AM",76.1166
"2012-07-16:12 AM",80.4373
"2012-07-17:12 AM",85.024
"2012-07-18:12 AM",83.3099
"2012-07-19:12 AM",77.7484
"2012-07-20:12 AM",72.4698
"2012-07-21:12 AM",72.6512
"2012-07-22:12 AM",77.61
"2012-07-23:12 AM",85.2528
"2012-07-24:12 AM",82.7964
"2012-07-25:12 AM",77.9761
"2012-07-26:12 AM",84.5715
"2012-07-27:12 AM",77.5438
"2012-07-28:12 AM",73.2358
"2012-07-29:12 AM",73.9625
"2012-07-30:12 AM",75.5247
"2012-07-31:12 AM",78.9206
"2012-08-01:12 AM",76.9885
"2012-08-02:12 AM",77.9956
"2012-08-03:12 AM",80.6374
"2012-08-04:12 AM",78.987
"2012-08-05:12 AM",78.1277
"2012-08-06:12 AM",72.8908
"2012-08-07:12 AM",72.9055
"2012-08-08:12 AM",78.091
"2012-08-09:12 AM",74.1799
"2012-08-10:12 AM",67.9413
"2012-08-11:12 AM",64.0258
"2012-08-12:12 AM",67.6288
"2012-08-13:12 AM",69.719
"2012-08-14:12 AM",68.4127
"2012-08-15:12 AM",69.9008
"2012-08-16:12 AM",73.9663
"2012-08-17:12 AM",70.5384
"2012-08-18:12 AM",66.2344
"2012-08-19:12 AM",67.4233
"2012-08-20:12 AM",66.2389
"2012-08-21:12 AM",65.4096
"2012-08-22:12 AM",66.8764
"2012-08-23:12 AM",69.8211
"2012-08-24:12 AM",73.1242
"2012-08-25:12 AM",75.9326
"2012-08-26:12 AM",75.4759
"2012-08-27:12 AM",71.9299
"2012-08-28:12 AM",72.1227
"2012-08-29:12 AM",67.8272
"2012-08-30:12 AM",68.3272
"2012-08-31:12 AM",77.9454
"2012-09-01:12 AM",75.8844
"2012-09-02:12 AM",74.2815
"2012-09-03:12 AM",73.8912
"2012-09-04:12 AM",73.1637
"2012-09-05:12 AM",73.5796
"2012-09-06:12 AM",74.455
"2012-09-07:12 AM",74.8092
"2012-09-08:12 AM",66.2823
"2012-09-09:12 AM",62.2962
"2012-09-10:12 AM",58.3257
"2012-09-11:12 AM",60.9949
"2012-09-12:12 AM",64.9162
"2012-09-13:12 AM",69.1664
"2012-09-14:12 AM",62.4924
"2012-09-15:12 AM",56.6047
"2012-09-16:12 AM",58.2163
"2012-09-17:12 AM",63.4651
"2012-09-18:12 AM",60.8808
"2012-09-19:12 AM",53.1225
"2012-09-20:12 AM",59.4554
"2012-09-21:12 AM",61.3272
"2012-09-22:12 AM",57.7218
"2012-09-23:12 AM",49.3684
"2012-09-24:12 AM",49.8945
"2012-09-25:12 AM",57.3669
"2012-09-26:12 AM",63.5706
"2012-09-27:12 AM",60.9546
"2012-09-28:12 AM",56.7921
"2012-09-29:12 AM",55.3059
"2012-09-30:12 AM",55.0364
"2012-10-01:12 AM",53.9872
"2012-10-02:12 AM",61.3351
"2012-10-03:12 AM",62.4868
"2012-10-04:12 AM",62.8471
"2012-10-05:12 AM",60.6774
"2012-10-06:12 AM",46.9747
"2012-10-07:12 AM",43.4329
"2012-10-08:12 AM",41.2583
"2012-10-09:12 AM",44.6853
"2012-10-10:12 AM",46.2088
"2012-10-11:12 AM",43.4907
"2012-10-12:12 AM",46.2355
"2012-10-13:12 AM",51.3754
"2012-10-14:12 AM",64.9589
"2012-10-15:12 AM",51.9922
"2012-10-16:12 AM",47.6416
"2012-10-17:12 AM",58.0219
"2012-10-18:12 AM",56.7255
"2012-10-19:12 AM",49.8114
"2012-10-20:12 AM",47.3959
"2012-10-21:12 AM",48.1635
"2012-10-22:12 AM",57.6324
"2012-10-23:12 AM",62.6923
"2012-10-24:12 AM",65.2341
"2012-10-25:12 AM",64.3082
"2012-10-26:12 AM",54.4685
"2012-10-27:12 AM",46.1583
"2012-10-28:12 AM",42.2874
"2012-10-29:12 AM",38.6181
"2012-10-30:12 AM",37.0225
"2012-10-31:12 AM",38.6803
"2012-11-01:12 AM",40.9703
"2012-11-02:12 AM",39.9927
"2012-11-03:12 AM",38.9403
"2012-11-04:12 AM",37.4284
"2012-11-05:12 AM",34.2063
"2012-11-06:12 AM",34.6914
"2012-11-07:12 AM",37.2547
"2012-11-08:12 AM",35.9317
"2012-11-09:12 AM",40.6647
"2012-11-10:12 AM",52.0974
"2012-11-11:12 AM",56.3306
"2012-11-12:12 AM",50.6514
"2012-11-13:12 AM",32.8129
"2012-11-14:12 AM",32.8352
"2012-11-15:12 AM",33.8277
"2012-11-16:12 AM",36.1476
"2012-11-17:12 AM",39.4516
"2012-11-18:12 AM",40.8085
"2012-11-19:12 AM",42.494
"2012-11-20:12 AM",46.0272
"2012-11-21:12 AM",45.9916
"2012-11-22:12 AM",47.0637
"2012-11-23:12 AM",44.2114
"2012-11-24:12 AM",29.9667
"2012-11-25:12 AM",31.6281
"2012-11-26:12 AM",34.9691
"2012-11-27:12 AM",31.415
"2012-11-28:12 AM",30.7153
"2012-11-29:12 AM",33.287
"2012-11-30:12 AM",39.47
"2012-12-01:12 AM",46.675
"2012-12-02:12 AM",54.7738
"2012-12-03:12 AM",56.9624
"2012-12-04:12 AM",55.5166
"2012-12-05:12 AM",37.7209
"2012-12-06:12 AM",34.8264
"2012-12-07:12 AM",44.0044
"2012-12-08:12 AM",47.8582
"2012-12-09:12 AM",44.5487
"2012-12-10:12 AM",44.6227
"2012-12-11:12 AM",32.3407
"2012-12-12:12 AM",31.1572
"2012-12-13:12 AM",32.506
"2012-12-14:12 AM",35.1594
"2012-12-15:12 AM",41.2014
"2012-12-16:12 AM",51.1018
"2012-12-17:12 AM",46.3667
"2012-12-18:12 AM",39.216
"2012-12-19:12 AM",39.7953
"2012-12-20:12 AM",41.7207
"2012-12-21:12 AM",31.3196
"2012-12-22:12 AM",26.9316
"2012-12-23:12 AM",28.0859
"2012-12-24:12 AM",31.3353
"2012-12-25:12 AM",31.7624
"2012-12-26:12 AM",29.7163
"2012-12-27:12 AM",27.9572
"2012-12-28:12 AM",26.8295
"2012-12-29:12 AM",28.3647
"2012-12-30:12 AM",23.6912
"2012-12-31:12 AM",28.4387
"2013-01-01:12 AM",27.106
"2013-01-02:12 AM",16.5981
"2013-01-03:12 AM",21.7377
"2013-01-04:12 AM",24.8619
"2013-01-05:12 AM",28.2069
"2013-01-06:12 AM",30.8656
"2013-01-07:12 AM",27.5698
"2013-01-08:12 AM",30.5371
"2013-01-09:12 AM",37.8813
"2013-01-10:12 AM",34.2253
"2013-01-11:12 AM",48.3022
"2013-01-12:12 AM",54.639
"2013-01-13:12 AM",54.3704
"2013-01-14:12 AM",31.2579
"2013-01-15:12 AM",28.0522
"2013-01-16:12 AM",31.0001
"2013-01-17:12 AM",31.1713
"2013-01-18:12 AM",27.2718
"2013-01-19:12 AM",38.0703
"2013-01-20:12 AM",31.08
"2013-01-21:12 AM",21.0151
"2013-01-22:12 AM",9.0455
"2013-01-23:12 AM",12.8032
"2013-01-24:12 AM",16.2822
"2013-01-25:12 AM",17.4618
"2013-01-26:12 AM",21.6354
"2013-01-27:12 AM",21.6567
"2013-01-28:12 AM",40.8067
"2013-01-29:12 AM",51.8922
"2013-01-30:12 AM",55.6696
"2013-01-31:12 AM",27.1027
"2013-02-01:12 AM",12.432
"2013-02-02:12 AM",17.1144
"2013-02-03:12 AM",18.6449
"2013-02-04:12 AM",20.7172
"2013-02-05:12 AM",25.7068
"2013-02-06:12 AM",25.5713
"2013-02-07:12 AM",29.9601
"2013-02-08:12 AM",32.2362
"2013-02-09:12 AM",25.2525
"2013-02-10:12 AM",34.1546
"2013-02-11:12 AM",39.9151
"2013-02-12:12 AM",32.9929
"2013-02-13:12 AM",30.9169
"2013-02-14:12 AM",33.5685
"2013-02-15:12 AM",31.2138
"2013-02-16:12 AM",23.1636
"2013-02-17:12 AM",18.3767
"2013-02-18:12 AM",28.9323
"2013-02-19:12 AM",31.4141
"2013-02-20:12 AM",20.5419
"2013-02-21:12 AM",22.3749
"2013-02-22:12 AM",30.4795
"2013-02-23:12 AM",32.5985
"2013-02-24:12 AM",29.1776
"2013-02-25:12 AM",30.8061
"2013-02-26:12 AM",34.5304
"2013-02-27:12 AM",36.2892
"2013-02-28:12 AM",32.7375
"2013-03-01:12 AM",29.3608
"2013-03-02:12 AM",26.1271
"2013-03-03:12 AM",25.1132
"2013-03-04:12 AM",25.0925
"2013-03-05:12 AM",31.4388
"2013-03-06:12 AM",32.3074
"2013-03-07:12 AM",32.1672
"2013-03-08:12 AM",29.3871
"2013-03-09:12 AM",34.5286
"2013-03-10:12 AM",47.8783
"2013-03-11:12 AM",49.1158
"2013-03-12:12 AM",34.8168
"2013-03-13:12 AM",29.5581
"2013-03-14:12 AM",28.4799
"2013-03-15:12 AM",35.4535
"2013-03-16:12 AM",36.7763
"2013-03-17:12 AM",30.7904
"2013-03-18:12 AM",36.403
"2013-03-19:12 AM",31.7476
"2013-03-20:12 AM",29.0305
"2013-03-21:12 AM",24.9444
"2013-03-22:12 AM",27.0842
"2013-03-23:12 AM",31.8049
"2013-03-24:12 AM",31.3709
"2013-03-25:12 AM",32.4036
"2013-03-26:12 AM",33.4002
"2013-03-27:12 AM",33.0624
"2013-03-28:12 AM",34.7344
"2013-03-29:12 AM",37.7616
"2013-03-30:12 AM",40.0442
"2013-03-31:12 AM",44.5458
"2013-04-01:12 AM",38.1749
"2013-04-02:12 AM",31.8463
"2013-04-03:12 AM",31.6452
"2013-04-04:12 AM",35.656
"2013-04-05:12 AM",39.5202
"2013-04-06:12 AM",40.7691
"2013-04-07:12 AM",54.6694
"2013-04-08:12 AM",55.2459
"2013-04-09:12 AM",60.7399
"2013-04-10:12 AM",62.6819
"2013-04-11:12 AM",56.2251
"2013-04-12:12 AM",47.3801
"2013-04-13:12 AM",40.6915
"2013-04-14:12 AM",45.4006
"2013-04-15:12 AM",56.136
"2013-04-16:12 AM",58.9734
"2013-04-17:12 AM",55.5309
"2013-04-18:12 AM",66.2835
"2013-04-19:12 AM",51.0327
"2013-04-20:12 AM",38.282
"2013-04-21:12 AM",38.349
"2013-04-22:12 AM",47.3293
"2013-04-23:12 AM",54.5788
"2013-04-24:12 AM",49.1652
"2013-04-25:12 AM",42.5372
"2013-04-26:12 AM",44.8957
"2013-04-27:12 AM",52.765
"2013-04-28:12 AM",54.4408
"2013-04-29:12 AM",56.3954
"2013-04-30:12 AM",59.6248
"2013-05-01:12 AM",64.2168
"2013-05-02:12 AM",63.072
"2013-05-03:12 AM",62.9555
"2013-05-04:12 AM",58.6855
"2013-05-05:12 AM",57.4732
"2013-05-06:12 AM",57.2515
"2013-05-07:12 AM",59.607
"2013-05-08:12 AM",60.8241
"2013-05-09:12 AM",63.3733
"2013-05-10:12 AM",62.704
"2013-05-11:12 AM",51.8711
"2013-05-12:12 AM",44.3615
"2013-05-13:12 AM",43.7724
"2013-05-14:12 AM",53.0519
"2013-05-15:12 AM",68.6993
"2013-05-16:12 AM",66.8862
"2013-05-17:12 AM",64.1332
"2013-05-18:12 AM",64.542
"2013-05-19:12 AM",67.4946
"2013-05-20:12 AM",72.6163
"2013-05-21:12 AM",72.1593
"2013-05-22:12 AM",70.4962
"2013-05-23:12 AM",61.2678
"2013-05-24:12 AM",48.0295
"2013-05-25:12 AM",49.7622
"2013-05-26:12 AM",53.4052
"2013-05-27:12 AM",55.1889
"2013-05-28:12 AM",69.4495
"2013-05-29:12 AM",73.6124
"2013-05-30:12 AM",73.6273
"2013-05-31:12 AM",72.3823
"2013-06-01:12 AM",73.2943
"2013-06-02:12 AM",67.3291
"2013-06-03:12 AM",58.341
"2013-06-04:12 AM",58.3552
"2013-06-05:12 AM",62.9343
"2013-06-06:12 AM",62.7136
"2013-06-07:12 AM",59.616
"2013-06-08:12 AM",62.0433
"2013-06-09:12 AM",67.5268
"2013-06-10:12 AM",67.3612
"2013-06-11:12 AM",68.2716
"2013-06-12:12 AM",73.1908
"2013-06-13:12 AM",69.4576
"2013-06-14:12 AM",64.2267
"2013-06-15:12 AM",65.3688
"2013-06-16:12 AM",67.9136
"2013-06-17:12 AM",71.3745
"2013-06-18:12 AM",68.9742
"2013-06-19:12 AM",63.6636
"2013-06-20:12 AM",67.3113
"2013-06-21:12 AM",71.8194
"2013-06-22:12 AM",75.6466
"2013-06-23:12 AM",75.9542
"2013-06-24:12 AM",74.9305
"2013-06-25:12 AM",77.1649
"2013-06-26:12 AM",76.4058
"2013-06-27:12 AM",71.618
"2013-06-28:12 AM",71.107
"2013-06-29:12 AM",67.9789
"2013-06-30:12 AM",68.1116
"2013-07-01:12 AM",67.5928
"2013-07-02:12 AM",70.0975
"2013-07-03:12 AM",72.3204
"2013-07-04:12 AM",70.5681
"2013-07-05:12 AM",71.3601
"2013-07-06:12 AM",73.0942
"2013-07-07:12 AM",69.9679
"2013-07-08:12 AM",73.8586
"2013-07-09:12 AM",75.065
"2013-07-10:12 AM",76.2681
"2013-07-11:12 AM",68.7079
"2013-07-12:12 AM",66.1788
"2013-07-13:12 AM",70.5699
"2013-07-14:12 AM",76.2229
"2013-07-15:12 AM",78.7152
"2013-07-16:12 AM",79.1247
"2013-07-17:12 AM",79.9846
"2013-07-18:12 AM",80.2859
"2013-07-19:12 AM",80.0998
"2013-07-20:12 AM",76.5147
"2013-07-21:12 AM",73.5602
"2013-07-22:12 AM",70.929
"2013-07-23:12 AM",72.1067
"2013-07-24:12 AM",63.9982
"2013-07-25:12 AM",63.4701
"2013-07-26:12 AM",65.8717
"2013-07-27:12 AM",65.5315
"2013-07-28:12 AM",61.2365
"2013-07-29:12 AM",62.3712
"2013-07-30:12 AM",65.4607
"2013-07-31:12 AM",66.8842
"2013-08-01:12 AM",69.3991
"2013-08-02:12 AM",67.3164
"2013-08-03:12 AM",69.2326
"2013-08-04:12 AM",64.629
"2013-08-05:12 AM",63.7644
"2013-08-06:12 AM",68.9221
"2013-08-07:12 AM",73.4713
"2013-08-08:12 AM",72.9387
"2013-08-09:12 AM",70.8163
"2013-08-10:12 AM",70.6879
"2013-08-11:12 AM",70.455
"2013-08-12:12 AM",70.9322
"2013-08-13:12 AM",66.5542
"2013-08-14:12 AM",58.7343
"2013-08-15:12 AM",60.2906
"2013-08-16:12 AM",63.1792
"2013-08-17:12 AM",65.3036
"2013-08-18:12 AM",65.811
"2013-08-19:12 AM",67.1112
"2013-08-20:12 AM",69.2433
"2013-08-21:12 AM",71.3966
"2013-08-22:12 AM",73.2101
"2013-08-23:12 AM",71.2935
"2013-08-24:12 AM",67.6548
"2013-08-25:12 AM",68.718
"2013-08-26:12 AM",73.0288
"2013-08-27:12 AM",76.545
"2013-08-28:12 AM",77.0043
"2013-08-29:12 AM",74.075
"2013-08-30:12 AM",73.5399
"2013-08-31:12 AM",75.7591
"2013-09-01:12 AM",72.6004
"2013-09-02:12 AM",72.0919
"2013-09-03:12 AM",62.3361
"2013-09-04:12 AM",62.8475
"2013-09-05:12 AM",65.4238
"2013-09-06:12 AM",59.5416
"2013-09-07:12 AM",65.8652
"2013-09-08:12 AM",70.5115
"2013-09-09:12 AM",71.4738
"2013-09-10:12 AM",80.2306
"2013-09-11:12 AM",79.7484
"2013-09-12:12 AM",70.3971
"2013-09-13:12 AM",56.8027
"2013-09-14:12 AM",52.0934
"2013-09-15:12 AM",56.6397
"2013-09-16:12 AM",59.4586
"2013-09-17:12 AM",56.863
"2013-09-18:12 AM",62.5411
"2013-09-19:12 AM",66.4236
"2013-09-20:12 AM",70.6156
"2013-09-21:12 AM",64.0504
"2013-09-22:12 AM",53.7435
"2013-09-23:12 AM",50.9439
"2013-09-24:12 AM",51.9508
"2013-09-25:12 AM",57.8073
"2013-09-26:12 AM",58.7052
"2013-09-27:12 AM",59.8109
"2013-09-28:12 AM",61.5704
"2013-09-29:12 AM",61.6336
"2013-09-30:12 AM",61.5616
"2013-10-01:12 AM",65.5718
"2013-10-02:12 AM",66.7029
"2013-10-03:12 AM",68.0027
"2013-10-04:12 AM",69.5822
"2013-10-05:12 AM",68.6277
"2013-10-06:12 AM",68.0628
"2013-10-07:12 AM",52.9677
"2013-10-08:12 AM",51.6515
"2013-10-09:12 AM",53.7717
"2013-10-10:12 AM",55.2636
"2013-10-11:12 AM",58.0696
"2013-10-12:12 AM",61.4624
"2013-10-13:12 AM",61.8044
"2013-10-14:12 AM",56.3401
"2013-10-15:12 AM",59.1631
"2013-10-16:12 AM",60.5233
"2013-10-17:12 AM",48.7773
"2013-10-18:12 AM",50.4133
"2013-10-19:12 AM",45.4581
"2013-10-20:12 AM",46.0688
"2013-10-21:12 AM",51.6481
"2013-10-22:12 AM",43.2928
"2013-10-23:12 AM",39.3976
"2013-10-24:12 AM",36.4363
"2013-10-25:12 AM",37.2513
"2013-10-26:12 AM",40.7658
"2013-10-27:12 AM",41.1395
"2013-10-28:12 AM",43.9655
"2013-10-29:12 AM",46.6533
"2013-10-30:12 AM",54.3637
"2013-10-31:12 AM",61.4601
"2013-11-01:12 AM",53.7019
"2013-11-02:12 AM",46.0632
"2013-11-03:12 AM",41.2223
"2013-11-04:12 AM",41.2439
"2013-11-05:12 AM",50.0261
"2013-11-06:12 AM",54.0063
"2013-11-07:12 AM",43.6159
"2013-11-08:12 AM",36.8938
"2013-11-09:12 AM",43.7013
"2013-11-10:12 AM",42.566
"2013-11-11:12 AM",39.4401
"2013-11-12:12 AM",29.4674
"2013-11-13:12 AM",27.2883
"2013-11-14:12 AM",34.164
"2013-11-15:12 AM",41.356
"2013-11-16:12 AM",48.3201
"2013-11-17:12 AM",58.2766
"2013-11-18:12 AM",43.2635
"2013-11-19:12 AM",34.9338
"2013-11-20:12 AM",35.2877
"2013-11-21:12 AM",41.6586
"2013-11-22:12 AM",46.9866
"2013-11-23:12 AM",30.7827
"2013-11-24:12 AM",20.0176
"2013-11-25:12 AM",26.4808
"2013-11-26:12 AM",31.6416
"2013-11-27:12 AM",26.1549
"2013-11-28:12 AM",23.4801
"2013-11-29:12 AM",24.174
"2013-11-30:12 AM",30.6819
"2013-12-01:12 AM",36.6462
"2013-12-02:12 AM",37.8457
"2013-12-03:12 AM",40.9053
"2013-12-04:12 AM",50.6961
"2013-12-05:12 AM",51.5782
"2013-12-06:12 AM",30.1608
"2013-12-07:12 AM",20.8758
"2013-12-08:12 AM",22.2561
"2013-12-09:12 AM",29.5158
"2013-12-10:12 AM",21.1561
"2013-12-11:12 AM",21.1645
"2013-12-12:12 AM",13.4803
"2013-12-13:12 AM",22.8096
"2013-12-14:12 AM",30.7409
"2013-12-15:12 AM",24.568
"2013-12-16:12 AM",21.5512
"2013-12-17:12 AM",27.0327
"2013-12-18:12 AM",26.0118
"2013-12-19:12 AM",36.8566
"2013-12-20:12 AM",46.7917
"2013-12-21:12 AM",52.4736
"2013-12-22:12 AM",51.0964
"2013-12-23:12 AM",32.8987
"2013-12-24:12 AM",20.257
"2013-12-25:12 AM",20.826
"2013-12-26:12 AM",27.9261
"2013-12-27:12 AM",32.1096
"2013-12-28:12 AM",37.5013
"2013-12-29:12 AM",37.5708
"2013-12-30:12 AM",25.8606
"2013-12-31:12 AM",22.8673
"2014-01-01:12 AM",26.3464
"2014-01-02:12 AM",21.4727
"2014-01-03:12 AM",8.7877
"2014-01-04:12 AM",20.7453
"2014-01-05:12 AM",32.1352
"2014-01-06:12 AM",7.9128
"2014-01-07:12 AM",-2.0668
"2014-01-08:12 AM",13.4155
"2014-01-09:12 AM",21.4875
"2014-01-10:12 AM",34.4523
"2014-01-11:12 AM",41.5573
"2014-01-12:12 AM",33.3199
"2014-01-13:12 AM",41.3253
"2014-01-14:12 AM",38.1063
"2014-01-15:12 AM",27.3517
"2014-01-16:12 AM",23.4752
"2014-01-17:12 AM",27.0676
"2014-01-18:12 AM",15.1799
"2014-01-19:12 AM",23.2774
"2014-01-20:12 AM",30.6973
"2014-01-21:12 AM",15.5993
"2014-01-22:12 AM",6.0577
"2014-01-23:12 AM",8.2773
"2014-01-24:12 AM",6.1002
"2014-01-25:12 AM",19.0701
"2014-01-26:12 AM",17.8662
"2014-01-27:12 AM",14.5762
"2014-01-28:12 AM",-0.0303
"2014-01-29:12 AM",6.222
"2014-01-30:12 AM",16.3625
"2014-01-31:12 AM",27.8667
"2014-02-01:12 AM",35.1748
"2014-02-02:12 AM",31.105
"2014-02-03:12 AM",22.64
"2014-02-04:12 AM",21.7362
"2014-02-05:12 AM",24.9967
"2014-02-06:12 AM",16.1717
"2014-02-07:12 AM",5.7315
"2014-02-08:12 AM",11.2867
"2014-02-09:12 AM",19.8336
"2014-02-10:12 AM",11.9442
"2014-02-11:12 AM",6.5151
"2014-02-12:12 AM",11.9386
"2014-02-13:12 AM",21.2295
"2014-02-14:12 AM",26.2121
"2014-02-15:12 AM",19.0828
"2014-02-16:12 AM",20.2618
"2014-02-17:12 AM",18.2977
"2014-02-18:12 AM",32.2752
"2014-02-19:12 AM",36.9898
"2014-02-20:12 AM",40.7998
"2014-02-21:12 AM",40.0491
"2014-02-22:12 AM",37.8874
"2014-02-23:12 AM",33.0327
"2014-02-24:12 AM",23.6644
"2014-02-25:12 AM",23.5155
"2014-02-26:12 AM",16.3063
"2014-02-27:12 AM",14.4376
"2014-02-28:12 AM",12.8334
"2014-03-01:12 AM",31.2674
"2014-03-02:12 AM",23.3852
"2014-03-03:12 AM",11.9118
"2014-03-04:12 AM",11.0325
"2014-03-05:12 AM",18.2628
"2014-03-06:12 AM",23.6185
"2014-03-07:12 AM",33.26
"2014-03-08:12 AM",36.8348
"2014-03-09:12 AM",31.1032
"2014-03-10:12 AM",40.2492
"2014-03-11:12 AM",47.9719
"2014-03-12:12 AM",35.2137
"2014-03-13:12 AM",18.7876
"2014-03-14:12 AM",39.2927
"2014-03-15:12 AM",37.9756
"2014-03-16:12 AM",27.3475
"2014-03-17:12 AM",26.937
"2014-03-18:12 AM",35.9254
"2014-03-19:12 AM",44.0546
"2014-03-20:12 AM",36.4897
"2014-03-21:12 AM",39.4471
"2014-03-22:12 AM",42.5574
"2014-03-23:12 AM",29.5047
"2014-03-24:12 AM",25.7097
"2014-03-25:12 AM",27.7716
"2014-03-26:12 AM",23.3771
"2014-03-27:12 AM",36.6235
"2014-03-28:12 AM",46.2421
"2014-03-29:12 AM",36.6915
"2014-03-30:12 AM",34.1173
"2014-03-31:12 AM",40.8558
"2014-04-01:12 AM",51.5377
"2014-04-02:12 AM",48.349
"2014-04-03:12 AM",46.0771
"2014-04-04:12 AM",49.8576
"2014-04-05:12 AM",36.945
"2014-04-06:12 AM",40.0413
"2014-04-07:12 AM",44.6277
"2014-04-08:12 AM",45.4408
"2014-04-09:12 AM",44.919
"2014-04-10:12 AM",51.9807
"2014-04-11:12 AM",53.812
"2014-04-12:12 AM",55.8595
"2014-04-13:12 AM",64.2166
"2014-04-14:12 AM",59.578
"2014-04-15:12 AM",33.0708
"2014-04-16:12 AM",31.3776
"2014-04-17:12 AM",43.93
"2014-04-18:12 AM",52.0461
"2014-04-19:12 AM",48.7908
"2014-04-20:12 AM",52.104
"2014-04-21:12 AM",58.9849
"2014-04-22:12 AM",54.7707
"2014-04-23:12 AM",42.4429
"2014-04-24:12 AM",44.5489
"2014-04-25:12 AM",50.6647
"2014-04-26:12 AM",53.1174
"2014-04-27:12 AM",47.5462
"2014-04-28:12 AM",50.5047
"2014-04-29:12 AM",58.8528
"2014-04-30:12 AM",52.9725
"2014-05-01:12 AM",49.0775
"2014-05-02:12 AM",47.4328
"2014-05-03:12 AM",50.3841
"2014-05-04:12 AM",52.4815
"2014-05-05:12 AM",45.5328
"2014-05-06:12 AM",50.2149
"2014-05-07:12 AM",59.3665
"2014-05-08:12 AM",67.9851
"2014-05-09:12 AM",66.9558
"2014-05-10:12 AM",62.9535
"2014-05-11:12 AM",63.3031
"2014-05-12:12 AM",68.4923
"2014-05-13:12 AM",72.5439
"2014-05-14:12 AM",64.9279
"2014-05-15:12 AM",56.7957
"2014-05-16:12 AM",47.3842
"2014-05-17:12 AM",45.8722
"2014-05-18:12 AM",49.0026
"2014-05-19:12 AM",53.3354
"2014-05-20:12 AM",62.0213
"2014-05-21:12 AM",67.8481
"2014-05-22:12 AM",65.1434
"2014-05-23:12 AM",58.1178
"2014-05-24:12 AM",60.1277
"2014-05-25:12 AM",63.7383
"2014-05-26:12 AM",67.5952
"2014-05-27:12 AM",71.611
"2014-05-28:12 AM",69.7719
"2014-05-29:12 AM",65.9768
"2014-05-30:12 AM",63.5698
"2014-05-31:12 AM",66.3427
"2014-06-01:12 AM",68.9324
"2014-06-02:12 AM",70.6419
"2014-06-03:12 AM",71.2535
"2014-06-04:12 AM",64.6705
"2014-06-05:12 AM",61.9484
"2014-06-06:12 AM",62.9091
"2014-06-07:12 AM",66.2716
"2014-06-08:12 AM",64.7888
"2014-06-09:12 AM",63.3488
"2014-06-10:12 AM",64.3179
"2014-06-11:12 AM",68.2129
"2014-06-12:12 AM",68.0088
"2014-06-13:12 AM",65.5624
"2014-06-14:12 AM",60.4852
"2014-06-15:12 AM",65.5756
"2014-06-16:12 AM",73.3057
"2014-06-17:12 AM",76.2852
"2014-06-18:12 AM",77.9022
"2014-06-19:12 AM",71.7687
"2014-06-20:12 AM",70.6019
"2014-06-21:12 AM",69.1785
"2014-06-22:12 AM",69.4738
"2014-06-23:12 AM",74.8521
"2014-06-24:12 AM",74.1252
"2014-06-25:12 AM",71.4981
"2014-06-26:12 AM",71.1406
"2014-06-27:12 AM",72.9403
"2014-06-28:12 AM",74.7034
"2014-06-29:12 AM",74.3401
"2014-06-30:12 AM",76.5151
"2014-07-01:12 AM",77.7279
"2014-07-02:12 AM",73.3161
"2014-07-03:12 AM",66.7202
"2014-07-04:12 AM",63.3882
"2014-07-05:12 AM",64.4205
"2014-07-06:12 AM",68.4478
"2014-07-07:12 AM",73.9274
"2014-07-08:12 AM",72.4438
"2014-07-09:12 AM",70.223
"2014-07-10:12 AM",68.6435
"2014-07-11:12 AM",70.6357
"2014-07-12:12 AM",72.1949
"2014-07-13:12 AM",75.7346
"2014-07-14:12 AM",72.8737
"2014-07-15:12 AM",67.3203
"2014-07-16:12 AM",61.1004
"2014-07-17:12 AM",63.0995
"2014-07-18:12 AM",64.3617
"2014-07-19:12 AM",65.7637
"2014-07-20:12 AM",69.2321
"2014-07-21:12 AM",73.4675
"2014-07-22:12 AM",76.2048
"2014-07-23:12 AM",71.7962
"2014-07-24:12 AM",65.2006
"2014-07-25:12 AM",63.9081
"2014-07-26:12 AM",71.3734
"2014-07-27:12 AM",71.8898
"2014-07-28:12 AM",63.0194
"2014-07-29:12 AM",60.7645
"2014-07-30:12 AM",64.359
"2014-07-31:12 AM",66.8773
"2014-08-01:12 AM",70.516
"2014-08-02:12 AM",69.2285
"2014-08-03:12 AM",67.7372
"2014-08-04:12 AM",70.0684
"2014-08-05:12 AM",70.0934
"2014-08-06:12 AM",70.0761
"2014-08-07:12 AM",68.0094
"2014-08-08:12 AM",66.3663
"2014-08-09:12 AM",69.9409
"2014-08-10:12 AM",72.5463
"2014-08-11:12 AM",70.1974
"2014-08-12:12 AM",68.8176
"2014-08-13:12 AM",64.9663
"2014-08-14:12 AM",63.5785
"2014-08-15:12 AM",60.0238
"2014-08-16:12 AM",64.2142
"2014-08-17:12 AM",70.7544
"2014-08-18:12 AM",68.911
"2014-08-19:12 AM",72.9142
"2014-08-20:12 AM",73.7859
"2014-08-21:12 AM",72.4302
"2014-08-22:12 AM",74.9239
"2014-08-23:12 AM",74.1117
"2014-08-24:12 AM",73.0254
"2014-08-25:12 AM",72.9561
"2014-08-26:12 AM",74.8546
"2014-08-27:12 AM",73.8102
"2014-08-28:12 AM",67.2561
"2014-08-29:12 AM",68.497
"2014-08-30:12 AM",76.5837
"2014-08-31:12 AM",71.6527
"2014-09-01:12 AM",75.1685
"2014-09-02:12 AM",70.8215
"2014-09-03:12 AM",69.591
"2014-09-04:12 AM",72.1054
"2014-09-05:12 AM",77.1552
"2014-09-06:12 AM",69.7096
"2014-09-07:12 AM",61.5769
"2014-09-08:12 AM",64.0053
"2014-09-09:12 AM",67.9255
"2014-09-10:12 AM",72.7038
"2014-09-11:12 AM",63.8546
"2014-09-12:12 AM",57.6162
"2014-09-13:12 AM",55.2299
"2014-09-14:12 AM",51.3439
"2014-09-15:12 AM",54.6606
"2014-09-16:12 AM",55.4351
"2014-09-17:12 AM",53.7559
"2014-09-18:12 AM",56.35
"2014-09-19:12 AM",57.573
"2014-09-20:12 AM",67.0143
"2014-09-21:12 AM",66.4869
"2014-09-22:12 AM",51.499
"2014-09-23:12 AM",52.1629
"2014-09-24:12 AM",58.4933
"2014-09-25:12 AM",60.6969
"2014-09-26:12 AM",62.575
"2014-09-27:12 AM",62.6562
"2014-09-28:12 AM",62.2641
"2014-09-29:12 AM",63.8947
"2014-09-30:12 AM",59.2023
"2014-10-01:12 AM",57.2324
"2014-10-02:12 AM",64.9024
"2014-10-03:12 AM",65.3268
"2014-10-04:12 AM",45.3612
"2014-10-05:12 AM",46.3903
"2014-10-06:12 AM",52.9434
"2014-10-07:12 AM",54.8913
"2014-10-08:12 AM",54.2642
"2014-10-09:12 AM",50.5886
"2014-10-10:12 AM",50.5845
"2014-10-11:12 AM",49.537
"2014-10-12:12 AM",50.1147
"2014-10-13:12 AM",62.4934
"2014-10-14:12 AM",65.7282
"2014-10-15:12 AM",56.6865
"2014-10-16:12 AM",54.6102
"2014-10-17:12 AM",56.9953
"2014-10-18:12 AM",49.2647
"2014-10-19:12 AM",44.6596
"2014-10-20:12 AM",49.359
"2014-10-21:12 AM",48.8714
"2014-10-22:12 AM",46.2517
"2014-10-23:12 AM",46.2515
"2014-10-24:12 AM",48.128
"2014-10-25:12 AM",55.9594
"2014-10-26:12 AM",51.0622
"2014-10-27:12 AM",57.6041
"2014-10-28:12 AM",64.1154
"2014-10-29:12 AM",49.4717
"2014-10-30:12 AM",43.1352
"2014-10-31:12 AM",41.7051
"2014-11-01:12 AM",36.7259
"2014-11-02:12 AM",34.776
"2014-11-03:12 AM",43.5328
"2014-11-04:12 AM",52.2754
"2014-11-05:12 AM",49.4514
"2014-11-06:12 AM",47.2566
"2014-11-07:12 AM",37.3399
"2014-11-08:12 AM",39.949
"2014-11-09:12 AM",41.2961
"2014-11-10:12 AM",47.5423
"2014-11-11:12 AM",53.924
"2014-11-12:12 AM",37.517
"2014-11-13:12 AM",30.308
"2014-11-14:12 AM",26.2152
"2014-11-15:12 AM",26.2042
"2014-11-16:12 AM",31.3848
"2014-11-17:12 AM",27.0988
"2014-11-18:12 AM",13.8461
"2014-11-19:12 AM",22.2438
"2014-11-20:12 AM",22.257
"2014-11-21:12 AM",19.5886
"2014-11-22:12 AM",34.3035
"2014-11-23:12 AM",47.638
"2014-11-24:12 AM",51.2141
"2014-11-25:12 AM",35.863
"2014-11-26:12 AM",31.6173
"2014-11-27:12 AM",30.3532
"2014-11-28:12 AM",26.7958
"2014-11-29:12 AM",36.7088
"2014-11-30:12 AM",54.0475
"2014-12-01:12 AM",39.8152
"2014-12-02:12 AM",31.2132
"2014-12-03:12 AM",34.367
"2014-12-04:12 AM",31.2633
"2014-12-05:12 AM",35.9613
"2014-12-06:12 AM",38.2582
"2014-12-07:12 AM",32.338
"2014-12-08:12 AM",36.3357
"2014-12-09:12 AM",38.1349
"2014-12-10:12 AM",32.1885
"2014-12-11:12 AM",29.8929
"2014-12-12:12 AM",30.2569
"2014-12-13:12 AM",33.118
"2014-12-14:12 AM",41.214
"2014-12-15:12 AM",41.6633
"2014-12-16:12 AM",44.398
"2014-12-17:12 AM",33.2703
"2014-12-18:12 AM",28.5697
"2014-12-19:12 AM",27.5747
"2014-12-20:12 AM",27.7428
"2014-12-21:12 AM",27.3873
"2014-12-22:12 AM",33.2154
"2014-12-23:12 AM",43.995
"2014-12-24:12 AM",50.1564
"2014-12-25:12 AM",36.8179
"2014-12-26:12 AM",37.5489
"2014-12-27:12 AM",44.1556
"2014-12-28:12 AM",37.9467
"2014-12-29:12 AM",29.9728
"2014-12-30:12 AM",25.8249
"2014-12-31:12 AM",20.2944
"2015-01-01:12 AM",24.7789
"2015-01-02:12 AM",28.6657
"2015-01-03:12 AM",38.3034
"2015-01-04:12 AM",43.3049
"2015-01-05:12 AM",17.4256
"2015-01-06:12 AM",16.0275
"2015-01-07:12 AM",10.3753
"2015-01-08:12 AM",5.2338
"2015-01-09:12 AM",13.9359
"2015-01-10:12 AM",7.5016
"2015-01-11:12 AM",23.2203
"2015-01-12:12 AM",30.4324
"2015-01-13:12 AM",16.7583
"2015-01-14:12 AM",12.1737
"2015-01-15:12 AM",19.4738
"2015-01-16:12 AM",28.4079
"2015-01-17:12 AM",32.8312
"2015-01-18:12 AM",35.8826
"2015-01-19:12 AM",32.1548
"2015-01-20:12 AM",33.0206
"2015-01-21:12 AM",33.3216
"2015-01-22:12 AM",29.3605
"2015-01-23:12 AM",27.7016
"2015-01-24:12 AM",29.2302
"2015-01-25:12 AM",32.1219
"2015-01-26:12 AM",20.6431
"2015-01-27:12 AM",17.0852
"2015-01-28:12 AM",16.7617
"2015-01-29:12 AM",30.1932
"2015-01-30:12 AM",22.4058
"2015-01-31:12 AM",21.007
"2015-02-01:12 AM",30.7058
"2015-02-02:12 AM",20.1096
"2015-02-03:12 AM",18.7005
"2015-02-04:12 AM",30.5065
"2015-02-05:12 AM",13.6591
"2015-02-06:12 AM",17.8264
"2015-02-07:12 AM",31.5399
"2015-02-08:12 AM",41.1309
"2015-02-09:12 AM",27.838
"2015-02-10:12 AM",22.3158
"2015-02-11:12 AM",28.395
"2015-02-12:12 AM",20.799
"2015-02-13:12 AM",12.6725
"2015-02-14:12 AM",19.3008
"2015-02-15:12 AM",3.2295
"2015-02-16:12 AM",4.6747
"2015-02-17:12 AM",8.6844
"2015-02-18:12 AM",12.9497
"2015-02-19:12 AM",2.8996
"2015-02-20:12 AM",1.3381
"2015-02-21:12 AM",22.8281
"2015-02-22:12 AM",21.0587
"2015-02-23:12 AM",5.0043
"2015-02-24:12 AM",7.0849
"2015-02-25:12 AM",22.0995
"2015-02-26:12 AM",15.856
"2015-02-27:12 AM",6.0386
"2015-02-28:12 AM",8.8644
"2015-03-01:12 AM",26.3172
"2015-03-02:12 AM",20.5853
"2015-03-03:12 AM",27.9468
"2015-03-04:12 AM",32.1084
"2015-03-05:12 AM",15.8752
"2015-03-06:12 AM",7.8942
"2015-03-07:12 AM",26.5852
"2015-03-08:12 AM",34.689
"2015-03-09:12 AM",37.1874
"2015-03-10:12 AM",41.0169
"2015-03-11:12 AM",41.3172
"2015-03-12:12 AM",38.2275
"2015-03-13:12 AM",42.334
"2015-03-14:12 AM",46.4295
"2015-03-15:12 AM",40.327
"2015-03-16:12 AM",50.4057
"2015-03-17:12 AM",44.8372
"2015-03-18:12 AM",33.1707
"2015-03-19:12 AM",36.3447
"2015-03-20:12 AM",39.4803
"2015-03-21:12 AM",43.6788
"2015-03-22:12 AM",34.1123
"2015-03-23:12 AM",29.3175
"2015-03-24:12 AM",31.7959
"2015-03-25:12 AM",44.4522
"2015-03-26:12 AM",41.5036
"2015-03-27:12 AM",30.6212
"2015-03-28:12 AM",23.5884
"2015-03-29:12 AM",30.5559
"2015-03-30:12 AM",40.8803
"2015-03-31:12 AM",42.5883
"2015-04-01:12 AM",42.031
"2015-04-02:12 AM",54.2476
"2015-04-03:12 AM",52.8179
"2015-04-04:12 AM",38.3281
"2015-04-05:12 AM",44.6486
"2015-04-06:12 AM",48.9245
"2015-04-07:12 AM",52.7545
"2015-04-08:12 AM",55.0207
"2015-04-09:12 AM",61.6221
"2015-04-10:12 AM",55.9909
"2015-04-11:12 AM",44.9283
"2015-04-12:12 AM",49.723
"2015-04-13:12 AM",58.9302
"2015-04-14:12 AM",51.3441
"2015-04-15:12 AM",49.6386
"2015-04-16:12 AM",52.8507
"2015-04-17:12 AM",57.3638
"2015-04-18:12 AM",59.3202
"2015-04-19:12 AM",56.2948
"2015-04-20:12 AM",54.9403
"2015-04-21:12 AM",46.2281
"2015-04-22:12 AM",41.3119
"2015-04-23:12 AM",38.3981
"2015-04-24:12 AM",40.9015
"2015-04-25:12 AM",42.0782
"2015-04-26:12 AM",43.4905
"2015-04-27:12 AM",42.8038
"2015-04-28:12 AM",45.4381
"2015-04-29:12 AM",50.4117
"2015-04-30:12 AM",49.4449
"2015-05-01:12 AM",52.9129
"2015-05-02:12 AM",56.8026
"2015-05-03:12 AM",61.101
"2015-05-04:12 AM",63.5378
"2015-05-05:12 AM",63.3967
"2015-05-06:12 AM",64.7245
"2015-05-07:12 AM",68.5836
"2015-05-08:12 AM",71.0382
"2015-05-09:12 AM",70.6179
"2015-05-10:12 AM",70.7783
"2015-05-11:12 AM",71.3784
"2015-05-12:12 AM",58.7395
"2015-05-13:12 AM",50.5011
"2015-05-14:12 AM",51.5016
"2015-05-15:12 AM",63.5927
"2015-05-16:12 AM",68.1422
"2015-05-17:12 AM",68.7787
"2015-05-18:12 AM",70.8615
"2015-05-19:12 AM",59.6152
"2015-05-20:12 AM",49.8861
"2015-05-21:12 AM",51.48
"2015-05-22:12 AM",54.9721
"2015-05-23:12 AM",58.4859
"2015-05-24:12 AM",65.6209
"2015-05-25:12 AM",69.4324
"2015-05-26:12 AM",70.7738
"2015-05-27:12 AM",70.7331
"2015-05-28:12 AM",69.1095
"2015-05-29:12 AM",70.7405
"2015-05-30:12 AM",72.0752
"2015-05-31:12 AM",60.6646
"2015-06-01:12 AM",51.6668
"2015-06-02:12 AM",55.7472
"2015-06-03:12 AM",61.9714
"2015-06-04:12 AM",67.7395
"2015-06-05:12 AM",69.3144
"2015-06-06:12 AM",64.11
"2015-06-07:12 AM",68.5231
"2015-06-08:12 AM",70.6397
"2015-06-09:12 AM",67.2733
"2015-06-10:12 AM",71.8471
"2015-06-11:12 AM",74.9399
"2015-06-12:12 AM",76.0644
"2015-06-13:12 AM",74.7471
"2015-06-14:12 AM",75.5575
"2015-06-15:12 AM",74.8049
"2015-06-16:12 AM",73.7879
"2015-06-17:12 AM",66.2398
"2015-06-18:12 AM",73.4263
"2015-06-19:12 AM",68.1589
"2015-06-20:12 AM",67.8997
"2015-06-21:12 AM",71.7107
"2015-06-22:12 AM",73.8561
"2015-06-23:12 AM",74.9041
"2015-06-24:12 AM",68.2302
"2015-06-25:12 AM",66.2846
"2015-06-26:12 AM",67.8825
"2015-06-27:12 AM",63.5029
"2015-06-28:12 AM",62.1491
"2015-06-29:12 AM",61.5249
"2015-06-30:12 AM",67.0158
"2015-07-01:12 AM",66.0924
"2015-07-02:12 AM",66.5233
"2015-07-03:12 AM",65.2595
"2015-07-04:12 AM",66.7663
"2015-07-05:12 AM",67.249
"2015-07-06:12 AM",70.8822
"2015-07-07:12 AM",72.0914
"2015-07-08:12 AM",64.9468
"2015-07-09:12 AM",68.2403
"2015-07-10:12 AM",67.4269
"2015-07-11:12 AM",68.4534
"2015-07-12:12 AM",67.3682
"2015-07-13:12 AM",72.012
"2015-07-14:12 AM",71.6311
"2015-07-15:12 AM",67.3741
"2015-07-16:12 AM",65.6317
"2015-07-17:12 AM",73.053
"2015-07-18:12 AM",77.7504
"2015-07-19:12 AM",78.1484
"2015-07-20:12 AM",74.3954
"2015-07-21:12 AM",72.9007
"2015-07-22:12 AM",67.285
"2015-07-23:12 AM",68.2981
"2015-07-24:12 AM",71.01
"2015-07-25:12 AM",72.3731
"2015-07-26:12 AM",74.7126
"2015-07-27:12 AM",74.2291
"2015-07-28:12 AM",76.4847
"2015-07-29:12 AM",78.219
"2015-07-30:12 AM",73.2729
"2015-07-31:12 AM",72.3052
"2015-08-01:12 AM",70.2293
"2015-08-02:12 AM",72.3709
"2015-08-03:12 AM",73.702
"2015-08-04:12 AM",69.5057
"2015-08-05:12 AM",68.686
"2015-08-06:12 AM",64.3555
"2015-08-07:12 AM",67.361
"2015-08-08:12 AM",70.0039
"2015-08-09:12 AM",72.2703
"2015-08-10:12 AM",71.8455
"2015-08-11:12 AM",71.1185
"2015-08-12:12 AM",65.6647
"2015-08-13:12 AM",65.545
"2015-08-14:12 AM",69.8729
"2015-08-15:12 AM",71.3574
"2015-08-16:12 AM",72.0331
"2015-08-17:12 AM",73.4745
"2015-08-18:12 AM",72.0194
"2015-08-19:12 AM",74.7727
"2015-08-20:12 AM",69.2958
"2015-08-21:12 AM",63.9322
"2015-08-22:12 AM",64.017
"2015-08-23:12 AM",68.5569
"2015-08-24:12 AM",66.1289
"2015-08-25:12 AM",60.8841
"2015-08-26:12 AM",61.4464
"2015-08-27:12 AM",61.5036
"2015-08-28:12 AM",63.8353
"2015-08-29:12 AM",69.1565
"2015-08-30:12 AM",72.4174
"2015-08-31:12 AM",72.5698
"2015-09-01:12 AM",73.6255
"2015-09-02:12 AM",74.7943
"2015-09-03:12 AM",75.223
"2015-09-04:12 AM",74.1902
"2015-09-05:12 AM",73.1655
"2015-09-06:12 AM",74.0505
"2015-09-07:12 AM",75.3982
"2015-09-08:12 AM",76.3651
"2015-09-09:12 AM",72.3992
"2015-09-10:12 AM",66.8822
"2015-09-11:12 AM",63.7547
"2015-09-12:12 AM",57.3166
"2015-09-13:12 AM",54.3891
"2015-09-14:12 AM",58.0165
"2015-09-15:12 AM",62.5321
"2015-09-16:12 AM",63.7549
"2015-09-17:12 AM",64.5168
"2015-09-18:12 AM",67.6854
"2015-09-19:12 AM",68.0491
"2015-09-20:12 AM",58.7984
"2015-09-21:12 AM",58.3007
"2015-09-22:12 AM",60.0829
"2015-09-23:12 AM",63.2959
"2015-09-24:12 AM",64.5202
"2015-09-25:12 AM",64.8903
"2015-09-26:12 AM",64.0632
"2015-09-27:12 AM",64.9339
"2015-09-28:12 AM",69.4303
"2015-09-29:12 AM",67.5457
"2015-09-30:12 AM",59.704
"2015-10-01:12 AM",55.3203
"2015-10-02:12 AM",52.1917
"2015-10-03:12 AM",47.1277
"2015-10-04:12 AM",57.6399
"2015-10-05:12 AM",59.607
"2015-10-06:12 AM",60.3925
"2015-10-07:12 AM",60.8787
"2015-10-08:12 AM",62.6171
"2015-10-09:12 AM",62.2794
"2015-10-10:12 AM",52.8465
"2015-10-11:12 AM",55.2528
"2015-10-12:12 AM",60.9546
"2015-10-13:12 AM",58.2328
"2015-10-14:12 AM",51.9332
"2015-10-15:12 AM",51.9294
"2015-10-16:12 AM",48.9141
"2015-10-17:12 AM",41.1219
"2015-10-18:12 AM",38.6722
"2015-10-19:12 AM",45.7988
"2015-10-20:12 AM",56.9624
"2015-10-21:12 AM",58.1603
"2015-10-22:12 AM",60.5548
"2015-10-23:12 AM",55.7056
"2015-10-24:12 AM",61.1389
"2015-10-25:12 AM",53.1174
"2015-10-26:12 AM",48.7722
"2015-10-27:12 AM",48.8023
"2015-10-28:12 AM",57.2594
"2015-10-29:12 AM",47.4006
"2015-10-30:12 AM",43.2055
"2015-10-31:12 AM",46.5057
"2015-11-01:12 AM",54.9365
"2015-11-02:12 AM",53.13
"2015-11-03:12 AM",56.2926
"2015-11-04:12 AM",61.1046
"2015-11-05:12 AM",64.9549
"2015-11-06:12 AM",63.2026
"2015-11-07:12 AM",48.6129
"2015-11-08:12 AM",41.0153
"2015-11-09:12 AM",43.4356
"2015-11-10:12 AM",47.5835
"2015-11-11:12 AM",45.3537
"2015-11-12:12 AM",49.224
"2015-11-13:12 AM",42.0134
"2015-11-14:12 AM",39.0582
"2015-11-15:12 AM",46.9031
"2015-11-16:12 AM",48.3202
"2015-11-17:12 AM",52.1269
"2015-11-18:12 AM",59.0284
"2015-11-19:12 AM",52.8035
"2015-11-20:12 AM",38.3346
"2015-11-21:12 AM",40.0217
"2015-11-22:12 AM",30.664
"2015-11-23:12 AM",30.7159
"2015-11-24:12 AM",36.9687
"2015-11-25:12 AM",42.7494
"2015-11-26:12 AM",50.3391
"2015-11-27:12 AM",54.4365
"2015-11-28:12 AM",44.4765
"2015-11-29:12 AM",38.0788
"2015-11-30:12 AM",38.7702
"2015-12-01:12 AM",47.9899
"2015-12-02:12 AM",41.2221
"2015-12-03:12 AM",35.0879
"2015-12-04:12 AM",33.683
"2015-12-05:12 AM",33.8131
"2015-12-06:12 AM",36.1292
"2015-12-07:12 AM",38.4382
"2015-12-08:12 AM",40.9456
"2015-12-09:12 AM",45.8953
"2015-12-10:12 AM",47.8488
"2015-12-11:12 AM",53.2468
"2015-12-12:12 AM",61.0655
"2015-12-13:12 AM",60.775
"2015-12-14:12 AM",56.5259
"2015-12-15:12 AM",45.0331
"2015-12-16:12 AM",47.3063
"2015-12-17:12 AM",42.4936
"2015-12-18:12 AM",30.501
"2015-12-19:12 AM",28.3613
"2015-12-20:12 AM",32.6671
"2015-12-21:12 AM",44.0695
"2015-12-22:12 AM",52.0858
"2015-12-23:12 AM",56.8591
"2015-12-24:12 AM",51.8331
"2015-12-25:12 AM",47.5254
"2015-12-26:12 AM",47.2287
"2015-12-27:12 AM",50.4635
"2015-12-28:12 AM",38.0995
"2015-12-29:12 AM",44.4414
"2015-12-30:12 AM",36.9898
"2015-12-31:12 AM",32.4577
"2016-01-01:12 AM",29.043
"2016-01-02:12 AM",29.8823
"2016-01-03:12 AM",31.8169
"2016-01-04:12 AM",25.7841
"2016-01-05:12 AM",20.5813
"2016-01-06:12 AM",26.722
"2016-01-07:12 AM",31.4195
"2016-01-08:12 AM",36.5605
"2016-01-09:12 AM",45.7837
"2016-01-10:12 AM",33.9975
"2016-01-11:12 AM",15.2443
"2016-01-12:12 AM",22.2701
"2016-01-13:12 AM",12.4171
"2016-01-14:12 AM",30.6068
"2016-01-15:12 AM",38.6978
"2016-01-16:12 AM",32.5765
"2016-01-17:12 AM",23.5927
"2016-01-18:12 AM",8.5795
"2016-01-19:12 AM",10.1831
"2016-01-20:12 AM",15.1524
"2016-01-21:12 AM",16.9209
"2016-01-22:12 AM",20.9998
"2016-01-23:12 AM",22.3072
"2016-01-24:12 AM",20.7109
"2016-01-25:12 AM",30.1505
"2016-01-26:12 AM",36.172
"2016-01-27:12 AM",28.4551
"2016-01-28:12 AM",31.1949
"2016-01-29:12 AM",28.3901
"2016-01-30:12 AM",37.2958
"2016-01-31:12 AM",49.4577
"2016-02-01:12 AM",42.2283
"2016-02-02:12 AM",39.8853
"2016-02-03:12 AM",49.761
"2016-02-04:12 AM",32.0601
"2016-02-05:12 AM",29.215
"2016-02-06:12 AM",30.5771
"2016-02-07:12 AM",36.6174
"2016-02-08:12 AM",35.0634
"2016-02-09:12 AM",27.7025
"2016-02-10:12 AM",19.5179
"2016-02-11:12 AM",14.61
"2016-02-12:12 AM",17.229
"2016-02-13:12 AM",11.7077
"2016-02-14:12 AM",11.9028
"2016-02-15:12 AM",25.8912
"2016-02-16:12 AM",30.198
"2016-02-17:12 AM",29.0287
"2016-02-18:12 AM",26.4762
"2016-02-19:12 AM",40.2674
"2016-02-20:12 AM",49.4163
"2016-02-21:12 AM",44.3507
"2016-02-22:12 AM",35.676
"2016-02-23:12 AM",37.4641
"2016-02-24:12 AM",41.9308
"2016-02-25:12 AM",31.678
"2016-02-26:12 AM",26.4578
"2016-02-27:12 AM",32.0322
"2016-02-28:12 AM",44.865
"2016-02-29:12 AM",42.4555
"2016-03-01:12 AM",40.7136
"2016-03-02:12 AM",27.1101
"2016-03-03:12 AM",29.1191
"2016-03-04:12 AM",30.7287
"2016-03-05:12 AM",32.4226
"2016-03-06:12 AM",33.129
"2016-03-07:12 AM",45.6152
"2016-03-08:12 AM",55.2605
"2016-03-09:12 AM",59.2374
"2016-03-10:12 AM",56.5207
"2016-03-11:12 AM",45.3308
"2016-03-12:12 AM",46.6056
"2016-03-13:12 AM",52.4314
"2016-03-14:12 AM",57.1122
"2016-03-15:12 AM",54.3841
"2016-03-16:12 AM",54.2149
"2016-03-17:12 AM",47.4615
"2016-03-18:12 AM",42.865
"2016-03-19:12 AM",35.6054
"2016-03-20:12 AM",33.1898
"2016-03-21:12 AM",34.1488
"2016-03-22:12 AM",44.0249
"2016-03-23:12 AM",51.0636
"2016-03-24:12 AM",56.7783
"2016-03-25:12 AM",39.5924
"2016-03-26:12 AM",38.6643
"2016-03-27:12 AM",52.1287
"2016-03-28:12 AM",45.9702
"2016-03-29:12 AM",40.8054
"2016-03-30:12 AM",47.6004
"2016-03-31:12 AM",57.9531
"2016-04-01:12 AM",50.1102
"2016-04-02:12 AM",38.6607
"2016-04-03:12 AM",34.8825
"2016-04-04:12 AM",40.5284
"2016-04-05:12 AM",30.1948
"2016-04-06:12 AM",43.0119
"2016-04-07:12 AM",41.1651
"2016-04-08:12 AM",34.851
"2016-04-09:12 AM",29.5939
"2016-04-10:12 AM",35.2949
"2016-04-11:12 AM",49.7343
"2016-04-12:12 AM",38.5189
"2016-04-13:12 AM",39.9319
"2016-04-14:12 AM",44.056
"2016-04-15:12 AM",51.6704
"2016-04-16:12 AM",55.9643
"2016-04-17:12 AM",58.6029
"2016-04-18:12 AM",60.715
"2016-04-19:12 AM",58.2561
"2016-04-20:12 AM",56.1922
"2016-04-21:12 AM",59.9283
"2016-04-22:12 AM",57.661
"2016-04-23:12 AM",47.768
"2016-04-24:12 AM",50.5585
"2016-04-25:12 AM",60.6112
"2016-04-26:12 AM",61.2432
"2016-04-27:12 AM",49.0577
"2016-04-28:12 AM",51.8081
"2016-04-29:12 AM",50.02
"2016-04-30:12 AM",48.4963
"2016-05-01:12 AM",59.1427
"2016-05-02:12 AM",54.0066
"2016-05-03:12 AM",50.0011
"2016-05-04:12 AM",49.9158
"2016-05-05:12 AM",47.9266
"2016-05-06:12 AM",53.7343
"2016-05-07:12 AM",58.5045
"2016-05-08:12 AM",53.0794
"2016-05-09:12 AM",51.4812
"2016-05-10:12 AM",56.3335
"2016-05-11:12 AM",62.1163
"2016-05-12:12 AM",65.6784
"2016-05-13:12 AM",58.8121
"2016-05-14:12 AM",48.5627
"2016-05-15:12 AM",43.2207
"2016-05-16:12 AM",47.2039
"2016-05-17:12 AM",51.5748
"2016-05-18:12 AM",53.4898
"2016-05-19:12 AM",54.2957
"2016-05-20:12 AM",56.8193
"2016-05-21:12 AM",57.0423
"2016-05-22:12 AM",58.2489
"2016-05-23:12 AM",59.6343
"2016-05-24:12 AM",64.2009
"2016-05-25:12 AM",67.7181
"2016-05-26:12 AM",70.7196
"2016-05-27:12 AM",71.7742
"2016-05-28:12 AM",73.2915
"2016-05-29:12 AM",72.3333
"2016-05-30:12 AM",70.7583
"2016-05-31:12 AM",71.3278
"2016-06-01:12 AM",72.0424
"2016-06-02:12 AM",71.4922
"2016-06-03:12 AM",70.6491
"2016-06-04:12 AM",67.28
"2016-06-05:12 AM",68.7517
"2016-06-06:12 AM",68.8707
"2016-06-07:12 AM",63.2039
"2016-06-08:12 AM",58.5106
"2016-06-09:12 AM",61.4318
"2016-06-10:12 AM",69.6178
"2016-06-11:12 AM",76.546
"2016-06-12:12 AM",72.4482
"2016-06-13:12 AM",64.5537
"2016-06-14:12 AM",68.1514
"2016-06-15:12 AM",74.0759
"2016-06-16:12 AM",71.8732
"2016-06-17:12 AM",71.2087
"2016-06-18:12 AM",72.7146
"2016-06-19:12 AM",73.6849
"2016-06-20:12 AM",77.6367
"2016-06-21:12 AM",74.9968
"2016-06-22:12 AM",68.4939
"2016-06-23:12 AM",72.3205
"2016-06-24:12 AM",70.8325
"2016-06-25:12 AM",72.4251
"2016-06-26:12 AM",76.2307
"2016-06-27:12 AM",76.4006
"2016-06-28:12 AM",69.6884
"2016-06-29:12 AM",65.2077
"2016-06-30:12 AM",67.1929
"2016-07-01:12 AM",69.3223
"2016-07-02:12 AM",65.2244
"2016-07-03:12 AM",64.3575
"2016-07-04:12 AM",66.9085
"2016-07-05:12 AM",74.0343
"2016-07-06:12 AM",74.9149
"2016-07-07:12 AM",77.0754
"2016-07-08:12 AM",77.6363
"2016-07-09:12 AM",72.2863
"2016-07-10:12 AM",72.6375
"2016-07-11:12 AM",74.6454
"2016-07-12:12 AM",77.3263
"2016-07-13:12 AM",79.2358
"2016-07-14:12 AM",76.755
"2016-07-15:12 AM",75.3899
"2016-07-16:12 AM",71.6193
"2016-07-17:12 AM",73.0627
"2016-07-18:12 AM",75.823
"2016-07-19:12 AM",74.7918
"2016-07-20:12 AM",74.8476
"2016-07-21:12 AM",77.7954
"2016-07-22:12 AM",80.519
"2016-07-23:12 AM",80.6261
"2016-07-24:12 AM",80.5906
"2016-07-25:12 AM",82.1581
"2016-07-26:12 AM",78.3122
"2016-07-27:12 AM",78.5044
"2016-07-28:12 AM",74.4076
"2016-07-29:12 AM",74.8405
"2016-07-30:12 AM",74.9863
"2016-07-31:12 AM",75.0915
"2016-08-01:12 AM",76.1212
"2016-08-02:12 AM",76.5743
"2016-08-03:12 AM",76.9815
"2016-08-04:12 AM",78.0181
"2016-08-05:12 AM",79.6149
"2016-08-06:12 AM",76.7005
"2016-08-07:12 AM",73.5091
"2016-08-08:12 AM",73.6624
"2016-08-09:12 AM",77.4178
"2016-08-10:12 AM",79.9518
"2016-08-11:12 AM",80.7006
"2016-08-12:12 AM",83.5106
"2016-08-13:12 AM",81.5599
"2016-08-14:12 AM",74.809
"2016-08-15:12 AM",73.4706
"2016-08-16:12 AM",75.1771
"2016-08-17:12 AM",73.4916
"2016-08-18:12 AM",74.2996
"2016-08-19:12 AM",74.0001
"2016-08-20:12 AM",75.0652
"2016-08-21:12 AM",71.4393
"2016-08-22:12 AM",65.493
"2016-08-23:12 AM",66.6369
"2016-08-24:12 AM",73.0132
"2016-08-25:12 AM",79.3954
"2016-08-26:12 AM",77.2281
"2016-08-27:12 AM",78.1659
"2016-08-28:12 AM",79.1724
"2016-08-29:12 AM",76.1547
"2016-08-30:12 AM",73.4657
"2016-08-31:12 AM",71.5622
"2016-09-01:12 AM",67.4884
"2016-09-02:12 AM",65.6964
"2016-09-03:12 AM",65.2968
"2016-09-04:12 AM",66.4137
"2016-09-05:12 AM",70.354
"2016-09-06:12 AM",76.7291
"2016-09-07:12 AM",80.2897
"2016-09-08:12 AM",77.9794
"2016-09-09:12 AM",76.163
"2016-09-10:12 AM",75.1939
"2016-09-11:12 AM",63.4089
"2016-09-12:12 AM",63.2307
"2016-09-13:12 AM",67.0069
"2016-09-14:12 AM",67.9721
"2016-09-15:12 AM",66.1129
"2016-09-16:12 AM",68.776
"2016-09-17:12 AM",72.2073
"2016-09-18:12 AM",70.1379
"2016-09-19:12 AM",68.2788
"2016-09-20:12 AM",68.4356
"2016-09-21:12 AM",70.295
"2016-09-22:12 AM",70.878
"2016-09-23:12 AM",72.8821
"2016-09-24:12 AM",68.731
"2016-09-25:12 AM",64.6302
"2016-09-26:12 AM",64.7424
"2016-09-27:12 AM",59.5258
"2016-09-28:12 AM",58.1297
"2016-09-29:12 AM",58.8312
"2016-09-30:12 AM",60.2222
"2016-10-01:12 AM",59.1174
"2016-10-02:12 AM",58.1054
"2016-10-03:12 AM",59.4568
"2016-10-04:12 AM",63.1985
"2016-10-05:12 AM",66.2812
"2016-10-06:12 AM",67.1182
"2016-10-07:12 AM",65.3166
"2016-10-08:12 AM",58.3491
"2016-10-09:12 AM",51.4888
"2016-10-10:12 AM",50.1249
"2016-10-11:12 AM",54.5304
"2016-10-12:12 AM",61.8638
"2016-10-13:12 AM",55.65
"2016-10-14:12 AM",49.6296
"2016-10-15:12 AM",59.374
"2016-10-16:12 AM",67.4749
"2016-10-17:12 AM",71.3921
"2016-10-18:12 AM",72.5378
"2016-10-19:12 AM",67.3068
"2016-10-20:12 AM",61.4451
"2016-10-21:12 AM",50.6093
"2016-10-22:12 AM",44.7771
"2016-10-23:12 AM",53.4492
"2016-10-24:12 AM",51.6729
"2016-10-25:12 AM",45.6327
"2016-10-26:12 AM",45.2145
"2016-10-27:12 AM",51.0676
"2016-10-28:12 AM",47.5596
"2016-10-29:12 AM",61.6903
"2016-10-30:12 AM",60.0541
"2016-10-31:12 AM",49.4672
"2016-11-01:12 AM",61.8645
"2016-11-02:12 AM",66.6779
"2016-11-03:12 AM",60.5453
"2016-11-04:12 AM",49.3686
"2016-11-05:12 AM",47.2249
"2016-11-06:12 AM",50.5236
"2016-11-07:12 AM",53.1734
"2016-11-08:12 AM",53.2189
"2016-11-09:12 AM",46.5768
"2016-11-10:12 AM",45.9747
"2016-11-11:12 AM",46.7695
"2016-11-12:12 AM",37.6785
"2016-11-13:12 AM",40.1324
"2016-11-14:12 AM",42.5232
"2016-11-15:12 AM",45.9666
"2016-11-16:12 AM",48.0445
"2016-11-17:12 AM",50.5263
"2016-11-18:12 AM",59.6856
"2016-11-19:12 AM",43.4876
"2016-11-20:12 AM",31.4519
"2016-11-21:12 AM",29.7478
"2016-11-22:12 AM",29.797
"2016-11-23:12 AM",33.8509
"2016-11-24:12 AM",44.7906
"2016-11-25:12 AM",39.7958
"2016-11-26:12 AM",38.1535
"2016-11-27:12 AM",37.5849
"2016-11-28:12 AM",44.6067
"2016-11-29:12 AM",52.5801
"2016-11-30:12 AM",52.1557
"2016-12-01:12 AM",38.1596
"2016-12-02:12 AM",35.8765
"2016-12-03:12 AM",33.7854
"2016-12-04:12 AM",35.5084
"2016-12-05:12 AM",36.9997
"2016-12-06:12 AM",36.6539
"2016-12-07:12 AM",32.3344
"2016-12-08:12 AM",27.1666
"2016-12-09:12 AM",23.8501
"2016-12-10:12 AM",22.4836
"2016-12-11:12 AM",27.8443
"2016-12-12:12 AM",32.5722
"2016-12-13:12 AM",28.11
"2016-12-14:12 AM",19.2988
"2016-12-15:12 AM",10.7571
"2016-12-16:12 AM",13.7073
"2016-12-17:12 AM",35.4261
"2016-12-18:12 AM",26.1442
"2016-12-19:12 AM",14.6179
"2016-12-20:12 AM",21.5931
"2016-12-21:12 AM",27.6312
"2016-12-22:12 AM",32.4824
"2016-12-23:12 AM",31.9059
"2016-12-24:12 AM",37.7413
"2016-12-25:12 AM",36.1216
"2016-12-26:12 AM",51.8907
"2016-12-27:12 AM",38.0714
"2016-12-28:12 AM",32.5839
"2016-12-29:12 AM",34.7047
"2016-12-30:12 AM",29.2035
"2016-12-31:12 AM",35.1297
"2017-01-01:12 AM",33.6081
"2017-01-02:12 AM",40.658
"2017-01-03:12 AM",46.5251
"2017-01-04:12 AM",29.7118
"2017-01-05:12 AM",19.4673
"2017-01-06:12 AM",11.5738
"2017-01-07:12 AM",9.529
"2017-01-08:12 AM",11.959
"2017-01-09:12 AM",19.4092
"2017-01-10:12 AM",36.075
"2017-01-11:12 AM",42.0858
"2017-01-12:12 AM",51.3894
"2017-01-13:12 AM",30.7195
"2017-01-14:12 AM",29.9975
"2017-01-15:12 AM",28.9243
"2017-01-16:12 AM",33.8997
"2017-01-17:12 AM",47.7752
"2017-01-18:12 AM",38.631
"2017-01-19:12 AM",37.0418
"2017-01-20:12 AM",45.1648
"2017-01-21:12 AM",51.9742
"2017-01-22:12 AM",51.1626
"2017-01-23:12 AM",45.1773
"2017-01-24:12 AM",39.1964
"2017-01-25:12 AM",40.8956
"2017-01-26:12 AM",35.3721
"2017-01-27:12 AM",30.2979
"2017-01-28:12 AM",28.2184
"2017-01-29:12 AM",27.4282
"2017-01-30:12 AM",24.3032
"2017-01-31:12 AM",33.9751
"2017-02-01:12 AM",34.4021
"2017-02-02:12 AM",27.5088
"2017-02-03:12 AM",23.0356
"2017-02-04:12 AM",23.3674
"2017-02-05:12 AM",33.8796
"2017-02-06:12 AM",37.2313
"2017-02-07:12 AM",53.2557
"2017-02-08:12 AM",39.7238
"2017-02-09:12 AM",22.941
"2017-02-10:12 AM",24.6153
"2017-02-11:12 AM",43.9423
"2017-02-12:12 AM",44.8162
"2017-02-13:12 AM",32.3798
"2017-02-14:12 AM",37.6489
"2017-02-15:12 AM",33.4449
"2017-02-16:12 AM",28.1764
"2017-02-17:12 AM",38.8524
"2017-02-18:12 AM",49.1223
"2017-02-19:12 AM",48.4304
"2017-02-20:12 AM",45.9403
"2017-02-21:12 AM",52.3269
"2017-02-22:12 AM",54.6694
"2017-02-23:12 AM",57.042
"2017-02-24:12 AM",60.1961
"2017-02-25:12 AM",40.2033
"2017-02-26:12 AM",31.4299
"2017-02-27:12 AM",38.3902
"2017-02-28:12 AM",46.3071
"2017-03-01:12 AM",55.2436
"2017-03-02:12 AM",32.2833
"2017-03-03:12 AM",27.5576
"2017-03-04:12 AM",26.1505
"2017-03-05:12 AM",33.697
"2017-03-06:12 AM",47.6024
"2017-03-07:12 AM",52.9014
"2017-03-08:12 AM",42.5383
"2017-03-09:12 AM",41.8698
"2017-03-10:12 AM",30.9427
"2017-03-11:12 AM",22.444
"2017-03-12:12 AM",23.7049
"2017-03-13:12 AM",26.9105
"2017-03-14:12 AM",22.9654
"2017-03-15:12 AM",21.1921
"2017-03-16:12 AM",25.8769
"2017-03-17:12 AM",30.0576
"2017-03-18:12 AM",36.5886
"2017-03-19:12 AM",35.3309
"2017-03-20:12 AM",38.6361
"2017-03-21:12 AM",43.5718
"2017-03-22:12 AM",30.4732
"2017-03-23:12 AM",33.2411
"2017-03-24:12 AM",52.3121
"2017-03-25:12 AM",58.5828
"2017-03-26:12 AM",56.662
"2017-03-27:12 AM",54.9014
"2017-03-28:12 AM",51.2028
"2017-03-29:12 AM",45.0716
"2017-03-30:12 AM",51.0247
"2017-03-31:12 AM",52.2952
"2017-04-01:12 AM",40.231
"2017-04-02:12 AM",43.6312
"2017-04-03:12 AM",53.9976
"2017-04-04:12 AM",53.5573
"2017-04-05:12 AM",51.1509
"2017-04-06:12 AM",44.5667
"2017-04-07:12 AM",36.0203
"2017-04-08:12 AM",40.8538
"2017-04-09:12 AM",52.6831
"2017-04-10:12 AM",61.5146
"2017-04-11:12 AM",59.2984
"2017-04-12:12 AM",50.8656
"2017-04-13:12 AM",51.1956
"2017-04-14:12 AM",56.2912
"2017-04-15:12 AM",64.6378
"2017-04-16:12 AM",64.1669
"2017-04-17:12 AM",57.3222
"2017-04-18:12 AM",55.9962
"2017-04-19:12 AM",63.5844
"2017-04-20:12 AM",65.7648
"2017-04-21:12 AM",54.8056
"2017-04-22:12 AM",46.5053
"2017-04-23:12 AM",49.768
"2017-04-24:12 AM",53.6621
"2017-04-25:12 AM",57.9119
"2017-04-26:12 AM",64.1845
"2017-04-27:12 AM",63.2354
"2017-04-28:12 AM",55.7503
"2017-04-29:12 AM",59.171
"2017-04-30:12 AM",64.3698
"2017-05-01:12 AM",60.9571
"2017-05-02:12 AM",49.2114
"2017-05-03:12 AM",47.622
"2017-05-04:12 AM",50.5195
"2017-05-05:12 AM",48.668
"2017-05-06:12 AM",46.2268
"2017-05-07:12 AM",45.2046
"2017-05-08:12 AM",44.1685
"2017-05-09:12 AM",48.2697
"2017-05-10:12 AM",57.6138
"2017-05-11:12 AM",57.0623
"2017-05-12:12 AM",54.5738
"2017-05-13:12 AM",55.7137
"2017-05-14:12 AM",61.486
"2017-05-15:12 AM",58.2604
"2017-05-16:12 AM",66.6212
"2017-05-17:12 AM",71.7521
"2017-05-18:12 AM",73.9954
"2017-05-19:12 AM",66.1294
"2017-05-20:12 AM",62.2452
"2017-05-21:12 AM",66.8448
"2017-05-22:12 AM",59.1823
"2017-05-23:12 AM",60.1471
"2017-05-24:12 AM",60.4146
"2017-05-25:12 AM",58.7311
"2017-05-26:12 AM",61.4037
"2017-05-27:12 AM",66.0744
"2017-05-28:12 AM",65.8753
"2017-05-29:12 AM",67.069
"2017-05-30:12 AM",65.9084
"2017-05-31:12 AM",63.574
"2017-06-01:12 AM",63.2278
"2017-06-02:12 AM",64.7661
"2017-06-03:12 AM",68.2228
"2017-06-04:12 AM",71.1205
"2017-06-05:12 AM",67.5073
"2017-06-06:12 AM",59.968
"2017-06-07:12 AM",57.267
"2017-06-08:12 AM",60.3565
"2017-06-09:12 AM",63.8539
"2017-06-10:12 AM",70.5627
"2017-06-11:12 AM",73.7681
"2017-06-12:12 AM",75.9171
"2017-06-13:12 AM",77.3623
"2017-06-14:12 AM",74.0948
"2017-06-15:12 AM",73.3037
"2017-06-16:12 AM",74.9673
"2017-06-17:12 AM",74.9165
"2017-06-18:12 AM",74.2087
"2017-06-19:12 AM",69.3297
"2017-06-20:12 AM",67.8517
"2017-06-21:12 AM",69.9451
"2017-06-22:12 AM",73.5343
"2017-06-23:12 AM",71.404
"2017-06-24:12 AM",67.2994
"2017-06-25:12 AM",63.9124
"2017-06-26:12 AM",61.2577
"2017-06-27:12 AM",60.5655
"2017-06-28:12 AM",63.408
"2017-06-29:12 AM",71.3887
"2017-06-30:12 AM",75.1174
"2017-07-01:12 AM",73.0323
"2017-07-02:12 AM",72.1238
"2017-07-03:12 AM",72.8697
"2017-07-04:12 AM",71.3406
"2017-07-05:12 AM",71.8345
"2017-07-06:12 AM",71.5473
"2017-07-07:12 AM",73.6781
"2017-07-08:12 AM",68.8663
"2017-07-09:12 AM",66.7812
"2017-07-10:12 AM",70.2855
"2017-07-11:12 AM",74.4735
"2017-07-12:12 AM",76.779
"2017-07-13:12 AM",76.8268
"2017-07-14:12 AM",73.998
"2017-07-15:12 AM",69.919
"2017-07-16:12 AM",70.7779
"2017-07-17:12 AM",71.4351
"2017-07-18:12 AM",75.4284
"2017-07-19:12 AM",77.1456
"2017-07-20:12 AM",76.9001
"2017-07-21:12 AM",77.8716
"2017-07-22:12 AM",77.2108
"2017-07-23:12 AM",74.9853
"2017-07-24:12 AM",70.4442
"2017-07-25:12 AM",66.4254
"2017-07-26:12 AM",68.616
"2017-07-27:12 AM",71.7613
"2017-07-28:12 AM",69.1875
"2017-07-29:12 AM",66.9852
"2017-07-30:12 AM",69.6574
"2017-07-31:12 AM",71.6421
"2017-08-01:12 AM",72.046
"2017-08-02:12 AM",71.9452
"2017-08-03:12 AM",72.2358
"2017-08-04:12 AM",70.1339
"2017-08-05:12 AM",63.4978
"2017-08-06:12 AM",65.124
"2017-08-07:12 AM",64.5442
"2017-08-08:12 AM",66.3427
"2017-08-09:12 AM",66.2929
"2017-08-10:12 AM",67.8589
"2017-08-11:12 AM",69.4404
"2017-08-12:12 AM",68.4243
"2017-08-13:12 AM",67.8092
"2017-08-14:12 AM",69.303
"2017-08-15:12 AM",72.9851
"2017-08-16:12 AM",73.6614
"2017-08-17:12 AM",76.4497
"2017-08-18:12 AM",73.971
"2017-08-19:12 AM",71.2434
"2017-08-20:12 AM",71.5303
"2017-08-21:12 AM",76.3495
"2017-08-22:12 AM",73.5152
"2017-08-23:12 AM",66.1534
"2017-08-24:12 AM",62.3561
"2017-08-25:12 AM",60.6924
"2017-08-26:12 AM",61.0678
"2017-08-27:12 AM",64.2389
"2017-08-28:12 AM",66.7481
"2017-08-29:12 AM",66.3026
"2017-08-30:12 AM",65.9314
"2017-08-31:12 AM",66.2628
"2017-09-01:12 AM",58.8227
"2017-09-02:12 AM",57.8334
"2017-09-03:12 AM",61.8881
"2017-09-04:12 AM",70.0947
"2017-09-05:12 AM",66.6066
"2017-09-06:12 AM",57.1728
"2017-09-07:12 AM",55.9267
"2017-09-08:12 AM",57.7175
"2017-09-09:12 AM",56.8294
"2017-09-10:12 AM",56.0325
"2017-09-11:12 AM",59.4021
"2017-09-12:12 AM",61.8778
"2017-09-13:12 AM",65.5947
"2017-09-14:12 AM",62.424
"2017-09-15:12 AM",64.652
"2017-09-16:12 AM",67.1481
"2017-09-17:12 AM",68.5726
"2017-09-18:12 AM",71.3113
"2017-09-19:12 AM",69.6501
"2017-09-20:12 AM",69.9314
"2017-09-21:12 AM",72.3637
"2017-09-22:12 AM",73.4747
"2017-09-23:12 AM",72.1429
"2017-09-24:12 AM",73.0274
"2017-09-25:12 AM",73.9776
"2017-09-26:12 AM",72.1474
"2017-09-27:12 AM",72.9352
"2017-09-28:12 AM",60.6769
"2017-09-29:12 AM",58.0633
"2017-09-30:12 AM",54.0986
"2017-10-01:12 AM",53.2038
"2017-10-02:12 AM",58.3848
"2017-10-03:12 AM",64.0785
"2017-10-04:12 AM",67.7595
"2017-10-05:12 AM",64.5912
"2017-10-06:12 AM",65.0424
"2017-10-07:12 AM",71.1903
"2017-10-08:12 AM",66.3777
"2017-10-09:12 AM",67.5612
"2017-10-10:12 AM",66.4216
"2017-10-11:12 AM",64.3534
"2017-10-12:12 AM",59.5859
"2017-10-13:12 AM",60.2033
"2017-10-14:12 AM",63.7806
"2017-10-15:12 AM",64.2555
"2017-10-16:12 AM",49.4026
"2017-10-17:12 AM",49.8772
"2017-10-18:12 AM",52.7722
"2017-10-19:12 AM",57.1658
"2017-10-20:12 AM",57.0751
"2017-10-21:12 AM",60.71
"2017-10-22:12 AM",62.9616
"2017-10-23:12 AM",62.9865
"2017-10-24:12 AM",50.0972
"2017-10-25:12 AM",43.2289
"2017-10-26:12 AM",42.2334
"2017-10-27:12 AM",51.9418
"2017-10-28:12 AM",40.5442
"2017-10-29:12 AM",37.4995
"2017-10-30:12 AM",38.7646
"2017-10-31:12 AM",36.6264
"2017-11-01:12 AM",39.9294
"2017-11-02:12 AM",58.0147
"2017-11-03:12 AM",54.0144
"2017-11-04:12 AM",48.202
"2017-11-05:12 AM",62.4702
"2017-11-06:12 AM",50.0689
"2017-11-07:12 AM",41.4815
"2017-11-08:12 AM",38.8382
"2017-11-09:12 AM",39.3501
"2017-11-10:12 AM",28.5141
"2017-11-11:12 AM",28.0576
"2017-11-12:12 AM",36.147
"2017-11-13:12 AM",38.2388
"2017-11-14:12 AM",37.9465
"2017-11-15:12 AM",39.785
"2017-11-16:12 AM",40.0915
"2017-11-17:12 AM",36.7653
"2017-11-18:12 AM",49.8933
"2017-11-19:12 AM",36.0241
"2017-11-20:12 AM",33.6605
"2017-11-21:12 AM",41.108
"2017-11-22:12 AM",33.1558
"2017-11-23:12 AM",32.2475
"2017-11-24:12 AM",38.0158
"2017-11-25:12 AM",44.699
"2017-11-26:12 AM",36.4476
"2017-11-27:12 AM",40.5129
"2017-11-28:12 AM",47.5086
"2017-11-29:12 AM",45.0077
"2017-11-30:12 AM",44.5816
"2017-12-01:12 AM",38.1241
"2017-12-02:12 AM",37.7172
"2017-12-03:12 AM",39.0036
"2017-12-04:12 AM",45.2307
"2017-12-05:12 AM",45.9858
"2017-12-06:12 AM",33.1158
"2017-12-07:12 AM",28.6705
"2017-12-08:12 AM",24.5946
"2017-12-09:12 AM",26.5203
"2017-12-10:12 AM",27.486
"2017-12-11:12 AM",29.6535
"2017-12-12:12 AM",25.9767
"2017-12-13:12 AM",21.8883
"2017-12-14:12 AM",23.2972
"2017-12-15:12 AM",21.731
"2017-12-16:12 AM",31.0579
"2017-12-17:12 AM",33.679
"2017-12-18:12 AM",37.8963
"2017-12-19:12 AM",42.5993
"2017-12-20:12 AM",35.1052
"2017-12-21:12 AM",33.859
"2017-12-22:12 AM",44.9949
"2017-12-23:12 AM",37.7449
"2017-12-24:12 AM",30.7602
"2017-12-25:12 AM",20.6146
"2017-12-26:12 AM",14.3892
"2017-12-27:12 AM",8.0982
"2017-12-28:12 AM",8.445
"2017-12-29:12 AM",15.2784
"2017-12-30:12 AM",15.2569
"2017-12-31:12 AM",9.1134
"2018-01-01:12 AM",5.5931
"2018-01-02:12 AM",2.228
"2018-01-03:12 AM",10.5114
"2018-01-04:12 AM",10.9405
"2018-01-05:12 AM",5.7513
"2018-01-06:12 AM",4.3038
"2018-01-07:12 AM",12.1411
"2018-01-08:12 AM",31.0966
"2018-01-09:12 AM",30.8329
"2018-01-10:12 AM",38.3558
"2018-01-11:12 AM",51.5401
"2018-01-12:12 AM",40.7516
"2018-01-13:12 AM",15.3734
"2018-01-14:12 AM",11.5734
"2018-01-15:12 AM",19.0785
"2018-01-16:12 AM",12.1514
"2018-01-17:12 AM",7.6208
"2018-01-18:12 AM",16.8042
"2018-01-19:12 AM",25.1256
"2018-01-20:12 AM",33.8414
"2018-01-21:12 AM",41.058
"2018-01-22:12 AM",49.9104
"2018-01-23:12 AM",39.906
"2018-01-24:12 AM",29.7979
"2018-01-25:12 AM",28.6624
"2018-01-26:12 AM",36.4825
"2018-01-27:12 AM",42.6749
"2018-01-28:12 AM",37.4018
"2018-01-29:12 AM",31.7397
"2018-01-30:12 AM",22.4872
"2018-01-31:12 AM",29.7066
"2018-02-01:12 AM",34.8017
"2018-02-02:12 AM",16.9812
"2018-02-03:12 AM",23.3022
"2018-02-04:12 AM",32.5976
"2018-02-05:12 AM",19.171
"2018-02-06:12 AM",22.7997
"2018-02-07:12 AM",23.5173
"2018-02-08:12 AM",17.0535
"2018-02-09:12 AM",27.1357
"2018-02-10:12 AM",32.7972
"2018-02-11:12 AM",32.4583
"2018-02-12:12 AM",24.6735
"2018-02-13:12 AM",26.3773
"2018-02-14:12 AM",39.5962
"2018-02-15:12 AM",53.6052
"2018-02-16:12 AM",40.9471
"2018-02-17:12 AM",31.6576
"2018-02-18:12 AM",33.4378
"2018-02-19:12 AM",48.1732
"2018-02-20:12 AM",61.6627
"2018-02-21:12 AM",50.7799
"2018-02-22:12 AM",36.334
"2018-02-23:12 AM",47.34
"2018-02-24:12 AM",44.4931
"2018-02-25:12 AM",47.8416
"2018-02-26:12 AM",38.8974
"2018-02-27:12 AM",41.4376
"2018-02-28:12 AM",49.3374
"2018-03-01:12 AM",45.136
"2018-03-02:12 AM",33.0235
"2018-03-03:12 AM",30.8259
"2018-03-04:12 AM",30.7688
"2018-03-05:12 AM",30.1026
"2018-03-06:12 AM",36.8177
"2018-03-07:12 AM",33.0921
"2018-03-08:12 AM",27.5362
"2018-03-09:12 AM",28.2679
"2018-03-10:12 AM",29.1987
"2018-03-11:12 AM",29.6681
"2018-03-12:12 AM",30.8424
"2018-03-13:12 AM",29.4226
"2018-03-14:12 AM",28.0497
"2018-03-15:12 AM",33.2879
"2018-03-16:12 AM",28.1835
"2018-03-17:12 AM",31.4946
"2018-03-18:12 AM",34.6266
"2018-03-19:12 AM",37.8666
"2018-03-20:12 AM",34.0844
"2018-03-21:12 AM",30.3991
"2018-03-22:12 AM",29.2555
"2018-03-23:12 AM",29.9201
"2018-03-24:12 AM",30.7911
"2018-03-25:12 AM",30.8167
"2018-03-26:12 AM",37.6716
"2018-03-27:12 AM",46.6678
"2018-03-28:12 AM",49.3817
"2018-03-29:12 AM",49.8934
"2018-03-30:12 AM",37.3644
"2018-03-31:12 AM",41.569
"2018-04-01:12 AM",38.804
"2018-04-02:12 AM",33.8427
"2018-04-03:12 AM",48.1019
"2018-04-04:12 AM",38.4825
"2018-04-05:12 AM",33.5959
"2018-04-06:12 AM",39.8682
"2018-04-07:12 AM",30.7638
"2018-04-08:12 AM",30.2416
"2018-04-09:12 AM",32.9189
"2018-04-10:12 AM",32.6651
"2018-04-11:12 AM",40.6839
"2018-04-12:12 AM",55.4072
"2018-04-13:12 AM",60.8119
"2018-04-14:12 AM",57.5478
"2018-04-15:12 AM",49.9033
"2018-04-16:12 AM",36.7876
"2018-04-17:12 AM",33.1194
"2018-04-18:12 AM",37.8088
"2018-04-19:12 AM",38.025
"2018-04-20:12 AM",39.9708
"2018-04-21:12 AM",42.5797
"2018-04-22:12 AM",48.236
"2018-04-23:12 AM",53.2976
"2018-04-24:12 AM",51.9051
"2018-04-25:12 AM",50.4923
"2018-04-26:12 AM",48.5852
"2018-04-27:12 AM",52.6816
"2018-04-28:12 AM",44.4304
"2018-04-29:12 AM",41.1039
"2018-04-30:12 AM",48.1199
"2018-05-01:12 AM",58.1058
"2018-05-02:12 AM",65.7207
"2018-05-03:12 AM",69.1563
"2018-05-04:12 AM",66.4333
"2018-05-05:12 AM",58.8691
"2018-05-06:12 AM",59.8816
"2018-05-07:12 AM",56.2303
"2018-05-08:12 AM",59.139
"2018-05-09:12 AM",65.0588
"2018-05-10:12 AM",65.4064
"2018-05-11:12 AM",59.603
"2018-05-12:12 AM",61.0187
"2018-05-13:12 AM",62.5248
"2018-05-14:12 AM",68.6896
"2018-05-15:12 AM",69.3552
"2018-05-16:12 AM",64.2263
"2018-05-17:12 AM",66.0112
"2018-05-18:12 AM",64.0969
"2018-05-19:12 AM",67.0694
"2018-05-20:12 AM",65.9624
"2018-05-21:12 AM",64.3249
"2018-05-22:12 AM",67.4728
"2018-05-23:12 AM",64.3201
"2018-05-24:12 AM",65.4078
"2018-05-25:12 AM",68.5287
"2018-05-26:12 AM",70.8481
"2018-05-27:12 AM",74.179
"2018-05-28:12 AM",76.2107
"2018-05-29:12 AM",75.9031
"2018-05-30:12 AM",73.7843
"2018-05-31:12 AM",74.901
"2018-06-01:12 AM",71.2157
"2018-06-02:12 AM",66.4678
"2018-06-03:12 AM",67.2611
"2018-06-04:12 AM",62.6495
"2018-06-05:12 AM",61.6381
"2018-06-06:12 AM",58.2393
"2018-06-07:12 AM",64.2043
"2018-06-08:12 AM",69.6398
"2018-06-09:12 AM",71.3943
"2018-06-10:12 AM",69.66
"2018-06-11:12 AM",67.1083
"2018-06-12:12 AM",68.3046
"2018-06-13:12 AM",71.976
"2018-06-14:12 AM",68.6404
"2018-06-15:12 AM",69.8049
"2018-06-16:12 AM",73.8403
"2018-06-17:12 AM",78.6834
"2018-06-18:12 AM",79.9007
"2018-06-19:12 AM",76.1821
"2018-06-20:12 AM",71.1482
"2018-06-21:12 AM",69.0138
"2018-06-22:12 AM",69.7165
"2018-06-23:12 AM",68.428
"2018-06-24:12 AM",70.335
"2018-06-25:12 AM",66.619
"2018-06-26:12 AM",69.9841
"2018-06-27:12 AM",68.7043
"2018-06-28:12 AM",72.6373
"2018-06-29:12 AM",75.2095
"2018-06-30:12 AM",77.7841
"2018-07-01:12 AM",79.1481
"2018-07-02:12 AM",78.8187
"2018-07-03:12 AM",78.318
"2018-07-04:12 AM",80.0182
"2018-07-05:12 AM",79.8386
"2018-07-06:12 AM",71.4549
"2018-07-07:12 AM",66.5769
"2018-07-08:12 AM",69.1502
"2018-07-09:12 AM",72.7588
"2018-07-10:12 AM",75.8633
"2018-07-11:12 AM",71.0548
"2018-07-12:12 AM",70.2536
"2018-07-13:12 AM",73.8295
"2018-07-14:12 AM",77.209
"2018-07-15:12 AM",77.4747
"2018-07-16:12 AM",76.3389
"2018-07-17:12 AM",74.6845
"2018-07-18:12 AM",69.456
"2018-07-19:12 AM",70.1976
"2018-07-20:12 AM",70.9065
"2018-07-21:12 AM",69.3606
"2018-07-22:12 AM",67.8785
"2018-07-23:12 AM",70.2599
"2018-07-24:12 AM",72.1407
"2018-07-25:12 AM",73.0108
"2018-07-26:12 AM",72.5153
"2018-07-27:12 AM",69.9894
"2018-07-28:12 AM",67.5149
"2018-07-29:12 AM",68.2957
"2018-07-30:12 AM",69.9217
"2018-07-31:12 AM",69.2809
"2018-08-01:12 AM",69.4823
"2018-08-02:12 AM",71.2603
"2018-08-03:12 AM",72.8551
"2018-08-04:12 AM",74.3563
"2018-08-05:12 AM",77.0922
"2018-08-06:12 AM",77.3728
"2018-08-07:12 AM",76.5435
"2018-08-08:12 AM",72.7871
"2018-08-09:12 AM",73.5802
"2018-08-10:12 AM",72.9001
"2018-08-11:12 AM",70.6093
"2018-08-12:12 AM",70.3888
"2018-08-13:12 AM",69.9854
"2018-08-14:12 AM",71.8743
"2018-08-15:12 AM",74.0358
"2018-08-16:12 AM",70.9068
"2018-08-17:12 AM",73.929
"2018-08-18:12 AM",72.6402
"2018-08-19:12 AM",70.5218
"2018-08-20:12 AM",71.8813
"2018-08-21:12 AM",71.8457
"2018-08-22:12 AM",66.0817
"2018-08-23:12 AM",63.3022
"2018-08-24:12 AM",65.9404
"2018-08-25:12 AM",71.857
"2018-08-26:12 AM",76.2782
"2018-08-27:12 AM",78.0373
"2018-08-28:12 AM",79.2246
"2018-08-29:12 AM",77.3092
"2018-08-30:12 AM",70.7644
"2018-08-31:12 AM",71.2632
"2018-09-01:12 AM",74.1801
"2018-09-02:12 AM",75.7837
"2018-09-03:12 AM",78.1176
"2018-09-04:12 AM",78.0543
"2018-09-05:12 AM",78.2969
"2018-09-06:12 AM",75.8599
"2018-09-07:12 AM",70.8831
"2018-09-08:12 AM",62.9541
"2018-09-09:12 AM",57.5393
"2018-09-10:12 AM",60.3507
"2018-09-11:12 AM",61.0237
"2018-09-12:12 AM",64.2877
"2018-09-13:12 AM",69.9348
"2018-09-14:12 AM",72.7277
"2018-09-15:12 AM",73.8048
"2018-09-16:12 AM",72.6658
"2018-09-17:12 AM",70.1856
"2018-09-18:12 AM",71.5253
"2018-09-19:12 AM",71.4762
"2018-09-20:12 AM",73.0767
"2018-09-21:12 AM",76.4704
"2018-09-22:12 AM",59.9043
"2018-09-23:12 AM",57.5364
"2018-09-24:12 AM",62.4564
"2018-09-25:12 AM",68.3069
"2018-09-26:12 AM",64.8738
"2018-09-27:12 AM",55.7433
"2018-09-28:12 AM",55.9405
"2018-09-29:12 AM",55.5906
"2018-09-30:12 AM",60.0656
"2018-10-01:12 AM",66.3431
"2018-10-02:12 AM",70.1843
"2018-10-03:12 AM",69.9087
"2018-10-04:12 AM",68.403
"2018-10-05:12 AM",59.6421
"2018-10-06:12 AM",72.6159
"2018-10-07:12 AM",70.6534
"2018-10-08:12 AM",73.4558
"2018-10-09:12 AM",73.2747
"2018-10-10:12 AM",71.4173
"2018-10-11:12 AM",59.2932
"2018-10-12:12 AM",47.2365
"2018-10-13:12 AM",41.079
"2018-10-14:12 AM",46.9665
"2018-10-15:12 AM",51.7233
"2018-10-16:12 AM",42.9748
"2018-10-17:12 AM",44.8911
"2018-10-18:12 AM",39.7416
"2018-10-19:12 AM",46.044
"2018-10-20:12 AM",48.6712
"2018-10-21:12 AM",36.6706
"2018-10-22:12 AM",44.0748
"2018-10-23:12 AM",48.1473
"2018-10-24:12 AM",42.0366
"2018-10-25:12 AM",40.7566
"2018-10-26:12 AM",42.9939
"2018-10-27:12 AM",44.7723
"2018-10-28:12 AM",44.5194
"2018-10-29:12 AM",44.7282
"2018-10-30:12 AM",47.2833
"2018-10-31:12 AM",57.5692
"2018-11-01:12 AM",50.997
"2018-11-02:12 AM",44.4826
"2018-11-03:12 AM",41.203
"2018-11-04:12 AM",45.4793
"2018-11-05:12 AM",51.9861
"2018-11-06:12 AM",52.2392
"2018-11-07:12 AM",42.5417
"2018-11-08:12 AM",36.6966
"2018-11-09:12 AM",37.1215
"2018-11-10:12 AM",27.3477
"2018-11-11:12 AM",29.2599
"2018-11-12:12 AM",33.3289
"2018-11-13:12 AM",33.1178
"2018-11-14:12 AM",28.4621
"2018-11-15:12 AM",32.1757
"2018-11-16:12 AM",32.6158
"2018-11-17:12 AM",36.2255
"2018-11-18:12 AM",38.1216
"2018-11-19:12 AM",37.7004
"2018-11-20:12 AM",33.9229
"2018-11-21:12 AM",31.2202
"2018-11-22:12 AM",28.2574
"2018-11-23:12 AM",35.8045
"2018-11-24:12 AM",43.8678
"2018-11-25:12 AM",47.3666
"2018-11-26:12 AM",39.8269
"2018-11-27:12 AM",27.891
"2018-11-28:12 AM",24.0861
"2018-11-29:12 AM",27.8998
"2018-11-30:12 AM",36.2089
"2018-12-01:12 AM",40.4449
"2018-12-02:12 AM",51.7123
"2018-12-03:12 AM",38.5428
"2018-12-04:12 AM",32.0446
"2018-12-05:12 AM",29.7493
"2018-12-06:12 AM",29.9975
"2018-12-07:12 AM",24.9651
"2018-12-08:12 AM",23.2651
"2018-12-09:12 AM",24.0913
"2018-12-10:12 AM",23.8996
"2018-12-11:12 AM",26.2243
"2018-12-12:12 AM",34.0362
"2018-12-13:12 AM",38.6636
"2018-12-14:12 AM",43.5387
"2018-12-15:12 AM",43.5875
"2018-12-16:12 AM",40.7219
"2018-12-17:12 AM",35.6776
"2018-12-18:12 AM",32.5337
"2018-12-19:12 AM",35.2535
"2018-12-20:12 AM",41.2405
"2018-12-21:12 AM",39.1933
"2018-12-22:12 AM",33.1583
"2018-12-23:12 AM",34.2282
"2018-12-24:12 AM",30.9013
"2018-12-25:12 AM",30.7701
"2018-12-26:12 AM",33.3928
"2018-12-27:12 AM",37.4907
"2018-12-28:12 AM",49.5954
"2018-12-29:12 AM",33.1574
"2018-12-30:12 AM",32.5515
"2018-12-31:12 AM",43.5772
"2019-01-01:12 AM",41.0673
"2019-01-02:12 AM",36.0435
"2019-01-03:12 AM",33.1435
"2019-01-04:12 AM",35.8014
"2019-01-05:12 AM",38.2532
"2019-01-06:12 AM",39.9056
"2019-01-07:12 AM",41.2747
"2019-01-08:12 AM",49.9771
"2019-01-09:12 AM",29.3391
"2019-01-10:12 AM",23.4905
"2019-01-11:12 AM",24.505
"2019-01-12:12 AM",26.915
"2019-01-13:12 AM",27.7353
"2019-01-14:12 AM",24.6816
"2019-01-15:12 AM",23.2995
"2019-01-16:12 AM",29.8656
"2019-01-17:12 AM",28.8036
"2019-01-18:12 AM",31.964
"2019-01-19:12 AM",29.3434
"2019-01-20:12 AM",12.8035
"2019-01-21:12 AM",2.2926
"2019-01-22:12 AM",16.626
"2019-01-23:12 AM",38.9266
"2019-01-24:12 AM",28.5787
"2019-01-25:12 AM",16.4158
"2019-01-26:12 AM",20.1601
"2019-01-27:12 AM",21.3064
"2019-01-28:12 AM",24.2895
"2019-01-29:12 AM",17.5923
"2019-01-30:12 AM",-0.0317
"2019-01-31:12 AM",-0.0128
"2019-02-01:12 AM",12.7258
"2019-02-02:12 AM",26.1765
"2019-02-03:12 AM",40.181
"2019-02-04:12 AM",46.5163
"2019-02-05:12 AM",44.5771
"2019-02-06:12 AM",47.0462
"2019-02-07:12 AM",50.0625
"2019-02-08:12 AM",26.0519
"2019-02-09:12 AM",18.6026
"2019-02-10:12 AM",23.6545
"2019-02-11:12 AM",32.0466
"2019-02-12:12 AM",38.4312
"2019-02-13:12 AM",26.6839
"2019-02-14:12 AM",34.9495
"2019-02-15:12 AM",35.4403
"2019-02-16:12 AM",26.7588
"2019-02-17:12 AM",27.5392
"2019-02-18:12 AM",27.642
"2019-02-19:12 AM",25.1121
"2019-02-20:12 AM",32.2938
"2019-02-21:12 AM",35.8376
"2019-02-22:12 AM",33.3619
"2019-02-23:12 AM",37.7411
"2019-02-24:12 AM",40.5694
"2019-02-25:12 AM",25.4595
"2019-02-26:12 AM",27.2129
"2019-02-27:12 AM",31.82
"2019-02-28:12 AM",27.8155
"2019-03-01:12 AM",29.1709
"2019-03-02:12 AM",31.7808
"2019-03-03:12 AM",28.269
"2019-03-04:12 AM",17.8918
"2019-03-05:12 AM",13.3722
"2019-03-06:12 AM",16.4716
"2019-03-07:12 AM",23.4552
"2019-03-08:12 AM",28.2582
"2019-03-09:12 AM",35.7397
"2019-03-10:12 AM",42.3158
"2019-03-11:12 AM",35.6945
"2019-03-12:12 AM",32.86
"2019-03-13:12 AM",42.7221
"2019-03-14:12 AM",56.7963
"2019-03-15:12 AM",42.9105