"DateTime","(deg F) Mean Temperature (CFSR) at Pennsylvania, 2010-01-01 to 2019-03-14"
"2010-01-01:12 AM",28.6029
"2010-01-02:12 AM",17.2333
"2010-01-03:12 AM",14.4478
"2010-01-04:12 AM",18.8044
"2010-01-05:12 AM",20.761
"2010-01-06:12 AM",24.2388
"2010-01-07:12 AM",24.193
"2010-01-08:12 AM",21.0826
"2010-01-09:12 AM",16.7592
"2010-01-10:12 AM",13.2321
"2010-01-11:12 AM",17.3363
"2010-01-12:12 AM",20.5039
"2010-01-13:12 AM",22.3957
"2010-01-14:12 AM",26.4218
"2010-01-15:12 AM",33.174
"2010-01-16:12 AM",34.2759
"2010-01-17:12 AM",34.9799
"2010-01-18:12 AM",34.5774
"2010-01-19:12 AM",33.5962
"2010-01-20:12 AM",28.7121
"2010-01-21:12 AM",27.0937
"2010-01-22:12 AM",31.3902
"2010-01-23:12 AM",29.8036
"2010-01-24:12 AM",34.1805
"2010-01-25:12 AM",44.0294
"2010-01-26:12 AM",28.2888
"2010-01-27:12 AM",24.7762
"2010-01-28:12 AM",23.7663
"2010-01-29:12 AM",12.4896
"2010-01-30:12 AM",11.9638
"2010-01-31:12 AM",13.293
"2010-02-01:12 AM",20.7867
"2010-02-02:12 AM",24.1248
"2010-02-03:12 AM",28.1887
"2010-02-04:12 AM",24.7341
"2010-02-05:12 AM",27.5311
"2010-02-06:12 AM",21.0407
"2010-02-07:12 AM",16.2727
"2010-02-08:12 AM",18.0892
"2010-02-09:12 AM",22.9294
"2010-02-10:12 AM",23.6493
"2010-02-11:12 AM",23.3782
"2010-02-12:12 AM",23.4588
"2010-02-13:12 AM",21.9913
"2010-02-14:12 AM",24.3207
"2010-02-15:12 AM",22.9316
"2010-02-16:12 AM",23.8816
"2010-02-17:12 AM",24.4854
"2010-02-18:12 AM",28.7213
"2010-02-19:12 AM",29.4134
"2010-02-20:12 AM",29.0368
"2010-02-21:12 AM",27.7921
"2010-02-22:12 AM",29.8443
"2010-02-23:12 AM",32.1741
"2010-02-24:12 AM",28.9573
"2010-02-25:12 AM",25.9327
"2010-02-26:12 AM",24.0283
"2010-02-27:12 AM",27.671
"2010-02-28:12 AM",30.5085
"2010-03-01:12 AM",32.1361
"2010-03-02:12 AM",31.5842
"2010-03-03:12 AM",32.3623
"2010-03-04:12 AM",30.1352
"2010-03-05:12 AM",30.7045
"2010-03-06:12 AM",29.6083
"2010-03-07:12 AM",30.4603
"2010-03-08:12 AM",32.3755
"2010-03-09:12 AM",35.542
"2010-03-10:12 AM",43.1483
"2010-03-11:12 AM",45.0972
"2010-03-12:12 AM",45.6028
"2010-03-13:12 AM",40.8524
"2010-03-14:12 AM",39.4443
"2010-03-15:12 AM",38.1157
"2010-03-16:12 AM",41.4207
"2010-03-17:12 AM",41.1715
"2010-03-18:12 AM",42.359
"2010-03-19:12 AM",45.489
"2010-03-20:12 AM",47.9088
"2010-03-21:12 AM",49.5684
"2010-03-22:12 AM",51.9019
"2010-03-23:12 AM",43.2795
"2010-03-24:12 AM",40.7129
"2010-03-25:12 AM",45.165
"2010-03-26:12 AM",31.7467
"2010-03-27:12 AM",30.3948
"2010-03-28:12 AM",36.6177
"2010-03-29:12 AM",43.3359
"2010-03-30:12 AM",36.968
"2010-03-31:12 AM",42.8702
"2010-04-01:12 AM",51.8592
"2010-04-02:12 AM",57.619
"2010-04-03:12 AM",57.2463
"2010-04-04:12 AM",51.9784
"2010-04-05:12 AM",55.7672
"2010-04-06:12 AM",63.2572
"2010-04-07:12 AM",64.3555
"2010-04-08:12 AM",59.5159
"2010-04-09:12 AM",40.2829
"2010-04-10:12 AM",40.3475
"2010-04-11:12 AM",48.7866
"2010-04-12:12 AM",45.1519
"2010-04-13:12 AM",43.3274
"2010-04-14:12 AM",44.5008
"2010-04-15:12 AM",54.6467
"2010-04-16:12 AM",60.0303
"2010-04-17:12 AM",43.5544
"2010-04-18:12 AM",39.4147
"2010-04-19:12 AM",44.8317
"2010-04-20:12 AM",49.5091
"2010-04-21:12 AM",51.8509
"2010-04-22:12 AM",50.3838
"2010-04-23:12 AM",48.1037
"2010-04-24:12 AM",49.0543
"2010-04-25:12 AM",51.5962
"2010-04-26:12 AM",48.9654
"2010-04-27:12 AM",44.3556
"2010-04-28:12 AM",41.1908
"2010-04-29:12 AM",47.4921
"2010-04-30:12 AM",59.8143
"2010-05-01:12 AM",68.0324
"2010-05-02:12 AM",69.8418
"2010-05-03:12 AM",67.4935
"2010-05-04:12 AM",60.253
"2010-05-05:12 AM",61.9171
"2010-05-06:12 AM",60.5628
"2010-05-07:12 AM",56.665
"2010-05-08:12 AM",54.6429
"2010-05-09:12 AM",42.665
"2010-05-10:12 AM",42.6434
"2010-05-11:12 AM",40.867
"2010-05-12:12 AM",50.8323
"2010-05-13:12 AM",51.8607
"2010-05-14:12 AM",64.8064
"2010-05-15:12 AM",57.7107
"2010-05-16:12 AM",54.6408
"2010-05-17:12 AM",52.9668
"2010-05-18:12 AM",49.6773
"2010-05-19:12 AM",54.6499
"2010-05-20:12 AM",61.621
"2010-05-21:12 AM",66.1512
"2010-05-22:12 AM",63.3533
"2010-05-23:12 AM",63.8589
"2010-05-24:12 AM",65.2699
"2010-05-25:12 AM",69.2667
"2010-05-26:12 AM",72.446
"2010-05-27:12 AM",73.5748
"2010-05-28:12 AM",67.0519
"2010-05-29:12 AM",68.6858
"2010-05-30:12 AM",69.1358
"2010-05-31:12 AM",72.3097
"2010-06-01:12 AM",69.717
"2010-06-02:12 AM",68.5661
"2010-06-03:12 AM",71.5847
"2010-06-04:12 AM",71.0726
"2010-06-05:12 AM",71.2544
"2010-06-06:12 AM",65.9332
"2010-06-07:12 AM",58.7397
"2010-06-08:12 AM",57.5744
"2010-06-09:12 AM",57.0123
"2010-06-10:12 AM",66.3915
"2010-06-11:12 AM",65.5099
"2010-06-12:12 AM",72.0795
"2010-06-13:12 AM",72.228
"2010-06-14:12 AM",68.9709
"2010-06-15:12 AM",67.359
"2010-06-16:12 AM",69.5129
"2010-06-17:12 AM",66.1215
"2010-06-18:12 AM",66.5186
"2010-06-19:12 AM",72.4914
"2010-06-20:12 AM",73.2524
"2010-06-21:12 AM",71.1279
"2010-06-22:12 AM",72.7695
"2010-06-23:12 AM",77.2765
"2010-06-24:12 AM",75.6997
"2010-06-25:12 AM",70.7268
"2010-06-26:12 AM",70.2484
"2010-06-27:12 AM",76.1101
"2010-06-28:12 AM",75.3841
"2010-06-29:12 AM",69.3829
"2010-06-30:12 AM",60.6913
"2010-07-01:12 AM",60.4769
"2010-07-02:12 AM",62.8349
"2010-07-03:12 AM",67.6083
"2010-07-04:12 AM",72.5758
"2010-07-05:12 AM",78.0127
"2010-07-06:12 AM",80.1644
"2010-07-07:12 AM",81.3717
"2010-07-08:12 AM",79.9425
"2010-07-09:12 AM",74.921
"2010-07-10:12 AM",70.9509
"2010-07-11:12 AM",71.1878
"2010-07-12:12 AM",71.3896
"2010-07-13:12 AM",72.0253
"2010-07-14:12 AM",74.0122
"2010-07-15:12 AM",75.621
"2010-07-16:12 AM",76.4521
"2010-07-17:12 AM",76.1263
"2010-07-18:12 AM",76.5264
"2010-07-19:12 AM",73.125
"2010-07-20:12 AM",72.9037
"2010-07-21:12 AM",73.9386
"2010-07-22:12 AM",73.7402
"2010-07-23:12 AM",77.6844
"2010-07-24:12 AM",81.9032
"2010-07-25:12 AM",74.9118
"2010-07-26:12 AM",68.9907
"2010-07-27:12 AM",70.979
"2010-07-28:12 AM",74.6962
"2010-07-29:12 AM",74.1933
"2010-07-30:12 AM",67.4209
"2010-07-31:12 AM",67.5883
"2010-08-01:12 AM",68.1724
"2010-08-02:12 AM",70.3882
"2010-08-03:12 AM",73.1377
"2010-08-04:12 AM",78.1552
"2010-08-05:12 AM",76.7057
"2010-08-06:12 AM",70.8211
"2010-08-07:12 AM",67.41
"2010-08-08:12 AM",70.4475
"2010-08-09:12 AM",74.8402
"2010-08-10:12 AM",77.877
"2010-08-11:12 AM",76.9411
"2010-08-12:12 AM",72.037
"2010-08-13:12 AM",67.671
"2010-08-14:12 AM",69.7478
"2010-08-15:12 AM",69.2843
"2010-08-16:12 AM",73.2574
"2010-08-17:12 AM",69.3041
"2010-08-18:12 AM",69.8756
"2010-08-19:12 AM",70.6258
"2010-08-20:12 AM",71.868
"2010-08-21:12 AM",72.6814
"2010-08-22:12 AM",68.6745
"2010-08-23:12 AM",64.9171
"2010-08-24:12 AM",63.6971
"2010-08-25:12 AM",65.4222
"2010-08-26:12 AM",64.3894
"2010-08-27:12 AM",60.0154
"2010-08-28:12 AM",62.6716
"2010-08-29:12 AM",68.932
"2010-08-30:12 AM",70.9848
"2010-08-31:12 AM",73.9206
"2010-09-01:12 AM",75.5665
"2010-09-02:12 AM",75.369
"2010-09-03:12 AM",73.6518
"2010-09-04:12 AM",59.8528
"2010-09-05:12 AM",55.3149
"2010-09-06:12 AM",60.4058
"2010-09-07:12 AM",71.343
"2010-09-08:12 AM",67.599
"2010-09-09:12 AM",56.3092
"2010-09-10:12 AM",57.6333
"2010-09-11:12 AM",60.5575
"2010-09-12:12 AM",58.1909
"2010-09-13:12 AM",60.5739
"2010-09-14:12 AM",59.7198
"2010-09-15:12 AM",57.4639
"2010-09-16:12 AM",59.113
"2010-09-17:12 AM",58.1486
"2010-09-18:12 AM",56.8585
"2010-09-19:12 AM",63.8793
"2010-09-20:12 AM",56.6656
"2010-09-21:12 AM",59.5765
"2010-09-22:12 AM",70.2896
"2010-09-23:12 AM",69.4746
"2010-09-24:12 AM",75.8374
"2010-09-25:12 AM",66.2868
"2010-09-26:12 AM",56.9662
"2010-09-27:12 AM",59.6163
"2010-09-28:12 AM",63.3074
"2010-09-29:12 AM",57.9709
"2010-09-30:12 AM",60.0525
"2010-10-01:12 AM",54.6687
"2010-10-02:12 AM",49.7088
"2010-10-03:12 AM",49.1644
"2010-10-04:12 AM",45.6589
"2010-10-05:12 AM",46.0499
"2010-10-06:12 AM",48.5845
"2010-10-07:12 AM",52.1757
"2010-10-08:12 AM",54.5263
"2010-10-09:12 AM",56.1976
"2010-10-10:12 AM",55.1782
"2010-10-11:12 AM",61.5317
"2010-10-12:12 AM",56.2356
"2010-10-13:12 AM",46.9985
"2010-10-14:12 AM",46.6007
"2010-10-15:12 AM",46.4497
"2010-10-16:12 AM",47.4289
"2010-10-17:12 AM",50.4747
"2010-10-18:12 AM",45.5473
"2010-10-19:12 AM",45.1897
"2010-10-20:12 AM",44.9859
"2010-10-21:12 AM",47.0901
"2010-10-22:12 AM",41.8089
"2010-10-23:12 AM",48.8318
"2010-10-24:12 AM",58.0046
"2010-10-25:12 AM",58.9777
"2010-10-26:12 AM",61.7662
"2010-10-27:12 AM",58.289
"2010-10-28:12 AM",52.9306
"2010-10-29:12 AM",42.0967
"2010-10-30:12 AM",41.5465
"2010-10-31:12 AM",42.4168
"2010-11-01:12 AM",34.6795
"2010-11-02:12 AM",33.7185
"2010-11-03:12 AM",36.7367
"2010-11-04:12 AM",40.5388
"2010-11-05:12 AM",39.8741
"2010-11-06:12 AM",36.7106
"2010-11-07:12 AM",33.8445
"2010-11-08:12 AM",37.8871
"2010-11-09:12 AM",41.072
"2010-11-10:12 AM",45.6541
"2010-11-11:12 AM",42.1666
"2010-11-12:12 AM",42.5496
"2010-11-13:12 AM",43.3009
"2010-11-14:12 AM",44.863
"2010-11-15:12 AM",41.4815
"2010-11-16:12 AM",45.5367
"2010-11-17:12 AM",45.302
"2010-11-18:12 AM",39.9092
"2010-11-19:12 AM",34.4127
"2010-11-20:12 AM",38.3767
"2010-11-21:12 AM",38.7844
"2010-11-22:12 AM",48.6802
"2010-11-23:12 AM",49.5055
"2010-11-24:12 AM",33.4342
"2010-11-25:12 AM",34.6339
"2010-11-26:12 AM",35.3993
"2010-11-27:12 AM",28.0494
"2010-11-28:12 AM",29.505
"2010-11-29:12 AM",31.4436
"2010-11-30:12 AM",45.0057
"2010-12-01:12 AM",39.5706
"2010-12-02:12 AM",27.0189
"2010-12-03:12 AM",26.9303
"2010-12-04:12 AM",26.4243
"2010-12-05:12 AM",24.7363
"2010-12-06:12 AM",24.1192
"2010-12-07:12 AM",23.0826
"2010-12-08:12 AM",21.965
"2010-12-09:12 AM",19.108
"2010-12-10:12 AM",23.8348
"2010-12-11:12 AM",28.9958
"2010-12-12:12 AM",35.9449
"2010-12-13:12 AM",19.6371
"2010-12-14:12 AM",15.121
"2010-12-15:12 AM",18.6197
"2010-12-16:12 AM",17.4668
"2010-12-17:12 AM",20.0548
"2010-12-18:12 AM",20.2791
"2010-12-19:12 AM",19.0531
"2010-12-20:12 AM",22.4949
"2010-12-21:12 AM",23.3929
"2010-12-22:12 AM",24.3412
"2010-12-23:12 AM",24.3343
"2010-12-24:12 AM",23.5663
"2010-12-25:12 AM",23.7789
"2010-12-26:12 AM",19.9216
"2010-12-27:12 AM",17.7487
"2010-12-28:12 AM",22.1488
"2010-12-29:12 AM",25.8955
"2010-12-30:12 AM",28.726
"2010-12-31:12 AM",36.8726
"2011-01-01:12 AM",40.582
"2011-01-02:12 AM",32.7124
"2011-01-03:12 AM",24.9514
"2011-01-04:12 AM",28.4956
"2011-01-05:12 AM",25.6656
"2011-01-06:12 AM",23.2234
"2011-01-07:12 AM",22.345
"2011-01-08:12 AM",19.1638
"2011-01-09:12 AM",19.141
"2011-01-10:12 AM",19.0252
"2011-01-11:12 AM",21.4297
"2011-01-12:12 AM",20.221
"2011-01-13:12 AM",17.8792
"2011-01-14:12 AM",17.8524
"2011-01-15:12 AM",21.8806
"2011-01-16:12 AM",19.6101
"2011-01-17:12 AM",14.3238
"2011-01-18:12 AM",27.3022
"2011-01-19:12 AM",30.0186
"2011-01-20:12 AM",21.6081
"2011-01-21:12 AM",16.5936
"2011-01-22:12 AM",5.7123
"2011-01-23:12 AM",9.6802
"2011-01-24:12 AM",5.3883
"2011-01-25:12 AM",24.8124
"2011-01-26:12 AM",26.0384
"2011-01-27:12 AM",24.7057
"2011-01-28:12 AM",24.4629
"2011-01-29:12 AM",22.0744
"2011-01-30:12 AM",23.2167
"2011-01-31:12 AM",15.3131
"2011-02-01:12 AM",25.3929
"2011-02-02:12 AM",28.9632
"2011-02-03:12 AM",16.7162
"2011-02-04:12 AM",16.9693
"2011-02-05:12 AM",25.5808
"2011-02-06:12 AM",26.5917
"2011-02-07:12 AM",28.7796
"2011-02-08:12 AM",20.7662
"2011-02-09:12 AM",12.9675
"2011-02-10:12 AM",10.7143
"2011-02-11:12 AM",14.7204
"2011-02-12:12 AM",23.4207
"2011-02-13:12 AM",29.8144
"2011-02-14:12 AM",35.2708
"2011-02-15:12 AM",22.327
"2011-02-16:12 AM",33.0082
"2011-02-17:12 AM",43.7976
"2011-02-18:12 AM",49.2582
"2011-02-19:12 AM",29.5453
"2011-02-20:12 AM",26.9476
"2011-02-21:12 AM",25.7846
"2011-02-22:12 AM",17.0836
"2011-02-23:12 AM",18.5254
"2011-02-24:12 AM",28.5406
"2011-02-25:12 AM",32.4993
"2011-02-26:12 AM",26.5015
"2011-02-27:12 AM",33.5116
"2011-02-28:12 AM",40.4186
"2011-03-01:12 AM",28.566
"2011-03-02:12 AM",30.317
"2011-03-03:12 AM",22.2192
"2011-03-04:12 AM",31.7376
"2011-03-05:12 AM",41.1022
"2011-03-06:12 AM",39.4176
"2011-03-07:12 AM",26.8826
"2011-03-08:12 AM",29.4498
"2011-03-09:12 AM",33.5624
"2011-03-10:12 AM",43.6073
"2011-03-11:12 AM",35.0697
"2011-03-12:12 AM",37.3924
"2011-03-13:12 AM",35.3966
"2011-03-14:12 AM",32.5814
"2011-03-15:12 AM",34.4694
"2011-03-16:12 AM",39.8637
"2011-03-17:12 AM",43.0486
"2011-03-18:12 AM",52.6536
"2011-03-19:12 AM",38.5351
"2011-03-20:12 AM",35.0413
"2011-03-21:12 AM",44.4447
"2011-03-22:12 AM",40.6773
"2011-03-23:12 AM",36.2662
"2011-03-24:12 AM",30.3946
"2011-03-25:12 AM",25.6091
"2011-03-26:12 AM",23.684
"2011-03-27:12 AM",25.9018
"2011-03-28:12 AM",25.3897
"2011-03-29:12 AM",28.2376
"2011-03-30:12 AM",33.8225
"2011-03-31:12 AM",34.3015
"2011-04-01:12 AM",34.3913
"2011-04-02:12 AM",34.682
"2011-04-03:12 AM",37.47
"2011-04-04:12 AM",51.4119
"2011-04-05:12 AM",40.921
"2011-04-06:12 AM",36.6685
"2011-04-07:12 AM",41.6779
"2011-04-08:12 AM",40.3434
"2011-04-09:12 AM",41.7799
"2011-04-10:12 AM",51.7014
"2011-04-11:12 AM",62.2639
"2011-04-12:12 AM",47.9493
"2011-04-13:12 AM",43.7063
"2011-04-14:12 AM",47.3515
"2011-04-15:12 AM",46.6507
"2011-04-16:12 AM",44.704
"2011-04-17:12 AM",42.5003
"2011-04-18:12 AM",44.53
"2011-04-19:12 AM",46.0254
"2011-04-20:12 AM",52.3193
"2011-04-21:12 AM",41.4802
"2011-04-22:12 AM",37.9845
"2011-04-23:12 AM",49.2264
"2011-04-24:12 AM",58.2967
"2011-04-25:12 AM",60.9525
"2011-04-26:12 AM",66.22
"2011-04-27:12 AM",65.2647
"2011-04-28:12 AM",59.434
"2011-04-29:12 AM",46.42
"2011-04-30:12 AM",47.0757
"2011-05-01:12 AM",50.9677
"2011-05-02:12 AM",54.3459
"2011-05-03:12 AM",55.6466
"2011-05-04:12 AM",42.9435
"2011-05-05:12 AM",45.9819
"2011-05-06:12 AM",49.8367
"2011-05-07:12 AM",50.8618
"2011-05-08:12 AM",52.1384
"2011-05-09:12 AM",52.029
"2011-05-10:12 AM",54.7509
"2011-05-11:12 AM",59.7234
"2011-05-12:12 AM",62.6949
"2011-05-13:12 AM",61.1253
"2011-05-14:12 AM",59.6399
"2011-05-15:12 AM",57.9367
"2011-05-16:12 AM",53.775
"2011-05-17:12 AM",54.1432
"2011-05-18:12 AM",58.9699
"2011-05-19:12 AM",56.872
"2011-05-20:12 AM",57.0092
"2011-05-21:12 AM",61.3524
"2011-05-22:12 AM",61.5103
"2011-05-23:12 AM",63.6271
"2011-05-24:12 AM",65.7486
"2011-05-25:12 AM",66.2461
"2011-05-26:12 AM",71.2546
"2011-05-27:12 AM",66.4315
"2011-05-28:12 AM",66.9976
"2011-05-29:12 AM",71.5611
"2011-05-30:12 AM",74.8177
"2011-05-31:12 AM",76.4641
"2011-06-01:12 AM",74.9775
"2011-06-02:12 AM",62.0523
"2011-06-03:12 AM",56.9991
"2011-06-04:12 AM",60.2652
"2011-06-05:12 AM",65.5273
"2011-06-06:12 AM",65.9404
"2011-06-07:12 AM",70.8035
"2011-06-08:12 AM",76.1112
"2011-06-09:12 AM",78.2672
"2011-06-10:12 AM",70.7317
"2011-06-11:12 AM",69.5835
"2011-06-12:12 AM",65.3535
"2011-06-13:12 AM",58.5399
"2011-06-14:12 AM",57.3397
"2011-06-15:12 AM",61.747
"2011-06-16:12 AM",62.7924
"2011-06-17:12 AM",65.8324
"2011-06-18:12 AM",67.6665
"2011-06-19:12 AM",68.331
"2011-06-20:12 AM",67.7529
"2011-06-21:12 AM",71.4601
"2011-06-22:12 AM",71.9006
"2011-06-23:12 AM",71.1801
"2011-06-24:12 AM",65.8132
"2011-06-25:12 AM",62.9946
"2011-06-26:12 AM",63.2095
"2011-06-27:12 AM",67.3444
"2011-06-28:12 AM",70.6554
"2011-06-29:12 AM",64.9152
"2011-06-30:12 AM",64.3384
"2011-07-01:12 AM",65.4584
"2011-07-02:12 AM",68.0112
"2011-07-03:12 AM",72.4507
"2011-07-04:12 AM",70.0792
"2011-07-05:12 AM",70.2212
"2011-07-06:12 AM",72.887
"2011-07-07:12 AM",72.0603
"2011-07-08:12 AM",70.0803
"2011-07-09:12 AM",70.5612
"2011-07-10:12 AM",71.359
"2011-07-11:12 AM",75.8016
"2011-07-12:12 AM",76.4157
"2011-07-13:12 AM",71.2944
"2011-07-14:12 AM",67.098
"2011-07-15:12 AM",69.0091
"2011-07-16:12 AM",69.8281
"2011-07-17:12 AM",72.8026
"2011-07-18:12 AM",76.0932
"2011-07-19:12 AM",77.101
"2011-07-20:12 AM",77.6235
"2011-07-21:12 AM",82.3721
"2011-07-22:12 AM",84.1055
"2011-07-23:12 AM",80.1435
"2011-07-24:12 AM",76.4154
"2011-07-25:12 AM",73.2267
"2011-07-26:12 AM",72.8974
"2011-07-27:12 AM",69.8196
"2011-07-28:12 AM",69.3459
"2011-07-29:12 AM",76.9924
"2011-07-30:12 AM",74.7302
"2011-07-31:12 AM",72.4095
"2011-08-01:12 AM",74.6082
"2011-08-02:12 AM",72.8679
"2011-08-03:12 AM",71.2179
"2011-08-04:12 AM",70.6935
"2011-08-05:12 AM",72.4404
"2011-08-06:12 AM",71.8619
"2011-08-07:12 AM",73.7958
"2011-08-08:12 AM",71.4457
"2011-08-09:12 AM",69.1882
"2011-08-10:12 AM",68.401
"2011-08-11:12 AM",64.2861
"2011-08-12:12 AM",64.2884
"2011-08-13:12 AM",66.8737
"2011-08-14:12 AM",66.4099
"2011-08-15:12 AM",64.9888
"2011-08-16:12 AM",67.6852
"2011-08-17:12 AM",67.0393
"2011-08-18:12 AM",69.9121
"2011-08-19:12 AM",69.7447
"2011-08-20:12 AM",68.3091
"2011-08-21:12 AM",69.541
"2011-08-22:12 AM",62.7264
"2011-08-23:12 AM",61.4874
"2011-08-24:12 AM",66.8464
"2011-08-25:12 AM",69.798
"2011-08-26:12 AM",68.3524
"2011-08-27:12 AM",69.211
"2011-08-28:12 AM",64.8754
"2011-08-29:12 AM",58.5729
"2011-08-30:12 AM",60.8713
"2011-08-31:12 AM",65.3815
"2011-09-01:12 AM",67.0635
"2011-09-02:12 AM",70.9952
"2011-09-03:12 AM",74.2298
"2011-09-04:12 AM",73.4788
"2011-09-05:12 AM",64.9
"2011-09-06:12 AM",56.9278
"2011-09-07:12 AM",60.8826
"2011-09-08:12 AM",64.4743
"2011-09-09:12 AM",67.0921
"2011-09-10:12 AM",65.3675
"2011-09-11:12 AM",62.7249
"2011-09-12:12 AM",62.2321
"2011-09-13:12 AM",66.6651
"2011-09-14:12 AM",65.851
"2011-09-15:12 AM",54.2759
"2011-09-16:12 AM",47.9741
"2011-09-17:12 AM",48.3651
"2011-09-18:12 AM",51.3273
"2011-09-19:12 AM",55.0612
"2011-09-20:12 AM",59.9365
"2011-09-21:12 AM",63.0865
"2011-09-22:12 AM",65.3155
"2011-09-23:12 AM",63.8134
"2011-09-24:12 AM",62.6522
"2011-09-25:12 AM",64.9459
"2011-09-26:12 AM",66.0319
"2011-09-27:12 AM",65.5387
"2011-09-28:12 AM",63.6082
"2011-09-29:12 AM",58.8862
"2011-09-30:12 AM",54.3889
"2011-10-01:12 AM",46.3084
"2011-10-02:12 AM",41.4864
"2011-10-03:12 AM",45.3637
"2011-10-04:12 AM",50.2547
"2011-10-05:12 AM",53.4774
"2011-10-06:12 AM",48.5181
"2011-10-07:12 AM",51.0143
"2011-10-08:12 AM",54.5151
"2011-10-09:12 AM",56.8902
"2011-10-10:12 AM",59.3623
"2011-10-11:12 AM",59.7726
"2011-10-12:12 AM",55.5138
"2011-10-13:12 AM",57.16
"2011-10-14:12 AM",56.7709
"2011-10-15:12 AM",47.8533
"2011-10-16:12 AM",50.8462
"2011-10-17:12 AM",49.9419
"2011-10-18:12 AM",51.1153
"2011-10-19:12 AM",56.6856
"2011-10-20:12 AM",48.0846
"2011-10-21:12 AM",43.9281
"2011-10-22:12 AM",44.3752
"2011-10-23:12 AM",46.0366
"2011-10-24:12 AM",47.9934
"2011-10-25:12 AM",46.5838
"2011-10-26:12 AM",52.2324
"2011-10-27:12 AM",45.6312
"2011-10-28:12 AM",35.7613
"2011-10-29:12 AM",33.5255
"2011-10-30:12 AM",28.7038
"2011-10-31:12 AM",33.377
"2011-11-01:12 AM",36.9136
"2011-11-02:12 AM",41.535
"2011-11-03:12 AM",46.6768
"2011-11-04:12 AM",41.8685
"2011-11-05:12 AM",34.7572
"2011-11-06:12 AM",37.1788
"2011-11-07:12 AM",43.0099
"2011-11-08:12 AM",48.5456
"2011-11-09:12 AM",47.7361
"2011-11-10:12 AM",44.1273
"2011-11-11:12 AM",34.9846
"2011-11-12:12 AM",38.5241
"2011-11-13:12 AM",46.1215
"2011-11-14:12 AM",54.5131
"2011-11-15:12 AM",53.2099
"2011-11-16:12 AM",48.9695
"2011-11-17:12 AM",35.663
"2011-11-18:12 AM",31.2316
"2011-11-19:12 AM",36.7732
"2011-11-20:12 AM",48.8502
"2011-11-21:12 AM",43.7464
"2011-11-22:12 AM",41.691
"2011-11-23:12 AM",43.0934
"2011-11-24:12 AM",37.8106
"2011-11-25:12 AM",41.4961
"2011-11-26:12 AM",45.2404
"2011-11-27:12 AM",47.8463
"2011-11-28:12 AM",54.2239
"2011-11-29:12 AM",54.3816
"2011-11-30:12 AM",36.5704
"2011-12-01:12 AM",32.8759
"2011-12-02:12 AM",34.21
"2011-12-03:12 AM",32.5236
"2011-12-04:12 AM",37.5919
"2011-12-05:12 AM",44.3707
"2011-12-06:12 AM",49.5138
"2011-12-07:12 AM",40.5253
"2011-12-08:12 AM",30.5767
"2011-12-09:12 AM",31.7928
"2011-12-10:12 AM",28.3206
"2011-12-11:12 AM",25.6955
"2011-12-12:12 AM",27.5032
"2011-12-13:12 AM",29.9682
"2011-12-14:12 AM",35.442
"2011-12-15:12 AM",44.4562
"2011-12-16:12 AM",35.5303
"2011-12-17:12 AM",29.6762
"2011-12-18:12 AM",27.2847
"2011-12-19:12 AM",34.2813
"2011-12-20:12 AM",37.0643
"2011-12-21:12 AM",44.4108
"2011-12-22:12 AM",44.1856
"2011-12-23:12 AM",36.0743
"2011-12-24:12 AM",29.9289
"2011-12-25:12 AM",32.6829
"2011-12-26:12 AM",32.5571
"2011-12-27:12 AM",34.7976
"2011-12-28:12 AM",28.9701
"2011-12-29:12 AM",27.5535
"2011-12-30:12 AM",36.2883
"2011-12-31:12 AM",39.0214
"2012-01-01:12 AM",38.8827
"2012-01-02:12 AM",28.9348
"2012-01-03:12 AM",17.9218
"2012-01-04:12 AM",15.9631
"2012-01-05:12 AM",27.4869
"2012-01-06:12 AM",35.7654
"2012-01-07:12 AM",38.7813
"2012-01-08:12 AM",32.2894
"2012-01-09:12 AM",30.5172
"2012-01-10:12 AM",32.6408
"2012-01-11:12 AM",34.1555
"2012-01-12:12 AM",38.9622
"2012-01-13:12 AM",24.9192
"2012-01-14:12 AM",21.6324
"2012-01-15:12 AM",14.4347
"2012-01-16:12 AM",22.4983
"2012-01-17:12 AM",39.6063
"2012-01-18:12 AM",26.5149
"2012-01-19:12 AM",23.7708
"2012-01-20:12 AM",19.5429
"2012-01-21:12 AM",22.4076
"2012-01-22:12 AM",19.9823
"2012-01-23:12 AM",33.1687
"2012-01-24:12 AM",34.3017
"2012-01-25:12 AM",30.9155
"2012-01-26:12 AM",34.0237
"2012-01-27:12 AM",39.016
"2012-01-28:12 AM",32.2486
"2012-01-29:12 AM",30.0762
"2012-01-30:12 AM",27.8521
"2012-01-31:12 AM",38.9939
"2012-02-01:12 AM",44.6968
"2012-02-02:12 AM",36.2453
"2012-02-03:12 AM",31.9883
"2012-02-04:12 AM",32.0923
"2012-02-05:12 AM",30.6941
"2012-02-06:12 AM",32.4966
"2012-02-07:12 AM",33.0895
"2012-02-08:12 AM",30.0479
"2012-02-09:12 AM",26.1853
"2012-02-10:12 AM",27.4244
"2012-02-11:12 AM",25.5216
"2012-02-12:12 AM",18.4847
"2012-02-13:12 AM",24.352
"2012-02-14:12 AM",30.9211
"2012-02-15:12 AM",33.0186
"2012-02-16:12 AM",35.1365
"2012-02-17:12 AM",34.961
"2012-02-18:12 AM",32.2174
"2012-02-19:12 AM",30.0168
"2012-02-20:12 AM",28.1845
"2012-02-21:12 AM",32.3287
"2012-02-22:12 AM",39.8748
"2012-02-23:12 AM",40.0978
"2012-02-24:12 AM",38.1974
"2012-02-25:12 AM",29.5219
"2012-02-26:12 AM",27.9572
"2012-02-27:12 AM",36.1002
"2012-02-28:12 AM",31.8898
"2012-02-29:12 AM",36.6498
"2012-03-01:12 AM",38.1191
"2012-03-02:12 AM",37.3651
"2012-03-03:12 AM",39.409
"2012-03-04:12 AM",30.3926
"2012-03-05:12 AM",27.0329
"2012-03-06:12 AM",28.7269
"2012-03-07:12 AM",41.167
"2012-03-08:12 AM",51.1574
"2012-03-09:12 AM",34.4228
"2012-03-10:12 AM",28.9854
"2012-03-11:12 AM",38.5156
"2012-03-12:12 AM",46.5123
"2012-03-13:12 AM",55.5762
"2012-03-14:12 AM",51.1291
"2012-03-15:12 AM",55.3674
"2012-03-16:12 AM",53.6884
"2012-03-17:12 AM",55.7539
"2012-03-18:12 AM",56.3517
"2012-03-19:12 AM",56.8974
"2012-03-20:12 AM",58.6364
"2012-03-21:12 AM",58.9483
"2012-03-22:12 AM",60.7955
"2012-03-23:12 AM",62.1945
"2012-03-24:12 AM",56.719
"2012-03-25:12 AM",50.9187
"2012-03-26:12 AM",38.8917
"2012-03-27:12 AM",34.2237
"2012-03-28:12 AM",49.3671
"2012-03-29:12 AM",42.2553
"2012-03-30:12 AM",40.2472
"2012-03-31:12 AM",41.6757
"2012-04-01:12 AM",43.7785
"2012-04-02:12 AM",41.0126
"2012-04-03:12 AM",43.8931
"2012-04-04:12 AM",48.9976
"2012-04-05:12 AM",40.5565
"2012-04-06:12 AM",39.1437
"2012-04-07:12 AM",40.3128
"2012-04-08:12 AM",44.8318
"2012-04-09:12 AM",44.6862
"2012-04-10:12 AM",41.0101
"2012-04-11:12 AM",37.2236
"2012-04-12:12 AM",41.0484
"2012-04-13:12 AM",44.2854
"2012-04-14:12 AM",50.2131
"2012-04-15:12 AM",60.9552
"2012-04-16:12 AM",66.1561
"2012-04-17:12 AM",54.3299
"2012-04-18:12 AM",46.3775
"2012-04-19:12 AM",53.0962
"2012-04-20:12 AM",57.8898
"2012-04-21:12 AM",51.6873
"2012-04-22:12 AM",40.6841
"2012-04-23:12 AM",35.8515
"2012-04-24:12 AM",38.4139
"2012-04-25:12 AM",43.0718
"2012-04-26:12 AM",47.7399
"2012-04-27:12 AM",40.7176
"2012-04-28:12 AM",38.6924
"2012-04-29:12 AM",43.3985
"2012-04-30:12 AM",49.2541
"2012-05-01:12 AM",58.4989
"2012-05-02:12 AM",60.2321
"2012-05-03:12 AM",65.6366
"2012-05-04:12 AM",67.6747
"2012-05-05:12 AM",61.979
"2012-05-06:12 AM",59.1579
"2012-05-07:12 AM",58.4665
"2012-05-08:12 AM",58.4202
"2012-05-09:12 AM",58.4573
"2012-05-10:12 AM",50.2597
"2012-05-11:12 AM",51.0098
"2012-05-12:12 AM",56.9156
"2012-05-13:12 AM",59.6597
"2012-05-14:12 AM",57.8408
"2012-05-15:12 AM",61.1071
"2012-05-16:12 AM",62.7813
"2012-05-17:12 AM",52.5817
"2012-05-18:12 AM",57.0726
"2012-05-19:12 AM",61.7425
"2012-05-20:12 AM",65.6478
"2012-05-21:12 AM",61.8008
"2012-05-22:12 AM",63.2174
"2012-05-23:12 AM",64.8588
"2012-05-24:12 AM",66.2535
"2012-05-25:12 AM",70.5843
"2012-05-26:12 AM",70.3258
"2012-05-27:12 AM",72.6264
"2012-05-28:12 AM",74.8427
"2012-05-29:12 AM",73.1345
"2012-05-30:12 AM",67.7606
"2012-05-31:12 AM",62.4697
"2012-06-01:12 AM",61.191
"2012-06-02:12 AM",57.5985
"2012-06-03:12 AM",57.5352
"2012-06-04:12 AM",55.812
"2012-06-05:12 AM",53.7226
"2012-06-06:12 AM",57.139
"2012-06-07:12 AM",59.9776
"2012-06-08:12 AM",62.8362
"2012-06-09:12 AM",67.0365
"2012-06-10:12 AM",72.7041
"2012-06-11:12 AM",69.9449
"2012-06-12:12 AM",67.037
"2012-06-13:12 AM",62.0002
"2012-06-14:12 AM",63.5054
"2012-06-15:12 AM",67.129
"2012-06-16:12 AM",66.549
"2012-06-17:12 AM",65.6272
"2012-06-18:12 AM",63.0707
"2012-06-19:12 AM",72.2084
"2012-06-20:12 AM",77.2401
"2012-06-21:12 AM",78.1102
"2012-06-22:12 AM",73.6023
"2012-06-23:12 AM",68.0664
"2012-06-24:12 AM",66.4957
"2012-06-25:12 AM",64.6862
"2012-06-26:12 AM",60.9175
"2012-06-27:12 AM",66.1307
"2012-06-28:12 AM",73.1257
"2012-06-29:12 AM",79.3486
"2012-06-30:12 AM",74.4012
"2012-07-01:12 AM",75.8345
"2012-07-02:12 AM",71.751
"2012-07-03:12 AM",74.2388
"2012-07-04:12 AM",77.9382
"2012-07-05:12 AM",78.5097
"2012-07-06:12 AM",77.8429
"2012-07-07:12 AM",81.1643
"2012-07-08:12 AM",74.878
"2012-07-09:12 AM",71.7368
"2012-07-10:12 AM",70.2034
"2012-07-11:12 AM",72.2842
"2012-07-12:12 AM",73.4261
"2012-07-13:12 AM",71.6349
"2012-07-14:12 AM",69.2006
"2012-07-15:12 AM",72.4163
"2012-07-16:12 AM",76.0282
"2012-07-17:12 AM",78.7861
"2012-07-18:12 AM",80.0184
"2012-07-19:12 AM",71.274
"2012-07-20:12 AM",64.7251
"2012-07-21:12 AM",66.1617
"2012-07-22:12 AM",69.8409
"2012-07-23:12 AM",75.8403
"2012-07-24:12 AM",77.3371
"2012-07-25:12 AM",69.6396
"2012-07-26:12 AM",77.6512
"2012-07-27:12 AM",73.2463
"2012-07-28:12 AM",71.0778
"2012-07-29:12 AM",69.9647
"2012-07-30:12 AM",70.6359
"2012-07-31:12 AM",71.9213
"2012-08-01:12 AM",71.0596
"2012-08-02:12 AM",71.7305
"2012-08-03:12 AM",75.8579
"2012-08-04:12 AM",76.5127
"2012-08-05:12 AM",75.443
"2012-08-06:12 AM",70.9
"2012-08-07:12 AM",68.7087
"2012-08-08:12 AM",71.6049
"2012-08-09:12 AM",73.4389
"2012-08-10:12 AM",69.4162
"2012-08-11:12 AM",66.9144
"2012-08-12:12 AM",65.4436
"2012-08-13:12 AM",66.36
"2012-08-14:12 AM",68.1514
"2012-08-15:12 AM",66.7996
"2012-08-16:12 AM",67.8538
"2012-08-17:12 AM",70.3569
"2012-08-18:12 AM",63.5315
"2012-08-19:12 AM",61.7689
"2012-08-20:12 AM",61.5747
"2012-08-21:12 AM",62.8441
"2012-08-22:12 AM",65.9313
"2012-08-23:12 AM",66.3373
"2012-08-24:12 AM",69.0912
"2012-08-25:12 AM",70.5117
"2012-08-26:12 AM",67.7584
"2012-08-27:12 AM",70.5225
"2012-08-28:12 AM",71.0413
"2012-08-29:12 AM",64.144
"2012-08-30:12 AM",62.9643
"2012-08-31:12 AM",71.6243
"2012-09-01:12 AM",73.9252
"2012-09-02:12 AM",69.8086
"2012-09-03:12 AM",69.6207
"2012-09-04:12 AM",70.5333
"2012-09-05:12 AM",70.4617
"2012-09-06:12 AM",70.353
"2012-09-07:12 AM",71.6234
"2012-09-08:12 AM",65.2498
"2012-09-09:12 AM",58.5558
"2012-09-10:12 AM",54.9853
"2012-09-11:12 AM",54.5355
"2012-09-12:12 AM",59.9182
"2012-09-13:12 AM",62.3039
"2012-09-14:12 AM",63.0437
"2012-09-15:12 AM",56.2671
"2012-09-16:12 AM",54.2185
"2012-09-17:12 AM",59.0905
"2012-09-18:12 AM",62.4081
"2012-09-19:12 AM",51.2683
"2012-09-20:12 AM",53.7114
"2012-09-21:12 AM",60.6729
"2012-09-22:12 AM",61.0023
"2012-09-23:12 AM",50.1523
"2012-09-24:12 AM",48.1883
"2012-09-25:12 AM",53.5221
"2012-09-26:12 AM",60.6652
"2012-09-27:12 AM",61.7004
"2012-09-28:12 AM",58.2989
"2012-09-29:12 AM",52.3971
"2012-09-30:12 AM",49.3299
"2012-10-01:12 AM",52.0682
"2012-10-02:12 AM",58.3034
"2012-10-03:12 AM",64.3633
"2012-10-04:12 AM",62.1775
"2012-10-05:12 AM",60.6999
"2012-10-06:12 AM",52.0131
"2012-10-07:12 AM",43.7601
"2012-10-08:12 AM",39.785
"2012-10-09:12 AM",44.0706
"2012-10-10:12 AM",47.4807
"2012-10-11:12 AM",42.7858
"2012-10-12:12 AM",41.9999
"2012-10-13:12 AM",39.6243
"2012-10-14:12 AM",55.6421
"2012-10-15:12 AM",55.4203
"2012-10-16:12 AM",44.942
"2012-10-17:12 AM",47.428
"2012-10-18:12 AM",52.8165
"2012-10-19:12 AM",54.4397
"2012-10-20:12 AM",47.2051
"2012-10-21:12 AM",46.7947
"2012-10-22:12 AM",49.0091
"2012-10-23:12 AM",56.5995
"2012-10-24:12 AM",59.4208
"2012-10-25:12 AM",59.6865
"2012-10-26:12 AM",58.7311
"2012-10-27:12 AM",54.9538
"2012-10-28:12 AM",47.5803
"2012-10-29:12 AM",44.4938
"2012-10-30:12 AM",40.8862
"2012-10-31:12 AM",37.8468
"2012-11-01:12 AM",38.8852
"2012-11-02:12 AM",37.9175
"2012-11-03:12 AM",36.7162
"2012-11-04:12 AM",35.571
"2012-11-05:12 AM",32.6206
"2012-11-06:12 AM",29.9671
"2012-11-07:12 AM",32.5794
"2012-11-08:12 AM",32.4549
"2012-11-09:12 AM",35.8551
"2012-11-10:12 AM",41.7612
"2012-11-11:12 AM",48.0841
"2012-11-12:12 AM",52.1623
"2012-11-13:12 AM",36.6262
"2012-11-14:12 AM",32.2446
"2012-11-15:12 AM",32.5677
"2012-11-16:12 AM",34.0336
"2012-11-17:12 AM",34.7504
"2012-11-18:12 AM",35.6067
"2012-11-19:12 AM",36.3096
"2012-11-20:12 AM",37.7303
"2012-11-21:12 AM",37.0756
"2012-11-22:12 AM",38.5169
"2012-11-23:12 AM",40.4928
"2012-11-24:12 AM",30.8057
"2012-11-25:12 AM",29.3063
"2012-11-26:12 AM",30.8795
"2012-11-27:12 AM",31.7467
"2012-11-28:12 AM",28.4959
"2012-11-29:12 AM",30.713
"2012-11-30:12 AM",33.1693
"2012-12-01:12 AM",36.8717
"2012-12-02:12 AM",44.0434
"2012-12-03:12 AM",52.2072
"2012-12-04:12 AM",55.6007
"2012-12-05:12 AM",39.8847
"2012-12-06:12 AM",31.0264
"2012-12-07:12 AM",35.3383
"2012-12-08:12 AM",42.9305
"2012-12-09:12 AM",39.6743
"2012-12-10:12 AM",44.929
"2012-12-11:12 AM",35.4564
"2012-12-12:12 AM",31.1252
"2012-12-13:12 AM",31.2251
"2012-12-14:12 AM",32.8217
"2012-12-15:12 AM",35.152
"2012-12-16:12 AM",40.7808
"2012-12-17:12 AM",43.6521
"2012-12-18:12 AM",40.2562
"2012-12-19:12 AM",36.4921
"2012-12-20:12 AM",34.927
"2012-12-21:12 AM",33.6337
"2012-12-22:12 AM",27.7918
"2012-12-23:12 AM",28.2573
"2012-12-24:12 AM",29.5786
"2012-12-25:12 AM",30.6106
"2012-12-26:12 AM",25.6293
"2012-12-27:12 AM",26.9539
"2012-12-28:12 AM",24.3784
"2012-12-29:12 AM",26.6054
"2012-12-30:12 AM",23.9601
"2012-12-31:12 AM",24.9985
"2013-01-01:12 AM",27.8508
"2013-01-02:12 AM",17.533
"2013-01-03:12 AM",19.4833
"2013-01-04:12 AM",24.7042
"2013-01-05:12 AM",26.4497
"2013-01-06:12 AM",30.5429
"2013-01-07:12 AM",29.07
"2013-01-08:12 AM",28.533
"2013-01-09:12 AM",33.6992
"2013-01-10:12 AM",32.6221
"2013-01-11:12 AM",36.5185
"2013-01-12:12 AM",43.8967
"2013-01-13:12 AM",47.233
"2013-01-14:12 AM",40.3781
"2013-01-15:12 AM",31.6614
"2013-01-16:12 AM",31.284
"2013-01-17:12 AM",31.683
"2013-01-18:12 AM",22.937
"2013-01-19:12 AM",32.0367
"2013-01-20:12 AM",30.2657
"2013-01-21:12 AM",22.4402
"2013-01-22:12 AM",10.5188
"2013-01-23:12 AM",8.6205
"2013-01-24:12 AM",11.2593
"2013-01-25:12 AM",10.3413
"2013-01-26:12 AM",15.1383
"2013-01-27:12 AM",15.534
"2013-01-28:12 AM",30.6021
"2013-01-29:12 AM",41.8075
"2013-01-30:12 AM",53.0506
"2013-01-31:12 AM",32.9022
"2013-02-01:12 AM",18.4352
"2013-02-02:12 AM",14.4801
"2013-02-03:12 AM",19.5271
"2013-02-04:12 AM",17.4654
"2013-02-05:12 AM",24.971
"2013-02-06:12 AM",23.3928
"2013-02-07:12 AM",21.7375
"2013-02-08:12 AM",28.2817
"2013-02-09:12 AM",19.2684
"2013-02-10:12 AM",20.4701
"2013-02-11:12 AM",34.6935
"2013-02-12:12 AM",30.492
"2013-02-13:12 AM",30.5879
"2013-02-14:12 AM",30.6912
"2013-02-15:12 AM",33.5741
"2013-02-16:12 AM",25.4827
"2013-02-17:12 AM",19.387
"2013-02-18:12 AM",20.4629
"2013-02-19:12 AM",30.704
"2013-02-20:12 AM",20.1459
"2013-02-21:12 AM",19.9386
"2013-02-22:12 AM",24.5541
"2013-02-23:12 AM",31.2829
"2013-02-24:12 AM",29.4271
"2013-02-25:12 AM",28.542
"2013-02-26:12 AM",31.9881
"2013-02-27:12 AM",35.0368
"2013-02-28:12 AM",32.5148
"2013-03-01:12 AM",29.9466
"2013-03-02:12 AM",25.9779
"2013-03-03:12 AM",24.4128
"2013-03-04:12 AM",24.2164
"2013-03-05:12 AM",27.2187
"2013-03-06:12 AM",32.0585
"2013-03-07:12 AM",31.3709
"2013-03-08:12 AM",30.0276
"2013-03-09:12 AM",31.5948
"2013-03-10:12 AM",39.9693
"2013-03-11:12 AM",43.2459
"2013-03-12:12 AM",42.1011
"2013-03-13:12 AM",31.5511
"2013-03-14:12 AM",27.1645
"2013-03-15:12 AM",32.1757
"2013-03-16:12 AM",30.3053
"2013-03-17:12 AM",27.4518
"2013-03-18:12 AM",27.2107
"2013-03-19:12 AM",31.7021
"2013-03-20:12 AM",26.7701
"2013-03-21:12 AM",22.2139
"2013-03-22:12 AM",26.2308
"2013-03-23:12 AM",28.7046
"2013-03-24:12 AM",29.347
"2013-03-25:12 AM",31.5108
"2013-03-26:12 AM",32.1701
"2013-03-27:12 AM",32.1924
"2013-03-28:12 AM",33.8819
"2013-03-29:12 AM",35.4407
"2013-03-30:12 AM",35.6736
"2013-03-31:12 AM",39.852
"2013-04-01:12 AM",36.6188
"2013-04-02:12 AM",29.5482
"2013-04-03:12 AM",29.1375
"2013-04-04:12 AM",32.7175
"2013-04-05:12 AM",37.3172
"2013-04-06:12 AM",35.2962
"2013-04-07:12 AM",45.9588
"2013-04-08:12 AM",54.1681
"2013-04-09:12 AM",60.0307
"2013-04-10:12 AM",63.2435
"2013-04-11:12 AM",54.5236
"2013-04-12:12 AM",46.4385
"2013-04-13:12 AM",40.1835
"2013-04-14:12 AM",41.3494
"2013-04-15:12 AM",49.8675
"2013-04-16:12 AM",54.8854
"2013-04-17:12 AM",54.0077
"2013-04-18:12 AM",57.6828
"2013-04-19:12 AM",57.3759
"2013-04-20:12 AM",39.3643
"2013-04-21:12 AM",36.1071
"2013-04-22:12 AM",41.7452
"2013-04-23:12 AM",44.5192
"2013-04-24:12 AM",50.6138
"2013-04-25:12 AM",42.739
"2013-04-26:12 AM",43.4273
"2013-04-27:12 AM",49.8866
"2013-04-28:12 AM",50.8717
"2013-04-29:12 AM",50.8462
"2013-04-30:12 AM",54.0162
"2013-05-01:12 AM",55.1255
"2013-05-02:12 AM",54.3583
"2013-05-03:12 AM",54.2957
"2013-05-04:12 AM",52.2266
"2013-05-05:12 AM",51.5997
"2013-05-06:12 AM",51.8086
"2013-05-07:12 AM",57.2506
"2013-05-08:12 AM",58.7197
"2013-05-09:12 AM",56.5264
"2013-05-10:12 AM",61.228
"2013-05-11:12 AM",57.1888
"2013-05-12:12 AM",46.897
"2013-05-13:12 AM",40.5259
"2013-05-14:12 AM",43.6249
"2013-05-15:12 AM",58.8731
"2013-05-16:12 AM",63.6582
"2013-05-17:12 AM",58.401
"2013-05-18:12 AM",61.1316
"2013-05-19:12 AM",59.6467
"2013-05-20:12 AM",66.292
"2013-05-21:12 AM",72.2588
"2013-05-22:12 AM",72.4818
"2013-05-23:12 AM",66.1091
"2013-05-24:12 AM",47.0608
"2013-05-25:12 AM",46.3464
"2013-05-26:12 AM",48.933
"2013-05-27:12 AM",51.6225
"2013-05-28:12 AM",58.5451
"2013-05-29:12 AM",69.895
"2013-05-30:12 AM",73.1788
"2013-05-31:12 AM",73.5687
"2013-06-01:12 AM",73.1862
"2013-06-02:12 AM",69.5145
"2013-06-03:12 AM",62.3224
"2013-06-04:12 AM",56.2091
"2013-06-05:12 AM",60.1641
"2013-06-06:12 AM",59.2345
"2013-06-07:12 AM",60.8607
"2013-06-08:12 AM",60.996
"2013-06-09:12 AM",63.2413
"2013-06-10:12 AM",65.6233
"2013-06-11:12 AM",64.0321
"2013-06-12:12 AM",67.1274
"2013-06-13:12 AM",64.2135
"2013-06-14:12 AM",61.4926
"2013-06-15:12 AM",62.6459
"2013-06-16:12 AM",64.3701
"2013-06-17:12 AM",69.9265
"2013-06-18:12 AM",66.4392
"2013-06-19:12 AM",61.4763
"2013-06-20:12 AM",63.3987
"2013-06-21:12 AM",66.9096
"2013-06-22:12 AM",70.2442
"2013-06-23:12 AM",73.2151
"2013-06-24:12 AM",75.0736
"2013-06-25:12 AM",74.4868
"2013-06-26:12 AM",71.6949
"2013-06-27:12 AM",68.7583
"2013-06-28:12 AM",68.421
"2013-06-29:12 AM",67.6623
"2013-06-30:12 AM",70.0646
"2013-07-01:12 AM",69.4341
"2013-07-02:12 AM",72.1472
"2013-07-03:12 AM",73.4792
"2013-07-04:12 AM",74.37
"2013-07-05:12 AM",75.0733
"2013-07-06:12 AM",76.4391
"2013-07-07:12 AM",74.2365
"2013-07-08:12 AM",71.7327
"2013-07-09:12 AM",71.8056
"2013-07-10:12 AM",73.2546
"2013-07-11:12 AM",70.5659
"2013-07-12:12 AM",67.2638
"2013-07-13:12 AM",69.3052
"2013-07-14:12 AM",75.5746
"2013-07-15:12 AM",76.7484
"2013-07-16:12 AM",77.8253
"2013-07-17:12 AM",77.9342
"2013-07-18:12 AM",79.637
"2013-07-19:12 AM",80.875
"2013-07-20:12 AM",76.3248
"2013-07-21:12 AM",72.2221
"2013-07-22:12 AM",70.7128
"2013-07-23:12 AM",73.1334
"2013-07-24:12 AM",63.851
"2013-07-25:12 AM",61.0365
"2013-07-26:12 AM",64.3606
"2013-07-27:12 AM",65.2899
"2013-07-28:12 AM",67.2586
"2013-07-29:12 AM",62.8848
"2013-07-30:12 AM",63.4338
"2013-07-31:12 AM",65.3101
"2013-08-01:12 AM",65.9673
"2013-08-02:12 AM",66.3388
"2013-08-03:12 AM",66.9589
"2013-08-04:12 AM",61.5569
"2013-08-05:12 AM",61.4734
"2013-08-06:12 AM",63.9167
"2013-08-07:12 AM",68.0833
"2013-08-08:12 AM",71.6473
"2013-08-09:12 AM",71.8444
"2013-08-10:12 AM",67.7331
"2013-08-11:12 AM",65.7977
"2013-08-12:12 AM",68.6619
"2013-08-13:12 AM",67.5342
"2013-08-14:12 AM",57.9315
"2013-08-15:12 AM",57.7695
"2013-08-16:12 AM",61.3621
"2013-08-17:12 AM",62.9103
"2013-08-18:12 AM",62.6245
"2013-08-19:12 AM",63.9043
"2013-08-20:12 AM",66.8237
"2013-08-21:12 AM",69.3844
"2013-08-22:12 AM",70.8721
"2013-08-23:12 AM",68.5915
"2013-08-24:12 AM",62.2022
"2013-08-25:12 AM",63.8096
"2013-08-26:12 AM",69.6103
"2013-08-27:12 AM",72.3711
"2013-08-28:12 AM",69.634
"2013-08-29:12 AM",70.8895
"2013-08-30:12 AM",70.6901
"2013-08-31:12 AM",72.8814
"2013-09-01:12 AM",70.6568
"2013-09-02:12 AM",70.6145
"2013-09-03:12 AM",62.794
"2013-09-04:12 AM",62.5102
"2013-09-05:12 AM",62.2373
"2013-09-06:12 AM",52.8838
"2013-09-07:12 AM",59.4918
"2013-09-08:12 AM",63.1071
"2013-09-09:12 AM",59.2455
"2013-09-10:12 AM",73.1887
"2013-09-11:12 AM",76.2953
"2013-09-12:12 AM",70.2876
"2013-09-13:12 AM",57.8813
"2013-09-14:12 AM",50.6986
"2013-09-15:12 AM",52.2345
"2013-09-16:12 AM",55.053
"2013-09-17:12 AM",48.0186
"2013-09-18:12 AM",51.8862
"2013-09-19:12 AM",57.0085
"2013-09-20:12 AM",61.6869
"2013-09-21:12 AM",60.3766
"2013-09-22:12 AM",52.9245
"2013-09-23:12 AM",48.8115
"2013-09-24:12 AM",49.0987
"2013-09-25:12 AM",53.2332
"2013-09-26:12 AM",55.3296
"2013-09-27:12 AM",56.3965
"2013-09-28:12 AM",55.8196
"2013-09-29:12 AM",55.3743
"2013-09-30:12 AM",57.6423
"2013-10-01:12 AM",61.5447
"2013-10-02:12 AM",63.6332
"2013-10-03:12 AM",63.0289
"2013-10-04:12 AM",66.4614
"2013-10-05:12 AM",66.5955
"2013-10-06:12 AM",68.918
"2013-10-07:12 AM",58.3162
"2013-10-08:12 AM",51.184
"2013-10-09:12 AM",50.641
"2013-10-10:12 AM",51.5277
"2013-10-11:12 AM",55.1874
"2013-10-12:12 AM",57.0726
"2013-10-13:12 AM",57.2387
"2013-10-14:12 AM",55.1205
"2013-10-15:12 AM",56.8987
"2013-10-16:12 AM",55.4643
"2013-10-17:12 AM",56.7828
"2013-10-18:12 AM",48.8197
"2013-10-19:12 AM",47.5489
"2013-10-20:12 AM",44.5015
"2013-10-21:12 AM",47.5221
"2013-10-22:12 AM",45.0304
"2013-10-23:12 AM",39
"2013-10-24:12 AM",35.8138
"2013-10-25:12 AM",36.4059
"2013-10-26:12 AM",37.6806
"2013-10-27:12 AM",39.481
"2013-10-28:12 AM",40.0318
"2013-10-29:12 AM",40.4928
"2013-10-30:12 AM",47.5097
"2013-10-31:12 AM",55.899
"2013-11-01:12 AM",56.962
"2013-11-02:12 AM",46.8712
"2013-11-03:12 AM",36.9351
"2013-11-04:12 AM",31.8812
"2013-11-05:12 AM",38.4163
"2013-11-06:12 AM",48.4299
"2013-11-07:12 AM",46.6246
"2013-11-08:12 AM",35.5143
"2013-11-09:12 AM",37.3206
"2013-11-10:12 AM",41.0153
"2013-11-11:12 AM",39.2976
"2013-11-12:12 AM",30.4329
"2013-11-13:12 AM",26.5332
"2013-11-14:12 AM",32.0529
"2013-11-15:12 AM",37.1817
"2013-11-16:12 AM",43.7803
"2013-11-17:12 AM",50.8921
"2013-11-18:12 AM",47.4422
"2013-11-19:12 AM",34.0891
"2013-11-20:12 AM",31.0003
"2013-11-21:12 AM",34.2691
"2013-11-22:12 AM",44.0771
"2013-11-23:12 AM",31.9021
"2013-11-24:12 AM",19.2047
"2013-11-25:12 AM",21.4561
"2013-11-26:12 AM",29.82
"2013-11-27:12 AM",30.3003
"2013-11-28:12 AM",22.4751
"2013-11-29:12 AM",23.612
"2013-11-30:12 AM",23.904
"2013-12-01:12 AM",30.9216
"2013-12-02:12 AM",35.0344
"2013-12-03:12 AM",35.339
"2013-12-04:12 AM",39.8331
"2013-12-05:12 AM",49.5631
"2013-12-06:12 AM",37.6522
"2013-12-07:12 AM",25.9036
"2013-12-08:12 AM",20.4134
"2013-12-09:12 AM",29.7313
"2013-12-10:12 AM",23.3303
"2013-12-11:12 AM",19.9308
"2013-12-12:12 AM",15.0199
"2013-12-13:12 AM",20.1211
"2013-12-14:12 AM",25.239
"2013-12-15:12 AM",26.1795
"2013-12-16:12 AM",16.7101
"2013-12-17:12 AM",22.5291
"2013-12-18:12 AM",23.7189
"2013-12-19:12 AM",29.734
"2013-12-20:12 AM",39.2142
"2013-12-21:12 AM",49.1653
"2013-12-22:12 AM",57.4441
"2013-12-23:12 AM",42.2668
"2013-12-24:12 AM",25.8622
"2013-12-25:12 AM",18.5715
"2013-12-26:12 AM",25.0435
"2013-12-27:12 AM",27.2899
"2013-12-28:12 AM",34.0502
"2013-12-29:12 AM",34.8251
"2013-12-30:12 AM",26.8533
"2013-12-31:12 AM",21.974
"2014-01-01:12 AM",23.1343
"2014-01-02:12 AM",22.3439
"2014-01-03:12 AM",6.7339
"2014-01-04:12 AM",13.1004
"2014-01-05:12 AM",26.0141
"2014-01-06:12 AM",24.9229
"2014-01-07:12 AM",-2.7042
"2014-01-08:12 AM",9.347
"2014-01-09:12 AM",19.2286
"2014-01-10:12 AM",29.2683
"2014-01-11:12 AM",39.3409
"2014-01-12:12 AM",31.9699
"2014-01-13:12 AM",36.0457
"2014-01-14:12 AM",38.6125
"2014-01-15:12 AM",32.1224
"2014-01-16:12 AM",26.7575
"2014-01-17:12 AM",29.6397
"2014-01-18:12 AM",19.9155
"2014-01-19:12 AM",20.8963
"2014-01-20:12 AM",28.3851
"2014-01-21:12 AM",13.5475
"2014-01-22:12 AM",2.5952
"2014-01-23:12 AM",7.2756
"2014-01-24:12 AM",5.902
"2014-01-25:12 AM",16.4215
"2014-01-26:12 AM",13.3527
"2014-01-27:12 AM",20.4426
"2014-01-28:12 AM",3.9996
"2014-01-29:12 AM",3.913
"2014-01-30:12 AM",10.8581
"2014-01-31:12 AM",23.6397
"2014-02-01:12 AM",29.109
"2014-02-02:12 AM",33.8797
"2014-02-03:12 AM",25.1528
"2014-02-04:12 AM",19.9269
"2014-02-05:12 AM",25.2779
"2014-02-06:12 AM",16.223
"2014-02-07:12 AM",15.0919
"2014-02-08:12 AM",11.8051
"2014-02-09:12 AM",16.8872
"2014-02-10:12 AM",13.9136
"2014-02-11:12 AM",8.4151
"2014-02-12:12 AM",8.4947
"2014-02-13:12 AM",22.4769
"2014-02-14:12 AM",25.6773
"2014-02-15:12 AM",23.058
"2014-02-16:12 AM",16.0313
"2014-02-17:12 AM",12.9915
"2014-02-18:12 AM",25.9918
"2014-02-19:12 AM",32.239
"2014-02-20:12 AM",30.9441
"2014-02-21:12 AM",37.3975
"2014-02-22:12 AM",34.768
"2014-02-23:12 AM",33.8328
"2014-02-24:12 AM",22.8974
"2014-02-25:12 AM",20.1223
"2014-02-26:12 AM",14.725
"2014-02-27:12 AM",10.3969
"2014-02-28:12 AM",3.7823
"2014-03-01:12 AM",16.6392
"2014-03-02:12 AM",23.6219
"2014-03-03:12 AM",9.8928
"2014-03-04:12 AM",7.0929
"2014-03-05:12 AM",15.535
"2014-03-06:12 AM",14.1827
"2014-03-07:12 AM",23.7281
"2014-03-08:12 AM",31.6396
"2014-03-09:12 AM",27.2644
"2014-03-10:12 AM",36.657
"2014-03-11:12 AM",44.3316
"2014-03-12:12 AM",37.8768
"2014-03-13:12 AM",14.9261
"2014-03-14:12 AM",31.7313
"2014-03-15:12 AM",37.4365
"2014-03-16:12 AM",25.1809
"2014-03-17:12 AM",24.078
"2014-03-18:12 AM",29.5005
"2014-03-19:12 AM",34.066
"2014-03-20:12 AM",35.5266
"2014-03-21:12 AM",32.8865
"2014-03-22:12 AM",38.6422
"2014-03-23:12 AM",28.4162
"2014-03-24:12 AM",21.326
"2014-03-25:12 AM",25.3058
"2014-03-26:12 AM",21.7042
"2014-03-27:12 AM",27.6809
"2014-03-28:12 AM",41.7168
"2014-03-29:12 AM",39.286
"2014-03-30:12 AM",33.3889
"2014-03-31:12 AM",36.14
"2014-04-01:12 AM",43.9876
"2014-04-02:12 AM",45.779
"2014-04-03:12 AM",44.7613
"2014-04-04:12 AM",45.1252
"2014-04-05:12 AM",36.3396
"2014-04-06:12 AM",37.3275
"2014-04-07:12 AM",39.4833
"2014-04-08:12 AM",43.5819
"2014-04-09:12 AM",41.9565
"2014-04-10:12 AM",46.5991
"2014-04-11:12 AM",51.5374
"2014-04-12:12 AM",51.0636
"2014-04-13:12 AM",59.8478
"2014-04-14:12 AM",61.9972
"2014-04-15:12 AM",43.6231
"2014-04-16:12 AM",30.357
"2014-04-17:12 AM",38.0802
"2014-04-18:12 AM",41.1085
"2014-04-19:12 AM",44.3773
"2014-04-20:12 AM",47.1148
"2014-04-21:12 AM",51.1268
"2014-04-22:12 AM",52.5346
"2014-04-23:12 AM",40.2172
"2014-04-24:12 AM",40.3263
"2014-04-25:12 AM",46.7371
"2014-04-26:12 AM",47.3972
"2014-04-27:12 AM",43.2763
"2014-04-28:12 AM",45.7304
"2014-04-29:12 AM",44.2974
"2014-04-30:12 AM",45.9842
"2014-05-01:12 AM",53.2065
"2014-05-02:12 AM",47.228
"2014-05-03:12 AM",48.6617
"2014-05-04:12 AM",47.4627
"2014-05-05:12 AM",45.043
"2014-05-06:12 AM",49.5318
"2014-05-07:12 AM",49.6081
"2014-05-08:12 AM",61.0554
"2014-05-09:12 AM",64.351
"2014-05-10:12 AM",62.3766
"2014-05-11:12 AM",58.9118
"2014-05-12:12 AM",64.1178
"2014-05-13:12 AM",69.0998
"2014-05-14:12 AM",62.5559
"2014-05-15:12 AM",63.6773
"2014-05-16:12 AM",52.3296
"2014-05-17:12 AM",46.29
"2014-05-18:12 AM",47.1043
"2014-05-19:12 AM",50.0203
"2014-05-20:12 AM",55.9143
"2014-05-21:12 AM",60.084
"2014-05-22:12 AM",62.7993
"2014-05-23:12 AM",54.4726
"2014-05-24:12 AM",56.4334
"2014-05-25:12 AM",59.092
"2014-05-26:12 AM",64.9134
"2014-05-27:12 AM",68.0157
"2014-05-28:12 AM",66.2506
"2014-05-29:12 AM",56.0784
"2014-05-30:12 AM",60.6965
"2014-05-31:12 AM",60.1999
"2014-06-01:12 AM",61.4723
"2014-06-02:12 AM",65.2797
"2014-06-03:12 AM",69.064
"2014-06-04:12 AM",64.4603
"2014-06-05:12 AM",60.4679
"2014-06-06:12 AM",59.464
"2014-06-07:12 AM",62.9472
"2014-06-08:12 AM",64.7942
"2014-06-09:12 AM",64.2479
"2014-06-10:12 AM",66.7443
"2014-06-11:12 AM",67.3331
"2014-06-12:12 AM",65.4168
"2014-06-13:12 AM",67.6067
"2014-06-14:12 AM",57.7558
"2014-06-15:12 AM",61.372
"2014-06-16:12 AM",68.3881
"2014-06-17:12 AM",74.2379
"2014-06-18:12 AM",76.2688
"2014-06-19:12 AM",67.0395
"2014-06-20:12 AM",63.657
"2014-06-21:12 AM",62.9865
"2014-06-22:12 AM",64.7494
"2014-06-23:12 AM",67.9606
"2014-06-24:12 AM",71.4447
"2014-06-25:12 AM",70.6422
"2014-06-26:12 AM",69.1542
"2014-06-27:12 AM",69.5718
"2014-06-28:12 AM",71.253
"2014-06-29:12 AM",69.0733
"2014-06-30:12 AM",71.3635
"2014-07-01:12 AM",75.5771
"2014-07-02:12 AM",75.772
"2014-07-03:12 AM",70.5513
"2014-07-04:12 AM",62.8156
"2014-07-05:12 AM",63.1274
"2014-07-06:12 AM",65.8965
"2014-07-07:12 AM",72.1396
"2014-07-08:12 AM",73.1415
"2014-07-09:12 AM",69.6979
"2014-07-10:12 AM",67.6897
"2014-07-11:12 AM",68.7947
"2014-07-12:12 AM",70.626
"2014-07-13:12 AM",74.1114
"2014-07-14:12 AM",70.1811
"2014-07-15:12 AM",69.1479
"2014-07-16:12 AM",63.4971
"2014-07-17:12 AM",62.1594
"2014-07-18:12 AM",63.6719
"2014-07-19:12 AM",64.0243
"2014-07-20:12 AM",67.4272
"2014-07-21:12 AM",69.7921
"2014-07-22:12 AM",73.5147
"2014-07-23:12 AM",73.8898
"2014-07-24:12 AM",65.6764
"2014-07-25:12 AM",62.3206
"2014-07-26:12 AM",67.9606
"2014-07-27:12 AM",72.034
"2014-07-28:12 AM",64.2958
"2014-07-29:12 AM",58.2957
"2014-07-30:12 AM",60.8115
"2014-07-31:12 AM",64.9191
"2014-08-01:12 AM",67.5567
"2014-08-02:12 AM",67.613
"2014-08-03:12 AM",64.7398
"2014-08-04:12 AM",66.5096
"2014-08-05:12 AM",68.7823
"2014-08-06:12 AM",64.7308
"2014-08-07:12 AM",64.7386
"2014-08-08:12 AM",63.8478
"2014-08-09:12 AM",65.5671
"2014-08-10:12 AM",67.7199
"2014-08-11:12 AM",67.6648
"2014-08-12:12 AM",66.1519
"2014-08-13:12 AM",64.7109
"2014-08-14:12 AM",58.9554
"2014-08-15:12 AM",57.4713
"2014-08-16:12 AM",59.3634
"2014-08-17:12 AM",64.2778
"2014-08-18:12 AM",64.1417
"2014-08-19:12 AM",65.9062
"2014-08-20:12 AM",68.2732
"2014-08-21:12 AM",69.4162
"2014-08-22:12 AM",67.6353
"2014-08-23:12 AM",65.4102
"2014-08-24:12 AM",64.2938
"2014-08-25:12 AM",64.5742
"2014-08-26:12 AM",66.5454
"2014-08-27:12 AM",70.1263
"2014-08-28:12 AM",61.5776
"2014-08-29:12 AM",60.2431
"2014-08-30:12 AM",67.2114
"2014-08-31:12 AM",68.7893
"2014-09-01:12 AM",71.1516
"2014-09-02:12 AM",72.3918
"2014-09-03:12 AM",68.1606
"2014-09-04:12 AM",68.2183
"2014-09-05:12 AM",72.9738
"2014-09-06:12 AM",70.0635
"2014-09-07:12 AM",59.8143
"2014-09-08:12 AM",60.7087
"2014-09-09:12 AM",61.9275
"2014-09-10:12 AM",65.4516
"2014-09-11:12 AM",63.7579
"2014-09-12:12 AM",56.7329
"2014-09-13:12 AM",52.624
"2014-09-14:12 AM",50.4322
"2014-09-15:12 AM",51.2836
"2014-09-16:12 AM",54.6962
"2014-09-17:12 AM",52.5553
"2014-09-18:12 AM",54.6953
"2014-09-19:12 AM",54.6665
"2014-09-20:12 AM",61.9824
"2014-09-21:12 AM",63.716
"2014-09-22:12 AM",51.7804
"2014-09-23:12 AM",50.0175
"2014-09-24:12 AM",56.8015
"2014-09-25:12 AM",57.5897
"2014-09-26:12 AM",57.3345
"2014-09-27:12 AM",59.5792
"2014-09-28:12 AM",60.0606
"2014-09-29:12 AM",61.4003
"2014-09-30:12 AM",60.485
"2014-10-01:12 AM",57.9929
"2014-10-02:12 AM",58.2321
"2014-10-03:12 AM",59.8786
"2014-10-04:12 AM",51.3228
"2014-10-05:12 AM",41.7274
"2014-10-06:12 AM",50.9322
"2014-10-07:12 AM",57.7461
"2014-10-08:12 AM",54.9385
"2014-10-09:12 AM",49.4811
"2014-10-10:12 AM",48.2598
"2014-10-11:12 AM",48.285
"2014-10-12:12 AM",44.8272
"2014-10-13:12 AM",54.1137
"2014-10-14:12 AM",64.4986
"2014-10-15:12 AM",63.4278
"2014-10-16:12 AM",56.7277
"2014-10-17:12 AM",55.2196
"2014-10-18:12 AM",50.3897
"2014-10-19:12 AM",41.4865
"2014-10-20:12 AM",43.3449
"2014-10-21:12 AM",49.5617
"2014-10-22:12 AM",46.7445
"2014-10-23:12 AM",47.6949
"2014-10-24:12 AM",48.9497
"2014-10-25:12 AM",50.929
"2014-10-26:12 AM",47.7446
"2014-10-27:12 AM",46.4889
"2014-10-28:12 AM",60.5516
"2014-10-29:12 AM",51.9255
"2014-10-30:12 AM",43.9547
"2014-10-31:12 AM",42.1812
"2014-11-01:12 AM",39.2261
"2014-11-02:12 AM",34.5157
"2014-11-03:12 AM",39.9144
"2014-11-04:12 AM",49.6875
"2014-11-05:12 AM",50.1211
"2014-11-06:12 AM",45.18
"2014-11-07:12 AM",37.4104
"2014-11-08:12 AM",35.6225
"2014-11-09:12 AM",38.3562
"2014-11-10:12 AM",43.3886
"2014-11-11:12 AM",47.7313
"2014-11-12:12 AM",44.6425
"2014-11-13:12 AM",32.4793
"2014-11-14:12 AM",28.5998
"2014-11-15:12 AM",26.7359
"2014-11-16:12 AM",31.6414
"2014-11-17:12 AM",33.1475
"2014-11-18:12 AM",17.2524
"2014-11-19:12 AM",19.9272
"2014-11-20:12 AM",25.1902
"2014-11-21:12 AM",20.9871
"2014-11-22:12 AM",28.3221
"2014-11-23:12 AM",41.4482
"2014-11-24:12 AM",54.016
"2014-11-25:12 AM",40.527
"2014-11-26:12 AM",32.5521
"2014-11-27:12 AM",27.4878
"2014-11-28:12 AM",23.1415
"2014-11-29:12 AM",26.2506
"2014-11-30:12 AM",41.335
"2014-12-01:12 AM",43.0444
"2014-12-02:12 AM",30.9189
"2014-12-03:12 AM",34.6197
"2014-12-04:12 AM",29.2644
"2014-12-05:12 AM",32.0439
"2014-12-06:12 AM",35.8752
"2014-12-07:12 AM",29.2915
"2014-12-08:12 AM",28.9074
"2014-12-09:12 AM",33.6812
"2014-12-10:12 AM",31.2957
"2014-12-11:12 AM",27.4789
"2014-12-12:12 AM",28.3507
"2014-12-13:12 AM",29.5714
"2014-12-14:12 AM",35.5633
"2014-12-15:12 AM",37.1896
"2014-12-16:12 AM",39.1318
"2014-12-17:12 AM",35.7881
"2014-12-18:12 AM",29.5306
"2014-12-19:12 AM",28.6131
"2014-12-20:12 AM",26.472
"2014-12-21:12 AM",26.9982
"2014-12-22:12 AM",28.969
"2014-12-23:12 AM",37.3429
"2014-12-24:12 AM",43.1694
"2014-12-25:12 AM",39.1998
"2014-12-26:12 AM",34.8773
"2014-12-27:12 AM",38.8976
"2014-12-28:12 AM",39.7544
"2014-12-29:12 AM",31.172
"2014-12-30:12 AM",26.0584
"2014-12-31:12 AM",20.6125
"2015-01-01:12 AM",23.211
"2015-01-02:12 AM",27.7693
"2015-01-03:12 AM",30.3823
"2015-01-04:12 AM",40.9235
"2015-01-05:12 AM",21.659
"2015-01-06:12 AM",15.6664
"2015-01-07:12 AM",10.6707
"2015-01-08:12 AM",7.2639
"2015-01-09:12 AM",16.1179
"2015-01-10:12 AM",7.5373
"2015-01-11:12 AM",18.8888
"2015-01-12:12 AM",29.6695
"2015-01-13:12 AM",14.0457
"2015-01-14:12 AM",14.6359
"2015-01-15:12 AM",18.6669
"2015-01-16:12 AM",24.0543
"2015-01-17:12 AM",19.449
"2015-01-18:12 AM",30.4615
"2015-01-19:12 AM",30.2396
"2015-01-20:12 AM",27.1999
"2015-01-21:12 AM",25.4044
"2015-01-22:12 AM",27.3636
"2015-01-23:12 AM",25.2345
"2015-01-24:12 AM",28.1066
"2015-01-25:12 AM",28.1458
"2015-01-26:12 AM",20.781
"2015-01-27:12 AM",17.5226
"2015-01-28:12 AM",11.9755
"2015-01-29:12 AM",18.3067
"2015-01-30:12 AM",20.9178
"2015-01-31:12 AM",12.0258
"2015-02-01:12 AM",23.9356
"2015-02-02:12 AM",23.0058
"2015-02-03:12 AM",10.0998
"2015-02-04:12 AM",23.5627
"2015-02-05:12 AM",14.8338
"2015-02-06:12 AM",10.6511
"2015-02-07:12 AM",24.5701
"2015-02-08:12 AM",34.4716
"2015-02-09:12 AM",28.3908
"2015-02-10:12 AM",21.8667
"2015-02-11:12 AM",21.2464
"2015-02-12:12 AM",21.2542
"2015-02-13:12 AM",6.7577
"2015-02-14:12 AM",16.3963
"2015-02-15:12 AM",0.2082
"2015-02-16:12 AM",0.5536
"2015-02-17:12 AM",8.2465
"2015-02-18:12 AM",10.1649
"2015-02-19:12 AM",4.7637
"2015-02-20:12 AM",-2.3276
"2015-02-21:12 AM",13.5442
"2015-02-22:12 AM",25.9052
"2015-02-23:12 AM",7.9338
"2015-02-24:12 AM",2.8024
"2015-02-25:12 AM",18.4044
"2015-02-26:12 AM",15.7082
"2015-02-27:12 AM",8.67
"2015-02-28:12 AM",3.5807
"2015-03-01:12 AM",20.7464
"2015-03-02:12 AM",23.112
"2015-03-03:12 AM",18.0417
"2015-03-04:12 AM",32.8957
"2015-03-05:12 AM",17.4416
"2015-03-06:12 AM",3.0258
"2015-03-07:12 AM",20.4244
"2015-03-08:12 AM",32.5913
"2015-03-09:12 AM",34.3168
"2015-03-10:12 AM",36.082
"2015-03-11:12 AM",38.8351
"2015-03-12:12 AM",32.3715
"2015-03-13:12 AM",33.6245
"2015-03-14:12 AM",39.2684
"2015-03-15:12 AM",33.426
"2015-03-16:12 AM",39.9232
"2015-03-17:12 AM",39.7521
"2015-03-18:12 AM",28.2187
"2015-03-19:12 AM",29.1724
"2015-03-20:12 AM",30.9303
"2015-03-21:12 AM",34.7778
"2015-03-22:12 AM",25.903
"2015-03-23:12 AM",24.3394
"2015-03-24:12 AM",28.94
"2015-03-25:12 AM",34.5641
"2015-03-26:12 AM",42.0082
"2015-03-27:12 AM",32.9594
"2015-03-28:12 AM",22.2294
"2015-03-29:12 AM",26.3014
"2015-03-30:12 AM",36.0741
"2015-03-31:12 AM",34.2669
"2015-04-01:12 AM",32.8417
"2015-04-02:12 AM",46.0254
"2015-04-03:12 AM",54.0795
"2015-04-04:12 AM",37.9672
"2015-04-05:12 AM",40.3988
"2015-04-06:12 AM",47.3486
"2015-04-07:12 AM",52.4647
"2015-04-08:12 AM",45.8854
"2015-04-09:12 AM",44.105
"2015-04-10:12 AM",46.8169
"2015-04-11:12 AM",42.0971
"2015-04-12:12 AM",45.4032
"2015-04-13:12 AM",55.9618
"2015-04-14:12 AM",51.9174
"2015-04-15:12 AM",48.5847
"2015-04-16:12 AM",49.0012
"2015-04-17:12 AM",54.8793
"2015-04-18:12 AM",56.368
"2015-04-19:12 AM",51.2445
"2015-04-20:12 AM",53.1115
"2015-04-21:12 AM",48.0268
"2015-04-22:12 AM",41.2905
"2015-04-23:12 AM",34.5425
"2015-04-24:12 AM",35.3595
"2015-04-25:12 AM",37.9004
"2015-04-26:12 AM",42.2193
"2015-04-27:12 AM",41.4901
"2015-04-28:12 AM",46.9281
"2015-04-29:12 AM",51.8801
"2015-04-30:12 AM",51.3817
"2015-05-01:12 AM",51.7422
"2015-05-02:12 AM",53.9523
"2015-05-03:12 AM",57.7144
"2015-05-04:12 AM",63.4928
"2015-05-05:12 AM",62.8849
"2015-05-06:12 AM",59.3654
"2015-05-07:12 AM",62.4418
"2015-05-08:12 AM",67.4937
"2015-05-09:12 AM",66.0826
"2015-05-10:12 AM",68.6296
"2015-05-11:12 AM",70.4165
"2015-05-12:12 AM",64.666
"2015-05-13:12 AM",50.0556
"2015-05-14:12 AM",49.7233
"2015-05-15:12 AM",58.3358
"2015-05-16:12 AM",65.4687
"2015-05-17:12 AM",66.5656
"2015-05-18:12 AM",68.4376
"2015-05-19:12 AM",64.6923
"2015-05-20:12 AM",49.9494
"2015-05-21:12 AM",49.0901
"2015-05-22:12 AM",51.8257
"2015-05-23:12 AM",49.6854
"2015-05-24:12 AM",59.2884
"2015-05-25:12 AM",67.5997
"2015-05-26:12 AM",69.7618
"2015-05-27:12 AM",70.8949
"2015-05-28:12 AM",68.8014
"2015-05-29:12 AM",68.1323
"2015-05-30:12 AM",70.5166
"2015-05-31:12 AM",68.3888
"2015-06-01:12 AM",57.6052
"2015-06-02:12 AM",54.1324
"2015-06-03:12 AM",56.8299
"2015-06-04:12 AM",59.3829
"2015-06-05:12 AM",63.4257
"2015-06-06:12 AM",62.8966
"2015-06-07:12 AM",61.7338
"2015-06-08:12 AM",68.5326
"2015-06-09:12 AM",64.8666
"2015-06-10:12 AM",67.5583
"2015-06-11:12 AM",73.5633
"2015-06-12:12 AM",74.0867
"2015-06-13:12 AM",70.295
"2015-06-14:12 AM",71.346
"2015-06-15:12 AM",71.9881
"2015-06-16:12 AM",71.4812
"2015-06-17:12 AM",65.4631
"2015-06-18:12 AM",67.6702
"2015-06-19:12 AM",68.6565
"2015-06-20:12 AM",66.5874
"2015-06-21:12 AM",71.2375
"2015-06-22:12 AM",71.9841
"2015-06-23:12 AM",73.083
"2015-06-24:12 AM",65.554
"2015-06-25:12 AM",62.8338
"2015-06-26:12 AM",64.2373
"2015-06-27:12 AM",60.6745
"2015-06-28:12 AM",59.1989
"2015-06-29:12 AM",62.7532
"2015-06-30:12 AM",65.4017
"2015-07-01:12 AM",65.7601
"2015-07-02:12 AM",64.7955
"2015-07-03:12 AM",65.0516
"2015-07-04:12 AM",65.3535
"2015-07-05:12 AM",65.7806
"2015-07-06:12 AM",69.1243
"2015-07-07:12 AM",73.5462
"2015-07-08:12 AM",68.9752
"2015-07-09:12 AM",69.9382
"2015-07-10:12 AM",67.6922
"2015-07-11:12 AM",68.7151
"2015-07-12:12 AM",67.7233
"2015-07-13:12 AM",69.1581
"2015-07-14:12 AM",69.7138
"2015-07-15:12 AM",67.1313
"2015-07-16:12 AM",62.1885
"2015-07-17:12 AM",67.6094
"2015-07-18:12 AM",75.4326
"2015-07-19:12 AM",76.6904
"2015-07-20:12 AM",76.0033
"2015-07-21:12 AM",72.4006
"2015-07-22:12 AM",65.2743
"2015-07-23:12 AM",64.9272
"2015-07-24:12 AM",66.2848
"2015-07-25:12 AM",68.7535
"2015-07-26:12 AM",72.7441
"2015-07-27:12 AM",72.7432
"2015-07-28:12 AM",73.5345
"2015-07-29:12 AM",74.5338
"2015-07-30:12 AM",74.5938
"2015-07-31:12 AM",70.7769
"2015-08-01:12 AM",69.6297
"2015-08-02:12 AM",69.6267
"2015-08-03:12 AM",70.385
"2015-08-04:12 AM",69.4278
"2015-08-05:12 AM",65.5615
"2015-08-06:12 AM",63.2059
"2015-08-07:12 AM",65.0898
"2015-08-08:12 AM",67.4371
"2015-08-09:12 AM",68.8914
"2015-08-10:12 AM",67.3948
"2015-08-11:12 AM",68.9923
"2015-08-12:12 AM",64.7379
"2015-08-13:12 AM",62.9568
"2015-08-14:12 AM",67.7629
"2015-08-15:12 AM",70.6879
"2015-08-16:12 AM",71.4043
"2015-08-17:12 AM",73.4884
"2015-08-18:12 AM",72.6175
"2015-08-19:12 AM",72.1855
"2015-08-20:12 AM",71.393
"2015-08-21:12 AM",65.0026
"2015-08-22:12 AM",61.6343
"2015-08-23:12 AM",63.1422
"2015-08-24:12 AM",66.4806
"2015-08-25:12 AM",63.5967
"2015-08-26:12 AM",59.8491
"2015-08-27:12 AM",59.6943
"2015-08-28:12 AM",61.8467
"2015-08-29:12 AM",64.7881
"2015-08-30:12 AM",69.7906
"2015-08-31:12 AM",72.4462
"2015-09-01:12 AM",70.9668
"2015-09-02:12 AM",71.1662
"2015-09-03:12 AM",72.5283
"2015-09-04:12 AM",72.4114
"2015-09-05:12 AM",70.9867
"2015-09-06:12 AM",69.0615
"2015-09-07:12 AM",71.3995
"2015-09-08:12 AM",74.0746
"2015-09-09:12 AM",73.0891
"2015-09-10:12 AM",64.2373
"2015-09-11:12 AM",62.5048
"2015-09-12:12 AM",58.6598
"2015-09-13:12 AM",54.5886
"2015-09-14:12 AM",55.375
"2015-09-15:12 AM",59.7447
"2015-09-16:12 AM",62.5606
"2015-09-17:12 AM",62.2285
"2015-09-18:12 AM",64.02
"2015-09-19:12 AM",67.0944
"2015-09-20:12 AM",59.1469
"2015-09-21:12 AM",54.7878
"2015-09-22:12 AM",58.1513
"2015-09-23:12 AM",58.0141
"2015-09-24:12 AM",60.33
"2015-09-25:12 AM",60.8997
"2015-09-26:12 AM",59.8959
"2015-09-27:12 AM",58.8407
"2015-09-28:12 AM",62.499
"2015-09-29:12 AM",66.4266
"2015-09-30:12 AM",60.2269
"2015-10-01:12 AM",52.2577
"2015-10-02:12 AM",46.8919
"2015-10-03:12 AM",44.2958
"2015-10-04:12 AM",50
"2015-10-05:12 AM",50.6575
"2015-10-06:12 AM",55.4733
"2015-10-07:12 AM",56.9286
"2015-10-08:12 AM",56.5866
"2015-10-09:12 AM",59.5791
"2015-10-10:12 AM",48.9861
"2015-10-11:12 AM",49.9291
"2015-10-12:12 AM",54.3274
"2015-10-13:12 AM",55.6927
"2015-10-14:12 AM",50.7182
"2015-10-15:12 AM",48.1437
"2015-10-16:12 AM",46.8005
"2015-10-17:12 AM",39.427
"2015-10-18:12 AM",33.807
"2015-10-19:12 AM",36.2644
"2015-10-20:12 AM",50.8248
"2015-10-21:12 AM",54.3492
"2015-10-22:12 AM",58.0296
"2015-10-23:12 AM",47.3614
"2015-10-24:12 AM",47.4201
"2015-10-25:12 AM",50.7708
"2015-10-26:12 AM",42.3824
"2015-10-27:12 AM",43.4233
"2015-10-28:12 AM",55.3046
"2015-10-29:12 AM",53.2582
"2015-10-30:12 AM",41.619
"2015-10-31:12 AM",40.8497
"2015-11-01:12 AM",50.0625
"2015-11-02:12 AM",49.3857
"2015-11-03:12 AM",50.2201
"2015-11-04:12 AM",54.1654
"2015-11-05:12 AM",57.9339
"2015-11-06:12 AM",61.2271
"2015-11-07:12 AM",49.4542
"2015-11-08:12 AM",40.0716
"2015-11-09:12 AM",39.7879
"2015-11-10:12 AM",48.31
"2015-11-11:12 AM",48.2603
"2015-11-12:12 AM",47.9953
"2015-11-13:12 AM",41.5101
"2015-11-14:12 AM",36.9738
"2015-11-15:12 AM",41.5859
"2015-11-16:12 AM",45.9783
"2015-11-17:12 AM",44.6994
"2015-11-18:12 AM",48.3775
"2015-11-19:12 AM",55.7008
"2015-11-20:12 AM",38.9991
"2015-11-21:12 AM",37.4533
"2015-11-22:12 AM",34.9655
"2015-11-23:12 AM",28.5129
"2015-11-24:12 AM",32.4772
"2015-11-25:12 AM",34.527
"2015-11-26:12 AM",40.9631
"2015-11-27:12 AM",49.2697
"2015-11-28:12 AM",47.1886
"2015-11-29:12 AM",36.9745
"2015-11-30:12 AM",33.9476
"2015-12-01:12 AM",41.9013
"2015-12-02:12 AM",45.0196
"2015-12-03:12 AM",36.9365
"2015-12-04:12 AM",36.6019
"2015-12-05:12 AM",35.7165
"2015-12-06:12 AM",35.5192
"2015-12-07:12 AM",35.02
"2015-12-08:12 AM",34.4863
"2015-12-09:12 AM",38.9289
"2015-12-10:12 AM",44.6536
"2015-12-11:12 AM",49.5322
"2015-12-12:12 AM",53.0553
"2015-12-13:12 AM",58.3842
"2015-12-14:12 AM",57.3687
"2015-12-15:12 AM",46.7227
"2015-12-16:12 AM",42.498
"2015-12-17:12 AM",45.0088
"2015-12-18:12 AM",33.9402
"2015-12-19:12 AM",27.9801
"2015-12-20:12 AM",28.8948
"2015-12-21:12 AM",37.4362
"2015-12-22:12 AM",48.2396
"2015-12-23:12 AM",51.6709
"2015-12-24:12 AM",56.6458
"2015-12-25:12 AM",50.8622
"2015-12-26:12 AM",44.8493
"2015-12-27:12 AM",49.3444
"2015-12-28:12 AM",33.5788
"2015-12-29:12 AM",39.792
"2015-12-30:12 AM",41.2183
"2015-12-31:12 AM",36.2458
"2016-01-01:12 AM",29.6839
"2016-01-02:12 AM",27.9104
"2016-01-03:12 AM",30.4819
"2016-01-04:12 AM",19.1287
"2016-01-05:12 AM",12.916
"2016-01-06:12 AM",21.7148
"2016-01-07:12 AM",26.8212
"2016-01-08:12 AM",30.9769
"2016-01-09:12 AM",37.7029
"2016-01-10:12 AM",40.2703
"2016-01-11:12 AM",19.9918
"2016-01-12:12 AM",22.798
"2016-01-13:12 AM",14.3915
"2016-01-14:12 AM",24.9791
"2016-01-15:12 AM",35.2204
"2016-01-16:12 AM",33.8412
"2016-01-17:12 AM",26.8927
"2016-01-18:12 AM",13.3363
"2016-01-19:12 AM",12.7085
"2016-01-20:12 AM",17.5471
"2016-01-21:12 AM",20.1106
"2016-01-22:12 AM",18.2737
"2016-01-23:12 AM",19.3393
"2016-01-24:12 AM",14.4892
"2016-01-25:12 AM",19.7303
"2016-01-26:12 AM",33.5413
"2016-01-27:12 AM",27.4869
"2016-01-28:12 AM",23.4181
"2016-01-29:12 AM",26.942
"2016-01-30:12 AM",24.993
"2016-01-31:12 AM",39.5443
"2016-02-01:12 AM",40.6303
"2016-02-02:12 AM",33.2483
"2016-02-03:12 AM",42.6888
"2016-02-04:12 AM",37.2684
"2016-02-05:12 AM",29.0435
"2016-02-06:12 AM",28.866
"2016-02-07:12 AM",31.0377
"2016-02-08:12 AM",32.9842
"2016-02-09:12 AM",29.5812
"2016-02-10:12 AM",22.6989
"2016-02-11:12 AM",13.9341
"2016-02-12:12 AM",12.0425
"2016-02-13:12 AM",8.8219
"2016-02-14:12 AM",4.5181
"2016-02-15:12 AM",17.5005
"2016-02-16:12 AM",32.1355
"2016-02-17:12 AM",27.549
"2016-02-18:12 AM",16.3578
"2016-02-19:12 AM",25.281
"2016-02-20:12 AM",42.5244
"2016-02-21:12 AM",39.1411
"2016-02-22:12 AM",34.1038
"2016-02-23:12 AM",34.8499
"2016-02-24:12 AM",39.6009
"2016-02-25:12 AM",36.0856
"2016-02-26:12 AM",24.1624
"2016-02-27:12 AM",27.6359
"2016-02-28:12 AM",39.7539
"2016-02-29:12 AM",40.7961
"2016-03-01:12 AM",39.9841
"2016-03-02:12 AM",30.211
"2016-03-03:12 AM",25.2693
"2016-03-04:12 AM",28.9692
"2016-03-05:12 AM",27.9262
"2016-03-06:12 AM",30.6781
"2016-03-07:12 AM",40.5012
"2016-03-08:12 AM",51.0962
"2016-03-09:12 AM",56.3072
"2016-03-10:12 AM",57.855
"2016-03-11:12 AM",45.9901
"2016-03-12:12 AM",43.5763
"2016-03-13:12 AM",45.9356
"2016-03-14:12 AM",44.1682
"2016-03-15:12 AM",45.3506
"2016-03-16:12 AM",49.6882
"2016-03-17:12 AM",45.0423
"2016-03-18:12 AM",39.9735
"2016-03-19:12 AM",33.3714
"2016-03-20:12 AM",32.2792
"2016-03-21:12 AM",30.8746
"2016-03-22:12 AM",37.5035
"2016-03-23:12 AM",48.7193
"2016-03-24:12 AM",53.5975
"2016-03-25:12 AM",46.7562
"2016-03-26:12 AM",37.4335
"2016-03-27:12 AM",44.8507
"2016-03-28:12 AM",43.9884
"2016-03-29:12 AM",36.9252
"2016-03-30:12 AM",40.9143
"2016-03-31:12 AM",52.3391
"2016-04-01:12 AM",56.1247
"2016-04-02:12 AM",42.2982
"2016-04-03:12 AM",28.8838
"2016-04-04:12 AM",35.1237
"2016-04-05:12 AM",24.7849
"2016-04-06:12 AM",35.4967
"2016-04-07:12 AM",42.2431
"2016-04-08:12 AM",33.4351
"2016-04-09:12 AM",28.8396
"2016-04-10:12 AM",28.2808
"2016-04-11:12 AM",44.7215
"2016-04-12:12 AM",41.6982
"2016-04-13:12 AM",38.0865
"2016-04-14:12 AM",42.1513
"2016-04-15:12 AM",46.9321
"2016-04-16:12 AM",50.5825
"2016-04-17:12 AM",55.3417
"2016-04-18:12 AM",57.3739
"2016-04-19:12 AM",54.1096
"2016-04-20:12 AM",49.2939
"2016-04-21:12 AM",55.2079
"2016-04-22:12 AM",59.4055
"2016-04-23:12 AM",49.4371
"2016-04-24:12 AM",46.0184
"2016-04-25:12 AM",55.0186
"2016-04-26:12 AM",57.6837
"2016-04-27:12 AM",47.0203
"2016-04-28:12 AM",44.5917
"2016-04-29:12 AM",44.5995
"2016-04-30:12 AM",47.5819
"2016-05-01:12 AM",49.9577
"2016-05-02:12 AM",52.2498
"2016-05-03:12 AM",50.6959
"2016-05-04:12 AM",49.0599
"2016-05-05:12 AM",48.7186
"2016-05-06:12 AM",49.3306
"2016-05-07:12 AM",52.1062
"2016-05-08:12 AM",51.0292
"2016-05-09:12 AM",50.9047
"2016-05-10:12 AM",49.2688
"2016-05-11:12 AM",54.6361
"2016-05-12:12 AM",60.6465
"2016-05-13:12 AM",59.9643
"2016-05-14:12 AM",50.3901
"2016-05-15:12 AM",40.5304
"2016-05-16:12 AM",45.5004
"2016-05-17:12 AM",50.5301
"2016-05-18:12 AM",50.5213
"2016-05-19:12 AM",52.9457
"2016-05-20:12 AM",56.4906
"2016-05-21:12 AM",51.8529
"2016-05-22:12 AM",52.5819
"2016-05-23:12 AM",58.1662
"2016-05-24:12 AM",61.9664
"2016-05-25:12 AM",65.0493
"2016-05-26:12 AM",68.0711
"2016-05-27:12 AM",72.0498
"2016-05-28:12 AM",73.9492
"2016-05-29:12 AM",70.2946
"2016-05-30:12 AM",68.6185
"2016-05-31:12 AM",68.8485
"2016-06-01:12 AM",69.366
"2016-06-02:12 AM",67.4388
"2016-06-03:12 AM",68.9241
"2016-06-04:12 AM",67.3261
"2016-06-05:12 AM",66.8167
"2016-06-06:12 AM",66.4527
"2016-06-07:12 AM",63.7425
"2016-06-08:12 AM",53.4508
"2016-06-09:12 AM",55.7879
"2016-06-10:12 AM",59.9841
"2016-06-11:12 AM",70.6494
"2016-06-12:12 AM",68.1555
"2016-06-13:12 AM",59.3254
"2016-06-14:12 AM",61.2891
"2016-06-15:12 AM",65.7117
"2016-06-16:12 AM",68.8725
"2016-06-17:12 AM",68.6012
"2016-06-18:12 AM",67.7552
"2016-06-19:12 AM",71.8543
"2016-06-20:12 AM",72.8749
"2016-06-21:12 AM",70.8453
"2016-06-22:12 AM",67.8391
"2016-06-23:12 AM",66.0148
"2016-06-24:12 AM",67.2393
"2016-06-25:12 AM",69.6243
"2016-06-26:12 AM",71.492
"2016-06-27:12 AM",71.3212
"2016-06-28:12 AM",69.9364
"2016-06-29:12 AM",63.9244
"2016-06-30:12 AM",65.8294
"2016-07-01:12 AM",67.9125
"2016-07-02:12 AM",63.0145
"2016-07-03:12 AM",63.9561
"2016-07-04:12 AM",65.1967
"2016-07-05:12 AM",72.6242
"2016-07-06:12 AM",75.7443
"2016-07-07:12 AM",75.27
"2016-07-08:12 AM",73.8934
"2016-07-09:12 AM",70.7259
"2016-07-10:12 AM",68.0374
"2016-07-11:12 AM",69.2969
"2016-07-12:12 AM",72.5823
"2016-07-13:12 AM",74.4148
"2016-07-14:12 AM",76.4616
"2016-07-15:12 AM",75.2257
"2016-07-16:12 AM",72.7353
"2016-07-17:12 AM",71.861
"2016-07-18:12 AM",74.9791
"2016-07-19:12 AM",71.1729
"2016-07-20:12 AM",68.3028
"2016-07-21:12 AM",71.5818
"2016-07-22:12 AM",78.6526
"2016-07-23:12 AM",78.1891
"2016-07-24:12 AM",75.3307
"2016-07-25:12 AM",79.1866
"2016-07-26:12 AM",75.7263
"2016-07-27:12 AM",73.9459
"2016-07-28:12 AM",72.7565
"2016-07-29:12 AM",73.6237
"2016-07-30:12 AM",70.8598
"2016-07-31:12 AM",71.3899
"2016-08-01:12 AM",70.5173
"2016-08-02:12 AM",71.3206
"2016-08-03:12 AM",71.2697
"2016-08-04:12 AM",71.1646
"2016-08-05:12 AM",72.0723
"2016-08-06:12 AM",74.0653
"2016-08-07:12 AM",69.69
"2016-08-08:12 AM",68.8683
"2016-08-09:12 AM",70.0192
"2016-08-10:12 AM",74.6496
"2016-08-11:12 AM",77.2408
"2016-08-12:12 AM",80.2504
"2016-08-13:12 AM",80.3818
"2016-08-14:12 AM",75.6075
"2016-08-15:12 AM",72.9529
"2016-08-16:12 AM",76.5802
"2016-08-17:12 AM",73.044
"2016-08-18:12 AM",72.1377
"2016-08-19:12 AM",70.972
"2016-08-20:12 AM",73.254
"2016-08-21:12 AM",69.3027
"2016-08-22:12 AM",64.044
"2016-08-23:12 AM",62.442
"2016-08-24:12 AM",68.8543
"2016-08-25:12 AM",73.5625
"2016-08-26:12 AM",74.86
"2016-08-27:12 AM",72.3083
"2016-08-28:12 AM",74.5151
"2016-08-29:12 AM",72.0369
"2016-08-30:12 AM",68.3116
"2016-08-31:12 AM",69.7964
"2016-09-01:12 AM",67.4928
"2016-09-02:12 AM",63.8571
"2016-09-03:12 AM",62.8525
"2016-09-04:12 AM",63.2307
"2016-09-05:12 AM",66.3728
"2016-09-06:12 AM",70.8181
"2016-09-07:12 AM",72.5823
"2016-09-08:12 AM",76.7766
"2016-09-09:12 AM",75.5919
"2016-09-10:12 AM",76.9107
"2016-09-11:12 AM",66.5827
"2016-09-12:12 AM",60.2595
"2016-09-13:12 AM",65.8576
"2016-09-14:12 AM",67.0924
"2016-09-15:12 AM",59.9308
"2016-09-16:12 AM",61.7607
"2016-09-17:12 AM",64.7008
"2016-09-18:12 AM",68.4167
"2016-09-19:12 AM",67.2944
"2016-09-20:12 AM",65.9815
"2016-09-21:12 AM",65.9347
"2016-09-22:12 AM",64.6291
"2016-09-23:12 AM",67.393
"2016-09-24:12 AM",60.7424
"2016-09-25:12 AM",53.6454
"2016-09-26:12 AM",57.6781
"2016-09-27:12 AM",57.414
"2016-09-28:12 AM",56.313
"2016-09-29:12 AM",57.1239
"2016-09-30:12 AM",54.4329
"2016-10-01:12 AM",55.7528
"2016-10-02:12 AM",57.0468
"2016-10-03:12 AM",55.602
"2016-10-04:12 AM",57.8779
"2016-10-05:12 AM",57.4041
"2016-10-06:12 AM",55.2439
"2016-10-07:12 AM",58.4483
"2016-10-08:12 AM",57.1674
"2016-10-09:12 AM",49.7136
"2016-10-10:12 AM",43.8706
"2016-10-11:12 AM",46.5129
"2016-10-12:12 AM",51.3644
"2016-10-13:12 AM",51.1075
"2016-10-14:12 AM",43.8894
"2016-10-15:12 AM",47.9014
"2016-10-16:12 AM",58.4164
"2016-10-17:12 AM",64.6088
"2016-10-18:12 AM",67.0827
"2016-10-19:12 AM",65.185
"2016-10-20:12 AM",62.1158
"2016-10-21:12 AM",56.0856
"2016-10-22:12 AM",41.9133
"2016-10-23:12 AM",46.8282
"2016-10-24:12 AM",47.5898
"2016-10-25:12 AM",42.0759
"2016-10-26:12 AM",37.1008
"2016-10-27:12 AM",43.0281
"2016-10-28:12 AM",41.0315
"2016-10-29:12 AM",52.2691
"2016-10-30:12 AM",59.079
"2016-10-31:12 AM",42.1209
"2016-11-01:12 AM",45.8937
"2016-11-02:12 AM",56.6416
"2016-11-03:12 AM",56.8031
"2016-11-04:12 AM",45.8551
"2016-11-05:12 AM",44.6785
"2016-11-06:12 AM",47.4197
"2016-11-07:12 AM",42.4749
"2016-11-08:12 AM",46.8122
"2016-11-09:12 AM",46.4607
"2016-11-10:12 AM",42.5091
"2016-11-11:12 AM",42.8907
"2016-11-12:12 AM",33.8864
"2016-11-13:12 AM",37.2778
"2016-11-14:12 AM",39.0839
"2016-11-15:12 AM",41.9405
"2016-11-16:12 AM",44.2841
"2016-11-17:12 AM",43.1209
"2016-11-18:12 AM",47.6443
"2016-11-19:12 AM",45.075
"2016-11-20:12 AM",30.817
"2016-11-21:12 AM",28.7852
"2016-11-22:12 AM",30.1068
"2016-11-23:12 AM",31.213
"2016-11-24:12 AM",38.273
"2016-11-25:12 AM",41.4473
"2016-11-26:12 AM",37.283
"2016-11-27:12 AM",34.903
"2016-11-28:12 AM",37.1721
"2016-11-29:12 AM",46.3017
"2016-11-30:12 AM",48.835
"2016-12-01:12 AM",40.0941
"2016-12-02:12 AM",35.1757
"2016-12-03:12 AM",35.8858
"2016-12-04:12 AM",34.7004
"2016-12-05:12 AM",35.5847
"2016-12-06:12 AM",33.771
"2016-12-07:12 AM",34.2561
"2016-12-08:12 AM",29.4012
"2016-12-09:12 AM",25.2592
"2016-12-10:12 AM",23.198
"2016-12-11:12 AM",23.2605
"2016-12-12:12 AM",31.9599
"2016-12-13:12 AM",28.5748
"2016-12-14:12 AM",23.7402
"2016-12-15:12 AM",13.2184
"2016-12-16:12 AM",11.7727
"2016-12-17:12 AM",27.1342
"2016-12-18:12 AM",32.9171
"2016-12-19:12 AM",18.0671
"2016-12-20:12 AM",21.0214
"2016-12-21:12 AM",27.2712
"2016-12-22:12 AM",32.308
"2016-12-23:12 AM",31.5644
"2016-12-24:12 AM",35.7863
"2016-12-25:12 AM",33.7264
"2016-12-26:12 AM",37.3356
"2016-12-27:12 AM",42.0714
"2016-12-28:12 AM",31.1182
"2016-12-29:12 AM",32.4957
"2016-12-30:12 AM",28.0731
"2016-12-31:12 AM",30.5069
"2017-01-01:12 AM",31.6002
"2017-01-02:12 AM",34.6064
"2017-01-03:12 AM",36.1659
"2017-01-04:12 AM",32.7027
"2017-01-05:12 AM",21.8476
"2017-01-06:12 AM",17.3775
"2017-01-07:12 AM",13.6791
"2017-01-08:12 AM",11.5426
"2017-01-09:12 AM",13.8704
"2017-01-10:12 AM",22.5288
"2017-01-11:12 AM",38.4141
"2017-01-12:12 AM",50.2344
"2017-01-13:12 AM",32.1318
"2017-01-14:12 AM",28.5082
"2017-01-15:12 AM",27.747
"2017-01-16:12 AM",29.2125
"2017-01-17:12 AM",36.8479
"2017-01-18:12 AM",37.4488
"2017-01-19:12 AM",35.573
"2017-01-20:12 AM",37.0137
"2017-01-21:12 AM",43.945
"2017-01-22:12 AM",44.8423
"2017-01-23:12 AM",38.5246
"2017-01-24:12 AM",32.8852
"2017-01-25:12 AM",37.4083
"2017-01-26:12 AM",37.6482
"2017-01-27:12 AM",30.1071
"2017-01-28:12 AM",27.7407
"2017-01-29:12 AM",26.9978
"2017-01-30:12 AM",22.0498
"2017-01-31:12 AM",25.7722
"2017-02-01:12 AM",31.1036
"2017-02-02:12 AM",26.0107
"2017-02-03:12 AM",19.958
"2017-02-04:12 AM",18.8406
"2017-02-05:12 AM",29.3232
"2017-02-06:12 AM",32.0585
"2017-02-07:12 AM",43.1436
"2017-02-08:12 AM",42.435
"2017-02-09:12 AM",21.6952
"2017-02-10:12 AM",17.4331
"2017-02-11:12 AM",33.8005
"2017-02-12:12 AM",36.8555
"2017-02-13:12 AM",27.1765
"2017-02-14:12 AM",31.2989
"2017-02-15:12 AM",31.6803
"2017-02-16:12 AM",24.5093
"2017-02-17:12 AM",26.9868
"2017-02-18:12 AM",41.5342
"2017-02-19:12 AM",46.2504
"2017-02-20:12 AM",41.1967
"2017-02-21:12 AM",40.1756
"2017-02-22:12 AM",47.7057
"2017-02-23:12 AM",53.1433
"2017-02-24:12 AM",57.0731
"2017-02-25:12 AM",50.2538
"2017-02-26:12 AM",29.512
"2017-02-27:12 AM",35.0416
"2017-02-28:12 AM",44.0339
"2017-03-01:12 AM",55.2637
"2017-03-02:12 AM",32.5314
"2017-03-03:12 AM",24.7728
"2017-03-04:12 AM",20.3578
"2017-03-05:12 AM",19.9179
"2017-03-06:12 AM",35.8261
"2017-03-07:12 AM",44.902
"2017-03-08:12 AM",43.4865
"2017-03-09:12 AM",38.5034
"2017-03-10:12 AM",27.8164
"2017-03-11:12 AM",15.2254
"2017-03-12:12 AM",16.9533
"2017-03-13:12 AM",19.6308
"2017-03-14:12 AM",21.9632
"2017-03-15:12 AM",16.3994
"2017-03-16:12 AM",21.9218
"2017-03-17:12 AM",24.1648
"2017-03-18:12 AM",32.25
"2017-03-19:12 AM",32.1471
"2017-03-20:12 AM",32.5785
"2017-03-21:12 AM",39.083
"2017-03-22:12 AM",26.1693
"2017-03-23:12 AM",26.5264
"2017-03-24:12 AM",41.5683
"2017-03-25:12 AM",53.0906
"2017-03-26:12 AM",44.4117
"2017-03-27:12 AM",47.271
"2017-03-28:12 AM",51.3406
"2017-03-29:12 AM",43.6356
"2017-03-30:12 AM",38.8731
"2017-03-31:12 AM",41.0767
"2017-04-01:12 AM",38.0579
"2017-04-02:12 AM",41.6818
"2017-04-03:12 AM",49.4721
"2017-04-04:12 AM",54.0405
"2017-04-05:12 AM",49.3115
"2017-04-06:12 AM",46.1039
"2017-04-07:12 AM",34.3357
"2017-04-08:12 AM",36.9235
"2017-04-09:12 AM",46.2168
"2017-04-10:12 AM",56.6996
"2017-04-11:12 AM",60.6033
"2017-04-12:12 AM",53.8353
"2017-04-13:12 AM",45.253
"2017-04-14:12 AM",49.987
"2017-04-15:12 AM",56.7315
"2017-04-16:12 AM",63.6237
"2017-04-17:12 AM",56.5804
"2017-04-18:12 AM",51.3171
"2017-04-19:12 AM",51.1273
"2017-04-20:12 AM",60.2821
"2017-04-21:12 AM",56.8405
"2017-04-22:12 AM",45.1715
"2017-04-23:12 AM",47.0329
"2017-04-24:12 AM",49.6954
"2017-04-25:12 AM",50.3785
"2017-04-26:12 AM",56.6931
"2017-04-27:12 AM",62.7555
"2017-04-28:12 AM",60.685
"2017-04-29:12 AM",63.027
"2017-04-30:12 AM",59.5485
"2017-05-01:12 AM",62.4753
"2017-05-02:12 AM",52.3546
"2017-05-03:12 AM",45.9327
"2017-05-04:12 AM",46.7893
"2017-05-05:12 AM",53.0931
"2017-05-06:12 AM",47.6483
"2017-05-07:12 AM",41.9581
"2017-05-08:12 AM",41.3164
"2017-05-09:12 AM",44.1847
"2017-05-10:12 AM",49.5333
"2017-05-11:12 AM",49.6186
"2017-05-12:12 AM",48.9648
"2017-05-13:12 AM",48.513
"2017-05-14:12 AM",52.5672
"2017-05-15:12 AM",52.3342
"2017-05-16:12 AM",57.8523
"2017-05-17:12 AM",69.8749
"2017-05-18:12 AM",73.207
"2017-05-19:12 AM",68.1553
"2017-05-20:12 AM",57.1158
"2017-05-21:12 AM",58.2492
"2017-05-22:12 AM",56.9181
"2017-05-23:12 AM",55.8473
"2017-05-24:12 AM",59.1247
"2017-05-25:12 AM",55.2792
"2017-05-26:12 AM",56.5423
"2017-05-27:12 AM",58.4602
"2017-05-28:12 AM",61.47
"2017-05-29:12 AM",63.2815
"2017-05-30:12 AM",60.4324
"2017-05-31:12 AM",63.0325
"2017-06-01:12 AM",60.2208
"2017-06-02:12 AM",58.1459
"2017-06-03:12 AM",59.4397
"2017-06-04:12 AM",61.0552
"2017-06-05:12 AM",63.6728
"2017-06-06:12 AM",57.8064
"2017-06-07:12 AM",54.891
"2017-06-08:12 AM",58.2611
"2017-06-09:12 AM",61.6869
"2017-06-10:12 AM",68.4001
"2017-06-11:12 AM",72.8334
"2017-06-12:12 AM",74.4006
"2017-06-13:12 AM",76.1297
"2017-06-14:12 AM",72.1589
"2017-06-15:12 AM",70.0263
"2017-06-16:12 AM",68.6746
"2017-06-17:12 AM",71.0191
"2017-06-18:12 AM",74.9802
"2017-06-19:12 AM",69.9107
"2017-06-20:12 AM",66.6023
"2017-06-21:12 AM",66.4909
"2017-06-22:12 AM",69.5563
"2017-06-23:12 AM",71.1108
"2017-06-24:12 AM",70.5133
"2017-06-25:12 AM",64.4148
"2017-06-26:12 AM",60.8151
"2017-06-27:12 AM",59.5355
"2017-06-28:12 AM",61.4124
"2017-06-29:12 AM",68.947
"2017-06-30:12 AM",72.6109
"2017-07-01:12 AM",72.0711
"2017-07-02:12 AM",71.6234
"2017-07-03:12 AM",70.7187
"2017-07-04:12 AM",69.9242
"2017-07-05:12 AM",69.8085
"2017-07-06:12 AM",68.261
"2017-07-07:12 AM",71.9998
"2017-07-08:12 AM",67.3237
"2017-07-09:12 AM",65.0793
"2017-07-10:12 AM",67.9206
"2017-07-11:12 AM",70.6012
"2017-07-12:12 AM",73.7141
"2017-07-13:12 AM",73.7373
"2017-07-14:12 AM",72.3382
"2017-07-15:12 AM",68.3013
"2017-07-16:12 AM",69.579
"2017-07-17:12 AM",71.2297
"2017-07-18:12 AM",73.2389
"2017-07-19:12 AM",75.2851
"2017-07-20:12 AM",76.3914
"2017-07-21:12 AM",76.8159
"2017-07-22:12 AM",72.1431
"2017-07-23:12 AM",72.2059
"2017-07-24:12 AM",70.5616
"2017-07-25:12 AM",63.6363
"2017-07-26:12 AM",65.6517
"2017-07-27:12 AM",70.0842
"2017-07-28:12 AM",67.0008
"2017-07-29:12 AM",64.2427
"2017-07-30:12 AM",65.5216
"2017-07-31:12 AM",69.3066
"2017-08-01:12 AM",70.813
"2017-08-02:12 AM",71.5006
"2017-08-03:12 AM",70.2653
"2017-08-04:12 AM",72.3841
"2017-08-05:12 AM",63.2005
"2017-08-06:12 AM",63.1917
"2017-08-07:12 AM",62.3437
"2017-08-08:12 AM",64.402
"2017-08-09:12 AM",64.5746
"2017-08-10:12 AM",65.3452
"2017-08-11:12 AM",67.6188
"2017-08-12:12 AM",68.6602
"2017-08-13:12 AM",65.3128
"2017-08-14:12 AM",65.2356
"2017-08-15:12 AM",68.8885
"2017-08-16:12 AM",69.2377
"2017-08-17:12 AM",70.3357
"2017-08-18:12 AM",72.457
"2017-08-19:12 AM",70.3162
"2017-08-20:12 AM",66.8725
"2017-08-21:12 AM",71.8223
"2017-08-22:12 AM",74.1571
"2017-08-23:12 AM",66.7974
"2017-08-24:12 AM",61.0475
"2017-08-25:12 AM",60.2254
"2017-08-26:12 AM",60.1585
"2017-08-27:12 AM",60.6848
"2017-08-28:12 AM",61.4062
"2017-08-29:12 AM",59.9776
"2017-08-30:12 AM",62.0308
"2017-08-31:12 AM",63.3772
"2017-09-01:12 AM",54.7594
"2017-09-02:12 AM",52.6712
"2017-09-03:12 AM",58.5262
"2017-09-04:12 AM",64.8487
"2017-09-05:12 AM",66.5168
"2017-09-06:12 AM",58.1664
"2017-09-07:12 AM",55.5213
"2017-09-08:12 AM",54.3452
"2017-09-09:12 AM",52.2369
"2017-09-10:12 AM",52.7272
"2017-09-11:12 AM",55.1561
"2017-09-12:12 AM",61.1148
"2017-09-13:12 AM",63.0822
"2017-09-14:12 AM",63.2811
"2017-09-15:12 AM",63.8042
"2017-09-16:12 AM",66.4329
"2017-09-17:12 AM",67.4046
"2017-09-18:12 AM",66.4533
"2017-09-19:12 AM",66.8633
"2017-09-20:12 AM",67.3011
"2017-09-21:12 AM",67.7071
"2017-09-22:12 AM",67.003
"2017-09-23:12 AM",67.1007
"2017-09-24:12 AM",70.3918
"2017-09-25:12 AM",71.5024
"2017-09-26:12 AM",70.7326
"2017-09-27:12 AM",71.1752
"2017-09-28:12 AM",59.7457
"2017-09-29:12 AM",53.8187
"2017-09-30:12 AM",49.9253
"2017-10-01:12 AM",46.8124
"2017-10-02:12 AM",50.6844
"2017-10-03:12 AM",54.4626
"2017-10-04:12 AM",59.6028
"2017-10-05:12 AM",64.6848
"2017-10-06:12 AM",62.656
"2017-10-07:12 AM",66.8039
"2017-10-08:12 AM",68.344
"2017-10-09:12 AM",68.5798
"2017-10-10:12 AM",65.7505
"2017-10-11:12 AM",60.2933
"2017-10-12:12 AM",57.1892
"2017-10-13:12 AM",55.1268
"2017-10-14:12 AM",58.7421
"2017-10-15:12 AM",62.5962
"2017-10-16:12 AM",48.5735
"2017-10-17:12 AM",43.225
"2017-10-18:12 AM",49.78
"2017-10-19:12 AM",53.087
"2017-10-20:12 AM",53.361
"2017-10-21:12 AM",54.2701
"2017-10-22:12 AM",56.5243
"2017-10-23:12 AM",59.2497
"2017-10-24:12 AM",56.2701
"2017-10-25:12 AM",45.7322
"2017-10-26:12 AM",42.6601
"2017-10-27:12 AM",45.6327
"2017-10-28:12 AM",48.9141
"2017-10-29:12 AM",47.014
"2017-10-30:12 AM",40.7197
"2017-10-31:12 AM",37.4016
"2017-11-01:12 AM",39.1618
"2017-11-02:12 AM",52.1017
"2017-11-03:12 AM",54.7128
"2017-11-04:12 AM",43.4206
"2017-11-05:12 AM",51.3577
"2017-11-06:12 AM",51.6988
"2017-11-07:12 AM",36.9606
"2017-11-08:12 AM",34.4629
"2017-11-09:12 AM",37.1343
"2017-11-10:12 AM",26.8578
"2017-11-11:12 AM",24.422
"2017-11-12:12 AM",30.7009
"2017-11-13:12 AM",35.3827
"2017-11-14:12 AM",35.7004
"2017-11-15:12 AM",35.6805
"2017-11-16:12 AM",40.1335
"2017-11-17:12 AM",34.2225
"2017-11-18:12 AM",38.6856
"2017-11-19:12 AM",39.1671
"2017-11-20:12 AM",32.164
"2017-11-21:12 AM",38.1367
"2017-11-22:12 AM",36.3079
"2017-11-23:12 AM",29.5957
"2017-11-24:12 AM",34.4325
"2017-11-25:12 AM",39.6846
"2017-11-26:12 AM",34.9749
"2017-11-27:12 AM",35.5186
"2017-11-28:12 AM",40.2791
"2017-11-29:12 AM",41.5017
"2017-11-30:12 AM",39.6259
"2017-12-01:12 AM",38.2071
"2017-12-02:12 AM",35.2213
"2017-12-03:12 AM",35.0011
"2017-12-04:12 AM",36.8127
"2017-12-05:12 AM",43.7578
"2017-12-06:12 AM",33.6141
"2017-12-07:12 AM",30.6842
"2017-12-08:12 AM",25.7198
"2017-12-09:12 AM",26.7892
"2017-12-10:12 AM",26.2468
"2017-12-11:12 AM",28.3755
"2017-12-12:12 AM",28.7397
"2017-12-13:12 AM",18.1861
"2017-12-14:12 AM",20.6748
"2017-12-15:12 AM",18.7844
"2017-12-16:12 AM",26.0766
"2017-12-17:12 AM",30.9114
"2017-12-18:12 AM",34.6566
"2017-12-19:12 AM",39.787
"2017-12-20:12 AM",32.9839
"2017-12-21:12 AM",29.9012
"2017-12-22:12 AM",35.456
"2017-12-23:12 AM",38.2786
"2017-12-24:12 AM",31.6661
"2017-12-25:12 AM",24.1549
"2017-12-26:12 AM",16.3931
"2017-12-27:12 AM",11.9012
"2017-12-28:12 AM",8.7028
"2017-12-29:12 AM",12.1507
"2017-12-30:12 AM",15.6906
"2017-12-31:12 AM",7.9234
"2018-01-01:12 AM",7.0038
"2018-01-02:12 AM",7.8422
"2018-01-03:12 AM",9.9664
"2018-01-04:12 AM",13.3632
"2018-01-05:12 AM",4.7059
"2018-01-06:12 AM",3.7557
"2018-01-07:12 AM",5.1631
"2018-01-08:12 AM",22.3632
"2018-01-09:12 AM",29.4015
"2018-01-10:12 AM",27.5684
"2018-01-11:12 AM",39.6039
"2018-01-12:12 AM",51.0883
"2018-01-13:12 AM",17.944
"2018-01-14:12 AM",9.7164
"2018-01-15:12 AM",13.9237
"2018-01-16:12 AM",22.5903
"2018-01-17:12 AM",12.2358
"2018-01-18:12 AM",13.3398
"2018-01-19:12 AM",23.6613
"2018-01-20:12 AM",32.3386
"2018-01-21:12 AM",38.4489
"2018-01-22:12 AM",44.5356
"2018-01-23:12 AM",42.9967
"2018-01-24:12 AM",28.767
"2018-01-25:12 AM",24.102
"2018-01-26:12 AM",28.0126
"2018-01-27:12 AM",37.3305
"2018-01-28:12 AM",39.1609
"2018-01-29:12 AM",33.2593
"2018-01-30:12 AM",22.7383
"2018-01-31:12 AM",19.6295
"2018-02-01:12 AM",33.485
"2018-02-02:12 AM",17.3707
"2018-02-03:12 AM",16.786
"2018-02-04:12 AM",27.6921
"2018-02-05:12 AM",17.8954
"2018-02-06:12 AM",21.51
"2018-02-07:12 AM",24.5154
"2018-02-08:12 AM",17.316
"2018-02-09:12 AM",20.1522
"2018-02-10:12 AM",33.9427
"2018-02-11:12 AM",38.3331
"2018-02-12:12 AM",29.2806
"2018-02-13:12 AM",25.8485
"2018-02-14:12 AM",36.2818
"2018-02-15:12 AM",48.9486
"2018-02-16:12 AM",41.9558
"2018-02-17:12 AM",28.317
"2018-02-18:12 AM",31.03
"2018-02-19:12 AM",36.3292
"2018-02-20:12 AM",52.0284
"2018-02-21:12 AM",56.0453
"2018-02-22:12 AM",37.1989
"2018-02-23:12 AM",38.1479
"2018-02-24:12 AM",41.6588
"2018-02-25:12 AM",43.2955
"2018-02-26:12 AM",38.2815
"2018-02-27:12 AM",37.5318
"2018-02-28:12 AM",43.4127
"2018-03-01:12 AM",45.4033
"2018-03-02:12 AM",31.597
"2018-03-03:12 AM",28.1937
"2018-03-04:12 AM",28.1601
"2018-03-05:12 AM",26.4375
"2018-03-06:12 AM",30.621
"2018-03-07:12 AM",31.4911
"2018-03-08:12 AM",26.3133
"2018-03-09:12 AM",27.3031
"2018-03-10:12 AM",26.3064
"2018-03-11:12 AM",25.4532
"2018-03-12:12 AM",27.6924
"2018-03-13:12 AM",27.235
"2018-03-14:12 AM",25.4473
"2018-03-15:12 AM",28.0522
"2018-03-16:12 AM",25.0903
"2018-03-17:12 AM",25.7056
"2018-03-18:12 AM",29.4022
"2018-03-19:12 AM",32.1105
"2018-03-20:12 AM",29.3281
"2018-03-21:12 AM",28.4826
"2018-03-22:12 AM",29.2537
"2018-03-23:12 AM",28.4124
"2018-03-24:12 AM",29.2748
"2018-03-25:12 AM",27.4012
"2018-03-26:12 AM",32.315
"2018-03-27:12 AM",33.2575
"2018-03-28:12 AM",41.0963
"2018-03-29:12 AM",48.0349
"2018-03-30:12 AM",42.598
"2018-03-31:12 AM",37.9391
"2018-04-01:12 AM",38.9053
"2018-04-02:12 AM",33.4186
"2018-04-03:12 AM",39.0693
"2018-04-04:12 AM",40.6906
"2018-04-05:12 AM",30.4574
"2018-04-06:12 AM",38.0437
"2018-04-07:12 AM",29.4109
"2018-04-08:12 AM",27.2802
"2018-04-09:12 AM",30.2268
"2018-04-10:12 AM",31.753
"2018-04-11:12 AM",35.6131
"2018-04-12:12 AM",48.3622
"2018-04-13:12 AM",59.9266
"2018-04-14:12 AM",60.1243
"2018-04-15:12 AM",44.512
"2018-04-16:12 AM",38.5885
"2018-04-17:12 AM",32.4522
"2018-04-18:12 AM",34.7648
"2018-04-19:12 AM",35.8983
"2018-04-20:12 AM",34.5231
"2018-04-21:12 AM",38.5693
"2018-04-22:12 AM",45.3767
"2018-04-23:12 AM",50.5222
"2018-04-24:12 AM",48.6685
"2018-04-25:12 AM",50.5963
"2018-04-26:12 AM",45.7486
"2018-04-27:12 AM",50.1724
"2018-04-28:12 AM",46.7442
"2018-04-29:12 AM",38.8215
"2018-04-30:12 AM",44.0487
"2018-05-01:12 AM",54.5418
"2018-05-02:12 AM",64.3113
"2018-05-03:12 AM",69.2078
"2018-05-04:12 AM",68.7648
"2018-05-05:12 AM",58.0075
"2018-05-06:12 AM",55.1269
"2018-05-07:12 AM",54.8575
"2018-05-08:12 AM",57.4677
"2018-05-09:12 AM",61.1775
"2018-05-10:12 AM",60.3574
"2018-05-11:12 AM",56.1067
"2018-05-12:12 AM",57.7089
"2018-05-13:12 AM",56.1873
"2018-05-14:12 AM",63.3277
"2018-05-15:12 AM",67.0773
"2018-05-16:12 AM",60.1173
"2018-05-17:12 AM",63.4354
"2018-05-18:12 AM",61.2462
"2018-05-19:12 AM",56.1807
"2018-05-20:12 AM",63.7216
"2018-05-21:12 AM",62.6094
"2018-05-22:12 AM",63.4899
"2018-05-23:12 AM",63.4802
"2018-05-24:12 AM",63.5394
"2018-05-25:12 AM",67.3057
"2018-05-26:12 AM",71.3302
"2018-05-27:12 AM",68.1415
"2018-05-28:12 AM",68.308
"2018-05-29:12 AM",73.1446
"2018-05-30:12 AM",71.2267
"2018-05-31:12 AM",68.279
"2018-06-01:12 AM",71.1397
"2018-06-02:12 AM",68.6025
"2018-06-03:12 AM",60.8826
"2018-06-04:12 AM",57.8799
"2018-06-05:12 AM",57.6937
"2018-06-06:12 AM",53.6671
"2018-06-07:12 AM",58.8652
"2018-06-08:12 AM",66.9295
"2018-06-09:12 AM",65.3731
"2018-06-10:12 AM",62.0326
"2018-06-11:12 AM",61.5096
"2018-06-12:12 AM",62.6801
"2018-06-13:12 AM",67.3713
"2018-06-14:12 AM",65.4604
"2018-06-15:12 AM",63.2215
"2018-06-16:12 AM",64.9245
"2018-06-17:12 AM",72.9037
"2018-06-18:12 AM",76.4674
"2018-06-19:12 AM",72.8013
"2018-06-20:12 AM",65.3571
"2018-06-21:12 AM",68.212
"2018-06-22:12 AM",63.5625
"2018-06-23:12 AM",63.9383
"2018-06-24:12 AM",68.4975
"2018-06-25:12 AM",65.5176
"2018-06-26:12 AM",64.6702
"2018-06-27:12 AM",65.8305
"2018-06-28:12 AM",70.8004
"2018-06-29:12 AM",72.8071
"2018-06-30:12 AM",75.9943
"2018-07-01:12 AM",77.6887
"2018-07-02:12 AM",78.0789
"2018-07-03:12 AM",78.055
"2018-07-04:12 AM",77.4018
"2018-07-05:12 AM",76.6461
"2018-07-06:12 AM",71.5696
"2018-07-07:12 AM",63.6901
"2018-07-08:12 AM",65.149
"2018-07-09:12 AM",68.4993
"2018-07-10:12 AM",72.7363
"2018-07-11:12 AM",70.1089
"2018-07-12:12 AM",67.7777
"2018-07-13:12 AM",70.3512
"2018-07-14:12 AM",73.4934
"2018-07-15:12 AM",74.3995
"2018-07-16:12 AM",76.0397
"2018-07-17:12 AM",73.4256
"2018-07-18:12 AM",67.4208
"2018-07-19:12 AM",66.5191
"2018-07-20:12 AM",69.3185
"2018-07-21:12 AM",66.0146
"2018-07-22:12 AM",68.1129
"2018-07-23:12 AM",71.3296
"2018-07-24:12 AM",71.8862
"2018-07-25:12 AM",71.1496
"2018-07-26:12 AM",72.4593
"2018-07-27:12 AM",70.3355
"2018-07-28:12 AM",67.8772
"2018-07-29:12 AM",66.5578
"2018-07-30:12 AM",65.1182
"2018-07-31:12 AM",67.9384
"2018-08-01:12 AM",71.7643
"2018-08-02:12 AM",70.1987
"2018-08-03:12 AM",69.791
"2018-08-04:12 AM",71.8092
"2018-08-05:12 AM",73.7719
"2018-08-06:12 AM",75.5121
"2018-08-07:12 AM",74.21
"2018-08-08:12 AM",71.524
"2018-08-09:12 AM",72.6809
"2018-08-10:12 AM",71.1052
"2018-08-11:12 AM",68.8586
"2018-08-12:12 AM",68.3046
"2018-08-13:12 AM",67.1297
"2018-08-14:12 AM",66.8007
"2018-08-15:12 AM",72.1778
"2018-08-16:12 AM",73.2133
"2018-08-17:12 AM",73.6212
"2018-08-18:12 AM",69.8821
"2018-08-19:12 AM",65.352
"2018-08-20:12 AM",66.5683
"2018-08-21:12 AM",68.8064
"2018-08-22:12 AM",66.5163
"2018-08-23:12 AM",61.5808
"2018-08-24:12 AM",63.2296
"2018-08-25:12 AM",65.5196
"2018-08-26:12 AM",69.6454
"2018-08-27:12 AM",74.4037
"2018-08-28:12 AM",77.6988
"2018-08-29:12 AM",77.0517
"2018-08-30:12 AM",71.9872
"2018-08-31:12 AM",67.6269
"2018-09-01:12 AM",70.0002
"2018-09-02:12 AM",71.9433
"2018-09-03:12 AM",74.2966
"2018-09-04:12 AM",74.8517
"2018-09-05:12 AM",75.9839
"2018-09-06:12 AM",74.9307
"2018-09-07:12 AM",69.1907
"2018-09-08:12 AM",60.2337
"2018-09-09:12 AM",51.7953
"2018-09-10:12 AM",56.7099
"2018-09-11:12 AM",62.0892
"2018-09-12:12 AM",66.3723
"2018-09-13:12 AM",69.8445
"2018-09-14:12 AM",69.8689
"2018-09-15:12 AM",69.0922
"2018-09-16:12 AM",67.8936
"2018-09-17:12 AM",66.6532
"2018-09-18:12 AM",69.5343
"2018-09-19:12 AM",67.2964
"2018-09-20:12 AM",64.6988
"2018-09-21:12 AM",69.0575
"2018-09-22:12 AM",59.484
"2018-09-23:12 AM",54.9514
"2018-09-24:12 AM",56.7509
"2018-09-25:12 AM",61.1164
"2018-09-26:12 AM",65.6218
"2018-09-27:12 AM",55.3161
"2018-09-28:12 AM",55.9515
"2018-09-29:12 AM",54.3108
"2018-09-30:12 AM",52.2322
"2018-10-01:12 AM",62.6686
"2018-10-02:12 AM",66.4003
"2018-10-03:12 AM",62.4614
"2018-10-04:12 AM",64.9927
"2018-10-05:12 AM",56.2856
"2018-10-06:12 AM",64.7827
"2018-10-07:12 AM",68.0407
"2018-10-08:12 AM",68.6932
"2018-10-09:12 AM",68.988
"2018-10-10:12 AM",68.5972
"2018-10-11:12 AM",66.1163
"2018-10-12:12 AM",47.858
"2018-10-13:12 AM",42.8274
"2018-10-14:12 AM",43.6631
"2018-10-15:12 AM",52.7574
"2018-10-16:12 AM",43.1058
"2018-10-17:12 AM",42.2703
"2018-10-18:12 AM",37.4995
"2018-10-19:12 AM",42.6754
"2018-10-20:12 AM",47.5281
"2018-10-21:12 AM",36.8116
"2018-10-22:12 AM",38.7102
"2018-10-23:12 AM",44.3907
"2018-10-24:12 AM",39.6466
"2018-10-25:12 AM",37.2778
"2018-10-26:12 AM",38.5083
"2018-10-27:12 AM",39.9949
"2018-10-28:12 AM",41.2702
"2018-10-29:12 AM",42.5025
"2018-10-30:12 AM",42.4288
"2018-10-31:12 AM",50.5692
"2018-11-01:12 AM",56.0325
"2018-11-02:12 AM",54.8074
"2018-11-03:12 AM",42.4218
"2018-11-04:12 AM",39.4839
"2018-11-05:12 AM",45.7646
"2018-11-06:12 AM",50.5396
"2018-11-07:12 AM",46.1059
"2018-11-08:12 AM",38.647
"2018-11-09:12 AM",37.5613
"2018-11-10:12 AM",30.3033
"2018-11-11:12 AM",29.6829
"2018-11-12:12 AM",33.4098
"2018-11-13:12 AM",34.9443
"2018-11-14:12 AM",28.1275
"2018-11-15:12 AM",28.2276
"2018-11-16:12 AM",31.0858
"2018-11-17:12 AM",33.0523
"2018-11-18:12 AM",31.9827
"2018-11-19:12 AM",37.0387
"2018-11-20:12 AM",34.1659
"2018-11-21:12 AM",28.1316
"2018-11-22:12 AM",15.8459
"2018-11-23:12 AM",19.5328
"2018-11-24:12 AM",29.8666
"2018-11-25:12 AM",39.2491
"2018-11-26:12 AM",40.9368
"2018-11-27:12 AM",30.1662
"2018-11-28:12 AM",27.327
"2018-11-29:12 AM",27.3785
"2018-11-30:12 AM",31.8927
"2018-12-01:12 AM",34.2374
"2018-12-02:12 AM",43.1897
"2018-12-03:12 AM",40.8601
"2018-12-04:12 AM",30.4691
"2018-12-05:12 AM",27.183
"2018-12-06:12 AM",28.7263
"2018-12-07:12 AM",25.57
"2018-12-08:12 AM",22.824
"2018-12-09:12 AM",22.3194
"2018-12-10:12 AM",23.0958
"2018-12-11:12 AM",23.8219
"2018-12-12:12 AM",28.6351
"2018-12-13:12 AM",33.4425
"2018-12-14:12 AM",36.6577
"2018-12-15:12 AM",40.4559
"2018-12-16:12 AM",36.7979
"2018-12-17:12 AM",33.9805
"2018-12-18:12 AM",28.4319
"2018-12-19:12 AM",30.6257
"2018-12-20:12 AM",35.9064
"2018-12-21:12 AM",47.8517
"2018-12-22:12 AM",33.5811
"2018-12-23:12 AM",32.0005
"2018-12-24:12 AM",31.0644
"2018-12-25:12 AM",27.5121
"2018-12-26:12 AM",30.7006
"2018-12-27:12 AM",33.4326
"2018-12-28:12 AM",43.4986
"2018-12-29:12 AM",35.9802
"2018-12-30:12 AM",31.7662
"2018-12-31:12 AM",35.944
"2019-01-01:12 AM",41.2948
"2019-01-02:12 AM",34.4656
"2019-01-03:12 AM",33.5019
"2019-01-04:12 AM",34.0873
"2019-01-05:12 AM",37.3932
"2019-01-06:12 AM",36.1785
"2019-01-07:12 AM",29.0158
"2019-01-08:12 AM",38.6623
"2019-01-09:12 AM",30.4452
"2019-01-10:12 AM",23.5857
"2019-01-11:12 AM",19.7406
"2019-01-12:12 AM",21.9938
"2019-01-13:12 AM",24.0066
"2019-01-14:12 AM",21.8833
"2019-01-15:12 AM",23.306
"2019-01-16:12 AM",26.6671
"2019-01-17:12 AM",23.574
"2019-01-18:12 AM",29.1936
"2019-01-19:12 AM",27.4487
"2019-01-20:12 AM",18.871
"2019-01-21:12 AM",3.6142
"2019-01-22:12 AM",10.3042
"2019-01-23:12 AM",29.8245
"2019-01-24:12 AM",34.5045
"2019-01-25:12 AM",19.9684
"2019-01-26:12 AM",18.4039
"2019-01-27:12 AM",24.6616
"2019-01-28:12 AM",18.0813
"2019-01-29:12 AM",23.3658
"2019-01-30:12 AM",4.5156
"2019-01-31:12 AM",-0.9044
"2019-02-01:12 AM",5.8251
"2019-02-02:12 AM",18.6856
"2019-02-03:12 AM",35.818
"2019-02-04:12 AM",39.081
"2019-02-05:12 AM",43.246
"2019-02-06:12 AM",40.0235
"2019-02-07:12 AM",43.5922
"2019-02-08:12 AM",34.329
"2019-02-09:12 AM",19.4389
"2019-02-10:12 AM",21.8262
"2019-02-11:12 AM",28.7485
"2019-02-12:12 AM",30.0087
"2019-02-13:12 AM",27.0007
"2019-02-14:12 AM",28.4185
"2019-02-15:12 AM",36.1404
"2019-02-16:12 AM",26.254
"2019-02-17:12 AM",25.1577
"2019-02-18:12 AM",27.9172
"2019-02-19:12 AM",20.4838
"2019-02-20:12 AM",25.5225
"2019-02-21:12 AM",32.7276
"2019-02-22:12 AM",31.4827
"2019-02-23:12 AM",31.0438
"2019-02-24:12 AM",35.2247
"2019-02-25:12 AM",24.2733
"2019-02-26:12 AM",22.5648
"2019-02-27:12 AM",25.8341
"2019-02-28:12 AM",24.2148
"2019-03-01:12 AM",27.2876
"2019-03-02:12 AM",30.4061
"2019-03-03:12 AM",27.6595
"2019-03-04:12 AM",21.4293
"2019-03-05:12 AM",12.2045
"2019-03-06:12 AM",12.5976
"2019-03-07:12 AM",16.5553
"2019-03-08:12 AM",20.5551
"2019-03-09:12 AM",26.4232
"2019-03-10:12 AM",37.0332
"2019-03-11:12 AM",34.2856
"2019-03-12:12 AM",29.2624
"2019-03-13:12 AM",35.3428
"2019-03-14:12 AM",46.6322
"2019-03-15:12 AM",51.7624