"DateTime","(deg F) Mean Temperature (CFSR) at South Dakota, 2010-01-01 to 2019-03-14"
"2010-01-01:12 AM",2.3536
"2010-01-02:12 AM",2.3097
"2010-01-03:12 AM",10.3516
"2010-01-04:12 AM",9.5022
"2010-01-05:12 AM",10.6938
"2010-01-06:12 AM",9.7725
"2010-01-07:12 AM",-2.9191
"2010-01-08:12 AM",-6.3395
"2010-01-09:12 AM",5.4424
"2010-01-10:12 AM",27.1962
"2010-01-11:12 AM",26.0562
"2010-01-12:12 AM",28.31
"2010-01-13:12 AM",32.7466
"2010-01-14:12 AM",32.9464
"2010-01-15:12 AM",32.6815
"2010-01-16:12 AM",34.3206
"2010-01-17:12 AM",31.672
"2010-01-18:12 AM",28.1358
"2010-01-19:12 AM",29.0316
"2010-01-20:12 AM",29.9194
"2010-01-21:12 AM",30.0861
"2010-01-22:12 AM",31.4182
"2010-01-23:12 AM",31.9847
"2010-01-24:12 AM",24.3914
"2010-01-25:12 AM",18.2167
"2010-01-26:12 AM",14.0545
"2010-01-27:12 AM",14.9599
"2010-01-28:12 AM",9.7983
"2010-01-29:12 AM",12.8854
"2010-01-30:12 AM",17.1433
"2010-01-31:12 AM",11.4899
"2010-02-01:12 AM",13.9689
"2010-02-02:12 AM",14.5051
"2010-02-03:12 AM",18.0088
"2010-02-04:12 AM",24.9651
"2010-02-05:12 AM",27.7327
"2010-02-06:12 AM",26.2085
"2010-02-07:12 AM",25.4102
"2010-02-08:12 AM",9.6562
"2010-02-09:12 AM",13.0973
"2010-02-10:12 AM",12.1933
"2010-02-11:12 AM",18.3002
"2010-02-12:12 AM",22.5907
"2010-02-13:12 AM",24.292
"2010-02-14:12 AM",14.1993
"2010-02-15:12 AM",13.7179
"2010-02-16:12 AM",14.7738
"2010-02-17:12 AM",17.8939
"2010-02-18:12 AM",21.8268
"2010-02-19:12 AM",20.975
"2010-02-20:12 AM",21.6799
"2010-02-21:12 AM",19.4567
"2010-02-22:12 AM",17.262
"2010-02-23:12 AM",18.1936
"2010-02-24:12 AM",13.6092
"2010-02-25:12 AM",20.3549
"2010-02-26:12 AM",27.5004
"2010-02-27:12 AM",25.8469
"2010-02-28:12 AM",23.4788
"2010-03-01:12 AM",23.7285
"2010-03-02:12 AM",28.7127
"2010-03-03:12 AM",30.5427
"2010-03-04:12 AM",33.708
"2010-03-05:12 AM",33.9861
"2010-03-06:12 AM",33.1054
"2010-03-07:12 AM",33.6236
"2010-03-08:12 AM",36.7171
"2010-03-09:12 AM",34.4325
"2010-03-10:12 AM",31.9897
"2010-03-11:12 AM",32.3485
"2010-03-12:12 AM",33.0593
"2010-03-13:12 AM",33.8733
"2010-03-14:12 AM",34.8413
"2010-03-15:12 AM",35.7634
"2010-03-16:12 AM",37.0126
"2010-03-17:12 AM",39.6349
"2010-03-18:12 AM",41.722
"2010-03-19:12 AM",30.1773
"2010-03-20:12 AM",28.8864
"2010-03-21:12 AM",36.5083
"2010-03-22:12 AM",42.942
"2010-03-23:12 AM",39.2139
"2010-03-24:12 AM",37.3408
"2010-03-25:12 AM",36.471
"2010-03-26:12 AM",41.8779
"2010-03-27:12 AM",39.4927
"2010-03-28:12 AM",42.2496
"2010-03-29:12 AM",50.5749
"2010-03-30:12 AM",58.6938
"2010-03-31:12 AM",53.0062
"2010-04-01:12 AM",46.5445
"2010-04-02:12 AM",41.0799
"2010-04-03:12 AM",42.1479
"2010-04-04:12 AM",43.3859
"2010-04-05:12 AM",43.3645
"2010-04-06:12 AM",43.6019
"2010-04-07:12 AM",42.1182
"2010-04-08:12 AM",43.7009
"2010-04-09:12 AM",44.9485
"2010-04-10:12 AM",45.0711
"2010-04-11:12 AM",50.257
"2010-04-12:12 AM",57.6811
"2010-04-13:12 AM",63.3634
"2010-04-14:12 AM",57.4421
"2010-04-15:12 AM",54.4478
"2010-04-16:12 AM",48.6669
"2010-04-17:12 AM",48.5577
"2010-04-18:12 AM",52.8816
"2010-04-19:12 AM",55.3896
"2010-04-20:12 AM",56.2762
"2010-04-21:12 AM",54.7173
"2010-04-22:12 AM",56.3918
"2010-04-23:12 AM",54.579
"2010-04-24:12 AM",51.9157
"2010-04-25:12 AM",48.0949
"2010-04-26:12 AM",42.4557
"2010-04-27:12 AM",46.8671
"2010-04-28:12 AM",56.6069
"2010-04-29:12 AM",54.7144
"2010-04-30:12 AM",49.0564
"2010-05-01:12 AM",47.5887
"2010-05-02:12 AM",46.6099
"2010-05-03:12 AM",50.2826
"2010-05-04:12 AM",53.2936
"2010-05-05:12 AM",46.8849
"2010-05-06:12 AM",43.2912
"2010-05-07:12 AM",40.7829
"2010-05-08:12 AM",41.7033
"2010-05-09:12 AM",47.6602
"2010-05-10:12 AM",45.9993
"2010-05-11:12 AM",43.1861
"2010-05-12:12 AM",39.8237
"2010-05-13:12 AM",44.0328
"2010-05-14:12 AM",53.0244
"2010-05-15:12 AM",55.9071
"2010-05-16:12 AM",57.204
"2010-05-17:12 AM",59.2741
"2010-05-18:12 AM",61.898
"2010-05-19:12 AM",61.1679
"2010-05-20:12 AM",60.1747
"2010-05-21:12 AM",61.2761
"2010-05-22:12 AM",68.0328
"2010-05-23:12 AM",64.188
"2010-05-24:12 AM",67.6067
"2010-05-25:12 AM",62.0359
"2010-05-26:12 AM",62.6457
"2010-05-27:12 AM",70.8663
"2010-05-28:12 AM",77.6588
"2010-05-29:12 AM",72.8042
"2010-05-30:12 AM",59.6212
"2010-05-31:12 AM",63.7371
"2010-06-01:12 AM",64.3487
"2010-06-02:12 AM",59.7358
"2010-06-03:12 AM",66.0324
"2010-06-04:12 AM",68.4491
"2010-06-05:12 AM",66.9272
"2010-06-06:12 AM",65.5428
"2010-06-07:12 AM",62.17
"2010-06-08:12 AM",65.712
"2010-06-09:12 AM",63.8874
"2010-06-10:12 AM",66.5721
"2010-06-11:12 AM",68.5398
"2010-06-12:12 AM",59.0027
"2010-06-13:12 AM",57.6858
"2010-06-14:12 AM",57.0781
"2010-06-15:12 AM",60.6405
"2010-06-16:12 AM",68.9574
"2010-06-17:12 AM",72.6863
"2010-06-18:12 AM",66.2104
"2010-06-19:12 AM",65.6002
"2010-06-20:12 AM",71.9841
"2010-06-21:12 AM",74.2309
"2010-06-22:12 AM",74.9786
"2010-06-23:12 AM",68.2263
"2010-06-24:12 AM",70.6584
"2010-06-25:12 AM",77.3082
"2010-06-26:12 AM",76.5471
"2010-06-27:12 AM",73.5435
"2010-06-28:12 AM",70.7637
"2010-06-29:12 AM",71.778
"2010-06-30:12 AM",79.1294
"2010-07-01:12 AM",81.6928
"2010-07-02:12 AM",84.2274
"2010-07-03:12 AM",82.7865
"2010-07-04:12 AM",71.8572
"2010-07-05:12 AM",71.0337
"2010-07-06:12 AM",68.4905
"2010-07-07:12 AM",65.4273
"2010-07-08:12 AM",70.3049
"2010-07-09:12 AM",75.3237
"2010-07-10:12 AM",79.9266
"2010-07-11:12 AM",72.7837
"2010-07-12:12 AM",69.741
"2010-07-13:12 AM",79.907
"2010-07-14:12 AM",79.3841
"2010-07-15:12 AM",74.7729
"2010-07-16:12 AM",81.293
"2010-07-17:12 AM",86.0376
"2010-07-18:12 AM",76.9809
"2010-07-19:12 AM",75.2412
"2010-07-20:12 AM",73.2006
"2010-07-21:12 AM",74.7262
"2010-07-22:12 AM",77.1872
"2010-07-23:12 AM",73.1806
"2010-07-24:12 AM",70.3035
"2010-07-25:12 AM",74.3562
"2010-07-26:12 AM",81.8305
"2010-07-27:12 AM",80.8315
"2010-07-28:12 AM",73.166
"2010-07-29:12 AM",73.7809
"2010-07-30:12 AM",77.0043
"2010-07-31:12 AM",79.8611
"2010-08-01:12 AM",82.296
"2010-08-02:12 AM",82.0094
"2010-08-03:12 AM",76.5295
"2010-08-04:12 AM",73.0684
"2010-08-05:12 AM",73.0108
"2010-08-06:12 AM",76.3142
"2010-08-07:12 AM",82.8705
"2010-08-08:12 AM",79.2739
"2010-08-09:12 AM",79.9529
"2010-08-10:12 AM",81.5819
"2010-08-11:12 AM",83.8656
"2010-08-12:12 AM",87.141
"2010-08-13:12 AM",80.1478
"2010-08-14:12 AM",69.753
"2010-08-15:12 AM",69.0584
"2010-08-16:12 AM",69.4479
"2010-08-17:12 AM",72.5081
"2010-08-18:12 AM",78.964
"2010-08-19:12 AM",78.4177
"2010-08-20:12 AM",80.1072
"2010-08-21:12 AM",82.3716
"2010-08-22:12 AM",89.0535
"2010-08-23:12 AM",79.2482
"2010-08-24:12 AM",69.2888
"2010-08-25:12 AM",68.6043
"2010-08-26:12 AM",76.5239
"2010-08-27:12 AM",84.9076
"2010-08-28:12 AM",81.3659
"2010-08-29:12 AM",84.918
"2010-08-30:12 AM",80.038
"2010-08-31:12 AM",69.8882
"2010-09-01:12 AM",67.8616
"2010-09-02:12 AM",64.9537
"2010-09-03:12 AM",62.7201
"2010-09-04:12 AM",65.0397
"2010-09-05:12 AM",69.3844
"2010-09-06:12 AM",59.6491
"2010-09-07:12 AM",60.0519
"2010-09-08:12 AM",63.8096
"2010-09-09:12 AM",68.8116
"2010-09-10:12 AM",67.4038
"2010-09-11:12 AM",63.7102
"2010-09-12:12 AM",66.7
"2010-09-13:12 AM",66.9322
"2010-09-14:12 AM",64.9872
"2010-09-15:12 AM",60.6727
"2010-09-16:12 AM",61.5868
"2010-09-17:12 AM",58.7444
"2010-09-18:12 AM",45.6591
"2010-09-19:12 AM",50.4633
"2010-09-20:12 AM",64.0812
"2010-09-21:12 AM",62.0762
"2010-09-22:12 AM",59.3622
"2010-09-23:12 AM",54.6552
"2010-09-24:12 AM",54.9685
"2010-09-25:12 AM",59.288
"2010-09-26:12 AM",62.0337
"2010-09-27:12 AM",66.699
"2010-09-28:12 AM",65.6096
"2010-09-29:12 AM",67.201
"2010-09-30:12 AM",59.6885
"2010-10-01:12 AM",60.3799
"2010-10-02:12 AM",49.978
"2010-10-03:12 AM",54.6967
"2010-10-04:12 AM",61.0851
"2010-10-05:12 AM",69.2415
"2010-10-06:12 AM",62.7888
"2010-10-07:12 AM",64.3847
"2010-10-08:12 AM",71.4812
"2010-10-09:12 AM",63.2698
"2010-10-10:12 AM",60.4657
"2010-10-11:12 AM",62.4749
"2010-10-12:12 AM",57.4016
"2010-10-13:12 AM",51.985
"2010-10-14:12 AM",56.604
"2010-10-15:12 AM",57.9439
"2010-10-16:12 AM",55.1322
"2010-10-17:12 AM",48.2571
"2010-10-18:12 AM",45.2388
"2010-10-19:12 AM",49.9865
"2010-10-20:12 AM",55.3102
"2010-10-21:12 AM",51.3424
"2010-10-22:12 AM",57.553
"2010-10-23:12 AM",55.1347
"2010-10-24:12 AM",51.6772
"2010-10-25:12 AM",52.5218
"2010-10-26:12 AM",44.0991
"2010-10-27:12 AM",37.1444
"2010-10-28:12 AM",38.3124
"2010-10-29:12 AM",46.4056
"2010-10-30:12 AM",47.7005
"2010-10-31:12 AM",43.2374
"2010-11-01:12 AM",46.2785
"2010-11-02:12 AM",50.8627
"2010-11-03:12 AM",51.5892
"2010-11-04:12 AM",42.2668
"2010-11-05:12 AM",41.5162
"2010-11-06:12 AM",51.672
"2010-11-07:12 AM",56.7307
"2010-11-08:12 AM",57.3145
"2010-11-09:12 AM",52.5387
"2010-11-10:12 AM",41.783
"2010-11-11:12 AM",37.2717
"2010-11-12:12 AM",36.5594
"2010-11-13:12 AM",35.9089
"2010-11-14:12 AM",34.8343
"2010-11-15:12 AM",36.3
"2010-11-16:12 AM",34.4534
"2010-11-17:12 AM",32.4046
"2010-11-18:12 AM",32.9738
"2010-11-19:12 AM",30.5458
"2010-11-20:12 AM",19.4383
"2010-11-21:12 AM",22.6369
"2010-11-22:12 AM",15.4438
"2010-11-23:12 AM",13.276
"2010-11-24:12 AM",17.7852
"2010-11-25:12 AM",10.1844
"2010-11-26:12 AM",27.8915
"2010-11-27:12 AM",31.0534
"2010-11-28:12 AM",34.7657
"2010-11-29:12 AM",25.7628
"2010-11-30:12 AM",20.5939
"2010-12-01:12 AM",20.6879
"2010-12-02:12 AM",27.5011
"2010-12-03:12 AM",28.612
"2010-12-04:12 AM",22.6492
"2010-12-05:12 AM",17.1986
"2010-12-06:12 AM",18.4843
"2010-12-07:12 AM",19.3951
"2010-12-08:12 AM",21.0105
"2010-12-09:12 AM",34.8687
"2010-12-10:12 AM",33.4933
"2010-12-11:12 AM",12.9385
"2010-12-12:12 AM",7.1514
"2010-12-13:12 AM",15.9978
"2010-12-14:12 AM",25.2021
"2010-12-15:12 AM",26.1869
"2010-12-16:12 AM",23.2824
"2010-12-17:12 AM",18.3907
"2010-12-18:12 AM",10.6561
"2010-12-19:12 AM",11.8404
"2010-12-20:12 AM",22.9291
"2010-12-21:12 AM",16.4012
"2010-12-22:12 AM",13.6783
"2010-12-23:12 AM",21.2441
"2010-12-24:12 AM",22.6913
"2010-12-25:12 AM",15.984
"2010-12-26:12 AM",18.1364
"2010-12-27:12 AM",27.0563
"2010-12-28:12 AM",28.6176
"2010-12-29:12 AM",31.712
"2010-12-30:12 AM",19.9357
"2010-12-31:12 AM",3.5434
"2011-01-01:12 AM",3.7879
"2011-01-02:12 AM",13.7889
"2011-01-03:12 AM",17.3565
"2011-01-04:12 AM",13.0503
"2011-01-05:12 AM",22.9521
"2011-01-06:12 AM",31.0816
"2011-01-07:12 AM",26.8815
"2011-01-08:12 AM",14.1744
"2011-01-09:12 AM",11.0674
"2011-01-10:12 AM",8.7184
"2011-01-11:12 AM",2.2528
"2011-01-12:12 AM",-0.0027
"2011-01-13:12 AM",19.4889
"2011-01-14:12 AM",23.0729
"2011-01-15:12 AM",12.4221
"2011-01-16:12 AM",16.3693
"2011-01-17:12 AM",27.4456
"2011-01-18:12 AM",5.6941
"2011-01-19:12 AM",3.2704
"2011-01-20:12 AM",8.0962
"2011-01-21:12 AM",15.9442
"2011-01-22:12 AM",14.3913
"2011-01-23:12 AM",11.8409
"2011-01-24:12 AM",28.2382
"2011-01-25:12 AM",21.7861
"2011-01-26:12 AM",29.46
"2011-01-27:12 AM",34.0947
"2011-01-28:12 AM",34.8125
"2011-01-29:12 AM",24.431
"2011-01-30:12 AM",9.4968
"2011-01-31:12 AM",3.6797
"2011-02-01:12 AM",-1.3707
"2011-02-02:12 AM",-1.043
"2011-02-03:12 AM",18.3911
"2011-02-04:12 AM",30.7389
"2011-02-05:12 AM",33.2519
"2011-02-06:12 AM",26.3559
"2011-02-07:12 AM",9.2329
"2011-02-08:12 AM",-1.8458
"2011-02-09:12 AM",5.0972
"2011-02-10:12 AM",16.4845
"2011-02-11:12 AM",28.2384
"2011-02-12:12 AM",33.8599
"2011-02-13:12 AM",38.3072
"2011-02-14:12 AM",34.4818
"2011-02-15:12 AM",39.4596
"2011-02-16:12 AM",43.6572
"2011-02-17:12 AM",40.9111
"2011-02-18:12 AM",28.2479
"2011-02-19:12 AM",22.5554
"2011-02-20:12 AM",13.743
"2011-02-21:12 AM",8.7804
"2011-02-22:12 AM",15.5127
"2011-02-23:12 AM",25.1823
"2011-02-24:12 AM",10.476
"2011-02-25:12 AM",-0.0184
"2011-02-26:12 AM",5.0319
"2011-02-27:12 AM",17.5843
"2011-02-28:12 AM",18.9075
"2011-03-01:12 AM",24.1993
"2011-03-02:12 AM",8.0884
"2011-03-03:12 AM",22.2179
"2011-03-04:12 AM",21.6741
"2011-03-05:12 AM",14.902
"2011-03-06:12 AM",19.7929
"2011-03-07:12 AM",13.0933
"2011-03-08:12 AM",18.374
"2011-03-09:12 AM",22.2066
"2011-03-10:12 AM",28.6005
"2011-03-11:12 AM",38.1652
"2011-03-12:12 AM",29.8756
"2011-03-13:12 AM",29.0532
"2011-03-14:12 AM",36.399
"2011-03-15:12 AM",41.7088
"2011-03-16:12 AM",48.7396
"2011-03-17:12 AM",46.2918
"2011-03-18:12 AM",40.4879
"2011-03-19:12 AM",45.3924
"2011-03-20:12 AM",48.6293
"2011-03-21:12 AM",43.8708
"2011-03-22:12 AM",39.4333
"2011-03-23:12 AM",31.1301
"2011-03-24:12 AM",27.1125
"2011-03-25:12 AM",29.4411
"2011-03-26:12 AM",28.0071
"2011-03-27:12 AM",27.8386
"2011-03-28:12 AM",29.3074
"2011-03-29:12 AM",30.576
"2011-03-30:12 AM",32.4266
"2011-03-31:12 AM",38.1805
"2011-04-01:12 AM",40.6945
"2011-04-02:12 AM",45.4208
"2011-04-03:12 AM",44.4524
"2011-04-04:12 AM",36.4642
"2011-04-05:12 AM",44.4641
"2011-04-06:12 AM",47.1632
"2011-04-07:12 AM",50.9603
"2011-04-08:12 AM",49.6339
"2011-04-09:12 AM",47.3135
"2011-04-10:12 AM",47.0053
"2011-04-11:12 AM",48.6981
"2011-04-12:12 AM",51.3707
"2011-04-13:12 AM",46.202
"2011-04-14:12 AM",34.9473
"2011-04-15:12 AM",34.0488
"2011-04-16:12 AM",35.2011
"2011-04-17:12 AM",33.3894
"2011-04-18:12 AM",33.0532
"2011-04-19:12 AM",32.5076
"2011-04-20:12 AM",34.3359
"2011-04-21:12 AM",40.3542
"2011-04-22:12 AM",43.0563
"2011-04-23:12 AM",42.3138
"2011-04-24:12 AM",45.7794
"2011-04-25:12 AM",48.0393
"2011-04-26:12 AM",45.2455
"2011-04-27:12 AM",45.4926
"2011-04-28:12 AM",51.6652
"2011-04-29:12 AM",52.1931
"2011-04-30:12 AM",40.7035
"2011-05-01:12 AM",40.6162
"2011-05-02:12 AM",42.082
"2011-05-03:12 AM",46.7928
"2011-05-04:12 AM",51.091
"2011-05-05:12 AM",52.2459
"2011-05-06:12 AM",56.9341
"2011-05-07:12 AM",57.6489
"2011-05-08:12 AM",64.3849
"2011-05-09:12 AM",63.8132
"2011-05-10:12 AM",63.3729
"2011-05-11:12 AM",52.945
"2011-05-12:12 AM",45.811
"2011-05-13:12 AM",42.4056
"2011-05-14:12 AM",40.5194
"2011-05-15:12 AM",46.5467
"2011-05-16:12 AM",50.2828
"2011-05-17:12 AM",53.4758
"2011-05-18:12 AM",53.1196
"2011-05-19:12 AM",54.0732
"2011-05-20:12 AM",58.8276
"2011-05-21:12 AM",59.0279
"2011-05-22:12 AM",56.7401
"2011-05-23:12 AM",58.7898
"2011-05-24:12 AM",55.1604
"2011-05-25:12 AM",52.2023
"2011-05-26:12 AM",51.3014
"2011-05-27:12 AM",54.1621
"2011-05-28:12 AM",54.7803
"2011-05-29:12 AM",51.1264
"2011-05-30:12 AM",58.635
"2011-05-31:12 AM",54.4528
"2011-06-01:12 AM",57.0996
"2011-06-02:12 AM",71.3462
"2011-06-03:12 AM",68.4624
"2011-06-04:12 AM",62.6941
"2011-06-05:12 AM",68.7432
"2011-06-06:12 AM",77.3431
"2011-06-07:12 AM",76.0669
"2011-06-08:12 AM",58.6008
"2011-06-09:12 AM",52.6518
"2011-06-10:12 AM",52.9574
"2011-06-11:12 AM",56.1538
"2011-06-12:12 AM",65.1862
"2011-06-13:12 AM",68.8264
"2011-06-14:12 AM",64.9371
"2011-06-15:12 AM",63.9369
"2011-06-16:12 AM",66.6748
"2011-06-17:12 AM",67.2431
"2011-06-18:12 AM",65.6467
"2011-06-19:12 AM",65.5617
"2011-06-20:12 AM",63.5641
"2011-06-21:12 AM",58.9008
"2011-06-22:12 AM",60.4942
"2011-06-23:12 AM",62.8605
"2011-06-24:12 AM",65.4611
"2011-06-25:12 AM",69.4954
"2011-06-26:12 AM",68.7612
"2011-06-27:12 AM",62.1567
"2011-06-28:12 AM",65.3707
"2011-06-29:12 AM",76.4809
"2011-06-30:12 AM",81.1787
"2011-07-01:12 AM",70.7623
"2011-07-02:12 AM",70.1121
"2011-07-03:12 AM",73.296
"2011-07-04:12 AM",76.6472
"2011-07-05:12 AM",74.8508
"2011-07-06:12 AM",71.373
"2011-07-07:12 AM",73.5327
"2011-07-08:12 AM",76.068
"2011-07-09:12 AM",77.401
"2011-07-10:12 AM",78.4272
"2011-07-11:12 AM",72.2138
"2011-07-12:12 AM",66.9524
"2011-07-13:12 AM",65.0554
"2011-07-14:12 AM",73.8302
"2011-07-15:12 AM",79.92
"2011-07-16:12 AM",83.0509
"2011-07-17:12 AM",86.3159
"2011-07-18:12 AM",87.1128
"2011-07-19:12 AM",88.7927
"2011-07-20:12 AM",83.8022
"2011-07-21:12 AM",74.9962
"2011-07-22:12 AM",79.7671
"2011-07-23:12 AM",78.9393
"2011-07-24:12 AM",74.3545
"2011-07-25:12 AM",79.6091
"2011-07-26:12 AM",78.7109
"2011-07-27:12 AM",78.2748
"2011-07-28:12 AM",72.685
"2011-07-29:12 AM",76.354
"2011-07-30:12 AM",81.6303
"2011-07-31:12 AM",82.2684
"2011-08-01:12 AM",87.6787
"2011-08-02:12 AM",78.8085
"2011-08-03:12 AM",73.5305
"2011-08-04:12 AM",75.0169
"2011-08-05:12 AM",77.2392
"2011-08-06:12 AM",74.8677
"2011-08-07:12 AM",72.6503
"2011-08-08:12 AM",71.3892
"2011-08-09:12 AM",66.9448
"2011-08-10:12 AM",67.2244
"2011-08-11:12 AM",72.1791
"2011-08-12:12 AM",71.9942
"2011-08-13:12 AM",69.2328
"2011-08-14:12 AM",73.0467
"2011-08-15:12 AM",78.2128
"2011-08-16:12 AM",74.6755
"2011-08-17:12 AM",71.1232
"2011-08-18:12 AM",77.5234
"2011-08-19:12 AM",67.9046
"2011-08-20:12 AM",65.6177
"2011-08-21:12 AM",70.9077
"2011-08-22:12 AM",78.3608
"2011-08-23:12 AM",85.192
"2011-08-24:12 AM",77.6908
"2011-08-25:12 AM",77.4005
"2011-08-26:12 AM",80.4992
"2011-08-27:12 AM",77.3463
"2011-08-28:12 AM",76.1466
"2011-08-29:12 AM",67.8715
"2011-08-30:12 AM",70.0543
"2011-08-31:12 AM",78.5887
"2011-09-01:12 AM",79.8796
"2011-09-02:12 AM",67.8605
"2011-09-03:12 AM",63.5653
"2011-09-04:12 AM",59.4388
"2011-09-05:12 AM",63.097
"2011-09-06:12 AM",68.6651
"2011-09-07:12 AM",69.7512
"2011-09-08:12 AM",67.7332
"2011-09-09:12 AM",67.6449
"2011-09-10:12 AM",69.226
"2011-09-11:12 AM",73.5084
"2011-09-12:12 AM",75.0108
"2011-09-13:12 AM",60.5687
"2011-09-14:12 AM",51.3045
"2011-09-15:12 AM",41.7582
"2011-09-16:12 AM",47.4352
"2011-09-17:12 AM",55.0157
"2011-09-18:12 AM",61.0588
"2011-09-19:12 AM",63.9271
"2011-09-20:12 AM",58.5783
"2011-09-21:12 AM",52.3567
"2011-09-22:12 AM",49.4199
"2011-09-23:12 AM",58.1601
"2011-09-24:12 AM",64.8734
"2011-09-25:12 AM",62.8009
"2011-09-26:12 AM",59.6763
"2011-09-27:12 AM",63.9702
"2011-09-28:12 AM",69.2971
"2011-09-29:12 AM",61.426
"2011-09-30:12 AM",54.9351
"2011-10-01:12 AM",62.6977
"2011-10-02:12 AM",69.3876
"2011-10-03:12 AM",71.6886
"2011-10-04:12 AM",73.1246
"2011-10-05:12 AM",75.7931
"2011-10-06:12 AM",69.9409
"2011-10-07:12 AM",64.1511
"2011-10-08:12 AM",55.1989
"2011-10-09:12 AM",52.2219
"2011-10-10:12 AM",54.4393
"2011-10-11:12 AM",57.677
"2011-10-12:12 AM",56.8351
"2011-10-13:12 AM",53.7498
"2011-10-14:12 AM",48.9326
"2011-10-15:12 AM",50.2689
"2011-10-16:12 AM",46.5602
"2011-10-17:12 AM",45.6888
"2011-10-18:12 AM",44.5647
"2011-10-19:12 AM",40.5682
"2011-10-20:12 AM",39.8647
"2011-10-21:12 AM",50.0718
"2011-10-22:12 AM",51.6783
"2011-10-23:12 AM",54.8103
"2011-10-24:12 AM",52.5227
"2011-10-25:12 AM",45.9925
"2011-10-26:12 AM",41.2408
"2011-10-27:12 AM",39.6327
"2011-10-28:12 AM",41.216
"2011-10-29:12 AM",44.5741
"2011-10-30:12 AM",44.217
"2011-10-31:12 AM",47.754
"2011-11-01:12 AM",47.1474
"2011-11-02:12 AM",37.5188
"2011-11-03:12 AM",36.595
"2011-11-04:12 AM",41.8541
"2011-11-05:12 AM",47.3752
"2011-11-06:12 AM",39.884
"2011-11-07:12 AM",35.5797
"2011-11-08:12 AM",36.8854
"2011-11-09:12 AM",36.2417
"2011-11-10:12 AM",35.2083
"2011-11-11:12 AM",44.6056
"2011-11-12:12 AM",47.8839
"2011-11-13:12 AM",43.6159
"2011-11-14:12 AM",41.5778
"2011-11-15:12 AM",35.6407
"2011-11-16:12 AM",27.8836
"2011-11-17:12 AM",28.8365
"2011-11-18:12 AM",37.3359
"2011-11-19:12 AM",21.0776
"2011-11-20:12 AM",13.8276
"2011-11-21:12 AM",24.8331
"2011-11-22:12 AM",31.7358
"2011-11-23:12 AM",38.6456
"2011-11-24:12 AM",45.766
"2011-11-25:12 AM",43.1908
"2011-11-26:12 AM",35.2024
"2011-11-27:12 AM",31.9917
"2011-11-28:12 AM",41.5011
"2011-11-29:12 AM",34.3213
"2011-11-30:12 AM",37.2954
"2011-12-01:12 AM",26.6218
"2011-12-02:12 AM",27.7113
"2011-12-03:12 AM",27.5221
"2011-12-04:12 AM",21.7533
"2011-12-05:12 AM",14.6898
"2011-12-06:12 AM",13.5916
"2011-12-07:12 AM",28.2421
"2011-12-08:12 AM",20.3209
"2011-12-09:12 AM",14.8563
"2011-12-10:12 AM",27.2507
"2011-12-11:12 AM",32.6095
"2011-12-12:12 AM",28.9054
"2011-12-13:12 AM",27.7147
"2011-12-14:12 AM",29.4278
"2011-12-15:12 AM",24.9433
"2011-12-16:12 AM",25.077
"2011-12-17:12 AM",30.6246
"2011-12-18:12 AM",38.451
"2011-12-19:12 AM",31.1992
"2011-12-20:12 AM",29.7023
"2011-12-21:12 AM",32.0068
"2011-12-22:12 AM",24.9741
"2011-12-23:12 AM",28.0567
"2011-12-24:12 AM",33.5329
"2011-12-25:12 AM",34.4885
"2011-12-26:12 AM",39.4497
"2011-12-27:12 AM",32.7326
"2011-12-28:12 AM",37.7796
"2011-12-29:12 AM",42.0519
"2011-12-30:12 AM",38.426
"2011-12-31:12 AM",38.2653
"2012-01-01:12 AM",28.8662
"2012-01-02:12 AM",23.2374
"2012-01-03:12 AM",33.1088
"2012-01-04:12 AM",40.5898
"2012-01-05:12 AM",47.6469
"2012-01-06:12 AM",41.5929
"2012-01-07:12 AM",32.0803
"2012-01-08:12 AM",31.8169
"2012-01-09:12 AM",38.0615
"2012-01-10:12 AM",41.7175
"2012-01-11:12 AM",28.4209
"2012-01-12:12 AM",13.4476
"2012-01-13:12 AM",19.5294
"2012-01-14:12 AM",27.7686
"2012-01-15:12 AM",34.0441
"2012-01-16:12 AM",19.7578
"2012-01-17:12 AM",9.6856
"2012-01-18:12 AM",15.1259
"2012-01-19:12 AM",1.1404
"2012-01-20:12 AM",6.3937
"2012-01-21:12 AM",16.1011
"2012-01-22:12 AM",28.1905
"2012-01-23:12 AM",22.3722
"2012-01-24:12 AM",23.1856
"2012-01-25:12 AM",29.2681
"2012-01-26:12 AM",33.0804
"2012-01-27:12 AM",30.4759
"2012-01-28:12 AM",26.8146
"2012-01-29:12 AM",27.7677
"2012-01-30:12 AM",39.141
"2012-01-31:12 AM",37.9596
"2012-02-01:12 AM",36.342
"2012-02-02:12 AM",35.6153
"2012-02-03:12 AM",32.6755
"2012-02-04:12 AM",30.5794
"2012-02-05:12 AM",31.2786
"2012-02-06:12 AM",31.5217
"2012-02-07:12 AM",22.7545
"2012-02-08:12 AM",20.1486
"2012-02-09:12 AM",27.2478
"2012-02-10:12 AM",15.3469
"2012-02-11:12 AM",9.9432
"2012-02-12:12 AM",17.7256
"2012-02-13:12 AM",26.7141
"2012-02-14:12 AM",32.6712
"2012-02-15:12 AM",31.6472
"2012-02-16:12 AM",31.2116
"2012-02-17:12 AM",29.6258
"2012-02-18:12 AM",30.4374
"2012-02-19:12 AM",33.6868
"2012-02-20:12 AM",33.4287
"2012-02-21:12 AM",31.4289
"2012-02-22:12 AM",35.2906
"2012-02-23:12 AM",31.9636
"2012-02-24:12 AM",26.2083
"2012-02-25:12 AM",22.5574
"2012-02-26:12 AM",28.0816
"2012-02-27:12 AM",21.4516
"2012-02-28:12 AM",27.6021
"2012-02-29:12 AM",27.5716
"2012-03-01:12 AM",28.2288
"2012-03-02:12 AM",26.4123
"2012-03-03:12 AM",25.3373
"2012-03-04:12 AM",32.0925
"2012-03-05:12 AM",36.0306
"2012-03-06:12 AM",44.1585
"2012-03-07:12 AM",33.3291
"2012-03-08:12 AM",33.4963
"2012-03-09:12 AM",38.4028
"2012-03-10:12 AM",50.2522
"2012-03-11:12 AM",52.7229
"2012-03-12:12 AM",51.1646
"2012-03-13:12 AM",55.521
"2012-03-14:12 AM",55.0063
"2012-03-15:12 AM",53.607
"2012-03-16:12 AM",61.7328
"2012-03-17:12 AM",65.3655
"2012-03-18:12 AM",68.0256
"2012-03-19:12 AM",62.3989
"2012-03-20:12 AM",49.6427
"2012-03-21:12 AM",53.3727
"2012-03-22:12 AM",54.9864
"2012-03-23:12 AM",57.7827
"2012-03-24:12 AM",57.1912
"2012-03-25:12 AM",49.9395
"2012-03-26:12 AM",56.4562
"2012-03-27:12 AM",58.9111
"2012-03-28:12 AM",53.6817
"2012-03-29:12 AM",57.1064
"2012-03-30:12 AM",58.374
"2012-03-31:12 AM",65.6337
"2012-04-01:12 AM",70.3832
"2012-04-02:12 AM",55.2276
"2012-04-03:12 AM",49.0656
"2012-04-04:12 AM",51.9267
"2012-04-05:12 AM",57.9303
"2012-04-06:12 AM",57.6916
"2012-04-07:12 AM",48.5254
"2012-04-08:12 AM",48.8806
"2012-04-09:12 AM",46.2904
"2012-04-10:12 AM",42.5057
"2012-04-11:12 AM",44.0213
"2012-04-12:12 AM",52.8631
"2012-04-13:12 AM",53.6895
"2012-04-14:12 AM",52.5375
"2012-04-15:12 AM",47.35
"2012-04-16:12 AM",42.5644
"2012-04-17:12 AM",48.558
"2012-04-18:12 AM",50.7398
"2012-04-19:12 AM",46.7128
"2012-04-20:12 AM",48.8619
"2012-04-21:12 AM",53.9897
"2012-04-22:12 AM",50.1791
"2012-04-23:12 AM",60.2838
"2012-04-24:12 AM",71.3946
"2012-04-25:12 AM",71.5496
"2012-04-26:12 AM",57.0312
"2012-04-27:12 AM",48.9209
"2012-04-28:12 AM",45.4332
"2012-04-29:12 AM",49.4787
"2012-04-30:12 AM",55.722
"2012-05-01:12 AM",63.3904
"2012-05-02:12 AM",60.7964
"2012-05-03:12 AM",62.0433
"2012-05-04:12 AM",63.045
"2012-05-05:12 AM",60.3583
"2012-05-06:12 AM",55.0261
"2012-05-07:12 AM",52.2748
"2012-05-08:12 AM",50.4835
"2012-05-09:12 AM",55.8178
"2012-05-10:12 AM",64.384
"2012-05-11:12 AM",53.4045
"2012-05-12:12 AM",53.4231
"2012-05-13:12 AM",59.4946
"2012-05-14:12 AM",67.9357
"2012-05-15:12 AM",65.7464
"2012-05-16:12 AM",64.8302
"2012-05-17:12 AM",74.6836
"2012-05-18:12 AM",73.4882
"2012-05-19:12 AM",61.1586
"2012-05-20:12 AM",57.7305
"2012-05-21:12 AM",65.4033
"2012-05-22:12 AM",74.3999
"2012-05-23:12 AM",63.5266
"2012-05-24:12 AM",55.5154
"2012-05-25:12 AM",50.9995
"2012-05-26:12 AM",53.5755
"2012-05-27:12 AM",65.001
"2012-05-28:12 AM",57.402
"2012-05-29:12 AM",53.8889
"2012-05-30:12 AM",48.3989
"2012-05-31:12 AM",51.4567
"2012-06-01:12 AM",58.8479
"2012-06-02:12 AM",66.5267
"2012-06-03:12 AM",72.7052
"2012-06-04:12 AM",72.9721
"2012-06-05:12 AM",74.9084
"2012-06-06:12 AM",75.5834
"2012-06-07:12 AM",73.4698
"2012-06-08:12 AM",72.1384
"2012-06-09:12 AM",78.5235
"2012-06-10:12 AM",65.7874
"2012-06-11:12 AM",62.8151
"2012-06-12:12 AM",60.7683
"2012-06-13:12 AM",70.4118
"2012-06-14:12 AM",74.9129
"2012-06-15:12 AM",71.3017
"2012-06-16:12 AM",69.1473
"2012-06-17:12 AM",75.4696
"2012-06-18:12 AM",77.2203
"2012-06-19:12 AM",74.9705
"2012-06-20:12 AM",63.4914
"2012-06-21:12 AM",66.9387
"2012-06-22:12 AM",71.2247
"2012-06-23:12 AM",76.363
"2012-06-24:12 AM",77.0268
"2012-06-25:12 AM",77.7267
"2012-06-26:12 AM",85.1162
"2012-06-27:12 AM",82.5179
"2012-06-28:12 AM",79.9642
"2012-06-29:12 AM",81.3571
"2012-06-30:12 AM",81.761
"2012-07-01:12 AM",83.5984
"2012-07-02:12 AM",87.9422
"2012-07-03:12 AM",87.7325
"2012-07-04:12 AM",88.9871
"2012-07-05:12 AM",81.3144
"2012-07-06:12 AM",77.472
"2012-07-07:12 AM",72.3967
"2012-07-08:12 AM",75.5789
"2012-07-09:12 AM",77.2484
"2012-07-10:12 AM",79.2682
"2012-07-11:12 AM",83.516
"2012-07-12:12 AM",84.4003
"2012-07-13:12 AM",83.4737
"2012-07-14:12 AM",84.5017
"2012-07-15:12 AM",89.1273
"2012-07-16:12 AM",92.0026
"2012-07-17:12 AM",84.8464
"2012-07-18:12 AM",83.46
"2012-07-19:12 AM",89.7615
"2012-07-20:12 AM",90.9819
"2012-07-21:12 AM",86.0549
"2012-07-22:12 AM",88.5387
"2012-07-23:12 AM",86.216
"2012-07-24:12 AM",83.4825
"2012-07-25:12 AM",82.2015
"2012-07-26:12 AM",75.9267
"2012-07-27:12 AM",74.2338
"2012-07-28:12 AM",81.124
"2012-07-29:12 AM",81.1036
"2012-07-30:12 AM",82.5998
"2012-07-31:12 AM",84.5656
"2012-08-01:12 AM",85.2181
"2012-08-02:12 AM",79.4793
"2012-08-03:12 AM",78.7707
"2012-08-04:12 AM",69.4578
"2012-08-05:12 AM",71.3925
"2012-08-06:12 AM",82.7807
"2012-08-07:12 AM",81.3429
"2012-08-08:12 AM",77.1501
"2012-08-09:12 AM",74.2386
"2012-08-10:12 AM",72.4167
"2012-08-11:12 AM",67.9298
"2012-08-12:12 AM",65.1261
"2012-08-13:12 AM",69.1372
"2012-08-14:12 AM",73.2646
"2012-08-15:12 AM",73.5685
"2012-08-16:12 AM",63.3362
"2012-08-17:12 AM",65.5695
"2012-08-18:12 AM",68.4675
"2012-08-19:12 AM",68.6291
"2012-08-20:12 AM",68.8357
"2012-08-21:12 AM",73.4909
"2012-08-22:12 AM",79.108
"2012-08-23:12 AM",81.3186
"2012-08-24:12 AM",82.8108
"2012-08-25:12 AM",75.2806
"2012-08-26:12 AM",73.963
"2012-08-27:12 AM",79.7731
"2012-08-28:12 AM",86.95
"2012-08-29:12 AM",88.5708
"2012-08-30:12 AM",84.0573
"2012-08-31:12 AM",77.7677
"2012-09-01:12 AM",83.6402
"2012-09-02:12 AM",84.0371
"2012-09-03:12 AM",78.5946
"2012-09-04:12 AM",77.2162
"2012-09-05:12 AM",70.3629
"2012-09-06:12 AM",68.8942
"2012-09-07:12 AM",63.5715
"2012-09-08:12 AM",64.9832
"2012-09-09:12 AM",65.0494
"2012-09-10:12 AM",79.2756
"2012-09-11:12 AM",78.0739
"2012-09-12:12 AM",63.59
"2012-09-13:12 AM",61.7761
"2012-09-14:12 AM",63.829
"2012-09-15:12 AM",72.3015
"2012-09-16:12 AM",67.2195
"2012-09-17:12 AM",56.1551
"2012-09-18:12 AM",57.5596
"2012-09-19:12 AM",64.5847
"2012-09-20:12 AM",60.1961
"2012-09-21:12 AM",61.119
"2012-09-22:12 AM",51.1279
"2012-09-23:12 AM",51.7235
"2012-09-24:12 AM",60.0994
"2012-09-25:12 AM",62.0935
"2012-09-26:12 AM",61.5664
"2012-09-27:12 AM",64.7951
"2012-09-28:12 AM",65.1279
"2012-09-29:12 AM",66.8122
"2012-09-30:12 AM",67.0874
"2012-10-01:12 AM",59.5337
"2012-10-02:12 AM",61.9416
"2012-10-03:12 AM",58.3929
"2012-10-04:12 AM",41.5575
"2012-10-05:12 AM",37.7251
"2012-10-06:12 AM",34.2421
"2012-10-07:12 AM",40.9487
"2012-10-08:12 AM",52.8525
"2012-10-09:12 AM",45.2217
"2012-10-10:12 AM",45.9981
"2012-10-11:12 AM",44.049
"2012-10-12:12 AM",44.4837
"2012-10-13:12 AM",57.6034
"2012-10-14:12 AM",56.3671
"2012-10-15:12 AM",60.0607
"2012-10-16:12 AM",62.6547
"2012-10-17:12 AM",51.12
"2012-10-18:12 AM",42.0643
"2012-10-19:12 AM",42.4103
"2012-10-20:12 AM",51.9733
"2012-10-21:12 AM",52.457
"2012-10-22:12 AM",46.9499
"2012-10-23:12 AM",51.8326
"2012-10-24:12 AM",42.3959
"2012-10-25:12 AM",32.5198
"2012-10-26:12 AM",27.79
"2012-10-27:12 AM",29.989
"2012-10-28:12 AM",35.1766
"2012-10-29:12 AM",44.146
"2012-10-30:12 AM",47.1781
"2012-10-31:12 AM",49.6418
"2012-11-01:12 AM",45.8346
"2012-11-02:12 AM",39.151
"2012-11-03:12 AM",39.7074
"2012-11-04:12 AM",37.5105
"2012-11-05:12 AM",40.2881
"2012-11-06:12 AM",44.8245
"2012-11-07:12 AM",44.3527
"2012-11-08:12 AM",46.2283
"2012-11-09:12 AM",37.9693
"2012-11-10:12 AM",37.2567
"2012-11-11:12 AM",19.3168
"2012-11-12:12 AM",22.0843
"2012-11-13:12 AM",29.0356
"2012-11-14:12 AM",33.163
"2012-11-15:12 AM",34.5371
"2012-11-16:12 AM",36.8386
"2012-11-17:12 AM",44.7944
"2012-11-18:12 AM",46.7269
"2012-11-19:12 AM",44.7229
"2012-11-20:12 AM",45.1098
"2012-11-21:12 AM",52.7747
"2012-11-22:12 AM",44.7197
"2012-11-23:12 AM",25.7626
"2012-11-24:12 AM",32.7954
"2012-11-25:12 AM",32.8584
"2012-11-26:12 AM",23.9765
"2012-11-27:12 AM",27.2032
"2012-11-28:12 AM",30.0783
"2012-11-29:12 AM",31.2625
"2012-11-30:12 AM",33.8509
"2012-12-01:12 AM",44.5435
"2012-12-02:12 AM",48.4138
"2012-12-03:12 AM",50.0121
"2012-12-04:12 AM",39.7305
"2012-12-05:12 AM",40.8978
"2012-12-06:12 AM",41.315
"2012-12-07:12 AM",31.555
"2012-12-08:12 AM",27.8377
"2012-12-09:12 AM",13.8421
"2012-12-10:12 AM",13.3495
"2012-12-11:12 AM",23.0063
"2012-12-12:12 AM",29.9129
"2012-12-13:12 AM",27.2034
"2012-12-14:12 AM",29.6217
"2012-12-15:12 AM",29.6415
"2012-12-16:12 AM",22.6096
"2012-12-17:12 AM",22.7961
"2012-12-18:12 AM",27.5508
"2012-12-19:12 AM",23.9275
"2012-12-20:12 AM",15.9609
"2012-12-21:12 AM",18.9631
"2012-12-22:12 AM",20.7282
"2012-12-23:12 AM",14.1849
"2012-12-24:12 AM",6.3558
"2012-12-25:12 AM",2.2813
"2012-12-26:12 AM",6.9172
"2012-12-27:12 AM",11.667
"2012-12-28:12 AM",11.2557
"2012-12-29:12 AM",16.2927
"2012-12-30:12 AM",18.7133
"2012-12-31:12 AM",15.5343
"2013-01-01:12 AM",15.4733
"2013-01-02:12 AM",25.7428
"2013-01-03:12 AM",17.182
"2013-01-04:12 AM",21.4511
"2013-01-05:12 AM",23.5422
"2013-01-06:12 AM",22.3693
"2013-01-07:12 AM",28.1345
"2013-01-08:12 AM",30.4104
"2013-01-09:12 AM",31.4445
"2013-01-10:12 AM",37.6783
"2013-01-11:12 AM",29.4224
"2013-01-12:12 AM",10.0976
"2013-01-13:12 AM",8.4583
"2013-01-14:12 AM",6.7282
"2013-01-15:12 AM",13.6663
"2013-01-16:12 AM",31.5586
"2013-01-17:12 AM",27.0873
"2013-01-18:12 AM",32.5321
"2013-01-19:12 AM",31.1864
"2013-01-20:12 AM",15.0462
"2013-01-21:12 AM",5.9464
"2013-01-22:12 AM",10.5661
"2013-01-23:12 AM",12.9979
"2013-01-24:12 AM",9.3382
"2013-01-25:12 AM",23.0094
"2013-01-26:12 AM",21.6075
"2013-01-27:12 AM",29.0044
"2013-01-28:12 AM",30.4545
"2013-01-29:12 AM",26.7845
"2013-01-30:12 AM",12.8559
"2013-01-31:12 AM",-1.0358
"2013-02-01:12 AM",12.799
"2013-02-02:12 AM",25.689
"2013-02-03:12 AM",26.636
"2013-02-04:12 AM",25.0527
"2013-02-05:12 AM",30.9394
"2013-02-06:12 AM",31.8382
"2013-02-07:12 AM",29.8731
"2013-02-08:12 AM",29.3641
"2013-02-09:12 AM",29.8119
"2013-02-10:12 AM",28.2173
"2013-02-11:12 AM",22.9687
"2013-02-12:12 AM",26.5528
"2013-02-13:12 AM",32.3208
"2013-02-14:12 AM",28.0296
"2013-02-15:12 AM",20.4636
"2013-02-16:12 AM",26.9987
"2013-02-17:12 AM",33.4938
"2013-02-18:12 AM",27.2115
"2013-02-19:12 AM",10.1343
"2013-02-20:12 AM",11.3679
"2013-02-21:12 AM",17.9321
"2013-02-22:12 AM",18.9792
"2013-02-23:12 AM",21.6588
"2013-02-24:12 AM",27.3294
"2013-02-25:12 AM",25.1087
"2013-02-26:12 AM",24.292
"2013-02-27:12 AM",27.2658
"2013-02-28:12 AM",26.6121
"2013-03-01:12 AM",25.3609
"2013-03-02:12 AM",30.6781
"2013-03-03:12 AM",36.3094
"2013-03-04:12 AM",31.4285
"2013-03-05:12 AM",23.7337
"2013-03-06:12 AM",22.8483
"2013-03-07:12 AM",31.9087
"2013-03-08:12 AM",32.4734
"2013-03-09:12 AM",32.3028
"2013-03-10:12 AM",25.2736
"2013-03-11:12 AM",27.2907
"2013-03-12:12 AM",27.6811
"2013-03-13:12 AM",29.1792
"2013-03-14:12 AM",43.7214
"2013-03-15:12 AM",41.621
"2013-03-16:12 AM",26.8246
"2013-03-17:12 AM",27.1018
"2013-03-18:12 AM",24.6209
"2013-03-19:12 AM",23.4624
"2013-03-20:12 AM",21.4819
"2013-03-21:12 AM",23.2156
"2013-03-22:12 AM",25.9632
"2013-03-23:12 AM",23.3681
"2013-03-24:12 AM",20.1207
"2013-03-25:12 AM",21.0963
"2013-03-26:12 AM",22.563
"2013-03-27:12 AM",31.3975
"2013-03-28:12 AM",38.4541
"2013-03-29:12 AM",44.6504
"2013-03-30:12 AM",44.4391
"2013-03-31:12 AM",36.6775
"2013-04-01:12 AM",30.7845
"2013-04-02:12 AM",34.6705
"2013-04-03:12 AM",43.7169
"2013-04-04:12 AM",41.6809
"2013-04-05:12 AM",42.5106
"2013-04-06:12 AM",49.1752
"2013-04-07:12 AM",45.3776
"2013-04-08:12 AM",39.3616
"2013-04-09:12 AM",20.2699
"2013-04-10:12 AM",25.0448
"2013-04-11:12 AM",26.578
"2013-04-12:12 AM",28.9796
"2013-04-13:12 AM",29.4348
"2013-04-14:12 AM",32.7481
"2013-04-15:12 AM",30.452
"2013-04-16:12 AM",29.516
"2013-04-17:12 AM",29.2725
"2013-04-18:12 AM",28.1102
"2013-04-19:12 AM",30.4655
"2013-04-20:12 AM",29.6845
"2013-04-21:12 AM",37.3003
"2013-04-22:12 AM",29.5747
"2013-04-23:12 AM",26.776
"2013-04-24:12 AM",33.1795
"2013-04-25:12 AM",40.7491
"2013-04-26:12 AM",52.5216
"2013-04-27:12 AM",59.1422
"2013-04-28:12 AM",59.621
"2013-04-29:12 AM",57.2344
"2013-04-30:12 AM",52.3818
"2013-05-01:12 AM",39.7067
"2013-05-02:12 AM",41.4248
"2013-05-03:12 AM",42.2431
"2013-05-04:12 AM",43.0444
"2013-05-05:12 AM",46.2704
"2013-05-06:12 AM",51.9634
"2013-05-07:12 AM",59.016
"2013-05-08:12 AM",60.2199
"2013-05-09:12 AM",56.131
"2013-05-10:12 AM",56.8479
"2013-05-11:12 AM",50.504
"2013-05-12:12 AM",52.165
"2013-05-13:12 AM",69.8947
"2013-05-14:12 AM",75.0659
"2013-05-15:12 AM",65.5023
"2013-05-16:12 AM",64.6232
"2013-05-17:12 AM",66.4486
"2013-05-18:12 AM",69.1628
"2013-05-19:12 AM",61.9344
"2013-05-20:12 AM",53.6148
"2013-05-21:12 AM",46.8637
"2013-05-22:12 AM",48.8093
"2013-05-23:12 AM",53.9526
"2013-05-24:12 AM",58.077
"2013-05-25:12 AM",63.8292
"2013-05-26:12 AM",60.4319
"2013-05-27:12 AM",62.2076
"2013-05-28:12 AM",63.741
"2013-05-29:12 AM",63.2619
"2013-05-30:12 AM",62.244
"2013-05-31:12 AM",54.4492
"2013-06-01:12 AM",51.9373
"2013-06-02:12 AM",54.9455
"2013-06-03:12 AM",58.8681
"2013-06-04:12 AM",57.6241
"2013-06-05:12 AM",53.3448
"2013-06-06:12 AM",55.9035
"2013-06-07:12 AM",61.3517
"2013-06-08:12 AM",61.4043
"2013-06-09:12 AM",61.7441
"2013-06-10:12 AM",67.6179
"2013-06-11:12 AM",69.5336
"2013-06-12:12 AM",64.3838
"2013-06-13:12 AM",64.1151
"2013-06-14:12 AM",71.002
"2013-06-15:12 AM",67.5678
"2013-06-16:12 AM",67.6161
"2013-06-17:12 AM",66.171
"2013-06-18:12 AM",67.8457
"2013-06-19:12 AM",73.8365
"2013-06-20:12 AM",76.5615
"2013-06-21:12 AM",72.1269
"2013-06-22:12 AM",69.3606
"2013-06-23:12 AM",69.2794
"2013-06-24:12 AM",72.946
"2013-06-25:12 AM",76.1587
"2013-06-26:12 AM",75.6842
"2013-06-27:12 AM",76.3029
"2013-06-28:12 AM",73.1734
"2013-06-29:12 AM",70.2653
"2013-06-30:12 AM",69.0771
"2013-07-01:12 AM",69.4474
"2013-07-02:12 AM",71.748
"2013-07-03:12 AM",74.3241
"2013-07-04:12 AM",77.6779
"2013-07-05:12 AM",75.6982
"2013-07-06:12 AM",78.1119
"2013-07-07:12 AM",76.2523
"2013-07-08:12 AM",73.2429
"2013-07-09:12 AM",76.0379
"2013-07-10:12 AM",73.0188
"2013-07-11:12 AM",80.0605
"2013-07-12:12 AM",83.9817
"2013-07-13:12 AM",79.8861
"2013-07-14:12 AM",72.1958
"2013-07-15:12 AM",74.9667
"2013-07-16:12 AM",79.3503
"2013-07-17:12 AM",81.2966
"2013-07-18:12 AM",85.3385
"2013-07-19:12 AM",78.5334
"2013-07-20:12 AM",75.2965
"2013-07-21:12 AM",75.684
"2013-07-22:12 AM",76.0705
"2013-07-23:12 AM",68.1609
"2013-07-24:12 AM",71.7402
"2013-07-25:12 AM",72.9005
"2013-07-26:12 AM",64.5026
"2013-07-27:12 AM",61.9131
"2013-07-28:12 AM",63.7891
"2013-07-29:12 AM",66.4142
"2013-07-30:12 AM",69.9121
"2013-07-31:12 AM",70.7436
"2013-08-01:12 AM",71.1889
"2013-08-02:12 AM",64.2333
"2013-08-03:12 AM",63.313
"2013-08-04:12 AM",67.7583
"2013-08-05:12 AM",73.1917
"2013-08-06:12 AM",74.5187
"2013-08-07:12 AM",69.283
"2013-08-08:12 AM",69.0174
"2013-08-09:12 AM",67.26
"2013-08-10:12 AM",67.147
"2013-08-11:12 AM",69.8479
"2013-08-12:12 AM",71.1797
"2013-08-13:12 AM",69.8126
"2013-08-14:12 AM",68.0054
"2013-08-15:12 AM",67.7856
"2013-08-16:12 AM",67.597
"2013-08-17:12 AM",74.4629
"2013-08-18:12 AM",75.6154
"2013-08-19:12 AM",80.1484
"2013-08-20:12 AM",85.0924
"2013-08-21:12 AM",81.7421
"2013-08-22:12 AM",74.9224
"2013-08-23:12 AM",77.5501
"2013-08-24:12 AM",84.9394
"2013-08-25:12 AM",87.2044
"2013-08-26:12 AM",85.8785
"2013-08-27:12 AM",86.0824
"2013-08-28:12 AM",82.0566
"2013-08-29:12 AM",84.3728
"2013-08-30:12 AM",81.3589
"2013-08-31:12 AM",79.8366
"2013-09-01:12 AM",71.49
"2013-09-02:12 AM",70.371
"2013-09-03:12 AM",75.124
"2013-09-04:12 AM",77.515
"2013-09-05:12 AM",78.2112
"2013-09-06:12 AM",81.3153
"2013-09-07:12 AM",81.9225
"2013-09-08:12 AM",79.2257
"2013-09-09:12 AM",76.0015
"2013-09-10:12 AM",71.3233
"2013-09-11:12 AM",71.9748
"2013-09-12:12 AM",67.7691
"2013-09-13:12 AM",64.3397
"2013-09-14:12 AM",66.5681
"2013-09-15:12 AM",60.2175
"2013-09-16:12 AM",59.076
"2013-09-17:12 AM",65.5432
"2013-09-18:12 AM",75.1698
"2013-09-19:12 AM",64.0384
"2013-09-20:12 AM",56.2507
"2013-09-21:12 AM",59.6089
"2013-09-22:12 AM",71.8648
"2013-09-23:12 AM",66.8057
"2013-09-24:12 AM",62.3214
"2013-09-25:12 AM",66.0004
"2013-09-26:12 AM",65.7408
"2013-09-27:12 AM",56.4199
"2013-09-28:12 AM",52.3857
"2013-09-29:12 AM",61.5164
"2013-09-30:12 AM",68.3595
"2013-10-01:12 AM",62.263
"2013-10-02:12 AM",60.3684
"2013-10-03:12 AM",51.0879
"2013-10-04:12 AM",43.3314
"2013-10-05:12 AM",36.6465
"2013-10-06:12 AM",43.3404
"2013-10-07:12 AM",52.6489
"2013-10-08:12 AM",59.4756
"2013-10-09:12 AM",56.0057
"2013-10-10:12 AM",57.1059
"2013-10-11:12 AM",55.4052
"2013-10-12:12 AM",46.672
"2013-10-13:12 AM",47.151
"2013-10-14:12 AM",45.4586
"2013-10-15:12 AM",38.1708
"2013-10-16:12 AM",39.9252
"2013-10-17:12 AM",39.4999
"2013-10-18:12 AM",38.0187
"2013-10-19:12 AM",43.0716
"2013-10-20:12 AM",43.7214
"2013-10-21:12 AM",38.6544
"2013-10-22:12 AM",40.3848
"2013-10-23:12 AM",39.8046
"2013-10-24:12 AM",36.5972
"2013-10-25:12 AM",44.0638
"2013-10-26:12 AM",42.5696
"2013-10-27:12 AM",45.0588
"2013-10-28:12 AM",34.1998
"2013-10-29:12 AM",30.9652
"2013-10-30:12 AM",33.0154
"2013-10-31:12 AM",37.6011
"2013-11-01:12 AM",41.254
"2013-11-02:12 AM",41.7452
"2013-11-03:12 AM",46.5445
"2013-11-04:12 AM",40.1502
"2013-11-05:12 AM",32.3971
"2013-11-06:12 AM",29.3769
"2013-11-07:12 AM",33.6009
"2013-11-08:12 AM",41.0925
"2013-11-09:12 AM",40.0626
"2013-11-10:12 AM",37.0384
"2013-11-11:12 AM",25.473
"2013-11-12:12 AM",23.8642
"2013-11-13:12 AM",39.5991
"2013-11-14:12 AM",43.0747
"2013-11-15:12 AM",41.2839
"2013-11-16:12 AM",41.8296
"2013-11-17:12 AM",37.2106
"2013-11-18:12 AM",34.6998
"2013-11-19:12 AM",42.0474
"2013-11-20:12 AM",40.6981
"2013-11-21:12 AM",19.7033
"2013-11-22:12 AM",18.6816
"2013-11-23:12 AM",14.2637
"2013-11-24:12 AM",26.8081
"2013-11-25:12 AM",31.3804
"2013-11-26:12 AM",24.5226
"2013-11-27:12 AM",26.4486
"2013-11-28:12 AM",25.4907
"2013-11-29:12 AM",29.6955
"2013-11-30:12 AM",33.7105
"2013-12-01:12 AM",33.7842
"2013-12-02:12 AM",38.6134
"2013-12-03:12 AM",25.587
"2013-12-04:12 AM",11.4352
"2013-12-05:12 AM",1.2015
"2013-12-06:12 AM",-6.0113
"2013-12-07:12 AM",-8.9702
"2013-12-08:12 AM",0.3618
"2013-12-09:12 AM",4.0291
"2013-12-10:12 AM",15.3664
"2013-12-11:12 AM",4.0275
"2013-12-12:12 AM",19.8462
"2013-12-13:12 AM",17.4364
"2013-12-14:12 AM",16.5391
"2013-12-15:12 AM",21.5812
"2013-12-16:12 AM",30.682
"2013-12-17:12 AM",28.5571
"2013-12-18:12 AM",34.7538
"2013-12-19:12 AM",17.8529
"2013-12-20:12 AM",6.8536
"2013-12-21:12 AM",9.5934
"2013-12-22:12 AM",6.0042
"2013-12-23:12 AM",-3.6103
"2013-12-24:12 AM",17.3629
"2013-12-25:12 AM",26.8165
"2013-12-26:12 AM",28.9002
"2013-12-27:12 AM",33.7878
"2013-12-28:12 AM",30.5499
"2013-12-29:12 AM",8.2713
"2013-12-30:12 AM",16.3972
"2013-12-31:12 AM",11.4586
"2014-01-01:12 AM",5.7407
"2014-01-02:12 AM",4.0172
"2014-01-03:12 AM",26.3669
"2014-01-04:12 AM",16.5963
"2014-01-05:12 AM",-2.9391
"2014-01-06:12 AM",-8.1161
"2014-01-07:12 AM",7.3758
"2014-01-08:12 AM",7.8013
"2014-01-09:12 AM",23.6818
"2014-01-10:12 AM",29.1384
"2014-01-11:12 AM",30.2841
"2014-01-12:12 AM",35.4115
"2014-01-13:12 AM",32.1298
"2014-01-14:12 AM",26.1057
"2014-01-15:12 AM",26.8716
"2014-01-16:12 AM",26.5455
"2014-01-17:12 AM",22.433
"2014-01-18:12 AM",31.0431
"2014-01-19:12 AM",35.4139
"2014-01-20:12 AM",24.6459
"2014-01-21:12 AM",16.3146
"2014-01-22:12 AM",13.0246
"2014-01-23:12 AM",4.1193
"2014-01-24:12 AM",30.848
"2014-01-25:12 AM",31.2078
"2014-01-26:12 AM",27.0271
"2014-01-27:12 AM",2.0053
"2014-01-28:12 AM",4.6126
"2014-01-29:12 AM",21.3638
"2014-01-30:12 AM",18.8634
"2014-01-31:12 AM",12.9537
"2014-02-01:12 AM",12.7364
"2014-02-02:12 AM",11.1061
"2014-02-03:12 AM",13.0564
"2014-02-04:12 AM",4.0995
"2014-02-05:12 AM",-0.3239
"2014-02-06:12 AM",-2.2063
"2014-02-07:12 AM",2.2303
"2014-02-08:12 AM",9.2455
"2014-02-09:12 AM",2.9671
"2014-02-10:12 AM",0.183
"2014-02-11:12 AM",17.4031
"2014-02-12:12 AM",22.5775
"2014-02-13:12 AM",28.5755
"2014-02-14:12 AM",19.1388
"2014-02-15:12 AM",29.6676
"2014-02-16:12 AM",25.0862
"2014-02-17:12 AM",34.8116
"2014-02-18:12 AM",36.3547
"2014-02-19:12 AM",35.5527
"2014-02-20:12 AM",30.1998
"2014-02-21:12 AM",25.0821
"2014-02-22:12 AM",20.7552
"2014-02-23:12 AM",16.288
"2014-02-24:12 AM",13.7244
"2014-02-25:12 AM",6.0373
"2014-02-26:12 AM",11.7525
"2014-02-27:12 AM",9.8022
"2014-02-28:12 AM",14.3209
"2014-03-01:12 AM",-1.9597
"2014-03-02:12 AM",-6.3175
"2014-03-03:12 AM",6.5802
"2014-03-04:12 AM",16.3663
"2014-03-05:12 AM",21.0279
"2014-03-06:12 AM",32.8208
"2014-03-07:12 AM",27.586
"2014-03-08:12 AM",26.9616
"2014-03-09:12 AM",42.5439
"2014-03-10:12 AM",47.4323
"2014-03-11:12 AM",36.8881
"2014-03-12:12 AM",36.4379
"2014-03-13:12 AM",43.5153
"2014-03-14:12 AM",42.2461
"2014-03-15:12 AM",33.5208
"2014-03-16:12 AM",31.6548
"2014-03-17:12 AM",43.9758
"2014-03-18:12 AM",35.0895
"2014-03-19:12 AM",33.6997
"2014-03-20:12 AM",39.5661
"2014-03-21:12 AM",35.2969
"2014-03-22:12 AM",23.8906
"2014-03-23:12 AM",23.1255
"2014-03-24:12 AM",27.6321
"2014-03-25:12 AM",25.6113
"2014-03-26:12 AM",38.1281
"2014-03-27:12 AM",34.2059
"2014-03-28:12 AM",28.8397
"2014-03-29:12 AM",36.8533
"2014-03-30:12 AM",46.6675
"2014-03-31:12 AM",32.0587
"2014-04-01:12 AM",21.6423
"2014-04-02:12 AM",25.5798
"2014-04-03:12 AM",30.8172
"2014-04-04:12 AM",31.1684
"2014-04-05:12 AM",40.1338
"2014-04-06:12 AM",44.7742
"2014-04-07:12 AM",43.7405
"2014-04-08:12 AM",45.8442
"2014-04-09:12 AM",57.0132
"2014-04-10:12 AM",51.4265
"2014-04-11:12 AM",53.1046
"2014-04-12:12 AM",53.11
"2014-04-13:12 AM",37.1584
"2014-04-14:12 AM",31.7966
"2014-04-15:12 AM",36.6384
"2014-04-16:12 AM",37.1955
"2014-04-17:12 AM",35.7904
"2014-04-18:12 AM",48.3948
"2014-04-19:12 AM",57.4666
"2014-04-20:12 AM",58.0069
"2014-04-21:12 AM",56.5547
"2014-04-22:12 AM",53.631
"2014-04-23:12 AM",56.9466
"2014-04-24:12 AM",53.2414
"2014-04-25:12 AM",55.5597
"2014-04-26:12 AM",55.6104
"2014-04-27:12 AM",47.836
"2014-04-28:12 AM",40.501
"2014-04-29:12 AM",35.5959
"2014-04-30:12 AM",38.7138
"2014-05-01:12 AM",42.1633
"2014-05-02:12 AM",48.8685
"2014-05-03:12 AM",48.0373
"2014-05-04:12 AM",45.3434
"2014-05-05:12 AM",50.5125
"2014-05-06:12 AM",53.6171
"2014-05-07:12 AM",52.2788
"2014-05-08:12 AM",42.8963
"2014-05-09:12 AM",47.2543
"2014-05-10:12 AM",52.5558
"2014-05-11:12 AM",44.9861
"2014-05-12:12 AM",40.948
"2014-05-13:12 AM",45.2413
"2014-05-14:12 AM",46.7238
"2014-05-15:12 AM",43.6114
"2014-05-16:12 AM",45.0127
"2014-05-17:12 AM",50.6995
"2014-05-18:12 AM",57.2495
"2014-05-19:12 AM",62.8491
"2014-05-20:12 AM",60.6715
"2014-05-21:12 AM",56.1299
"2014-05-22:12 AM",61.0993
"2014-05-23:12 AM",66.7472
"2014-05-24:12 AM",67.7685
"2014-05-25:12 AM",67.1823
"2014-05-26:12 AM",67.4949
"2014-05-27:12 AM",69.3023
"2014-05-28:12 AM",71.5228
"2014-05-29:12 AM",73.1968
"2014-05-30:12 AM",69.046
"2014-05-31:12 AM",67.0773
"2014-06-01:12 AM",64.6608
"2014-06-02:12 AM",61.0477
"2014-06-03:12 AM",58.0082
"2014-06-04:12 AM",63.2089
"2014-06-05:12 AM",66.1707
"2014-06-06:12 AM",57.3557
"2014-06-07:12 AM",53.0787
"2014-06-08:12 AM",53.1241
"2014-06-09:12 AM",58.1842
"2014-06-10:12 AM",62.2908
"2014-06-11:12 AM",62.0717
"2014-06-12:12 AM",55.7235
"2014-06-13:12 AM",59.0544
"2014-06-14:12 AM",62.2621
"2014-06-15:12 AM",61.0007
"2014-06-16:12 AM",66.0646
"2014-06-17:12 AM",70.7164
"2014-06-18:12 AM",70.288
"2014-06-19:12 AM",65.5104
"2014-06-20:12 AM",68.9238
"2014-06-21:12 AM",71.3959
"2014-06-22:12 AM",67.2451
"2014-06-23:12 AM",64.6763
"2014-06-24:12 AM",64.9584
"2014-06-25:12 AM",65.8854
"2014-06-26:12 AM",72.9064
"2014-06-27:12 AM",71.7136
"2014-06-28:12 AM",68.0509
"2014-06-29:12 AM",68.1152
"2014-06-30:12 AM",64.9209
"2014-07-01:12 AM",60.5359
"2014-07-02:12 AM",61.2808
"2014-07-03:12 AM",66.5546
"2014-07-04:12 AM",73.1505
"2014-07-05:12 AM",78.5773
"2014-07-06:12 AM",77.8482
"2014-07-07:12 AM",72.0889
"2014-07-08:12 AM",67.9231
"2014-07-09:12 AM",68.6372
"2014-07-10:12 AM",70.7724
"2014-07-11:12 AM",77.8552
"2014-07-12:12 AM",70.9716
"2014-07-13:12 AM",70.4259
"2014-07-14:12 AM",60.9888
"2014-07-15:12 AM",60.0462
"2014-07-16:12 AM",63.5378
"2014-07-17:12 AM",68.3861
"2014-07-18:12 AM",73.2085
"2014-07-19:12 AM",74.9919
"2014-07-20:12 AM",81.2822
"2014-07-21:12 AM",83.7516
"2014-07-22:12 AM",76.0611
"2014-07-23:12 AM",73.3417
"2014-07-24:12 AM",75.8543
"2014-07-25:12 AM",77.6377
"2014-07-26:12 AM",73.5226
"2014-07-27:12 AM",68.4459
"2014-07-28:12 AM",66.0934
"2014-07-29:12 AM",67.4501
"2014-07-30:12 AM",69.9224
"2014-07-31:12 AM",73.2414
"2014-08-01:12 AM",74.0705
"2014-08-02:12 AM",75.0202
"2014-08-03:12 AM",73.693
"2014-08-04:12 AM",70.9642
"2014-08-05:12 AM",65.6931
"2014-08-06:12 AM",66.1636
"2014-08-07:12 AM",69.0244
"2014-08-08:12 AM",68.3553
"2014-08-09:12 AM",69.0647
"2014-08-10:12 AM",69.4503
"2014-08-11:12 AM",65.9415
"2014-08-12:12 AM",69.5041
"2014-08-13:12 AM",73.8509
"2014-08-14:12 AM",73.0182
"2014-08-15:12 AM",72.8985
"2014-08-16:12 AM",73.6509
"2014-08-17:12 AM",73.9393
"2014-08-18:12 AM",71.8524
"2014-08-19:12 AM",72.9378
"2014-08-20:12 AM",76.2213
"2014-08-21:12 AM",75.0261
"2014-08-22:12 AM",70.6023
"2014-08-23:12 AM",69.8646
"2014-08-24:12 AM",66.5618
"2014-08-25:12 AM",59.7808
"2014-08-26:12 AM",59.464
"2014-08-27:12 AM",62.6061
"2014-08-28:12 AM",67.0932
"2014-08-29:12 AM",67.7833
"2014-08-30:12 AM",65.4062
"2014-08-31:12 AM",67.1176
"2014-09-01:12 AM",63.6166
"2014-09-02:12 AM",65.0838
"2014-09-03:12 AM",72.1834
"2014-09-04:12 AM",66.8282
"2014-09-05:12 AM",59.0679
"2014-09-06:12 AM",62.7879
"2014-09-07:12 AM",68.3627
"2014-09-08:12 AM",72.2363
"2014-09-09:12 AM",61.8195
"2014-09-10:12 AM",47.1994
"2014-09-11:12 AM",42.5872
"2014-09-12:12 AM",43.3958
"2014-09-13:12 AM",49.28
"2014-09-14:12 AM",49.8029
"2014-09-15:12 AM",51.1758
"2014-09-16:12 AM",58.6771
"2014-09-17:12 AM",63.2363
"2014-09-18:12 AM",66.8097
"2014-09-19:12 AM",72.5799
"2014-09-20:12 AM",68.4797
"2014-09-21:12 AM",60.0656
"2014-09-22:12 AM",61.763
"2014-09-23:12 AM",62.1775
"2014-09-24:12 AM",65.8301
"2014-09-25:12 AM",71.8061
"2014-09-26:12 AM",74.1081
"2014-09-27:12 AM",71.7314
"2014-09-28:12 AM",65.5304
"2014-09-29:12 AM",55.1622
"2014-09-30:12 AM",57.542
"2014-10-01:12 AM",57.493
"2014-10-02:12 AM",53.3395
"2014-10-03:12 AM",40.8414
"2014-10-04:12 AM",42.5439
"2014-10-05:12 AM",50.5771
"2014-10-06:12 AM",54.5317
"2014-10-07:12 AM",55.738
"2014-10-08:12 AM",51.2625
"2014-10-09:12 AM",46.8709
"2014-10-10:12 AM",44.3995
"2014-10-11:12 AM",51.4486
"2014-10-12:12 AM",52.7333
"2014-10-13:12 AM",50.6088
"2014-10-14:12 AM",51.1128
"2014-10-15:12 AM",57.342
"2014-10-16:12 AM",59.2479
"2014-10-17:12 AM",48.7863
"2014-10-18:12 AM",46.2006
"2014-10-19:12 AM",57.1129
"2014-10-20:12 AM",56.3544
"2014-10-21:12 AM",62.1846
"2014-10-22:12 AM",59.3582
"2014-10-23:12 AM",54.1234
"2014-10-24:12 AM",58.813
"2014-10-25:12 AM",55.1057
"2014-10-26:12 AM",57.8392
"2014-10-27:12 AM",51.04
"2014-10-28:12 AM",40.8909
"2014-10-29:12 AM",41.5672
"2014-10-30:12 AM",43.8768
"2014-10-31:12 AM",33.1718
"2014-11-01:12 AM",42.7548
"2014-11-02:12 AM",52.3895
"2014-11-03:12 AM",46.0573
"2014-11-04:12 AM",43.2225
"2014-11-05:12 AM",48.078
"2014-11-06:12 AM",42.4324
"2014-11-07:12 AM",50.3058
"2014-11-08:12 AM",41.7592
"2014-11-09:12 AM",41.4104
"2014-11-10:12 AM",24.0526
"2014-11-11:12 AM",11.6213
"2014-11-12:12 AM",10.8106
"2014-11-13:12 AM",6.3176
"2014-11-14:12 AM",6.9795
"2014-11-15:12 AM",12.7911
"2014-11-16:12 AM",11.4051
"2014-11-17:12 AM",10.6282
"2014-11-18:12 AM",16.9117
"2014-11-19:12 AM",21.6649
"2014-11-20:12 AM",15.4085
"2014-11-21:12 AM",29.858
"2014-11-22:12 AM",36.7565
"2014-11-23:12 AM",35.9348
"2014-11-24:12 AM",25.7117
"2014-11-25:12 AM",28.6282
"2014-11-26:12 AM",23.1087
"2014-11-27:12 AM",18.2136
"2014-11-28:12 AM",31.5993
"2014-11-29:12 AM",35.8525
"2014-11-30:12 AM",10.1777
"2014-12-01:12 AM",11.2786
"2014-12-02:12 AM",26.1835
"2014-12-03:12 AM",23.7931
"2014-12-04:12 AM",29.1798
"2014-12-05:12 AM",30.4389
"2014-12-06:12 AM",28.8932
"2014-12-07:12 AM",37.2888
"2014-12-08:12 AM",34.2223
"2014-12-09:12 AM",29.3895
"2014-12-10:12 AM",32.4981
"2014-12-11:12 AM",36.2262
"2014-12-12:12 AM",41.5895
"2014-12-13:12 AM",44.641
"2014-12-14:12 AM",41.443
"2014-12-15:12 AM",28.6153
"2014-12-16:12 AM",18.3457
"2014-12-17:12 AM",16.1737
"2014-12-18:12 AM",20.7777
"2014-12-19:12 AM",28.126
"2014-12-20:12 AM",29.4411
"2014-12-21:12 AM",32.9279
"2014-12-22:12 AM",34.192
"2014-12-23:12 AM",29.4179
"2014-12-24:12 AM",26.0217
"2014-12-25:12 AM",28.9261
"2014-12-26:12 AM",20.6917
"2014-12-27:12 AM",16.5202
"2014-12-28:12 AM",16.1161
"2014-12-29:12 AM",4.471
"2014-12-30:12 AM",-3.3608
"2014-12-31:12 AM",8.244
"2015-01-01:12 AM",21.7231
"2015-01-02:12 AM",23.6656
"2015-01-03:12 AM",16.8118
"2015-01-04:12 AM",-0.8376
"2015-01-05:12 AM",4.1949
"2015-01-06:12 AM",6.6677
"2015-01-07:12 AM",-1.0728
"2015-01-08:12 AM",16.7988
"2015-01-09:12 AM",3.0772
"2015-01-10:12 AM",13.2726
"2015-01-11:12 AM",11.1025
"2015-01-12:12 AM",0.6802
"2015-01-13:12 AM",10.8977
"2015-01-14:12 AM",22.23
"2015-01-15:12 AM",29.0073
"2015-01-16:12 AM",30.0115
"2015-01-17:12 AM",34.3566
"2015-01-18:12 AM",32.6793
"2015-01-19:12 AM",36.2521
"2015-01-20:12 AM",33.1347
"2015-01-21:12 AM",29.2046
"2015-01-22:12 AM",27.5266
"2015-01-23:12 AM",33.2816
"2015-01-24:12 AM",36.8415
"2015-01-25:12 AM",34.9795
"2015-01-26:12 AM",41.0058
"2015-01-27:12 AM",41.2068
"2015-01-28:12 AM",42.1471
"2015-01-29:12 AM",31.7574
"2015-01-30:12 AM",31.4265
"2015-01-31:12 AM",27.3594
"2015-02-01:12 AM",9.3787
"2015-02-02:12 AM",14.0243
"2015-02-03:12 AM",20.8008
"2015-02-04:12 AM",12.7429
"2015-02-05:12 AM",22.2031
"2015-02-06:12 AM",35.9609
"2015-02-07:12 AM",43.0608
"2015-02-08:12 AM",41.0065
"2015-02-09:12 AM",35.2557
"2015-02-10:12 AM",38.2253
"2015-02-11:12 AM",24.8486
"2015-02-12:12 AM",17.6538
"2015-02-13:12 AM",31.5253
"2015-02-14:12 AM",20.1031
"2015-02-15:12 AM",21.5686
"2015-02-16:12 AM",25.7536
"2015-02-17:12 AM",17.2465
"2015-02-18:12 AM",9.3094
"2015-02-19:12 AM",16.7099
"2015-02-20:12 AM",31.1011
"2015-02-21:12 AM",22.5878
"2015-02-22:12 AM",6.6162
"2015-02-23:12 AM",13.8459
"2015-02-24:12 AM",30.328
"2015-02-25:12 AM",22.2021
"2015-02-26:12 AM",6.9109
"2015-02-27:12 AM",8.1667
"2015-02-28:12 AM",17.0373
"2015-03-01:12 AM",20.1079
"2015-03-02:12 AM",24.5725
"2015-03-03:12 AM",20.8965
"2015-03-04:12 AM",10.2189
"2015-03-05:12 AM",14.7006
"2015-03-06:12 AM",32.3386
"2015-03-07:12 AM",37.2571
"2015-03-08:12 AM",38.3569
"2015-03-09:12 AM",43.1091
"2015-03-10:12 AM",46.3437
"2015-03-11:12 AM",47.529
"2015-03-12:12 AM",54.5056
"2015-03-13:12 AM",51.6256
"2015-03-14:12 AM",50.2959
"2015-03-15:12 AM",61.9862
"2015-03-16:12 AM",55.9989
"2015-03-17:12 AM",35.3707
"2015-03-18:12 AM",39.8012
"2015-03-19:12 AM",43.2808
"2015-03-20:12 AM",48.6441
"2015-03-21:12 AM",44.2746
"2015-03-22:12 AM",37.6549
"2015-03-23:12 AM",40.5421
"2015-03-24:12 AM",45.2725
"2015-03-25:12 AM",38.3814
"2015-03-26:12 AM",35.7325
"2015-03-27:12 AM",36.4143
"2015-03-28:12 AM",47.4467
"2015-03-29:12 AM",52.0268
"2015-03-30:12 AM",55.1604
"2015-03-31:12 AM",58.5115
"2015-04-01:12 AM",61.1071
"2015-04-02:12 AM",46.7352
"2015-04-03:12 AM",38.2698
"2015-04-04:12 AM",46.3289
"2015-04-05:12 AM",49.5088
"2015-04-06:12 AM",39.6331
"2015-04-07:12 AM",40.7408
"2015-04-08:12 AM",40.903
"2015-04-09:12 AM",42.8779
"2015-04-10:12 AM",49.1799
"2015-04-11:12 AM",57.8266
"2015-04-12:12 AM",58.3772
"2015-04-13:12 AM",51.3351
"2015-04-14:12 AM",58.8729
"2015-04-15:12 AM",57.7458
"2015-04-16:12 AM",54.0826
"2015-04-17:12 AM",55.6702
"2015-04-18:12 AM",53.2724
"2015-04-19:12 AM",47.5538
"2015-04-20:12 AM",43.3602
"2015-04-21:12 AM",43.088
"2015-04-22:12 AM",42.5125
"2015-04-23:12 AM",47.7756
"2015-04-24:12 AM",56.0284
"2015-04-25:12 AM",51.4962
"2015-04-26:12 AM",50.3924
"2015-04-27:12 AM",51.6943
"2015-04-28:12 AM",51.4261
"2015-04-29:12 AM",55.6335
"2015-04-30:12 AM",59.0898
"2015-05-01:12 AM",60.4305
"2015-05-02:12 AM",66.7834
"2015-05-03:12 AM",62.5921
"2015-05-04:12 AM",55.3537
"2015-05-05:12 AM",58.7116
"2015-05-06:12 AM",60.6403
"2015-05-07:12 AM",53.4578
"2015-05-08:12 AM",49.3363
"2015-05-09:12 AM",42.3774
"2015-05-10:12 AM",38.6875
"2015-05-11:12 AM",39.6333
"2015-05-12:12 AM",48.2441
"2015-05-13:12 AM",57.8386
"2015-05-14:12 AM",55.1878
"2015-05-15:12 AM",53.7568
"2015-05-16:12 AM",61.1078
"2015-05-17:12 AM",52.664
"2015-05-18:12 AM",41.5717
"2015-05-19:12 AM",42.2935
"2015-05-20:12 AM",46.5292
"2015-05-21:12 AM",53.7703
"2015-05-22:12 AM",55.7325
"2015-05-23:12 AM",53.6482
"2015-05-24:12 AM",55.567
"2015-05-25:12 AM",56.8897
"2015-05-26:12 AM",59.8255
"2015-05-27:12 AM",64.9292
"2015-05-28:12 AM",65.552
"2015-05-29:12 AM",55.373
"2015-05-30:12 AM",49.2445
"2015-05-31:12 AM",52.9194
"2015-06-01:12 AM",62.4191
"2015-06-02:12 AM",68.6399
"2015-06-03:12 AM",65.0912
"2015-06-04:12 AM",60.5739
"2015-06-05:12 AM",64.5667
"2015-06-06:12 AM",68.9639
"2015-06-07:12 AM",67.9329
"2015-06-08:12 AM",70.6865
"2015-06-09:12 AM",76.8655
"2015-06-10:12 AM",67.4474
"2015-06-11:12 AM",61.34
"2015-06-12:12 AM",63.2916
"2015-06-13:12 AM",68.3337
"2015-06-14:12 AM",64.8894
"2015-06-15:12 AM",61.6431
"2015-06-16:12 AM",60.2487
"2015-06-17:12 AM",62.3165
"2015-06-18:12 AM",63.113
"2015-06-19:12 AM",67.5181
"2015-06-20:12 AM",72.0522
"2015-06-21:12 AM",70.8282
"2015-06-22:12 AM",70.0187
"2015-06-23:12 AM",65.0937
"2015-06-24:12 AM",67.4929
"2015-06-25:12 AM",66.1793
"2015-06-26:12 AM",68.0956
"2015-06-27:12 AM",72.6474
"2015-06-28:12 AM",72.7871
"2015-06-29:12 AM",74.7817
"2015-06-30:12 AM",73.2497
"2015-07-01:12 AM",70.0362
"2015-07-02:12 AM",68.974
"2015-07-03:12 AM",70.7941
"2015-07-04:12 AM",75.0657
"2015-07-05:12 AM",74.1369
"2015-07-06:12 AM",66.3463
"2015-07-07:12 AM",62.6506
"2015-07-08:12 AM",65.2172
"2015-07-09:12 AM",67.6344
"2015-07-10:12 AM",72.7171
"2015-07-11:12 AM",77.1098
"2015-07-12:12 AM",81.4746
"2015-07-13:12 AM",79.0646
"2015-07-14:12 AM",77.2338
"2015-07-15:12 AM",76.0374
"2015-07-16:12 AM",75.5472
"2015-07-17:12 AM",73.5825
"2015-07-18:12 AM",69.3801
"2015-07-19:12 AM",72.1612
"2015-07-20:12 AM",72.3493
"2015-07-21:12 AM",69.1588
"2015-07-22:12 AM",74.1389
"2015-07-23:12 AM",79.4142
"2015-07-24:12 AM",80.2036
"2015-07-25:12 AM",75.8572
"2015-07-26:12 AM",76.9366
"2015-07-27:12 AM",80.2272
"2015-07-28:12 AM",72.8506
"2015-07-29:12 AM",71.6299
"2015-07-30:12 AM",74.3891
"2015-07-31:12 AM",75.9047
"2015-08-01:12 AM",79.5317
"2015-08-02:12 AM",78.6965
"2015-08-03:12 AM",72.3349
"2015-08-04:12 AM",72.3162
"2015-08-05:12 AM",74.8413
"2015-08-06:12 AM",75.3438
"2015-08-07:12 AM",75.1694
"2015-08-08:12 AM",74.3077
"2015-08-09:12 AM",70.4772
"2015-08-10:12 AM",70.4631
"2015-08-11:12 AM",74.2831
"2015-08-12:12 AM",81.2386
"2015-08-13:12 AM",79.6109
"2015-08-14:12 AM",81.0734
"2015-08-15:12 AM",85.1259
"2015-08-16:12 AM",71.5224
"2015-08-17:12 AM",62.1806
"2015-08-18:12 AM",56.0395
"2015-08-19:12 AM",60.1237
"2015-08-20:12 AM",66.288
"2015-08-21:12 AM",74.91
"2015-08-22:12 AM",68.8687
"2015-08-23:12 AM",59.5875
"2015-08-24:12 AM",61.3773
"2015-08-25:12 AM",65.7815
"2015-08-26:12 AM",72.2993
"2015-08-27:12 AM",72.1387
"2015-08-28:12 AM",72.9387
"2015-08-29:12 AM",77.409
"2015-08-30:12 AM",82.0479
"2015-08-31:12 AM",76.996
"2015-09-01:12 AM",74.467
"2015-09-02:12 AM",80.213
"2015-09-03:12 AM",83.2989
"2015-09-04:12 AM",80.4425
"2015-09-05:12 AM",78.0584
"2015-09-06:12 AM",71.4677
"2015-09-07:12 AM",65.2777
"2015-09-08:12 AM",64.2859
"2015-09-09:12 AM",67.9012
"2015-09-10:12 AM",62.4875
"2015-09-11:12 AM",57.0049
"2015-09-12:12 AM",61.9547
"2015-09-13:12 AM",69.7919
"2015-09-14:12 AM",74.952
"2015-09-15:12 AM",76.6855
"2015-09-16:12 AM",73.1206
"2015-09-17:12 AM",66.2171
"2015-09-18:12 AM",54.4797
"2015-09-19:12 AM",55.906
"2015-09-20:12 AM",64.9423
"2015-09-21:12 AM",71.0607
"2015-09-22:12 AM",65.1286
"2015-09-23:12 AM",64.963
"2015-09-24:12 AM",65.2892
"2015-09-25:12 AM",65.6224
"2015-09-26:12 AM",68.7299
"2015-09-27:12 AM",71.1781
"2015-09-28:12 AM",61.3393
"2015-09-29:12 AM",57.1134
"2015-09-30:12 AM",60.1401
"2015-10-01:12 AM",59.9731
"2015-10-02:12 AM",55.146
"2015-10-03:12 AM",49.4256
"2015-10-04:12 AM",50.571
"2015-10-05:12 AM",53.2112
"2015-10-06:12 AM",55.2873
"2015-10-07:12 AM",58.6929
"2015-10-08:12 AM",59.3427
"2015-10-09:12 AM",53.8315
"2015-10-10:12 AM",65.8092
"2015-10-11:12 AM",69.7615
"2015-10-12:12 AM",59.1418
"2015-10-13:12 AM",56.2672
"2015-10-14:12 AM",56.7408
"2015-10-15:12 AM",52.0133
"2015-10-16:12 AM",44.186
"2015-10-17:12 AM",47.0151
"2015-10-18:12 AM",56.7378
"2015-10-19:12 AM",62.8551
"2015-10-20:12 AM",59.5283
"2015-10-21:12 AM",52.5321
"2015-10-22:12 AM",49.1216
"2015-10-23:12 AM",50.3478
"2015-10-24:12 AM",46.6702
"2015-10-25:12 AM",48.1408
"2015-10-26:12 AM",46.504
"2015-10-27:12 AM",47.6935
"2015-10-28:12 AM",38.6002
"2015-10-29:12 AM",34.3422
"2015-10-30:12 AM",41.6838
"2015-10-31:12 AM",49.665
"2015-11-01:12 AM",53.2072
"2015-11-02:12 AM",54.4402
"2015-11-03:12 AM",52.6379
"2015-11-04:12 AM",51.0325
"2015-11-05:12 AM",41.6084
"2015-11-06:12 AM",38.701
"2015-11-07:12 AM",39.645
"2015-11-08:12 AM",45.7671
"2015-11-09:12 AM",47.8454
"2015-11-10:12 AM",48.735
"2015-11-11:12 AM",38.7954
"2015-11-12:12 AM",38.7804
"2015-11-13:12 AM",38.8072
"2015-11-14:12 AM",47.8899
"2015-11-15:12 AM",49.4654
"2015-11-16:12 AM",49.8693
"2015-11-17:12 AM",40.7192
"2015-11-18:12 AM",37.234
"2015-11-19:12 AM",31.0928
"2015-11-20:12 AM",28.456
"2015-11-21:12 AM",22.8479
"2015-11-22:12 AM",30.1618
"2015-11-23:12 AM",35.3073
"2015-11-24:12 AM",35.9274
"2015-11-25:12 AM",35.4702
"2015-11-26:12 AM",23.0196
"2015-11-27:12 AM",15.9008
"2015-11-28:12 AM",21.4975
"2015-11-29:12 AM",25.7882
"2015-11-30:12 AM",25.2606
"2015-12-01:12 AM",27.0268
"2015-12-02:12 AM",27.1704
"2015-12-03:12 AM",27.8944
"2015-12-04:12 AM",34.012
"2015-12-05:12 AM",37.3802
"2015-12-06:12 AM",34.1967
"2015-12-07:12 AM",38.3214
"2015-12-08:12 AM",42.0861
"2015-12-09:12 AM",45.714
"2015-12-10:12 AM",44.7395
"2015-12-11:12 AM",34.5551
"2015-12-12:12 AM",32.3911
"2015-12-13:12 AM",30.1973
"2015-12-14:12 AM",30.3271
"2015-12-15:12 AM",27.5981
"2015-12-16:12 AM",24.0354
"2015-12-17:12 AM",18.4996
"2015-12-18:12 AM",14.7493
"2015-12-19:12 AM",22.5698
"2015-12-20:12 AM",28.1617
"2015-12-21:12 AM",23.5868
"2015-12-22:12 AM",30.9673
"2015-12-23:12 AM",28.7406
"2015-12-24:12 AM",23.9133
"2015-12-25:12 AM",23.7024
"2015-12-26:12 AM",16.6869
"2015-12-27:12 AM",8.5159
"2015-12-28:12 AM",11.4759
"2015-12-29:12 AM",13.3801
"2015-12-30:12 AM",10.204
"2015-12-31:12 AM",16.4959
"2016-01-01:12 AM",22.995
"2016-01-02:12 AM",25.0444
"2016-01-03:12 AM",20.7721
"2016-01-04:12 AM",21.8962
"2016-01-05:12 AM",26.8894
"2016-01-06:12 AM",26.4699
"2016-01-07:12 AM",25.7187
"2016-01-08:12 AM",20.6015
"2016-01-09:12 AM",4.2201
"2016-01-10:12 AM",5.8393
"2016-01-11:12 AM",20.7003
"2016-01-12:12 AM",13.71
"2016-01-13:12 AM",28.2666
"2016-01-14:12 AM",30.0978
"2016-01-15:12 AM",18.6445
"2016-01-16:12 AM",8.2839
"2016-01-17:12 AM",-4.4907
"2016-01-18:12 AM",2.3934
"2016-01-19:12 AM",16.2241
"2016-01-20:12 AM",23.5047
"2016-01-21:12 AM",21.2279
"2016-01-22:12 AM",17.6437
"2016-01-23:12 AM",28.2544
"2016-01-24:12 AM",28.9575
"2016-01-25:12 AM",26.0472
"2016-01-26:12 AM",23.7807
"2016-01-27:12 AM",30.9295
"2016-01-28:12 AM",33.5509
"2016-01-29:12 AM",35.3622
"2016-01-30:12 AM",34.4061
"2016-01-31:12 AM",31.4229
"2016-02-01:12 AM",27.6013
"2016-02-02:12 AM",26.1352
"2016-02-03:12 AM",20.2642
"2016-02-04:12 AM",21.3865
"2016-02-05:12 AM",27.2593
"2016-02-06:12 AM",31.0271
"2016-02-07:12 AM",31.5365
"2016-02-08:12 AM",26.4627
"2016-02-09:12 AM",24.7505
"2016-02-10:12 AM",29.5383
"2016-02-11:12 AM",26.0692
"2016-02-12:12 AM",20.1115
"2016-02-13:12 AM",17.9427
"2016-02-14:12 AM",28.6576
"2016-02-15:12 AM",33.0557
"2016-02-16:12 AM",33.2202
"2016-02-17:12 AM",34.5281
"2016-02-18:12 AM",42.9768
"2016-02-19:12 AM",46.1048
"2016-02-20:12 AM",39.4808
"2016-02-21:12 AM",35.0371
"2016-02-22:12 AM",32.8734
"2016-02-23:12 AM",33.5491
"2016-02-24:12 AM",31.4865
"2016-02-25:12 AM",29.518
"2016-02-26:12 AM",35.6157
"2016-02-27:12 AM",46.1691
"2016-02-28:12 AM",44.5154
"2016-02-29:12 AM",32.5312
"2016-03-01:12 AM",24.1167
"2016-03-02:12 AM",29.4418
"2016-03-03:12 AM",33.026
"2016-03-04:12 AM",38.644
"2016-03-05:12 AM",41.7891
"2016-03-06:12 AM",52.918
"2016-03-07:12 AM",52.5875
"2016-03-08:12 AM",44.503
"2016-03-09:12 AM",39.654
"2016-03-10:12 AM",43.7193
"2016-03-11:12 AM",52.7047
"2016-03-12:12 AM",54.9347
"2016-03-13:12 AM",56.4282
"2016-03-14:12 AM",53.9159
"2016-03-15:12 AM",46.7591
"2016-03-16:12 AM",41.3839
"2016-03-17:12 AM",36.3486
"2016-03-18:12 AM",30.186
"2016-03-19:12 AM",29.9424
"2016-03-20:12 AM",32.2209
"2016-03-21:12 AM",43.6962
"2016-03-22:12 AM",44.8986
"2016-03-23:12 AM",35.2279
"2016-03-24:12 AM",34.788
"2016-03-25:12 AM",37.8045
"2016-03-26:12 AM",30.5512
"2016-03-27:12 AM",34.5499
"2016-03-28:12 AM",43.5765
"2016-03-29:12 AM",48.4326
"2016-03-30:12 AM",45.9664
"2016-03-31:12 AM",39.7125
"2016-04-01:12 AM",35.2342
"2016-04-02:12 AM",44.0564
"2016-04-03:12 AM",55.5728
"2016-04-04:12 AM",45.1697
"2016-04-05:12 AM",49.6283
"2016-04-06:12 AM",46.2477
"2016-04-07:12 AM",45.466
"2016-04-08:12 AM",40.962
"2016-04-09:12 AM",45.9858
"2016-04-10:12 AM",50.209
"2016-04-11:12 AM",38.1549
"2016-04-12:12 AM",48.6491
"2016-04-13:12 AM",57.2463
"2016-04-14:12 AM",63.8008
"2016-04-15:12 AM",59.437
"2016-04-16:12 AM",47.9322
"2016-04-17:12 AM",38.9255
"2016-04-18:12 AM",40.0174
"2016-04-19:12 AM",44.218
"2016-04-20:12 AM",50.2552
"2016-04-21:12 AM",52.1339
"2016-04-22:12 AM",52.4898
"2016-04-23:12 AM",62.2989
"2016-04-24:12 AM",60.8515
"2016-04-25:12 AM",47.6445
"2016-04-26:12 AM",41.5168
"2016-04-27:12 AM",37.9728
"2016-04-28:12 AM",37.6392
"2016-04-29:12 AM",41.2513
"2016-04-30:12 AM",43.8521
"2016-05-01:12 AM",46.4324
"2016-05-02:12 AM",49.7167
"2016-05-03:12 AM",55.1514
"2016-05-04:12 AM",57.8745
"2016-05-05:12 AM",64.9578
"2016-05-06:12 AM",68.9891
"2016-05-07:12 AM",58.5883
"2016-05-08:12 AM",54.7997
"2016-05-09:12 AM",55.9818
"2016-05-10:12 AM",53.8896
"2016-05-11:12 AM",48.8887
"2016-05-12:12 AM",50.9261
"2016-05-13:12 AM",44.6
"2016-05-14:12 AM",43.5402
"2016-05-15:12 AM",49.2089
"2016-05-16:12 AM",53.242
"2016-05-17:12 AM",54.1899
"2016-05-18:12 AM",56.8468
"2016-05-19:12 AM",61.4964
"2016-05-20:12 AM",59.583
"2016-05-21:12 AM",60.4089
"2016-05-22:12 AM",63.8942
"2016-05-23:12 AM",65.5133
"2016-05-24:12 AM",65.3565
"2016-05-25:12 AM",64.7011
"2016-05-26:12 AM",62.3764
"2016-05-27:12 AM",62.0906
"2016-05-28:12 AM",61.2826
"2016-05-29:12 AM",64.3107
"2016-05-30:12 AM",65.975
"2016-05-31:12 AM",58.5714
"2016-06-01:12 AM",59.009
"2016-06-02:12 AM",64.0861
"2016-06-03:12 AM",69.0786
"2016-06-04:12 AM",65.2446
"2016-06-05:12 AM",67.91
"2016-06-06:12 AM",64.2574
"2016-06-07:12 AM",65.0152
"2016-06-08:12 AM",70.9671
"2016-06-09:12 AM",79.8022
"2016-06-10:12 AM",80.7111
"2016-06-11:12 AM",81.6481
"2016-06-12:12 AM",78.085
"2016-06-13:12 AM",70.7011
"2016-06-14:12 AM",69.2278
"2016-06-15:12 AM",69.1407
"2016-06-16:12 AM",76.3509
"2016-06-17:12 AM",77.7942
"2016-06-18:12 AM",77.319
"2016-06-19:12 AM",80.7609
"2016-06-20:12 AM",72.5803
"2016-06-21:12 AM",74.0532
"2016-06-22:12 AM",74.3257
"2016-06-23:12 AM",67.6569
"2016-06-24:12 AM",79.9515
"2016-06-25:12 AM",78.2211
"2016-06-26:12 AM",74.3284
"2016-06-27:12 AM",71.7876
"2016-06-28:12 AM",70.747
"2016-06-29:12 AM",72.0802
"2016-06-30:12 AM",70.3612
"2016-07-01:12 AM",64.4544
"2016-07-02:12 AM",65.7279
"2016-07-03:12 AM",70.0993
"2016-07-04:12 AM",79.1366
"2016-07-05:12 AM",79.1227
"2016-07-06:12 AM",74.3286
"2016-07-07:12 AM",70.1384
"2016-07-08:12 AM",71.5215
"2016-07-09:12 AM",77.0038
"2016-07-10:12 AM",82.6522
"2016-07-11:12 AM",79.8699
"2016-07-12:12 AM",74.3616
"2016-07-13:12 AM",73.8205
"2016-07-14:12 AM",70.9138
"2016-07-15:12 AM",67.6452
"2016-07-16:12 AM",74.9001
"2016-07-17:12 AM",75.1132
"2016-07-18:12 AM",78.2733
"2016-07-19:12 AM",84.2729
"2016-07-20:12 AM",90.3753
"2016-07-21:12 AM",88.8996
"2016-07-22:12 AM",85.0512
"2016-07-23:12 AM",83.7252
"2016-07-24:12 AM",77.2461
"2016-07-25:12 AM",80.2213
"2016-07-26:12 AM",81.7126
"2016-07-27:12 AM",74.3436
"2016-07-28:12 AM",68.7848
"2016-07-29:12 AM",70.486
"2016-07-30:12 AM",74.5961
"2016-07-31:12 AM",80.6641
"2016-08-01:12 AM",82.2654
"2016-08-02:12 AM",80.1113
"2016-08-03:12 AM",84.3075
"2016-08-04:12 AM",77.6106
"2016-08-05:12 AM",72.0419
"2016-08-06:12 AM",73.213
"2016-08-07:12 AM",74.6046
"2016-08-08:12 AM",78.6423
"2016-08-09:12 AM",82.566
"2016-08-10:12 AM",87.1223
"2016-08-11:12 AM",78.5649
"2016-08-12:12 AM",74.6926
"2016-08-13:12 AM",72.9196
"2016-08-14:12 AM",74.3619
"2016-08-15:12 AM",76.9413
"2016-08-16:12 AM",77.4925
"2016-08-17:12 AM",78.8628
"2016-08-18:12 AM",77.3847
"2016-08-19:12 AM",63.3637
"2016-08-20:12 AM",60.6655
"2016-08-21:12 AM",67.6294
"2016-08-22:12 AM",81.1555
"2016-08-23:12 AM",81.0752
"2016-08-24:12 AM",69.7114
"2016-08-25:12 AM",64.3212
"2016-08-26:12 AM",62.8043
"2016-08-27:12 AM",69.9643
"2016-08-28:12 AM",80.4801
"2016-08-29:12 AM",79.5619
"2016-08-30:12 AM",76.4487
"2016-08-31:12 AM",76.5421
"2016-09-01:12 AM",75.49
"2016-09-02:12 AM",73.8523
"2016-09-03:12 AM",76.2813
"2016-09-04:12 AM",71.7251
"2016-09-05:12 AM",66.5542
"2016-09-06:12 AM",64.56
"2016-09-07:12 AM",66.4754
"2016-09-08:12 AM",65.4678
"2016-09-09:12 AM",61.6509
"2016-09-10:12 AM",60.9006
"2016-09-11:12 AM",71.5629
"2016-09-12:12 AM",61.5373
"2016-09-13:12 AM",52.9075
"2016-09-14:12 AM",56.3157
"2016-09-15:12 AM",65.5434
"2016-09-16:12 AM",62.6724
"2016-09-17:12 AM",64.7856
"2016-09-18:12 AM",71.8477
"2016-09-19:12 AM",70.4943
"2016-09-20:12 AM",71.7555
"2016-09-21:12 AM",67.9471
"2016-09-22:12 AM",59.146
"2016-09-23:12 AM",63.9932
"2016-09-24:12 AM",66.7231
"2016-09-25:12 AM",56.3869
"2016-09-26:12 AM",57.6797
"2016-09-27:12 AM",61.2907
"2016-09-28:12 AM",58.4739
"2016-09-29:12 AM",58.2985
"2016-09-30:12 AM",63.1927
"2016-10-01:12 AM",66.0335
"2016-10-02:12 AM",67.3317
"2016-10-03:12 AM",67.0543
"2016-10-04:12 AM",57.5253
"2016-10-05:12 AM",51.3572
"2016-10-06:12 AM",43.7542
"2016-10-07:12 AM",41.7375
"2016-10-08:12 AM",45.2179
"2016-10-09:12 AM",53.0695
"2016-10-10:12 AM",63.0118
"2016-10-11:12 AM",46.7766
"2016-10-12:12 AM",38.4274
"2016-10-13:12 AM",45.2012
"2016-10-14:12 AM",61.7785
"2016-10-15:12 AM",62.4619
"2016-10-16:12 AM",63.03
"2016-10-17:12 AM",57.155
"2016-10-18:12 AM",51.5421
"2016-10-19:12 AM",48.0306
"2016-10-20:12 AM",44.6268
"2016-10-21:12 AM",50.292
"2016-10-22:12 AM",55.0206
"2016-10-23:12 AM",52.1238
"2016-10-24:12 AM",47.4917
"2016-10-25:12 AM",53.4931
"2016-10-26:12 AM",53.1442
"2016-10-27:12 AM",57.2054
"2016-10-28:12 AM",65.3344
"2016-10-29:12 AM",50.6662
"2016-10-30:12 AM",44.4016
"2016-10-31:12 AM",58.7397
"2016-11-01:12 AM",53.4254
"2016-11-02:12 AM",52.3825
"2016-11-03:12 AM",52.8247
"2016-11-04:12 AM",55.7229
"2016-11-05:12 AM",58.3637
"2016-11-06:12 AM",60.172
"2016-11-07:12 AM",55.6529
"2016-11-08:12 AM",47.4022
"2016-11-09:12 AM",52.0362
"2016-11-10:12 AM",55.1075
"2016-11-11:12 AM",43.9052
"2016-11-12:12 AM",49.2386
"2016-11-13:12 AM",54.9793
"2016-11-14:12 AM",49.8891
"2016-11-15:12 AM",53.164
"2016-11-16:12 AM",51.8238
"2016-11-17:12 AM",40.5309
"2016-11-18:12 AM",28.9204
"2016-11-19:12 AM",23.1735
"2016-11-20:12 AM",28.5109
"2016-11-21:12 AM",33.7725
"2016-11-22:12 AM",38.0606
"2016-11-23:12 AM",34.7383
"2016-11-24:12 AM",32.3944
"2016-11-25:12 AM",35.1124
"2016-11-26:12 AM",39.0547
"2016-11-27:12 AM",38.3443
"2016-11-28:12 AM",36.6427
"2016-11-29:12 AM",30.2488
"2016-11-30:12 AM",26.9843
"2016-12-01:12 AM",25.6438
"2016-12-02:12 AM",24.237
"2016-12-03:12 AM",26.8666
"2016-12-04:12 AM",30.8197
"2016-12-05:12 AM",29.8749
"2016-12-06:12 AM",14.4448
"2016-12-07:12 AM",6.8911
"2016-12-08:12 AM",4.7961
"2016-12-09:12 AM",1.3548
"2016-12-10:12 AM",5.756
"2016-12-11:12 AM",11.2937
"2016-12-12:12 AM",8.3349
"2016-12-13:12 AM",6.1691
"2016-12-14:12 AM",6.5631
"2016-12-15:12 AM",6.7491
"2016-12-16:12 AM",8.4857
"2016-12-17:12 AM",-7.3962
"2016-12-18:12 AM",-3.3131
"2016-12-19:12 AM",19.3228
"2016-12-20:12 AM",30.1768
"2016-12-21:12 AM",31.44
"2016-12-22:12 AM",26.848
"2016-12-23:12 AM",29.0631
"2016-12-24:12 AM",23.6053
"2016-12-25:12 AM",27.628
"2016-12-26:12 AM",17.8767
"2016-12-27:12 AM",20.8454
"2016-12-28:12 AM",28.7692
"2016-12-29:12 AM",25.1616
"2016-12-30:12 AM",27.3115
"2016-12-31:12 AM",22.3774
"2017-01-01:12 AM",19.7379
"2017-01-02:12 AM",19.645
"2017-01-03:12 AM",3.3318
"2017-01-04:12 AM",-1.8364
"2017-01-05:12 AM",-2.8903
"2017-01-06:12 AM",2.7495
"2017-01-07:12 AM",-0.3843
"2017-01-08:12 AM",12.7792
"2017-01-09:12 AM",14.486
"2017-01-10:12 AM",16.8179
"2017-01-11:12 AM",3.4068
"2017-01-12:12 AM",1.069
"2017-01-13:12 AM",6.5093
"2017-01-14:12 AM",12.2905
"2017-01-15:12 AM",17.6248
"2017-01-16:12 AM",21.5548
"2017-01-17:12 AM",21.3719
"2017-01-18:12 AM",30.5861
"2017-01-19:12 AM",30.1287
"2017-01-20:12 AM",30.4718
"2017-01-21:12 AM",31.0352
"2017-01-22:12 AM",28.7035
"2017-01-23:12 AM",27.4109
"2017-01-24:12 AM",24.8261
"2017-01-25:12 AM",20.0368
"2017-01-26:12 AM",18.1821
"2017-01-27:12 AM",24.4481
"2017-01-28:12 AM",30.5649
"2017-01-29:12 AM",32.8755
"2017-01-30:12 AM",34.2799
"2017-01-31:12 AM",28.5967
"2017-02-01:12 AM",15.813
"2017-02-02:12 AM",8.8356
"2017-02-03:12 AM",8.326
"2017-02-04:12 AM",25.0011
"2017-02-05:12 AM",16.0338
"2017-02-06:12 AM",26.7316
"2017-02-07:12 AM",13.2885
"2017-02-08:12 AM",4.5421
"2017-02-09:12 AM",12.7647
"2017-02-10:12 AM",35.9575
"2017-02-11:12 AM",34.4203
"2017-02-12:12 AM",31.0602
"2017-02-13:12 AM",33.111
"2017-02-14:12 AM",32.6066
"2017-02-15:12 AM",34.894
"2017-02-16:12 AM",40.9483
"2017-02-17:12 AM",43.5612
"2017-02-18:12 AM",42.8288
"2017-02-19:12 AM",49.2872
"2017-02-20:12 AM",49.8538
"2017-02-21:12 AM",50.0218
"2017-02-22:12 AM",46.7474
"2017-02-23:12 AM",30.8475
"2017-02-24:12 AM",24.6999
"2017-02-25:12 AM",24.9588
"2017-02-26:12 AM",27.7741
"2017-02-27:12 AM",29.8776
"2017-02-28:12 AM",28.6025
"2017-03-01:12 AM",27.3366
"2017-03-02:12 AM",26.5046
"2017-03-03:12 AM",30.2293
"2017-03-04:12 AM",39.0625
"2017-03-05:12 AM",48.6543
"2017-03-06:12 AM",46.3401
"2017-03-07:12 AM",35.2017
"2017-03-08:12 AM",33.5692
"2017-03-09:12 AM",26.7483
"2017-03-10:12 AM",17.2387
"2017-03-11:12 AM",18.905
"2017-03-12:12 AM",20.1533
"2017-03-13:12 AM",15.0652
"2017-03-14:12 AM",20.872
"2017-03-15:12 AM",31.0411
"2017-03-16:12 AM",42.0438
"2017-03-17:12 AM",43.4644
"2017-03-18:12 AM",40.1162
"2017-03-19:12 AM",53.5503
"2017-03-20:12 AM",46.8354
"2017-03-21:12 AM",36.223
"2017-03-22:12 AM",38.1207
"2017-03-23:12 AM",44.8628
"2017-03-24:12 AM",44.0686
"2017-03-25:12 AM",43.9695
"2017-03-26:12 AM",44.1531
"2017-03-27:12 AM",46.4063
"2017-03-28:12 AM",48.2142
"2017-03-29:12 AM",48.5467
"2017-03-30:12 AM",44.7345
"2017-03-31:12 AM",44.6893
"2017-04-01:12 AM",48.0686
"2017-04-02:12 AM",50.1055
"2017-04-03:12 AM",47.7696
"2017-04-04:12 AM",45.5707
"2017-04-05:12 AM",44.397
"2017-04-06:12 AM",44.166
"2017-04-07:12 AM",55.0207
"2017-04-08:12 AM",63.2347
"2017-04-09:12 AM",52.9108
"2017-04-10:12 AM",36.3868
"2017-04-11:12 AM",41.2813
"2017-04-12:12 AM",49.9973
"2017-04-13:12 AM",51.4621
"2017-04-14:12 AM",60.5277
"2017-04-15:12 AM",55.594
"2017-04-16:12 AM",51.1765
"2017-04-17:12 AM",49.3372
"2017-04-18:12 AM",55.0989
"2017-04-19:12 AM",45.302
"2017-04-20:12 AM",46.5658
"2017-04-21:12 AM",48.9841
"2017-04-22:12 AM",52.5295
"2017-04-23:12 AM",55.927
"2017-04-24:12 AM",52.0374
"2017-04-25:12 AM",36.8877
"2017-04-26:12 AM",35.4808
"2017-04-27:12 AM",36.7407
"2017-04-28:12 AM",40.2566
"2017-04-29:12 AM",44.0757
"2017-04-30:12 AM",45.455
"2017-05-01:12 AM",47.6191
"2017-05-02:12 AM",49.6533
"2017-05-03:12 AM",51.7019
"2017-05-04:12 AM",55.7848
"2017-05-05:12 AM",63.6143
"2017-05-06:12 AM",66.2382
"2017-05-07:12 AM",69.2209
"2017-05-08:12 AM",65.3742
"2017-05-09:12 AM",56.2161
"2017-05-10:12 AM",56.7657
"2017-05-11:12 AM",57.5865
"2017-05-12:12 AM",64.3681
"2017-05-13:12 AM",68.2144
"2017-05-14:12 AM",67.4344
"2017-05-15:12 AM",65.34
"2017-05-16:12 AM",63.8386
"2017-05-17:12 AM",53.7634
"2017-05-18:12 AM",48.015
"2017-05-19:12 AM",46.7881
"2017-05-20:12 AM",44.019
"2017-05-21:12 AM",49.546
"2017-05-22:12 AM",53.8804
"2017-05-23:12 AM",50.5787
"2017-05-24:12 AM",54.0435
"2017-05-25:12 AM",60.7932
"2017-05-26:12 AM",58.705
"2017-05-27:12 AM",59.6593
"2017-05-28:12 AM",62.0222
"2017-05-29:12 AM",57.5731
"2017-05-30:12 AM",57.9731
"2017-05-31:12 AM",59.2558
"2017-06-01:12 AM",68.1409
"2017-06-02:12 AM",74.5254
"2017-06-03:12 AM",72.4303
"2017-06-04:12 AM",73.3384
"2017-06-05:12 AM",74.3383
"2017-06-06:12 AM",71.0852
"2017-06-07:12 AM",70.2682
"2017-06-08:12 AM",71.1057
"2017-06-09:12 AM",77.1816
"2017-06-10:12 AM",77.043
"2017-06-11:12 AM",72.2442
"2017-06-12:12 AM",69.2953
"2017-06-13:12 AM",72.6112
"2017-06-14:12 AM",68.9214
"2017-06-15:12 AM",70.8274
"2017-06-16:12 AM",69.579
"2017-06-17:12 AM",64.3563
"2017-06-18:12 AM",63.5787
"2017-06-19:12 AM",66.2641
"2017-06-20:12 AM",70.3814
"2017-06-21:12 AM",74.9415
"2017-06-22:12 AM",67.3599
"2017-06-23:12 AM",60.4272
"2017-06-24:12 AM",59.3674
"2017-06-25:12 AM",60.0175
"2017-06-26:12 AM",62.4742
"2017-06-27:12 AM",69.6601
"2017-06-28:12 AM",74.3131
"2017-06-29:12 AM",67.2476
"2017-06-30:12 AM",64.8964
"2017-07-01:12 AM",69.7656
"2017-07-02:12 AM",73.2929
"2017-07-03:12 AM",75.2144
"2017-07-04:12 AM",80.1495
"2017-07-05:12 AM",84.7913
"2017-07-06:12 AM",85.6697
"2017-07-07:12 AM",78.341
"2017-07-08:12 AM",79.4766
"2017-07-09:12 AM",85.3668
"2017-07-10:12 AM",79.1521
"2017-07-11:12 AM",82.9875
"2017-07-12:12 AM",78.3349
"2017-07-13:12 AM",72.4489
"2017-07-14:12 AM",78.9935
"2017-07-15:12 AM",84.3039
"2017-07-16:12 AM",81.9111
"2017-07-17:12 AM",87.1347
"2017-07-18:12 AM",80.2252
"2017-07-19:12 AM",82.0621
"2017-07-20:12 AM",83.075
"2017-07-21:12 AM",84.8856
"2017-07-22:12 AM",83.0658
"2017-07-23:12 AM",77.1976
"2017-07-24:12 AM",79.7227
"2017-07-25:12 AM",82.2798
"2017-07-26:12 AM",76.4728
"2017-07-27:12 AM",74.8391
"2017-07-28:12 AM",77.1816
"2017-07-29:12 AM",78.5914
"2017-07-30:12 AM",76.5714
"2017-07-31:12 AM",78.5313
"2017-08-01:12 AM",80.1237
"2017-08-02:12 AM",72.4519
"2017-08-03:12 AM",63.1299
"2017-08-04:12 AM",65.7594
"2017-08-05:12 AM",68.4671
"2017-08-06:12 AM",65.1861
"2017-08-07:12 AM",66.911
"2017-08-08:12 AM",70.3434
"2017-08-09:12 AM",71.8365
"2017-08-10:12 AM",67.379
"2017-08-11:12 AM",69.2289
"2017-08-12:12 AM",72.1623
"2017-08-13:12 AM",66.9598
"2017-08-14:12 AM",66.5343
"2017-08-15:12 AM",65.0817
"2017-08-16:12 AM",65.8432
"2017-08-17:12 AM",70.3663
"2017-08-18:12 AM",71.9924
"2017-08-19:12 AM",74.3666
"2017-08-20:12 AM",72.7689
"2017-08-21:12 AM",69.7903
"2017-08-22:12 AM",67.4587
"2017-08-23:12 AM",70.3355
"2017-08-24:12 AM",71.4405
"2017-08-25:12 AM",70.0844
"2017-08-26:12 AM",71.105
"2017-08-27:12 AM",70.7929
"2017-08-28:12 AM",72.946
"2017-08-29:12 AM",75.8989
"2017-08-30:12 AM",75.7659
"2017-08-31:12 AM",72.8114
"2017-09-01:12 AM",71.7184
"2017-09-02:12 AM",72.8872
"2017-09-03:12 AM",79.0574
"2017-09-04:12 AM",69.7224
"2017-09-05:12 AM",60.2924
"2017-09-06:12 AM",59.7979
"2017-09-07:12 AM",67.6369
"2017-09-08:12 AM",69.1223
"2017-09-09:12 AM",72.0585
"2017-09-10:12 AM",76.2813
"2017-09-11:12 AM",77.1247
"2017-09-12:12 AM",80.1288
"2017-09-13:12 AM",78.6281
"2017-09-14:12 AM",74.6938
"2017-09-15:12 AM",61.6248
"2017-09-16:12 AM",52.1649
"2017-09-17:12 AM",52.6042
"2017-09-18:12 AM",63.4665
"2017-09-19:12 AM",69.0103
"2017-09-20:12 AM",60.2481
"2017-09-21:12 AM",68.729
"2017-09-22:12 AM",68.1525
"2017-09-23:12 AM",52.5558
"2017-09-24:12 AM",51.5437
"2017-09-25:12 AM",48.5762
"2017-09-26:12 AM",51.0787
"2017-09-27:12 AM",54.6816
"2017-09-28:12 AM",60.7437
"2017-09-29:12 AM",57.3611
"2017-09-30:12 AM",62.2173
"2017-10-01:12 AM",62.4605
"2017-10-02:12 AM",53.1498
"2017-10-03:12 AM",49.6825
"2017-10-04:12 AM",47.2316
"2017-10-05:12 AM",54.6184
"2017-10-06:12 AM",52.6753
"2017-10-07:12 AM",57.6687
"2017-10-08:12 AM",53.7229
"2017-10-09:12 AM",43.9963
"2017-10-10:12 AM",43.1992
"2017-10-11:12 AM",49.496
"2017-10-12:12 AM",55.3566
"2017-10-13:12 AM",49.8052
"2017-10-14:12 AM",45.8134
"2017-10-15:12 AM",43.8035
"2017-10-16:12 AM",52.1501
"2017-10-17:12 AM",58.7838
"2017-10-18:12 AM",59.0787
"2017-10-19:12 AM",61.0549
"2017-10-20:12 AM",67.3804
"2017-10-21:12 AM",56.3171
"2017-10-22:12 AM",51.7537
"2017-10-23:12 AM",52.124
"2017-10-24:12 AM",46.9612
"2017-10-25:12 AM",57.0276
"2017-10-26:12 AM",46.2691
"2017-10-27:12 AM",30.2612
"2017-10-28:12 AM",35.8236
"2017-10-29:12 AM",46.5339
"2017-10-30:12 AM",34.1292
"2017-10-31:12 AM",29.7212
"2017-11-01:12 AM",39.1554
"2017-11-02:12 AM",35.5491
"2017-11-03:12 AM",31.3257
"2017-11-04:12 AM",36.6224
"2017-11-05:12 AM",27.8787
"2017-11-06:12 AM",27.5097
"2017-11-07:12 AM",25.461
"2017-11-08:12 AM",28.4684
"2017-11-09:12 AM",21.6117
"2017-11-10:12 AM",26.4659
"2017-11-11:12 AM",33.1797
"2017-11-12:12 AM",34.0545
"2017-11-13:12 AM",40.2366
"2017-11-14:12 AM",44.8914
"2017-11-15:12 AM",36.0954
"2017-11-16:12 AM",36.9975
"2017-11-17:12 AM",42.165
"2017-11-18:12 AM",33.679
"2017-11-19:12 AM",35.5856
"2017-11-20:12 AM",42.9039
"2017-11-21:12 AM",29.6821
"2017-11-22:12 AM",35.06
"2017-11-23:12 AM",49.9242
"2017-11-24:12 AM",52.3823
"2017-11-25:12 AM",41.938
"2017-11-26:12 AM",44.8104
"2017-11-27:12 AM",54.0678
"2017-11-28:12 AM",43.1609
"2017-11-29:12 AM",41.4153
"2017-11-30:12 AM",39.5028
"2017-12-01:12 AM",38.5133
"2017-12-02:12 AM",38.9989
"2017-12-03:12 AM",41.9644
"2017-12-04:12 AM",33.7802
"2017-12-05:12 AM",25.8751
"2017-12-06:12 AM",23.1903
"2017-12-07:12 AM",18.3416
"2017-12-08:12 AM",30.7609
"2017-12-09:12 AM",30.7963
"2017-12-10:12 AM",38.2246
"2017-12-11:12 AM",36.4334
"2017-12-12:12 AM",34.4365
"2017-12-13:12 AM",39.6387
"2017-12-14:12 AM",33.2607
"2017-12-15:12 AM",34.6757
"2017-12-16:12 AM",35.989
"2017-12-17:12 AM",32.054
"2017-12-18:12 AM",36.1209
"2017-12-19:12 AM",34.9673
"2017-12-20:12 AM",32.3645
"2017-12-21:12 AM",19.5685
"2017-12-22:12 AM",17.31
"2017-12-23:12 AM",13.0795
"2017-12-24:12 AM",13.3673
"2017-12-25:12 AM",3.9477
"2017-12-26:12 AM",-3.8209
"2017-12-27:12 AM",1.6216
"2017-12-28:12 AM",10.6617
"2017-12-29:12 AM",6.352
"2017-12-30:12 AM",-5.9409
"2017-12-31:12 AM",-13.4379
"2018-01-01:12 AM",-11.6721
"2018-01-02:12 AM",7.0684
"2018-01-03:12 AM",12.8075
"2018-01-04:12 AM",13.1745
"2018-01-05:12 AM",12.6243
"2018-01-06:12 AM",18.788
"2018-01-07:12 AM",31.4658
"2018-01-08:12 AM",30.0774
"2018-01-09:12 AM",32.841
"2018-01-10:12 AM",33.346
"2018-01-11:12 AM",5.8642
"2018-01-12:12 AM",-0.0711
"2018-01-13:12 AM",3.38
"2018-01-14:12 AM",20.3473
"2018-01-15:12 AM",-2.2047
"2018-01-16:12 AM",-1.2644
"2018-01-17:12 AM",19.8309
"2018-01-18:12 AM",31.1797
"2018-01-19:12 AM",36.086
"2018-01-20:12 AM",33.1317
"2018-01-21:12 AM",30.1185
"2018-01-22:12 AM",25.2835
"2018-01-23:12 AM",26.1545
"2018-01-24:12 AM",27.3303
"2018-01-25:12 AM",31.9613
"2018-01-26:12 AM",33.5622
"2018-01-27:12 AM",29.1054
"2018-01-28:12 AM",16.977
"2018-01-29:12 AM",15.4873
"2018-01-30:12 AM",29.5482
"2018-01-31:12 AM",31.2609
"2018-02-01:12 AM",12.754
"2018-02-02:12 AM",18.2475
"2018-02-03:12 AM",24.1113
"2018-02-04:12 AM",5.8845
"2018-02-05:12 AM",10.8523
"2018-02-06:12 AM",8.298
"2018-02-07:12 AM",10.9639
"2018-02-08:12 AM",13.6477
"2018-02-09:12 AM",4.6636
"2018-02-10:12 AM",1.8104
"2018-02-11:12 AM",9.6013
"2018-02-12:12 AM",5.5951
"2018-02-13:12 AM",17.6301
"2018-02-14:12 AM",29.5653
"2018-02-15:12 AM",23.4264
"2018-02-16:12 AM",14.628
"2018-02-17:12 AM",23.7522
"2018-02-18:12 AM",25.0893
"2018-02-19:12 AM",8.5572
"2018-02-20:12 AM",5.0668
"2018-02-21:12 AM",3.9866
"2018-02-22:12 AM",13.5172
"2018-02-23:12 AM",15.2586
"2018-02-24:12 AM",16.8813
"2018-02-25:12 AM",22.8837
"2018-02-26:12 AM",26.6932
"2018-02-27:12 AM",26.0202
"2018-02-28:12 AM",26.4288
"2018-03-01:12 AM",23.3649
"2018-03-02:12 AM",30.2293
"2018-03-03:12 AM",32.9085
"2018-03-04:12 AM",35.7019
"2018-03-05:12 AM",27.0297
"2018-03-06:12 AM",23.9137
"2018-03-07:12 AM",20.3416
"2018-03-08:12 AM",19.7485
"2018-03-09:12 AM",27.3695
"2018-03-10:12 AM",31.4323
"2018-03-11:12 AM",26.7723
"2018-03-12:12 AM",25.5173
"2018-03-13:12 AM",27.9127
"2018-03-14:12 AM",33.7813
"2018-03-15:12 AM",32.5319
"2018-03-16:12 AM",28.2677
"2018-03-17:12 AM",29.0559
"2018-03-18:12 AM",32.7483
"2018-03-19:12 AM",31.7521
"2018-03-20:12 AM",29.6587
"2018-03-21:12 AM",30.7371
"2018-03-22:12 AM",35.1736
"2018-03-23:12 AM",37.7555
"2018-03-24:12 AM",34.7833
"2018-03-25:12 AM",34.5025
"2018-03-26:12 AM",33.5638
"2018-03-27:12 AM",37.1152
"2018-03-28:12 AM",38.4795
"2018-03-29:12 AM",31.6166
"2018-03-30:12 AM",34.1586
"2018-03-31:12 AM",26.4454
"2018-04-01:12 AM",25.5142
"2018-04-02:12 AM",30.8453
"2018-04-03:12 AM",21.2452
"2018-04-04:12 AM",21.9654
"2018-04-05:12 AM",29.7874
"2018-04-06:12 AM",19.6057
"2018-04-07:12 AM",22.7152
"2018-04-08:12 AM",29.0898
"2018-04-09:12 AM",30.4848
"2018-04-10:12 AM",39.706
"2018-04-11:12 AM",43.5661
"2018-04-12:12 AM",42.8572
"2018-04-13:12 AM",32.9234
"2018-04-14:12 AM",26.5901
"2018-04-15:12 AM",26.0776
"2018-04-16:12 AM",27.9388
"2018-04-17:12 AM",34.7947
"2018-04-18:12 AM",36.4001
"2018-04-19:12 AM",38.7343
"2018-04-20:12 AM",41.1944
"2018-04-21:12 AM",45.3378
"2018-04-22:12 AM",48.204
"2018-04-23:12 AM",52.311
"2018-04-24:12 AM",44.5955
"2018-04-25:12 AM",45.4222
"2018-04-26:12 AM",51.6184
"2018-04-27:12 AM",53.4783
"2018-04-28:12 AM",49.1432
"2018-04-29:12 AM",59.3859
"2018-04-30:12 AM",60.9384
"2018-05-01:12 AM",51.7044
"2018-05-02:12 AM",52.0992
"2018-05-03:12 AM",56.6775
"2018-05-04:12 AM",62.317
"2018-05-05:12 AM",66.6239
"2018-05-06:12 AM",64.6878
"2018-05-07:12 AM",67.8895
"2018-05-08:12 AM",65.3738
"2018-05-09:12 AM",62.4533
"2018-05-10:12 AM",50.1512
"2018-05-11:12 AM",44.6229
"2018-05-12:12 AM",48.0303
"2018-05-13:12 AM",52.4957
"2018-05-14:12 AM",59.3733
"2018-05-15:12 AM",62.4655
"2018-05-16:12 AM",67.9307
"2018-05-17:12 AM",70.4651
"2018-05-18:12 AM",62.3556
"2018-05-19:12 AM",50.914
"2018-05-20:12 AM",53.8063
"2018-05-21:12 AM",59.414
"2018-05-22:12 AM",66.5073
"2018-05-23:12 AM",72.0099
"2018-05-24:12 AM",73.4083
"2018-05-25:12 AM",74.2446
"2018-05-26:12 AM",76.5966
"2018-05-27:12 AM",78.0049
"2018-05-28:12 AM",73.9695
"2018-05-29:12 AM",69.7867
"2018-05-30:12 AM",69.3459
"2018-05-31:12 AM",72.2685
"2018-06-01:12 AM",75.2817
"2018-06-02:12 AM",64.6759
"2018-06-03:12 AM",65.6033
"2018-06-04:12 AM",72.2417
"2018-06-05:12 AM",78.4657
"2018-06-06:12 AM",74.8515
"2018-06-07:12 AM",70.7545
"2018-06-08:12 AM",74.5952
"2018-06-09:12 AM",77.3271
"2018-06-10:12 AM",76.7349
"2018-06-11:12 AM",65.8927
"2018-06-12:12 AM",63.4613
"2018-06-13:12 AM",64.4799
"2018-06-14:12 AM",77.1876
"2018-06-15:12 AM",77.9752
"2018-06-16:12 AM",70.7774
"2018-06-17:12 AM",64.2893
"2018-06-18:12 AM",61.4887
"2018-06-19:12 AM",63.1296
"2018-06-20:12 AM",63.2268
"2018-06-21:12 AM",66.7339
"2018-06-22:12 AM",66.6451
"2018-06-23:12 AM",67.4157
"2018-06-24:12 AM",65.7883
"2018-06-25:12 AM",66.524
"2018-06-26:12 AM",70.8928
"2018-06-27:12 AM",74.5896
"2018-06-28:12 AM",76.8601
"2018-06-29:12 AM",78.4479
"2018-06-30:12 AM",68.0448
"2018-07-01:12 AM",67.9136
"2018-07-02:12 AM",73.4538
"2018-07-03:12 AM",77.697
"2018-07-04:12 AM",75.2095
"2018-07-05:12 AM",71.0046
"2018-07-06:12 AM",74.9959
"2018-07-07:12 AM",82.0234
"2018-07-08:12 AM",84.6745
"2018-07-09:12 AM",79.7009
"2018-07-10:12 AM",83.7664
"2018-07-11:12 AM",83.3202
"2018-07-12:12 AM",75.7715
"2018-07-13:12 AM",73.5058
"2018-07-14:12 AM",77.4918
"2018-07-15:12 AM",70.9608
"2018-07-16:12 AM",72.1004
"2018-07-17:12 AM",74.2523
"2018-07-18:12 AM",72.0684
"2018-07-19:12 AM",72.5855
"2018-07-20:12 AM",72.7491
"2018-07-21:12 AM",72.968
"2018-07-22:12 AM",74.5417
"2018-07-23:12 AM",72.9858
"2018-07-24:12 AM",74.529
"2018-07-25:12 AM",73.7496
"2018-07-26:12 AM",67.683
"2018-07-27:12 AM",63.8299
"2018-07-28:12 AM",65.723
"2018-07-29:12 AM",66.5166
"2018-07-30:12 AM",68.1688
"2018-07-31:12 AM",73.8482
"2018-08-01:12 AM",70.8726
"2018-08-02:12 AM",72.3508
"2018-08-03:12 AM",80.5676
"2018-08-04:12 AM",78.2037
"2018-08-05:12 AM",71.5093
"2018-08-06:12 AM",71.42
"2018-08-07:12 AM",73.3546
"2018-08-08:12 AM",79.9934
"2018-08-09:12 AM",78.9202
"2018-08-10:12 AM",81.649
"2018-08-11:12 AM",83.2433
"2018-08-12:12 AM",83.9237
"2018-08-13:12 AM",81.5587
"2018-08-14:12 AM",73.7627
"2018-08-15:12 AM",70.3195
"2018-08-16:12 AM",72.174
"2018-08-17:12 AM",74.7219
"2018-08-18:12 AM",75.2632
"2018-08-19:12 AM",65.322
"2018-08-20:12 AM",62.0922
"2018-08-21:12 AM",63.3848
"2018-08-22:12 AM",65.7968
"2018-08-23:12 AM",70.5294
"2018-08-24:12 AM",72.9108
"2018-08-25:12 AM",75.1644
"2018-08-26:12 AM",75.3422
"2018-08-27:12 AM",68.6574
"2018-08-28:12 AM",59.2774
"2018-08-29:12 AM",62.4718
"2018-08-30:12 AM",72.7929
"2018-08-31:12 AM",76.0044
"2018-09-01:12 AM",72.3454
"2018-09-02:12 AM",70.5227
"2018-09-03:12 AM",69.845
"2018-09-04:12 AM",71.6495
"2018-09-05:12 AM",65.4096
"2018-09-06:12 AM",67.0825
"2018-09-07:12 AM",70.4264
"2018-09-08:12 AM",68.2354
"2018-09-09:12 AM",70.351
"2018-09-10:12 AM",71.8691
"2018-09-11:12 AM",76.1785
"2018-09-12:12 AM",74.4859
"2018-09-13:12 AM",73.224
"2018-09-14:12 AM",69.7397
"2018-09-15:12 AM",73.0861
"2018-09-16:12 AM",80.3743
"2018-09-17:12 AM",66.1825
"2018-09-18:12 AM",60.5525
"2018-09-19:12 AM",58.5054
"2018-09-20:12 AM",56.0043
"2018-09-21:12 AM",51.1493
"2018-09-22:12 AM",58.4422
"2018-09-23:12 AM",62.791
"2018-09-24:12 AM",56.7831
"2018-09-25:12 AM",50.2997
"2018-09-26:12 AM",52.7943
"2018-09-27:12 AM",52.5425
"2018-09-28:12 AM",44.6952
"2018-09-29:12 AM",44.2749
"2018-09-30:12 AM",43.8685
"2018-10-01:12 AM",46.9855
"2018-10-02:12 AM",55.3645
"2018-10-03:12 AM",58.3772
"2018-10-04:12 AM",36.0307
"2018-10-05:12 AM",40.2429
"2018-10-06:12 AM",39.2365
"2018-10-07:12 AM",37.243
"2018-10-08:12 AM",37.2943
"2018-10-09:12 AM",36.934
"2018-10-10:12 AM",33.0411
"2018-10-11:12 AM",31.0476
"2018-10-12:12 AM",36.3277
"2018-10-13:12 AM",40.3806
"2018-10-14:12 AM",30.9769
"2018-10-15:12 AM",33.5552
"2018-10-16:12 AM",45.5504
"2018-10-17:12 AM",47.4381
"2018-10-18:12 AM",54.2633
"2018-10-19:12 AM",53.9706
"2018-10-20:12 AM",44.0013
"2018-10-21:12 AM",48.5559
"2018-10-22:12 AM",47.457
"2018-10-23:12 AM",44.2796
"2018-10-24:12 AM",50.8444
"2018-10-25:12 AM",53.0532
"2018-10-26:12 AM",52.4023
"2018-10-27:12 AM",52.0862
"2018-10-28:12 AM",47.0615
"2018-10-29:12 AM",48.4329
"2018-10-30:12 AM",46.2852
"2018-10-31:12 AM",43.9538
"2018-11-01:12 AM",43.297
"2018-11-02:12 AM",40.6015
"2018-11-03:12 AM",37.9114
"2018-11-04:12 AM",36.8668
"2018-11-05:12 AM",38.2404
"2018-11-06:12 AM",31.4631
"2018-11-07:12 AM",25.4322
"2018-11-08:12 AM",22.8042
"2018-11-09:12 AM",16.3328
"2018-11-10:12 AM",22.2831
"2018-11-11:12 AM",26.6634
"2018-11-12:12 AM",18.8029
"2018-11-13:12 AM",25.2901
"2018-11-14:12 AM",37.8462
"2018-11-15:12 AM",41.9259
"2018-11-16:12 AM",35.006
"2018-11-17:12 AM",19.4931
"2018-11-18:12 AM",25.102
"2018-11-19:12 AM",26.4942
"2018-11-20:12 AM",31.9168
"2018-11-21:12 AM",35.9386
"2018-11-22:12 AM",39.6273
"2018-11-23:12 AM",43.1902
"2018-11-24:12 AM",34.7839
"2018-11-25:12 AM",26.0715
"2018-11-26:12 AM",22.3273
"2018-11-27:12 AM",22.343
"2018-11-28:12 AM",32.7479
"2018-11-29:12 AM",35.076
"2018-11-30:12 AM",34.2005
"2018-12-01:12 AM",32.6304
"2018-12-02:12 AM",24.9994
"2018-12-03:12 AM",20.0556
"2018-12-04:12 AM",23.9092
"2018-12-05:12 AM",24.4531
"2018-12-06:12 AM",17.1561
"2018-12-07:12 AM",15.8702
"2018-12-08:12 AM",21.196
"2018-12-09:12 AM",22.8236
"2018-12-10:12 AM",24.8248
"2018-12-11:12 AM",27.0936
"2018-12-12:12 AM",29.8161
"2018-12-13:12 AM",31.6866
"2018-12-14:12 AM",32.4876
"2018-12-15:12 AM",34.7911
"2018-12-16:12 AM",33.345
"2018-12-17:12 AM",33.2398
"2018-12-18:12 AM",35.447
"2018-12-19:12 AM",37.8939
"2018-12-20:12 AM",34.0903
"2018-12-21:12 AM",33.199
"2018-12-22:12 AM",31.5901
"2018-12-23:12 AM",28.4963
"2018-12-24:12 AM",27.9554
"2018-12-25:12 AM",27.2302
"2018-12-26:12 AM",24.6364
"2018-12-27:12 AM",18.9718
"2018-12-28:12 AM",7.9939
"2018-12-29:12 AM",12.3445
"2018-12-30:12 AM",30.5181
"2018-12-31:12 AM",13.2229
"2019-01-01:12 AM",1.3485
"2019-01-02:12 AM",19.8669
"2019-01-03:12 AM",31.2917
"2019-01-04:12 AM",35.1266
"2019-01-05:12 AM",35.2479
"2019-01-06:12 AM",31.8168
"2019-01-07:12 AM",34.2696
"2019-01-08:12 AM",28.897
"2019-01-09:12 AM",18.5457
"2019-01-10:12 AM",22.59
"2019-01-11:12 AM",28.9049
"2019-01-12:12 AM",23.8149
"2019-01-13:12 AM",25.0246
"2019-01-14:12 AM",26.2368
"2019-01-15:12 AM",27.8325
"2019-01-16:12 AM",19.3122
"2019-01-17:12 AM",20.1787
"2019-01-18:12 AM",13.6202
"2019-01-19:12 AM",5.3285
"2019-01-20:12 AM",11.9183
"2019-01-21:12 AM",17.4882
"2019-01-22:12 AM",16.0792
"2019-01-23:12 AM",21.1982
"2019-01-24:12 AM",6.912
"2019-01-25:12 AM",11.6249
"2019-01-26:12 AM",20.4148
"2019-01-27:12 AM",22.777
"2019-01-28:12 AM",17.0661
"2019-01-29:12 AM",1.2564
"2019-01-30:12 AM",-8.5626
"2019-01-31:12 AM",9.5747
"2019-02-01:12 AM",26.7559
"2019-02-02:12 AM",32.4313
"2019-02-03:12 AM",22.1317
"2019-02-04:12 AM",0.5014
"2019-02-05:12 AM",0.5947
"2019-02-06:12 AM",0.5423
"2019-02-07:12 AM",-3.141
"2019-02-08:12 AM",-5.915
"2019-02-09:12 AM",6.129
"2019-02-10:12 AM",4.2483
"2019-02-11:12 AM",11.8333
"2019-02-12:12 AM",8.0544
"2019-02-13:12 AM",16.8366
"2019-02-14:12 AM",11.0854
"2019-02-15:12 AM",2.2062
"2019-02-16:12 AM",11.5651
"2019-02-17:12 AM",11.8715
"2019-02-18:12 AM",4.1157
"2019-02-19:12 AM",6.4832
"2019-02-20:12 AM",15.0012
"2019-02-21:12 AM",10.7119
"2019-02-22:12 AM",12.8097
"2019-02-23:12 AM",18.2593
"2019-02-24:12 AM",6.6663
"2019-02-25:12 AM",-2.6774
"2019-02-26:12 AM",0.4879
"2019-02-27:12 AM",2.7408
"2019-02-28:12 AM",13.3075
"2019-03-01:12 AM",16.2298
"2019-03-02:12 AM",3.2353
"2019-03-03:12 AM",-8.1044
"2019-03-04:12 AM",1.443
"2019-03-05:12 AM",10.3829
"2019-03-06:12 AM",11.1609
"2019-03-07:12 AM",11.9752
"2019-03-08:12 AM",22.2604
"2019-03-09:12 AM",27.1954
"2019-03-10:12 AM",20.3828
"2019-03-11:12 AM",20.8526
"2019-03-12:12 AM",33.2985
"2019-03-13:12 AM",31.0456
"2019-03-14:12 AM",30.2689
"2019-03-15:12 AM",27.5299