"DateTime","(deg F) Mean Temperature (CFSR) at Texas, 2010-01-01 to 2019-03-14"
"2010-01-01:12 AM",39.2045
"2010-01-02:12 AM",39.6597
"2010-01-03:12 AM",40.8042
"2010-01-04:12 AM",36.7959
"2010-01-05:12 AM",35.9701
"2010-01-06:12 AM",42.1581
"2010-01-07:12 AM",34.1272
"2010-01-08:12 AM",24.9724
"2010-01-09:12 AM",27.4554
"2010-01-10:12 AM",30.8118
"2010-01-11:12 AM",36.383
"2010-01-12:12 AM",41.8311
"2010-01-13:12 AM",46.467
"2010-01-14:12 AM",50.5011
"2010-01-15:12 AM",49.2948
"2010-01-16:12 AM",46.1977
"2010-01-17:12 AM",48.398
"2010-01-18:12 AM",52.7616
"2010-01-19:12 AM",58.4249
"2010-01-20:12 AM",58.9512
"2010-01-21:12 AM",55.6911
"2010-01-22:12 AM",58.3529
"2010-01-23:12 AM",56.8429
"2010-01-24:12 AM",49.5408
"2010-01-25:12 AM",45.7653
"2010-01-26:12 AM",47.602
"2010-01-27:12 AM",53.5768
"2010-01-28:12 AM",52.6028
"2010-01-29:12 AM",40.4935
"2010-01-30:12 AM",35.9638
"2010-01-31:12 AM",37.2888
"2010-02-01:12 AM",41.2608
"2010-02-02:12 AM",44.343
"2010-02-03:12 AM",44.1333
"2010-02-04:12 AM",45.7898
"2010-02-05:12 AM",47.1738
"2010-02-06:12 AM",46.0479
"2010-02-07:12 AM",44.5528
"2010-02-08:12 AM",46.9571
"2010-02-09:12 AM",37.5004
"2010-02-10:12 AM",37.3028
"2010-02-11:12 AM",38.5624
"2010-02-12:12 AM",39.1757
"2010-02-13:12 AM",43.324
"2010-02-14:12 AM",45.1449
"2010-02-15:12 AM",37.7911
"2010-02-16:12 AM",39.2871
"2010-02-17:12 AM",42.1345
"2010-02-18:12 AM",47.0998
"2010-02-19:12 AM",50.9842
"2010-02-20:12 AM",53.8817
"2010-02-21:12 AM",55.6837
"2010-02-22:12 AM",45.1776
"2010-02-23:12 AM",37.5318
"2010-02-24:12 AM",39.8019
"2010-02-25:12 AM",46.9027
"2010-02-26:12 AM",48.2139
"2010-02-27:12 AM",47.6276
"2010-02-28:12 AM",50.6984
"2010-03-01:12 AM",48.2083
"2010-03-02:12 AM",44.521
"2010-03-03:12 AM",49.2143
"2010-03-04:12 AM",53.7654
"2010-03-05:12 AM",55.8012
"2010-03-06:12 AM",55.4292
"2010-03-07:12 AM",56.7774
"2010-03-08:12 AM",59.59
"2010-03-09:12 AM",61.2174
"2010-03-10:12 AM",59.2178
"2010-03-11:12 AM",53.9731
"2010-03-12:12 AM",53.188
"2010-03-13:12 AM",55.9492
"2010-03-14:12 AM",58.6656
"2010-03-15:12 AM",53.2332
"2010-03-16:12 AM",51.1119
"2010-03-17:12 AM",54.4631
"2010-03-18:12 AM",55.0319
"2010-03-19:12 AM",57.8082
"2010-03-20:12 AM",47.0755
"2010-03-21:12 AM",43.7585
"2010-03-22:12 AM",52.4763
"2010-03-23:12 AM",60.1815
"2010-03-24:12 AM",60.9035
"2010-03-25:12 AM",55.3705
"2010-03-26:12 AM",57.7897
"2010-03-27:12 AM",61.4658
"2010-03-28:12 AM",56.9142
"2010-03-29:12 AM",58.1113
"2010-03-30:12 AM",65.4319
"2010-03-31:12 AM",70.3216
"2010-04-01:12 AM",70.3249
"2010-04-02:12 AM",66.7971
"2010-04-03:12 AM",63.6456
"2010-04-04:12 AM",70.3895
"2010-04-05:12 AM",72.2158
"2010-04-06:12 AM",72.5328
"2010-04-07:12 AM",65.2273
"2010-04-08:12 AM",56.3373
"2010-04-09:12 AM",60.0638
"2010-04-10:12 AM",66.0448
"2010-04-11:12 AM",66.7414
"2010-04-12:12 AM",67.0593
"2010-04-13:12 AM",65.1981
"2010-04-14:12 AM",65.7419
"2010-04-15:12 AM",65.3823
"2010-04-16:12 AM",64.6626
"2010-04-17:12 AM",61.1807
"2010-04-18:12 AM",59.362
"2010-04-19:12 AM",58.4596
"2010-04-20:12 AM",62.6036
"2010-04-21:12 AM",66.4882
"2010-04-22:12 AM",68.0742
"2010-04-23:12 AM",67.6967
"2010-04-24:12 AM",66.1242
"2010-04-25:12 AM",66.3903
"2010-04-26:12 AM",66.0238
"2010-04-27:12 AM",61.8642
"2010-04-28:12 AM",66.6212
"2010-04-29:12 AM",74.0953
"2010-04-30:12 AM",72.374
"2010-05-01:12 AM",65.5599
"2010-05-02:12 AM",65.9755
"2010-05-03:12 AM",66.9456
"2010-05-04:12 AM",70.158
"2010-05-05:12 AM",75.873
"2010-05-06:12 AM",77.7873
"2010-05-07:12 AM",77.1064
"2010-05-08:12 AM",64.5766
"2010-05-09:12 AM",66.699
"2010-05-10:12 AM",77.8525
"2010-05-11:12 AM",79.2507
"2010-05-12:12 AM",80.5006
"2010-05-13:12 AM",75.3256
"2010-05-14:12 AM",72.1294
"2010-05-15:12 AM",70.8507
"2010-05-16:12 AM",73.5103
"2010-05-17:12 AM",75.2932
"2010-05-18:12 AM",74.9556
"2010-05-19:12 AM",77.4248
"2010-05-20:12 AM",78.0165
"2010-05-21:12 AM",78.9058
"2010-05-22:12 AM",80.7309
"2010-05-23:12 AM",80.3264
"2010-05-24:12 AM",78.8594
"2010-05-25:12 AM",76.5113
"2010-05-26:12 AM",76.8744
"2010-05-27:12 AM",78.3988
"2010-05-28:12 AM",79.9803
"2010-05-29:12 AM",81.5661
"2010-05-30:12 AM",81.1882
"2010-05-31:12 AM",81.4701
"2010-06-01:12 AM",82.3883
"2010-06-02:12 AM",83.2541
"2010-06-03:12 AM",79.9313
"2010-06-04:12 AM",82.5312
"2010-06-05:12 AM",86.0524
"2010-06-06:12 AM",87.1205
"2010-06-07:12 AM",84.8737
"2010-06-08:12 AM",83.1961
"2010-06-09:12 AM",83.5074
"2010-06-10:12 AM",85.2489
"2010-06-11:12 AM",86.2468
"2010-06-12:12 AM",84.8719
"2010-06-13:12 AM",84.8509
"2010-06-14:12 AM",83.8598
"2010-06-15:12 AM",82.359
"2010-06-16:12 AM",83.898
"2010-06-17:12 AM",84.8649
"2010-06-18:12 AM",86.4097
"2010-06-19:12 AM",87.5192
"2010-06-20:12 AM",86.8626
"2010-06-21:12 AM",87.001
"2010-06-22:12 AM",87.8801
"2010-06-23:12 AM",86.9621
"2010-06-24:12 AM",83.8209
"2010-06-25:12 AM",84.4333
"2010-06-26:12 AM",86.3172
"2010-06-27:12 AM",85.354
"2010-06-28:12 AM",81.6091
"2010-06-29:12 AM",78.0676
"2010-06-30:12 AM",76.861
"2010-07-01:12 AM",75.6174
"2010-07-02:12 AM",75.5188
"2010-07-03:12 AM",76.7568
"2010-07-04:12 AM",78.9715
"2010-07-05:12 AM",79.9835
"2010-07-06:12 AM",79.9209
"2010-07-07:12 AM",79.6494
"2010-07-08:12 AM",77.0896
"2010-07-09:12 AM",76.3677
"2010-07-10:12 AM",78.6349
"2010-07-11:12 AM",82.1743
"2010-07-12:12 AM",83.2955
"2010-07-13:12 AM",85.3277
"2010-07-14:12 AM",86.2459
"2010-07-15:12 AM",86.0979
"2010-07-16:12 AM",86.2065
"2010-07-17:12 AM",86.1328
"2010-07-18:12 AM",85.6306
"2010-07-19:12 AM",84.2484
"2010-07-20:12 AM",85.2161
"2010-07-21:12 AM",84.7171
"2010-07-22:12 AM",84.3199
"2010-07-23:12 AM",84.3222
"2010-07-24:12 AM",83.8229
"2010-07-25:12 AM",83.2465
"2010-07-26:12 AM",82.2796
"2010-07-27:12 AM",80.8367
"2010-07-28:12 AM",80.6054
"2010-07-29:12 AM",82.3959
"2010-07-30:12 AM",84.5116
"2010-07-31:12 AM",86.6475
"2010-08-01:12 AM",88.3173
"2010-08-02:12 AM",88.5065
"2010-08-03:12 AM",88.2662
"2010-08-04:12 AM",88.6374
"2010-08-05:12 AM",88.2538
"2010-08-06:12 AM",88.2167
"2010-08-07:12 AM",87.9955
"2010-08-08:12 AM",88.2271
"2010-08-09:12 AM",88.0374
"2010-08-10:12 AM",87.8306
"2010-08-11:12 AM",88.4131
"2010-08-12:12 AM",88.7833
"2010-08-13:12 AM",89.4875
"2010-08-14:12 AM",89.3664
"2010-08-15:12 AM",88.6845
"2010-08-16:12 AM",87.2119
"2010-08-17:12 AM",87.9625
"2010-08-18:12 AM",87.3651
"2010-08-19:12 AM",86.58
"2010-08-20:12 AM",88.6712
"2010-08-21:12 AM",88.6737
"2010-08-22:12 AM",89.0481
"2010-08-23:12 AM",90.293
"2010-08-24:12 AM",85.6319
"2010-08-25:12 AM",78.6006
"2010-08-26:12 AM",78.6045
"2010-08-27:12 AM",79.781
"2010-08-28:12 AM",81.475
"2010-08-29:12 AM",82.9546
"2010-08-30:12 AM",83.7261
"2010-08-31:12 AM",84.6711
"2010-09-01:12 AM",84.1444
"2010-09-02:12 AM",83.6899
"2010-09-03:12 AM",76.7993
"2010-09-04:12 AM",74.3646
"2010-09-05:12 AM",79.3785
"2010-09-06:12 AM",81.5014
"2010-09-07:12 AM",77.3712
"2010-09-08:12 AM",76.9674
"2010-09-09:12 AM",80.8894
"2010-09-10:12 AM",83.3184
"2010-09-11:12 AM",83.2802
"2010-09-12:12 AM",81.2683
"2010-09-13:12 AM",81.4289
"2010-09-14:12 AM",82.6288
"2010-09-15:12 AM",82.9497
"2010-09-16:12 AM",82.1529
"2010-09-17:12 AM",80.5883
"2010-09-18:12 AM",78.9607
"2010-09-19:12 AM",77.8273
"2010-09-20:12 AM",75.4806
"2010-09-21:12 AM",76.3408
"2010-09-22:12 AM",76.7161
"2010-09-23:12 AM",77.9427
"2010-09-24:12 AM",77.5801
"2010-09-25:12 AM",75.9918
"2010-09-26:12 AM",71.8448
"2010-09-27:12 AM",65.8641
"2010-09-28:12 AM",70.0367
"2010-09-29:12 AM",73.4254
"2010-09-30:12 AM",73.3537
"2010-10-01:12 AM",72.615
"2010-10-02:12 AM",70.9246
"2010-10-03:12 AM",65.4967
"2010-10-04:12 AM",62.9782
"2010-10-05:12 AM",64.5753
"2010-10-06:12 AM",65.5513
"2010-10-07:12 AM",67.6594
"2010-10-08:12 AM",68.7375
"2010-10-09:12 AM",70.1227
"2010-10-10:12 AM",71.3566
"2010-10-11:12 AM",71.4706
"2010-10-12:12 AM",70.6635
"2010-10-13:12 AM",68.5974
"2010-10-14:12 AM",64.8579
"2010-10-15:12 AM",66.0547
"2010-10-16:12 AM",67.8663
"2010-10-17:12 AM",69.2173
"2010-10-18:12 AM",71.2416
"2010-10-19:12 AM",70.5511
"2010-10-20:12 AM",70.5733
"2010-10-21:12 AM",71.1532
"2010-10-22:12 AM",70.3204
"2010-10-23:12 AM",69.5687
"2010-10-24:12 AM",70.0806
"2010-10-25:12 AM",74.0111
"2010-10-26:12 AM",70.2772
"2010-10-27:12 AM",67.9224
"2010-10-28:12 AM",62.5203
"2010-10-29:12 AM",56.6625
"2010-10-30:12 AM",62.074
"2010-10-31:12 AM",68.068
"2010-11-01:12 AM",66.9864
"2010-11-02:12 AM",60.7158
"2010-11-03:12 AM",57.7078
"2010-11-04:12 AM",56.1877
"2010-11-05:12 AM",51.3493
"2010-11-06:12 AM",53.8903
"2010-11-07:12 AM",57.0391
"2010-11-08:12 AM",60.6047
"2010-11-09:12 AM",63.3477
"2010-11-10:12 AM",62.793
"2010-11-11:12 AM",64.2571
"2010-11-12:12 AM",61.7763
"2010-11-13:12 AM",49.7907
"2010-11-14:12 AM",48.7857
"2010-11-15:12 AM",52.5114
"2010-11-16:12 AM",52.6384
"2010-11-17:12 AM",56.8944
"2010-11-18:12 AM",48.3179
"2010-11-19:12 AM",52.1406
"2010-11-20:12 AM",59.976
"2010-11-21:12 AM",66.5596
"2010-11-22:12 AM",67.1423
"2010-11-23:12 AM",63.1542
"2010-11-24:12 AM",67.1625
"2010-11-25:12 AM",57.7373
"2010-11-26:12 AM",40.3939
"2010-11-27:12 AM",43.6624
"2010-11-28:12 AM",50.9938
"2010-11-29:12 AM",57.5254
"2010-11-30:12 AM",45.3317
"2010-12-01:12 AM",43.9201
"2010-12-02:12 AM",51.0179
"2010-12-03:12 AM",56.9089
"2010-12-04:12 AM",58.161
"2010-12-05:12 AM",45.0559
"2010-12-06:12 AM",40.3581
"2010-12-07:12 AM",46.2877
"2010-12-08:12 AM",45.1393
"2010-12-09:12 AM",48.1447
"2010-12-10:12 AM",53.6724
"2010-12-11:12 AM",57.2052
"2010-12-12:12 AM",43.2849
"2010-12-13:12 AM",43.52
"2010-12-14:12 AM",51.1981
"2010-12-15:12 AM",60.7212
"2010-12-16:12 AM",54.1101
"2010-12-17:12 AM",44.341
"2010-12-18:12 AM",41.7834
"2010-12-19:12 AM",49.6486
"2010-12-20:12 AM",60.2784
"2010-12-21:12 AM",63.1863
"2010-12-22:12 AM",54.3277
"2010-12-23:12 AM",49.1938
"2010-12-24:12 AM",50.3609
"2010-12-25:12 AM",39.7458
"2010-12-26:12 AM",36.0433
"2010-12-27:12 AM",40.8618
"2010-12-28:12 AM",48.5132
"2010-12-29:12 AM",55.8088
"2010-12-30:12 AM",60.0429
"2010-12-31:12 AM",54.0541
"2011-01-01:12 AM",40.744
"2011-01-02:12 AM",37.3327
"2011-01-03:12 AM",44.5397
"2011-01-04:12 AM",48.7688
"2011-01-05:12 AM",51.4996
"2011-01-06:12 AM",48.2376
"2011-01-07:12 AM",52.4835
"2011-01-08:12 AM",49.1734
"2011-01-09:12 AM",45.7583
"2011-01-10:12 AM",40.7523
"2011-01-11:12 AM",31.6668
"2011-01-12:12 AM",30.5551
"2011-01-13:12 AM",32.7627
"2011-01-14:12 AM",39.4995
"2011-01-15:12 AM",45.156
"2011-01-16:12 AM",47.7734
"2011-01-17:12 AM",50.223
"2011-01-18:12 AM",52.8703
"2011-01-19:12 AM",50.799
"2011-01-20:12 AM",44.6383
"2011-01-21:12 AM",36.9822
"2011-01-22:12 AM",43.7005
"2011-01-23:12 AM",46.2159
"2011-01-24:12 AM",44.4592
"2011-01-25:12 AM",42.8342
"2011-01-26:12 AM",42.417
"2011-01-27:12 AM",46.0283
"2011-01-28:12 AM",51.9627
"2011-01-29:12 AM",56.766
"2011-01-30:12 AM",57.1145
"2011-01-31:12 AM",53.2191
"2011-02-01:12 AM",34.2484
"2011-02-02:12 AM",17.4681
"2011-02-03:12 AM",17.5329
"2011-02-04:12 AM",23.319
"2011-02-05:12 AM",36.1834
"2011-02-06:12 AM",44.2342
"2011-02-07:12 AM",40.5052
"2011-02-08:12 AM",43.3546
"2011-02-09:12 AM",30.9697
"2011-02-10:12 AM",26.634
"2011-02-11:12 AM",33.7813
"2011-02-12:12 AM",42.2209
"2011-02-13:12 AM",50.2344
"2011-02-14:12 AM",55.9276
"2011-02-15:12 AM",59.3904
"2011-02-16:12 AM",62.2911
"2011-02-17:12 AM",65.5079
"2011-02-18:12 AM",63.9189
"2011-02-19:12 AM",63.3229
"2011-02-20:12 AM",65.0764
"2011-02-21:12 AM",62.7424
"2011-02-22:12 AM",54.7889
"2011-02-23:12 AM",62.6898
"2011-02-24:12 AM",64.1491
"2011-02-25:12 AM",53.3901
"2011-02-26:12 AM",59.4864
"2011-02-27:12 AM",67.2129
"2011-02-28:12 AM",58.2278
"2011-03-01:12 AM",55.1305
"2011-03-02:12 AM",59.5263
"2011-03-03:12 AM",63.2017
"2011-03-04:12 AM",64.9854
"2011-03-05:12 AM",54.7686
"2011-03-06:12 AM",50.0659
"2011-03-07:12 AM",57.6693
"2011-03-08:12 AM",63.8724
"2011-03-09:12 AM",56.8913
"2011-03-10:12 AM",54.2982
"2011-03-11:12 AM",60.1975
"2011-03-12:12 AM",64.3843
"2011-03-13:12 AM",63.8323
"2011-03-14:12 AM",58.4519
"2011-03-15:12 AM",57.3251
"2011-03-16:12 AM",65.3506
"2011-03-17:12 AM",71.116
"2011-03-18:12 AM",70.158
"2011-03-19:12 AM",68.1802
"2011-03-20:12 AM",68.8095
"2011-03-21:12 AM",69.825
"2011-03-22:12 AM",71.6578
"2011-03-23:12 AM",68.421
"2011-03-24:12 AM",65.6818
"2011-03-25:12 AM",69.6823
"2011-03-26:12 AM",70.8325
"2011-03-27:12 AM",60.7518
"2011-03-28:12 AM",58.0356
"2011-03-29:12 AM",60.1088
"2011-03-30:12 AM",54.9343
"2011-03-31:12 AM",61.7493
"2011-04-01:12 AM",70.6329
"2011-04-02:12 AM",72.675
"2011-04-03:12 AM",77.6752
"2011-04-04:12 AM",67.0865
"2011-04-05:12 AM",59.7605
"2011-04-06:12 AM",70.7716
"2011-04-07:12 AM",73.953
"2011-04-08:12 AM",76.978
"2011-04-09:12 AM",78.9901
"2011-04-10:12 AM",77.2669
"2011-04-11:12 AM",69.4904
"2011-04-12:12 AM",65.7682
"2011-04-13:12 AM",69.8628
"2011-04-14:12 AM",72.7446
"2011-04-15:12 AM",67.5941
"2011-04-16:12 AM",62.9026
"2011-04-17:12 AM",69.9739
"2011-04-18:12 AM",78.7419
"2011-04-19:12 AM",80.8583
"2011-04-20:12 AM",74.3167
"2011-04-21:12 AM",73.915
"2011-04-22:12 AM",79.3564
"2011-04-23:12 AM",78.2085
"2011-04-24:12 AM",74.1943
"2011-04-25:12 AM",76.2204
"2011-04-26:12 AM",73.7908
"2011-04-27:12 AM",70.8366
"2011-04-28:12 AM",65.8211
"2011-04-29:12 AM",73.0155
"2011-04-30:12 AM",76.3356
"2011-05-01:12 AM",67.7226
"2011-05-02:12 AM",54.2525
"2011-05-03:12 AM",57.7886
"2011-05-04:12 AM",63.6021
"2011-05-05:12 AM",68.3807
"2011-05-06:12 AM",72.4557
"2011-05-07:12 AM",79.5218
"2011-05-08:12 AM",82.3539
"2011-05-09:12 AM",83.1519
"2011-05-10:12 AM",80.1745
"2011-05-11:12 AM",77.6941
"2011-05-12:12 AM",74.4724
"2011-05-13:12 AM",72.6224
"2011-05-14:12 AM",67.2858
"2011-05-15:12 AM",64.6437
"2011-05-16:12 AM",68.4232
"2011-05-17:12 AM",72.7484
"2011-05-18:12 AM",75.3552
"2011-05-19:12 AM",77.6242
"2011-05-20:12 AM",78.0123
"2011-05-21:12 AM",77.5504
"2011-05-22:12 AM",80.7305
"2011-05-23:12 AM",83.1022
"2011-05-24:12 AM",83.192
"2011-05-25:12 AM",81.5004
"2011-05-26:12 AM",77.6215
"2011-05-27:12 AM",84.3379
"2011-05-28:12 AM",87.5181
"2011-05-29:12 AM",86.5067
"2011-05-30:12 AM",85.4532
"2011-05-31:12 AM",83.8823
"2011-06-01:12 AM",84.5546
"2011-06-02:12 AM",84.2479
"2011-06-03:12 AM",84.6864
"2011-06-04:12 AM",83.4256
"2011-06-05:12 AM",84.0295
"2011-06-06:12 AM",85.0816
"2011-06-07:12 AM",86.4306
"2011-06-08:12 AM",87.0676
"2011-06-09:12 AM",86.9346
"2011-06-10:12 AM",85.5621
"2011-06-11:12 AM",84.7828
"2011-06-12:12 AM",86.5686
"2011-06-13:12 AM",88.3153
"2011-06-14:12 AM",88.6852
"2011-06-15:12 AM",88.3605
"2011-06-16:12 AM",89.4938
"2011-06-17:12 AM",91.1262
"2011-06-18:12 AM",90.5895
"2011-06-19:12 AM",91.0116
"2011-06-20:12 AM",88.2516
"2011-06-21:12 AM",84.9159
"2011-06-22:12 AM",85.1981
"2011-06-23:12 AM",84.6435
"2011-06-24:12 AM",87.2053
"2011-06-25:12 AM",89.1441
"2011-06-26:12 AM",89.6419
"2011-06-27:12 AM",89.5941
"2011-06-28:12 AM",88.5951
"2011-06-29:12 AM",88.0941
"2011-06-30:12 AM",87.2681
"2011-07-01:12 AM",85.3812
"2011-07-02:12 AM",85.9478
"2011-07-03:12 AM",86.6147
"2011-07-04:12 AM",86.8483
"2011-07-05:12 AM",87.1
"2011-07-06:12 AM",87.415
"2011-07-07:12 AM",88.2453
"2011-07-08:12 AM",89.4454
"2011-07-09:12 AM",89.9362
"2011-07-10:12 AM",87.8481
"2011-07-11:12 AM",86.9288
"2011-07-12:12 AM",87.0202
"2011-07-13:12 AM",87.247
"2011-07-14:12 AM",88.3157
"2011-07-15:12 AM",89.2335
"2011-07-16:12 AM",88.3285
"2011-07-17:12 AM",85.935
"2011-07-18:12 AM",86.3766
"2011-07-19:12 AM",87.1444
"2011-07-20:12 AM",87.5381
"2011-07-21:12 AM",88.3467
"2011-07-22:12 AM",87.8655
"2011-07-23:12 AM",88.4424
"2011-07-24:12 AM",89.0546
"2011-07-25:12 AM",88.8906
"2011-07-26:12 AM",89.5222
"2011-07-27:12 AM",89.917
"2011-07-28:12 AM",88.8856
"2011-07-29:12 AM",86.7677
"2011-07-30:12 AM",85.7977
"2011-07-31:12 AM",87.5822
"2011-08-01:12 AM",89.1664
"2011-08-02:12 AM",91.3388
"2011-08-03:12 AM",91.7778
"2011-08-04:12 AM",91.5973
"2011-08-05:12 AM",91.4445
"2011-08-06:12 AM",90.7462
"2011-08-07:12 AM",90.7844
"2011-08-08:12 AM",91.1928
"2011-08-09:12 AM",91.3991
"2011-08-10:12 AM",91.3419
"2011-08-11:12 AM",89.6072
"2011-08-12:12 AM",87.4384
"2011-08-13:12 AM",85.0674
"2011-08-14:12 AM",84.4052
"2011-08-15:12 AM",86.5047
"2011-08-16:12 AM",88.9981
"2011-08-17:12 AM",88.9329
"2011-08-18:12 AM",89.1565
"2011-08-19:12 AM",90.219
"2011-08-20:12 AM",89.9283
"2011-08-21:12 AM",88.5798
"2011-08-22:12 AM",88.4464
"2011-08-23:12 AM",89.5136
"2011-08-24:12 AM",90.2133
"2011-08-25:12 AM",88.6102
"2011-08-26:12 AM",88.7113
"2011-08-27:12 AM",90.4383
"2011-08-28:12 AM",91.1473
"2011-08-29:12 AM",90.9932
"2011-08-30:12 AM",90.4539
"2011-08-31:12 AM",89.1135
"2011-09-01:12 AM",86.7924
"2011-09-02:12 AM",86.5418
"2011-09-03:12 AM",86.1345
"2011-09-04:12 AM",80.8153
"2011-09-05:12 AM",76.3583
"2011-09-06:12 AM",73.4484
"2011-09-07:12 AM",74.044
"2011-09-08:12 AM",75.1894
"2011-09-09:12 AM",75.6397
"2011-09-10:12 AM",76.0653
"2011-09-11:12 AM",79.7968
"2011-09-12:12 AM",83.5036
"2011-09-13:12 AM",86.1861
"2011-09-14:12 AM",83.6739
"2011-09-15:12 AM",74.1013
"2011-09-16:12 AM",74.5552
"2011-09-17:12 AM",78.2487
"2011-09-18:12 AM",78.6893
"2011-09-19:12 AM",76.7089
"2011-09-20:12 AM",77.3602
"2011-09-21:12 AM",78.8749
"2011-09-22:12 AM",75.119
"2011-09-23:12 AM",72.8992
"2011-09-24:12 AM",77.2374
"2011-09-25:12 AM",82.4623
"2011-09-26:12 AM",79.5699
"2011-09-27:12 AM",81.0714
"2011-09-28:12 AM",80.6896
"2011-09-29:12 AM",82.2367
"2011-09-30:12 AM",75.2941
"2011-10-01:12 AM",70.3285
"2011-10-02:12 AM",70.79
"2011-10-03:12 AM",71.1954
"2011-10-04:12 AM",69.9768
"2011-10-05:12 AM",71.2917
"2011-10-06:12 AM",74.7666
"2011-10-07:12 AM",77.1336
"2011-10-08:12 AM",73.3357
"2011-10-09:12 AM",67.4276
"2011-10-10:12 AM",65.2883
"2011-10-11:12 AM",69.1441
"2011-10-12:12 AM",71.9719
"2011-10-13:12 AM",68.9805
"2011-10-14:12 AM",68.8327
"2011-10-15:12 AM",69.4569
"2011-10-16:12 AM",71.548
"2011-10-17:12 AM",73.0758
"2011-10-18:12 AM",62.0076
"2011-10-19:12 AM",56.4969
"2011-10-20:12 AM",59.8527
"2011-10-21:12 AM",66.1683
"2011-10-22:12 AM",69.9354
"2011-10-23:12 AM",69.4395
"2011-10-24:12 AM",69.6479
"2011-10-25:12 AM",72.9154
"2011-10-26:12 AM",70.8975
"2011-10-27:12 AM",57.7468
"2011-10-28:12 AM",49.5594
"2011-10-29:12 AM",51.0649
"2011-10-30:12 AM",56.1528
"2011-10-31:12 AM",59.0389
"2011-11-01:12 AM",64.4401
"2011-11-02:12 AM",64.8516
"2011-11-03:12 AM",48.9985
"2011-11-04:12 AM",49.3464
"2011-11-05:12 AM",58.0779
"2011-11-06:12 AM",63.9534
"2011-11-07:12 AM",67.0633
"2011-11-08:12 AM",63.4267
"2011-11-09:12 AM",51.1597
"2011-11-10:12 AM",48.2076
"2011-11-11:12 AM",51.181
"2011-11-12:12 AM",60.6254
"2011-11-13:12 AM",67.7599
"2011-11-14:12 AM",67.8691
"2011-11-15:12 AM",65.1465
"2011-11-16:12 AM",59.511
"2011-11-17:12 AM",48.3084
"2011-11-18:12 AM",53.7521
"2011-11-19:12 AM",65.1758
"2011-11-20:12 AM",64.7676
"2011-11-21:12 AM",60.7519
"2011-11-22:12 AM",57.672
"2011-11-23:12 AM",54.0873
"2011-11-24:12 AM",55.8793
"2011-11-25:12 AM",58.9442
"2011-11-26:12 AM",56.4231
"2011-11-27:12 AM",43.5974
"2011-11-28:12 AM",45.3823
"2011-11-29:12 AM",49.2978
"2011-11-30:12 AM",47.9934
"2011-12-01:12 AM",52.6433
"2011-12-02:12 AM",49.7764
"2011-12-03:12 AM",55.7733
"2011-12-04:12 AM",48.5497
"2011-12-05:12 AM",38.8899
"2011-12-06:12 AM",30.8943
"2011-12-07:12 AM",32.263
"2011-12-08:12 AM",38.9545
"2011-12-09:12 AM",43.7002
"2011-12-10:12 AM",41.1703
"2011-12-11:12 AM",41.8309
"2011-12-12:12 AM",46.4754
"2011-12-13:12 AM",54.6285
"2011-12-14:12 AM",61.5632
"2011-12-15:12 AM",54.163
"2011-12-16:12 AM",45.6458
"2011-12-17:12 AM",44.7674
"2011-12-18:12 AM",49.4211
"2011-12-19:12 AM",54.8865
"2011-12-20:12 AM",46.44
"2011-12-21:12 AM",43.5889
"2011-12-22:12 AM",46.3035
"2011-12-23:12 AM",39.2716
"2011-12-24:12 AM",37.6817
"2011-12-25:12 AM",38.226
"2011-12-26:12 AM",39.6621
"2011-12-27:12 AM",42.0292
"2011-12-28:12 AM",45.7642
"2011-12-29:12 AM",49.7908
"2011-12-30:12 AM",53.1576
"2011-12-31:12 AM",56.2372
"2012-01-01:12 AM",49.6359
"2012-01-02:12 AM",42.408
"2012-01-03:12 AM",44.1486
"2012-01-04:12 AM",49.9854
"2012-01-05:12 AM",50.3971
"2012-01-06:12 AM",55.4891
"2012-01-07:12 AM",51.9998
"2012-01-08:12 AM",51.5453
"2012-01-09:12 AM",47.653
"2012-01-10:12 AM",43.8096
"2012-01-11:12 AM",48.9943
"2012-01-12:12 AM",38.8092
"2012-01-13:12 AM",39.2274
"2012-01-14:12 AM",44.5854
"2012-01-15:12 AM",50.4829
"2012-01-16:12 AM",61.0239
"2012-01-17:12 AM",56.6195
"2012-01-18:12 AM",45.6042
"2012-01-19:12 AM",56.2077
"2012-01-20:12 AM",61.9767
"2012-01-21:12 AM",54.1555
"2012-01-22:12 AM",59.2842
"2012-01-23:12 AM",53.3592
"2012-01-24:12 AM",54.5896
"2012-01-25:12 AM",53.9344
"2012-01-26:12 AM",50.0295
"2012-01-27:12 AM",53.0164
"2012-01-28:12 AM",47.635
"2012-01-29:12 AM",46.024
"2012-01-30:12 AM",52.911
"2012-01-31:12 AM",59.4304
"2012-02-01:12 AM",59.815
"2012-02-02:12 AM",59.1697
"2012-02-03:12 AM",62.7337
"2012-02-04:12 AM",51.4609
"2012-02-05:12 AM",42.7377
"2012-02-06:12 AM",42.5833
"2012-02-07:12 AM",46.4261
"2012-02-08:12 AM",43.2147
"2012-02-09:12 AM",45.6541
"2012-02-10:12 AM",48.8291
"2012-02-11:12 AM",39.3537
"2012-02-12:12 AM",33.4461
"2012-02-13:12 AM",43.6822
"2012-02-14:12 AM",51.7451
"2012-02-15:12 AM",58.3335
"2012-02-16:12 AM",51.8043
"2012-02-17:12 AM",51.4539
"2012-02-18:12 AM",50.8955
"2012-02-19:12 AM",48.1528
"2012-02-20:12 AM",52.9239
"2012-02-21:12 AM",55.2481
"2012-02-22:12 AM",62.8702
"2012-02-23:12 AM",66.1573
"2012-02-24:12 AM",51.9958
"2012-02-25:12 AM",48.4767
"2012-02-26:12 AM",53.1396
"2012-02-27:12 AM",56.3
"2012-02-28:12 AM",64.7116
"2012-02-29:12 AM",64.0546
"2012-03-01:12 AM",65.1753
"2012-03-02:12 AM",64.1374
"2012-03-03:12 AM",52.7239
"2012-03-04:12 AM",53.4916
"2012-03-05:12 AM",58.7957
"2012-03-06:12 AM",62.1464
"2012-03-07:12 AM",65.926
"2012-03-08:12 AM",60.3867
"2012-03-09:12 AM",44.2816
"2012-03-10:12 AM",46.123
"2012-03-11:12 AM",54.2091
"2012-03-12:12 AM",62.7462
"2012-03-13:12 AM",67.2931
"2012-03-14:12 AM",68.473
"2012-03-15:12 AM",69.688
"2012-03-16:12 AM",69.6861
"2012-03-17:12 AM",69.9867
"2012-03-18:12 AM",70.6113
"2012-03-19:12 AM",67.5055
"2012-03-20:12 AM",56.5146
"2012-03-21:12 AM",55.2952
"2012-03-22:12 AM",59.2961
"2012-03-23:12 AM",62.2488
"2012-03-24:12 AM",67.5217
"2012-03-25:12 AM",69.737
"2012-03-26:12 AM",69.4954
"2012-03-27:12 AM",70.6399
"2012-03-28:12 AM",71.352
"2012-03-29:12 AM",71.706
"2012-03-30:12 AM",72.8962
"2012-03-31:12 AM",74.3734
"2012-04-01:12 AM",75.7202
"2012-04-02:12 AM",73.3197
"2012-04-03:12 AM",67.1664
"2012-04-04:12 AM",65.271
"2012-04-05:12 AM",67.9543
"2012-04-06:12 AM",70.0308
"2012-04-07:12 AM",70.9138
"2012-04-08:12 AM",67.2685
"2012-04-09:12 AM",69.6006
"2012-04-10:12 AM",71.4533
"2012-04-11:12 AM",70.8251
"2012-04-12:12 AM",71.4558
"2012-04-13:12 AM",71.7217
"2012-04-14:12 AM",74.4883
"2012-04-15:12 AM",69.7584
"2012-04-16:12 AM",63.2997
"2012-04-17:12 AM",65.4201
"2012-04-18:12 AM",69.0451
"2012-04-19:12 AM",71.6317
"2012-04-20:12 AM",68.1955
"2012-04-21:12 AM",65.1493
"2012-04-22:12 AM",69.3705
"2012-04-23:12 AM",67.5313
"2012-04-24:12 AM",71.6868
"2012-04-25:12 AM",79.4707
"2012-04-26:12 AM",81.1015
"2012-04-27:12 AM",78.9852
"2012-04-28:12 AM",76.212
"2012-04-29:12 AM",74.2473
"2012-04-30:12 AM",75.8399
"2012-05-01:12 AM",77.6035
"2012-05-02:12 AM",79.3674
"2012-05-03:12 AM",80.6689
"2012-05-04:12 AM",81.7551
"2012-05-05:12 AM",82.0855
"2012-05-06:12 AM",81.5236
"2012-05-07:12 AM",75.4777
"2012-05-08:12 AM",67.9465
"2012-05-09:12 AM",67.705
"2012-05-10:12 AM",67.4969
"2012-05-11:12 AM",67.8303
"2012-05-12:12 AM",67.6735
"2012-05-13:12 AM",68.1665
"2012-05-14:12 AM",68.4322
"2012-05-15:12 AM",67.9091
"2012-05-16:12 AM",71.7512
"2012-05-17:12 AM",74.4044
"2012-05-18:12 AM",76.9208
"2012-05-19:12 AM",78.2679
"2012-05-20:12 AM",76.2836
"2012-05-21:12 AM",76.1007
"2012-05-22:12 AM",78.8812
"2012-05-23:12 AM",82.8838
"2012-05-24:12 AM",84.3174
"2012-05-25:12 AM",84.2673
"2012-05-26:12 AM",83.0842
"2012-05-27:12 AM",81.1661
"2012-05-28:12 AM",82.125
"2012-05-29:12 AM",83.8985
"2012-05-30:12 AM",84.5755
"2012-05-31:12 AM",80.764
"2012-06-01:12 AM",78.2737
"2012-06-02:12 AM",82.3174
"2012-06-03:12 AM",84.8511
"2012-06-04:12 AM",84.207
"2012-06-05:12 AM",82.6887
"2012-06-06:12 AM",81.4554
"2012-06-07:12 AM",78.2785
"2012-06-08:12 AM",76.6029
"2012-06-09:12 AM",81.5041
"2012-06-10:12 AM",86.6235
"2012-06-11:12 AM",87.8776
"2012-06-12:12 AM",85.6917
"2012-06-13:12 AM",82.9866
"2012-06-14:12 AM",84.6118
"2012-06-15:12 AM",84.5971
"2012-06-16:12 AM",83.0953
"2012-06-17:12 AM",82.2675
"2012-06-18:12 AM",85.15
"2012-06-19:12 AM",83.7768
"2012-06-20:12 AM",83.2869
"2012-06-21:12 AM",81.6463
"2012-06-22:12 AM",82.9513
"2012-06-23:12 AM",84.5447
"2012-06-24:12 AM",86.1768
"2012-06-25:12 AM",88.2298
"2012-06-26:12 AM",90.7844
"2012-06-27:12 AM",90.8467
"2012-06-28:12 AM",88.9633
"2012-06-29:12 AM",87.2064
"2012-06-30:12 AM",84.9987
"2012-07-01:12 AM",81.5544
"2012-07-02:12 AM",81.8085
"2012-07-03:12 AM",83.6389
"2012-07-04:12 AM",84.3129
"2012-07-05:12 AM",83.845
"2012-07-06:12 AM",84.4695
"2012-07-07:12 AM",85.5527
"2012-07-08:12 AM",84.7668
"2012-07-09:12 AM",81.9684
"2012-07-10:12 AM",78.6346
"2012-07-11:12 AM",78.4524
"2012-07-12:12 AM",80.2542
"2012-07-13:12 AM",82.5336
"2012-07-14:12 AM",82.2353
"2012-07-15:12 AM",82.3163
"2012-07-16:12 AM",82.8342
"2012-07-17:12 AM",84.1462
"2012-07-18:12 AM",84.5659
"2012-07-19:12 AM",84.8809
"2012-07-20:12 AM",86.7902
"2012-07-21:12 AM",88.6638
"2012-07-22:12 AM",86.9772
"2012-07-23:12 AM",85.3335
"2012-07-24:12 AM",85.5673
"2012-07-25:12 AM",86.8071
"2012-07-26:12 AM",86.1769
"2012-07-27:12 AM",84.1764
"2012-07-28:12 AM",86.0058
"2012-07-29:12 AM",87.4422
"2012-07-30:12 AM",88.4008
"2012-07-31:12 AM",89.6284
"2012-08-01:12 AM",90.3801
"2012-08-02:12 AM",90.7497
"2012-08-03:12 AM",90.1062
"2012-08-04:12 AM",88.8746
"2012-08-05:12 AM",86.5537
"2012-08-06:12 AM",87.2609
"2012-08-07:12 AM",89.4618
"2012-08-08:12 AM",87.1808
"2012-08-09:12 AM",87.6956
"2012-08-10:12 AM",88.009
"2012-08-11:12 AM",87.2848
"2012-08-12:12 AM",89.031
"2012-08-13:12 AM",87.471
"2012-08-14:12 AM",87.0046
"2012-08-15:12 AM",86.814
"2012-08-16:12 AM",86.5841
"2012-08-17:12 AM",84.4675
"2012-08-18:12 AM",81.0532
"2012-08-19:12 AM",78.8945
"2012-08-20:12 AM",79.9716
"2012-08-21:12 AM",77.6687
"2012-08-22:12 AM",77.4462
"2012-08-23:12 AM",79.7396
"2012-08-24:12 AM",81.7047
"2012-08-25:12 AM",82.8298
"2012-08-26:12 AM",81.2431
"2012-08-27:12 AM",80.764
"2012-08-28:12 AM",81.2059
"2012-08-29:12 AM",81.7232
"2012-08-30:12 AM",81.651
"2012-08-31:12 AM",83.8629
"2012-09-01:12 AM",84.9196
"2012-09-02:12 AM",86.1181
"2012-09-03:12 AM",86.9864
"2012-09-04:12 AM",87.2953
"2012-09-05:12 AM",87.6101
"2012-09-06:12 AM",86.4351
"2012-09-07:12 AM",86.9837
"2012-09-08:12 AM",76.0572
"2012-09-09:12 AM",73.8889
"2012-09-10:12 AM",75.5773
"2012-09-11:12 AM",78.6987
"2012-09-12:12 AM",80.0346
"2012-09-13:12 AM",73.589
"2012-09-14:12 AM",67.0201
"2012-09-15:12 AM",66.4855
"2012-09-16:12 AM",68.6277
"2012-09-17:12 AM",72.0716
"2012-09-18:12 AM",72.0889
"2012-09-19:12 AM",73.0139
"2012-09-20:12 AM",75.6802
"2012-09-21:12 AM",76.9023
"2012-09-22:12 AM",77.6626
"2012-09-23:12 AM",77.607
"2012-09-24:12 AM",78.8351
"2012-09-25:12 AM",80.0476
"2012-09-26:12 AM",79.59
"2012-09-27:12 AM",76.42
"2012-09-28:12 AM",72.7399
"2012-09-29:12 AM",69.1479
"2012-09-30:12 AM",67.8078
"2012-10-01:12 AM",68.0551
"2012-10-02:12 AM",67.194
"2012-10-03:12 AM",69.7964
"2012-10-04:12 AM",72.5599
"2012-10-05:12 AM",70.4412
"2012-10-06:12 AM",61.3238
"2012-10-07:12 AM",50.7654
"2012-10-08:12 AM",53.3917
"2012-10-09:12 AM",65.3034
"2012-10-10:12 AM",68.211
"2012-10-11:12 AM",72.1719
"2012-10-12:12 AM",74.0359
"2012-10-13:12 AM",74.4517
"2012-10-14:12 AM",71.04
"2012-10-15:12 AM",67.8628
"2012-10-16:12 AM",68.853
"2012-10-17:12 AM",73.2587
"2012-10-18:12 AM",65.8159
"2012-10-19:12 AM",63.36
"2012-10-20:12 AM",70.3531
"2012-10-21:12 AM",77.2479
"2012-10-22:12 AM",75.43
"2012-10-23:12 AM",74.6724
"2012-10-24:12 AM",75.1312
"2012-10-25:12 AM",70.9891
"2012-10-26:12 AM",52.9817
"2012-10-27:12 AM",47.7781
"2012-10-28:12 AM",50.3433
"2012-10-29:12 AM",53.6247
"2012-10-30:12 AM",58.5113
"2012-10-31:12 AM",64.1856
"2012-11-01:12 AM",66.9697
"2012-11-02:12 AM",69.5435
"2012-11-03:12 AM",67.2238
"2012-11-04:12 AM",63.3472
"2012-11-05:12 AM",64.1082
"2012-11-06:12 AM",60.6736
"2012-11-07:12 AM",62.15
"2012-11-08:12 AM",66.9933
"2012-11-09:12 AM",69.7447
"2012-11-10:12 AM",70.1019
"2012-11-11:12 AM",64.6911
"2012-11-12:12 AM",49.0129
"2012-11-13:12 AM",46.8514
"2012-11-14:12 AM",48.792
"2012-11-15:12 AM",51.2028
"2012-11-16:12 AM",52.3204
"2012-11-17:12 AM",52.9452
"2012-11-18:12 AM",56.3761
"2012-11-19:12 AM",60.4474
"2012-11-20:12 AM",61.4529
"2012-11-21:12 AM",62.8984
"2012-11-22:12 AM",64.3955
"2012-11-23:12 AM",58.1088
"2012-11-24:12 AM",50.2101
"2012-11-25:12 AM",56.6526
"2012-11-26:12 AM",61.0464
"2012-11-27:12 AM",49.3675
"2012-11-28:12 AM",50.5474
"2012-11-29:12 AM",56.0926
"2012-11-30:12 AM",60.8608
"2012-12-01:12 AM",65.6998
"2012-12-02:12 AM",65.5788
"2012-12-03:12 AM",66.5586
"2012-12-04:12 AM",61.3227
"2012-12-05:12 AM",55.146
"2012-12-06:12 AM",58.0114
"2012-12-07:12 AM",58.5028
"2012-12-08:12 AM",59.5585
"2012-12-09:12 AM",59.9279
"2012-12-10:12 AM",40.415
"2012-12-11:12 AM",37.3264
"2012-12-12:12 AM",41.7475
"2012-12-13:12 AM",48.9328
"2012-12-14:12 AM",56.3018
"2012-12-15:12 AM",59.3611
"2012-12-16:12 AM",58.8697
"2012-12-17:12 AM",53.5509
"2012-12-18:12 AM",56.791
"2012-12-19:12 AM",63.034
"2012-12-20:12 AM",46.141
"2012-12-21:12 AM",42.9552
"2012-12-22:12 AM",49.608
"2012-12-23:12 AM",58.3011
"2012-12-24:12 AM",53.4904
"2012-12-25:12 AM",46.2159
"2012-12-26:12 AM",31.1706
"2012-12-27:12 AM",37.3896
"2012-12-28:12 AM",41.0668
"2012-12-29:12 AM",36.6519
"2012-12-30:12 AM",39.2189
"2012-12-31:12 AM",48.0711
"2013-01-01:12 AM",43.5328
"2013-01-02:12 AM",36.925
"2013-01-03:12 AM",35.8948
"2013-01-04:12 AM",36.9892
"2013-01-05:12 AM",38.8234
"2013-01-06:12 AM",39.8611
"2013-01-07:12 AM",41.9565
"2013-01-08:12 AM",45.9644
"2013-01-09:12 AM",50.0214
"2013-01-10:12 AM",50.2542
"2013-01-11:12 AM",54.3596
"2013-01-12:12 AM",54.6305
"2013-01-13:12 AM",38.2656
"2013-01-14:12 AM",33.5097
"2013-01-15:12 AM",32.8392
"2013-01-16:12 AM",35.388
"2013-01-17:12 AM",42.4816
"2013-01-18:12 AM",45.9228
"2013-01-19:12 AM",49.1869
"2013-01-20:12 AM",50.9369
"2013-01-21:12 AM",49.4908
"2013-01-22:12 AM",50.3661
"2013-01-23:12 AM",56.5495
"2013-01-24:12 AM",59.8374
"2013-01-25:12 AM",59.146
"2013-01-26:12 AM",56.8474
"2013-01-27:12 AM",62.0406
"2013-01-28:12 AM",65.4481
"2013-01-29:12 AM",63.2273
"2013-01-30:12 AM",46.6714
"2013-01-31:12 AM",47.3405
"2013-02-01:12 AM",49.4915
"2013-02-02:12 AM",53.8668
"2013-02-03:12 AM",53.4405
"2013-02-04:12 AM",58.7797
"2013-02-05:12 AM",59.0958
"2013-02-06:12 AM",60.55
"2013-02-07:12 AM",60.1171
"2013-02-08:12 AM",53.9069
"2013-02-09:12 AM",56.5518
"2013-02-10:12 AM",58.1968
"2013-02-11:12 AM",51.4135
"2013-02-12:12 AM",50.1363
"2013-02-13:12 AM",45.4338
"2013-02-14:12 AM",48.6642
"2013-02-15:12 AM",46.8068
"2013-02-16:12 AM",45.2259
"2013-02-17:12 AM",52.6287
"2013-02-18:12 AM",59.2858
"2013-02-19:12 AM",51.4344
"2013-02-20:12 AM",51.483
"2013-02-21:12 AM",54.2876
"2013-02-22:12 AM",46.1214
"2013-02-23:12 AM",47.1952
"2013-02-24:12 AM",53.3752
"2013-02-25:12 AM",49.9275
"2013-02-26:12 AM",45.5455
"2013-02-27:12 AM",47.7324
"2013-02-28:12 AM",44.7345
"2013-03-01:12 AM",46.8342
"2013-03-02:12 AM",47.3594
"2013-03-03:12 AM",55.1881
"2013-03-04:12 AM",65.9682
"2013-03-05:12 AM",54.5427
"2013-03-06:12 AM",48.3841
"2013-03-07:12 AM",56.3576
"2013-03-08:12 AM",61.7981
"2013-03-09:12 AM",63.7367
"2013-03-10:12 AM",54.7219
"2013-03-11:12 AM",49.879
"2013-03-12:12 AM",54.8368
"2013-03-13:12 AM",55.954
"2013-03-14:12 AM",60.8887
"2013-03-15:12 AM",65.6424
"2013-03-16:12 AM",68.3053
"2013-03-17:12 AM",65.7349
"2013-03-18:12 AM",66.4473
"2013-03-19:12 AM",62.2299
"2013-03-20:12 AM",59.1949
"2013-03-21:12 AM",63.0779
"2013-03-22:12 AM",63.9838
"2013-03-23:12 AM",60.7132
"2013-03-24:12 AM",48.6473
"2013-03-25:12 AM",44.211
"2013-03-26:12 AM",46.7811
"2013-03-27:12 AM",55.8232
"2013-03-28:12 AM",61.8129
"2013-03-29:12 AM",65.4555
"2013-03-30:12 AM",68.8316
"2013-03-31:12 AM",69.3711
"2013-04-01:12 AM",67.4208
"2013-04-02:12 AM",60.7665
"2013-04-03:12 AM",51.9553
"2013-04-04:12 AM",51.7381
"2013-04-05:12 AM",58.3376
"2013-04-06:12 AM",66.3876
"2013-04-07:12 AM",69.0602
"2013-04-08:12 AM",72.0435
"2013-04-09:12 AM",72.8722
"2013-04-10:12 AM",55.4434
"2013-04-11:12 AM",53.3876
"2013-04-12:12 AM",60.6501
"2013-04-13:12 AM",64.7438
"2013-04-14:12 AM",70.9245
"2013-04-15:12 AM",74.5317
"2013-04-16:12 AM",73.9164
"2013-04-17:12 AM",74.6092
"2013-04-18:12 AM",60.3255
"2013-04-19:12 AM",52.6656
"2013-04-20:12 AM",58.8065
"2013-04-21:12 AM",63.2953
"2013-04-22:12 AM",69.2958
"2013-04-23:12 AM",61.9
"2013-04-24:12 AM",50.8069
"2013-04-25:12 AM",57.843
"2013-04-26:12 AM",67.4919
"2013-04-27:12 AM",70.1058
"2013-04-28:12 AM",70.6798
"2013-04-29:12 AM",72.7659
"2013-04-30:12 AM",74.8969
"2013-05-01:12 AM",74.2926
"2013-05-02:12 AM",55.5586
"2013-05-03:12 AM",52.7072
"2013-05-04:12 AM",59.8969
"2013-05-05:12 AM",61.128
"2013-05-06:12 AM",63.7765
"2013-05-07:12 AM",68.6428
"2013-05-08:12 AM",73.0274
"2013-05-09:12 AM",72.3169
"2013-05-10:12 AM",70.0083
"2013-05-11:12 AM",68.0972
"2013-05-12:12 AM",67.8069
"2013-05-13:12 AM",70.1623
"2013-05-14:12 AM",73.2227
"2013-05-15:12 AM",74.8488
"2013-05-16:12 AM",79.2777
"2013-05-17:12 AM",82.0467
"2013-05-18:12 AM",83.8497
"2013-05-19:12 AM",82.0998
"2013-05-20:12 AM",81.2026
"2013-05-21:12 AM",77.2075
"2013-05-22:12 AM",76.1313
"2013-05-23:12 AM",80.9771
"2013-05-24:12 AM",77.7987
"2013-05-25:12 AM",75.8005
"2013-05-26:12 AM",78.804
"2013-05-27:12 AM",80.4727
"2013-05-28:12 AM",80.6522
"2013-05-29:12 AM",79.5056
"2013-05-30:12 AM",81.136
"2013-05-31:12 AM",84.3921
"2013-06-01:12 AM",82.672
"2013-06-02:12 AM",77.1364
"2013-06-03:12 AM",79.6473
"2013-06-04:12 AM",84.3586
"2013-06-05:12 AM",83.3419
"2013-06-06:12 AM",79.079
"2013-06-07:12 AM",76.5448
"2013-06-08:12 AM",78.4823
"2013-06-09:12 AM",81.8643
"2013-06-10:12 AM",83.4291
"2013-06-11:12 AM",83.4262
"2013-06-12:12 AM",83.6938
"2013-06-13:12 AM",83.1789
"2013-06-14:12 AM",80.2267
"2013-06-15:12 AM",79.5907
"2013-06-16:12 AM",83.395
"2013-06-17:12 AM",83.7513
"2013-06-18:12 AM",81.774
"2013-06-19:12 AM",82.7461
"2013-06-20:12 AM",84.8327
"2013-06-21:12 AM",85.152
"2013-06-22:12 AM",85.2296
"2013-06-23:12 AM",85.4719
"2013-06-24:12 AM",85.14
"2013-06-25:12 AM",87.4335
"2013-06-26:12 AM",89.1979
"2013-06-27:12 AM",89.6407
"2013-06-28:12 AM",88.5531
"2013-06-29:12 AM",88.1762
"2013-06-30:12 AM",84.2956
"2013-07-01:12 AM",78.7017
"2013-07-02:12 AM",77.1859
"2013-07-03:12 AM",78.4063
"2013-07-04:12 AM",80.6319
"2013-07-05:12 AM",83.2365
"2013-07-06:12 AM",84.668
"2013-07-07:12 AM",84.0205
"2013-07-08:12 AM",83.5736
"2013-07-09:12 AM",85.2003
"2013-07-10:12 AM",86.6993
"2013-07-11:12 AM",87.2006
"2013-07-12:12 AM",87.1493
"2013-07-13:12 AM",87.2654
"2013-07-14:12 AM",83.8463
"2013-07-15:12 AM",74.0754
"2013-07-16:12 AM",73.6288
"2013-07-17:12 AM",74.476
"2013-07-18:12 AM",76.1101
"2013-07-19:12 AM",79.2864
"2013-07-20:12 AM",80.0947
"2013-07-21:12 AM",80.7404
"2013-07-22:12 AM",82.7823
"2013-07-23:12 AM",85.0543
"2013-07-24:12 AM",85.4717
"2013-07-25:12 AM",84.124
"2013-07-26:12 AM",82.7497
"2013-07-27:12 AM",80.7197
"2013-07-28:12 AM",81.0498
"2013-07-29:12 AM",83.5054
"2013-07-30:12 AM",84.5019
"2013-07-31:12 AM",85.7149
"2013-08-01:12 AM",86.5992
"2013-08-02:12 AM",87.6016
"2013-08-03:12 AM",87.7633
"2013-08-04:12 AM",86.8874
"2013-08-05:12 AM",87.9546
"2013-08-06:12 AM",89.013
"2013-08-07:12 AM",88.6033
"2013-08-08:12 AM",87.1579
"2013-08-09:12 AM",85.8812
"2013-08-10:12 AM",83.8456
"2013-08-11:12 AM",83.5306
"2013-08-12:12 AM",84.5744
"2013-08-13:12 AM",85.946
"2013-08-14:12 AM",83.1078
"2013-08-15:12 AM",82.0011
"2013-08-16:12 AM",83.163
"2013-08-17:12 AM",81.7351
"2013-08-18:12 AM",82.0737
"2013-08-19:12 AM",83.2698
"2013-08-20:12 AM",83.2471
"2013-08-21:12 AM",82.537
"2013-08-22:12 AM",82.8075
"2013-08-23:12 AM",83.365
"2013-08-24:12 AM",83.4026
"2013-08-25:12 AM",83.494
"2013-08-26:12 AM",80.8124
"2013-08-27:12 AM",78.5979
"2013-08-28:12 AM",80.7674
"2013-08-29:12 AM",83.9547
"2013-08-30:12 AM",86.2644
"2013-08-31:12 AM",86.9959
"2013-09-01:12 AM",86.6901
"2013-09-02:12 AM",84.3589
"2013-09-03:12 AM",83.9232
"2013-09-04:12 AM",83.8836
"2013-09-05:12 AM",83.1675
"2013-09-06:12 AM",83.129
"2013-09-07:12 AM",82.4614
"2013-09-08:12 AM",80.6877
"2013-09-09:12 AM",78.8074
"2013-09-10:12 AM",77.8494
"2013-09-11:12 AM",78.1772
"2013-09-12:12 AM",79.036
"2013-09-13:12 AM",79.2277
"2013-09-14:12 AM",78.6252
"2013-09-15:12 AM",79.5718
"2013-09-16:12 AM",78.4746
"2013-09-17:12 AM",77.9632
"2013-09-18:12 AM",78.4972
"2013-09-19:12 AM",76.4992
"2013-09-20:12 AM",72.1666
"2013-09-21:12 AM",68.657
"2013-09-22:12 AM",68.7634
"2013-09-23:12 AM",71.1252
"2013-09-24:12 AM",74.7131
"2013-09-25:12 AM",75.744
"2013-09-26:12 AM",78.2177
"2013-09-27:12 AM",78.1036
"2013-09-28:12 AM",74.2377
"2013-09-29:12 AM",68.6453
"2013-09-30:12 AM",71.9341
"2013-10-01:12 AM",75.3607
"2013-10-02:12 AM",76.9257
"2013-10-03:12 AM",77.8856
"2013-10-04:12 AM",78.4024
"2013-10-05:12 AM",69.5221
"2013-10-06:12 AM",61.7698
"2013-10-07:12 AM",64.139
"2013-10-08:12 AM",66.6172
"2013-10-09:12 AM",68.8473
"2013-10-10:12 AM",71.5212
"2013-10-11:12 AM",73.1115
"2013-10-12:12 AM",72.8604
"2013-10-13:12 AM",70.2471
"2013-10-14:12 AM",70.9835
"2013-10-15:12 AM",67.4512
"2013-10-16:12 AM",57.4228
"2013-10-17:12 AM",58.158
"2013-10-18:12 AM",59.8942
"2013-10-19:12 AM",53.7147
"2013-10-20:12 AM",57.1131
"2013-10-21:12 AM",61.1431
"2013-10-22:12 AM",59.1883
"2013-10-23:12 AM",61.8922
"2013-10-24:12 AM",62.5402
"2013-10-25:12 AM",60.0667
"2013-10-26:12 AM",63.2385
"2013-10-27:12 AM",62.823
"2013-10-28:12 AM",67.1626
"2013-10-29:12 AM",71.1824
"2013-10-30:12 AM",71.7096
"2013-10-31:12 AM",66.7038
"2013-11-01:12 AM",60.8589
"2013-11-02:12 AM",56.8495
"2013-11-03:12 AM",55.1322
"2013-11-04:12 AM",59.1413
"2013-11-05:12 AM",64.1442
"2013-11-06:12 AM",58.8911
"2013-11-07:12 AM",50.3726
"2013-11-08:12 AM",53.0852
"2013-11-09:12 AM",56.5767
"2013-11-10:12 AM",57.7283
"2013-11-11:12 AM",59.686
"2013-11-12:12 AM",50.6282
"2013-11-13:12 AM",41.54
"2013-11-14:12 AM",46.9551
"2013-11-15:12 AM",57.0166
"2013-11-16:12 AM",66.1073
"2013-11-17:12 AM",68.2419
"2013-11-18:12 AM",61.3881
"2013-11-19:12 AM",58.8508
"2013-11-20:12 AM",60.9157
"2013-11-21:12 AM",64.6655
"2013-11-22:12 AM",43.6444
"2013-11-23:12 AM",35.4259
"2013-11-24:12 AM",33.3183
"2013-11-25:12 AM",34.9574
"2013-11-26:12 AM",38.2591
"2013-11-27:12 AM",37.1916
"2013-11-28:12 AM",40.3097
"2013-11-29:12 AM",43.7835
"2013-11-30:12 AM",51.6535
"2013-12-01:12 AM",57.3652
"2013-12-02:12 AM",58.3788
"2013-12-03:12 AM",61.8919
"2013-12-04:12 AM",63.631
"2013-12-05:12 AM",44.8093
"2013-12-06:12 AM",30.1555
"2013-12-07:12 AM",24.2913
"2013-12-08:12 AM",31.6269
"2013-12-09:12 AM",34.6156
"2013-12-10:12 AM",32.0409
"2013-12-11:12 AM",37.4554
"2013-12-12:12 AM",39.0231
"2013-12-13:12 AM",46.0884
"2013-12-14:12 AM",45.7187
"2013-12-15:12 AM",41.6898
"2013-12-16:12 AM",46.2978
"2013-12-17:12 AM",49.4074
"2013-12-18:12 AM",52.3589
"2013-12-19:12 AM",58.9048
"2013-12-20:12 AM",58.0705
"2013-12-21:12 AM",51.9508
"2013-12-22:12 AM",42.8801
"2013-12-23:12 AM",37.7591
"2013-12-24:12 AM",40.3331
"2013-12-25:12 AM",43.2163
"2013-12-26:12 AM",41.895
"2013-12-27:12 AM",43.5247
"2013-12-28:12 AM",45.1974
"2013-12-29:12 AM",43.3675
"2013-12-30:12 AM",36.5725
"2013-12-31:12 AM",40.3137
"2014-01-01:12 AM",46.7209
"2014-01-02:12 AM",39.7544
"2014-01-03:12 AM",39.907
"2014-01-04:12 AM",49.7325
"2014-01-05:12 AM",41.3766
"2014-01-06:12 AM",26.5399
"2014-01-07:12 AM",31.3074
"2014-01-08:12 AM",41.6361
"2014-01-09:12 AM",47.3394
"2014-01-10:12 AM",56.7271
"2014-01-11:12 AM",53.6036
"2014-01-12:12 AM",56.0493
"2014-01-13:12 AM",54.1589
"2014-01-14:12 AM",49.6184
"2014-01-15:12 AM",45.2212
"2014-01-16:12 AM",48.8208
"2014-01-17:12 AM",46.6893
"2014-01-18:12 AM",48.6252
"2014-01-19:12 AM",50.7916
"2014-01-20:12 AM",55.8295
"2014-01-21:12 AM",48.5949
"2014-01-22:12 AM",47.6299
"2014-01-23:12 AM",39.5598
"2014-01-24:12 AM",29.5194
"2014-01-25:12 AM",43.3126
"2014-01-26:12 AM",53.6169
"2014-01-27:12 AM",45.4397
"2014-01-28:12 AM",29.5426
"2014-01-29:12 AM",32.063
"2014-01-30:12 AM",45.72
"2014-01-31:12 AM",57.8097
"2014-02-01:12 AM",57.207
"2014-02-02:12 AM",41.2675
"2014-02-03:12 AM",34.8406
"2014-02-04:12 AM",42.0633
"2014-02-05:12 AM",32.8449
"2014-02-06:12 AM",25.0552
"2014-02-07:12 AM",28.8253
"2014-02-08:12 AM",42.0996
"2014-02-09:12 AM",49.2512
"2014-02-10:12 AM",41.4378
"2014-02-11:12 AM",32.4705
"2014-02-12:12 AM",38.0003
"2014-02-13:12 AM",48.1118
"2014-02-14:12 AM",57.7731
"2014-02-15:12 AM",57.0882
"2014-02-16:12 AM",60.6517
"2014-02-17:12 AM",63.6633
"2014-02-18:12 AM",62.8146
"2014-02-19:12 AM",64.8154
"2014-02-20:12 AM",63.9835
"2014-02-21:12 AM",53.0371
"2014-02-22:12 AM",58.7412
"2014-02-23:12 AM",61.3096
"2014-02-24:12 AM",57.9524
"2014-02-25:12 AM",56.5601
"2014-02-26:12 AM",42.0436
"2014-02-27:12 AM",43.6311
"2014-02-28:12 AM",57.3748
"2014-03-01:12 AM",63.9376
"2014-03-02:12 AM",49.5394
"2014-03-03:12 AM",30.4961
"2014-03-04:12 AM",39.6651
"2014-03-05:12 AM",46.8331
"2014-03-06:12 AM",49.4987
"2014-03-07:12 AM",56.7027
"2014-03-08:12 AM",52.6561
"2014-03-09:12 AM",47.4456
"2014-03-10:12 AM",56.2536
"2014-03-11:12 AM",63.6357
"2014-03-12:12 AM",52.8762
"2014-03-13:12 AM",51.1461
"2014-03-14:12 AM",58.4807
"2014-03-15:12 AM",62.6428
"2014-03-16:12 AM",54.3092
"2014-03-17:12 AM",50.9274
"2014-03-18:12 AM",62.049
"2014-03-19:12 AM",55.6135
"2014-03-20:12 AM",57.5798
"2014-03-21:12 AM",65.4129
"2014-03-22:12 AM",63.2651
"2014-03-23:12 AM",52.9687
"2014-03-24:12 AM",53.7186
"2014-03-25:12 AM",53.5572
"2014-03-26:12 AM",55.6254
"2014-03-27:12 AM",66.1215
"2014-03-28:12 AM",67.3054
"2014-03-29:12 AM",61.2838
"2014-03-30:12 AM",64.1719
"2014-03-31:12 AM",68.2745
"2014-04-01:12 AM",68.0796
"2014-04-02:12 AM",72.5943
"2014-04-03:12 AM",72.183
"2014-04-04:12 AM",59.5407
"2014-04-05:12 AM",56.3448
"2014-04-06:12 AM",55.8716
"2014-04-07:12 AM",56.4078
"2014-04-08:12 AM",59.9963
"2014-04-09:12 AM",64.8847
"2014-04-10:12 AM",71.8329
"2014-04-11:12 AM",70.8388
"2014-04-12:12 AM",73.4378
"2014-04-13:12 AM",72.9966
"2014-04-14:12 AM",55.3881
"2014-04-15:12 AM",49.6845
"2014-04-16:12 AM",57.9085
"2014-04-17:12 AM",59.4732
"2014-04-18:12 AM",62.1833
"2014-04-19:12 AM",65.2915
"2014-04-20:12 AM",66.1676
"2014-04-21:12 AM",70.0669
"2014-04-22:12 AM",72.2368
"2014-04-23:12 AM",74.0383
"2014-04-24:12 AM",73.1664
"2014-04-25:12 AM",71.8497
"2014-04-26:12 AM",76.654
"2014-04-27:12 AM",75.6583
"2014-04-28:12 AM",72.5643
"2014-04-29:12 AM",66.6655
"2014-04-30:12 AM",59.5386
"2014-05-01:12 AM",58.4843
"2014-05-02:12 AM",62.6716
"2014-05-03:12 AM",70.4766
"2014-05-04:12 AM",75.7029
"2014-05-05:12 AM",77.308
"2014-05-06:12 AM",77.7222
"2014-05-07:12 AM",77.943
"2014-05-08:12 AM",75.3019
"2014-05-09:12 AM",73.7825
"2014-05-10:12 AM",76.633
"2014-05-11:12 AM",78.9453
"2014-05-12:12 AM",73.5577
"2014-05-13:12 AM",59.2779
"2014-05-14:12 AM",58.7361
"2014-05-15:12 AM",63.1783
"2014-05-16:12 AM",69.9436
"2014-05-17:12 AM",72.0469
"2014-05-18:12 AM",73.4684
"2014-05-19:12 AM",76.9447
"2014-05-20:12 AM",78.3869
"2014-05-21:12 AM",77.3526
"2014-05-22:12 AM",76.1787
"2014-05-23:12 AM",73.7613
"2014-05-24:12 AM",73.063
"2014-05-25:12 AM",73.6228
"2014-05-26:12 AM",72.1794
"2014-05-27:12 AM",74.0948
"2014-05-28:12 AM",74.8863
"2014-05-29:12 AM",76.0453
"2014-05-30:12 AM",78.0008
"2014-05-31:12 AM",78.9931
"2014-06-01:12 AM",81.1078
"2014-06-02:12 AM",81.907
"2014-06-03:12 AM",82.3665
"2014-06-04:12 AM",84.2148
"2014-06-05:12 AM",84.3327
"2014-06-06:12 AM",83.5705
"2014-06-07:12 AM",82.9659
"2014-06-08:12 AM",80.2729
"2014-06-09:12 AM",76.3554
"2014-06-10:12 AM",76.2202
"2014-06-11:12 AM",81.6643
"2014-06-12:12 AM",82.8689
"2014-06-13:12 AM",80.5237
"2014-06-14:12 AM",83.1108
"2014-06-15:12 AM",84.4785
"2014-06-16:12 AM",83.7189
"2014-06-17:12 AM",83.9523
"2014-06-18:12 AM",82.7355
"2014-06-19:12 AM",82.1395
"2014-06-20:12 AM",79.637
"2014-06-21:12 AM",78.5235
"2014-06-22:12 AM",79.5378
"2014-06-23:12 AM",80.1219
"2014-06-24:12 AM",80.3503
"2014-06-25:12 AM",79.1775
"2014-06-26:12 AM",80.0046
"2014-06-27:12 AM",81.3796
"2014-06-28:12 AM",83.9514
"2014-06-29:12 AM",86.0347
"2014-06-30:12 AM",85.6663
"2014-07-01:12 AM",83.2186
"2014-07-02:12 AM",80.9586
"2014-07-03:12 AM",79.1535
"2014-07-04:12 AM",79.9754
"2014-07-05:12 AM",81.3418
"2014-07-06:12 AM",82.2528
"2014-07-07:12 AM",83.2829
"2014-07-08:12 AM",83.8339
"2014-07-09:12 AM",83.3531
"2014-07-10:12 AM",82.5939
"2014-07-11:12 AM",81.1418
"2014-07-12:12 AM",82.1899
"2014-07-13:12 AM",84.0162
"2014-07-14:12 AM",84.5976
"2014-07-15:12 AM",81.0883
"2014-07-16:12 AM",80.0913
"2014-07-17:12 AM",77.398
"2014-07-18:12 AM",75.3129
"2014-07-19:12 AM",78.627
"2014-07-20:12 AM",83.2401
"2014-07-21:12 AM",85.4407
"2014-07-22:12 AM",85.6182
"2014-07-23:12 AM",84.7625
"2014-07-24:12 AM",84.5586
"2014-07-25:12 AM",85.7439
"2014-07-26:12 AM",87.3172
"2014-07-27:12 AM",87.5682
"2014-07-28:12 AM",84.7369
"2014-07-29:12 AM",81.5225
"2014-07-30:12 AM",82.4664
"2014-07-31:12 AM",79.8975
"2014-08-01:12 AM",77.4082
"2014-08-02:12 AM",76.7865
"2014-08-03:12 AM",78.3082
"2014-08-04:12 AM",81.3486
"2014-08-05:12 AM",82.6347
"2014-08-06:12 AM",85.5122
"2014-08-07:12 AM",87.7228
"2014-08-08:12 AM",87.3036
"2014-08-09:12 AM",86.1791
"2014-08-10:12 AM",85.7946
"2014-08-11:12 AM",84.6928
"2014-08-12:12 AM",82.8471
"2014-08-13:12 AM",82.5138
"2014-08-14:12 AM",83.4469
"2014-08-15:12 AM",85.0519
"2014-08-16:12 AM",85.1635
"2014-08-17:12 AM",84.3935
"2014-08-18:12 AM",82.9879
"2014-08-19:12 AM",83.3486
"2014-08-20:12 AM",84.0668
"2014-08-21:12 AM",85.9039
"2014-08-22:12 AM",86.1006
"2014-08-23:12 AM",85.01
"2014-08-24:12 AM",86.4518
"2014-08-25:12 AM",86.4712
"2014-08-26:12 AM",85.1295
"2014-08-27:12 AM",84.0549
"2014-08-28:12 AM",82.9389
"2014-08-29:12 AM",82.2439
"2014-08-30:12 AM",82.6705
"2014-08-31:12 AM",84.2284
"2014-09-01:12 AM",86.3197
"2014-09-02:12 AM",85.5118
"2014-09-03:12 AM",83.9743
"2014-09-04:12 AM",82.1671
"2014-09-05:12 AM",80.2794
"2014-09-06:12 AM",75.9009
"2014-09-07:12 AM",73.9929
"2014-09-08:12 AM",77.8519
"2014-09-09:12 AM",82.7818
"2014-09-10:12 AM",84.4111
"2014-09-11:12 AM",79.8184
"2014-09-12:12 AM",71.0996
"2014-09-13:12 AM",60.7348
"2014-09-14:12 AM",66.9679
"2014-09-15:12 AM",73.3645
"2014-09-16:12 AM",75.6811
"2014-09-17:12 AM",76.8465
"2014-09-18:12 AM",76.1189
"2014-09-19:12 AM",75.0756
"2014-09-20:12 AM",75.8246
"2014-09-21:12 AM",75.6936
"2014-09-22:12 AM",73.5427
"2014-09-23:12 AM",72.633
"2014-09-24:12 AM",72.4147
"2014-09-25:12 AM",71.1417
"2014-09-26:12 AM",70.9876
"2014-09-27:12 AM",70.5965
"2014-09-28:12 AM",71.3644
"2014-09-29:12 AM",72.6501
"2014-09-30:12 AM",75.3944
"2014-10-01:12 AM",77.4833
"2014-10-02:12 AM",77.13
"2014-10-03:12 AM",69.2218
"2014-10-04:12 AM",64.9312
"2014-10-05:12 AM",70.2273
"2014-10-06:12 AM",73.8241
"2014-10-07:12 AM",76.7221
"2014-10-08:12 AM",77.1408
"2014-10-09:12 AM",78.004
"2014-10-10:12 AM",74.8787
"2014-10-11:12 AM",64.6909
"2014-10-12:12 AM",66.5208
"2014-10-13:12 AM",66.2236
"2014-10-14:12 AM",60.9728
"2014-10-15:12 AM",64.0904
"2014-10-16:12 AM",69.4269
"2014-10-17:12 AM",70.282
"2014-10-18:12 AM",67.9545
"2014-10-19:12 AM",66.7503
"2014-10-20:12 AM",67.2631
"2014-10-21:12 AM",67.231
"2014-10-22:12 AM",66.976
"2014-10-23:12 AM",66.871
"2014-10-24:12 AM",68.8969
"2014-10-25:12 AM",70.8661
"2014-10-26:12 AM",71.2859
"2014-10-27:12 AM",72.2176
"2014-10-28:12 AM",68.3983
"2014-10-29:12 AM",64.8403
"2014-10-30:12 AM",65.3907
"2014-10-31:12 AM",61.489
"2014-11-01:12 AM",54.3713
"2014-11-02:12 AM",58.4645
"2014-11-03:12 AM",64.4329
"2014-11-04:12 AM",62.0919
"2014-11-05:12 AM",55.1813
"2014-11-06:12 AM",55.468
"2014-11-07:12 AM",54.1476
"2014-11-08:12 AM",56.0782
"2014-11-09:12 AM",56.3454
"2014-11-10:12 AM",62.2726
"2014-11-11:12 AM",51.0399
"2014-11-12:12 AM",36.4431
"2014-11-13:12 AM",31.0791
"2014-11-14:12 AM",34.1101
"2014-11-15:12 AM",42.2713
"2014-11-16:12 AM",43.0079
"2014-11-17:12 AM",33.3664
"2014-11-18:12 AM",37.1462
"2014-11-19:12 AM",45.9896
"2014-11-20:12 AM",53.4011
"2014-11-21:12 AM",58.1472
"2014-11-22:12 AM",61.2045
"2014-11-23:12 AM",59.6998
"2014-11-24:12 AM",49.0503
"2014-11-25:12 AM",46.665
"2014-11-26:12 AM",50.1696
"2014-11-27:12 AM",48.394
"2014-11-28:12 AM",53.5694
"2014-11-29:12 AM",60.5575
"2014-11-30:12 AM",63.1576
"2014-12-01:12 AM",46.6419
"2014-12-02:12 AM",41.2182
"2014-12-03:12 AM",51.8877
"2014-12-04:12 AM",56.7212
"2014-12-05:12 AM",61.3117
"2014-12-06:12 AM",56.3389
"2014-12-07:12 AM",51.9184
"2014-12-08:12 AM",50.8971
"2014-12-09:12 AM",52.0245
"2014-12-10:12 AM",53.3122
"2014-12-11:12 AM",55.8711
"2014-12-12:12 AM",58.4332
"2014-12-13:12 AM",60.3523
"2014-12-14:12 AM",60.4254
"2014-12-15:12 AM",55.9972
"2014-12-16:12 AM",48.2162
"2014-12-17:12 AM",48.7828
"2014-12-18:12 AM",51.4778
"2014-12-19:12 AM",48.9978
"2014-12-20:12 AM",46.0148
"2014-12-21:12 AM",49.415
"2014-12-22:12 AM",55.4985
"2014-12-23:12 AM",47.6872
"2014-12-24:12 AM",40.5448
"2014-12-25:12 AM",45.5725
"2014-12-26:12 AM",52.8138
"2014-12-27:12 AM",46.0036
"2014-12-28:12 AM",37.8459
"2014-12-29:12 AM",41.7306
"2014-12-30:12 AM",38.4976
"2014-12-31:12 AM",29.9773
"2015-01-01:12 AM",32.2725
"2015-01-02:12 AM",35.4916
"2015-01-03:12 AM",39.763
"2015-01-04:12 AM",36.2073
"2015-01-05:12 AM",35.5474
"2015-01-06:12 AM",43.0677
"2015-01-07:12 AM",39.398
"2015-01-08:12 AM",31.4096
"2015-01-09:12 AM",33.796
"2015-01-10:12 AM",32.5963
"2015-01-11:12 AM",39.2763
"2015-01-12:12 AM",40.7844
"2015-01-13:12 AM",35.2605
"2015-01-14:12 AM",36.0185
"2015-01-15:12 AM",39.4857
"2015-01-16:12 AM",44.3997
"2015-01-17:12 AM",50.594
"2015-01-18:12 AM",51.1567
"2015-01-19:12 AM",53.638
"2015-01-20:12 AM",55.3586
"2015-01-21:12 AM",50.4795
"2015-01-22:12 AM",42.5707
"2015-01-23:12 AM",37.139
"2015-01-24:12 AM",41.5328
"2015-01-25:12 AM",48.7369
"2015-01-26:12 AM",51.5665
"2015-01-27:12 AM",56.7297
"2015-01-28:12 AM",60.2802
"2015-01-29:12 AM",58.091
"2015-01-30:12 AM",49.2184
"2015-01-31:12 AM",49.4208
"2015-02-01:12 AM",52.3458
"2015-02-02:12 AM",39.9358
"2015-02-03:12 AM",43.2138
"2015-02-04:12 AM",47.4957
"2015-02-05:12 AM",41.2646
"2015-02-06:12 AM",46.2319
"2015-02-07:12 AM",55.5006
"2015-02-08:12 AM",60.8844
"2015-02-09:12 AM",61.0826
"2015-02-10:12 AM",60.8131
"2015-02-11:12 AM",56.6744
"2015-02-12:12 AM",47.939
"2015-02-13:12 AM",50.7308
"2015-02-14:12 AM",57.8572
"2015-02-15:12 AM",59.1897
"2015-02-16:12 AM",46.4412
"2015-02-17:12 AM",40.4377
"2015-02-18:12 AM",44.7386
"2015-02-19:12 AM",49.9037
"2015-02-20:12 AM",59.4009
"2015-02-21:12 AM",61.0313
"2015-02-22:12 AM",49.6465
"2015-02-23:12 AM",30.7026
"2015-02-24:12 AM",33.3653
"2015-02-25:12 AM",41.4565
"2015-02-26:12 AM",39.2077
"2015-02-27:12 AM",30.1793
"2015-02-28:12 AM",32.2851
"2015-03-01:12 AM",39.3195
"2015-03-02:12 AM",40.3565
"2015-03-03:12 AM",51.73
"2015-03-04:12 AM",51.7172
"2015-03-05:12 AM",34.3611
"2015-03-06:12 AM",38.3821
"2015-03-07:12 AM",44.8119
"2015-03-08:12 AM",50.9146
"2015-03-09:12 AM",52.8474
"2015-03-10:12 AM",54.3502
"2015-03-11:12 AM",55.8619
"2015-03-12:12 AM",56.5144
"2015-03-13:12 AM",58.7066
"2015-03-14:12 AM",59.36
"2015-03-15:12 AM",57.7499
"2015-03-16:12 AM",61.1641
"2015-03-17:12 AM",61.8028
"2015-03-18:12 AM",61.257
"2015-03-19:12 AM",63.1593
"2015-03-20:12 AM",59.9556
"2015-03-21:12 AM",57.1885
"2015-03-22:12 AM",60.8472
"2015-03-23:12 AM",64.5314
"2015-03-24:12 AM",67.8016
"2015-03-25:12 AM",67.8405
"2015-03-26:12 AM",57.7679
"2015-03-27:12 AM",58.2991
"2015-03-28:12 AM",64.2749
"2015-03-29:12 AM",68.4682
"2015-03-30:12 AM",67.7532
"2015-03-31:12 AM",70.0756
"2015-04-01:12 AM",71.5114
"2015-04-02:12 AM",73.0846
"2015-04-03:12 AM",68.4369
"2015-04-04:12 AM",57.4113
"2015-04-05:12 AM",61.5187
"2015-04-06:12 AM",71.0256
"2015-04-07:12 AM",74.5597
"2015-04-08:12 AM",74.0232
"2015-04-09:12 AM",73.1287
"2015-04-10:12 AM",65.4505
"2015-04-11:12 AM",65.1501
"2015-04-12:12 AM",69.2467
"2015-04-13:12 AM",66.2898
"2015-04-14:12 AM",61.0198
"2015-04-15:12 AM",64.2034
"2015-04-16:12 AM",68.7807
"2015-04-17:12 AM",68.6593
"2015-04-18:12 AM",67.6186
"2015-04-19:12 AM",67.1776
"2015-04-20:12 AM",60.7881
"2015-04-21:12 AM",63.7639
"2015-04-22:12 AM",69.6115
"2015-04-23:12 AM",70.9873
"2015-04-24:12 AM",71.6502
"2015-04-25:12 AM",72.6985
"2015-04-26:12 AM",70.9623
"2015-04-27:12 AM",64.8486
"2015-04-28:12 AM",56.4753
"2015-04-29:12 AM",58.8312
"2015-04-30:12 AM",64.5768
"2015-05-01:12 AM",67.8015
"2015-05-02:12 AM",69.4351
"2015-05-03:12 AM",70.6887
"2015-05-04:12 AM",70.4739
"2015-05-05:12 AM",69.0883
"2015-05-06:12 AM",71.8389
"2015-05-07:12 AM",73.8356
"2015-05-08:12 AM",74.4217
"2015-05-09:12 AM",75.2958
"2015-05-10:12 AM",73.3379
"2015-05-11:12 AM",67.8416
"2015-05-12:12 AM",64.8009
"2015-05-13:12 AM",67.2498
"2015-05-14:12 AM",71.8767
"2015-05-15:12 AM",73.308
"2015-05-16:12 AM",73.366
"2015-05-17:12 AM",73.2594
"2015-05-18:12 AM",74.818
"2015-05-19:12 AM",73.6974
"2015-05-20:12 AM",70.9628
"2015-05-21:12 AM",62.5797
"2015-05-22:12 AM",65.0577
"2015-05-23:12 AM",72.5207
"2015-05-24:12 AM",72.5598
"2015-05-25:12 AM",72.5232
"2015-05-26:12 AM",73.4774
"2015-05-27:12 AM",77.0115
"2015-05-28:12 AM",76.3326
"2015-05-29:12 AM",76.3345
"2015-05-30:12 AM",73.4446
"2015-05-31:12 AM",71.118
"2015-06-01:12 AM",73.8754
"2015-06-02:12 AM",77.4005
"2015-06-03:12 AM",78.5892
"2015-06-04:12 AM",78.8191
"2015-06-05:12 AM",78.6506
"2015-06-06:12 AM",78.6524
"2015-06-07:12 AM",78.5689
"2015-06-08:12 AM",79.4264
"2015-06-09:12 AM",80.7526
"2015-06-10:12 AM",81.7495
"2015-06-11:12 AM",82.4058
"2015-06-12:12 AM",81.1918
"2015-06-13:12 AM",79.6703
"2015-06-14:12 AM",79.1818
"2015-06-15:12 AM",78.3792
"2015-06-16:12 AM",76.0624
"2015-06-17:12 AM",76.7529
"2015-06-18:12 AM",79.4556
"2015-06-19:12 AM",80.1876
"2015-06-20:12 AM",79.4264
"2015-06-21:12 AM",79.8924
"2015-06-22:12 AM",79.7434
"2015-06-23:12 AM",79.038
"2015-06-24:12 AM",80.0127
"2015-06-25:12 AM",80.9521
"2015-06-26:12 AM",81.9322
"2015-06-27:12 AM",79.4199
"2015-06-28:12 AM",79.1533
"2015-06-29:12 AM",81.0397
"2015-06-30:12 AM",80.5327
"2015-07-01:12 AM",79.9156
"2015-07-02:12 AM",79.2545
"2015-07-03:12 AM",80.4061
"2015-07-04:12 AM",80.6436
"2015-07-05:12 AM",80.9222
"2015-07-06:12 AM",80.6803
"2015-07-07:12 AM",77.5269
"2015-07-08:12 AM",78.2427
"2015-07-09:12 AM",79.6163
"2015-07-10:12 AM",79.2873
"2015-07-11:12 AM",80.8851
"2015-07-12:12 AM",83.2692
"2015-07-13:12 AM",84.675
"2015-07-14:12 AM",84.4797
"2015-07-15:12 AM",83.7127
"2015-07-16:12 AM",84.1618
"2015-07-17:12 AM",84.6012
"2015-07-18:12 AM",85.7671
"2015-07-19:12 AM",85.9269
"2015-07-20:12 AM",85.8135
"2015-07-21:12 AM",84.1831
"2015-07-22:12 AM",84.1521
"2015-07-23:12 AM",85.9878
"2015-07-24:12 AM",86.3627
"2015-07-25:12 AM",86.4237
"2015-07-26:12 AM",87.071
"2015-07-27:12 AM",87.0017
"2015-07-28:12 AM",86.8687
"2015-07-29:12 AM",85.7732
"2015-07-30:12 AM",85.5934
"2015-07-31:12 AM",84.3991
"2015-08-01:12 AM",82.9823
"2015-08-02:12 AM",83.6208
"2015-08-03:12 AM",84.04
"2015-08-04:12 AM",85.3639
"2015-08-05:12 AM",87.8922
"2015-08-06:12 AM",88.9551
"2015-08-07:12 AM",88.7209
"2015-08-08:12 AM",88.3015
"2015-08-09:12 AM",88.3233
"2015-08-10:12 AM",88.1202
"2015-08-11:12 AM",86.1217
"2015-08-12:12 AM",85.9167
"2015-08-13:12 AM",86.7414
"2015-08-14:12 AM",86.2504
"2015-08-15:12 AM",83.3801
"2015-08-16:12 AM",82.8619
"2015-08-17:12 AM",82.9447
"2015-08-18:12 AM",85.0915
"2015-08-19:12 AM",80.7672
"2015-08-20:12 AM",75.643
"2015-08-21:12 AM",79.6325
"2015-08-22:12 AM",84.1946
"2015-08-23:12 AM",83.7349
"2015-08-24:12 AM",82.65
"2015-08-25:12 AM",83.4523
"2015-08-26:12 AM",82.5507
"2015-08-27:12 AM",83.0273
"2015-08-28:12 AM",81.9414
"2015-08-29:12 AM",80.0555
"2015-08-30:12 AM",79.2675
"2015-08-31:12 AM",81.3119
"2015-09-01:12 AM",81.2158
"2015-09-02:12 AM",81.2394
"2015-09-03:12 AM",82.1071
"2015-09-04:12 AM",82.8621
"2015-09-05:12 AM",84.0538
"2015-09-06:12 AM",84.8583
"2015-09-07:12 AM",85.0474
"2015-09-08:12 AM",84.6138
"2015-09-09:12 AM",81.2107
"2015-09-10:12 AM",79.2228
"2015-09-11:12 AM",78.5325
"2015-09-12:12 AM",75.0643
"2015-09-13:12 AM",76.3441
"2015-09-14:12 AM",77.8163
"2015-09-15:12 AM",78.2488
"2015-09-16:12 AM",80.9125
"2015-09-17:12 AM",82.1766
"2015-09-18:12 AM",82.8864
"2015-09-19:12 AM",78.2766
"2015-09-20:12 AM",76.7433
"2015-09-21:12 AM",78.3403
"2015-09-22:12 AM",78.6731
"2015-09-23:12 AM",76.8031
"2015-09-24:12 AM",75.3451
"2015-09-25:12 AM",76.2672
"2015-09-26:12 AM",75.5211
"2015-09-27:12 AM",74.514
"2015-09-28:12 AM",75.148
"2015-09-29:12 AM",76.2759
"2015-09-30:12 AM",76.7037
"2015-10-01:12 AM",77.074
"2015-10-02:12 AM",72.2539
"2015-10-03:12 AM",68.1246
"2015-10-04:12 AM",66.3172
"2015-10-05:12 AM",66.9848
"2015-10-06:12 AM",69.5476
"2015-10-07:12 AM",71.9539
"2015-10-08:12 AM",72.0734
"2015-10-09:12 AM",71.1442
"2015-10-10:12 AM",70.5484
"2015-10-11:12 AM",74.9671
"2015-10-12:12 AM",77.8478
"2015-10-13:12 AM",73.9549
"2015-10-14:12 AM",74.509
"2015-10-15:12 AM",75.4216
"2015-10-16:12 AM",70.5621
"2015-10-17:12 AM",67.4728
"2015-10-18:12 AM",66.8991
"2015-10-19:12 AM",67.6704
"2015-10-20:12 AM",68.6872
"2015-10-21:12 AM",70.3479
"2015-10-22:12 AM",69.6843
"2015-10-23:12 AM",70.4503
"2015-10-24:12 AM",64.562
"2015-10-25:12 AM",57.7933
"2015-10-26:12 AM",57.9889
"2015-10-27:12 AM",62.4598
"2015-10-28:12 AM",63.7259
"2015-10-29:12 AM",62.6709
"2015-10-30:12 AM",65.4134
"2015-10-31:12 AM",63.8611
"2015-11-01:12 AM",60.4899
"2015-11-02:12 AM",62.2416
"2015-11-03:12 AM",64.3784
"2015-11-04:12 AM",66.6005
"2015-11-05:12 AM",69.5653
"2015-11-06:12 AM",61.7455
"2015-11-07:12 AM",57.5314
"2015-11-08:12 AM",53.5476
"2015-11-09:12 AM",57.027
"2015-11-10:12 AM",63.5592
"2015-11-11:12 AM",66.7454
"2015-11-12:12 AM",55.6527
"2015-11-13:12 AM",53.913
"2015-11-14:12 AM",55.258
"2015-11-15:12 AM",57.9133
"2015-11-16:12 AM",64.4992
"2015-11-17:12 AM",57.3885
"2015-11-18:12 AM",53.4369
"2015-11-19:12 AM",54.4984
"2015-11-20:12 AM",57.6606
"2015-11-21:12 AM",51.0912
"2015-11-22:12 AM",41.7409
"2015-11-23:12 AM",46.9071
"2015-11-24:12 AM",53.6758
"2015-11-25:12 AM",61.6845
"2015-11-26:12 AM",64.794
"2015-11-27:12 AM",53.8979
"2015-11-28:12 AM",40.2906
"2015-11-29:12 AM",41.976
"2015-11-30:12 AM",45.615
"2015-12-01:12 AM",46.7375
"2015-12-02:12 AM",46.875
"2015-12-03:12 AM",46.3923
"2015-12-04:12 AM",46.9355
"2015-12-05:12 AM",48.1793
"2015-12-06:12 AM",50.1894
"2015-12-07:12 AM",51.84
"2015-12-08:12 AM",56.1015
"2015-12-09:12 AM",57.2301
"2015-12-10:12 AM",60.8259
"2015-12-11:12 AM",63.1881
"2015-12-12:12 AM",64.5343
"2015-12-13:12 AM",53.0843
"2015-12-14:12 AM",51.3093
"2015-12-15:12 AM",54.6562
"2015-12-16:12 AM",47.6737
"2015-12-17:12 AM",43.2961
"2015-12-18:12 AM",41.0967
"2015-12-19:12 AM",46.8846
"2015-12-20:12 AM",55.5951
"2015-12-21:12 AM",59.1764
"2015-12-22:12 AM",57.591
"2015-12-23:12 AM",61.3409
"2015-12-24:12 AM",58.4296
"2015-12-25:12 AM",57.7693
"2015-12-26:12 AM",62.6407
"2015-12-27:12 AM",43.8748
"2015-12-28:12 AM",34.1699
"2015-12-29:12 AM",36.3616
"2015-12-30:12 AM",41.1557
"2015-12-31:12 AM",42.8052
"2016-01-01:12 AM",38.9903
"2016-01-02:12 AM",38.7536
"2016-01-03:12 AM",41.0288
"2016-01-04:12 AM",40.618
"2016-01-05:12 AM",41.9466
"2016-01-06:12 AM",46.4173
"2016-01-07:12 AM",51.0618
"2016-01-08:12 AM",50.5657
"2016-01-09:12 AM",42.8486
"2016-01-10:12 AM",35.614
"2016-01-11:12 AM",37.7821
"2016-01-12:12 AM",42.5385
"2016-01-13:12 AM",46.4133
"2016-01-14:12 AM",50.8872
"2016-01-15:12 AM",51.8988
"2016-01-16:12 AM",46.4205
"2016-01-17:12 AM",42.2735
"2016-01-18:12 AM",42.0049
"2016-01-19:12 AM",50.0437
"2016-01-20:12 AM",49.3369
"2016-01-21:12 AM",50.2682
"2016-01-22:12 AM",41.499
"2016-01-23:12 AM",42.4231
"2016-01-24:12 AM",50.4374
"2016-01-25:12 AM",55.5348
"2016-01-26:12 AM",46.0256
"2016-01-27:12 AM",42.391
"2016-01-28:12 AM",46.7465
"2016-01-29:12 AM",54.4215
"2016-01-30:12 AM",58.8418
"2016-01-31:12 AM",60.8497
"2016-02-01:12 AM",58.0354
"2016-02-02:12 AM",52.9489
"2016-02-03:12 AM",43.0417
"2016-02-04:12 AM",40.5916
"2016-02-05:12 AM",43.4977
"2016-02-06:12 AM",44.9987
"2016-02-07:12 AM",47.9615
"2016-02-08:12 AM",47.7365
"2016-02-09:12 AM",48.9891
"2016-02-10:12 AM",53.6599
"2016-02-11:12 AM",59.2903
"2016-02-12:12 AM",58.6918
"2016-02-13:12 AM",56.9341
"2016-02-14:12 AM",59.5283
"2016-02-15:12 AM",58.2168
"2016-02-16:12 AM",59.2398
"2016-02-17:12 AM",58.9001
"2016-02-18:12 AM",63.8559
"2016-02-19:12 AM",67.249
"2016-02-20:12 AM",67.8227
"2016-02-21:12 AM",64.8613
"2016-02-22:12 AM",57.7974
"2016-02-23:12 AM",52.5405
"2016-02-24:12 AM",47.2721
"2016-02-25:12 AM",49.0305
"2016-02-26:12 AM",48.7542
"2016-02-27:12 AM",55.0636
"2016-02-28:12 AM",61.1744
"2016-02-29:12 AM",63.3792
"2016-03-01:12 AM",63.8206
"2016-03-02:12 AM",60.5484
"2016-03-03:12 AM",65.3121
"2016-03-04:12 AM",60.7165
"2016-03-05:12 AM",62.083
"2016-03-06:12 AM",64.2178
"2016-03-07:12 AM",66.7377
"2016-03-08:12 AM",66.733
"2016-03-09:12 AM",60.7854
"2016-03-10:12 AM",58.5745
"2016-03-11:12 AM",58.8708
"2016-03-12:12 AM",60.4065
"2016-03-13:12 AM",64.4527
"2016-03-14:12 AM",67.8517
"2016-03-15:12 AM",69.5113
"2016-03-16:12 AM",64.6871
"2016-03-17:12 AM",64.4621
"2016-03-18:12 AM",63.3976
"2016-03-19:12 AM",50.2437
"2016-03-20:12 AM",47.9435
"2016-03-21:12 AM",52.4336
"2016-03-22:12 AM",62.2665
"2016-03-23:12 AM",67.7795
"2016-03-24:12 AM",58.3106
"2016-03-25:12 AM",57.1285
"2016-03-26:12 AM",61.9542
"2016-03-27:12 AM",59.5733
"2016-03-28:12 AM",58.9861
"2016-03-29:12 AM",64.6106
"2016-03-30:12 AM",71.2668
"2016-03-31:12 AM",67.116
"2016-04-01:12 AM",55.9447
"2016-04-02:12 AM",54.1816
"2016-04-03:12 AM",59.4181
"2016-04-04:12 AM",65.9899
"2016-04-05:12 AM",68.6214
"2016-04-06:12 AM",66.8881
"2016-04-07:12 AM",66.6531
"2016-04-08:12 AM",64.9996
"2016-04-09:12 AM",64.4778
"2016-04-10:12 AM",69.4557
"2016-04-11:12 AM",70.0156
"2016-04-12:12 AM",61.1224
"2016-04-13:12 AM",62.0875
"2016-04-14:12 AM",65.8474
"2016-04-15:12 AM",67.4872
"2016-04-16:12 AM",67.339
"2016-04-17:12 AM",65.2082
"2016-04-18:12 AM",62.2056
"2016-04-19:12 AM",65.2518
"2016-04-20:12 AM",67.8333
"2016-04-21:12 AM",68.1913
"2016-04-22:12 AM",67.5777
"2016-04-23:12 AM",68.2972
"2016-04-24:12 AM",70.6348
"2016-04-25:12 AM",74.3871
"2016-04-26:12 AM",74.9633
"2016-04-27:12 AM",72.1715
"2016-04-28:12 AM",70.9878
"2016-04-29:12 AM",73.4434
"2016-04-30:12 AM",69.7325
"2016-05-01:12 AM",62.4126
"2016-05-02:12 AM",58.0906
"2016-05-03:12 AM",61.5231
"2016-05-04:12 AM",66.8273
"2016-05-05:12 AM",70.2397
"2016-05-06:12 AM",71.8833
"2016-05-07:12 AM",72.9363
"2016-05-08:12 AM",72.36
"2016-05-09:12 AM",73.1916
"2016-05-10:12 AM",77.9466
"2016-05-11:12 AM",77.972
"2016-05-12:12 AM",74.1321
"2016-05-13:12 AM",74.8949
"2016-05-14:12 AM",69.978
"2016-05-15:12 AM",64.2038
"2016-05-16:12 AM",70.7936
"2016-05-17:12 AM",69.8158
"2016-05-18:12 AM",62.6619
"2016-05-19:12 AM",62.8327
"2016-05-20:12 AM",68.9949
"2016-05-21:12 AM",75.5553
"2016-05-22:12 AM",76.5507
"2016-05-23:12 AM",77.3445
"2016-05-24:12 AM",78.7541
"2016-05-25:12 AM",80.4301
"2016-05-26:12 AM",79.8663
"2016-05-27:12 AM",76.6693
"2016-05-28:12 AM",76.5979
"2016-05-29:12 AM",77.3193
"2016-05-30:12 AM",76.3288
"2016-05-31:12 AM",75.5514
"2016-06-01:12 AM",72.8047
"2016-06-02:12 AM",71.7314
"2016-06-03:12 AM",72.7743
"2016-06-04:12 AM",73.6812
"2016-06-05:12 AM",74.8189
"2016-06-06:12 AM",75.4608
"2016-06-07:12 AM",77.1359
"2016-06-08:12 AM",78.597
"2016-06-09:12 AM",79.252
"2016-06-10:12 AM",80.346
"2016-06-11:12 AM",80.3082
"2016-06-12:12 AM",81.6782
"2016-06-13:12 AM",83.0799
"2016-06-14:12 AM",84.564
"2016-06-15:12 AM",84.7578
"2016-06-16:12 AM",85.1419
"2016-06-17:12 AM",86.2603
"2016-06-18:12 AM",85.687
"2016-06-19:12 AM",82.7056
"2016-06-20:12 AM",81.7603
"2016-06-21:12 AM",82.4126
"2016-06-22:12 AM",84.9241
"2016-06-23:12 AM",84.6786
"2016-06-24:12 AM",83.4345
"2016-06-25:12 AM",82.9076
"2016-06-26:12 AM",81.2908
"2016-06-27:12 AM",80.8907
"2016-06-28:12 AM",81.5668
"2016-06-29:12 AM",81.2917
"2016-06-30:12 AM",82.4049
"2016-07-01:12 AM",82.6885
"2016-07-02:12 AM",83.4665
"2016-07-03:12 AM",86.1409
"2016-07-04:12 AM",87.7932
"2016-07-05:12 AM",87.9899
"2016-07-06:12 AM",88.7819
"2016-07-07:12 AM",89.1457
"2016-07-08:12 AM",87.2031
"2016-07-09:12 AM",85.6287
"2016-07-10:12 AM",85.8601
"2016-07-11:12 AM",88.0423
"2016-07-12:12 AM",88.086
"2016-07-13:12 AM",89.233
"2016-07-14:12 AM",89.0409
"2016-07-15:12 AM",86.9509
"2016-07-16:12 AM",86.6728
"2016-07-17:12 AM",86.5132
"2016-07-18:12 AM",86.299
"2016-07-19:12 AM",85.6771
"2016-07-20:12 AM",86.4858
"2016-07-21:12 AM",87.3432
"2016-07-22:12 AM",87.4837
"2016-07-23:12 AM",88.0687
"2016-07-24:12 AM",88.4773
"2016-07-25:12 AM",86.8458
"2016-07-26:12 AM",83.6857
"2016-07-27:12 AM",82.8072
"2016-07-28:12 AM",83.3718
"2016-07-29:12 AM",83.844
"2016-07-30:12 AM",84.8761
"2016-07-31:12 AM",86.1046
"2016-08-01:12 AM",86.8156
"2016-08-02:12 AM",87.0913
"2016-08-03:12 AM",87.5037
"2016-08-04:12 AM",88.2235
"2016-08-05:12 AM",87.5262
"2016-08-06:12 AM",87.4683
"2016-08-07:12 AM",88.5092
"2016-08-08:12 AM",88.39
"2016-08-09:12 AM",86.7911
"2016-08-10:12 AM",87.114
"2016-08-11:12 AM",88.0639
"2016-08-12:12 AM",87.1617
"2016-08-13:12 AM",81.2273
"2016-08-14:12 AM",77.4275
"2016-08-15:12 AM",76.8542
"2016-08-16:12 AM",77.1208
"2016-08-17:12 AM",77.4837
"2016-08-18:12 AM",77.8138
"2016-08-19:12 AM",78.6708
"2016-08-20:12 AM",77.7934
"2016-08-21:12 AM",75.3751
"2016-08-22:12 AM",76.449
"2016-08-23:12 AM",79.2527
"2016-08-24:12 AM",80.1577
"2016-08-25:12 AM",79.2768
"2016-08-26:12 AM",78.9123
"2016-08-27:12 AM",78.9033
"2016-08-28:12 AM",77.9495
"2016-08-29:12 AM",76.3851
"2016-08-30:12 AM",75.6666
"2016-08-31:12 AM",77.6746
"2016-09-01:12 AM",77.8204
"2016-09-02:12 AM",76.9728
"2016-09-03:12 AM",77.3595
"2016-09-04:12 AM",79.0862
"2016-09-05:12 AM",79.5819
"2016-09-06:12 AM",80.1876
"2016-09-07:12 AM",81.1782
"2016-09-08:12 AM",82.1521
"2016-09-09:12 AM",82.5008
"2016-09-10:12 AM",76.3869
"2016-09-11:12 AM",75.1098
"2016-09-12:12 AM",78.8716
"2016-09-13:12 AM",78.8137
"2016-09-14:12 AM",76.8135
"2016-09-15:12 AM",77.2641
"2016-09-16:12 AM",78.9039
"2016-09-17:12 AM",79.4154
"2016-09-18:12 AM",80.9731
"2016-09-19:12 AM",83.3187
"2016-09-20:12 AM",82.6009
"2016-09-21:12 AM",80.7944
"2016-09-22:12 AM",79.479
"2016-09-23:12 AM",79.3654
"2016-09-24:12 AM",78.9001
"2016-09-25:12 AM",73.6864
"2016-09-26:12 AM",66.6401
"2016-09-27:12 AM",66.1854
"2016-09-28:12 AM",70.4471
"2016-09-29:12 AM",69.4537
"2016-09-30:12 AM",65.4514
"2016-10-01:12 AM",68.7699
"2016-10-02:12 AM",70.6458
"2016-10-03:12 AM",72.5248
"2016-10-04:12 AM",75.0011
"2016-10-05:12 AM",76.6504
"2016-10-06:12 AM",77.736
"2016-10-07:12 AM",68.7772
"2016-10-08:12 AM",64.9166
"2016-10-09:12 AM",65.6661
"2016-10-10:12 AM",66.88
"2016-10-11:12 AM",71.3241
"2016-10-12:12 AM",73.1295
"2016-10-13:12 AM",67.6983
"2016-10-14:12 AM",70.4489
"2016-10-15:12 AM",75.4723
"2016-10-16:12 AM",77.5994
"2016-10-17:12 AM",78.1444
"2016-10-18:12 AM",76.134
"2016-10-19:12 AM",75.3804
"2016-10-20:12 AM",68.7497
"2016-10-21:12 AM",60.8443
"2016-10-22:12 AM",62.8947
"2016-10-23:12 AM",67.5237
"2016-10-24:12 AM",70.1773
"2016-10-25:12 AM",71.1678
"2016-10-26:12 AM",71.3908
"2016-10-27:12 AM",70.6714
"2016-10-28:12 AM",70.8903
"2016-10-29:12 AM",71.6554
"2016-10-30:12 AM",71.0094
"2016-10-31:12 AM",71.0229
"2016-11-01:12 AM",73.4349
"2016-11-02:12 AM",73.5402
"2016-11-03:12 AM",69.1567
"2016-11-04:12 AM",65.6128
"2016-11-05:12 AM",64.2448
"2016-11-06:12 AM",64.4821
"2016-11-07:12 AM",65.3932
"2016-11-08:12 AM",61.5063
"2016-11-09:12 AM",57.506
"2016-11-10:12 AM",57.1458
"2016-11-11:12 AM",58.0642
"2016-11-12:12 AM",57.4903
"2016-11-13:12 AM",57.7342
"2016-11-14:12 AM",60.7185
"2016-11-15:12 AM",63.1135
"2016-11-16:12 AM",65.1618
"2016-11-17:12 AM",66.3721
"2016-11-18:12 AM",60.2335
"2016-11-19:12 AM",46.4869
"2016-11-20:12 AM",49.0784
"2016-11-21:12 AM",56.6632
"2016-11-22:12 AM",63.7632
"2016-11-23:12 AM",57.2927
"2016-11-24:12 AM",56.2161
"2016-11-25:12 AM",55.6543
"2016-11-26:12 AM",54.8157
"2016-11-27:12 AM",60.3516
"2016-11-28:12 AM",61.412
"2016-11-29:12 AM",56.8753
"2016-11-30:12 AM",49.9408
"2016-12-01:12 AM",48.7348
"2016-12-02:12 AM",52.5839
"2016-12-03:12 AM",49.4632
"2016-12-04:12 AM",46.7974
"2016-12-05:12 AM",47.1951
"2016-12-06:12 AM",47.8913
"2016-12-07:12 AM",44.7949
"2016-12-08:12 AM",36.8508
"2016-12-09:12 AM",33.4971
"2016-12-10:12 AM",40.2606
"2016-12-11:12 AM",54.3114
"2016-12-12:12 AM",52.1881
"2016-12-13:12 AM",54.3915
"2016-12-14:12 AM",49.3246
"2016-12-15:12 AM",44.5413
"2016-12-16:12 AM",56.3022
"2016-12-17:12 AM",58.2993
"2016-12-18:12 AM",28.0735
"2016-12-19:12 AM",28.8151
"2016-12-20:12 AM",39.6684
"2016-12-21:12 AM",50.742
"2016-12-22:12 AM",50.1019
"2016-12-23:12 AM",53.2661
"2016-12-24:12 AM",60.3707
"2016-12-25:12 AM",63.4039
"2016-12-26:12 AM",59.7697
"2016-12-27:12 AM",57.5769
"2016-12-28:12 AM",63.4683
"2016-12-29:12 AM",53.6398
"2016-12-30:12 AM",46.9531
"2016-12-31:12 AM",53.821
"2017-01-01:12 AM",56.3664
"2017-01-02:12 AM",58.804
"2017-01-03:12 AM",53.7226
"2017-01-04:12 AM",42.0033
"2017-01-05:12 AM",42.7827
"2017-01-06:12 AM",27.7817
"2017-01-07:12 AM",24.8988
"2017-01-08:12 AM",33.6083
"2017-01-09:12 AM",48.3139
"2017-01-10:12 AM",61.1647
"2017-01-11:12 AM",63.4296
"2017-01-12:12 AM",62.5489
"2017-01-13:12 AM",55.4256
"2017-01-14:12 AM",51.7865
"2017-01-15:12 AM",53.3548
"2017-01-16:12 AM",54.4041
"2017-01-17:12 AM",50.8165
"2017-01-18:12 AM",50.2493
"2017-01-19:12 AM",52.9309
"2017-01-20:12 AM",56.6053
"2017-01-21:12 AM",57.5688
"2017-01-22:12 AM",52.8339
"2017-01-23:12 AM",52.8688
"2017-01-24:12 AM",60.1716
"2017-01-25:12 AM",53.3365
"2017-01-26:12 AM",43.2851
"2017-01-27:12 AM",41.734
"2017-01-28:12 AM",42.541
"2017-01-29:12 AM",48.0216
"2017-01-30:12 AM",54.1758
"2017-01-31:12 AM",57.2963
"2017-02-01:12 AM",59.2142
"2017-02-02:12 AM",49.7334
"2017-02-03:12 AM",43.9957
"2017-02-04:12 AM",48.1723
"2017-02-05:12 AM",57.918
"2017-02-06:12 AM",64.6137
"2017-02-07:12 AM",65.9062
"2017-02-08:12 AM",64.9384
"2017-02-09:12 AM",54.423
"2017-02-10:12 AM",61.8895
"2017-02-11:12 AM",70.835
"2017-02-12:12 AM",64.6354
"2017-02-13:12 AM",54.2971
"2017-02-14:12 AM",49.3938
"2017-02-15:12 AM",46.6223
"2017-02-16:12 AM",50.1867
"2017-02-17:12 AM",57.1424
"2017-02-18:12 AM",62.2045
"2017-02-19:12 AM",64.1404
"2017-02-20:12 AM",60.6614
"2017-02-21:12 AM",60.5208
"2017-02-22:12 AM",65.1258
"2017-02-23:12 AM",68.2749
"2017-02-24:12 AM",60.2253
"2017-02-25:12 AM",48.9204
"2017-02-26:12 AM",55.0645
"2017-02-27:12 AM",64.6849
"2017-02-28:12 AM",69.8934
"2017-03-01:12 AM",61.3641
"2017-03-02:12 AM",52.2358
"2017-03-03:12 AM",53.4529
"2017-03-04:12 AM",55.7206
"2017-03-05:12 AM",61.6554
"2017-03-06:12 AM",67.9701
"2017-03-07:12 AM",62.4981
"2017-03-08:12 AM",60.1446
"2017-03-09:12 AM",67.5014
"2017-03-10:12 AM",64.6306
"2017-03-11:12 AM",61.396
"2017-03-12:12 AM",52.3681
"2017-03-13:12 AM",54.8757
"2017-03-14:12 AM",55.8288
"2017-03-15:12 AM",57.2464
"2017-03-16:12 AM",64.5348
"2017-03-17:12 AM",69.7865
"2017-03-18:12 AM",69.672
"2017-03-19:12 AM",72.151
"2017-03-20:12 AM",73.15
"2017-03-21:12 AM",71.7602
"2017-03-22:12 AM",69.4944
"2017-03-23:12 AM",70.8373
"2017-03-24:12 AM",66.8068
"2017-03-25:12 AM",64.0634
"2017-03-26:12 AM",68.4181
"2017-03-27:12 AM",68.7871
"2017-03-28:12 AM",68.4293
"2017-03-29:12 AM",63.9433
"2017-03-30:12 AM",62.3667
"2017-03-31:12 AM",67.5082
"2017-04-01:12 AM",65.5779
"2017-04-02:12 AM",60.5178
"2017-04-03:12 AM",63.9687
"2017-04-04:12 AM",67.5858
"2017-04-05:12 AM",59.0149
"2017-04-06:12 AM",60.0494
"2017-04-07:12 AM",64.1748
"2017-04-08:12 AM",70.1838
"2017-04-09:12 AM",72.0273
"2017-04-10:12 AM",70.3485
"2017-04-11:12 AM",67.8504
"2017-04-12:12 AM",66.6496
"2017-04-13:12 AM",68.4408
"2017-04-14:12 AM",69.4881
"2017-04-15:12 AM",71.7838
"2017-04-16:12 AM",72.2379
"2017-04-17:12 AM",71.6628
"2017-04-18:12 AM",71.3046
"2017-04-19:12 AM",73.3044
"2017-04-20:12 AM",73.7307
"2017-04-21:12 AM",73.8883
"2017-04-22:12 AM",61.372
"2017-04-23:12 AM",59.2237
"2017-04-24:12 AM",66.3858
"2017-04-25:12 AM",74.5691
"2017-04-26:12 AM",70.8948
"2017-04-27:12 AM",67.381
"2017-04-28:12 AM",76.3165
"2017-04-29:12 AM",69.0708
"2017-04-30:12 AM",58.6603
"2017-05-01:12 AM",65.1893
"2017-05-02:12 AM",72.1756
"2017-05-03:12 AM",71.5516
"2017-05-04:12 AM",63.9338
"2017-05-05:12 AM",66.1521
"2017-05-06:12 AM",71.2171
"2017-05-07:12 AM",73.726
"2017-05-08:12 AM",70.8991
"2017-05-09:12 AM",71.2063
"2017-05-10:12 AM",74.1331
"2017-05-11:12 AM",72.9914
"2017-05-12:12 AM",70.6804
"2017-05-13:12 AM",71.825
"2017-05-14:12 AM",76.6119
"2017-05-15:12 AM",78.0944
"2017-05-16:12 AM",76.8384
"2017-05-17:12 AM",76.179
"2017-05-18:12 AM",78.3991
"2017-05-19:12 AM",76.9631
"2017-05-20:12 AM",71.6889
"2017-05-21:12 AM",68.8363
"2017-05-22:12 AM",68.1208
"2017-05-23:12 AM",66.9456
"2017-05-24:12 AM",67.6207
"2017-05-25:12 AM",77.373
"2017-05-26:12 AM",82.2706
"2017-05-27:12 AM",84.1087
"2017-05-28:12 AM",78.5458
"2017-05-29:12 AM",74.509
"2017-05-30:12 AM",75.1863
"2017-05-31:12 AM",75.0862
"2017-06-01:12 AM",74.3596
"2017-06-02:12 AM",75.7929
"2017-06-03:12 AM",76.2564
"2017-06-04:12 AM",76.5311
"2017-06-05:12 AM",77.6536
"2017-06-06:12 AM",78.708
"2017-06-07:12 AM",78.7312
"2017-06-08:12 AM",79.2133
"2017-06-09:12 AM",79.8685
"2017-06-10:12 AM",81.4577
"2017-06-11:12 AM",82.6178
"2017-06-12:12 AM",83.2132
"2017-06-13:12 AM",83.3108
"2017-06-14:12 AM",84.8322
"2017-06-15:12 AM",86.4619
"2017-06-16:12 AM",87.5473
"2017-06-17:12 AM",88.8478
"2017-06-18:12 AM",85.8897
"2017-06-19:12 AM",83.2638
"2017-06-20:12 AM",84.2522
"2017-06-21:12 AM",84.3098
"2017-06-22:12 AM",85.0937
"2017-06-23:12 AM",87.8995
"2017-06-24:12 AM",78.8549
"2017-06-25:12 AM",77.0529
"2017-06-26:12 AM",77.3121
"2017-06-27:12 AM",78.5581
"2017-06-28:12 AM",81.1931
"2017-06-29:12 AM",85.0332
"2017-06-30:12 AM",86.0171
"2017-07-01:12 AM",83.4264
"2017-07-02:12 AM",84.2553
"2017-07-03:12 AM",85.6553
"2017-07-04:12 AM",85.9262
"2017-07-05:12 AM",83.9493
"2017-07-06:12 AM",81.9905
"2017-07-07:12 AM",82.8997
"2017-07-08:12 AM",83.7423
"2017-07-09:12 AM",83.3376
"2017-07-10:12 AM",83.6186
"2017-07-11:12 AM",85.1299
"2017-07-12:12 AM",83.6645
"2017-07-13:12 AM",82.9137
"2017-07-14:12 AM",82.674
"2017-07-15:12 AM",83.4622
"2017-07-16:12 AM",82.7389
"2017-07-17:12 AM",82.4389
"2017-07-18:12 AM",83.9874
"2017-07-19:12 AM",85.0456
"2017-07-20:12 AM",86.3155
"2017-07-21:12 AM",86.898
"2017-07-22:12 AM",86.7259
"2017-07-23:12 AM",85.7581
"2017-07-24:12 AM",83.7455
"2017-07-25:12 AM",85.3011
"2017-07-26:12 AM",86.8842
"2017-07-27:12 AM",86.5562
"2017-07-28:12 AM",87.1032
"2017-07-29:12 AM",87.249
"2017-07-30:12 AM",85.5682
"2017-07-31:12 AM",82.7602
"2017-08-01:12 AM",80.8799
"2017-08-02:12 AM",77.72
"2017-08-03:12 AM",79.0884
"2017-08-04:12 AM",81.6271
"2017-08-05:12 AM",84.3357
"2017-08-06:12 AM",84.6185
"2017-08-07:12 AM",79.9727
"2017-08-08:12 AM",77.907
"2017-08-09:12 AM",80.1592
"2017-08-10:12 AM",83.0289
"2017-08-11:12 AM",83.4793
"2017-08-12:12 AM",82.801
"2017-08-13:12 AM",82.1298
"2017-08-14:12 AM",83.2015
"2017-08-15:12 AM",82.5201
"2017-08-16:12 AM",83.5648
"2017-08-17:12 AM",84.5515
"2017-08-18:12 AM",84.4957
"2017-08-19:12 AM",85.0667
"2017-08-20:12 AM",84.8617
"2017-08-21:12 AM",83.5495
"2017-08-22:12 AM",83.8314
"2017-08-23:12 AM",81.2869
"2017-08-24:12 AM",79.3603
"2017-08-25:12 AM",77.4761
"2017-08-26:12 AM",75.9087
"2017-08-27:12 AM",75.4443
"2017-08-28:12 AM",75.2623
"2017-08-29:12 AM",75.2079
"2017-08-30:12 AM",75.7432
"2017-08-31:12 AM",76.8898
"2017-09-01:12 AM",78.2206
"2017-09-02:12 AM",80.0348
"2017-09-03:12 AM",80.2767
"2017-09-04:12 AM",80.5771
"2017-09-05:12 AM",78.9595
"2017-09-06:12 AM",74.2753
"2017-09-07:12 AM",72.3911
"2017-09-08:12 AM",72.7857
"2017-09-09:12 AM",73.4436
"2017-09-10:12 AM",73.4207
"2017-09-11:12 AM",73.526
"2017-09-12:12 AM",74.7262
"2017-09-13:12 AM",78.4425
"2017-09-14:12 AM",81.8031
"2017-09-15:12 AM",82.3656
"2017-09-16:12 AM",80.9056
"2017-09-17:12 AM",80.2116
"2017-09-18:12 AM",81.1542
"2017-09-19:12 AM",83.1007
"2017-09-20:12 AM",82.7751
"2017-09-21:12 AM",82.8207
"2017-09-22:12 AM",81.0275
"2017-09-23:12 AM",78.8502
"2017-09-24:12 AM",76.5084
"2017-09-25:12 AM",74.7207
"2017-09-26:12 AM",72.1976
"2017-09-27:12 AM",69.7667
"2017-09-28:12 AM",68.4808
"2017-09-29:12 AM",67.4415
"2017-09-30:12 AM",68.2678
"2017-10-01:12 AM",71.0177
"2017-10-02:12 AM",74.8238
"2017-10-03:12 AM",75.3035
"2017-10-04:12 AM",74.4544
"2017-10-05:12 AM",74.4022
"2017-10-06:12 AM",74.6125
"2017-10-07:12 AM",71.8549
"2017-10-08:12 AM",72.0266
"2017-10-09:12 AM",74.219
"2017-10-10:12 AM",61.0165
"2017-10-11:12 AM",60.3774
"2017-10-12:12 AM",69.5032
"2017-10-13:12 AM",75.7558
"2017-10-14:12 AM",76.5511
"2017-10-15:12 AM",66.9452
"2017-10-16:12 AM",58.5711
"2017-10-17:12 AM",59.9445
"2017-10-18:12 AM",64.2853
"2017-10-19:12 AM",67.3734
"2017-10-20:12 AM",69.917
"2017-10-21:12 AM",72.9687
"2017-10-22:12 AM",65.4319
"2017-10-23:12 AM",62.8155
"2017-10-24:12 AM",60.3833
"2017-10-25:12 AM",59.1888
"2017-10-26:12 AM",65.7869
"2017-10-27:12 AM",54.7876
"2017-10-28:12 AM",46.2277
"2017-10-29:12 AM",53.0546
"2017-10-30:12 AM",58.4818
"2017-10-31:12 AM",53.8012
"2017-11-01:12 AM",62.7771
"2017-11-02:12 AM",71.0542
"2017-11-03:12 AM",67.6573
"2017-11-04:12 AM",71.5386
"2017-11-05:12 AM",73.0841
"2017-11-06:12 AM",69.3669
"2017-11-07:12 AM",62.847
"2017-11-08:12 AM",48.751
"2017-11-09:12 AM",47.5918
"2017-11-10:12 AM",51.8182
"2017-11-11:12 AM",58.5934
"2017-11-12:12 AM",60.6429
"2017-11-13:12 AM",60.3383
"2017-11-14:12 AM",63.9295
"2017-11-15:12 AM",64.5944
"2017-11-16:12 AM",63.0795
"2017-11-17:12 AM",69.1635
"2017-11-18:12 AM",64.5993
"2017-11-19:12 AM",49.2418
"2017-11-20:12 AM",50.8777
"2017-11-21:12 AM",57.2079
"2017-11-22:12 AM",51.163
"2017-11-23:12 AM",51.2933
"2017-11-24:12 AM",57.9418
"2017-11-25:12 AM",60.3984
"2017-11-26:12 AM",58.5509
"2017-11-27:12 AM",60.5127
"2017-11-28:12 AM",61.8037
"2017-11-29:12 AM",56.0215
"2017-11-30:12 AM",55.6286
"2017-12-01:12 AM",57.1456
"2017-12-02:12 AM",61.2023
"2017-12-03:12 AM",64.1534
"2017-12-04:12 AM",66.0247
"2017-12-05:12 AM",53.3626
"2017-12-06:12 AM",42.6974
"2017-12-07:12 AM",36.4105
"2017-12-08:12 AM",34.507
"2017-12-09:12 AM",43.1163
"2017-12-10:12 AM",46.9476
"2017-12-11:12 AM",51.7771
"2017-12-12:12 AM",49.0692
"2017-12-13:12 AM",48.8597
"2017-12-14:12 AM",49.8439
"2017-12-15:12 AM",44.7076
"2017-12-16:12 AM",45.1904
"2017-12-17:12 AM",46.2362
"2017-12-18:12 AM",50.8759
"2017-12-19:12 AM",57.2221
"2017-12-20:12 AM",55.8594
"2017-12-21:12 AM",59.545
"2017-12-22:12 AM",52.7023
"2017-12-23:12 AM",43.302
"2017-12-24:12 AM",45.1063
"2017-12-25:12 AM",39.8523
"2017-12-26:12 AM",42.3311
"2017-12-27:12 AM",35.352
"2017-12-28:12 AM",36.7767
"2017-12-29:12 AM",43.1521
"2017-12-30:12 AM",44.5953
"2017-12-31:12 AM",35.4034
"2018-01-01:12 AM",23.7207
"2018-01-02:12 AM",24.1851
"2018-01-03:12 AM",30.9164
"2018-01-04:12 AM",37.6606
"2018-01-05:12 AM",43.2342
"2018-01-06:12 AM",47.1385
"2018-01-07:12 AM",54.9142
"2018-01-08:12 AM",51.2483
"2018-01-09:12 AM",52.5592
"2018-01-10:12 AM",56.6573
"2018-01-11:12 AM",52.8165
"2018-01-12:12 AM",39.6108
"2018-01-13:12 AM",37.3885
"2018-01-14:12 AM",40.7376
"2018-01-15:12 AM",45.4372
"2018-01-16:12 AM",28.292
"2018-01-17:12 AM",25.2399
"2018-01-18:12 AM",32.6752
"2018-01-19:12 AM",42.309
"2018-01-20:12 AM",54.1395
"2018-01-21:12 AM",58.0068
"2018-01-22:12 AM",49.5068
"2018-01-23:12 AM",44.8603
"2018-01-24:12 AM",45.3193
"2018-01-25:12 AM",47.662
"2018-01-26:12 AM",52.8251
"2018-01-27:12 AM",54.4114
"2018-01-28:12 AM",50.7432
"2018-01-29:12 AM",47.8402
"2018-01-30:12 AM",48.5272
"2018-01-31:12 AM",55.463
"2018-02-01:12 AM",55.7218
"2018-02-02:12 AM",46.8027
"2018-02-03:12 AM",51.4216
"2018-02-04:12 AM",55.3554
"2018-02-05:12 AM",47.6218
"2018-02-06:12 AM",49.2112
"2018-02-07:12 AM",42.6459
"2018-02-08:12 AM",43.9974
"2018-02-09:12 AM",53.4551
"2018-02-10:12 AM",49.8324
"2018-02-11:12 AM",38.2687
"2018-02-12:12 AM",38.1466
"2018-02-13:12 AM",44.6328
"2018-02-14:12 AM",57.5287
"2018-02-15:12 AM",66.7751
"2018-02-16:12 AM",59.5697
"2018-02-17:12 AM",56.9806
"2018-02-18:12 AM",59.3807
"2018-02-19:12 AM",67.1281
"2018-02-20:12 AM",65.1596
"2018-02-21:12 AM",45.5479
"2018-02-22:12 AM",42.6124
"2018-02-23:12 AM",51.9035
"2018-02-24:12 AM",59.6201
"2018-02-25:12 AM",55.1989
"2018-02-26:12 AM",54.4239
"2018-02-27:12 AM",62.01
"2018-02-28:12 AM",66.9157
"2018-03-01:12 AM",59.1811
"2018-03-02:12 AM",55.8394
"2018-03-03:12 AM",61.149
"2018-03-04:12 AM",65.8674
"2018-03-05:12 AM",64.1804
"2018-03-06:12 AM",54.2298
"2018-03-07:12 AM",49.8414
"2018-03-08:12 AM",54.802
"2018-03-09:12 AM",60.7383
"2018-03-10:12 AM",67.019
"2018-03-11:12 AM",61.3656
"2018-03-12:12 AM",51.008
"2018-03-13:12 AM",52.5942
"2018-03-14:12 AM",53.809
"2018-03-15:12 AM",60.2665
"2018-03-16:12 AM",67.1169
"2018-03-17:12 AM",66.6448
"2018-03-18:12 AM",67.8693
"2018-03-19:12 AM",63.6996
"2018-03-20:12 AM",55.515
"2018-03-21:12 AM",58.7545
"2018-03-22:12 AM",64.5751
"2018-03-23:12 AM",69.6049
"2018-03-24:12 AM",71.6779
"2018-03-25:12 AM",72.7018
"2018-03-26:12 AM",72.1629
"2018-03-27:12 AM",66.4644
"2018-03-28:12 AM",61.8042
"2018-03-29:12 AM",62.4456
"2018-03-30:12 AM",60.3205
"2018-03-31:12 AM",66.7776
"2018-04-01:12 AM",64.2141
"2018-04-02:12 AM",63.3393
"2018-04-03:12 AM",69.3428
"2018-04-04:12 AM",55.0569
"2018-04-05:12 AM",63.5889
"2018-04-06:12 AM",70.0452
"2018-04-07:12 AM",50.4995
"2018-04-08:12 AM",53.6959
"2018-04-09:12 AM",58.9995
"2018-04-10:12 AM",60.4972
"2018-04-11:12 AM",66.6037
"2018-04-12:12 AM",73.8853
"2018-04-13:12 AM",73.1624
"2018-04-14:12 AM",58.0345
"2018-04-15:12 AM",55.5543
"2018-04-16:12 AM",63.9579
"2018-04-17:12 AM",72.7039
"2018-04-18:12 AM",68.8474
"2018-04-19:12 AM",62.8718
"2018-04-20:12 AM",61.1533
"2018-04-21:12 AM",62.7571
"2018-04-22:12 AM",60.391
"2018-04-23:12 AM",63.7932
"2018-04-24:12 AM",69.6294
"2018-04-25:12 AM",62.803
"2018-04-26:12 AM",61.4061
"2018-04-27:12 AM",64.7355
"2018-04-28:12 AM",68.2525
"2018-04-29:12 AM",70.2576
"2018-04-30:12 AM",69.818
"2018-05-01:12 AM",73.4283
"2018-05-02:12 AM",77.0031
"2018-05-03:12 AM",76.5016
"2018-05-04:12 AM",70.8483
"2018-05-05:12 AM",69.6261
"2018-05-06:12 AM",73.4457
"2018-05-07:12 AM",76.5043
"2018-05-08:12 AM",78.0208
"2018-05-09:12 AM",77.7594
"2018-05-10:12 AM",77.9389
"2018-05-11:12 AM",79.5841
"2018-05-12:12 AM",80.7883
"2018-05-13:12 AM",80.5581
"2018-05-14:12 AM",79.8246
"2018-05-15:12 AM",79.351
"2018-05-16:12 AM",79.9932
"2018-05-17:12 AM",81.7779
"2018-05-18:12 AM",82.1644
"2018-05-19:12 AM",80.7822
"2018-05-20:12 AM",75.4677
"2018-05-21:12 AM",75.24
"2018-05-22:12 AM",77.373
"2018-05-23:12 AM",78.9377
"2018-05-24:12 AM",79.9765
"2018-05-25:12 AM",83.68
"2018-05-26:12 AM",85.5435
"2018-05-27:12 AM",85.9417
"2018-05-28:12 AM",85.1045
"2018-05-29:12 AM",85.1427
"2018-05-30:12 AM",85.9428
"2018-05-31:12 AM",86.8555
"2018-06-01:12 AM",87.7082
"2018-06-02:12 AM",87.9741
"2018-06-03:12 AM",84.2491
"2018-06-04:12 AM",82.6633
"2018-06-05:12 AM",86.0176
"2018-06-06:12 AM",87.3919
"2018-06-07:12 AM",87.1531
"2018-06-08:12 AM",85.1074
"2018-06-09:12 AM",84.1703
"2018-06-10:12 AM",84.742
"2018-06-11:12 AM",87.2242
"2018-06-12:12 AM",87.6367
"2018-06-13:12 AM",85.5966
"2018-06-14:12 AM",84.8759
"2018-06-15:12 AM",84.5094
"2018-06-16:12 AM",83.6847
"2018-06-17:12 AM",81.2367
"2018-06-18:12 AM",81.0592
"2018-06-19:12 AM",80.7467
"2018-06-20:12 AM",80.6904
"2018-06-21:12 AM",83.532
"2018-06-22:12 AM",86.4484
"2018-06-23:12 AM",87.5273
"2018-06-24:12 AM",87.2308
"2018-06-25:12 AM",84.3584
"2018-06-26:12 AM",85.8006
"2018-06-27:12 AM",87.5053
"2018-06-28:12 AM",87.2892
"2018-06-29:12 AM",86.5195
"2018-06-30:12 AM",84.416
"2018-07-01:12 AM",85.87
"2018-07-02:12 AM",85.7478
"2018-07-03:12 AM",86.6444
"2018-07-04:12 AM",84.999
"2018-07-05:12 AM",81.5364
"2018-07-06:12 AM",80.904
"2018-07-07:12 AM",80.1405
"2018-07-08:12 AM",79.4199
"2018-07-09:12 AM",79.5969
"2018-07-10:12 AM",80.8857
"2018-07-11:12 AM",83.2217
"2018-07-12:12 AM",84.2562
"2018-07-13:12 AM",84.1294
"2018-07-14:12 AM",85.1877
"2018-07-15:12 AM",86.2135
"2018-07-16:12 AM",85.8088
"2018-07-17:12 AM",86.3757
"2018-07-18:12 AM",88.7895
"2018-07-19:12 AM",90.7666
"2018-07-20:12 AM",90.9891
"2018-07-21:12 AM",90.7331
"2018-07-22:12 AM",90.837
"2018-07-23:12 AM",90.493
"2018-07-24:12 AM",87.2555
"2018-07-25:12 AM",86.709
"2018-07-26:12 AM",85.7471
"2018-07-27:12 AM",84.6109
"2018-07-28:12 AM",85.7044
"2018-07-29:12 AM",87.8148
"2018-07-30:12 AM",86.605
"2018-07-31:12 AM",81.7142
"2018-08-01:12 AM",81.8794
"2018-08-02:12 AM",84.0276
"2018-08-03:12 AM",84.6097
"2018-08-04:12 AM",84.0088
"2018-08-05:12 AM",84.1905
"2018-08-06:12 AM",83.6227
"2018-08-07:12 AM",85.0987
"2018-08-08:12 AM",86.5735
"2018-08-09:12 AM",84.117
"2018-08-10:12 AM",80.8299
"2018-08-11:12 AM",78.2989
"2018-08-12:12 AM",77.4549
"2018-08-13:12 AM",78.9881
"2018-08-14:12 AM",81.1771
"2018-08-15:12 AM",84.0483
"2018-08-16:12 AM",85.7473
"2018-08-17:12 AM",86.122
"2018-08-18:12 AM",85.3763
"2018-08-19:12 AM",83.4202
"2018-08-20:12 AM",83.1956
"2018-08-21:12 AM",83.334
"2018-08-22:12 AM",83.4215
"2018-08-23:12 AM",85.0311
"2018-08-24:12 AM",86.2837
"2018-08-25:12 AM",86.4527
"2018-08-26:12 AM",85.5775
"2018-08-27:12 AM",86.0052
"2018-08-28:12 AM",86.4064
"2018-08-29:12 AM",84.8917
"2018-08-30:12 AM",84.7974
"2018-08-31:12 AM",85.1668
"2018-09-01:12 AM",84.1856
"2018-09-02:12 AM",81.2937
"2018-09-03:12 AM",77.8676
"2018-09-04:12 AM",77.5787
"2018-09-05:12 AM",78.4567
"2018-09-06:12 AM",76.8544
"2018-09-07:12 AM",75.5604
"2018-09-08:12 AM",74.0057
"2018-09-09:12 AM",72.4509
"2018-09-10:12 AM",71.6284
"2018-09-11:12 AM",72.4689
"2018-09-12:12 AM",75.0265
"2018-09-13:12 AM",76.6288
"2018-09-14:12 AM",76.6288
"2018-09-15:12 AM",75.2661
"2018-09-16:12 AM",75.6966
"2018-09-17:12 AM",77.2115
"2018-09-18:12 AM",78.4339
"2018-09-19:12 AM",78.9847
"2018-09-20:12 AM",77.3395
"2018-09-21:12 AM",74.5677
"2018-09-22:12 AM",69.4737
"2018-09-23:12 AM",69.2305
"2018-09-24:12 AM",72.9489
"2018-09-25:12 AM",76.0194
"2018-09-26:12 AM",70.198
"2018-09-27:12 AM",65.7518
"2018-09-28:12 AM",70.3704
"2018-09-29:12 AM",72.0374
"2018-09-30:12 AM",73.4976
"2018-10-01:12 AM",74.2341
"2018-10-02:12 AM",75.6819
"2018-10-03:12 AM",77.9947
"2018-10-04:12 AM",77.7713
"2018-10-05:12 AM",77.8548
"2018-10-06:12 AM",74.62
"2018-10-07:12 AM",73.2954
"2018-10-08:12 AM",72.5688
"2018-10-09:12 AM",69.4445
"2018-10-10:12 AM",63.4525
"2018-10-11:12 AM",61.4628
"2018-10-12:12 AM",66.5829
"2018-10-13:12 AM",68.0205
"2018-10-14:12 AM",67.7804
"2018-10-15:12 AM",47.6685
"2018-10-16:12 AM",45.7939
"2018-10-17:12 AM",50.0011
"2018-10-18:12 AM",52.4709
"2018-10-19:12 AM",58.1157
"2018-10-20:12 AM",60.5687
"2018-10-21:12 AM",57.0742
"2018-10-22:12 AM",56.6125
"2018-10-23:12 AM",57.0978
"2018-10-24:12 AM",55.843
"2018-10-25:12 AM",57.4677
"2018-10-26:12 AM",60.4398
"2018-10-27:12 AM",63.934
"2018-10-28:12 AM",65.242
"2018-10-29:12 AM",66.3202
"2018-10-30:12 AM",68.4502
"2018-10-31:12 AM",62.7746
"2018-11-01:12 AM",53.0497
"2018-11-02:12 AM",54.4363
"2018-11-03:12 AM",59.4712
"2018-11-04:12 AM",57.3744
"2018-11-05:12 AM",62.8963
"2018-11-06:12 AM",65.5812
"2018-11-07:12 AM",63.7714
"2018-11-08:12 AM",56.7615
"2018-11-09:12 AM",48.3408
"2018-11-10:12 AM",44.2915
"2018-11-11:12 AM",47.2165
"2018-11-12:12 AM",43.0466
"2018-11-13:12 AM",33.0465
"2018-11-14:12 AM",35.9407
"2018-11-15:12 AM",43.5736
"2018-11-16:12 AM",49.6119
"2018-11-17:12 AM",52.3582
"2018-11-18:12 AM",47.1011
"2018-11-19:12 AM",43.7751
"2018-11-20:12 AM",45.3288
"2018-11-21:12 AM",46.1979
"2018-11-22:12 AM",49.4053
"2018-11-23:12 AM",55.899
"2018-11-24:12 AM",57.2218
"2018-11-25:12 AM",54.9243
"2018-11-26:12 AM",42.0577
"2018-11-27:12 AM",45.2556
"2018-11-28:12 AM",53.3714
"2018-11-29:12 AM",60.433
"2018-11-30:12 AM",62.1273
"2018-12-01:12 AM",58.6416
"2018-12-02:12 AM",52.4143
"2018-12-03:12 AM",47.7664
"2018-12-04:12 AM",42.6285
"2018-12-05:12 AM",44.6617
"2018-12-06:12 AM",50.4154
"2018-12-07:12 AM",47.2897
"2018-12-08:12 AM",40.8173
"2018-12-09:12 AM",38.9367
"2018-12-10:12 AM",41.0086
"2018-12-11:12 AM",45.8625
"2018-12-12:12 AM",52.554
"2018-12-13:12 AM",52.4215
"2018-12-14:12 AM",42.6848
"2018-12-15:12 AM",44.9305
"2018-12-16:12 AM",48.9123
"2018-12-17:12 AM",49.9084
"2018-12-18:12 AM",50.0058
"2018-12-19:12 AM",52.2869
"2018-12-20:12 AM",49.6621
"2018-12-21:12 AM",47.622
"2018-12-22:12 AM",54.1049
"2018-12-23:12 AM",49.5718
"2018-12-24:12 AM",48.639
"2018-12-25:12 AM",55.2403
"2018-12-26:12 AM",59.3107
"2018-12-27:12 AM",52.2018
"2018-12-28:12 AM",41.207
"2018-12-29:12 AM",36.2446
"2018-12-30:12 AM",37.6225
"2018-12-31:12 AM",43.3776
"2019-01-01:12 AM",38.1857
"2019-01-02:12 AM",35.4871
"2019-01-03:12 AM",37.9571
"2019-01-04:12 AM",42.5914
"2019-01-05:12 AM",48.9049
"2019-01-06:12 AM",55.6306
"2019-01-07:12 AM",59.4999
"2019-01-08:12 AM",55.7319
"2019-01-09:12 AM",48.5757
"2019-01-10:12 AM",48.4765
"2019-01-11:12 AM",51.935
"2019-01-12:12 AM",49.0426
"2019-01-13:12 AM",41.0788
"2019-01-14:12 AM",40.6058
"2019-01-15:12 AM",44.5447
"2019-01-16:12 AM",51.053
"2019-01-17:12 AM",54.8857
"2019-01-18:12 AM",57.1897
"2019-01-19:12 AM",46.4695
"2019-01-20:12 AM",40.9939
"2019-01-21:12 AM",48.6687
"2019-01-22:12 AM",54.6681
"2019-01-23:12 AM",40.4838
"2019-01-24:12 AM",42.564
"2019-01-25:12 AM",42.3844
"2019-01-26:12 AM",46.2452
"2019-01-27:12 AM",47.8882
"2019-01-28:12 AM",49.7694
"2019-01-29:12 AM",39.4579
"2019-01-30:12 AM",41.3976
"2019-01-31:12 AM",48.2207
"2019-02-01:12 AM",54.4489
"2019-02-02:12 AM",57.8332
"2019-02-03:12 AM",60.6511
"2019-02-04:12 AM",63.7905
"2019-02-05:12 AM",64.4088
"2019-02-06:12 AM",66.3714
"2019-02-07:12 AM",53.9456
"2019-02-08:12 AM",34.4115
"2019-02-09:12 AM",35.5627
"2019-02-10:12 AM",43.0282
"2019-02-11:12 AM",53.0353
"2019-02-12:12 AM",49.9408
"2019-02-13:12 AM",49.7732
"2019-02-14:12 AM",60.5208
"2019-02-15:12 AM",63.8071
"2019-02-16:12 AM",54.1792
"2019-02-17:12 AM",52.057
"2019-02-18:12 AM",43.5942
"2019-02-19:12 AM",39.43
"2019-02-20:12 AM",43.7148
"2019-02-21:12 AM",49.9847
"2019-02-22:12 AM",52.2392
"2019-02-23:12 AM",55.5971
"2019-02-24:12 AM",47.9275
"2019-02-25:12 AM",51.5674
"2019-02-26:12 AM",57.3534
"2019-02-27:12 AM",58.7278
"2019-02-28:12 AM",49.4004
"2019-03-01:12 AM",51.6384
"2019-03-02:12 AM",52.286
"2019-03-03:12 AM",45.3186
"2019-03-04:12 AM",30.5947
"2019-03-05:12 AM",33.2492
"2019-03-06:12 AM",41.5123
"2019-03-07:12 AM",56.8603
"2019-03-08:12 AM",66.3337
"2019-03-09:12 AM",66.2659
"2019-03-10:12 AM",59.4054
"2019-03-11:12 AM",57.063
"2019-03-12:12 AM",61.4451
"2019-03-13:12 AM",63.1749
"2019-03-14:12 AM",57.4795
"2019-03-15:12 AM",48.6939