"DateTime","(deg F) Mean Temperature (CFSR) at Virginia, 2010-01-01 to 2019-03-14"
"2010-01-01:12 AM",33.8407
"2010-01-02:12 AM",22.1713
"2010-01-03:12 AM",18.3974
"2010-01-04:12 AM",21.1581
"2010-01-05:12 AM",23.9011
"2010-01-06:12 AM",25.4021
"2010-01-07:12 AM",26.654
"2010-01-08:12 AM",23.6435
"2010-01-09:12 AM",22.1092
"2010-01-10:12 AM",21.286
"2010-01-11:12 AM",25.0291
"2010-01-12:12 AM",27.1668
"2010-01-13:12 AM",27.4923
"2010-01-14:12 AM",33.6178
"2010-01-15:12 AM",37.3492
"2010-01-16:12 AM",40.2751
"2010-01-17:12 AM",41.9954
"2010-01-18:12 AM",41.2923
"2010-01-19:12 AM",43.9475
"2010-01-20:12 AM",42.2895
"2010-01-21:12 AM",35.6016
"2010-01-22:12 AM",35.672
"2010-01-23:12 AM",35.5681
"2010-01-24:12 AM",41.614
"2010-01-25:12 AM",50.8156
"2010-01-26:12 AM",35.3757
"2010-01-27:12 AM",31.5905
"2010-01-28:12 AM",35.5307
"2010-01-29:12 AM",26.5842
"2010-01-30:12 AM",20.4301
"2010-01-31:12 AM",24.4146
"2010-02-01:12 AM",29.1796
"2010-02-02:12 AM",32.6446
"2010-02-03:12 AM",33.4148
"2010-02-04:12 AM",32.8446
"2010-02-05:12 AM",32.4833
"2010-02-06:12 AM",31.1986
"2010-02-07:12 AM",27.462
"2010-02-08:12 AM",27.5898
"2010-02-09:12 AM",31.0678
"2010-02-10:12 AM",26.8502
"2010-02-11:12 AM",29.1018
"2010-02-12:12 AM",28.0405
"2010-02-13:12 AM",28.4992
"2010-02-14:12 AM",28.2963
"2010-02-15:12 AM",30.8584
"2010-02-16:12 AM",26.7816
"2010-02-17:12 AM",28.2771
"2010-02-18:12 AM",31.6987
"2010-02-19:12 AM",33.2339
"2010-02-20:12 AM",34.7896
"2010-02-21:12 AM",39.4205
"2010-02-22:12 AM",40.3466
"2010-02-23:12 AM",40.8906
"2010-02-24:12 AM",35.8914
"2010-02-25:12 AM",31.1677
"2010-02-26:12 AM",30.3417
"2010-02-27:12 AM",33.0831
"2010-02-28:12 AM",33.1853
"2010-03-01:12 AM",35.4609
"2010-03-02:12 AM",35.0686
"2010-03-03:12 AM",35.1343
"2010-03-04:12 AM",34.4964
"2010-03-05:12 AM",33.7044
"2010-03-06:12 AM",34.8312
"2010-03-07:12 AM",38.12
"2010-03-08:12 AM",41.2102
"2010-03-09:12 AM",46.1817
"2010-03-10:12 AM",51.3576
"2010-03-11:12 AM",52.7778
"2010-03-12:12 AM",53.9836
"2010-03-13:12 AM",50.5875
"2010-03-14:12 AM",45.8073
"2010-03-15:12 AM",43.9954
"2010-03-16:12 AM",43.9997
"2010-03-17:12 AM",45.9369
"2010-03-18:12 AM",48.6671
"2010-03-19:12 AM",49.9708
"2010-03-20:12 AM",53.5633
"2010-03-21:12 AM",55.4603
"2010-03-22:12 AM",53.0294
"2010-03-23:12 AM",43.8782
"2010-03-24:12 AM",49.3534
"2010-03-25:12 AM",54.6661
"2010-03-26:12 AM",46.7118
"2010-03-27:12 AM",38.7864
"2010-03-28:12 AM",44.2017
"2010-03-29:12 AM",50.5242
"2010-03-30:12 AM",47.4193
"2010-03-31:12 AM",49.8414
"2010-04-01:12 AM",56.6141
"2010-04-02:12 AM",60.6513
"2010-04-03:12 AM",61.1731
"2010-04-04:12 AM",60.793
"2010-04-05:12 AM",64.4556
"2010-04-06:12 AM",70.2286
"2010-04-07:12 AM",69.9201
"2010-04-08:12 AM",64.8637
"2010-04-09:12 AM",49.8754
"2010-04-10:12 AM",48.4601
"2010-04-11:12 AM",55.4607
"2010-04-12:12 AM",57.4461
"2010-04-13:12 AM",54.7515
"2010-04-14:12 AM",49.8468
"2010-04-15:12 AM",55.5485
"2010-04-16:12 AM",66.1352
"2010-04-17:12 AM",57.6802
"2010-04-18:12 AM",46.8779
"2010-04-19:12 AM",47.8425
"2010-04-20:12 AM",53.6707
"2010-04-21:12 AM",53.5734
"2010-04-22:12 AM",55.9173
"2010-04-23:12 AM",58.0271
"2010-04-24:12 AM",59.3355
"2010-04-25:12 AM",63.9743
"2010-04-26:12 AM",59.5598
"2010-04-27:12 AM",52.891
"2010-04-28:12 AM",47.1342
"2010-04-29:12 AM",52.1776
"2010-04-30:12 AM",63.8283
"2010-05-01:12 AM",71.202
"2010-05-02:12 AM",76.2811
"2010-05-03:12 AM",72.1922
"2010-05-04:12 AM",68.3569
"2010-05-05:12 AM",67.6904
"2010-05-06:12 AM",70.6557
"2010-05-07:12 AM",66.1897
"2010-05-08:12 AM",67.5154
"2010-05-09:12 AM",51.5608
"2010-05-10:12 AM",50.103
"2010-05-11:12 AM",53.1658
"2010-05-12:12 AM",68.2095
"2010-05-13:12 AM",61.7223
"2010-05-14:12 AM",70.9747
"2010-05-15:12 AM",72.7498
"2010-05-16:12 AM",65.5461
"2010-05-17:12 AM",56.0388
"2010-05-18:12 AM",56.6098
"2010-05-19:12 AM",56.6978
"2010-05-20:12 AM",61.8867
"2010-05-21:12 AM",65.2894
"2010-05-22:12 AM",65.5162
"2010-05-23:12 AM",66.7794
"2010-05-24:12 AM",65.2941
"2010-05-25:12 AM",67.2661
"2010-05-26:12 AM",68.2333
"2010-05-27:12 AM",74.4789
"2010-05-28:12 AM",68.2237
"2010-05-29:12 AM",70.8759
"2010-05-30:12 AM",74.0746
"2010-05-31:12 AM",73.9056
"2010-06-01:12 AM",73.4862
"2010-06-02:12 AM",74.1281
"2010-06-03:12 AM",75.0841
"2010-06-04:12 AM",77.1445
"2010-06-05:12 AM",78.1389
"2010-06-06:12 AM",77.6116
"2010-06-07:12 AM",67.3394
"2010-06-08:12 AM",66.63
"2010-06-09:12 AM",68.8968
"2010-06-10:12 AM",75.4678
"2010-06-11:12 AM",73.2895
"2010-06-12:12 AM",76.4168
"2010-06-13:12 AM",79.5475
"2010-06-14:12 AM",79.3314
"2010-06-15:12 AM",75.5528
"2010-06-16:12 AM",75.8399
"2010-06-17:12 AM",75.8723
"2010-06-18:12 AM",72.579
"2010-06-19:12 AM",76.3689
"2010-06-20:12 AM",78.7318
"2010-06-21:12 AM",77.9198
"2010-06-22:12 AM",80.1486
"2010-06-23:12 AM",81.6831
"2010-06-24:12 AM",83.0646
"2010-06-25:12 AM",79.7049
"2010-06-26:12 AM",78.4231
"2010-06-27:12 AM",81.829
"2010-06-28:12 AM",83.1403
"2010-06-29:12 AM",79.3227
"2010-06-30:12 AM",72.3717
"2010-07-01:12 AM",67.6465
"2010-07-02:12 AM",66.6714
"2010-07-03:12 AM",69.4119
"2010-07-04:12 AM",74.8081
"2010-07-05:12 AM",78.778
"2010-07-06:12 AM",81.7921
"2010-07-07:12 AM",83.4456
"2010-07-08:12 AM",81.8665
"2010-07-09:12 AM",78.8932
"2010-07-10:12 AM",75.6786
"2010-07-11:12 AM",76.2134
"2010-07-12:12 AM",75.261
"2010-07-13:12 AM",76.3365
"2010-07-14:12 AM",76.8259
"2010-07-15:12 AM",79.9362
"2010-07-16:12 AM",82.1538
"2010-07-17:12 AM",83.0084
"2010-07-18:12 AM",80.4803
"2010-07-19:12 AM",79.4446
"2010-07-20:12 AM",81.6165
"2010-07-21:12 AM",81.2424
"2010-07-22:12 AM",81.6526
"2010-07-23:12 AM",83.7583
"2010-07-24:12 AM",85.9503
"2010-07-25:12 AM",86.2925
"2010-07-26:12 AM",79.792
"2010-07-27:12 AM",75.7359
"2010-07-28:12 AM",79.7436
"2010-07-29:12 AM",81.2763
"2010-07-30:12 AM",74.6173
"2010-07-31:12 AM",71.272
"2010-08-01:12 AM",71.0643
"2010-08-02:12 AM",72.1846
"2010-08-03:12 AM",76.6899
"2010-08-04:12 AM",81.1294
"2010-08-05:12 AM",83.7248
"2010-08-06:12 AM",78.8099
"2010-08-07:12 AM",74.9899
"2010-08-08:12 AM",74.2656
"2010-08-09:12 AM",78.15
"2010-08-10:12 AM",82.3509
"2010-08-11:12 AM",83.6073
"2010-08-12:12 AM",80.9074
"2010-08-13:12 AM",76.4148
"2010-08-14:12 AM",75.5958
"2010-08-15:12 AM",75.7274
"2010-08-16:12 AM",79.4971
"2010-08-17:12 AM",79.306
"2010-08-18:12 AM",74.7585
"2010-08-19:12 AM",71.7521
"2010-08-20:12 AM",75.1962
"2010-08-21:12 AM",76.435
"2010-08-22:12 AM",75.7814
"2010-08-23:12 AM",74.1807
"2010-08-24:12 AM",68.2763
"2010-08-25:12 AM",69.9877
"2010-08-26:12 AM",73.0454
"2010-08-27:12 AM",71.9955
"2010-08-28:12 AM",72.2901
"2010-08-29:12 AM",73.7575
"2010-08-30:12 AM",76.8942
"2010-08-31:12 AM",76.9901
"2010-09-01:12 AM",77.3827
"2010-09-02:12 AM",76.0822
"2010-09-03:12 AM",77.0689
"2010-09-04:12 AM",69.3561
"2010-09-05:12 AM",63.7408
"2010-09-06:12 AM",66.3978
"2010-09-07:12 AM",73.503
"2010-09-08:12 AM",75.256
"2010-09-09:12 AM",67.1504
"2010-09-10:12 AM",63.693
"2010-09-11:12 AM",63.0468
"2010-09-12:12 AM",67.4393
"2010-09-13:12 AM",67.1344
"2010-09-14:12 AM",71.4526
"2010-09-15:12 AM",69.6326
"2010-09-16:12 AM",73.6412
"2010-09-17:12 AM",73.5202
"2010-09-18:12 AM",65.3756
"2010-09-19:12 AM",67.9251
"2010-09-20:12 AM",68.5591
"2010-09-21:12 AM",67.0716
"2010-09-22:12 AM",76.2215
"2010-09-23:12 AM",76.2564
"2010-09-24:12 AM",77.9603
"2010-09-25:12 AM",74.9543
"2010-09-26:12 AM",65.172
"2010-09-27:12 AM",64.5228
"2010-09-28:12 AM",65.9896
"2010-09-29:12 AM",59.6239
"2010-09-30:12 AM",65.8837
"2010-10-01:12 AM",60.778
"2010-10-02:12 AM",54.9369
"2010-10-03:12 AM",52.5933
"2010-10-04:12 AM",51.456
"2010-10-05:12 AM",49.9669
"2010-10-06:12 AM",50.5305
"2010-10-07:12 AM",58.0518
"2010-10-08:12 AM",58.4105
"2010-10-09:12 AM",60.8349
"2010-10-10:12 AM",63.37
"2010-10-11:12 AM",66.9817
"2010-10-12:12 AM",67.1205
"2010-10-13:12 AM",61.635
"2010-10-14:12 AM",55.9173
"2010-10-15:12 AM",51.8333
"2010-10-16:12 AM",50.5139
"2010-10-17:12 AM",55.4526
"2010-10-18:12 AM",59.0742
"2010-10-19:12 AM",57.7899
"2010-10-20:12 AM",54.4143
"2010-10-21:12 AM",54.3504
"2010-10-22:12 AM",47.1097
"2010-10-23:12 AM",51.9085
"2010-10-24:12 AM",59.6799
"2010-10-25:12 AM",63.7767
"2010-10-26:12 AM",67.1214
"2010-10-27:12 AM",70.4772
"2010-10-28:12 AM",63.5378
"2010-10-29:12 AM",46.368
"2010-10-30:12 AM",45.8091
"2010-10-31:12 AM",52.5675
"2010-11-01:12 AM",45.3258
"2010-11-02:12 AM",41.801
"2010-11-03:12 AM",46.0265
"2010-11-04:12 AM",47.7585
"2010-11-05:12 AM",43.4714
"2010-11-06:12 AM",39.4752
"2010-11-07:12 AM",36.8348
"2010-11-08:12 AM",43.4295
"2010-11-09:12 AM",48.5308
"2010-11-10:12 AM",49.7253
"2010-11-11:12 AM",48.4027
"2010-11-12:12 AM",45.8661
"2010-11-13:12 AM",45.2795
"2010-11-14:12 AM",45.8335
"2010-11-15:12 AM",49.0858
"2010-11-16:12 AM",53.8734
"2010-11-17:12 AM",49.9087
"2010-11-18:12 AM",43.3321
"2010-11-19:12 AM",41.8447
"2010-11-20:12 AM",46.5897
"2010-11-21:12 AM",48.2362
"2010-11-22:12 AM",52.5934
"2010-11-23:12 AM",57.0175
"2010-11-24:12 AM",44.4142
"2010-11-25:12 AM",47.1115
"2010-11-26:12 AM",51.3196
"2010-11-27:12 AM",36.0954
"2010-11-28:12 AM",33.2267
"2010-11-29:12 AM",36.2359
"2010-11-30:12 AM",51.5869
"2010-12-01:12 AM",46.4619
"2010-12-02:12 AM",33.3579
"2010-12-03:12 AM",33.0811
"2010-12-04:12 AM",31.2152
"2010-12-05:12 AM",29.4802
"2010-12-06:12 AM",26.1909
"2010-12-07:12 AM",22.5761
"2010-12-08:12 AM",22.8148
"2010-12-09:12 AM",24.1144
"2010-12-10:12 AM",29.3808
"2010-12-11:12 AM",32.3287
"2010-12-12:12 AM",36.7873
"2010-12-13:12 AM",24.9055
"2010-12-14:12 AM",18.8647
"2010-12-15:12 AM",20.0957
"2010-12-16:12 AM",24.7483
"2010-12-17:12 AM",28.0782
"2010-12-18:12 AM",29.1162
"2010-12-19:12 AM",27.9219
"2010-12-20:12 AM",25.9302
"2010-12-21:12 AM",30.6142
"2010-12-22:12 AM",33.5496
"2010-12-23:12 AM",29.5594
"2010-12-24:12 AM",28.2526
"2010-12-25:12 AM",30.499
"2010-12-26:12 AM",26.3935
"2010-12-27:12 AM",25.0399
"2010-12-28:12 AM",27.8503
"2010-12-29:12 AM",29.8213
"2010-12-30:12 AM",32.9207
"2010-12-31:12 AM",39.4002
"2011-01-01:12 AM",43.9002
"2011-01-02:12 AM",43.9716
"2011-01-03:12 AM",29.6179
"2011-01-04:12 AM",33.1576
"2011-01-05:12 AM",31.2669
"2011-01-06:12 AM",30.3699
"2011-01-07:12 AM",30.1626
"2011-01-08:12 AM",25.7697
"2011-01-09:12 AM",20.0815
"2011-01-10:12 AM",23.9481
"2011-01-11:12 AM",27.1859
"2011-01-12:12 AM",25.113
"2011-01-13:12 AM",22.9294
"2011-01-14:12 AM",22.4811
"2011-01-15:12 AM",30.533
"2011-01-16:12 AM",33.2177
"2011-01-17:12 AM",32.6752
"2011-01-18:12 AM",35.0505
"2011-01-19:12 AM",38.7408
"2011-01-20:12 AM",34.2457
"2011-01-21:12 AM",27.6694
"2011-01-22:12 AM",21.3714
"2011-01-23:12 AM",22.0869
"2011-01-24:12 AM",23.5474
"2011-01-25:12 AM",33.3205
"2011-01-26:12 AM",34.2851
"2011-01-27:12 AM",27.6757
"2011-01-28:12 AM",30.6365
"2011-01-29:12 AM",31.9905
"2011-01-30:12 AM",36.8586
"2011-01-31:12 AM",33.0913
"2011-02-01:12 AM",35.5415
"2011-02-02:12 AM",42.6457
"2011-02-03:12 AM",29.3841
"2011-02-04:12 AM",32.5477
"2011-02-05:12 AM",36.1877
"2011-02-06:12 AM",34.1469
"2011-02-07:12 AM",37.0089
"2011-02-08:12 AM",32.8419
"2011-02-09:12 AM",26.5361
"2011-02-10:12 AM",26.5791
"2011-02-11:12 AM",26.184
"2011-02-12:12 AM",31.0253
"2011-02-13:12 AM",37.5591
"2011-02-14:12 AM",43.8237
"2011-02-15:12 AM",36.6091
"2011-02-16:12 AM",39.4795
"2011-02-17:12 AM",48.4455
"2011-02-18:12 AM",56.732
"2011-02-19:12 AM",45.6942
"2011-02-20:12 AM",38.4093
"2011-02-21:12 AM",50.1631
"2011-02-22:12 AM",35.8311
"2011-02-23:12 AM",33.9964
"2011-02-24:12 AM",37.7719
"2011-02-25:12 AM",46.5573
"2011-02-26:12 AM",37.2978
"2011-02-27:12 AM",48.0956
"2011-02-28:12 AM",57.7454
"2011-03-01:12 AM",38.7975
"2011-03-02:12 AM",40.9827
"2011-03-03:12 AM",34.3503
"2011-03-04:12 AM",36.5254
"2011-03-05:12 AM",46.3388
"2011-03-06:12 AM",49.0042
"2011-03-07:12 AM",36.8834
"2011-03-08:12 AM",36.9759
"2011-03-09:12 AM",40.4389
"2011-03-10:12 AM",49.6134
"2011-03-11:12 AM",38.1574
"2011-03-12:12 AM",43.6764
"2011-03-13:12 AM",49.8929
"2011-03-14:12 AM",42.8554
"2011-03-15:12 AM",41.205
"2011-03-16:12 AM",45.5787
"2011-03-17:12 AM",47.5896
"2011-03-18:12 AM",58.5678
"2011-03-19:12 AM",54.6832
"2011-03-20:12 AM",44.6389
"2011-03-21:12 AM",54.2309
"2011-03-22:12 AM",58.9188
"2011-03-23:12 AM",54.9484
"2011-03-24:12 AM",46.2299
"2011-03-25:12 AM",39.1741
"2011-03-26:12 AM",37.994
"2011-03-27:12 AM",34.7972
"2011-03-28:12 AM",34.7369
"2011-03-29:12 AM",38.6272
"2011-03-30:12 AM",39.2873
"2011-03-31:12 AM",39.9004
"2011-04-01:12 AM",39.6464
"2011-04-02:12 AM",42.1752
"2011-04-03:12 AM",45.7738
"2011-04-04:12 AM",60.4764
"2011-04-05:12 AM",51.5588
"2011-04-06:12 AM",46.0634
"2011-04-07:12 AM",55.5453
"2011-04-08:12 AM",52.1071
"2011-04-09:12 AM",49.4982
"2011-04-10:12 AM",54.8101
"2011-04-11:12 AM",66.461
"2011-04-12:12 AM",60.6663
"2011-04-13:12 AM",51.9759
"2011-04-14:12 AM",53.069
"2011-04-15:12 AM",54.8078
"2011-04-16:12 AM",55.7553
"2011-04-17:12 AM",50.7857
"2011-04-18:12 AM",59.5197
"2011-04-19:12 AM",65.1312
"2011-04-20:12 AM",67.545
"2011-04-21:12 AM",55.4009
"2011-04-22:12 AM",49.1988
"2011-04-23:12 AM",59.6619
"2011-04-24:12 AM",68.8338
"2011-04-25:12 AM",69.9467
"2011-04-26:12 AM",68.7706
"2011-04-27:12 AM",69.258
"2011-04-28:12 AM",64.8091
"2011-04-29:12 AM",57.8509
"2011-04-30:12 AM",55.8797
"2011-05-01:12 AM",56.6317
"2011-05-02:12 AM",64.3651
"2011-05-03:12 AM",67.6782
"2011-05-04:12 AM",51.5161
"2011-05-05:12 AM",50.0653
"2011-05-06:12 AM",53.9487
"2011-05-07:12 AM",57.1773
"2011-05-08:12 AM",58.7338
"2011-05-09:12 AM",60.4663
"2011-05-10:12 AM",60.496
"2011-05-11:12 AM",61.7769
"2011-05-12:12 AM",62.514
"2011-05-13:12 AM",63.7797
"2011-05-14:12 AM",64.0616
"2011-05-15:12 AM",62.9132
"2011-05-16:12 AM",60.0935
"2011-05-17:12 AM",58.0332
"2011-05-18:12 AM",58.4469
"2011-05-19:12 AM",59.1154
"2011-05-20:12 AM",61.7295
"2011-05-21:12 AM",65.8094
"2011-05-22:12 AM",69.1912
"2011-05-23:12 AM",72.9869
"2011-05-24:12 AM",73.2891
"2011-05-25:12 AM",72.8238
"2011-05-26:12 AM",75.798
"2011-05-27:12 AM",71.5384
"2011-05-28:12 AM",70.7729
"2011-05-29:12 AM",74.0278
"2011-05-30:12 AM",77.79
"2011-05-31:12 AM",79.2534
"2011-06-01:12 AM",79.3103
"2011-06-02:12 AM",74.874
"2011-06-03:12 AM",68.0967
"2011-06-04:12 AM",68.5641
"2011-06-05:12 AM",74.3068
"2011-06-06:12 AM",71.6063
"2011-06-07:12 AM",73.8928
"2011-06-08:12 AM",79.6681
"2011-06-09:12 AM",81.9378
"2011-06-10:12 AM",79.2649
"2011-06-11:12 AM",76.8177
"2011-06-12:12 AM",75.9211
"2011-06-13:12 AM",69.0937
"2011-06-14:12 AM",66.2812
"2011-06-15:12 AM",65.7729
"2011-06-16:12 AM",69.1293
"2011-06-17:12 AM",72.6008
"2011-06-18:12 AM",74.9784
"2011-06-19:12 AM",74.2014
"2011-06-20:12 AM",72.6141
"2011-06-21:12 AM",77.0466
"2011-06-22:12 AM",78.9049
"2011-06-23:12 AM",74.9167
"2011-06-24:12 AM",76.1117
"2011-06-25:12 AM",72.6802
"2011-06-26:12 AM",68.9346
"2011-06-27:12 AM",74.5131
"2011-06-28:12 AM",77.4334
"2011-06-29:12 AM",74.7043
"2011-06-30:12 AM",72.2557
"2011-07-01:12 AM",73.0173
"2011-07-02:12 AM",75.1804
"2011-07-03:12 AM",79.3058
"2011-07-04:12 AM",77.2704
"2011-07-05:12 AM",75.8428
"2011-07-06:12 AM",76.9109
"2011-07-07:12 AM",77.7591
"2011-07-08:12 AM",76.0865
"2011-07-09:12 AM",75.7153
"2011-07-10:12 AM",76.6382
"2011-07-11:12 AM",80.2648
"2011-07-12:12 AM",84.7026
"2011-07-13:12 AM",81.5171
"2011-07-14:12 AM",73.6801
"2011-07-15:12 AM",69.7113
"2011-07-16:12 AM",70.2183
"2011-07-17:12 AM",73.5098
"2011-07-18:12 AM",78.4036
"2011-07-19:12 AM",79.9108
"2011-07-20:12 AM",81.0617
"2011-07-21:12 AM",83.8618
"2011-07-22:12 AM",86.6264
"2011-07-23:12 AM",85.2937
"2011-07-24:12 AM",84.2648
"2011-07-25:12 AM",80.0551
"2011-07-26:12 AM",80.2161
"2011-07-27:12 AM",79.9156
"2011-07-28:12 AM",81.0878
"2011-07-29:12 AM",83.676
"2011-07-30:12 AM",82.4225
"2011-07-31:12 AM",76.5356
"2011-08-01:12 AM",78.8635
"2011-08-02:12 AM",79.349
"2011-08-03:12 AM",80.6819
"2011-08-04:12 AM",79.4683
"2011-08-05:12 AM",77.059
"2011-08-06:12 AM",74.9116
"2011-08-07:12 AM",80.496
"2011-08-08:12 AM",80.2292
"2011-08-09:12 AM",80.1829
"2011-08-10:12 AM",77.9902
"2011-08-11:12 AM",74.9509
"2011-08-12:12 AM",74.2816
"2011-08-13:12 AM",72.7898
"2011-08-14:12 AM",74.2098
"2011-08-15:12 AM",69.2024
"2011-08-16:12 AM",71.139
"2011-08-17:12 AM",73.1381
"2011-08-18:12 AM",74.6319
"2011-08-19:12 AM",73.8027
"2011-08-20:12 AM",74.8015
"2011-08-21:12 AM",77.3427
"2011-08-22:12 AM",73.9902
"2011-08-23:12 AM",67.591
"2011-08-24:12 AM",71.6094
"2011-08-25:12 AM",77.4684
"2011-08-26:12 AM",76.555
"2011-08-27:12 AM",73.126
"2011-08-28:12 AM",72.7192
"2011-08-29:12 AM",67.7642
"2011-08-30:12 AM",67.5606
"2011-08-31:12 AM",68.5096
"2011-09-01:12 AM",70.2993
"2011-09-02:12 AM",73.4792
"2011-09-03:12 AM",73.254
"2011-09-04:12 AM",75.1136
"2011-09-05:12 AM",71.6085
"2011-09-06:12 AM",65.8918
"2011-09-07:12 AM",67.0375
"2011-09-08:12 AM",68.5769
"2011-09-09:12 AM",69.0973
"2011-09-10:12 AM",69.3392
"2011-09-11:12 AM",68.9506
"2011-09-12:12 AM",68.5373
"2011-09-13:12 AM",68.8851
"2011-09-14:12 AM",71.4695
"2011-09-15:12 AM",67.037
"2011-09-16:12 AM",53.348
"2011-09-17:12 AM",54.6534
"2011-09-18:12 AM",56.6433
"2011-09-19:12 AM",59.7756
"2011-09-20:12 AM",64.2938
"2011-09-21:12 AM",65.7324
"2011-09-22:12 AM",69.5311
"2011-09-23:12 AM",67.1977
"2011-09-24:12 AM",65.7275
"2011-09-25:12 AM",66.6367
"2011-09-26:12 AM",68.3418
"2011-09-27:12 AM",69.9102
"2011-09-28:12 AM",67.7361
"2011-09-29:12 AM",65.0205
"2011-09-30:12 AM",62.1262
"2011-10-01:12 AM",50.1591
"2011-10-02:12 AM",46.0528
"2011-10-03:12 AM",47.4852
"2011-10-04:12 AM",53.2618
"2011-10-05:12 AM",57.2842
"2011-10-06:12 AM",56.7826
"2011-10-07:12 AM",54.5392
"2011-10-08:12 AM",54.7768
"2011-10-09:12 AM",57.1329
"2011-10-10:12 AM",62.238
"2011-10-11:12 AM",61.3681
"2011-10-12:12 AM",62.5714
"2011-10-13:12 AM",64.2654
"2011-10-14:12 AM",59.9243
"2011-10-15:12 AM",55.4488
"2011-10-16:12 AM",57.2072
"2011-10-17:12 AM",63.2926
"2011-10-18:12 AM",63.7718
"2011-10-19:12 AM",60.8691
"2011-10-20:12 AM",49.5133
"2011-10-21:12 AM",47.5423
"2011-10-22:12 AM",48.5451
"2011-10-23:12 AM",48.664
"2011-10-24:12 AM",53.5035
"2011-10-25:12 AM",52.5414
"2011-10-26:12 AM",57.616
"2011-10-27:12 AM",59.7477
"2011-10-28:12 AM",42.6587
"2011-10-29:12 AM",38.512
"2011-10-30:12 AM",37.8988
"2011-10-31:12 AM",39.945
"2011-11-01:12 AM",43.4952
"2011-11-02:12 AM",44.8329
"2011-11-03:12 AM",46.053
"2011-11-04:12 AM",46.4031
"2011-11-05:12 AM",39.9195
"2011-11-06:12 AM",41.5267
"2011-11-07:12 AM",45.9212
"2011-11-08:12 AM",46.0848
"2011-11-09:12 AM",48.8964
"2011-11-10:12 AM",48.5067
"2011-11-11:12 AM",37.6254
"2011-11-12:12 AM",42.642
"2011-11-13:12 AM",48.0132
"2011-11-14:12 AM",57.1543
"2011-11-15:12 AM",62.1963
"2011-11-16:12 AM",60.4917
"2011-11-17:12 AM",42.4875
"2011-11-18:12 AM",34.1485
"2011-11-19:12 AM",38.818
"2011-11-20:12 AM",52.8305
"2011-11-21:12 AM",58.1779
"2011-11-22:12 AM",56.9014
"2011-11-23:12 AM",52.8759
"2011-11-24:12 AM",42.5831
"2011-11-25:12 AM",45.1105
"2011-11-26:12 AM",47.4067
"2011-11-27:12 AM",55.0519
"2011-11-28:12 AM",58.9527
"2011-11-29:12 AM",50.9115
"2011-11-30:12 AM",38.0125
"2011-12-01:12 AM",36.7237
"2011-12-02:12 AM",39.0592
"2011-12-03:12 AM",38.5336
"2011-12-04:12 AM",40.539
"2011-12-05:12 AM",48.2891
"2011-12-06:12 AM",57.4081
"2011-12-07:12 AM",54.372
"2011-12-08:12 AM",34.2909
"2011-12-09:12 AM",37.0548
"2011-12-10:12 AM",36.2019
"2011-12-11:12 AM",31.1448
"2011-12-12:12 AM",33.9409
"2011-12-13:12 AM",37.4212
"2011-12-14:12 AM",41.0693
"2011-12-15:12 AM",50.3056
"2011-12-16:12 AM",48.5321
"2011-12-17:12 AM",36.4878
"2011-12-18:12 AM",33.1326
"2011-12-19:12 AM",37.2024
"2011-12-20:12 AM",45.0135
"2011-12-21:12 AM",54.2066
"2011-12-22:12 AM",55.5753
"2011-12-23:12 AM",49.1385
"2011-12-24:12 AM",39.6066
"2011-12-25:12 AM",38.2222
"2011-12-26:12 AM",37.827
"2011-12-27:12 AM",40.5239
"2011-12-28:12 AM",36.2633
"2011-12-29:12 AM",35.2249
"2011-12-30:12 AM",42.271
"2011-12-31:12 AM",47.077
"2012-01-01:12 AM",44.2929
"2012-01-02:12 AM",33.0478
"2012-01-03:12 AM",24.5097
"2012-01-04:12 AM",25.641
"2012-01-05:12 AM",34.2853
"2012-01-06:12 AM",42.1837
"2012-01-07:12 AM",47.2071
"2012-01-08:12 AM",42.377
"2012-01-09:12 AM",37.3608
"2012-01-10:12 AM",38.0325
"2012-01-11:12 AM",39.5226
"2012-01-12:12 AM",45.9313
"2012-01-13:12 AM",31.6762
"2012-01-14:12 AM",28.4189
"2012-01-15:12 AM",27.1895
"2012-01-16:12 AM",30.5438
"2012-01-17:12 AM",46.0681
"2012-01-18:12 AM",37.0035
"2012-01-19:12 AM",31.4159
"2012-01-20:12 AM",34.7657
"2012-01-21:12 AM",36.7372
"2012-01-22:12 AM",32.342
"2012-01-23:12 AM",38.2779
"2012-01-24:12 AM",44.3224
"2012-01-25:12 AM",41.0047
"2012-01-26:12 AM",47.9926
"2012-01-27:12 AM",51.7239
"2012-01-28:12 AM",39.6909
"2012-01-29:12 AM",34.8244
"2012-01-30:12 AM",35.7282
"2012-01-31:12 AM",44.8147
"2012-02-01:12 AM",51.2866
"2012-02-02:12 AM",49.9838
"2012-02-03:12 AM",39.5998
"2012-02-04:12 AM",40.2768
"2012-02-05:12 AM",38.7765
"2012-02-06:12 AM",35.8464
"2012-02-07:12 AM",39.097
"2012-02-08:12 AM",36.9345
"2012-02-09:12 AM",33.2119
"2012-02-10:12 AM",35.6315
"2012-02-11:12 AM",31.4924
"2012-02-12:12 AM",22.2926
"2012-02-13:12 AM",28.5267
"2012-02-14:12 AM",36.4512
"2012-02-15:12 AM",40.4985
"2012-02-16:12 AM",42.4224
"2012-02-17:12 AM",42.5622
"2012-02-18:12 AM",43.1609
"2012-02-19:12 AM",36.6919
"2012-02-20:12 AM",31.2247
"2012-02-21:12 AM",33.2013
"2012-02-22:12 AM",47.1016
"2012-02-23:12 AM",51.7275
"2012-02-24:12 AM",56.3668
"2012-02-25:12 AM",35.0348
"2012-02-26:12 AM",33.3304
"2012-02-27:12 AM",39.947
"2012-02-28:12 AM",43.0621
"2012-02-29:12 AM",49.5084
"2012-03-01:12 AM",55.0857
"2012-03-02:12 AM",46.4913
"2012-03-03:12 AM",49.4157
"2012-03-04:12 AM",38.3785
"2012-03-05:12 AM",32.4401
"2012-03-06:12 AM",33.0051
"2012-03-07:12 AM",44.0472
"2012-03-08:12 AM",55.1264
"2012-03-09:12 AM",47.9673
"2012-03-10:12 AM",37.4616
"2012-03-11:12 AM",41.7866
"2012-03-12:12 AM",50.434
"2012-03-13:12 AM",59.8104
"2012-03-14:12 AM",61.4205
"2012-03-15:12 AM",62.7426
"2012-03-16:12 AM",60.5228
"2012-03-17:12 AM",58.5239
"2012-03-18:12 AM",57.2508
"2012-03-19:12 AM",60.0906
"2012-03-20:12 AM",62.2584
"2012-03-21:12 AM",62.3894
"2012-03-22:12 AM",63.5529
"2012-03-23:12 AM",65.7392
"2012-03-24:12 AM",62.3226
"2012-03-25:12 AM",55.4769
"2012-03-26:12 AM",52.4376
"2012-03-27:12 AM",42.7136
"2012-03-28:12 AM",56.7423
"2012-03-29:12 AM",58.2094
"2012-03-30:12 AM",53.6794
"2012-03-31:12 AM",58.1578
"2012-04-01:12 AM",53.0553
"2012-04-02:12 AM",54.7894
"2012-04-03:12 AM",55.1269
"2012-04-04:12 AM",64.2009
"2012-04-05:12 AM",50.7533
"2012-04-06:12 AM",46.6203
"2012-04-07:12 AM",47.2696
"2012-04-08:12 AM",52.8989
"2012-04-09:12 AM",53.1775
"2012-04-10:12 AM",51.8913
"2012-04-11:12 AM",41.9761
"2012-04-12:12 AM",43.6505
"2012-04-13:12 AM",48.5258
"2012-04-14:12 AM",55.13
"2012-04-15:12 AM",65.1697
"2012-04-16:12 AM",69.1497
"2012-04-17:12 AM",63.2835
"2012-04-18:12 AM",53.8711
"2012-04-19:12 AM",54.9603
"2012-04-20:12 AM",58.0042
"2012-04-21:12 AM",61.3794
"2012-04-22:12 AM",48.2596
"2012-04-23:12 AM",42.0397
"2012-04-24:12 AM",45.7497
"2012-04-25:12 AM",51.9352
"2012-04-26:12 AM",60.7352
"2012-04-27:12 AM",56.2644
"2012-04-28:12 AM",52.5663
"2012-04-29:12 AM",57.0141
"2012-04-30:12 AM",59.8505
"2012-05-01:12 AM",68.4829
"2012-05-02:12 AM",70.7486
"2012-05-03:12 AM",69.7159
"2012-05-04:12 AM",71.3145
"2012-05-05:12 AM",68.2344
"2012-05-06:12 AM",64.4563
"2012-05-07:12 AM",62.6727
"2012-05-08:12 AM",63.9392
"2012-05-09:12 AM",63.3391
"2012-05-10:12 AM",56.7113
"2012-05-11:12 AM",55.7857
"2012-05-12:12 AM",60.1007
"2012-05-13:12 AM",62.3529
"2012-05-14:12 AM",61.8624
"2012-05-15:12 AM",65.7183
"2012-05-16:12 AM",67.2764
"2012-05-17:12 AM",64.1523
"2012-05-18:12 AM",62.0348
"2012-05-19:12 AM",61.2205
"2012-05-20:12 AM",64.7875
"2012-05-21:12 AM",65.6724
"2012-05-22:12 AM",66.0745
"2012-05-23:12 AM",65.6299
"2012-05-24:12 AM",67.0249
"2012-05-25:12 AM",71.6326
"2012-05-26:12 AM",72.1173
"2012-05-27:12 AM",73.0027
"2012-05-28:12 AM",75.0547
"2012-05-29:12 AM",74.7289
"2012-05-30:12 AM",70.4212
"2012-05-31:12 AM",71.3804
"2012-06-01:12 AM",68.7216
"2012-06-02:12 AM",61.8372
"2012-06-03:12 AM",63.1483
"2012-06-04:12 AM",66.2918
"2012-06-05:12 AM",60.1923
"2012-06-06:12 AM",60.3376
"2012-06-07:12 AM",63.8461
"2012-06-08:12 AM",67.1704
"2012-06-09:12 AM",70.6811
"2012-06-10:12 AM",71.9958
"2012-06-11:12 AM",69.694
"2012-06-12:12 AM",70.2846
"2012-06-13:12 AM",70.9867
"2012-06-14:12 AM",66.3229
"2012-06-15:12 AM",66.2628
"2012-06-16:12 AM",64.8685
"2012-06-17:12 AM",64.4538
"2012-06-18:12 AM",66.7605
"2012-06-19:12 AM",75.1048
"2012-06-20:12 AM",79.021
"2012-06-21:12 AM",80.5174
"2012-06-22:12 AM",79.7272
"2012-06-23:12 AM",75.2976
"2012-06-24:12 AM",74.9768
"2012-06-25:12 AM",74.1573
"2012-06-26:12 AM",65.6848
"2012-06-27:12 AM",68.6489
"2012-06-28:12 AM",76.2359
"2012-06-29:12 AM",85.3189
"2012-06-30:12 AM",84.4299
"2012-07-01:12 AM",84.313
"2012-07-02:12 AM",80.3208
"2012-07-03:12 AM",80.9271
"2012-07-04:12 AM",81.5157
"2012-07-05:12 AM",83.1958
"2012-07-06:12 AM",82.7955
"2012-07-07:12 AM",85.2976
"2012-07-08:12 AM",86.2669
"2012-07-09:12 AM",77.6953
"2012-07-10:12 AM",72.8159
"2012-07-11:12 AM",71.1554
"2012-07-12:12 AM",70.803
"2012-07-13:12 AM",72.2626
"2012-07-14:12 AM",74.8112
"2012-07-15:12 AM",79.4408
"2012-07-16:12 AM",79.578
"2012-07-17:12 AM",81.9009
"2012-07-18:12 AM",81.5914
"2012-07-19:12 AM",81.1992
"2012-07-20:12 AM",77.0263
"2012-07-21:12 AM",71.0184
"2012-07-22:12 AM",74.214
"2012-07-23:12 AM",77.5888
"2012-07-24:12 AM",80.9929
"2012-07-25:12 AM",77.6331
"2012-07-26:12 AM",83.0385
"2012-07-27:12 AM",82.9026
"2012-07-28:12 AM",78.8866
"2012-07-29:12 AM",76.4272
"2012-07-30:12 AM",75.3431
"2012-07-31:12 AM",75.2522
"2012-08-01:12 AM",76.2595
"2012-08-02:12 AM",77.7999
"2012-08-03:12 AM",77.4973
"2012-08-04:12 AM",79.1676
"2012-08-05:12 AM",80.0949
"2012-08-06:12 AM",77.3625
"2012-08-07:12 AM",76.7766
"2012-08-08:12 AM",77.266
"2012-08-09:12 AM",77.4477
"2012-08-10:12 AM",75.5164
"2012-08-11:12 AM",73.4765
"2012-08-12:12 AM",71.1493
"2012-08-13:12 AM",73.1509
"2012-08-14:12 AM",75.5793
"2012-08-15:12 AM",73.5006
"2012-08-16:12 AM",72.3895
"2012-08-17:12 AM",74.1868
"2012-08-18:12 AM",72.214
"2012-08-19:12 AM",66.664
"2012-08-20:12 AM",66.4707
"2012-08-21:12 AM",68.7776
"2012-08-22:12 AM",69.3158
"2012-08-23:12 AM",71.4439
"2012-08-24:12 AM",69.7764
"2012-08-25:12 AM",67.7736
"2012-08-26:12 AM",69.0116
"2012-08-27:12 AM",72.2703
"2012-08-28:12 AM",76.0244
"2012-08-29:12 AM",72.5032
"2012-08-30:12 AM",72.2244
"2012-08-31:12 AM",76.9438
"2012-09-01:12 AM",77.1557
"2012-09-02:12 AM",76.2955
"2012-09-03:12 AM",74.4676
"2012-09-04:12 AM",73.9587
"2012-09-05:12 AM",74.851
"2012-09-06:12 AM",73.8093
"2012-09-07:12 AM",74.284
"2012-09-08:12 AM",71.3921
"2012-09-09:12 AM",63.0066
"2012-09-10:12 AM",61.4284
"2012-09-11:12 AM",59.569
"2012-09-12:12 AM",61.6537
"2012-09-13:12 AM",62.2843
"2012-09-14:12 AM",64.8808
"2012-09-15:12 AM",63.4741
"2012-09-16:12 AM",61.8631
"2012-09-17:12 AM",63.7219
"2012-09-18:12 AM",67.9642
"2012-09-19:12 AM",60.066
"2012-09-20:12 AM",59.0574
"2012-09-21:12 AM",64.0227
"2012-09-22:12 AM",68.4309
"2012-09-23:12 AM",57.1937
"2012-09-24:12 AM",53.515
"2012-09-25:12 AM",58.6387
"2012-09-26:12 AM",66.4675
"2012-09-27:12 AM",68.3771
"2012-09-28:12 AM",68.1467
"2012-09-29:12 AM",60.4881
"2012-09-30:12 AM",57.0457
"2012-10-01:12 AM",56.3718
"2012-10-02:12 AM",64.5544
"2012-10-03:12 AM",70.2986
"2012-10-04:12 AM",67.3974
"2012-10-05:12 AM",63.5455
"2012-10-06:12 AM",61.1839
"2012-10-07:12 AM",48.8368
"2012-10-08:12 AM",43.533
"2012-10-09:12 AM",48.4273
"2012-10-10:12 AM",54.1429
"2012-10-11:12 AM",48.2738
"2012-10-12:12 AM",51.5719
"2012-10-13:12 AM",47.5743
"2012-10-14:12 AM",56.566
"2012-10-15:12 AM",61.0122
"2012-10-16:12 AM",51.3414
"2012-10-17:12 AM",51.5984
"2012-10-18:12 AM",56.0295
"2012-10-19:12 AM",59.972
"2012-10-20:12 AM",52.5711
"2012-10-21:12 AM",48.9002
"2012-10-22:12 AM",52.2775
"2012-10-23:12 AM",59.6941
"2012-10-24:12 AM",62.0868
"2012-10-25:12 AM",61.1667
"2012-10-26:12 AM",60.7289
"2012-10-27:12 AM",60.012
"2012-10-28:12 AM",53.9445
"2012-10-29:12 AM",43.3738
"2012-10-30:12 AM",35.6464
"2012-10-31:12 AM",40.3475
"2012-11-01:12 AM",42.2312
"2012-11-02:12 AM",41.8937
"2012-11-03:12 AM",41.0065
"2012-11-04:12 AM",42.6799
"2012-11-05:12 AM",37.7879
"2012-11-06:12 AM",36.5536
"2012-11-07:12 AM",38.9017
"2012-11-08:12 AM",40.1902
"2012-11-09:12 AM",41.3418
"2012-11-10:12 AM",47.0878
"2012-11-11:12 AM",51.4182
"2012-11-12:12 AM",56.6962
"2012-11-13:12 AM",44.6182
"2012-11-14:12 AM",36.0622
"2012-11-15:12 AM",38.0703
"2012-11-16:12 AM",38.833
"2012-11-17:12 AM",39.5911
"2012-11-18:12 AM",42.6243
"2012-11-19:12 AM",44.2526
"2012-11-20:12 AM",44.0377
"2012-11-21:12 AM",42.588
"2012-11-22:12 AM",41.8705
"2012-11-23:12 AM",45.3297
"2012-11-24:12 AM",35.0008
"2012-11-25:12 AM",32.5594
"2012-11-26:12 AM",39.7746
"2012-11-27:12 AM",41.495
"2012-11-28:12 AM",35.8111
"2012-11-29:12 AM",34.7725
"2012-11-30:12 AM",39.6801
"2012-12-01:12 AM",42.183
"2012-12-02:12 AM",48.1276
"2012-12-03:12 AM",55.3901
"2012-12-04:12 AM",57.1534
"2012-12-05:12 AM",52.5393
"2012-12-06:12 AM",37.2891
"2012-12-07:12 AM",43.1973
"2012-12-08:12 AM",51.652
"2012-12-09:12 AM",52.7821
"2012-12-10:12 AM",58.2363
"2012-12-11:12 AM",45.8024
"2012-12-12:12 AM",38.6514
"2012-12-13:12 AM",36.3
"2012-12-14:12 AM",36.0039
"2012-12-15:12 AM",39.54
"2012-12-16:12 AM",45.6476
"2012-12-17:12 AM",50.2961
"2012-12-18:12 AM",46.8381
"2012-12-19:12 AM",42.9445
"2012-12-20:12 AM",41.9416
"2012-12-21:12 AM",36.3938
"2012-12-22:12 AM",31.6321
"2012-12-23:12 AM",35.1475
"2012-12-24:12 AM",37.8412
"2012-12-25:12 AM",41.7108
"2012-12-26:12 AM",38.2116
"2012-12-27:12 AM",32.7
"2012-12-28:12 AM",32.3544
"2012-12-29:12 AM",34.1856
"2012-12-30:12 AM",29.2797
"2012-12-31:12 AM",32.4727
"2013-01-01:12 AM",37.8511
"2013-01-02:12 AM",34.7605
"2013-01-03:12 AM",32.2356
"2013-01-04:12 AM",31.181
"2013-01-05:12 AM",32.6082
"2013-01-06:12 AM",37.1683
"2013-01-07:12 AM",33.9404
"2013-01-08:12 AM",36.3355
"2013-01-09:12 AM",44.3251
"2013-01-10:12 AM",46.0542
"2013-01-11:12 AM",43.444
"2013-01-12:12 AM",51.7534
"2013-01-13:12 AM",56.5369
"2013-01-14:12 AM",54.9273
"2013-01-15:12 AM",41.3463
"2013-01-16:12 AM",40.4199
"2013-01-17:12 AM",38.9926
"2013-01-18:12 AM",28.1035
"2013-01-19:12 AM",32.5054
"2013-01-20:12 AM",37.7141
"2013-01-21:12 AM",34.6489
"2013-01-22:12 AM",21.7031
"2013-01-23:12 AM",20.475
"2013-01-24:12 AM",23.1084
"2013-01-25:12 AM",19.1428
"2013-01-26:12 AM",24.312
"2013-01-27:12 AM",25.6456
"2013-01-28:12 AM",36.4798
"2013-01-29:12 AM",49.8823
"2013-01-30:12 AM",60.0276
"2013-01-31:12 AM",39.4921
"2013-02-01:12 AM",24.9206
"2013-02-02:12 AM",24.386
"2013-02-03:12 AM",30.308
"2013-02-04:12 AM",27.7522
"2013-02-05:12 AM",37.7681
"2013-02-06:12 AM",37.292
"2013-02-07:12 AM",36.0329
"2013-02-08:12 AM",36.7516
"2013-02-09:12 AM",30.7701
"2013-02-10:12 AM",34.2954
"2013-02-11:12 AM",46.0744
"2013-02-12:12 AM",42.8193
"2013-02-13:12 AM",39.5391
"2013-02-14:12 AM",36.1771
"2013-02-15:12 AM",40.3156
"2013-02-16:12 AM",33.6364
"2013-02-17:12 AM",24.7703
"2013-02-18:12 AM",28.31
"2013-02-19:12 AM",37.0114
"2013-02-20:12 AM",30.1143
"2013-02-21:12 AM",29.7365
"2013-02-22:12 AM",32.2164
"2013-02-23:12 AM",36.5871
"2013-02-24:12 AM",38.8816
"2013-02-25:12 AM",32.5809
"2013-02-26:12 AM",36.5022
"2013-02-27:12 AM",41.5303
"2013-02-28:12 AM",36.6598
"2013-03-01:12 AM",35.0524
"2013-03-02:12 AM",32.0405
"2013-03-03:12 AM",29.5655
"2013-03-04:12 AM",29.2343
"2013-03-05:12 AM",35.8047
"2013-03-06:12 AM",33.3304
"2013-03-07:12 AM",34.4604
"2013-03-08:12 AM",33.5116
"2013-03-09:12 AM",36.718
"2013-03-10:12 AM",41.9398
"2013-03-11:12 AM",47.5023
"2013-03-12:12 AM",50.293
"2013-03-13:12 AM",37.2085
"2013-03-14:12 AM",32.6916
"2013-03-15:12 AM",39.6235
"2013-03-16:12 AM",50.7168
"2013-03-17:12 AM",41.7544
"2013-03-18:12 AM",35.7474
"2013-03-19:12 AM",40.4472
"2013-03-20:12 AM",37.7069
"2013-03-21:12 AM",29.8546
"2013-03-22:12 AM",30.4979
"2013-03-23:12 AM",35.9388
"2013-03-24:12 AM",34.108
"2013-03-25:12 AM",33.5273
"2013-03-26:12 AM",34.291
"2013-03-27:12 AM",35.0325
"2013-03-28:12 AM",36.6721
"2013-03-29:12 AM",39.9591
"2013-03-30:12 AM",43.3009
"2013-03-31:12 AM",47.2419
"2013-04-01:12 AM",48.2272
"2013-04-02:12 AM",38.8915
"2013-04-03:12 AM",38.2788
"2013-04-04:12 AM",36.1128
"2013-04-05:12 AM",43.27
"2013-04-06:12 AM",43.4529
"2013-04-07:12 AM",49.8873
"2013-04-08:12 AM",60.1938
"2013-04-09:12 AM",65.6094
"2013-04-10:12 AM",69.1444
"2013-04-11:12 AM",67.4706
"2013-04-12:12 AM",63.9262
"2013-04-13:12 AM",52.9819
"2013-04-14:12 AM",55.0841
"2013-04-15:12 AM",56.0554
"2013-04-16:12 AM",60.6207
"2013-04-17:12 AM",65.6208
"2013-04-18:12 AM",64.1358
"2013-04-19:12 AM",63.7911
"2013-04-20:12 AM",47.8855
"2013-04-21:12 AM",44.4999
"2013-04-22:12 AM",44.1176
"2013-04-23:12 AM",49.6699
"2013-04-24:12 AM",57.2754
"2013-04-25:12 AM",50.9605
"2013-04-26:12 AM",51.1875
"2013-04-27:12 AM",55.0855
"2013-04-28:12 AM",53.227
"2013-04-29:12 AM",55.8464
"2013-04-30:12 AM",57.4849
"2013-05-01:12 AM",56.0424
"2013-05-02:12 AM",54.1011
"2013-05-03:12 AM",52.8444
"2013-05-04:12 AM",50.085
"2013-05-05:12 AM",48.4513
"2013-05-06:12 AM",53.5237
"2013-05-07:12 AM",57.4932
"2013-05-08:12 AM",54.6163
"2013-05-09:12 AM",60.2535
"2013-05-10:12 AM",66.7852
"2013-05-11:12 AM",65.6427
"2013-05-12:12 AM",56.6017
"2013-05-13:12 AM",49.0447
"2013-05-14:12 AM",51.5554
"2013-05-15:12 AM",65.7932
"2013-05-16:12 AM",70.7646
"2013-05-17:12 AM",68.5495
"2013-05-18:12 AM",64.0294
"2013-05-19:12 AM",64.6363
"2013-05-20:12 AM",68.1134
"2013-05-21:12 AM",71.3138
"2013-05-22:12 AM",72.1353
"2013-05-23:12 AM",69.4456
"2013-05-24:12 AM",56.4811
"2013-05-25:12 AM",51.3772
"2013-05-26:12 AM",55.6986
"2013-05-27:12 AM",58.5752
"2013-05-28:12 AM",67.2244
"2013-05-29:12 AM",72.2075
"2013-05-30:12 AM",72.5918
"2013-05-31:12 AM",72.8254
"2013-06-01:12 AM",74.728
"2013-06-02:12 AM",71.8884
"2013-06-03:12 AM",70.0956
"2013-06-04:12 AM",65.545
"2013-06-05:12 AM",65.5275
"2013-06-06:12 AM",63.8193
"2013-06-07:12 AM",66.6176
"2013-06-08:12 AM",69.2202
"2013-06-09:12 AM",70.2963
"2013-06-10:12 AM",70.3666
"2013-06-11:12 AM",70.9009
"2013-06-12:12 AM",75.0753
"2013-06-13:12 AM",75.0904
"2013-06-14:12 AM",66.5526
"2013-06-15:12 AM",68.094
"2013-06-16:12 AM",71.7489
"2013-06-17:12 AM",72.2014
"2013-06-18:12 AM",67.7905
"2013-06-19:12 AM",67.1536
"2013-06-20:12 AM",67.015
"2013-06-21:12 AM",67.8835
"2013-06-22:12 AM",68.7218
"2013-06-23:12 AM",72.6908
"2013-06-24:12 AM",73.8532
"2013-06-25:12 AM",76.5207
"2013-06-26:12 AM",76.3479
"2013-06-27:12 AM",74.0037
"2013-06-28:12 AM",76.1999
"2013-06-29:12 AM",74.28
"2013-06-30:12 AM",73.0391
"2013-07-01:12 AM",72.3753
"2013-07-02:12 AM",71.4913
"2013-07-03:12 AM",72.9601
"2013-07-04:12 AM",74.9889
"2013-07-05:12 AM",75.6347
"2013-07-06:12 AM",76.8157
"2013-07-07:12 AM",75.9225
"2013-07-08:12 AM",75.4416
"2013-07-09:12 AM",75.2166
"2013-07-10:12 AM",76.1074
"2013-07-11:12 AM",73.8174
"2013-07-12:12 AM",68.9841
"2013-07-13:12 AM",71.4675
"2013-07-14:12 AM",75.4138
"2013-07-15:12 AM",76.9116
"2013-07-16:12 AM",79.3427
"2013-07-17:12 AM",78.9501
"2013-07-18:12 AM",80.4511
"2013-07-19:12 AM",80.6108
"2013-07-20:12 AM",78.6726
"2013-07-21:12 AM",77.3717
"2013-07-22:12 AM",75.7407
"2013-07-23:12 AM",75.7456
"2013-07-24:12 AM",75.2943
"2013-07-25:12 AM",69.3279
"2013-07-26:12 AM",69.2568
"2013-07-27:12 AM",69.9467
"2013-07-28:12 AM",71.4511
"2013-07-29:12 AM",69.0782
"2013-07-30:12 AM",68.7465
"2013-07-31:12 AM",68.6115
"2013-08-01:12 AM",71.0699
"2013-08-02:12 AM",71.8756
"2013-08-03:12 AM",73.4628
"2013-08-04:12 AM",69.8283
"2013-08-05:12 AM",67.9294
"2013-08-06:12 AM",69.5971
"2013-08-07:12 AM",70.9093
"2013-08-08:12 AM",73.0753
"2013-08-09:12 AM",77.4759
"2013-08-10:12 AM",74.8202
"2013-08-11:12 AM",73.2195
"2013-08-12:12 AM",76.1247
"2013-08-13:12 AM",75.1075
"2013-08-14:12 AM",66.6561
"2013-08-15:12 AM",62.7033
"2013-08-16:12 AM",63.3506
"2013-08-17:12 AM",63.0441
"2013-08-18:12 AM",63.5986
"2013-08-19:12 AM",65.9993
"2013-08-20:12 AM",70.747
"2013-08-21:12 AM",72.5513
"2013-08-22:12 AM",74.0667
"2013-08-23:12 AM",69.7518
"2013-08-24:12 AM",66.7713
"2013-08-25:12 AM",65.278
"2013-08-26:12 AM",66.796
"2013-08-27:12 AM",73.7631
"2013-08-28:12 AM",73.6597
"2013-08-29:12 AM",73.2528
"2013-08-30:12 AM",71.94
"2013-08-31:12 AM",74.4087
"2013-09-01:12 AM",74.6301
"2013-09-02:12 AM",74.3504
"2013-09-03:12 AM",72.8431
"2013-09-04:12 AM",66.4984
"2013-09-05:12 AM",68.3613
"2013-09-06:12 AM",64.1493
"2013-09-07:12 AM",63.9844
"2013-09-08:12 AM",70.7581
"2013-09-09:12 AM",70.871
"2013-09-10:12 AM",74.478
"2013-09-11:12 AM",75.0886
"2013-09-12:12 AM",74.8917
"2013-09-13:12 AM",67.3282
"2013-09-14:12 AM",58.1974
"2013-09-15:12 AM",58.833
"2013-09-16:12 AM",65.0842
"2013-09-17:12 AM",58.206
"2013-09-18:12 AM",55.8025
"2013-09-19:12 AM",61.0956
"2013-09-20:12 AM",64.5206
"2013-09-21:12 AM",64.3023
"2013-09-22:12 AM",61.245
"2013-09-23:12 AM",55.4716
"2013-09-24:12 AM",54.8679
"2013-09-25:12 AM",57.5821
"2013-09-26:12 AM",59.9211
"2013-09-27:12 AM",59.0349
"2013-09-28:12 AM",57.7989
"2013-09-29:12 AM",56.5907
"2013-09-30:12 AM",59.3319
"2013-10-01:12 AM",62.9146
"2013-10-02:12 AM",65.4631
"2013-10-03:12 AM",66.4848
"2013-10-04:12 AM",68.3379
"2013-10-05:12 AM",70.2921
"2013-10-06:12 AM",70.7344
"2013-10-07:12 AM",65.338
"2013-10-08:12 AM",55.2607
"2013-10-09:12 AM",54.4507
"2013-10-10:12 AM",55.4695
"2013-10-11:12 AM",58.5955
"2013-10-12:12 AM",60.5683
"2013-10-13:12 AM",60.197
"2013-10-14:12 AM",58.9003
"2013-10-15:12 AM",58.3977
"2013-10-16:12 AM",59.8914
"2013-10-17:12 AM",61.2912
"2013-10-18:12 AM",54.7464
"2013-10-19:12 AM",55.1381
"2013-10-20:12 AM",47.6661
"2013-10-21:12 AM",48.1993
"2013-10-22:12 AM",53.5429
"2013-10-23:12 AM",47.4805
"2013-10-24:12 AM",41.1373
"2013-10-25:12 AM",37.7298
"2013-10-26:12 AM",39.6232
"2013-10-27:12 AM",44.9728
"2013-10-28:12 AM",49.4424
"2013-10-29:12 AM",52.6768
"2013-10-30:12 AM",56.2446
"2013-10-31:12 AM",61.5623
"2013-11-01:12 AM",64.0999
"2013-11-02:12 AM",54.1333
"2013-11-03:12 AM",44.929
"2013-11-04:12 AM",39.5011
"2013-11-05:12 AM",43.6759
"2013-11-06:12 AM",53.1484
"2013-11-07:12 AM",53.2686
"2013-11-08:12 AM",39.6955
"2013-11-09:12 AM",40.1783
"2013-11-10:12 AM",45.7932
"2013-11-11:12 AM",41.9099
"2013-11-12:12 AM",39.4371
"2013-11-13:12 AM",30.1665
"2013-11-14:12 AM",36.5826
"2013-11-15:12 AM",43.3737
"2013-11-16:12 AM",50.769
"2013-11-17:12 AM",54.6998
"2013-11-18:12 AM",56.7025
"2013-11-19:12 AM",41.1823
"2013-11-20:12 AM",37.8604
"2013-11-21:12 AM",42.7177
"2013-11-22:12 AM",52.4372
"2013-11-23:12 AM",46.155
"2013-11-24:12 AM",25.1397
"2013-11-25:12 AM",26.3831
"2013-11-26:12 AM",35.6198
"2013-11-27:12 AM",34.5895
"2013-11-28:12 AM",27.511
"2013-11-29:12 AM",30.7359
"2013-11-30:12 AM",31.0874
"2013-12-01:12 AM",34.6051
"2013-12-02:12 AM",37.9481
"2013-12-03:12 AM",41.2173
"2013-12-04:12 AM",49.0411
"2013-12-05:12 AM",57.2808
"2013-12-06:12 AM",58.1889
"2013-12-07:12 AM",39.7166
"2013-12-08:12 AM",31.1191
"2013-12-09:12 AM",36.6314
"2013-12-10:12 AM",33.3712
"2013-12-11:12 AM",29.3461
"2013-12-12:12 AM",27.4431
"2013-12-13:12 AM",30.5841
"2013-12-14:12 AM",35.8101
"2013-12-15:12 AM",35.712
"2013-12-16:12 AM",33.6022
"2013-12-17:12 AM",39.0114
"2013-12-18:12 AM",31.4123
"2013-12-19:12 AM",39.5593
"2013-12-20:12 AM",46.825
"2013-12-21:12 AM",55.4799
"2013-12-22:12 AM",62.6529
"2013-12-23:12 AM",54.0257
"2013-12-24:12 AM",32.3472
"2013-12-25:12 AM",26.0046
"2013-12-26:12 AM",29.8182
"2013-12-27:12 AM",32.6597
"2013-12-28:12 AM",37.1827
"2013-12-29:12 AM",41.5445
"2013-12-30:12 AM",38.6802
"2013-12-31:12 AM",33.9121
"2014-01-01:12 AM",34.1157
"2014-01-02:12 AM",35.3583
"2014-01-03:12 AM",19.944
"2014-01-04:12 AM",23.929
"2014-01-05:12 AM",36.1114
"2014-01-06:12 AM",31.1767
"2014-01-07:12 AM",8.9904
"2014-01-08:12 AM",19.71
"2014-01-09:12 AM",30.4423
"2014-01-10:12 AM",35.0735
"2014-01-11:12 AM",46.9456
"2014-01-12:12 AM",38.725
"2014-01-13:12 AM",41.1305
"2014-01-14:12 AM",43.3382
"2014-01-15:12 AM",38.111
"2014-01-16:12 AM",31.0633
"2014-01-17:12 AM",34.7695
"2014-01-18:12 AM",26.2524
"2014-01-19:12 AM",32.0387
"2014-01-20:12 AM",36.4386
"2014-01-21:12 AM",30.9875
"2014-01-22:12 AM",12.2652
"2014-01-23:12 AM",14.6242
"2014-01-24:12 AM",10.7397
"2014-01-25:12 AM",21.7184
"2014-01-26:12 AM",25.5373
"2014-01-27:12 AM",33.5943
"2014-01-28:12 AM",16.8629
"2014-01-29:12 AM",14.4662
"2014-01-30:12 AM",14.4874
"2014-01-31:12 AM",27.7468
"2014-02-01:12 AM",34.5331
"2014-02-02:12 AM",42.7849
"2014-02-03:12 AM",39.2286
"2014-02-04:12 AM",33.9265
"2014-02-05:12 AM",35.9811
"2014-02-06:12 AM",29.6263
"2014-02-07:12 AM",30.2189
"2014-02-08:12 AM",30.9888
"2014-02-09:12 AM",31.8429
"2014-02-10:12 AM",29.1715
"2014-02-11:12 AM",24.906
"2014-02-12:12 AM",23.4898
"2014-02-13:12 AM",29.6136
"2014-02-14:12 AM",32.6161
"2014-02-15:12 AM",31.4566
"2014-02-16:12 AM",28.3212
"2014-02-17:12 AM",26.773
"2014-02-18:12 AM",35.9859
"2014-02-19:12 AM",45.0799
"2014-02-20:12 AM",43.9147
"2014-02-21:12 AM",50.1505
"2014-02-22:12 AM",42.5653
"2014-02-23:12 AM",45.4937
"2014-02-24:12 AM",37.7011
"2014-02-25:12 AM",32.4937
"2014-02-26:12 AM",29.4487
"2014-02-27:12 AM",27.0288
"2014-02-28:12 AM",22.9375
"2014-03-01:12 AM",31.1452
"2014-03-02:12 AM",43.7139
"2014-03-03:12 AM",25.9551
"2014-03-04:12 AM",18.6778
"2014-03-05:12 AM",29.2188
"2014-03-06:12 AM",30.3888
"2014-03-07:12 AM",33.0697
"2014-03-08:12 AM",40.4488
"2014-03-09:12 AM",42.0141
"2014-03-10:12 AM",44.5233
"2014-03-11:12 AM",53.0598
"2014-03-12:12 AM",51.4945
"2014-03-13:12 AM",28.1028
"2014-03-14:12 AM",37.3167
"2014-03-15:12 AM",46.7721
"2014-03-16:12 AM",39.51
"2014-03-17:12 AM",28.6732
"2014-03-18:12 AM",32.3577
"2014-03-19:12 AM",38.3261
"2014-03-20:12 AM",44.1147
"2014-03-21:12 AM",45.1942
"2014-03-22:12 AM",51.31
"2014-03-23:12 AM",40.6022
"2014-03-24:12 AM",30.7402
"2014-03-25:12 AM",31.2172
"2014-03-26:12 AM",27.1404
"2014-03-27:12 AM",33.1097
"2014-03-28:12 AM",48.1374
"2014-03-29:12 AM",52.9223
"2014-03-30:12 AM",39.6376
"2014-03-31:12 AM",43.2237
"2014-04-01:12 AM",51.1246
"2014-04-02:12 AM",57.7501
"2014-04-03:12 AM",56.8229
"2014-04-04:12 AM",58.7872
"2014-04-05:12 AM",48.774
"2014-04-06:12 AM",43.812
"2014-04-07:12 AM",46.3503
"2014-04-08:12 AM",52.3418
"2014-04-09:12 AM",49.2114
"2014-04-10:12 AM",52.2059
"2014-04-11:12 AM",58.795
"2014-04-12:12 AM",60.2541
"2014-04-13:12 AM",63.6118
"2014-04-14:12 AM",62.8986
"2014-04-15:12 AM",53.6664
"2014-04-16:12 AM",36.7113
"2014-04-17:12 AM",41.2129
"2014-04-18:12 AM",43.7056
"2014-04-19:12 AM",49.2508
"2014-04-20:12 AM",50.9247
"2014-04-21:12 AM",51.1857
"2014-04-22:12 AM",58.8589
"2014-04-23:12 AM",51.5266
"2014-04-24:12 AM",49.9442
"2014-04-25:12 AM",55.8264
"2014-04-26:12 AM",58.7109
"2014-04-27:12 AM",58.7799
"2014-04-28:12 AM",53.1601
"2014-04-29:12 AM",51.8095
"2014-04-30:12 AM",59.2288
"2014-05-01:12 AM",60.8925
"2014-05-02:12 AM",56.1004
"2014-05-03:12 AM",58.0381
"2014-05-04:12 AM",60.733
"2014-05-05:12 AM",55.2087
"2014-05-06:12 AM",58.2951
"2014-05-07:12 AM",60.8983
"2014-05-08:12 AM",68.3958
"2014-05-09:12 AM",70.1265
"2014-05-10:12 AM",68.2817
"2014-05-11:12 AM",67.3079
"2014-05-12:12 AM",69.7883
"2014-05-13:12 AM",75.0598
"2014-05-14:12 AM",69.0062
"2014-05-15:12 AM",66.1885
"2014-05-16:12 AM",59.0324
"2014-05-17:12 AM",54.0345
"2014-05-18:12 AM",55.1905
"2014-05-19:12 AM",54.707
"2014-05-20:12 AM",61.603
"2014-05-21:12 AM",70.5576
"2014-05-22:12 AM",71.2834
"2014-05-23:12 AM",66.7526
"2014-05-24:12 AM",61.4574
"2014-05-25:12 AM",64.6525
"2014-05-26:12 AM",69.6402
"2014-05-27:12 AM",73.2106
"2014-05-28:12 AM",74.2608
"2014-05-29:12 AM",63.315
"2014-05-30:12 AM",63.6852
"2014-05-31:12 AM",65.9412
"2014-06-01:12 AM",62.3129
"2014-06-02:12 AM",63.5578
"2014-06-03:12 AM",70.576
"2014-06-04:12 AM",73.5042
"2014-06-05:12 AM",71.2931
"2014-06-06:12 AM",67.1265
"2014-06-07:12 AM",68.2176
"2014-06-08:12 AM",69.3837
"2014-06-09:12 AM",71.2206
"2014-06-10:12 AM",74.7925
"2014-06-11:12 AM",74.6949
"2014-06-12:12 AM",70.8715
"2014-06-13:12 AM",70.8116
"2014-06-14:12 AM",68.6125
"2014-06-15:12 AM",68.2189
"2014-06-16:12 AM",75.6453
"2014-06-17:12 AM",79.2955
"2014-06-18:12 AM",80.4301
"2014-06-19:12 AM",79.3447
"2014-06-20:12 AM",73.9008
"2014-06-21:12 AM",72.4341
"2014-06-22:12 AM",71.1957
"2014-06-23:12 AM",71.2674
"2014-06-24:12 AM",72.7911
"2014-06-25:12 AM",74.5997
"2014-06-26:12 AM",76.1542
"2014-06-27:12 AM",74.6595
"2014-06-28:12 AM",72.6654
"2014-06-29:12 AM",70.3063
"2014-06-30:12 AM",73.5438
"2014-07-01:12 AM",78.3781
"2014-07-02:12 AM",81.2161
"2014-07-03:12 AM",78.1257
"2014-07-04:12 AM",71.6081
"2014-07-05:12 AM",67.5525
"2014-07-06:12 AM",70.3807
"2014-07-07:12 AM",76.1981
"2014-07-08:12 AM",79.5823
"2014-07-09:12 AM",77.0472
"2014-07-10:12 AM",72.3369
"2014-07-11:12 AM",73.4027
"2014-07-12:12 AM",74.6557
"2014-07-13:12 AM",76.777
"2014-07-14:12 AM",79.1229
"2014-07-15:12 AM",74.7428
"2014-07-16:12 AM",69.3174
"2014-07-17:12 AM",69.1246
"2014-07-18:12 AM",68.6307
"2014-07-19:12 AM",68.1231
"2014-07-20:12 AM",72.3915
"2014-07-21:12 AM",71.3543
"2014-07-22:12 AM",74.7331
"2014-07-23:12 AM",77.9167
"2014-07-24:12 AM",72.3583
"2014-07-25:12 AM",70.5247
"2014-07-26:12 AM",74.5164
"2014-07-27:12 AM",78.9982
"2014-07-28:12 AM",74.5066
"2014-07-29:12 AM",66.7686
"2014-07-30:12 AM",66.8599
"2014-07-31:12 AM",70.021
"2014-08-01:12 AM",66.9853
"2014-08-02:12 AM",67.3358
"2014-08-03:12 AM",68.9985
"2014-08-04:12 AM",70.8364
"2014-08-05:12 AM",72.8092
"2014-08-06:12 AM",73.9373
"2014-08-07:12 AM",72.385
"2014-08-08:12 AM",69.2584
"2014-08-09:12 AM",67.3948
"2014-08-10:12 AM",68.2619
"2014-08-11:12 AM",69.8319
"2014-08-12:12 AM",72.126
"2014-08-13:12 AM",69.7671
"2014-08-14:12 AM",68.0787
"2014-08-15:12 AM",68.9279
"2014-08-16:12 AM",69.2157
"2014-08-17:12 AM",72.2748
"2014-08-18:12 AM",72.2219
"2014-08-19:12 AM",71.8358
"2014-08-20:12 AM",73.83
"2014-08-21:12 AM",75.7252
"2014-08-22:12 AM",74.5821
"2014-08-23:12 AM",71.9289
"2014-08-24:12 AM",69.0211
"2014-08-25:12 AM",66.8284
"2014-08-26:12 AM",66.9864
"2014-08-27:12 AM",68.8438
"2014-08-28:12 AM",74.9962
"2014-08-29:12 AM",71.13
"2014-08-30:12 AM",73.5996
"2014-08-31:12 AM",77.1323
"2014-09-01:12 AM",78.201
"2014-09-02:12 AM",79.52
"2014-09-03:12 AM",76.1083
"2014-09-04:12 AM",74.7133
"2014-09-05:12 AM",75.5359
"2014-09-06:12 AM",77.2239
"2014-09-07:12 AM",69.9087
"2014-09-08:12 AM",65.7939
"2014-09-09:12 AM",67.0116
"2014-09-10:12 AM",68.7531
"2014-09-11:12 AM",72.5725
"2014-09-12:12 AM",67.575
"2014-09-13:12 AM",64.8259
"2014-09-14:12 AM",58.9012
"2014-09-15:12 AM",62.2139
"2014-09-16:12 AM",65.5849
"2014-09-17:12 AM",62.1363
"2014-09-18:12 AM",63.792
"2014-09-19:12 AM",61.7063
"2014-09-20:12 AM",64.6959
"2014-09-21:12 AM",68.6215
"2014-09-22:12 AM",62.2405
"2014-09-23:12 AM",56.5743
"2014-09-24:12 AM",59.6005
"2014-09-25:12 AM",62.3698
"2014-09-26:12 AM",64.251
"2014-09-27:12 AM",61.4725
"2014-09-28:12 AM",61.5673
"2014-09-29:12 AM",62.9778
"2014-09-30:12 AM",63.3079
"2014-10-01:12 AM",62.8675
"2014-10-02:12 AM",62.9528
"2014-10-03:12 AM",64.587
"2014-10-04:12 AM",57.288
"2014-10-05:12 AM",46.7818
"2014-10-06:12 AM",55.463
"2014-10-07:12 AM",60.8533
"2014-10-08:12 AM",64.584
"2014-10-09:12 AM",59.2896
"2014-10-10:12 AM",62.8308
"2014-10-11:12 AM",59.6293
"2014-10-12:12 AM",55.0414
"2014-10-13:12 AM",61.4502
"2014-10-14:12 AM",68.8035
"2014-10-15:12 AM",64.2562
"2014-10-16:12 AM",56.4978
"2014-10-17:12 AM",58.0429
"2014-10-18:12 AM",56.8683
"2014-10-19:12 AM",47.6442
"2014-10-20:12 AM",49.9366
"2014-10-21:12 AM",55.1323
"2014-10-22:12 AM",50.2497
"2014-10-23:12 AM",51.1504
"2014-10-24:12 AM",52.1969
"2014-10-25:12 AM",53.0128
"2014-10-26:12 AM",56.192
"2014-10-27:12 AM",54.5747
"2014-10-28:12 AM",63.1517
"2014-10-29:12 AM",59.3346
"2014-10-30:12 AM",48.8064
"2014-10-31:12 AM",44.9965
"2014-11-01:12 AM",41.9545
"2014-11-02:12 AM",37.8468
"2014-11-03:12 AM",42.9071
"2014-11-04:12 AM",54.9406
"2014-11-05:12 AM",56.1643
"2014-11-06:12 AM",55.9128
"2014-11-07:12 AM",44.2285
"2014-11-08:12 AM",40.0264
"2014-11-09:12 AM",45.3308
"2014-11-10:12 AM",45.8607
"2014-11-11:12 AM",50.085
"2014-11-12:12 AM",52.1798
"2014-11-13:12 AM",41.3838
"2014-11-14:12 AM",31.9856
"2014-11-15:12 AM",28.8835
"2014-11-16:12 AM",35.6437
"2014-11-17:12 AM",41.6856
"2014-11-18:12 AM",25.947
"2014-11-19:12 AM",26.69
"2014-11-20:12 AM",35.616
"2014-11-21:12 AM",29.3225
"2014-11-22:12 AM",33.8994
"2014-11-23:12 AM",43.8683
"2014-11-24:12 AM",59.1606
"2014-11-25:12 AM",52.0905
"2014-11-26:12 AM",40.7093
"2014-11-27:12 AM",33.8567
"2014-11-28:12 AM",28.6102
"2014-11-29:12 AM",33.7455
"2014-11-30:12 AM",44.4947
"2014-12-01:12 AM",54.2359
"2014-12-02:12 AM",41.9023
"2014-12-03:12 AM",45.435
"2014-12-04:12 AM",40.4346
"2014-12-05:12 AM",41.5909
"2014-12-06:12 AM",45.7308
"2014-12-07:12 AM",37.4889
"2014-12-08:12 AM",34.2023
"2014-12-09:12 AM",37.2267
"2014-12-10:12 AM",36.6715
"2014-12-11:12 AM",32.311
"2014-12-12:12 AM",34.7693
"2014-12-13:12 AM",35.5865
"2014-12-14:12 AM",37.0096
"2014-12-15:12 AM",39.9069
"2014-12-16:12 AM",42.5754
"2014-12-17:12 AM",42.1434
"2014-12-18:12 AM",35.1208
"2014-12-19:12 AM",32.8867
"2014-12-20:12 AM",31.5606
"2014-12-21:12 AM",33.3363
"2014-12-22:12 AM",34.9138
"2014-12-23:12 AM",40.2715
"2014-12-24:12 AM",48.6795
"2014-12-25:12 AM",45.2683
"2014-12-26:12 AM",38.3554
"2014-12-27:12 AM",43.2514
"2014-12-28:12 AM",49.3801
"2014-12-29:12 AM",42.2796
"2014-12-30:12 AM",33.7406
"2014-12-31:12 AM",29.6607
"2015-01-01:12 AM",32.0711
"2015-01-02:12 AM",36.5391
"2015-01-03:12 AM",39.8199
"2015-01-04:12 AM",51.8205
"2015-01-05:12 AM",33.2717
"2015-01-06:12 AM",30.6061
"2015-01-07:12 AM",22.1787
"2015-01-08:12 AM",13.1212
"2015-01-09:12 AM",25.0952
"2015-01-10:12 AM",20.6062
"2015-01-11:12 AM",28.0038
"2015-01-12:12 AM",37.8378
"2015-01-13:12 AM",32.2693
"2015-01-14:12 AM",29.4975
"2015-01-15:12 AM",31.4409
"2015-01-16:12 AM",32.8957
"2015-01-17:12 AM",32.4547
"2015-01-18:12 AM",39.0204
"2015-01-19:12 AM",37.2591
"2015-01-20:12 AM",39.9724
"2015-01-21:12 AM",37.4392
"2015-01-22:12 AM",35.6142
"2015-01-23:12 AM",33.7984
"2015-01-24:12 AM",33.9854
"2015-01-25:12 AM",36.6696
"2015-01-26:12 AM",36.0181
"2015-01-27:12 AM",27.851
"2015-01-28:12 AM",26.0649
"2015-01-29:12 AM",31.0152
"2015-01-30:12 AM",30.6806
"2015-01-31:12 AM",25.1229
"2015-02-01:12 AM",34.1901
"2015-02-02:12 AM",37.3743
"2015-02-03:12 AM",27.9124
"2015-02-04:12 AM",35.0872
"2015-02-05:12 AM",29.1038
"2015-02-06:12 AM",26.5082
"2015-02-07:12 AM",36.0077
"2015-02-08:12 AM",44.6999
"2015-02-09:12 AM",46.9618
"2015-02-10:12 AM",34.4358
"2015-02-11:12 AM",33.6313
"2015-02-12:12 AM",31.8061
"2015-02-13:12 AM",20.5189
"2015-02-14:12 AM",28.6583
"2015-02-15:12 AM",12.1829
"2015-02-16:12 AM",13.2526
"2015-02-17:12 AM",17.91
"2015-02-18:12 AM",16.9554
"2015-02-19:12 AM",6.4906
"2015-02-20:12 AM",3.1005
"2015-02-21:12 AM",20.638
"2015-02-22:12 AM",36.0147
"2015-02-23:12 AM",27.5491
"2015-02-24:12 AM",19.5157
"2015-02-25:12 AM",25.389
"2015-02-26:12 AM",28.9857
"2015-02-27:12 AM",23.3058
"2015-02-28:12 AM",20.2584
"2015-03-01:12 AM",28.9695
"2015-03-02:12 AM",34.8726
"2015-03-03:12 AM",32.0065
"2015-03-04:12 AM",47.322
"2015-03-05:12 AM",33.4159
"2015-03-06:12 AM",20.574
"2015-03-07:12 AM",30.3867
"2015-03-08:12 AM",39.9006
"2015-03-09:12 AM",46.315
"2015-03-10:12 AM",49.685
"2015-03-11:12 AM",56.5218
"2015-03-12:12 AM",46.047
"2015-03-13:12 AM",41.2851
"2015-03-14:12 AM",48.0186
"2015-03-15:12 AM",47.6389
"2015-03-16:12 AM",50.2164
"2015-03-17:12 AM",53.8686
"2015-03-18:12 AM",38.1319
"2015-03-19:12 AM",38.8791
"2015-03-20:12 AM",38.9313
"2015-03-21:12 AM",44.296
"2015-03-22:12 AM",47.1814
"2015-03-23:12 AM",41.4901
"2015-03-24:12 AM",41.0673
"2015-03-25:12 AM",43.6986
"2015-03-26:12 AM",57.3913
"2015-03-27:12 AM",41.979
"2015-03-28:12 AM",29.5806
"2015-03-29:12 AM",31.9712
"2015-03-30:12 AM",41.5864
"2015-03-31:12 AM",48.9713
"2015-04-01:12 AM",44.7892
"2015-04-02:12 AM",51.1426
"2015-04-03:12 AM",62.2002
"2015-04-04:12 AM",50.7274
"2015-04-05:12 AM",46.0422
"2015-04-06:12 AM",54.7311
"2015-04-07:12 AM",60.0201
"2015-04-08:12 AM",57.0947
"2015-04-09:12 AM",52.5292
"2015-04-10:12 AM",59.2489
"2015-04-11:12 AM",54.3259
"2015-04-12:12 AM",52.1956
"2015-04-13:12 AM",59.1897
"2015-04-14:12 AM",59.9313
"2015-04-15:12 AM",52.6316
"2015-04-16:12 AM",52.8345
"2015-04-17:12 AM",60.5025
"2015-04-18:12 AM",64.1041
"2015-04-19:12 AM",59.1694
"2015-04-20:12 AM",63.7506
"2015-04-21:12 AM",55.1307
"2015-04-22:12 AM",54.1774
"2015-04-23:12 AM",47.2251
"2015-04-24:12 AM",45.2041
"2015-04-25:12 AM",44.739
"2015-04-26:12 AM",45.7709
"2015-04-27:12 AM",48.3503
"2015-04-28:12 AM",48.7521
"2015-04-29:12 AM",56.0224
"2015-04-30:12 AM",54.7972
"2015-05-01:12 AM",50.9032
"2015-05-02:12 AM",54.8722
"2015-05-03:12 AM",60.4575
"2015-05-04:12 AM",65.0311
"2015-05-05:12 AM",67.8475
"2015-05-06:12 AM",67.6018
"2015-05-07:12 AM",66.0169
"2015-05-08:12 AM",66.3757
"2015-05-09:12 AM",66.7751
"2015-05-10:12 AM",68.0544
"2015-05-11:12 AM",70.3278
"2015-05-12:12 AM",72.4766
"2015-05-13:12 AM",61.4925
"2015-05-14:12 AM",55.7874
"2015-05-15:12 AM",62.3545
"2015-05-16:12 AM",69.0001
"2015-05-17:12 AM",70.6321
"2015-05-18:12 AM",72.549
"2015-05-19:12 AM",71.2508
"2015-05-20:12 AM",64.8262
"2015-05-21:12 AM",55.2542
"2015-05-22:12 AM",57.4419
"2015-05-23:12 AM",60.5255
"2015-05-24:12 AM",64.708
"2015-05-25:12 AM",68.3785
"2015-05-26:12 AM",71.661
"2015-05-27:12 AM",73.7299
"2015-05-28:12 AM",73.0359
"2015-05-29:12 AM",71.9746
"2015-05-30:12 AM",72.2539
"2015-05-31:12 AM",72.5958
"2015-06-01:12 AM",72.4595
"2015-06-02:12 AM",65.1963
"2015-06-03:12 AM",59.0149
"2015-06-04:12 AM",60.4125
"2015-06-05:12 AM",64.3897
"2015-06-06:12 AM",68.5227
"2015-06-07:12 AM",67.3257
"2015-06-08:12 AM",72.4419
"2015-06-09:12 AM",73.3692
"2015-06-10:12 AM",72.4858
"2015-06-11:12 AM",76.7169
"2015-06-12:12 AM",77.8876
"2015-06-13:12 AM",79.2981
"2015-06-14:12 AM",78.4931
"2015-06-15:12 AM",79.8591
"2015-06-16:12 AM",81.0356
"2015-06-17:12 AM",76.6425
"2015-06-18:12 AM",78.3865
"2015-06-19:12 AM",76.9543
"2015-06-20:12 AM",77.376
"2015-06-21:12 AM",79.2374
"2015-06-22:12 AM",78.6931
"2015-06-23:12 AM",81.8823
"2015-06-24:12 AM",77.4513
"2015-06-25:12 AM",75.5935
"2015-06-26:12 AM",75.2052
"2015-06-27:12 AM",71.4132
"2015-06-28:12 AM",68.6277
"2015-06-29:12 AM",68.3031
"2015-06-30:12 AM",74.5173
"2015-07-01:12 AM",74.2977
"2015-07-02:12 AM",71.7397
"2015-07-03:12 AM",68.8289
"2015-07-04:12 AM",72.2984
"2015-07-05:12 AM",71.7042
"2015-07-06:12 AM",73.4164
"2015-07-07:12 AM",76.5678
"2015-07-08:12 AM",75.7501
"2015-07-09:12 AM",79.1893
"2015-07-10:12 AM",78.6774
"2015-07-11:12 AM",73.8491
"2015-07-12:12 AM",72.2541
"2015-07-13:12 AM",73.6767
"2015-07-14:12 AM",76.5432
"2015-07-15:12 AM",74.9304
"2015-07-16:12 AM",72.1749
"2015-07-17:12 AM",74.7165
"2015-07-18:12 AM",79.0347
"2015-07-19:12 AM",80.6956
"2015-07-20:12 AM",80.9758
"2015-07-21:12 AM",79.5601
"2015-07-22:12 AM",75.7166
"2015-07-23:12 AM",72.0691
"2015-07-24:12 AM",73.2589
"2015-07-25:12 AM",73.3732
"2015-07-26:12 AM",76.1005
"2015-07-27:12 AM",77.7513
"2015-07-28:12 AM",78.1786
"2015-07-29:12 AM",76.858
"2015-07-30:12 AM",79.7477
"2015-07-31:12 AM",76.1369
"2015-08-01:12 AM",75.4597
"2015-08-02:12 AM",73.6632
"2015-08-03:12 AM",75.803
"2015-08-04:12 AM",79.2345
"2015-08-05:12 AM",77.7234
"2015-08-06:12 AM",73.5426
"2015-08-07:12 AM",69.4141
"2015-08-08:12 AM",72.3729
"2015-08-09:12 AM",73.805
"2015-08-10:12 AM",73.0805
"2015-08-11:12 AM",75.7785
"2015-08-12:12 AM",72.2361
"2015-08-13:12 AM",70.884
"2015-08-14:12 AM",71.4879
"2015-08-15:12 AM",72.6165
"2015-08-16:12 AM",74.1652
"2015-08-17:12 AM",76.0651
"2015-08-18:12 AM",74.4285
"2015-08-19:12 AM",74.6919
"2015-08-20:12 AM",74.25
"2015-08-21:12 AM",72.1206
"2015-08-22:12 AM",69.5257
"2015-08-23:12 AM",70.9633
"2015-08-24:12 AM",75.1275
"2015-08-25:12 AM",71.2596
"2015-08-26:12 AM",68.6782
"2015-08-27:12 AM",68.1949
"2015-08-28:12 AM",69.6888
"2015-08-29:12 AM",70.4797
"2015-08-30:12 AM",72.4545
"2015-08-31:12 AM",71.1703
"2015-09-01:12 AM",74.0271
"2015-09-02:12 AM",76.8268
"2015-09-03:12 AM",75.997
"2015-09-04:12 AM",75.9333
"2015-09-05:12 AM",74.2336
"2015-09-06:12 AM",70.2262
"2015-09-07:12 AM",72.6238
"2015-09-08:12 AM",74.3344
"2015-09-09:12 AM",76.9312
"2015-09-10:12 AM",72.5378
"2015-09-11:12 AM",69.134
"2015-09-12:12 AM",66.4765
"2015-09-13:12 AM",60.3612
"2015-09-14:12 AM",57.3849
"2015-09-15:12 AM",60.8977
"2015-09-16:12 AM",63.0635
"2015-09-17:12 AM",64.3516
"2015-09-18:12 AM",66.2005
"2015-09-19:12 AM",68.387
"2015-09-20:12 AM",68.3683
"2015-09-21:12 AM",62.2036
"2015-09-22:12 AM",63.8431
"2015-09-23:12 AM",64.2409
"2015-09-24:12 AM",64.8691
"2015-09-25:12 AM",62.9231
"2015-09-26:12 AM",61.3861
"2015-09-27:12 AM",62.6428
"2015-09-28:12 AM",67.8673
"2015-09-29:12 AM",70.1332
"2015-09-30:12 AM",70.9624
"2015-10-01:12 AM",58.7633
"2015-10-02:12 AM",52.8586
"2015-10-03:12 AM",53.9832
"2015-10-04:12 AM",56.4771
"2015-10-05:12 AM",56.7369
"2015-10-06:12 AM",56.1927
"2015-10-07:12 AM",61.2032
"2015-10-08:12 AM",63.279
"2015-10-09:12 AM",66.4731
"2015-10-10:12 AM",57.1329
"2015-10-11:12 AM",52.6114
"2015-10-12:12 AM",56.4609
"2015-10-13:12 AM",62.285
"2015-10-14:12 AM",57.1546
"2015-10-15:12 AM",53.4094
"2015-10-16:12 AM",53.1666
"2015-10-17:12 AM",46.638
"2015-10-18:12 AM",40.0926
"2015-10-19:12 AM",40.8438
"2015-10-20:12 AM",48.4261
"2015-10-21:12 AM",52.7567
"2015-10-22:12 AM",57.1723
"2015-10-23:12 AM",59.5819
"2015-10-24:12 AM",55.2072
"2015-10-25:12 AM",58.028
"2015-10-26:12 AM",51.6303
"2015-10-27:12 AM",48.7717
"2015-10-28:12 AM",62.0535
"2015-10-29:12 AM",61.2541
"2015-10-30:12 AM",49.1785
"2015-10-31:12 AM",46.6241
"2015-11-01:12 AM",54.8944
"2015-11-02:12 AM",56.6926
"2015-11-03:12 AM",56.1483
"2015-11-04:12 AM",58.3065
"2015-11-05:12 AM",62.6113
"2015-11-06:12 AM",65.7694
"2015-11-07:12 AM",60.2019
"2015-11-08:12 AM",45.8445
"2015-11-09:12 AM",45.4235
"2015-11-10:12 AM",52.3557
"2015-11-11:12 AM",49.3943
"2015-11-12:12 AM",53.7782
"2015-11-13:12 AM",48.2508
"2015-11-14:12 AM",41.0349
"2015-11-15:12 AM",43.0653
"2015-11-16:12 AM",46.5134
"2015-11-17:12 AM",50.7609
"2015-11-18:12 AM",55.8721
"2015-11-19:12 AM",60.9258
"2015-11-20:12 AM",46.3564
"2015-11-21:12 AM",41.5506
"2015-11-22:12 AM",39.5593
"2015-11-23:12 AM",31.73
"2015-11-24:12 AM",36.2599
"2015-11-25:12 AM",38.7943
"2015-11-26:12 AM",44.5845
"2015-11-27:12 AM",50.4801
"2015-11-28:12 AM",53.4519
"2015-11-29:12 AM",53.8032
"2015-11-30:12 AM",43.7824
"2015-12-01:12 AM",45.9534
"2015-12-02:12 AM",53.3127
"2015-12-03:12 AM",40.694
"2015-12-04:12 AM",36.914
"2015-12-05:12 AM",38.1276
"2015-12-06:12 AM",38.1879
"2015-12-07:12 AM",41.0176
"2015-12-08:12 AM",41.8368
"2015-12-09:12 AM",43.9817
"2015-12-10:12 AM",50.0787
"2015-12-11:12 AM",55.1165
"2015-12-12:12 AM",59.5755
"2015-12-13:12 AM",58.0363
"2015-12-14:12 AM",61.0938
"2015-12-15:12 AM",54.9529
"2015-12-16:12 AM",46.5841
"2015-12-17:12 AM",49.7642
"2015-12-18:12 AM",41.8501
"2015-12-19:12 AM",32.4099
"2015-12-20:12 AM",34.3683
"2015-12-21:12 AM",42.2668
"2015-12-22:12 AM",53.8547
"2015-12-23:12 AM",59.2084
"2015-12-24:12 AM",65.0907
"2015-12-25:12 AM",63.7617
"2015-12-26:12 AM",58.7716
"2015-12-27:12 AM",61.588
"2015-12-28:12 AM",49.6166
"2015-12-29:12 AM",51.5561
"2015-12-30:12 AM",53.4258
"2015-12-31:12 AM",50.9286
"2016-01-01:12 AM",40.1446
"2016-01-02:12 AM",35.0222
"2016-01-03:12 AM",36.3366
"2016-01-04:12 AM",29.7039
"2016-01-05:12 AM",22.3358
"2016-01-06:12 AM",26.2224
"2016-01-07:12 AM",33.3559
"2016-01-08:12 AM",37.9812
"2016-01-09:12 AM",42.7498
"2016-01-10:12 AM",44.1545
"2016-01-11:12 AM",28.5105
"2016-01-12:12 AM",32.0754
"2016-01-13:12 AM",24.1968
"2016-01-14:12 AM",35.1923
"2016-01-15:12 AM",39.5526
"2016-01-16:12 AM",41.068
"2016-01-17:12 AM",32.8721
"2016-01-18:12 AM",20.2572
"2016-01-19:12 AM",15.991
"2016-01-20:12 AM",22.1819
"2016-01-21:12 AM",25.7259
"2016-01-22:12 AM",23.6152
"2016-01-23:12 AM",23.7038
"2016-01-24:12 AM",19.8156
"2016-01-25:12 AM",26.9931
"2016-01-26:12 AM",38.2174
"2016-01-27:12 AM",35.6707
"2016-01-28:12 AM",31.977
"2016-01-29:12 AM",31.8306
"2016-01-30:12 AM",32.153
"2016-01-31:12 AM",43.3846
"2016-02-01:12 AM",50.3258
"2016-02-02:12 AM",44.4954
"2016-02-03:12 AM",50.8852
"2016-02-04:12 AM",46.2695
"2016-02-05:12 AM",32.3821
"2016-02-06:12 AM",32.3989
"2016-02-07:12 AM",33.9575
"2016-02-08:12 AM",34.9048
"2016-02-09:12 AM",31.4278
"2016-02-10:12 AM",25.3315
"2016-02-11:12 AM",20.9271
"2016-02-12:12 AM",23.7175
"2016-02-13:12 AM",19.5426
"2016-02-14:12 AM",16.4147
"2016-02-15:12 AM",24.1819
"2016-02-16:12 AM",38.4233
"2016-02-17:12 AM",34.7727
"2016-02-18:12 AM",30.8379
"2016-02-19:12 AM",32.938
"2016-02-20:12 AM",47.0005
"2016-02-21:12 AM",52.1074
"2016-02-22:12 AM",45.8812
"2016-02-23:12 AM",42.0062
"2016-02-24:12 AM",47.2658
"2016-02-25:12 AM",38.5021
"2016-02-26:12 AM",31.5473
"2016-02-27:12 AM",32.2873
"2016-02-28:12 AM",42.0274
"2016-02-29:12 AM",47.7428
"2016-03-01:12 AM",48.0765
"2016-03-02:12 AM",38.9547
"2016-03-03:12 AM",31.8868
"2016-03-04:12 AM",33.5223
"2016-03-05:12 AM",34.4973
"2016-03-06:12 AM",37.5589
"2016-03-07:12 AM",44.7262
"2016-03-08:12 AM",54.6894
"2016-03-09:12 AM",58.1592
"2016-03-10:12 AM",62.3514
"2016-03-11:12 AM",60.9764
"2016-03-12:12 AM",57.0979
"2016-03-13:12 AM",58.7813
"2016-03-14:12 AM",54.3155
"2016-03-15:12 AM",54.1053
"2016-03-16:12 AM",58.9039
"2016-03-17:12 AM",53.8281
"2016-03-18:12 AM",49.3291
"2016-03-19:12 AM",42.5835
"2016-03-20:12 AM",37.4788
"2016-03-21:12 AM",36.7441
"2016-03-22:12 AM",43.4683
"2016-03-23:12 AM",52.9727
"2016-03-24:12 AM",57.8012
"2016-03-25:12 AM",59.2864
"2016-03-26:12 AM",48.1543
"2016-03-27:12 AM",50.8289
"2016-03-28:12 AM",51.6074
"2016-03-29:12 AM",46.8199
"2016-03-30:12 AM",47.9206
"2016-03-31:12 AM",57.677
"2016-04-01:12 AM",64.8001
"2016-04-02:12 AM",53.152
"2016-04-03:12 AM",39.9135
"2016-04-04:12 AM",53.2773
"2016-04-05:12 AM",36.3013
"2016-04-06:12 AM",40.743
"2016-04-07:12 AM",49.942
"2016-04-08:12 AM",42.5984
"2016-04-09:12 AM",37.2704
"2016-04-10:12 AM",37.5471
"2016-04-11:12 AM",51.9964
"2016-04-12:12 AM",54.831
"2016-04-13:12 AM",46.0499
"2016-04-14:12 AM",46.8241
"2016-04-15:12 AM",47.2962
"2016-04-16:12 AM",48.78
"2016-04-17:12 AM",51.7186
"2016-04-18:12 AM",60.3561
"2016-04-19:12 AM",64.8149
"2016-04-20:12 AM",57.4108
"2016-04-21:12 AM",58.6789
"2016-04-22:12 AM",61.2417
"2016-04-23:12 AM",57.682
"2016-04-24:12 AM",54.0288
"2016-04-25:12 AM",62.0938
"2016-04-26:12 AM",68.6647
"2016-04-27:12 AM",64.6506
"2016-04-28:12 AM",58.8193
"2016-04-29:12 AM",57.7175
"2016-04-30:12 AM",55.0992
"2016-05-01:12 AM",58.2463
"2016-05-02:12 AM",67.1137
"2016-05-03:12 AM",63.5027
"2016-05-04:12 AM",56.4607
"2016-05-05:12 AM",49.2924
"2016-05-06:12 AM",50.7747
"2016-05-07:12 AM",56.0233
"2016-05-08:12 AM",61.1634
"2016-05-09:12 AM",60.514
"2016-05-10:12 AM",62.8048
"2016-05-11:12 AM",62.2875
"2016-05-12:12 AM",64.1889
"2016-05-13:12 AM",63.3816
"2016-05-14:12 AM",58.9098
"2016-05-15:12 AM",49.1776
"2016-05-16:12 AM",50.4064
"2016-05-17:12 AM",54.4869
"2016-05-18:12 AM",56.4318
"2016-05-19:12 AM",55.837
"2016-05-20:12 AM",57.0187
"2016-05-21:12 AM",58.0791
"2016-05-22:12 AM",55.4855
"2016-05-23:12 AM",56.332
"2016-05-24:12 AM",63.2685
"2016-05-25:12 AM",68.7022
"2016-05-26:12 AM",70.2871
"2016-05-27:12 AM",73.2846
"2016-05-28:12 AM",71.697
"2016-05-29:12 AM",67.1994
"2016-05-30:12 AM",68.5647
"2016-05-31:12 AM",69.7606
"2016-06-01:12 AM",71.2571
"2016-06-02:12 AM",69.9683
"2016-06-03:12 AM",71.0857
"2016-06-04:12 AM",71.989
"2016-06-05:12 AM",71.2834
"2016-06-06:12 AM",72.2635
"2016-06-07:12 AM",71.8722
"2016-06-08:12 AM",63.2831
"2016-06-09:12 AM",63.4048
"2016-06-10:12 AM",67.8857
"2016-06-11:12 AM",74.6181
"2016-06-12:12 AM",77.7411
"2016-06-13:12 AM",67.8576
"2016-06-14:12 AM",70.2509
"2016-06-15:12 AM",72.3018
"2016-06-16:12 AM",75.7274
"2016-06-17:12 AM",67.617
"2016-06-18:12 AM",67.5025
"2016-06-19:12 AM",68.1816
"2016-06-20:12 AM",70.9831
"2016-06-21:12 AM",75.11
"2016-06-22:12 AM",75.1204
"2016-06-23:12 AM",77.4196
"2016-06-24:12 AM",74.7122
"2016-06-25:12 AM",72.3099
"2016-06-26:12 AM",71.1189
"2016-06-27:12 AM",72.0392
"2016-06-28:12 AM",73.3611
"2016-06-29:12 AM",72.6004
"2016-06-30:12 AM",70.621
"2016-07-01:12 AM",74.2764
"2016-07-02:12 AM",72.7349
"2016-07-03:12 AM",65.8708
"2016-07-04:12 AM",68.4261
"2016-07-05:12 AM",77.999
"2016-07-06:12 AM",78.3516
"2016-07-07:12 AM",76.6094
"2016-07-08:12 AM",77.9365
"2016-07-09:12 AM",77.356
"2016-07-10:12 AM",74.8864
"2016-07-11:12 AM",74.5484
"2016-07-12:12 AM",75.4048
"2016-07-13:12 AM",78.3397
"2016-07-14:12 AM",80.5735
"2016-07-15:12 AM",77.8012
"2016-07-16:12 AM",75.789
"2016-07-17:12 AM",77.0736
"2016-07-18:12 AM",79.1166
"2016-07-19:12 AM",78.7392
"2016-07-20:12 AM",75.7908
"2016-07-21:12 AM",75.6864
"2016-07-22:12 AM",78.3916
"2016-07-23:12 AM",81.2935
"2016-07-24:12 AM",82.7159
"2016-07-25:12 AM",81.766
"2016-07-26:12 AM",83.7419
"2016-07-27:12 AM",80.6317
"2016-07-28:12 AM",81.2676
"2016-07-29:12 AM",78.4684
"2016-07-30:12 AM",77.2705
"2016-07-31:12 AM",77.3096
"2016-08-01:12 AM",78.2398
"2016-08-02:12 AM",76.4953
"2016-08-03:12 AM",72.2089
"2016-08-04:12 AM",72.2394
"2016-08-05:12 AM",72.507
"2016-08-06:12 AM",78.5565
"2016-08-07:12 AM",75.8557
"2016-08-08:12 AM",70.2189
"2016-08-09:12 AM",72.3108
"2016-08-10:12 AM",77.6453
"2016-08-11:12 AM",79.885
"2016-08-12:12 AM",81.2458
"2016-08-13:12 AM",82.5935
"2016-08-14:12 AM",81.9928
"2016-08-15:12 AM",81.5677
"2016-08-16:12 AM",80.505
"2016-08-17:12 AM",81.2453
"2016-08-18:12 AM",77.9054
"2016-08-19:12 AM",75.8977
"2016-08-20:12 AM",75.5089
"2016-08-21:12 AM",75.7283
"2016-08-22:12 AM",70.4631
"2016-08-23:12 AM",69.6807
"2016-08-24:12 AM",71.0947
"2016-08-25:12 AM",75.5944
"2016-08-26:12 AM",79.9603
"2016-08-27:12 AM",79.5169
"2016-08-28:12 AM",74.9725
"2016-08-29:12 AM",73.6223
"2016-08-30:12 AM",75.8548
"2016-08-31:12 AM",76.9503
"2016-09-01:12 AM",74.6697
"2016-09-02:12 AM",69.5079
"2016-09-03:12 AM",67.4123
"2016-09-04:12 AM",66.7913
"2016-09-05:12 AM",66.6993
"2016-09-06:12 AM",73.1217
"2016-09-07:12 AM",77.6917
"2016-09-08:12 AM",78.0226
"2016-09-09:12 AM",79.1164
"2016-09-10:12 AM",78.4517
"2016-09-11:12 AM",74.5819
"2016-09-12:12 AM",69.7251
"2016-09-13:12 AM",71.5012
"2016-09-14:12 AM",73.9209
"2016-09-15:12 AM",70.6656
"2016-09-16:12 AM",68.6565
"2016-09-17:12 AM",70.9057
"2016-09-18:12 AM",72.5981
"2016-09-19:12 AM",71.2078
"2016-09-20:12 AM",69.6772
"2016-09-21:12 AM",70.5416
"2016-09-22:12 AM",69.6789
"2016-09-23:12 AM",69.2987
"2016-09-24:12 AM",71.0402
"2016-09-25:12 AM",65.0437
"2016-09-26:12 AM",65.0995
"2016-09-27:12 AM",67.0699
"2016-09-28:12 AM",64.9861
"2016-09-29:12 AM",66.2542
"2016-09-30:12 AM",64.4509
"2016-10-01:12 AM",64.1444
"2016-10-02:12 AM",62.6531
"2016-10-03:12 AM",63.3616
"2016-10-04:12 AM",62.3557
"2016-10-05:12 AM",60.0444
"2016-10-06:12 AM",60.1133
"2016-10-07:12 AM",63.5004
"2016-10-08:12 AM",63.7813
"2016-10-09:12 AM",54.5972
"2016-10-10:12 AM",50.1595
"2016-10-11:12 AM",49.7516
"2016-10-12:12 AM",51.089
"2016-10-13:12 AM",57.3103
"2016-10-14:12 AM",53.4679
"2016-10-15:12 AM",54.5441
"2016-10-16:12 AM",59.7677
"2016-10-17:12 AM",64.4448
"2016-10-18:12 AM",66.9713
"2016-10-19:12 AM",69.6918
"2016-10-20:12 AM",69.0906
"2016-10-21:12 AM",61.2273
"2016-10-22:12 AM",48.8077
"2016-10-23:12 AM",49.8234
"2016-10-24:12 AM",56.6834
"2016-10-25:12 AM",49.1583
"2016-10-26:12 AM",47.6496
"2016-10-27:12 AM",55.2949
"2016-10-28:12 AM",55.0699
"2016-10-29:12 AM",56.9381
"2016-10-30:12 AM",64.398
"2016-10-31:12 AM",56.5624
"2016-11-01:12 AM",54.6438
"2016-11-02:12 AM",60.4553
"2016-11-03:12 AM",65.7487
"2016-11-04:12 AM",55.4117
"2016-11-05:12 AM",47.4742
"2016-11-06:12 AM",50.0439
"2016-11-07:12 AM",47.131
"2016-11-08:12 AM",48.7549
"2016-11-09:12 AM",51.6538
"2016-11-10:12 AM",46.1008
"2016-11-11:12 AM",49.2125
"2016-11-12:12 AM",40.2955
"2016-11-13:12 AM",40.1979
"2016-11-14:12 AM",43.7524
"2016-11-15:12 AM",45.3983
"2016-11-16:12 AM",48.09
"2016-11-17:12 AM",48.5276
"2016-11-18:12 AM",50.7015
"2016-11-19:12 AM",48.49
"2016-11-20:12 AM",34.8651
"2016-11-21:12 AM",32.1109
"2016-11-22:12 AM",33.4436
"2016-11-23:12 AM",38.3018
"2016-11-24:12 AM",48.0418
"2016-11-25:12 AM",52.5969
"2016-11-26:12 AM",43.3801
"2016-11-27:12 AM",37.6862
"2016-11-28:12 AM",41.7351
"2016-11-29:12 AM",56.7698
"2016-11-30:12 AM",61.882
"2016-12-01:12 AM",48.5856
"2016-12-02:12 AM",39.4927
"2016-12-03:12 AM",37.4335
"2016-12-04:12 AM",37.9706
"2016-12-05:12 AM",42.9307
"2016-12-06:12 AM",42.0112
"2016-12-07:12 AM",39.9927
"2016-12-08:12 AM",38.0903
"2016-12-09:12 AM",27.7644
"2016-12-10:12 AM",25.7137
"2016-12-11:12 AM",30.2859
"2016-12-12:12 AM",43.3584
"2016-12-13:12 AM",41.3152
"2016-12-14:12 AM",38.9215
"2016-12-15:12 AM",25.7851
"2016-12-16:12 AM",22.4487
"2016-12-17:12 AM",38.3572
"2016-12-18:12 AM",49.226
"2016-12-19:12 AM",32.0085
"2016-12-20:12 AM",30.3078
"2016-12-21:12 AM",34.3501
"2016-12-22:12 AM",38.8396
"2016-12-23:12 AM",35.5786
"2016-12-24:12 AM",42.7204
"2016-12-25:12 AM",45.0415
"2016-12-26:12 AM",45.5684
"2016-12-27:12 AM",54.2077
"2016-12-28:12 AM",41.436
"2016-12-29:12 AM",40.7109
"2016-12-30:12 AM",32.9518
"2016-12-31:12 AM",34.6591
"2017-01-01:12 AM",42.0652
"2017-01-02:12 AM",44.5807
"2017-01-03:12 AM",44.8396
"2017-01-04:12 AM",44.4578
"2017-01-05:12 AM",32.6386
"2017-01-06:12 AM",30.2257
"2017-01-07:12 AM",18.6561
"2017-01-08:12 AM",8.5989
"2017-01-09:12 AM",11.6481
"2017-01-10:12 AM",24.5435
"2017-01-11:12 AM",42.5041
"2017-01-12:12 AM",53.6137
"2017-01-13:12 AM",51.9942
"2017-01-14:12 AM",41.2255
"2017-01-15:12 AM",41.7798
"2017-01-16:12 AM",42.4749
"2017-01-17:12 AM",48.6045
"2017-01-18:12 AM",49.7971
"2017-01-19:12 AM",43.1708
"2017-01-20:12 AM",45.4447
"2017-01-21:12 AM",48.1287
"2017-01-22:12 AM",48.9681
"2017-01-23:12 AM",45.5457
"2017-01-24:12 AM",39.6171
"2017-01-25:12 AM",44.8626
"2017-01-26:12 AM",46.9425
"2017-01-27:12 AM",34.1904
"2017-01-28:12 AM",33.2701
"2017-01-29:12 AM",34.7245
"2017-01-30:12 AM",29.2199
"2017-01-31:12 AM",37.839
"2017-02-01:12 AM",43.1764
"2017-02-02:12 AM",40.3812
"2017-02-03:12 AM",32.8591
"2017-02-04:12 AM",27.6163
"2017-02-05:12 AM",35.5442
"2017-02-06:12 AM",42.6756
"2017-02-07:12 AM",54.4507
"2017-02-08:12 AM",56.5497
"2017-02-09:12 AM",36.7439
"2017-02-10:12 AM",29.9264
"2017-02-11:12 AM",46.3226
"2017-02-12:12 AM",56.8564
"2017-02-13:12 AM",38.5302
"2017-02-14:12 AM",37.9663
"2017-02-15:12 AM",39.1314
"2017-02-16:12 AM",32.3364
"2017-02-17:12 AM",38.4125
"2017-02-18:12 AM",48.7092
"2017-02-19:12 AM",51.9555
"2017-02-20:12 AM",50.4565
"2017-02-21:12 AM",48.133
"2017-02-22:12 AM",50.0581
"2017-02-23:12 AM",56.7468
"2017-02-24:12 AM",59.4307
"2017-02-25:12 AM",55.2396
"2017-02-26:12 AM",35.7672
"2017-02-27:12 AM",41.1915
"2017-02-28:12 AM",52.5169
"2017-03-01:12 AM",63.1087
"2017-03-02:12 AM",43.3243
"2017-03-03:12 AM",34.5292
"2017-03-04:12 AM",31.132
"2017-03-05:12 AM",31.2291
"2017-03-06:12 AM",41.581
"2017-03-07:12 AM",53.3894
"2017-03-08:12 AM",52.3555
"2017-03-09:12 AM",51.4517
"2017-03-10:12 AM",44.2693
"2017-03-11:12 AM",31.4634
"2017-03-12:12 AM",31.6778
"2017-03-13:12 AM",32.8617
"2017-03-14:12 AM",31.521
"2017-03-15:12 AM",21.4686
"2017-03-16:12 AM",26.7775
"2017-03-17:12 AM",35.0535
"2017-03-18:12 AM",45.2158
"2017-03-19:12 AM",39.0394
"2017-03-20:12 AM",42.7213
"2017-03-21:12 AM",52.5666
"2017-03-22:12 AM",42.4715
"2017-03-23:12 AM",35.4609
"2017-03-24:12 AM",46.9013
"2017-03-25:12 AM",59.9486
"2017-03-26:12 AM",56.3191
"2017-03-27:12 AM",60.3709
"2017-03-28:12 AM",61.1323
"2017-03-29:12 AM",55.9164
"2017-03-30:12 AM",50.7517
"2017-03-31:12 AM",53.3361
"2017-04-01:12 AM",50.4811
"2017-04-02:12 AM",47.9412
"2017-04-03:12 AM",53.8232
"2017-04-04:12 AM",62.778
"2017-04-05:12 AM",60.9022
"2017-04-06:12 AM",56.0757
"2017-04-07:12 AM",41.4586
"2017-04-08:12 AM",44.0931
"2017-04-09:12 AM",51.3532
"2017-04-10:12 AM",59.374
"2017-04-11:12 AM",63.8715
"2017-04-12:12 AM",64.2508
"2017-04-13:12 AM",59.6197
"2017-04-14:12 AM",59.9004
"2017-04-15:12 AM",63.1571
"2017-04-16:12 AM",67.7856
"2017-04-17:12 AM",63.9387
"2017-04-18:12 AM",58.5909
"2017-04-19:12 AM",54.6071
"2017-04-20:12 AM",64.9407
"2017-04-21:12 AM",69.3129
"2017-04-22:12 AM",59.6023
"2017-04-23:12 AM",49.5666
"2017-04-24:12 AM",50.3037
"2017-04-25:12 AM",55.0522
"2017-04-26:12 AM",62.308
"2017-04-27:12 AM",66.8224
"2017-04-28:12 AM",70.0511
"2017-04-29:12 AM",74.9597
"2017-04-30:12 AM",72.8193
"2017-05-01:12 AM",68.8766
"2017-05-02:12 AM",62.3867
"2017-05-03:12 AM",58.4019
"2017-05-04:12 AM",57.4273
"2017-05-05:12 AM",63.4714
"2017-05-06:12 AM",51.8932
"2017-05-07:12 AM",51.3306
"2017-05-08:12 AM",50.4457
"2017-05-09:12 AM",52.5589
"2017-05-10:12 AM",61.9059
"2017-05-11:12 AM",61.0491
"2017-05-12:12 AM",52.7518
"2017-05-13:12 AM",54.7873
"2017-05-14:12 AM",61.8897
"2017-05-15:12 AM",63.2156
"2017-05-16:12 AM",65.1943
"2017-05-17:12 AM",73.2654
"2017-05-18:12 AM",73.9443
"2017-05-19:12 AM",75.2211
"2017-05-20:12 AM",69.8635
"2017-05-21:12 AM",61.5011
"2017-05-22:12 AM",64.5863
"2017-05-23:12 AM",60.0571
"2017-05-24:12 AM",60.0723
"2017-05-25:12 AM",61.9254
"2017-05-26:12 AM",65.3265
"2017-05-27:12 AM",66.5942
"2017-05-28:12 AM",66.4243
"2017-05-29:12 AM",69.8299
"2017-05-30:12 AM",68.9457
"2017-05-31:12 AM",69.5525
"2017-06-01:12 AM",69.1362
"2017-06-02:12 AM",67.6303
"2017-06-03:12 AM",68.0257
"2017-06-04:12 AM",70.2979
"2017-06-05:12 AM",67.3057
"2017-06-06:12 AM",67.8562
"2017-06-07:12 AM",60.9723
"2017-06-08:12 AM",60.5293
"2017-06-09:12 AM",64.4922
"2017-06-10:12 AM",70.5911
"2017-06-11:12 AM",75.4009
"2017-06-12:12 AM",75.6905
"2017-06-13:12 AM",76.7721
"2017-06-14:12 AM",76.6117
"2017-06-15:12 AM",72.8951
"2017-06-16:12 AM",72.7938
"2017-06-17:12 AM",73.4097
"2017-06-18:12 AM",77.2212
"2017-06-19:12 AM",75.2137
"2017-06-20:12 AM",71.9726
"2017-06-21:12 AM",73.7274
"2017-06-22:12 AM",75.2464
"2017-06-23:12 AM",76.5232
"2017-06-24:12 AM",78.0728
"2017-06-25:12 AM",71.4738
"2017-06-26:12 AM",68.7987
"2017-06-27:12 AM",67.2467
"2017-06-28:12 AM",67.138
"2017-06-29:12 AM",71.4097
"2017-06-30:12 AM",75.1591
"2017-07-01:12 AM",76.4676
"2017-07-02:12 AM",77.0628
"2017-07-03:12 AM",77.3827
"2017-07-04:12 AM",74.4739
"2017-07-05:12 AM",73.7139
"2017-07-06:12 AM",75.9587
"2017-07-07:12 AM",78.0922
"2017-07-08:12 AM",76.4584
"2017-07-09:12 AM",73.8054
"2017-07-10:12 AM",75.1078
"2017-07-11:12 AM",78.3133
"2017-07-12:12 AM",80.6441
"2017-07-13:12 AM",82.5183
"2017-07-14:12 AM",82.2641
"2017-07-15:12 AM",79.1488
"2017-07-16:12 AM",77.3406
"2017-07-17:12 AM",75.8997
"2017-07-18:12 AM",77.7407
"2017-07-19:12 AM",78.9118
"2017-07-20:12 AM",81.1814
"2017-07-21:12 AM",82.209
"2017-07-22:12 AM",83.2231
"2017-07-23:12 AM",81.4707
"2017-07-24:12 AM",79.3722
"2017-07-25:12 AM",76.1686
"2017-07-26:12 AM",74.0404
"2017-07-27:12 AM",76.2912
"2017-07-28:12 AM",75.2157
"2017-07-29:12 AM",68.423
"2017-07-30:12 AM",68.1732
"2017-07-31:12 AM",69.8725
"2017-08-01:12 AM",73.1817
"2017-08-02:12 AM",74.9903
"2017-08-03:12 AM",75.9949
"2017-08-04:12 AM",76.6728
"2017-08-05:12 AM",72.9799
"2017-08-06:12 AM",69.8419
"2017-08-07:12 AM",70.3602
"2017-08-08:12 AM",70.8325
"2017-08-09:12 AM",69.0885
"2017-08-10:12 AM",69.2604
"2017-08-11:12 AM",72.0343
"2017-08-12:12 AM",73.6443
"2017-08-13:12 AM",72.5963
"2017-08-14:12 AM",71.692
"2017-08-15:12 AM",72.6933
"2017-08-16:12 AM",76.8916
"2017-08-17:12 AM",78.2265
"2017-08-18:12 AM",79.3526
"2017-08-19:12 AM",75.8457
"2017-08-20:12 AM",75.6428
"2017-08-21:12 AM",76.8322
"2017-08-22:12 AM",79.0898
"2017-08-23:12 AM",76.3902
"2017-08-24:12 AM",68.722
"2017-08-25:12 AM",68.6206
"2017-08-26:12 AM",68.1987
"2017-08-27:12 AM",66.2515
"2017-08-28:12 AM",65.7815
"2017-08-29:12 AM",63.0502
"2017-08-30:12 AM",66.6514
"2017-08-31:12 AM",71.499
"2017-09-01:12 AM",62.4232
"2017-09-02:12 AM",58.2886
"2017-09-03:12 AM",64.2459
"2017-09-04:12 AM",68.315
"2017-09-05:12 AM",71.9827
"2017-09-06:12 AM",64.2654
"2017-09-07:12 AM",58.6801
"2017-09-08:12 AM",58.8627
"2017-09-09:12 AM",59.2857
"2017-09-10:12 AM",57.7992
"2017-09-11:12 AM",59.6622
"2017-09-12:12 AM",63.8116
"2017-09-13:12 AM",69.3041
"2017-09-14:12 AM",67.3135
"2017-09-15:12 AM",67.9381
"2017-09-16:12 AM",69.0314
"2017-09-17:12 AM",68.9151
"2017-09-18:12 AM",68.5488
"2017-09-19:12 AM",68.8264
"2017-09-20:12 AM",70.738
"2017-09-21:12 AM",70.6374
"2017-09-22:12 AM",70.0149
"2017-09-23:12 AM",68.4606
"2017-09-24:12 AM",69.8423
"2017-09-25:12 AM",71.1858
"2017-09-26:12 AM",70.9693
"2017-09-27:12 AM",73.4284
"2017-09-28:12 AM",71.8041
"2017-09-29:12 AM",61.6748
"2017-09-30:12 AM",57.8289
"2017-10-01:12 AM",52.7225
"2017-10-02:12 AM",54.662
"2017-10-03:12 AM",56.3029
"2017-10-04:12 AM",57.8676
"2017-10-05:12 AM",63.7826
"2017-10-06:12 AM",65.4676
"2017-10-07:12 AM",68.225
"2017-10-08:12 AM",73.3114
"2017-10-09:12 AM",73.7548
"2017-10-10:12 AM",72.0302
"2017-10-11:12 AM",72.4276
"2017-10-12:12 AM",64.9144
"2017-10-13:12 AM",61.5135
"2017-10-14:12 AM",61.974
"2017-10-15:12 AM",65.4422
"2017-10-16:12 AM",57.24
"2017-10-17:12 AM",47.6148
"2017-10-18:12 AM",48.168
"2017-10-19:12 AM",52.5717
"2017-10-20:12 AM",56.5086
"2017-10-21:12 AM",57.4457
"2017-10-22:12 AM",59.2903
"2017-10-23:12 AM",64.1152
"2017-10-24:12 AM",59.3242
"2017-10-25:12 AM",50.9848
"2017-10-26:12 AM",45.2248
"2017-10-27:12 AM",49.8691
"2017-10-28:12 AM",54.599
"2017-10-29:12 AM",51.9744
"2017-10-30:12 AM",42.8376
"2017-10-31:12 AM",46.2411
"2017-11-01:12 AM",50.6901
"2017-11-02:12 AM",59.7839
"2017-11-03:12 AM",62.4821
"2017-11-04:12 AM",54.9149
"2017-11-05:12 AM",55.6826
"2017-11-06:12 AM",60.7923
"2017-11-07:12 AM",50.2738
"2017-11-08:12 AM",43.281
"2017-11-09:12 AM",45.6381
"2017-11-10:12 AM",39.3901
"2017-11-11:12 AM",30.9691
"2017-11-12:12 AM",36.871
"2017-11-13:12 AM",41.6844
"2017-11-14:12 AM",41.2066
"2017-11-15:12 AM",41.7353
"2017-11-16:12 AM",45.901
"2017-11-17:12 AM",40.4292
"2017-11-18:12 AM",47.3387
"2017-11-19:12 AM",46.1935
"2017-11-20:12 AM",37.1345
"2017-11-21:12 AM",44.2578
"2017-11-22:12 AM",45.8973
"2017-11-23:12 AM",34.8879
"2017-11-24:12 AM",36.8454
"2017-11-25:12 AM",45.0036
"2017-11-26:12 AM",43.4786
"2017-11-27:12 AM",40.9028
"2017-11-28:12 AM",43.7529
"2017-11-29:12 AM",47.878
"2017-11-30:12 AM",47.392
"2017-12-01:12 AM",47.2935
"2017-12-02:12 AM",42.4944
"2017-12-03:12 AM",43.1586
"2017-12-04:12 AM",41.6232
"2017-12-05:12 AM",50.5294
"2017-12-06:12 AM",44.0357
"2017-12-07:12 AM",38.9309
"2017-12-08:12 AM",34.4667
"2017-12-09:12 AM",31.1155
"2017-12-10:12 AM",28.0573
"2017-12-11:12 AM",33.3916
"2017-12-12:12 AM",35.7438
"2017-12-13:12 AM",26.4486
"2017-12-14:12 AM",34.4563
"2017-12-15:12 AM",29.7493
"2017-12-16:12 AM",32.1134
"2017-12-17:12 AM",36.1125
"2017-12-18:12 AM",42.7867
"2017-12-19:12 AM",48.9835
"2017-12-20:12 AM",48.0612
"2017-12-21:12 AM",38.9219
"2017-12-22:12 AM",43.3301
"2017-12-23:12 AM",53.1925
"2017-12-24:12 AM",40.3941
"2017-12-25:12 AM",29.962
"2017-12-26:12 AM",27.4546
"2017-12-27:12 AM",26.8038
"2017-12-28:12 AM",17.8738
"2017-12-29:12 AM",22.383
"2017-12-30:12 AM",27.8674
"2017-12-31:12 AM",18.6174
"2018-01-01:12 AM",14.146
"2018-01-02:12 AM",13.3394
"2018-01-03:12 AM",20.4775
"2018-01-04:12 AM",19.5681
"2018-01-05:12 AM",11.66
"2018-01-06:12 AM",10.058
"2018-01-07:12 AM",11.4395
"2018-01-08:12 AM",26.2773
"2018-01-09:12 AM",36.6476
"2018-01-10:12 AM",37.6086
"2018-01-11:12 AM",46.249
"2018-01-12:12 AM",60.1506
"2018-01-13:12 AM",35.0344
"2018-01-14:12 AM",19.9492
"2018-01-15:12 AM",21.0439
"2018-01-16:12 AM",27.7012
"2018-01-17:12 AM",23.8642
"2018-01-18:12 AM",20.3256
"2018-01-19:12 AM",29.9685
"2018-01-20:12 AM",37.2211
"2018-01-21:12 AM",43.9
"2018-01-22:12 AM",48.8498
"2018-01-23:12 AM",50.6939
"2018-01-24:12 AM",37.3226
"2018-01-25:12 AM",31.6706
"2018-01-26:12 AM",35.3133
"2018-01-27:12 AM",41.7088
"2018-01-28:12 AM",48.4227
"2018-01-29:12 AM",40.0537
"2018-01-30:12 AM",27.7813
"2018-01-31:12 AM",27.9514
"2018-02-01:12 AM",39.6883
"2018-02-02:12 AM",26.9177
"2018-02-03:12 AM",23.9034
"2018-02-04:12 AM",32.887
"2018-02-05:12 AM",28.5165
"2018-02-06:12 AM",34.3823
"2018-02-07:12 AM",39.2765
"2018-02-08:12 AM",29.635
"2018-02-09:12 AM",34.3827
"2018-02-10:12 AM",43.0147
"2018-02-11:12 AM",58.0611
"2018-02-12:12 AM",47.1879
"2018-02-13:12 AM",35.8671
"2018-02-14:12 AM",44.3842
"2018-02-15:12 AM",58.9033
"2018-02-16:12 AM",58.1446
"2018-02-17:12 AM",37.8086
"2018-02-18:12 AM",39.8082
"2018-02-19:12 AM",45.1855
"2018-02-20:12 AM",56.2483
"2018-02-21:12 AM",62.843
"2018-02-22:12 AM",59.8597
"2018-02-23:12 AM",48.5958
"2018-02-24:12 AM",56.469
"2018-02-25:12 AM",58.6488
"2018-02-26:12 AM",48.3607
"2018-02-27:12 AM",41.7108
"2018-02-28:12 AM",45.9907
"2018-03-01:12 AM",49.3021
"2018-03-02:12 AM",38.0665
"2018-03-03:12 AM",34.9965
"2018-03-04:12 AM",35.9487
"2018-03-05:12 AM",34.9311
"2018-03-06:12 AM",35.9899
"2018-03-07:12 AM",37.2061
"2018-03-08:12 AM",32.7461
"2018-03-09:12 AM",31.1189
"2018-03-10:12 AM",35.8968
"2018-03-11:12 AM",37.9305
"2018-03-12:12 AM",34.1868
"2018-03-13:12 AM",31.4251
"2018-03-14:12 AM",28.2846
"2018-03-15:12 AM",35.9193
"2018-03-16:12 AM",36.4095
"2018-03-17:12 AM",38.4449
"2018-03-18:12 AM",42.679
"2018-03-19:12 AM",45.891
"2018-03-20:12 AM",40.5869
"2018-03-21:12 AM",31.4809
"2018-03-22:12 AM",32.2147
"2018-03-23:12 AM",34.281
"2018-03-24:12 AM",35.7426
"2018-03-25:12 AM",35.7652
"2018-03-26:12 AM",35.8221
"2018-03-27:12 AM",37.4484
"2018-03-28:12 AM",51.5257
"2018-03-29:12 AM",62.1685
"2018-03-30:12 AM",56.9622
"2018-03-31:12 AM",45.1749
"2018-04-01:12 AM",50.5911
"2018-04-02:12 AM",49.7203
"2018-04-03:12 AM",50.7821
"2018-04-04:12 AM",53.2434
"2018-04-05:12 AM",38.764
"2018-04-06:12 AM",50.1865
"2018-04-07:12 AM",41.8811
"2018-04-08:12 AM",35.9638
"2018-04-09:12 AM",40.1936
"2018-04-10:12 AM",42.1774
"2018-04-11:12 AM",44.0398
"2018-04-12:12 AM",54.8386
"2018-04-13:12 AM",62.335
"2018-04-14:12 AM",65.7815
"2018-04-15:12 AM",64.0188
"2018-04-16:12 AM",47.7212
"2018-04-17:12 AM",40.413
"2018-04-18:12 AM",50.0133
"2018-04-19:12 AM",50.5794
"2018-04-20:12 AM",43.5589
"2018-04-21:12 AM",47.3266
"2018-04-22:12 AM",52.8678
"2018-04-23:12 AM",53.2125
"2018-04-24:12 AM",52.8071
"2018-04-25:12 AM",55.8878
"2018-04-26:12 AM",56.8198
"2018-04-27:12 AM",56.9761
"2018-04-28:12 AM",57.9364
"2018-04-29:12 AM",47.1841
"2018-04-30:12 AM",49.6569
"2018-05-01:12 AM",59.0472
"2018-05-02:12 AM",66.6057
"2018-05-03:12 AM",70.4977
"2018-05-04:12 AM",71.3388
"2018-05-05:12 AM",65.0694
"2018-05-06:12 AM",62.3827
"2018-05-07:12 AM",59.3631
"2018-05-08:12 AM",60.2321
"2018-05-09:12 AM",61.8636
"2018-05-10:12 AM",66.6414
"2018-05-11:12 AM",69.546
"2018-05-12:12 AM",73.0711
"2018-05-13:12 AM",72.7821
"2018-05-14:12 AM",73.5273
"2018-05-15:12 AM",73.9524
"2018-05-16:12 AM",67.8335
"2018-05-17:12 AM",68.4448
"2018-05-18:12 AM",66.483
"2018-05-19:12 AM",66.2902
"2018-05-20:12 AM",72.9277
"2018-05-21:12 AM",70.2135
"2018-05-22:12 AM",70.1055
"2018-05-23:12 AM",71.2159
"2018-05-24:12 AM",68.198
"2018-05-25:12 AM",70.1325
"2018-05-26:12 AM",72.3366
"2018-05-27:12 AM",73.3964
"2018-05-28:12 AM",69.2771
"2018-05-29:12 AM",70.3738
"2018-05-30:12 AM",71.5849
"2018-05-31:12 AM",73.9872
"2018-06-01:12 AM",75.2232
"2018-06-02:12 AM",72.4336
"2018-06-03:12 AM",68.3051
"2018-06-04:12 AM",66.0385
"2018-06-05:12 AM",66.9731
"2018-06-06:12 AM",66.054
"2018-06-07:12 AM",66.78
"2018-06-08:12 AM",71.4038
"2018-06-09:12 AM",75.0567
"2018-06-10:12 AM",74.0579
"2018-06-11:12 AM",66.5046
"2018-06-12:12 AM",65.6287
"2018-06-13:12 AM",71.2008
"2018-06-14:12 AM",74.6388
"2018-06-15:12 AM",71.8736
"2018-06-16:12 AM",72.4309
"2018-06-17:12 AM",77.1505
"2018-06-18:12 AM",78.85
"2018-06-19:12 AM",80.5901
"2018-06-20:12 AM",77.2295
"2018-06-21:12 AM",75.6444
"2018-06-22:12 AM",71.9872
"2018-06-23:12 AM",73.2843
"2018-06-24:12 AM",75.8728
"2018-06-25:12 AM",73.2155
"2018-06-26:12 AM",67.8693
"2018-06-27:12 AM",72.3648
"2018-06-28:12 AM",76.4712
"2018-06-29:12 AM",77.4991
"2018-06-30:12 AM",77.3487
"2018-07-01:12 AM",78.7658
"2018-07-02:12 AM",80.0398
"2018-07-03:12 AM",80.9379
"2018-07-04:12 AM",78.9836
"2018-07-05:12 AM",78.6943
"2018-07-06:12 AM",75.9405
"2018-07-07:12 AM",69.9494
"2018-07-08:12 AM",66.9895
"2018-07-09:12 AM",68.6484
"2018-07-10:12 AM",73.8223
"2018-07-11:12 AM",77.641
"2018-07-12:12 AM",74.3893
"2018-07-13:12 AM",73.2069
"2018-07-14:12 AM",73.1313
"2018-07-15:12 AM",76.1353
"2018-07-16:12 AM",78.508
"2018-07-17:12 AM",76.9635
"2018-07-18:12 AM",73.5597
"2018-07-19:12 AM",72.347
"2018-07-20:12 AM",72.5043
"2018-07-21:12 AM",70.3461
"2018-07-22:12 AM",70.2743
"2018-07-23:12 AM",73.4266
"2018-07-24:12 AM",73.0992
"2018-07-25:12 AM",73.501
"2018-07-26:12 AM",74.9381
"2018-07-27:12 AM",76.3009
"2018-07-28:12 AM",74.5237
"2018-07-29:12 AM",72.6377
"2018-07-30:12 AM",72.1665
"2018-07-31:12 AM",72.5263
"2018-08-01:12 AM",75.2506
"2018-08-02:12 AM",73.8487
"2018-08-03:12 AM",71.454
"2018-08-04:12 AM",75.3217
"2018-08-05:12 AM",77.299
"2018-08-06:12 AM",77.3281
"2018-08-07:12 AM",78.0834
"2018-08-08:12 AM",78.3973
"2018-08-09:12 AM",76.6657
"2018-08-10:12 AM",75.8498
"2018-08-11:12 AM",73.9717
"2018-08-12:12 AM",72.6751
"2018-08-13:12 AM",70.5083
"2018-08-14:12 AM",72.0415
"2018-08-15:12 AM",74.5608
"2018-08-16:12 AM",76.8551
"2018-08-17:12 AM",78.9078
"2018-08-18:12 AM",74.5029
"2018-08-19:12 AM",73.231
"2018-08-20:12 AM",72.3621
"2018-08-21:12 AM",74.2694
"2018-08-22:12 AM",73.364
"2018-08-23:12 AM",65.3563
"2018-08-24:12 AM",65.134
"2018-08-25:12 AM",67.6569
"2018-08-26:12 AM",71.7822
"2018-08-27:12 AM",76.3072
"2018-08-28:12 AM",78.6193
"2018-08-29:12 AM",78.6106
"2018-08-30:12 AM",78.2256
"2018-08-31:12 AM",75.6696
"2018-09-01:12 AM",74.8922
"2018-09-02:12 AM",76.0986
"2018-09-03:12 AM",77.0943
"2018-09-04:12 AM",77.6048
"2018-09-05:12 AM",76.5385
"2018-09-06:12 AM",76.7503
"2018-09-07:12 AM",76.6767
"2018-09-08:12 AM",70.6183
"2018-09-09:12 AM",65.3722
"2018-09-10:12 AM",67.7053
"2018-09-11:12 AM",71.5649
"2018-09-12:12 AM",72.6998
"2018-09-13:12 AM",73.3824
"2018-09-14:12 AM",72.4987
"2018-09-15:12 AM",71.2436
"2018-09-16:12 AM",69.413
"2018-09-17:12 AM",72.3704
"2018-09-18:12 AM",72.4109
"2018-09-19:12 AM",71.9247
"2018-09-20:12 AM",71.6232
"2018-09-21:12 AM",70.9941
"2018-09-22:12 AM",70.731
"2018-09-23:12 AM",63.986
"2018-09-24:12 AM",64.0962
"2018-09-25:12 AM",69.7152
"2018-09-26:12 AM",71.5433
"2018-09-27:12 AM",65.244
"2018-09-28:12 AM",64.5285
"2018-09-29:12 AM",62.2558
"2018-09-30:12 AM",63.1634
"2018-10-01:12 AM",67.978
"2018-10-02:12 AM",68.9245
"2018-10-03:12 AM",70.803
"2018-10-04:12 AM",72.0475
"2018-10-05:12 AM",70.4079
"2018-10-06:12 AM",69.4972
"2018-10-07:12 AM",72.5353
"2018-10-08:12 AM",71.6254
"2018-10-09:12 AM",70.3468
"2018-10-10:12 AM",70.9527
"2018-10-11:12 AM",71.2369
"2018-10-12:12 AM",55.1199
"2018-10-13:12 AM",51.1246
"2018-10-14:12 AM",51.5406
"2018-10-15:12 AM",63.6166
"2018-10-16:12 AM",59.7198
"2018-10-17:12 AM",56.0523
"2018-10-18:12 AM",47.2707
"2018-10-19:12 AM",47.867
"2018-10-20:12 AM",56.0214
"2018-10-21:12 AM",42.732
"2018-10-22:12 AM",41.8793
"2018-10-23:12 AM",49.3785
"2018-10-24:12 AM",45.3515
"2018-10-25:12 AM",41.9209
"2018-10-26:12 AM",42.1518
"2018-10-27:12 AM",49.1994
"2018-10-28:12 AM",49.744
"2018-10-29:12 AM",48.2349
"2018-10-30:12 AM",47.0406
"2018-10-31:12 AM",54.3357
"2018-11-01:12 AM",61.1137
"2018-11-02:12 AM",62.8619
"2018-11-03:12 AM",47.6973
"2018-11-04:12 AM",45.3528
"2018-11-05:12 AM",53.1153
"2018-11-06:12 AM",58.0672
"2018-11-07:12 AM",53.0422
"2018-11-08:12 AM",51.5829
"2018-11-09:12 AM",47.5961
"2018-11-10:12 AM",37.0659
"2018-11-11:12 AM",33.1587
"2018-11-12:12 AM",37.5062
"2018-11-13:12 AM",42.8565
"2018-11-14:12 AM",38.5578
"2018-11-15:12 AM",36.9383
"2018-11-16:12 AM",36.5718
"2018-11-17:12 AM",39.3053
"2018-11-18:12 AM",41.0135
"2018-11-19:12 AM",45.8947
"2018-11-20:12 AM",46.2614
"2018-11-21:12 AM",37.5438
"2018-11-22:12 AM",34.246
"2018-11-23:12 AM",31.005
"2018-11-24:12 AM",37.8608
"2018-11-25:12 AM",44.418
"2018-11-26:12 AM",44.5685
"2018-11-27:12 AM",33.1741
"2018-11-28:12 AM",27.7192
"2018-11-29:12 AM",31.4803
"2018-11-30:12 AM",42.5471
"2018-12-01:12 AM",44.096
"2018-12-02:12 AM",52.1071
"2018-12-03:12 AM",50.3512
"2018-12-04:12 AM",38.2235
"2018-12-05:12 AM",32.711
"2018-12-06:12 AM",31.9174
"2018-12-07:12 AM",33.0444
"2018-12-08:12 AM",31.8479
"2018-12-09:12 AM",29.6004
"2018-12-10:12 AM",29.8598
"2018-12-11:12 AM",26.0668
"2018-12-12:12 AM",31.5469
"2018-12-13:12 AM",37.5658
"2018-12-14:12 AM",39.7445
"2018-12-15:12 AM",46.9225
"2018-12-16:12 AM",44.8488
"2018-12-17:12 AM",41.2801
"2018-12-18:12 AM",36.892
"2018-12-19:12 AM",36.8996
"2018-12-20:12 AM",41.8068
"2018-12-21:12 AM",52.7034
"2018-12-22:12 AM",39.2713
"2018-12-23:12 AM",37.3242
"2018-12-24:12 AM",36.4519
"2018-12-25:12 AM",33.5691
"2018-12-26:12 AM",33.8585
"2018-12-27:12 AM",36.0822
"2018-12-28:12 AM",49.1319
"2018-12-29:12 AM",48.1559
"2018-12-30:12 AM",43.2437
"2018-12-31:12 AM",47.719
"2019-01-01:12 AM",54.3319
"2019-01-02:12 AM",44.3106
"2019-01-03:12 AM",44.8531
"2019-01-04:12 AM",43.2563
"2019-01-05:12 AM",44.9672
"2019-01-06:12 AM",43.7958
"2019-01-07:12 AM",38.543
"2019-01-08:12 AM",47.4865
"2019-01-09:12 AM",37.9087
"2019-01-10:12 AM",26.6743
"2019-01-11:12 AM",27.1328
"2019-01-12:12 AM",30.4326
"2019-01-13:12 AM",29.97
"2019-01-14:12 AM",29.2365
"2019-01-15:12 AM",28.9042
"2019-01-16:12 AM",29.5984
"2019-01-17:12 AM",32.5386
"2019-01-18:12 AM",37.4943
"2019-01-19:12 AM",39.5848
"2019-01-20:12 AM",35.3631
"2019-01-21:12 AM",15.1228
"2019-01-22:12 AM",21.3903
"2019-01-23:12 AM",37.1752
"2019-01-24:12 AM",45.6487
"2019-01-25:12 AM",30.2508
"2019-01-26:12 AM",29.7072
"2019-01-27:12 AM",34.1906
"2019-01-28:12 AM",32.3798
"2019-01-29:12 AM",33.67
"2019-01-30:12 AM",21.936
"2019-01-31:12 AM",17.5476
"2019-02-01:12 AM",27.0237
"2019-02-02:12 AM",31.0753
"2019-02-03:12 AM",40.7343
"2019-02-04:12 AM",43.7965
"2019-02-05:12 AM",50.745
"2019-02-06:12 AM",53.6704
"2019-02-07:12 AM",58.4575
"2019-02-08:12 AM",49.1691
"2019-02-09:12 AM",30.601
"2019-02-10:12 AM",31.5126
"2019-02-11:12 AM",36.3151
"2019-02-12:12 AM",37.8763
"2019-02-13:12 AM",36.8739
"2019-02-14:12 AM",39.7276
"2019-02-15:12 AM",48.9218
"2019-02-16:12 AM",39.232
"2019-02-17:12 AM",34.2282
"2019-02-18:12 AM",38.7379
"2019-02-19:12 AM",33.5302
"2019-02-20:12 AM",33.6753
"2019-02-21:12 AM",41.304
"2019-02-22:12 AM",42.1237
"2019-02-23:12 AM",39.5213
"2019-02-24:12 AM",42.2888
"2019-02-25:12 AM",36.1603
"2019-02-26:12 AM",38.4591
"2019-02-27:12 AM",39.004
"2019-02-28:12 AM",43.1613
"2019-03-01:12 AM",38.6222
"2019-03-02:12 AM",38.6805
"2019-03-03:12 AM",39.7254
"2019-03-04:12 AM",32.6646
"2019-03-05:12 AM",28.0899
"2019-03-06:12 AM",24.1385
"2019-03-07:12 AM",29.2428
"2019-03-08:12 AM",33.1218
"2019-03-09:12 AM",34.8732
"2019-03-10:12 AM",47.7203
"2019-03-11:12 AM",47.4291
"2019-03-12:12 AM",39.5868
"2019-03-13:12 AM",42.6835
"2019-03-14:12 AM",52.9563
"2019-03-15:12 AM",58.7296