"DateTime","(deg F) Mean Temperature (CFSR) at Washington, 2010-01-01 to 2019-03-14"
"2010-01-01:12 AM",37.4346
"2010-01-02:12 AM",37.5503
"2010-01-03:12 AM",35.2607
"2010-01-04:12 AM",35.3925
"2010-01-05:12 AM",37.6686
"2010-01-06:12 AM",30.3564
"2010-01-07:12 AM",25.4754
"2010-01-08:12 AM",28.0722
"2010-01-09:12 AM",32.6781
"2010-01-10:12 AM",34.273
"2010-01-11:12 AM",37.6684
"2010-01-12:12 AM",40.5565
"2010-01-13:12 AM",40.0662
"2010-01-14:12 AM",38.9802
"2010-01-15:12 AM",39.5922
"2010-01-16:12 AM",36.5225
"2010-01-17:12 AM",38.2998
"2010-01-18:12 AM",39.9169
"2010-01-19:12 AM",39.8309
"2010-01-20:12 AM",38.712
"2010-01-21:12 AM",38.4922
"2010-01-22:12 AM",36.4719
"2010-01-23:12 AM",36.6422
"2010-01-24:12 AM",34.196
"2010-01-25:12 AM",36.5985
"2010-01-26:12 AM",35.6686
"2010-01-27:12 AM",34.4739
"2010-01-28:12 AM",35.0512
"2010-01-29:12 AM",36.1278
"2010-01-30:12 AM",36.6733
"2010-01-31:12 AM",36.8528
"2010-02-01:12 AM",35.6931
"2010-02-02:12 AM",36.9106
"2010-02-03:12 AM",36.6192
"2010-02-04:12 AM",37.5836
"2010-02-05:12 AM",39.2284
"2010-02-06:12 AM",36.8811
"2010-02-07:12 AM",36.6807
"2010-02-08:12 AM",37.0054
"2010-02-09:12 AM",35.5528
"2010-02-10:12 AM",34.4925
"2010-02-11:12 AM",38.4804
"2010-02-12:12 AM",40.2913
"2010-02-13:12 AM",39.5006
"2010-02-14:12 AM",40.6692
"2010-02-15:12 AM",37.5517
"2010-02-16:12 AM",40.1259
"2010-02-17:12 AM",37.2223
"2010-02-18:12 AM",36.2786
"2010-02-19:12 AM",35.6004
"2010-02-20:12 AM",34.2403
"2010-02-21:12 AM",33.5152
"2010-02-22:12 AM",33.8866
"2010-02-23:12 AM",33.5574
"2010-02-24:12 AM",36.7027
"2010-02-25:12 AM",39.2018
"2010-02-26:12 AM",39.1201
"2010-02-27:12 AM",41.7193
"2010-02-28:12 AM",40.0899
"2010-03-01:12 AM",42.3838
"2010-03-02:12 AM",43.4071
"2010-03-03:12 AM",41.632
"2010-03-04:12 AM",39.4342
"2010-03-05:12 AM",39.459
"2010-03-06:12 AM",39.2018
"2010-03-07:12 AM",39.7116
"2010-03-08:12 AM",36.2991
"2010-03-09:12 AM",30.4327
"2010-03-10:12 AM",33.1372
"2010-03-11:12 AM",34.5358
"2010-03-12:12 AM",38.7482
"2010-03-13:12 AM",35.5888
"2010-03-14:12 AM",35.3806
"2010-03-15:12 AM",40.5955
"2010-03-16:12 AM",44.1261
"2010-03-17:12 AM",40.1218
"2010-03-18:12 AM",36.6719
"2010-03-19:12 AM",38.3173
"2010-03-20:12 AM",40.8423
"2010-03-21:12 AM",43.2127
"2010-03-22:12 AM",39.7996
"2010-03-23:12 AM",39.3829
"2010-03-24:12 AM",42.5298
"2010-03-25:12 AM",41.756
"2010-03-26:12 AM",39.4975
"2010-03-27:12 AM",40.4191
"2010-03-28:12 AM",42.3342
"2010-03-29:12 AM",41.9671
"2010-03-30:12 AM",36.8976
"2010-03-31:12 AM",35.9982
"2010-04-01:12 AM",35.2335
"2010-04-02:12 AM",34.6575
"2010-04-03:12 AM",35.0953
"2010-04-04:12 AM",36.2664
"2010-04-05:12 AM",36.7799
"2010-04-06:12 AM",37.6813
"2010-04-07:12 AM",39.3404
"2010-04-08:12 AM",37.6862
"2010-04-09:12 AM",34.9281
"2010-04-10:12 AM",35.6905
"2010-04-11:12 AM",40.1826
"2010-04-12:12 AM",41.6334
"2010-04-13:12 AM",42.4359
"2010-04-14:12 AM",42.0838
"2010-04-15:12 AM",45.0549
"2010-04-16:12 AM",48.6268
"2010-04-17:12 AM",49.3126
"2010-04-18:12 AM",49.9228
"2010-04-19:12 AM",51.4785
"2010-04-20:12 AM",50.8183
"2010-04-21:12 AM",45.4937
"2010-04-22:12 AM",44.2639
"2010-04-23:12 AM",43.4077
"2010-04-24:12 AM",42.2355
"2010-04-25:12 AM",43.3897
"2010-04-26:12 AM",46.3962
"2010-04-27:12 AM",46.8234
"2010-04-28:12 AM",42.3554
"2010-04-29:12 AM",41.4739
"2010-04-30:12 AM",43.5367
"2010-05-01:12 AM",42.5829
"2010-05-02:12 AM",42.1106
"2010-05-03:12 AM",42.7829
"2010-05-04:12 AM",38.4078
"2010-05-05:12 AM",37.4286
"2010-05-06:12 AM",40.4778
"2010-05-07:12 AM",42.8677
"2010-05-08:12 AM",45.2692
"2010-05-09:12 AM",45.6813
"2010-05-10:12 AM",45.2147
"2010-05-11:12 AM",48.7404
"2010-05-12:12 AM",48.6599
"2010-05-13:12 AM",50.9112
"2010-05-14:12 AM",53.8349
"2010-05-15:12 AM",55.9965
"2010-05-16:12 AM",57.7231
"2010-05-17:12 AM",58.0249
"2010-05-18:12 AM",52.5924
"2010-05-19:12 AM",51.2287
"2010-05-20:12 AM",44.825
"2010-05-21:12 AM",42.3768
"2010-05-22:12 AM",44.5912
"2010-05-23:12 AM",44.2251
"2010-05-24:12 AM",46.1725
"2010-05-25:12 AM",49.1045
"2010-05-26:12 AM",49.8168
"2010-05-27:12 AM",47.7914
"2010-05-28:12 AM",47.2726
"2010-05-29:12 AM",47.8605
"2010-05-30:12 AM",49.3781
"2010-05-31:12 AM",52.1343
"2010-06-01:12 AM",52.2455
"2010-06-02:12 AM",51.778
"2010-06-03:12 AM",49.8763
"2010-06-04:12 AM",49.4505
"2010-06-05:12 AM",52.018
"2010-06-06:12 AM",52.9313
"2010-06-07:12 AM",54.1735
"2010-06-08:12 AM",54.0396
"2010-06-09:12 AM",53.697
"2010-06-10:12 AM",50.6766
"2010-06-11:12 AM",52.6514
"2010-06-12:12 AM",57.8728
"2010-06-13:12 AM",58.2312
"2010-06-14:12 AM",54.2541
"2010-06-15:12 AM",49.5162
"2010-06-16:12 AM",48.1969
"2010-06-17:12 AM",50.4455
"2010-06-18:12 AM",54.4066
"2010-06-19:12 AM",55.7663
"2010-06-20:12 AM",53.7733
"2010-06-21:12 AM",52.8298
"2010-06-22:12 AM",57.7884
"2010-06-23:12 AM",62.8799
"2010-06-24:12 AM",62.9233
"2010-06-25:12 AM",61.9783
"2010-06-26:12 AM",58.854
"2010-06-27:12 AM",59.4327
"2010-06-28:12 AM",60.7465
"2010-06-29:12 AM",58.2372
"2010-06-30:12 AM",54.6057
"2010-07-01:12 AM",53.0177
"2010-07-02:12 AM",54.0324
"2010-07-03:12 AM",54.8535
"2010-07-04:12 AM",54.4995
"2010-07-05:12 AM",55.2414
"2010-07-06:12 AM",61.2534
"2010-07-07:12 AM",67.633
"2010-07-08:12 AM",72.3877
"2010-07-09:12 AM",72.8357
"2010-07-10:12 AM",70.6264
"2010-07-11:12 AM",68.7544
"2010-07-12:12 AM",59.8525
"2010-07-13:12 AM",55.2519
"2010-07-14:12 AM",60.5903
"2010-07-15:12 AM",64.9756
"2010-07-16:12 AM",63.4338
"2010-07-17:12 AM",62.9496
"2010-07-18:12 AM",61.4993
"2010-07-19:12 AM",62.1095
"2010-07-20:12 AM",64.3154
"2010-07-21:12 AM",67.3304
"2010-07-22:12 AM",63.7115
"2010-07-23:12 AM",63.3513
"2010-07-24:12 AM",68.8264
"2010-07-25:12 AM",70.5979
"2010-07-26:12 AM",70.8183
"2010-07-27:12 AM",69.0552
"2010-07-28:12 AM",68.0358
"2010-07-29:12 AM",66.9934
"2010-07-30:12 AM",67.9678
"2010-07-31:12 AM",64.8972
"2010-08-01:12 AM",63.2102
"2010-08-02:12 AM",65.3005
"2010-08-03:12 AM",65.8724
"2010-08-04:12 AM",69.3928
"2010-08-05:12 AM",71.2695
"2010-08-06:12 AM",68.0938
"2010-08-07:12 AM",61.7169
"2010-08-08:12 AM",61.9052
"2010-08-09:12 AM",61.1737
"2010-08-10:12 AM",59.749
"2010-08-11:12 AM",62.2247
"2010-08-12:12 AM",64.7222
"2010-08-13:12 AM",68.3674
"2010-08-14:12 AM",71.3399
"2010-08-15:12 AM",72.0217
"2010-08-16:12 AM",72.3324
"2010-08-17:12 AM",72.8416
"2010-08-18:12 AM",67.838
"2010-08-19:12 AM",61.6019
"2010-08-20:12 AM",59.1193
"2010-08-21:12 AM",59.1584
"2010-08-22:12 AM",57.2659
"2010-08-23:12 AM",57.387
"2010-08-24:12 AM",64.249
"2010-08-25:12 AM",69.1594
"2010-08-26:12 AM",63.2545
"2010-08-27:12 AM",55.6952
"2010-08-28:12 AM",55.3456
"2010-08-29:12 AM",53.1455
"2010-08-30:12 AM",54.6361
"2010-08-31:12 AM",51.3788
"2010-09-01:12 AM",57.1572
"2010-09-02:12 AM",59.5942
"2010-09-03:12 AM",65.9579
"2010-09-04:12 AM",60.0391
"2010-09-05:12 AM",52.7002
"2010-09-06:12 AM",52.2928
"2010-09-07:12 AM",53.9775
"2010-09-08:12 AM",53.4702
"2010-09-09:12 AM",53.5393
"2010-09-10:12 AM",53.8239
"2010-09-11:12 AM",54.1126
"2010-09-12:12 AM",56.1627
"2010-09-13:12 AM",60.5331
"2010-09-14:12 AM",60.8245
"2010-09-15:12 AM",59.7456
"2010-09-16:12 AM",59.6559
"2010-09-17:12 AM",58.7419
"2010-09-18:12 AM",57.9839
"2010-09-19:12 AM",56.9196
"2010-09-20:12 AM",53.8142
"2010-09-21:12 AM",51.4434
"2010-09-22:12 AM",51.8569
"2010-09-23:12 AM",50.227
"2010-09-24:12 AM",54.462
"2010-09-25:12 AM",59.2583
"2010-09-26:12 AM",59.7331
"2010-09-27:12 AM",63.1758
"2010-09-28:12 AM",63.1551
"2010-09-29:12 AM",59.0036
"2010-09-30:12 AM",60.6348
"2010-10-01:12 AM",62.5073
"2010-10-02:12 AM",59.8006
"2010-10-03:12 AM",56.766
"2010-10-04:12 AM",52.4244
"2010-10-05:12 AM",52.0848
"2010-10-06:12 AM",54.9925
"2010-10-07:12 AM",53.6787
"2010-10-08:12 AM",54.4255
"2010-10-09:12 AM",54.0426
"2010-10-10:12 AM",55.5645
"2010-10-11:12 AM",46.7533
"2010-10-12:12 AM",48.5312
"2010-10-13:12 AM",50.4595
"2010-10-14:12 AM",50.616
"2010-10-15:12 AM",46.8563
"2010-10-16:12 AM",44.1392
"2010-10-17:12 AM",43.72
"2010-10-18:12 AM",45.5355
"2010-10-19:12 AM",47.565
"2010-10-20:12 AM",50.3186
"2010-10-21:12 AM",49.5221
"2010-10-22:12 AM",49.4584
"2010-10-23:12 AM",47.2233
"2010-10-24:12 AM",46.5458
"2010-10-25:12 AM",43.2711
"2010-10-26:12 AM",41.1267
"2010-10-27:12 AM",42.6299
"2010-10-28:12 AM",43.435
"2010-10-29:12 AM",44.6511
"2010-10-30:12 AM",43.5137
"2010-10-31:12 AM",44.8385
"2010-11-01:12 AM",48.2664
"2010-11-02:12 AM",49.2795
"2010-11-03:12 AM",47.397
"2010-11-04:12 AM",48.4291
"2010-11-05:12 AM",47.0885
"2010-11-06:12 AM",46.5435
"2010-11-07:12 AM",46.1977
"2010-11-08:12 AM",39.4518
"2010-11-09:12 AM",36.5396
"2010-11-10:12 AM",37.6668
"2010-11-11:12 AM",36.6175
"2010-11-12:12 AM",38.3895
"2010-11-13:12 AM",37.2369
"2010-11-14:12 AM",41.9952
"2010-11-15:12 AM",44.2018
"2010-11-16:12 AM",43.0039
"2010-11-17:12 AM",39.1039
"2010-11-18:12 AM",35.7363
"2010-11-19:12 AM",33.1198
"2010-11-20:12 AM",31.0008
"2010-11-21:12 AM",26.0013
"2010-11-22:12 AM",22.8826
"2010-11-23:12 AM",13.2822
"2010-11-24:12 AM",9.5745
"2010-11-25:12 AM",18.7212
"2010-11-26:12 AM",28.517
"2010-11-27:12 AM",31.3032
"2010-11-28:12 AM",28.4104
"2010-11-29:12 AM",28.4711
"2010-11-30:12 AM",30.889
"2010-12-01:12 AM",33.8704
"2010-12-02:12 AM",32.1127
"2010-12-03:12 AM",31.0887
"2010-12-04:12 AM",27.3022
"2010-12-05:12 AM",26.8176
"2010-12-06:12 AM",30.3552
"2010-12-07:12 AM",33.2434
"2010-12-08:12 AM",37.3195
"2010-12-09:12 AM",38.9937
"2010-12-10:12 AM",36.171
"2010-12-11:12 AM",33.9946
"2010-12-12:12 AM",42.7861
"2010-12-13:12 AM",42.87
"2010-12-14:12 AM",39.0249
"2010-12-15:12 AM",32.9985
"2010-12-16:12 AM",32.2633
"2010-12-17:12 AM",29.6778
"2010-12-18:12 AM",28.8403
"2010-12-19:12 AM",28.6196
"2010-12-20:12 AM",28.9654
"2010-12-21:12 AM",32.4831
"2010-12-22:12 AM",33.6551
"2010-12-23:12 AM",33.9507
"2010-12-24:12 AM",34.8031
"2010-12-25:12 AM",35.3953
"2010-12-26:12 AM",34.9997
"2010-12-27:12 AM",32.8091
"2010-12-28:12 AM",36.4064
"2010-12-29:12 AM",30.1491
"2010-12-30:12 AM",22.2391
"2010-12-31:12 AM",16.5349
"2011-01-01:12 AM",13.6965
"2011-01-02:12 AM",16.4003
"2011-01-03:12 AM",17.9839
"2011-01-04:12 AM",21.1289
"2011-01-05:12 AM",27.1616
"2011-01-06:12 AM",33.9289
"2011-01-07:12 AM",35.0735
"2011-01-08:12 AM",29.8479
"2011-01-09:12 AM",25.9839
"2011-01-10:12 AM",20.0021
"2011-01-11:12 AM",18.0216
"2011-01-12:12 AM",26.9838
"2011-01-13:12 AM",37.0931
"2011-01-14:12 AM",41.2408
"2011-01-15:12 AM",41.3332
"2011-01-16:12 AM",43.0905
"2011-01-17:12 AM",41.7189
"2011-01-18:12 AM",35.0141
"2011-01-19:12 AM",28.4464
"2011-01-20:12 AM",29.0174
"2011-01-21:12 AM",35.0305
"2011-01-22:12 AM",35.1709
"2011-01-23:12 AM",34.4833
"2011-01-24:12 AM",36.3209
"2011-01-25:12 AM",38.2777
"2011-01-26:12 AM",37.1788
"2011-01-27:12 AM",37.1793
"2011-01-28:12 AM",36.9304
"2011-01-29:12 AM",38.5952
"2011-01-30:12 AM",32.7551
"2011-01-31:12 AM",26.465
"2011-02-01:12 AM",22.2384
"2011-02-02:12 AM",24.2938
"2011-02-03:12 AM",28.4958
"2011-02-04:12 AM",35.8317
"2011-02-05:12 AM",36.9437
"2011-02-06:12 AM",36.1234
"2011-02-07:12 AM",36.8172
"2011-02-08:12 AM",31.8969
"2011-02-09:12 AM",28.8475
"2011-02-10:12 AM",29.4053
"2011-02-11:12 AM",33.2897
"2011-02-12:12 AM",37.9152
"2011-02-13:12 AM",37.8228
"2011-02-14:12 AM",38.3108
"2011-02-15:12 AM",35.1459
"2011-02-16:12 AM",33.1763
"2011-02-17:12 AM",30.3298
"2011-02-18:12 AM",29.7549
"2011-02-19:12 AM",28.629
"2011-02-20:12 AM",26.584
"2011-02-21:12 AM",28.5969
"2011-02-22:12 AM",30.5497
"2011-02-23:12 AM",26.915
"2011-02-24:12 AM",20.9757
"2011-02-25:12 AM",12.9432
"2011-02-26:12 AM",13.042
"2011-02-27:12 AM",25.7396
"2011-02-28:12 AM",32.2867
"2011-03-01:12 AM",30.6149
"2011-03-02:12 AM",34.7353
"2011-03-03:12 AM",32.3235
"2011-03-04:12 AM",30.8388
"2011-03-05:12 AM",35.4623
"2011-03-06:12 AM",32.5094
"2011-03-07:12 AM",32.0153
"2011-03-08:12 AM",32.886
"2011-03-09:12 AM",37.3894
"2011-03-10:12 AM",40.0312
"2011-03-11:12 AM",35.9766
"2011-03-12:12 AM",36.0415
"2011-03-13:12 AM",37.1197
"2011-03-14:12 AM",39.1509
"2011-03-15:12 AM",39.3012
"2011-03-16:12 AM",37.501
"2011-03-17:12 AM",34.9961
"2011-03-18:12 AM",36.0106
"2011-03-19:12 AM",36.0523
"2011-03-20:12 AM",34.7324
"2011-03-21:12 AM",37.4666
"2011-03-22:12 AM",36.6143
"2011-03-23:12 AM",36.1409
"2011-03-24:12 AM",39.4203
"2011-03-25:12 AM",38.1907
"2011-03-26:12 AM",36.5371
"2011-03-27:12 AM",37.0899
"2011-03-28:12 AM",37.6318
"2011-03-29:12 AM",38.9532
"2011-03-30:12 AM",43.4701
"2011-03-31:12 AM",46.485
"2011-04-01:12 AM",43.7205
"2011-04-02:12 AM",40.1873
"2011-04-03:12 AM",37.1451
"2011-04-04:12 AM",37.7685
"2011-04-05:12 AM",38.7036
"2011-04-06:12 AM",36.6588
"2011-04-07:12 AM",34.0828
"2011-04-08:12 AM",37.789
"2011-04-09:12 AM",39.1437
"2011-04-10:12 AM",40.4967
"2011-04-11:12 AM",40.7395
"2011-04-12:12 AM",37.8111
"2011-04-13:12 AM",37.6383
"2011-04-14:12 AM",36.3726
"2011-04-15:12 AM",37.8014
"2011-04-16:12 AM",42.3685
"2011-04-17:12 AM",37.3615
"2011-04-18:12 AM",35.8471
"2011-04-19:12 AM",35.9524
"2011-04-20:12 AM",36.5248
"2011-04-21:12 AM",37.1563
"2011-04-22:12 AM",39.096
"2011-04-23:12 AM",42.5071
"2011-04-24:12 AM",41.8678
"2011-04-25:12 AM",40.0177
"2011-04-26:12 AM",40.6584
"2011-04-27:12 AM",39.8064
"2011-04-28:12 AM",38.5293
"2011-04-29:12 AM",38.6672
"2011-04-30:12 AM",41.5389
"2011-05-01:12 AM",43.3485
"2011-05-02:12 AM",42.931
"2011-05-03:12 AM",41.8107
"2011-05-04:12 AM",44.6122
"2011-05-05:12 AM",45.4161
"2011-05-06:12 AM",45.5065
"2011-05-07:12 AM",44.4186
"2011-05-08:12 AM",42.543
"2011-05-09:12 AM",45.8971
"2011-05-10:12 AM",49.4469
"2011-05-11:12 AM",48.637
"2011-05-12:12 AM",45.4347
"2011-05-13:12 AM",47.3464
"2011-05-14:12 AM",52.2934
"2011-05-15:12 AM",47.8641
"2011-05-16:12 AM",43.3731
"2011-05-17:12 AM",44.2731
"2011-05-18:12 AM",48.2027
"2011-05-19:12 AM",50.2392
"2011-05-20:12 AM",52.885
"2011-05-21:12 AM",51.6169
"2011-05-22:12 AM",48.229
"2011-05-23:12 AM",46.24
"2011-05-24:12 AM",48.9141
"2011-05-25:12 AM",48.0416
"2011-05-26:12 AM",44.5593
"2011-05-27:12 AM",44.6133
"2011-05-28:12 AM",44.5075
"2011-05-29:12 AM",47.8881
"2011-05-30:12 AM",48.8845
"2011-05-31:12 AM",49.0201
"2011-06-01:12 AM",49.0338
"2011-06-02:12 AM",47.1796
"2011-06-03:12 AM",51.5534
"2011-06-04:12 AM",56.3486
"2011-06-05:12 AM",58.9476
"2011-06-06:12 AM",58.5693
"2011-06-07:12 AM",53.5138
"2011-06-08:12 AM",49.1504
"2011-06-09:12 AM",52.3112
"2011-06-10:12 AM",54.0027
"2011-06-11:12 AM",52.3679
"2011-06-12:12 AM",53.1547
"2011-06-13:12 AM",53.8583
"2011-06-14:12 AM",52.6285
"2011-06-15:12 AM",50.6638
"2011-06-16:12 AM",49.2312
"2011-06-17:12 AM",54.0203
"2011-06-18:12 AM",52.4525
"2011-06-19:12 AM",54.3853
"2011-06-20:12 AM",57.1069
"2011-06-21:12 AM",59.1222
"2011-06-22:12 AM",61.1272
"2011-06-23:12 AM",55.121
"2011-06-24:12 AM",51.6173
"2011-06-25:12 AM",52.61
"2011-06-26:12 AM",55.4526
"2011-06-27:12 AM",59.9509
"2011-06-28:12 AM",62.1523
"2011-06-29:12 AM",59.2084
"2011-06-30:12 AM",54.1773
"2011-07-01:12 AM",55.2861
"2011-07-02:12 AM",60.0744
"2011-07-03:12 AM",60.858
"2011-07-04:12 AM",59.8649
"2011-07-05:12 AM",63.111
"2011-07-06:12 AM",66.3006
"2011-07-07:12 AM",63.369
"2011-07-08:12 AM",55.5427
"2011-07-09:12 AM",55.7856
"2011-07-10:12 AM",58.5536
"2011-07-11:12 AM",59.8471
"2011-07-12:12 AM",58.1522
"2011-07-13:12 AM",57.8748
"2011-07-14:12 AM",55.5305
"2011-07-15:12 AM",58.6413
"2011-07-16:12 AM",59.7857
"2011-07-17:12 AM",59.8676
"2011-07-18:12 AM",61.2849
"2011-07-19:12 AM",56.3619
"2011-07-20:12 AM",58.1013
"2011-07-21:12 AM",57.6835
"2011-07-22:12 AM",56.6368
"2011-07-23:12 AM",60.0512
"2011-07-24:12 AM",66.2376
"2011-07-25:12 AM",63.095
"2011-07-26:12 AM",59.9416
"2011-07-27:12 AM",59.8285
"2011-07-28:12 AM",61.7979
"2011-07-29:12 AM",63.8263
"2011-07-30:12 AM",65.293
"2011-07-31:12 AM",64.254
"2011-08-01:12 AM",63.448
"2011-08-02:12 AM",63.5007
"2011-08-03:12 AM",64.1251
"2011-08-04:12 AM",66.7467
"2011-08-05:12 AM",65.4638
"2011-08-06:12 AM",63.4026
"2011-08-07:12 AM",63.7722
"2011-08-08:12 AM",63.9207
"2011-08-09:12 AM",61.8069
"2011-08-10:12 AM",60.267
"2011-08-11:12 AM",60.2737
"2011-08-12:12 AM",62.2087
"2011-08-13:12 AM",63.1839
"2011-08-14:12 AM",60.415
"2011-08-15:12 AM",59.8222
"2011-08-16:12 AM",60.1275
"2011-08-17:12 AM",60.9715
"2011-08-18:12 AM",61.099
"2011-08-19:12 AM",62.6531
"2011-08-20:12 AM",67.1409
"2011-08-21:12 AM",67.9872
"2011-08-22:12 AM",66.1327
"2011-08-23:12 AM",66.4686
"2011-08-24:12 AM",66.6975
"2011-08-25:12 AM",68.5699
"2011-08-26:12 AM",69.8743
"2011-08-27:12 AM",69.386
"2011-08-28:12 AM",68.2273
"2011-08-29:12 AM",66.1858
"2011-08-30:12 AM",61.1793
"2011-08-31:12 AM",55.8576
"2011-09-01:12 AM",56.1978
"2011-09-02:12 AM",57.7283
"2011-09-03:12 AM",60.0471
"2011-09-04:12 AM",63.4883
"2011-09-05:12 AM",63.8434
"2011-09-06:12 AM",65.0196
"2011-09-07:12 AM",67.397
"2011-09-08:12 AM",69.7536
"2011-09-09:12 AM",70.0495
"2011-09-10:12 AM",70.7752
"2011-09-11:12 AM",71.2396
"2011-09-12:12 AM",68.2315
"2011-09-13:12 AM",63.8775
"2011-09-14:12 AM",61.1276
"2011-09-15:12 AM",57.4124
"2011-09-16:12 AM",53.3966
"2011-09-17:12 AM",50.9954
"2011-09-18:12 AM",54.3641
"2011-09-19:12 AM",58.4555
"2011-09-20:12 AM",57.4529
"2011-09-21:12 AM",60.3457
"2011-09-22:12 AM",62.3104
"2011-09-23:12 AM",66.8408
"2011-09-24:12 AM",66.0657
"2011-09-25:12 AM",59.8501
"2011-09-26:12 AM",49.6488
"2011-09-27:12 AM",55.1185
"2011-09-28:12 AM",51.384
"2011-09-29:12 AM",55.222
"2011-09-30:12 AM",57.4149
"2011-10-01:12 AM",55.5701
"2011-10-02:12 AM",52.8456
"2011-10-03:12 AM",54.0496
"2011-10-04:12 AM",50.4248
"2011-10-05:12 AM",47.3173
"2011-10-06:12 AM",46.7332
"2011-10-07:12 AM",49.0287
"2011-10-08:12 AM",48.614
"2011-10-09:12 AM",49.2928
"2011-10-10:12 AM",48.085
"2011-10-11:12 AM",49.9809
"2011-10-12:12 AM",48.0173
"2011-10-13:12 AM",45.6811
"2011-10-14:12 AM",47.0827
"2011-10-15:12 AM",46.5591
"2011-10-16:12 AM",45.9316
"2011-10-17:12 AM",45.2098
"2011-10-18:12 AM",48.2288
"2011-10-19:12 AM",48.6171
"2011-10-20:12 AM",49.1007
"2011-10-21:12 AM",47.8893
"2011-10-22:12 AM",50.4552
"2011-10-23:12 AM",49.5466
"2011-10-24:12 AM",43.4604
"2011-10-25:12 AM",39.8003
"2011-10-26:12 AM",37.5537
"2011-10-27:12 AM",37.9089
"2011-10-28:12 AM",38.7187
"2011-10-29:12 AM",42.5991
"2011-10-30:12 AM",43.4313
"2011-10-31:12 AM",42.7498
"2011-11-01:12 AM",37.387
"2011-11-02:12 AM",36.486
"2011-11-03:12 AM",37.2
"2011-11-04:12 AM",33.9766
"2011-11-05:12 AM",32.5553
"2011-11-06:12 AM",32.1237
"2011-11-07:12 AM",32.5776
"2011-11-08:12 AM",37.0355
"2011-11-09:12 AM",38.7768
"2011-11-10:12 AM",38.991
"2011-11-11:12 AM",36.59
"2011-11-12:12 AM",34.52
"2011-11-13:12 AM",38.6173
"2011-11-14:12 AM",38.2575
"2011-11-15:12 AM",32.522
"2011-11-16:12 AM",30.3681
"2011-11-17:12 AM",34.3044
"2011-11-18:12 AM",30.3715
"2011-11-19:12 AM",25.7724
"2011-11-20:12 AM",23.324
"2011-11-21:12 AM",29.2221
"2011-11-22:12 AM",38.4753
"2011-11-23:12 AM",42.4378
"2011-11-24:12 AM",34.6734
"2011-11-25:12 AM",34.0725
"2011-11-26:12 AM",35.1628
"2011-11-27:12 AM",38.8369
"2011-11-28:12 AM",35.5356
"2011-11-29:12 AM",33.5653
"2011-11-30:12 AM",33.8911
"2011-12-01:12 AM",29.9656
"2011-12-02:12 AM",29.0305
"2011-12-03:12 AM",28.1462
"2011-12-04:12 AM",28.2817
"2011-12-05:12 AM",26.8142
"2011-12-06:12 AM",27.0309
"2011-12-07:12 AM",28.29
"2011-12-08:12 AM",25.9866
"2011-12-09:12 AM",26.598
"2011-12-10:12 AM",26.2171
"2011-12-11:12 AM",26.5672
"2011-12-12:12 AM",23.8408
"2011-12-13:12 AM",23.1656
"2011-12-14:12 AM",24.723
"2011-12-15:12 AM",28.229
"2011-12-16:12 AM",30.9173
"2011-12-17:12 AM",31.5635
"2011-12-18:12 AM",32.4678
"2011-12-19:12 AM",30.0567
"2011-12-20:12 AM",31.2944
"2011-12-21:12 AM",28.8048
"2011-12-22:12 AM",24.7492
"2011-12-23:12 AM",25.9507
"2011-12-24:12 AM",32.0351
"2011-12-25:12 AM",32.8699
"2011-12-26:12 AM",30.9378
"2011-12-27:12 AM",33.8553
"2011-12-28:12 AM",41.2921
"2011-12-29:12 AM",39.2594
"2011-12-30:12 AM",37.3105
"2011-12-31:12 AM",30.1298
"2012-01-01:12 AM",31.3005
"2012-01-02:12 AM",32.5668
"2012-01-03:12 AM",36.1688
"2012-01-04:12 AM",37.9029
"2012-01-05:12 AM",37.8527
"2012-01-06:12 AM",31.4051
"2012-01-07:12 AM",30.8151
"2012-01-08:12 AM",34.1213
"2012-01-09:12 AM",33.9768
"2012-01-10:12 AM",32.3546
"2012-01-11:12 AM",26.5136
"2012-01-12:12 AM",25.5848
"2012-01-13:12 AM",27.0876
"2012-01-14:12 AM",29.2177
"2012-01-15:12 AM",25.07
"2012-01-16:12 AM",22.5606
"2012-01-17:12 AM",27.1855
"2012-01-18:12 AM",21.8208
"2012-01-19:12 AM",22.9498
"2012-01-20:12 AM",27.0957
"2012-01-21:12 AM",32.1082
"2012-01-22:12 AM",28.6066
"2012-01-23:12 AM",29.7541
"2012-01-24:12 AM",29.2446
"2012-01-25:12 AM",35.5395
"2012-01-26:12 AM",33.6702
"2012-01-27:12 AM",25.034
"2012-01-28:12 AM",28.2366
"2012-01-29:12 AM",35.577
"2012-01-30:12 AM",37.3219
"2012-01-31:12 AM",34.6021
"2012-02-01:12 AM",35.1201
"2012-02-02:12 AM",31.6591
"2012-02-03:12 AM",31.9327
"2012-02-04:12 AM",32.4216
"2012-02-05:12 AM",33.109
"2012-02-06:12 AM",32.2284
"2012-02-07:12 AM",33.9987
"2012-02-08:12 AM",35.0357
"2012-02-09:12 AM",36.2647
"2012-02-10:12 AM",37.5404
"2012-02-11:12 AM",37.4518
"2012-02-12:12 AM",35.8113
"2012-02-13:12 AM",34.8044
"2012-02-14:12 AM",32.3078
"2012-02-15:12 AM",30.2058
"2012-02-16:12 AM",31.7458
"2012-02-17:12 AM",33.4852
"2012-02-18:12 AM",33.861
"2012-02-19:12 AM",32.965
"2012-02-20:12 AM",31.9669
"2012-02-21:12 AM",38.2687
"2012-02-22:12 AM",39.9776
"2012-02-23:12 AM",34.2147
"2012-02-24:12 AM",33.7024
"2012-02-25:12 AM",34.068
"2012-02-26:12 AM",30.4324
"2012-02-27:12 AM",25.0993
"2012-02-28:12 AM",25.2811
"2012-02-29:12 AM",29.8576
"2012-03-01:12 AM",30.3494
"2012-03-02:12 AM",30.5724
"2012-03-03:12 AM",37.6288
"2012-03-04:12 AM",38.7775
"2012-03-05:12 AM",37.6054
"2012-03-06:12 AM",29.3662
"2012-03-07:12 AM",29.3986
"2012-03-08:12 AM",34.9318
"2012-03-09:12 AM",38.9613
"2012-03-10:12 AM",39.844
"2012-03-11:12 AM",37.2738
"2012-03-12:12 AM",31.9689
"2012-03-13:12 AM",33.6535
"2012-03-14:12 AM",31.1792
"2012-03-15:12 AM",39.2868
"2012-03-16:12 AM",38.3074
"2012-03-17:12 AM",35.764
"2012-03-18:12 AM",31.9818
"2012-03-19:12 AM",31.5756
"2012-03-20:12 AM",34.3243
"2012-03-21:12 AM",33.1612
"2012-03-22:12 AM",32.961
"2012-03-23:12 AM",33.2542
"2012-03-24:12 AM",36.5936
"2012-03-25:12 AM",40.4911
"2012-03-26:12 AM",40.024
"2012-03-27:12 AM",38.8004
"2012-03-28:12 AM",41.3436
"2012-03-29:12 AM",38.6267
"2012-03-30:12 AM",41.6714
"2012-03-31:12 AM",36.9221
"2012-04-01:12 AM",36.3182
"2012-04-02:12 AM",37.7134
"2012-04-03:12 AM",40.2732
"2012-04-04:12 AM",36.6721
"2012-04-05:12 AM",35.0343
"2012-04-06:12 AM",34.1229
"2012-04-07:12 AM",36.1353
"2012-04-08:12 AM",41.8226
"2012-04-09:12 AM",47.8461
"2012-04-10:12 AM",50.2954
"2012-04-11:12 AM",47.7741
"2012-04-12:12 AM",44.2508
"2012-04-13:12 AM",43.2446
"2012-04-14:12 AM",43.5258
"2012-04-15:12 AM",44.8979
"2012-04-16:12 AM",43.7173
"2012-04-17:12 AM",40.609
"2012-04-18:12 AM",41.5335
"2012-04-19:12 AM",41.1669
"2012-04-20:12 AM",48.0819
"2012-04-21:12 AM",49.503
"2012-04-22:12 AM",56.3643
"2012-04-23:12 AM",59.2651
"2012-04-24:12 AM",55.6876
"2012-04-25:12 AM",52.5717
"2012-04-26:12 AM",47.0838
"2012-04-27:12 AM",42.109
"2012-04-28:12 AM",45.1254
"2012-04-29:12 AM",47.6874
"2012-04-30:12 AM",47.4417
"2012-05-01:12 AM",41.8424
"2012-05-02:12 AM",41.2124
"2012-05-03:12 AM",41.3881
"2012-05-04:12 AM",42.6105
"2012-05-05:12 AM",41.191
"2012-05-06:12 AM",45.0385
"2012-05-07:12 AM",49.5936
"2012-05-08:12 AM",52.9999
"2012-05-09:12 AM",47.3914
"2012-05-10:12 AM",41.648
"2012-05-11:12 AM",45.2424
"2012-05-12:12 AM",51.1372
"2012-05-13:12 AM",56.2381
"2012-05-14:12 AM",61.4905
"2012-05-15:12 AM",61.2106
"2012-05-16:12 AM",56.4737
"2012-05-17:12 AM",50.8591
"2012-05-18:12 AM",47.6254
"2012-05-19:12 AM",49.7431
"2012-05-20:12 AM",50.6001
"2012-05-21:12 AM",52.5754
"2012-05-22:12 AM",48.4156
"2012-05-23:12 AM",46.6932
"2012-05-24:12 AM",46.9179
"2012-05-25:12 AM",51.0228
"2012-05-26:12 AM",52.7427
"2012-05-27:12 AM",51.7406
"2012-05-28:12 AM",51.4801
"2012-05-29:12 AM",50.2533
"2012-05-30:12 AM",52.5895
"2012-05-31:12 AM",55.4968
"2012-06-01:12 AM",57.3429
"2012-06-02:12 AM",56.1373
"2012-06-03:12 AM",51.3003
"2012-06-04:12 AM",50.1778
"2012-06-05:12 AM",46.6338
"2012-06-06:12 AM",45.642
"2012-06-07:12 AM",45.5918
"2012-06-08:12 AM",46.1149
"2012-06-09:12 AM",44.5984
"2012-06-10:12 AM",51.0643
"2012-06-11:12 AM",55.6234
"2012-06-12:12 AM",55.7708
"2012-06-13:12 AM",54.8643
"2012-06-14:12 AM",51.3109
"2012-06-15:12 AM",53.983
"2012-06-16:12 AM",59.0486
"2012-06-17:12 AM",59.2351
"2012-06-18:12 AM",51.7327
"2012-06-19:12 AM",51.7602
"2012-06-20:12 AM",55.3714
"2012-06-21:12 AM",61.3002
"2012-06-22:12 AM",59.4039
"2012-06-23:12 AM",54.2421
"2012-06-24:12 AM",53.3381
"2012-06-25:12 AM",54.1022
"2012-06-26:12 AM",50.2497
"2012-06-27:12 AM",53.4205
"2012-06-28:12 AM",57.8694
"2012-06-29:12 AM",61.1649
"2012-06-30:12 AM",60.8502
"2012-07-01:12 AM",60.4245
"2012-07-02:12 AM",57.6664
"2012-07-03:12 AM",54.8001
"2012-07-04:12 AM",53.9033
"2012-07-05:12 AM",58.0426
"2012-07-06:12 AM",62.6754
"2012-07-07:12 AM",67.5435
"2012-07-08:12 AM",71.8101
"2012-07-09:12 AM",72.5868
"2012-07-10:12 AM",68.8357
"2012-07-11:12 AM",69.1691
"2012-07-12:12 AM",69.0964
"2012-07-13:12 AM",68.0229
"2012-07-14:12 AM",68.2965
"2012-07-15:12 AM",63.3225
"2012-07-16:12 AM",64.4295
"2012-07-17:12 AM",68.0337
"2012-07-18:12 AM",67.3808
"2012-07-19:12 AM",68.3062
"2012-07-20:12 AM",64.4547
"2012-07-21:12 AM",62.1844
"2012-07-22:12 AM",60.9861
"2012-07-23:12 AM",56.9118
"2012-07-24:12 AM",61.0567
"2012-07-25:12 AM",65.5646
"2012-07-26:12 AM",67.9618
"2012-07-27:12 AM",65.8836
"2012-07-28:12 AM",63.8092
"2012-07-29:12 AM",63.514
"2012-07-30:12 AM",62.8443
"2012-07-31:12 AM",62.9665
"2012-08-01:12 AM",63.4249
"2012-08-02:12 AM",62.3957
"2012-08-03:12 AM",64.7713
"2012-08-04:12 AM",71.0474
"2012-08-05:12 AM",73.2681
"2012-08-06:12 AM",73.249
"2012-08-07:12 AM",70.9871
"2012-08-08:12 AM",68.5323
"2012-08-09:12 AM",64.7784
"2012-08-10:12 AM",65.9943
"2012-08-11:12 AM",67.6279
"2012-08-12:12 AM",71.3446
"2012-08-13:12 AM",70.9637
"2012-08-14:12 AM",69.1214
"2012-08-15:12 AM",69.3324
"2012-08-16:12 AM",71.1898
"2012-08-17:12 AM",71.0955
"2012-08-18:12 AM",70.5684
"2012-08-19:12 AM",69.9568
"2012-08-20:12 AM",67.5063
"2012-08-21:12 AM",64.4967
"2012-08-22:12 AM",61.1811
"2012-08-23:12 AM",57.7918
"2012-08-24:12 AM",56.7891
"2012-08-25:12 AM",60.213
"2012-08-26:12 AM",62.6268
"2012-08-27:12 AM",62.769
"2012-08-28:12 AM",59.3602
"2012-08-29:12 AM",58.0284
"2012-08-30:12 AM",57.6376
"2012-08-31:12 AM",58.5401
"2012-09-01:12 AM",56.8731
"2012-09-02:12 AM",56.5525
"2012-09-03:12 AM",58.7275
"2012-09-04:12 AM",61.2108
"2012-09-05:12 AM",62.4664
"2012-09-06:12 AM",62.8572
"2012-09-07:12 AM",64.4518
"2012-09-08:12 AM",64.9951
"2012-09-09:12 AM",61.1551
"2012-09-10:12 AM",55.328
"2012-09-11:12 AM",51.1117
"2012-09-12:12 AM",53.8248
"2012-09-13:12 AM",59.5792
"2012-09-14:12 AM",61.8915
"2012-09-15:12 AM",62.1198
"2012-09-16:12 AM",61.1703
"2012-09-17:12 AM",63.3628
"2012-09-18:12 AM",63.2037
"2012-09-19:12 AM",63.2777
"2012-09-20:12 AM",62.9445
"2012-09-21:12 AM",60.7051
"2012-09-22:12 AM",58.9685
"2012-09-23:12 AM",58.2354
"2012-09-24:12 AM",57.7782
"2012-09-25:12 AM",57.1309
"2012-09-26:12 AM",56.4573
"2012-09-27:12 AM",58.7176
"2012-09-28:12 AM",59.0108
"2012-09-29:12 AM",59.3668
"2012-09-30:12 AM",56.336
"2012-10-01:12 AM",58.2654
"2012-10-02:12 AM",55.783
"2012-10-03:12 AM",47.2307
"2012-10-04:12 AM",47.7856
"2012-10-05:12 AM",47.9511
"2012-10-06:12 AM",49.7122
"2012-10-07:12 AM",52.3137
"2012-10-08:12 AM",52.009
"2012-10-09:12 AM",52.8402
"2012-10-10:12 AM",50.9473
"2012-10-11:12 AM",50.6916
"2012-10-12:12 AM",47.9903
"2012-10-13:12 AM",51.3241
"2012-10-14:12 AM",53.3511
"2012-10-15:12 AM",53.8171
"2012-10-16:12 AM",50.6091
"2012-10-17:12 AM",43.9597
"2012-10-18:12 AM",46.1289
"2012-10-19:12 AM",50.2279
"2012-10-20:12 AM",42.7186
"2012-10-21:12 AM",38.3076
"2012-10-22:12 AM",36.5765
"2012-10-23:12 AM",36.9378
"2012-10-24:12 AM",36.5398
"2012-10-25:12 AM",36.8798
"2012-10-26:12 AM",37.294
"2012-10-27:12 AM",40.8981
"2012-10-28:12 AM",47.0797
"2012-10-29:12 AM",49.9554
"2012-10-30:12 AM",49.3443
"2012-10-31:12 AM",50.2821
"2012-11-01:12 AM",47.5023
"2012-11-02:12 AM",46.3527
"2012-11-03:12 AM",47.4204
"2012-11-04:12 AM",50.3067
"2012-11-05:12 AM",51.4312
"2012-11-06:12 AM",46.585
"2012-11-07:12 AM",43.068
"2012-11-08:12 AM",36.5542
"2012-11-09:12 AM",33.2605
"2012-11-10:12 AM",29.8049
"2012-11-11:12 AM",30.0085
"2012-11-12:12 AM",34.7913
"2012-11-13:12 AM",38.5372
"2012-11-14:12 AM",39.0031
"2012-11-15:12 AM",35.7643
"2012-11-16:12 AM",36.1211
"2012-11-17:12 AM",38.8582
"2012-11-18:12 AM",37.4837
"2012-11-19:12 AM",41.2345
"2012-11-20:12 AM",42.2987
"2012-11-21:12 AM",38.4897
"2012-11-22:12 AM",34.3539
"2012-11-23:12 AM",36.5349
"2012-11-24:12 AM",38.7617
"2012-11-25:12 AM",33.0366
"2012-11-26:12 AM",30.9708
"2012-11-27:12 AM",31.5043
"2012-11-28:12 AM",33.3826
"2012-11-29:12 AM",36.9954
"2012-11-30:12 AM",40.1788
"2012-12-01:12 AM",41.2405
"2012-12-02:12 AM",39.3393
"2012-12-03:12 AM",39.254
"2012-12-04:12 AM",41.1447
"2012-12-05:12 AM",38.1331
"2012-12-06:12 AM",34.403
"2012-12-07:12 AM",34.6303
"2012-12-08:12 AM",31.6512
"2012-12-09:12 AM",29.5695
"2012-12-10:12 AM",34.1091
"2012-12-11:12 AM",34.2493
"2012-12-12:12 AM",33.202
"2012-12-13:12 AM",30.5298
"2012-12-14:12 AM",30.6423
"2012-12-15:12 AM",28.2889
"2012-12-16:12 AM",30.0256
"2012-12-17:12 AM",32.5229
"2012-12-18:12 AM",26.9589
"2012-12-19:12 AM",26.373
"2012-12-20:12 AM",31.5268
"2012-12-21:12 AM",30.4772
"2012-12-22:12 AM",32.8537
"2012-12-23:12 AM",31.5201
"2012-12-24:12 AM",31.0858
"2012-12-25:12 AM",28.8273
"2012-12-26:12 AM",29.7237
"2012-12-27:12 AM",30.4369
"2012-12-28:12 AM",28.9337
"2012-12-29:12 AM",26.8489
"2012-12-30:12 AM",22.4636
"2012-12-31:12 AM",21.5852
"2013-01-01:12 AM",20.2446
"2013-01-02:12 AM",19.6511
"2013-01-03:12 AM",18.8013
"2013-01-04:12 AM",25.0768
"2013-01-05:12 AM",27.8321
"2013-01-06:12 AM",29.1558
"2013-01-07:12 AM",32.8964
"2013-01-08:12 AM",34.8944
"2013-01-09:12 AM",36.5329
"2013-01-10:12 AM",28.3491
"2013-01-11:12 AM",21.6212
"2013-01-12:12 AM",18.0585
"2013-01-13:12 AM",16.196
"2013-01-14:12 AM",20.7385
"2013-01-15:12 AM",24.6162
"2013-01-16:12 AM",25.4302
"2013-01-17:12 AM",25.2932
"2013-01-18:12 AM",25.9957
"2013-01-19:12 AM",25.7335
"2013-01-20:12 AM",25.2311
"2013-01-21:12 AM",25.0075
"2013-01-22:12 AM",24.2555
"2013-01-23:12 AM",27.6172
"2013-01-24:12 AM",29.208
"2013-01-25:12 AM",33.2976
"2013-01-26:12 AM",32.8586
"2013-01-27:12 AM",31.0651
"2013-01-28:12 AM",30.7562
"2013-01-29:12 AM",32.5258
"2013-01-30:12 AM",36.0909
"2013-01-31:12 AM",37.3456
"2013-02-01:12 AM",36.7016
"2013-02-02:12 AM",34.2277
"2013-02-03:12 AM",33.6027
"2013-02-04:12 AM",35.1532
"2013-02-05:12 AM",36.444
"2013-02-06:12 AM",35.9407
"2013-02-07:12 AM",35.0931
"2013-02-08:12 AM",30.5107
"2013-02-09:12 AM",32.0243
"2013-02-10:12 AM",31.9323
"2013-02-11:12 AM",32.6287
"2013-02-12:12 AM",35.7616
"2013-02-13:12 AM",38.4643
"2013-02-14:12 AM",35.299
"2013-02-15:12 AM",35.7089
"2013-02-16:12 AM",37.0026
"2013-02-17:12 AM",34.0531
"2013-02-18:12 AM",32.491
"2013-02-19:12 AM",32.3082
"2013-02-20:12 AM",30.4709
"2013-02-21:12 AM",31.4656
"2013-02-22:12 AM",33.9438
"2013-02-23:12 AM",32.9734
"2013-02-24:12 AM",32.2396
"2013-02-25:12 AM",34.3636
"2013-02-26:12 AM",32.389
"2013-02-27:12 AM",34.9111
"2013-02-28:12 AM",35.1662
"2013-03-01:12 AM",42.6475
"2013-03-02:12 AM",41.5665
"2013-03-03:12 AM",35.3129
"2013-03-04:12 AM",32.527
"2013-03-05:12 AM",33.4598
"2013-03-06:12 AM",34.435
"2013-03-07:12 AM",36.2628
"2013-03-08:12 AM",35.3451
"2013-03-09:12 AM",36.1823
"2013-03-10:12 AM",36.6436
"2013-03-11:12 AM",38.0293
"2013-03-12:12 AM",42.1893
"2013-03-13:12 AM",45.0001
"2013-03-14:12 AM",45.9288
"2013-03-15:12 AM",44.989
"2013-03-16:12 AM",41.4685
"2013-03-17:12 AM",34.8206
"2013-03-18:12 AM",34.4842
"2013-03-19:12 AM",34.2273
"2013-03-20:12 AM",38.3452
"2013-03-21:12 AM",33.759
"2013-03-22:12 AM",31.7977
"2013-03-23:12 AM",31.8985
"2013-03-24:12 AM",34.0853
"2013-03-25:12 AM",36.9118
"2013-03-26:12 AM",40.2393
"2013-03-27:12 AM",43.0059
"2013-03-28:12 AM",44.29
"2013-03-29:12 AM",45.7092
"2013-03-30:12 AM",48.0745
"2013-03-31:12 AM",50.6698
"2013-04-01:12 AM",50.2407
"2013-04-02:12 AM",48.6968
"2013-04-03:12 AM",48.6372
"2013-04-04:12 AM",47.3171
"2013-04-05:12 AM",47.2039
"2013-04-06:12 AM",44.5989
"2013-04-07:12 AM",39.234
"2013-04-08:12 AM",39.7769
"2013-04-09:12 AM",41.61
"2013-04-10:12 AM",44.5912
"2013-04-11:12 AM",42.118
"2013-04-12:12 AM",38.7518
"2013-04-13:12 AM",37.6585
"2013-04-14:12 AM",37.3338
"2013-04-15:12 AM",36.3081
"2013-04-16:12 AM",37.3323
"2013-04-17:12 AM",38.5621
"2013-04-18:12 AM",41.626
"2013-04-19:12 AM",44.6286
"2013-04-20:12 AM",44.7946
"2013-04-21:12 AM",41.9691
"2013-04-22:12 AM",40.9462
"2013-04-23:12 AM",42.4033
"2013-04-24:12 AM",46.3876
"2013-04-25:12 AM",49.8582
"2013-04-26:12 AM",53.0056
"2013-04-27:12 AM",51.0571
"2013-04-28:12 AM",47.7808
"2013-04-29:12 AM",43.448
"2013-04-30:12 AM",39.1028
"2013-05-01:12 AM",41.7189
"2013-05-02:12 AM",48.423
"2013-05-03:12 AM",53.4582
"2013-05-04:12 AM",56.4132
"2013-05-05:12 AM",59.5458
"2013-05-06:12 AM",61.7454
"2013-05-07:12 AM",60.9258
"2013-05-08:12 AM",60.6556
"2013-05-09:12 AM",61.2142
"2013-05-10:12 AM",62.888
"2013-05-11:12 AM",65.0574
"2013-05-12:12 AM",61.088
"2013-05-13:12 AM",54.6058
"2013-05-14:12 AM",48.7906
"2013-05-15:12 AM",47.9809
"2013-05-16:12 AM",52.7313
"2013-05-17:12 AM",51.4648
"2013-05-18:12 AM",49.5626
"2013-05-19:12 AM",51.1738
"2013-05-20:12 AM",52.7508
"2013-05-21:12 AM",48.6943
"2013-05-22:12 AM",41.1784
"2013-05-23:12 AM",42.8873
"2013-05-24:12 AM",44.4328
"2013-05-25:12 AM",47.3371
"2013-05-26:12 AM",48.9673
"2013-05-27:12 AM",48.5598
"2013-05-28:12 AM",50.1134
"2013-05-29:12 AM",48.196
"2013-05-30:12 AM",48.6127
"2013-05-31:12 AM",50.9988
"2013-06-01:12 AM",52.7365
"2013-06-02:12 AM",54.2012
"2013-06-03:12 AM",54.9086
"2013-06-04:12 AM",58.3169
"2013-06-05:12 AM",61.0864
"2013-06-06:12 AM",64.0047
"2013-06-07:12 AM",60.5793
"2013-06-08:12 AM",58.5604
"2013-06-09:12 AM",56.3407
"2013-06-10:12 AM",55.0819
"2013-06-11:12 AM",53.3241
"2013-06-12:12 AM",51.2951
"2013-06-13:12 AM",51.8295
"2013-06-14:12 AM",53.7195
"2013-06-15:12 AM",57.7899
"2013-06-16:12 AM",61.6797
"2013-06-17:12 AM",61.5256
"2013-06-18:12 AM",56.0482
"2013-06-19:12 AM",51.2037
"2013-06-20:12 AM",49.9512
"2013-06-21:12 AM",51.7615
"2013-06-22:12 AM",55.9854
"2013-06-23:12 AM",58.5223
"2013-06-24:12 AM",56.601
"2013-06-25:12 AM",54.081
"2013-06-26:12 AM",55.8297
"2013-06-27:12 AM",59.6871
"2013-06-28:12 AM",66.8311
"2013-06-29:12 AM",68.4444
"2013-06-30:12 AM",70.2354
"2013-07-01:12 AM",73.7996
"2013-07-02:12 AM",74.2345
"2013-07-03:12 AM",69.2863
"2013-07-04:12 AM",63.6197
"2013-07-05:12 AM",60.9231
"2013-07-06:12 AM",63.1312
"2013-07-07:12 AM",64.7676
"2013-07-08:12 AM",64.2934
"2013-07-09:12 AM",66.6297
"2013-07-10:12 AM",66.645
"2013-07-11:12 AM",61.0309
"2013-07-12:12 AM",56.8522
"2013-07-13:12 AM",58.8871
"2013-07-14:12 AM",62.1765
"2013-07-15:12 AM",63.2646
"2013-07-16:12 AM",67.8889
"2013-07-17:12 AM",68.3092
"2013-07-18:12 AM",66.2385
"2013-07-19:12 AM",67.9122
"2013-07-20:12 AM",67.609
"2013-07-21:12 AM",66.3386
"2013-07-22:12 AM",67.102
"2013-07-23:12 AM",69.0073
"2013-07-24:12 AM",69.345
"2013-07-25:12 AM",69.0811
"2013-07-26:12 AM",67.9906
"2013-07-27:12 AM",65.0077
"2013-07-28:12 AM",61.9927
"2013-07-29:12 AM",63.2943
"2013-07-30:12 AM",65.5572
"2013-07-31:12 AM",65.394
"2013-08-01:12 AM",61.8769
"2013-08-02:12 AM",58.0712
"2013-08-03:12 AM",61.2489
"2013-08-04:12 AM",64.7776
"2013-08-05:12 AM",67.6731
"2013-08-06:12 AM",68.1642
"2013-08-07:12 AM",67.4825
"2013-08-08:12 AM",68.6059
"2013-08-09:12 AM",70.0689
"2013-08-10:12 AM",69.7606
"2013-08-11:12 AM",67.5784
"2013-08-12:12 AM",65.6872
"2013-08-13:12 AM",66.5955
"2013-08-14:12 AM",67.0653
"2013-08-15:12 AM",66.4999
"2013-08-16:12 AM",64.9706
"2013-08-17:12 AM",65.2609
"2013-08-18:12 AM",64.5706
"2013-08-19:12 AM",64.1037
"2013-08-20:12 AM",63.5734
"2013-08-21:12 AM",65.631
"2013-08-22:12 AM",68.7781
"2013-08-23:12 AM",65.3698
"2013-08-24:12 AM",61.8789
"2013-08-25:12 AM",60.7498
"2013-08-26:12 AM",61.0567
"2013-08-27:12 AM",62.9557
"2013-08-28:12 AM",65.2656
"2013-08-29:12 AM",64.8761
"2013-08-30:12 AM",64.6536
"2013-08-31:12 AM",64.6092
"2013-09-01:12 AM",67.1059
"2013-09-02:12 AM",65.316
"2013-09-03:12 AM",64.6716
"2013-09-04:12 AM",65.0737
"2013-09-05:12 AM",64.5922
"2013-09-06:12 AM",60.3604
"2013-09-07:12 AM",59.7837
"2013-09-08:12 AM",61.0885
"2013-09-09:12 AM",64.3105
"2013-09-10:12 AM",66.0139
"2013-09-11:12 AM",70.8793
"2013-09-12:12 AM",69.8648
"2013-09-13:12 AM",67.7797
"2013-09-14:12 AM",67.1171
"2013-09-15:12 AM",66.6255
"2013-09-16:12 AM",60.2031
"2013-09-17:12 AM",54.9756
"2013-09-18:12 AM",54.2635
"2013-09-19:12 AM",55.6718
"2013-09-20:12 AM",57.1888
"2013-09-21:12 AM",56.8756
"2013-09-22:12 AM",51.7771
"2013-09-23:12 AM",51.1351
"2013-09-24:12 AM",48.8629
"2013-09-25:12 AM",47.7361
"2013-09-26:12 AM",48.952
"2013-09-27:12 AM",46.1185
"2013-09-28:12 AM",49.7134
"2013-09-29:12 AM",49.1178
"2013-09-30:12 AM",47.6119
"2013-10-01:12 AM",45.0921
"2013-10-02:12 AM",43.4761
"2013-10-03:12 AM",44.5825
"2013-10-04:12 AM",45.7482
"2013-10-05:12 AM",48.6786
"2013-10-06:12 AM",50.9601
"2013-10-07:12 AM",49.2222
"2013-10-08:12 AM",45.8991
"2013-10-09:12 AM",43.8231
"2013-10-10:12 AM",45.1252
"2013-10-11:12 AM",45.1006
"2013-10-12:12 AM",45.5391
"2013-10-13:12 AM",43.6035
"2013-10-14:12 AM",44.1775
"2013-10-15:12 AM",45.0055
"2013-10-16:12 AM",45.9527
"2013-10-17:12 AM",45.4375
"2013-10-18:12 AM",45.8803
"2013-10-19:12 AM",45.9379
"2013-10-20:12 AM",46.8876
"2013-10-21:12 AM",48.8498
"2013-10-22:12 AM",49.264
"2013-10-23:12 AM",48.4545
"2013-10-24:12 AM",47.5464
"2013-10-25:12 AM",44.6923
"2013-10-26:12 AM",43.9203
"2013-10-27:12 AM",41.7697
"2013-10-28:12 AM",41.2983
"2013-10-29:12 AM",38.4325
"2013-10-30:12 AM",38.1258
"2013-10-31:12 AM",42.4296
"2013-11-01:12 AM",44.3622
"2013-11-02:12 AM",42.9372
"2013-11-03:12 AM",37.9463
"2013-11-04:12 AM",34.669
"2013-11-05:12 AM",36.7342
"2013-11-06:12 AM",37.8696
"2013-11-07:12 AM",39.0765
"2013-11-08:12 AM",40.6283
"2013-11-09:12 AM",37.6812
"2013-11-10:12 AM",39.2608
"2013-11-11:12 AM",40.2298
"2013-11-12:12 AM",42.2247
"2013-11-13:12 AM",43.0948
"2013-11-14:12 AM",40.3632
"2013-11-15:12 AM",37.4274
"2013-11-16:12 AM",37.0688
"2013-11-17:12 AM",37.1464
"2013-11-18:12 AM",41.4446
"2013-11-19:12 AM",42.3658
"2013-11-20:12 AM",29.8476
"2013-11-21:12 AM",25.6111
"2013-11-22:12 AM",26.5312
"2013-11-23:12 AM",28.8045
"2013-11-24:12 AM",30.3676
"2013-11-25:12 AM",31.932
"2013-11-26:12 AM",31.7293
"2013-11-27:12 AM",32.5611
"2013-11-28:12 AM",32.1537
"2013-11-29:12 AM",32.3049
"2013-11-30:12 AM",33.957
"2013-12-01:12 AM",39.7584
"2013-12-02:12 AM",34.4363
"2013-12-03:12 AM",23.7963
"2013-12-04:12 AM",17.7222
"2013-12-05:12 AM",15.5721
"2013-12-06:12 AM",15.0982
"2013-12-07:12 AM",11.0799
"2013-12-08:12 AM",10.2871
"2013-12-09:12 AM",15.7901
"2013-12-10:12 AM",20.2041
"2013-12-11:12 AM",23.3458
"2013-12-12:12 AM",26.0996
"2013-12-13:12 AM",30.5721
"2013-12-14:12 AM",33.5863
"2013-12-15:12 AM",35.3741
"2013-12-16:12 AM",35.3143
"2013-12-17:12 AM",32.6512
"2013-12-18:12 AM",33.2951
"2013-12-19:12 AM",25.0902
"2013-12-20:12 AM",25.8429
"2013-12-21:12 AM",30.6228
"2013-12-22:12 AM",32.959
"2013-12-23:12 AM",37.1595
"2013-12-24:12 AM",31.5201
"2013-12-25:12 AM",29.1234
"2013-12-26:12 AM",30.0792
"2013-12-27:12 AM",29.9088
"2013-12-28:12 AM",31.069
"2013-12-29:12 AM",30.1935
"2013-12-30:12 AM",32.3433
"2013-12-31:12 AM",33.2096
"2014-01-01:12 AM",31.15
"2014-01-02:12 AM",33.7114
"2014-01-03:12 AM",33.2857
"2014-01-04:12 AM",27.1063
"2014-01-05:12 AM",26.8549
"2014-01-06:12 AM",27.2782
"2014-01-07:12 AM",29.8512
"2014-01-08:12 AM",32.9506
"2014-01-09:12 AM",33.8788
"2014-01-10:12 AM",36.5947
"2014-01-11:12 AM",39.4063
"2014-01-12:12 AM",36.0066
"2014-01-13:12 AM",40.5108
"2014-01-14:12 AM",38.588
"2014-01-15:12 AM",35.6157
"2014-01-16:12 AM",34.1994
"2014-01-17:12 AM",31.8587
"2014-01-18:12 AM",30.3069
"2014-01-19:12 AM",29.5133
"2014-01-20:12 AM",29.5639
"2014-01-21:12 AM",29.6379
"2014-01-22:12 AM",30.5625
"2014-01-23:12 AM",31.4695
"2014-01-24:12 AM",32.4169
"2014-01-25:12 AM",31.7905
"2014-01-26:12 AM",30.3642
"2014-01-27:12 AM",30.1006
"2014-01-28:12 AM",30.1941
"2014-01-29:12 AM",32.9229
"2014-01-30:12 AM",32.4385
"2014-01-31:12 AM",30.2297
"2014-02-01:12 AM",27.3897
"2014-02-02:12 AM",26.2465
"2014-02-03:12 AM",23.4266
"2014-02-04:12 AM",17.6148
"2014-02-05:12 AM",11.3662
"2014-02-06:12 AM",8.8396
"2014-02-07:12 AM",15.2645
"2014-02-08:12 AM",17.2573
"2014-02-09:12 AM",22.4859
"2014-02-10:12 AM",25.2748
"2014-02-11:12 AM",32.722
"2014-02-12:12 AM",37.2447
"2014-02-13:12 AM",37.7139
"2014-02-14:12 AM",36.3564
"2014-02-15:12 AM",34.2063
"2014-02-16:12 AM",34.1411
"2014-02-17:12 AM",35.2895
"2014-02-18:12 AM",35.0924
"2014-02-19:12 AM",32.6115
"2014-02-20:12 AM",33.3536
"2014-02-21:12 AM",32.6709
"2014-02-22:12 AM",28.4097
"2014-02-23:12 AM",30.621
"2014-02-24:12 AM",29.5547
"2014-02-25:12 AM",30.9238
"2014-02-26:12 AM",31.3192
"2014-02-27:12 AM",34.2252
"2014-02-28:12 AM",36.0487
"2014-03-01:12 AM",27.7054
"2014-03-02:12 AM",24.6596
"2014-03-03:12 AM",33.1651
"2014-03-04:12 AM",38.0905
"2014-03-05:12 AM",41.6937
"2014-03-06:12 AM",42.8725
"2014-03-07:12 AM",41.7189
"2014-03-08:12 AM",40.4323
"2014-03-09:12 AM",45.5257
"2014-03-10:12 AM",42.0064
"2014-03-11:12 AM",38.7471
"2014-03-12:12 AM",39.2256
"2014-03-13:12 AM",40.2769
"2014-03-14:12 AM",41.8458
"2014-03-15:12 AM",40.519
"2014-03-16:12 AM",42.872
"2014-03-17:12 AM",37.7818
"2014-03-18:12 AM",36.4408
"2014-03-19:12 AM",38.5023
"2014-03-20:12 AM",35.2614
"2014-03-21:12 AM",34.1593
"2014-03-22:12 AM",34.9759
"2014-03-23:12 AM",38.8218
"2014-03-24:12 AM",41.7942
"2014-03-25:12 AM",42.3612
"2014-03-26:12 AM",40.8103
"2014-03-27:12 AM",40.6522
"2014-03-28:12 AM",39.3863
"2014-03-29:12 AM",41.8305
"2014-03-30:12 AM",39.5368
"2014-03-31:12 AM",39.4617
"2014-04-01:12 AM",41.3389
"2014-04-02:12 AM",41.7846
"2014-04-03:12 AM",41.3737
"2014-04-04:12 AM",42.2521
"2014-04-05:12 AM",41.6521
"2014-04-06:12 AM",45.3585
"2014-04-07:12 AM",49.4566
"2014-04-08:12 AM",51.0301
"2014-04-09:12 AM",46.6176
"2014-04-10:12 AM",43.6982
"2014-04-11:12 AM",46.0402
"2014-04-12:12 AM",45.1157
"2014-04-13:12 AM",45.9606
"2014-04-14:12 AM",46.4729
"2014-04-15:12 AM",45.4086
"2014-04-16:12 AM",44.6319
"2014-04-17:12 AM",45.2037
"2014-04-18:12 AM",43.4251
"2014-04-19:12 AM",42.345
"2014-04-20:12 AM",44.6288
"2014-04-21:12 AM",45.9354
"2014-04-22:12 AM",43.705
"2014-04-23:12 AM",40.3579
"2014-04-24:12 AM",44.9416
"2014-04-25:12 AM",42.5287
"2014-04-26:12 AM",41.7816
"2014-04-27:12 AM",40.7367
"2014-04-28:12 AM",42.4567
"2014-04-29:12 AM",48.7549
"2014-04-30:12 AM",53.9353
"2014-05-01:12 AM",59.4968
"2014-05-02:12 AM",59.3123
"2014-05-03:12 AM",51.6965
"2014-05-04:12 AM",47.9079
"2014-05-05:12 AM",47.3378
"2014-05-06:12 AM",47.4364
"2014-05-07:12 AM",48.9099
"2014-05-08:12 AM",47.7484
"2014-05-09:12 AM",47.7878
"2014-05-10:12 AM",44.3514
"2014-05-11:12 AM",48.3237
"2014-05-12:12 AM",51.2337
"2014-05-13:12 AM",56.0709
"2014-05-14:12 AM",60.6666
"2014-05-15:12 AM",63.7273
"2014-05-16:12 AM",60.1785
"2014-05-17:12 AM",54.2442
"2014-05-18:12 AM",51.2407
"2014-05-19:12 AM",51.958
"2014-05-20:12 AM",54.448
"2014-05-21:12 AM",56.7667
"2014-05-22:12 AM",59.7124
"2014-05-23:12 AM",58.7633
"2014-05-24:12 AM",56.1117
"2014-05-25:12 AM",53.2405
"2014-05-26:12 AM",53.5528
"2014-05-27:12 AM",50.6775
"2014-05-28:12 AM",50.3078
"2014-05-29:12 AM",51.3284
"2014-05-30:12 AM",54.1256
"2014-05-31:12 AM",57.7398
"2014-06-01:12 AM",58.4154
"2014-06-02:12 AM",59.9643
"2014-06-03:12 AM",59.0488
"2014-06-04:12 AM",57.0522
"2014-06-05:12 AM",56.4008
"2014-06-06:12 AM",57.5582
"2014-06-07:12 AM",58.2073
"2014-06-08:12 AM",59.9992
"2014-06-09:12 AM",59.3521
"2014-06-10:12 AM",55.1568
"2014-06-11:12 AM",57.0182
"2014-06-12:12 AM",57.8811
"2014-06-13:12 AM",51.7006
"2014-06-14:12 AM",52.4862
"2014-06-15:12 AM",52.2712
"2014-06-16:12 AM",48.9423
"2014-06-17:12 AM",48.4844
"2014-06-18:12 AM",54.325
"2014-06-19:12 AM",57.3435
"2014-06-20:12 AM",58.188
"2014-06-21:12 AM",55.5822
"2014-06-22:12 AM",58.9086
"2014-06-23:12 AM",63.9324
"2014-06-24:12 AM",61.1973
"2014-06-25:12 AM",60.6024
"2014-06-26:12 AM",59.4232
"2014-06-27:12 AM",57.0954
"2014-06-28:12 AM",56.9133
"2014-06-29:12 AM",57.3341
"2014-06-30:12 AM",59.9985
"2014-07-01:12 AM",67.4902
"2014-07-02:12 AM",69.7752
"2014-07-03:12 AM",64.4907
"2014-07-04:12 AM",63.3265
"2014-07-05:12 AM",64.5625
"2014-07-06:12 AM",66.9956
"2014-07-07:12 AM",69.9102
"2014-07-08:12 AM",71.1783
"2014-07-09:12 AM",69.6675
"2014-07-10:12 AM",67.453
"2014-07-11:12 AM",69.5005
"2014-07-12:12 AM",72.8575
"2014-07-13:12 AM",73.6336
"2014-07-14:12 AM",73.1158
"2014-07-15:12 AM",72.82
"2014-07-16:12 AM",73.7692
"2014-07-17:12 AM",69.2263
"2014-07-18:12 AM",66.3116
"2014-07-19:12 AM",65.9835
"2014-07-20:12 AM",63.0091
"2014-07-21:12 AM",61.4889
"2014-07-22:12 AM",59.8546
"2014-07-23:12 AM",59.4441
"2014-07-24:12 AM",55.53
"2014-07-25:12 AM",58.5262
"2014-07-26:12 AM",63.0288
"2014-07-27:12 AM",67.8537
"2014-07-28:12 AM",73.0704
"2014-07-29:12 AM",73.2888
"2014-07-30:12 AM",72.1947
"2014-07-31:12 AM",72.1962
"2014-08-01:12 AM",72.4311
"2014-08-02:12 AM",71.8272
"2014-08-03:12 AM",71.7321
"2014-08-04:12 AM",73.8118
"2014-08-05:12 AM",70.7428
"2014-08-06:12 AM",67.5297
"2014-08-07:12 AM",65.775
"2014-08-08:12 AM",64.2866
"2014-08-09:12 AM",65.5054
"2014-08-10:12 AM",70.2439
"2014-08-11:12 AM",74.6519
"2014-08-12:12 AM",70.7358
"2014-08-13:12 AM",65.5194
"2014-08-14:12 AM",62.7222
"2014-08-15:12 AM",61.9533
"2014-08-16:12 AM",64.5444
"2014-08-17:12 AM",66.9607
"2014-08-18:12 AM",69.7737
"2014-08-19:12 AM",68.1516
"2014-08-20:12 AM",63.3105
"2014-08-21:12 AM",60.8371
"2014-08-22:12 AM",59.7276
"2014-08-23:12 AM",61.8933
"2014-08-24:12 AM",61.4244
"2014-08-25:12 AM",63.811
"2014-08-26:12 AM",66.3314
"2014-08-27:12 AM",68.3242
"2014-08-28:12 AM",66.0382
"2014-08-29:12 AM",62.7611
"2014-08-30:12 AM",59.1854
"2014-08-31:12 AM",57.5496
"2014-09-01:12 AM",57.9202
"2014-09-02:12 AM",58.4022
"2014-09-03:12 AM",55.7087
"2014-09-04:12 AM",57.0492
"2014-09-05:12 AM",61.8258
"2014-09-06:12 AM",66.1487
"2014-09-07:12 AM",64.1923
"2014-09-08:12 AM",61.3863
"2014-09-09:12 AM",58.5986
"2014-09-10:12 AM",56.2473
"2014-09-11:12 AM",52.8908
"2014-09-12:12 AM",55.2238
"2014-09-13:12 AM",59.1985
"2014-09-14:12 AM",60.9996
"2014-09-15:12 AM",63.6591
"2014-09-16:12 AM",63.4363
"2014-09-17:12 AM",63.25
"2014-09-18:12 AM",61.2081
"2014-09-19:12 AM",61.66
"2014-09-20:12 AM",63.7138
"2014-09-21:12 AM",67.2328
"2014-09-22:12 AM",63.7893
"2014-09-23:12 AM",60.9289
"2014-09-24:12 AM",58.59
"2014-09-25:12 AM",55.5832
"2014-09-26:12 AM",54.7245
"2014-09-27:12 AM",55.5751
"2014-09-28:12 AM",58.914
"2014-09-29:12 AM",56.1027
"2014-09-30:12 AM",53.3993
"2014-10-01:12 AM",50.8807
"2014-10-02:12 AM",51.5304
"2014-10-03:12 AM",53.753
"2014-10-04:12 AM",56.6382
"2014-10-05:12 AM",59.2815
"2014-10-06:12 AM",61.2878
"2014-10-07:12 AM",61.9851
"2014-10-08:12 AM",57.8197
"2014-10-09:12 AM",56.8625
"2014-10-10:12 AM",55.3491
"2014-10-11:12 AM",55.7064
"2014-10-12:12 AM",51.3315
"2014-10-13:12 AM",53.1232
"2014-10-14:12 AM",53.1648
"2014-10-15:12 AM",49.6515
"2014-10-16:12 AM",48.8565
"2014-10-17:12 AM",48.8291
"2014-10-18:12 AM",52.5938
"2014-10-19:12 AM",54.9001
"2014-10-20:12 AM",52.9966
"2014-10-21:12 AM",50.122
"2014-10-22:12 AM",48.2027
"2014-10-23:12 AM",48.5087
"2014-10-24:12 AM",45.0135
"2014-10-25:12 AM",47.1684
"2014-10-26:12 AM",45.795
"2014-10-27:12 AM",42.3534
"2014-10-28:12 AM",43.1627
"2014-10-29:12 AM",47.5932
"2014-10-30:12 AM",47.9268
"2014-10-31:12 AM",47.5534
"2014-11-01:12 AM",43.2012
"2014-11-02:12 AM",42.2551
"2014-11-03:12 AM",45.4386
"2014-11-04:12 AM",48.1836
"2014-11-05:12 AM",47.2021
"2014-11-06:12 AM",50.2133
"2014-11-07:12 AM",45.216
"2014-11-08:12 AM",41.7407
"2014-11-09:12 AM",42.7905
"2014-11-10:12 AM",38.289
"2014-11-11:12 AM",30.0124
"2014-11-12:12 AM",22.9944
"2014-11-13:12 AM",23.1127
"2014-11-14:12 AM",23.8303
"2014-11-15:12 AM",23.2943
"2014-11-16:12 AM",24.9076
"2014-11-17:12 AM",26.3532
"2014-11-18:12 AM",28.4104
"2014-11-19:12 AM",30.9202
"2014-11-20:12 AM",33.2505
"2014-11-21:12 AM",35.6124
"2014-11-22:12 AM",37.3181
"2014-11-23:12 AM",37.2103
"2014-11-24:12 AM",35.6274
"2014-11-25:12 AM",41.3006
"2014-11-26:12 AM",43.0264
"2014-11-27:12 AM",45.5076
"2014-11-28:12 AM",44.4357
"2014-11-29:12 AM",27.0792
"2014-11-30:12 AM",16.9513
"2014-12-01:12 AM",17.8173
"2014-12-02:12 AM",19.8369
"2014-12-03:12 AM",24.393
"2014-12-04:12 AM",29.8962
"2014-12-05:12 AM",33.8954
"2014-12-06:12 AM",37.598
"2014-12-07:12 AM",37.3872
"2014-12-08:12 AM",38.2975
"2014-12-09:12 AM",41.4955
"2014-12-10:12 AM",43.6685
"2014-12-11:12 AM",42.766
"2014-12-12:12 AM",41.9482
"2014-12-13:12 AM",36.5945
"2014-12-14:12 AM",34.009
"2014-12-15:12 AM",33.1333
"2014-12-16:12 AM",33.6681
"2014-12-17:12 AM",34.3657
"2014-12-18:12 AM",35.5561
"2014-12-19:12 AM",37.7881
"2014-12-20:12 AM",37.1115
"2014-12-21:12 AM",42.4544
"2014-12-22:12 AM",38.4255
"2014-12-23:12 AM",35.2366
"2014-12-24:12 AM",35.3417
"2014-12-25:12 AM",32.3622
"2014-12-26:12 AM",30.1379
"2014-12-27:12 AM",33.1086
"2014-12-28:12 AM",32.2858
"2014-12-29:12 AM",25.6638
"2014-12-30:12 AM",16.2444
"2014-12-31:12 AM",16.9236
"2015-01-01:12 AM",19.5654
"2015-01-02:12 AM",23.5746
"2015-01-03:12 AM",26.1612
"2015-01-04:12 AM",28.4756
"2015-01-05:12 AM",38.682
"2015-01-06:12 AM",39.1314
"2015-01-07:12 AM",35.6034
"2015-01-08:12 AM",34.7331
"2015-01-09:12 AM",33.6801
"2015-01-10:12 AM",33.2215
"2015-01-11:12 AM",33.6283
"2015-01-12:12 AM",32.6565
"2015-01-13:12 AM",32.3305
"2015-01-14:12 AM",29.565
"2015-01-15:12 AM",29.3095
"2015-01-16:12 AM",34.3049
"2015-01-17:12 AM",33.3928
"2015-01-18:12 AM",38.502
"2015-01-19:12 AM",36.6382
"2015-01-20:12 AM",32.4939
"2015-01-21:12 AM",31.1265
"2015-01-22:12 AM",33.1623
"2015-01-23:12 AM",36.2244
"2015-01-24:12 AM",41.2228
"2015-01-25:12 AM",42.0103
"2015-01-26:12 AM",40.8146
"2015-01-27:12 AM",38.9422
"2015-01-28:12 AM",37.3906
"2015-01-29:12 AM",36.7965
"2015-01-30:12 AM",35.3723
"2015-01-31:12 AM",33.4364
"2015-02-01:12 AM",33.4744
"2015-02-02:12 AM",35.4272
"2015-02-03:12 AM",37.4985
"2015-02-04:12 AM",36.7414
"2015-02-05:12 AM",39.7737
"2015-02-06:12 AM",44.0593
"2015-02-07:12 AM",44.1408
"2015-02-08:12 AM",44.1133
"2015-02-09:12 AM",44.1896
"2015-02-10:12 AM",43.3476
"2015-02-11:12 AM",42.7483
"2015-02-12:12 AM",43.1758
"2015-02-13:12 AM",43.2873
"2015-02-14:12 AM",42.8542
"2015-02-15:12 AM",40.2751
"2015-02-16:12 AM",38.6303
"2015-02-17:12 AM",38.7889
"2015-02-18:12 AM",38.6739
"2015-02-19:12 AM",40.1637
"2015-02-20:12 AM",40.3302
"2015-02-21:12 AM",38.2687
"2015-02-22:12 AM",34.7958
"2015-02-23:12 AM",35.1963
"2015-02-24:12 AM",36.8042
"2015-02-25:12 AM",37.5706
"2015-02-26:12 AM",38.9293
"2015-02-27:12 AM",38.5201
"2015-02-28:12 AM",36.0689
"2015-03-01:12 AM",34.844
"2015-03-02:12 AM",35.5561
"2015-03-03:12 AM",33.132
"2015-03-04:12 AM",33.3073
"2015-03-05:12 AM",36.9399
"2015-03-06:12 AM",41.1742
"2015-03-07:12 AM",42.7402
"2015-03-08:12 AM",44.479
"2015-03-09:12 AM",44.888
"2015-03-10:12 AM",45.0847
"2015-03-11:12 AM",47.8051
"2015-03-12:12 AM",49.2908
"2015-03-13:12 AM",48.7769
"2015-03-14:12 AM",48.7184
"2015-03-15:12 AM",44.6142
"2015-03-16:12 AM",42.1241
"2015-03-17:12 AM",42.9697
"2015-03-18:12 AM",44.065
"2015-03-19:12 AM",45.3508
"2015-03-20:12 AM",47.2208
"2015-03-21:12 AM",46.4535
"2015-03-22:12 AM",41.7493
"2015-03-23:12 AM",41.8694
"2015-03-24:12 AM",39.5424
"2015-03-25:12 AM",41.4621
"2015-03-26:12 AM",49.4769
"2015-03-27:12 AM",50.5576
"2015-03-28:12 AM",47.9953
"2015-03-29:12 AM",46.7506
"2015-03-30:12 AM",49.2069
"2015-03-31:12 AM",45.093
"2015-04-01:12 AM",39.8401
"2015-04-02:12 AM",39.9803
"2015-04-03:12 AM",40.077
"2015-04-04:12 AM",39.7596
"2015-04-05:12 AM",39.1059
"2015-04-06:12 AM",39.2961
"2015-04-07:12 AM",41.1415
"2015-04-08:12 AM",43.5087
"2015-04-09:12 AM",44.8768
"2015-04-10:12 AM",44.1345
"2015-04-11:12 AM",42.1495
"2015-04-12:12 AM",39.3973
"2015-04-13:12 AM",42.433
"2015-04-14:12 AM",39.7513
"2015-04-15:12 AM",39.9619
"2015-04-16:12 AM",44.4603
"2015-04-17:12 AM",49.2958
"2015-04-18:12 AM",50.5108
"2015-04-19:12 AM",51.4702
"2015-04-20:12 AM",54.4766
"2015-04-21:12 AM",53.2558
"2015-04-22:12 AM",46.5026
"2015-04-23:12 AM",41.5584
"2015-04-24:12 AM",42.4044
"2015-04-25:12 AM",40.8996
"2015-04-26:12 AM",42.5435
"2015-04-27:12 AM",51.3108
"2015-04-28:12 AM",53.2719
"2015-04-29:12 AM",48.288
"2015-04-30:12 AM",48.6671
"2015-05-01:12 AM",52.8926
"2015-05-02:12 AM",50.896
"2015-05-03:12 AM",51.1732
"2015-05-04:12 AM",50.9382
"2015-05-05:12 AM",47.2932
"2015-05-06:12 AM",44.4056
"2015-05-07:12 AM",49.2202
"2015-05-08:12 AM",53.3212
"2015-05-09:12 AM",55.4256
"2015-05-10:12 AM",55.7357
"2015-05-11:12 AM",53.7492
"2015-05-12:12 AM",50.4682
"2015-05-13:12 AM",47.7945
"2015-05-14:12 AM",49.6391
"2015-05-15:12 AM",51.757
"2015-05-16:12 AM",53.2886
"2015-05-17:12 AM",54.4357
"2015-05-18:12 AM",55.9877
"2015-05-19:12 AM",57.3757
"2015-05-20:12 AM",58.3687
"2015-05-21:12 AM",59.7976
"2015-05-22:12 AM",59.2434
"2015-05-23:12 AM",57.2011
"2015-05-24:12 AM",57.0978
"2015-05-25:12 AM",54.811
"2015-05-26:12 AM",54.8656
"2015-05-27:12 AM",57.9886
"2015-05-28:12 AM",61.0761
"2015-05-29:12 AM",62.8682
"2015-05-30:12 AM",61.4061
"2015-05-31:12 AM",61.2799
"2015-06-01:12 AM",60.3644
"2015-06-02:12 AM",54.0529
"2015-06-03:12 AM",53.5478
"2015-06-04:12 AM",56.4975
"2015-06-05:12 AM",61.2424
"2015-06-06:12 AM",65.3385
"2015-06-07:12 AM",69.418
"2015-06-08:12 AM",70.4491
"2015-06-09:12 AM",67.5145
"2015-06-10:12 AM",63.7916
"2015-06-11:12 AM",62.145
"2015-06-12:12 AM",57.4677
"2015-06-13:12 AM",54.311
"2015-06-14:12 AM",58.7997
"2015-06-15:12 AM",63.5752
"2015-06-16:12 AM",63.0297
"2015-06-17:12 AM",63.203
"2015-06-18:12 AM",64.0139
"2015-06-19:12 AM",59.8681
"2015-06-20:12 AM",57.9888
"2015-06-21:12 AM",61.0398
"2015-06-22:12 AM",60.6781
"2015-06-23:12 AM",62.3005
"2015-06-24:12 AM",63.7243
"2015-06-25:12 AM",67.2564
"2015-06-26:12 AM",72.6436
"2015-06-27:12 AM",77.2317
"2015-06-28:12 AM",77.113
"2015-06-29:12 AM",73.2234
"2015-06-30:12 AM",71.5093
"2015-07-01:12 AM",72.0495
"2015-07-02:12 AM",74.3833
"2015-07-03:12 AM",74.644
"2015-07-04:12 AM",73.8027
"2015-07-05:12 AM",72.7491
"2015-07-06:12 AM",71.0926
"2015-07-07:12 AM",70.417
"2015-07-08:12 AM",72.1654
"2015-07-09:12 AM",73.2664
"2015-07-10:12 AM",70.488
"2015-07-11:12 AM",64.0974
"2015-07-12:12 AM",63.8431
"2015-07-13:12 AM",64.0733
"2015-07-14:12 AM",64.2015
"2015-07-15:12 AM",64.2083
"2015-07-16:12 AM",62.8432
"2015-07-17:12 AM",63.3106
"2015-07-18:12 AM",69.4265
"2015-07-19:12 AM",72.439
"2015-07-20:12 AM",70.3146
"2015-07-21:12 AM",65.32
"2015-07-22:12 AM",62.0721
"2015-07-23:12 AM",61.6699
"2015-07-24:12 AM",61.2736
"2015-07-25:12 AM",61.0041
"2015-07-26:12 AM",57.5094
"2015-07-27:12 AM",57.5897
"2015-07-28:12 AM",62.0796
"2015-07-29:12 AM",67.2157
"2015-07-30:12 AM",72.664
"2015-07-31:12 AM",74.0217
"2015-08-01:12 AM",73.713
"2015-08-02:12 AM",73.4124
"2015-08-03:12 AM",70.7927
"2015-08-04:12 AM",66.4462
"2015-08-05:12 AM",61.7562
"2015-08-06:12 AM",61.1582
"2015-08-07:12 AM",63.1177
"2015-08-08:12 AM",64.5516
"2015-08-09:12 AM",66.2202
"2015-08-10:12 AM",68.2653
"2015-08-11:12 AM",69.8367
"2015-08-12:12 AM",74.7759
"2015-08-13:12 AM",74.0298
"2015-08-14:12 AM",66.6307
"2015-08-15:12 AM",61.3144
"2015-08-16:12 AM",62.0492
"2015-08-17:12 AM",65.2696
"2015-08-18:12 AM",69.3491
"2015-08-19:12 AM",70.2977
"2015-08-20:12 AM",65.9217
"2015-08-21:12 AM",61.5897
"2015-08-22:12 AM",61.0228
"2015-08-23:12 AM",64.6981
"2015-08-24:12 AM",64.389
"2015-08-25:12 AM",64.0369
"2015-08-26:12 AM",67.0051
"2015-08-27:12 AM",68.3614
"2015-08-28:12 AM",63.3333
"2015-08-29:12 AM",62.683
"2015-08-30:12 AM",56.7477
"2015-08-31:12 AM",56.7747
"2015-09-01:12 AM",58.0698
"2015-09-02:12 AM",57.0393
"2015-09-03:12 AM",52.2014
"2015-09-04:12 AM",50.7852
"2015-09-05:12 AM",51.289
"2015-09-06:12 AM",50.4975
"2015-09-07:12 AM",54.16
"2015-09-08:12 AM",57.1793
"2015-09-09:12 AM",61.6082
"2015-09-10:12 AM",63.9743
"2015-09-11:12 AM",67.878
"2015-09-12:12 AM",67.0039
"2015-09-13:12 AM",61.9813
"2015-09-14:12 AM",53.1365
"2015-09-15:12 AM",48.7076
"2015-09-16:12 AM",51.3041
"2015-09-17:12 AM",52.4071
"2015-09-18:12 AM",53.8525
"2015-09-19:12 AM",56.4712
"2015-09-20:12 AM",60.2767
"2015-09-21:12 AM",58.3963
"2015-09-22:12 AM",54.3949
"2015-09-23:12 AM",52.8894
"2015-09-24:12 AM",57.0092
"2015-09-25:12 AM",57.1471
"2015-09-26:12 AM",54.3871
"2015-09-27:12 AM",50.3406
"2015-09-28:12 AM",53.2677
"2015-09-29:12 AM",56.3767
"2015-09-30:12 AM",56.408
"2015-10-01:12 AM",57.1608
"2015-10-02:12 AM",55.414
"2015-10-03:12 AM",54.7016
"2015-10-04:12 AM",54.9954
"2015-10-05:12 AM",56.7637
"2015-10-06:12 AM",55.5649
"2015-10-07:12 AM",54.6193
"2015-10-08:12 AM",56.111
"2015-10-09:12 AM",55.9899
"2015-10-10:12 AM",58.5401
"2015-10-11:12 AM",52.7679
"2015-10-12:12 AM",52.5398
"2015-10-13:12 AM",54.0034
"2015-10-14:12 AM",52.0754
"2015-10-15:12 AM",54.4518
"2015-10-16:12 AM",56.7784
"2015-10-17:12 AM",55.5264
"2015-10-18:12 AM",53.3487
"2015-10-19:12 AM",52.403
"2015-10-20:12 AM",52.1899
"2015-10-21:12 AM",49.3506
"2015-10-22:12 AM",48.3987
"2015-10-23:12 AM",45.8339
"2015-10-24:12 AM",46.2751
"2015-10-25:12 AM",46.5985
"2015-10-26:12 AM",48.479
"2015-10-27:12 AM",46.5912
"2015-10-28:12 AM",45.9907
"2015-10-29:12 AM",47.701
"2015-10-30:12 AM",50.261
"2015-10-31:12 AM",51.4227
"2015-11-01:12 AM",46.7825
"2015-11-02:12 AM",43.5184
"2015-11-03:12 AM",38.9358
"2015-11-04:12 AM",36.1508
"2015-11-05:12 AM",38.1501
"2015-11-06:12 AM",39.5485
"2015-11-07:12 AM",42.7123
"2015-11-08:12 AM",43.3953
"2015-11-09:12 AM",40.1488
"2015-11-10:12 AM",36.6948
"2015-11-11:12 AM",38.6904
"2015-11-12:12 AM",36.437
"2015-11-13:12 AM",44.9834
"2015-11-14:12 AM",44.8367
"2015-11-15:12 AM",40.2615
"2015-11-16:12 AM",34.3123
"2015-11-17:12 AM",42.0944
"2015-11-18:12 AM",36.8119
"2015-11-19:12 AM",34.333
"2015-11-20:12 AM",30.1512
"2015-11-21:12 AM",28.6671
"2015-11-22:12 AM",29.7507
"2015-11-23:12 AM",30.8151
"2015-11-24:12 AM",31.3855
"2015-11-25:12 AM",26.3098
"2015-11-26:12 AM",25.3209
"2015-11-27:12 AM",24.7813
"2015-11-28:12 AM",23.4347
"2015-11-29:12 AM",21.5292
"2015-11-30:12 AM",19.9494
"2015-12-01:12 AM",24.1439
"2015-12-02:12 AM",29.8627
"2015-12-03:12 AM",34.376
"2015-12-04:12 AM",36.6825
"2015-12-05:12 AM",34.8537
"2015-12-06:12 AM",38.1177
"2015-12-07:12 AM",40.3801
"2015-12-08:12 AM",44.1513
"2015-12-09:12 AM",43.8519
"2015-12-10:12 AM",37.6079
"2015-12-11:12 AM",35.1509
"2015-12-12:12 AM",34.171
"2015-12-13:12 AM",36.4939
"2015-12-14:12 AM",32.7065
"2015-12-15:12 AM",29.8992
"2015-12-16:12 AM",29.9192
"2015-12-17:12 AM",27.043
"2015-12-18:12 AM",32.0392
"2015-12-19:12 AM",30.1932
"2015-12-20:12 AM",31.6315
"2015-12-21:12 AM",31.2438
"2015-12-22:12 AM",29.6652
"2015-12-23:12 AM",30.0027
"2015-12-24:12 AM",28.1671
"2015-12-25:12 AM",26.5456
"2015-12-26:12 AM",24.0172
"2015-12-27:12 AM",25.8523
"2015-12-28:12 AM",26.2913
"2015-12-29:12 AM",23.1939
"2015-12-30:12 AM",18.4561
"2015-12-31:12 AM",15.917
"2016-01-01:12 AM",15.2368
"2016-01-02:12 AM",14.9058
"2016-01-03:12 AM",17.751
"2016-01-04:12 AM",26.861
"2016-01-05:12 AM",30.3445
"2016-01-06:12 AM",33.4616
"2016-01-07:12 AM",33.4688
"2016-01-08:12 AM",31.4056
"2016-01-09:12 AM",31.4353
"2016-01-10:12 AM",29.1852
"2016-01-11:12 AM",26.7271
"2016-01-12:12 AM",32.6928
"2016-01-13:12 AM",35.2355
"2016-01-14:12 AM",32.1483
"2016-01-15:12 AM",29.7608
"2016-01-16:12 AM",33.625
"2016-01-17:12 AM",35.2526
"2016-01-18:12 AM",35.2402
"2016-01-19:12 AM",34.2453
"2016-01-20:12 AM",34.8247
"2016-01-21:12 AM",36.343
"2016-01-22:12 AM",38.9597
"2016-01-23:12 AM",36.7063
"2016-01-24:12 AM",35.6265
"2016-01-25:12 AM",34.6892
"2016-01-26:12 AM",36.7138
"2016-01-27:12 AM",39.6313
"2016-01-28:12 AM",40.2728
"2016-01-29:12 AM",35.5748
"2016-01-30:12 AM",32.553
"2016-01-31:12 AM",31.3718
"2016-02-01:12 AM",31.2161
"2016-02-02:12 AM",29.8211
"2016-02-03:12 AM",29.8848
"2016-02-04:12 AM",34.3287
"2016-02-05:12 AM",36.7767
"2016-02-06:12 AM",37.2133
"2016-02-07:12 AM",33.5107
"2016-02-08:12 AM",36.8546
"2016-02-09:12 AM",39.5141
"2016-02-10:12 AM",40.0739
"2016-02-11:12 AM",40.4775
"2016-02-12:12 AM",41.6638
"2016-02-13:12 AM",38.7021
"2016-02-14:12 AM",40.3396
"2016-02-15:12 AM",44.3394
"2016-02-16:12 AM",43.3222
"2016-02-17:12 AM",42.7464
"2016-02-18:12 AM",40.6087
"2016-02-19:12 AM",37.6774
"2016-02-20:12 AM",35.9001
"2016-02-21:12 AM",34.7328
"2016-02-22:12 AM",34.9279
"2016-02-23:12 AM",34.2478
"2016-02-24:12 AM",37.6502
"2016-02-25:12 AM",38.0163
"2016-02-26:12 AM",39.6682
"2016-02-27:12 AM",42.2209
"2016-02-28:12 AM",40.9768
"2016-02-29:12 AM",37.7861
"2016-03-01:12 AM",38.3907
"2016-03-02:12 AM",39.7587
"2016-03-03:12 AM",43.0263
"2016-03-04:12 AM",41.7726
"2016-03-05:12 AM",45.6188
"2016-03-06:12 AM",44.0897
"2016-03-07:12 AM",38.6915
"2016-03-08:12 AM",36.3013
"2016-03-09:12 AM",36.8913
"2016-03-10:12 AM",41.7348
"2016-03-11:12 AM",37.749
"2016-03-12:12 AM",40.2219
"2016-03-13:12 AM",35.8191
"2016-03-14:12 AM",35.9411
"2016-03-15:12 AM",35.692
"2016-03-16:12 AM",36.0541
"2016-03-17:12 AM",35.8162
"2016-03-18:12 AM",36.8877
"2016-03-19:12 AM",40.442
"2016-03-20:12 AM",43.7356
"2016-03-21:12 AM",42.9967
"2016-03-22:12 AM",40.4807
"2016-03-23:12 AM",40.4026
"2016-03-24:12 AM",40.7244
"2016-03-25:12 AM",39.3526
"2016-03-26:12 AM",39.988
"2016-03-27:12 AM",40.3162
"2016-03-28:12 AM",38.1211
"2016-03-29:12 AM",41.6482
"2016-03-30:12 AM",46.9116
"2016-03-31:12 AM",50.0117
"2016-04-01:12 AM",51.8394
"2016-04-02:12 AM",51.3178
"2016-04-03:12 AM",49.7809
"2016-04-04:12 AM",46.0449
"2016-04-05:12 AM",42.408
"2016-04-06:12 AM",48.3112
"2016-04-07:12 AM",55.4346
"2016-04-08:12 AM",57.9934
"2016-04-09:12 AM",54.484
"2016-04-10:12 AM",50.5096
"2016-04-11:12 AM",49.0345
"2016-04-12:12 AM",46.8113
"2016-04-13:12 AM",45.5544
"2016-04-14:12 AM",43.1443
"2016-04-15:12 AM",43.9349
"2016-04-16:12 AM",47.8918
"2016-04-17:12 AM",52.9304
"2016-04-18:12 AM",59.0346
"2016-04-19:12 AM",60.3433
"2016-04-20:12 AM",60.6184
"2016-04-21:12 AM",59.7472
"2016-04-22:12 AM",56.4773
"2016-04-23:12 AM",50.6928
"2016-04-24:12 AM",47.374
"2016-04-25:12 AM",43.9146
"2016-04-26:12 AM",45.7347
"2016-04-27:12 AM",47.6557
"2016-04-28:12 AM",48.8617
"2016-04-29:12 AM",47.2278
"2016-04-30:12 AM",49.3608
"2016-05-01:12 AM",54.2919
"2016-05-02:12 AM",60.078
"2016-05-03:12 AM",59.1555
"2016-05-04:12 AM",56.1807
"2016-05-05:12 AM",54.1445
"2016-05-06:12 AM",58.4344
"2016-05-07:12 AM",62.2335
"2016-05-08:12 AM",54.7401
"2016-05-09:12 AM",49.0021
"2016-05-10:12 AM",51.3995
"2016-05-11:12 AM",55.2328
"2016-05-12:12 AM",56.7694
"2016-05-13:12 AM",57.9708
"2016-05-14:12 AM",55.2281
"2016-05-15:12 AM",51.0132
"2016-05-16:12 AM",52.2496
"2016-05-17:12 AM",55.2403
"2016-05-18:12 AM",56.6551
"2016-05-19:12 AM",49.113
"2016-05-20:12 AM",48.2454
"2016-05-21:12 AM",48.9029
"2016-05-22:12 AM",49.5885
"2016-05-23:12 AM",51.1648
"2016-05-24:12 AM",52.9572
"2016-05-25:12 AM",53.4758
"2016-05-26:12 AM",52.2838
"2016-05-27:12 AM",49.0597
"2016-05-28:12 AM",49.5405
"2016-05-29:12 AM",52.9223
"2016-05-30:12 AM",53.2953
"2016-05-31:12 AM",58.8387
"2016-06-01:12 AM",60.9841
"2016-06-02:12 AM",57.9529
"2016-06-03:12 AM",62.0247
"2016-06-04:12 AM",67.8141
"2016-06-05:12 AM",73.3494
"2016-06-06:12 AM",72.1679
"2016-06-07:12 AM",69.548
"2016-06-08:12 AM",63.6618
"2016-06-09:12 AM",55.3656
"2016-06-10:12 AM",52.2297
"2016-06-11:12 AM",50.4583
"2016-06-12:12 AM",53.7472
"2016-06-13:12 AM",52.187
"2016-06-14:12 AM",48.7868
"2016-06-15:12 AM",48.3084
"2016-06-16:12 AM",49.6243
"2016-06-17:12 AM",51.2193
"2016-06-18:12 AM",50.5287
"2016-06-19:12 AM",52.3391
"2016-06-20:12 AM",58.8889
"2016-06-21:12 AM",58.2235
"2016-06-22:12 AM",59.3596
"2016-06-23:12 AM",58.0908
"2016-06-24:12 AM",53.8826
"2016-06-25:12 AM",57.1375
"2016-06-26:12 AM",62.436
"2016-06-27:12 AM",67.7039
"2016-06-28:12 AM",67.8375
"2016-06-29:12 AM",67.0536
"2016-06-30:12 AM",65.1274
"2016-07-01:12 AM",62.8083
"2016-07-02:12 AM",65.2896
"2016-07-03:12 AM",61.9349
"2016-07-04:12 AM",56.5702
"2016-07-05:12 AM",56.9583
"2016-07-06:12 AM",58.6121
"2016-07-07:12 AM",58.9246
"2016-07-08:12 AM",59.3175
"2016-07-09:12 AM",59.2887
"2016-07-10:12 AM",56.8033
"2016-07-11:12 AM",57.9166
"2016-07-12:12 AM",58.3578
"2016-07-13:12 AM",60.9116
"2016-07-14:12 AM",61.9173
"2016-07-15:12 AM",59.4828
"2016-07-16:12 AM",60.4263
"2016-07-17:12 AM",63.0664
"2016-07-18:12 AM",61.0005
"2016-07-19:12 AM",61.0851
"2016-07-20:12 AM",62.0217
"2016-07-21:12 AM",66.0004
"2016-07-22:12 AM",63.3753
"2016-07-23:12 AM",60.7455
"2016-07-24:12 AM",65.0932
"2016-07-25:12 AM",69.3066
"2016-07-26:12 AM",68.9938
"2016-07-27:12 AM",69.8068
"2016-07-28:12 AM",72.3457
"2016-07-29:12 AM",73.5262
"2016-07-30:12 AM",68.7029
"2016-07-31:12 AM",62.5939
"2016-08-01:12 AM",63.1873
"2016-08-02:12 AM",59.9495
"2016-08-03:12 AM",60.6587
"2016-08-04:12 AM",65.1663
"2016-08-05:12 AM",66.5652
"2016-08-06:12 AM",62.7656
"2016-08-07:12 AM",58.9599
"2016-08-08:12 AM",58.0159
"2016-08-09:12 AM",57.515
"2016-08-10:12 AM",61.5951
"2016-08-11:12 AM",65.7487
"2016-08-12:12 AM",69.9363
"2016-08-13:12 AM",71.1079
"2016-08-14:12 AM",70.243
"2016-08-15:12 AM",68.8687
"2016-08-16:12 AM",69.0897
"2016-08-17:12 AM",68.7387
"2016-08-18:12 AM",71.9472
"2016-08-19:12 AM",71.994
"2016-08-20:12 AM",70.2876
"2016-08-21:12 AM",66.5418
"2016-08-22:12 AM",59.2367
"2016-08-23:12 AM",59.929
"2016-08-24:12 AM",65.0208
"2016-08-25:12 AM",67.8209
"2016-08-26:12 AM",70.023
"2016-08-27:12 AM",66.5155
"2016-08-28:12 AM",63.1702
"2016-08-29:12 AM",64.6282
"2016-08-30:12 AM",63.1137
"2016-08-31:12 AM",60.7296
"2016-09-01:12 AM",56.8926
"2016-09-02:12 AM",54.2363
"2016-09-03:12 AM",53.5417
"2016-09-04:12 AM",54.5472
"2016-09-05:12 AM",54.3016
"2016-09-06:12 AM",54.7786
"2016-09-07:12 AM",56.2788
"2016-09-08:12 AM",57.0182
"2016-09-09:12 AM",56.9543
"2016-09-10:12 AM",59.8383
"2016-09-11:12 AM",58.0039
"2016-09-12:12 AM",55.2079
"2016-09-13:12 AM",56.3191
"2016-09-14:12 AM",57.2477
"2016-09-15:12 AM",59.3821
"2016-09-16:12 AM",59.7148
"2016-09-17:12 AM",57.8682
"2016-09-18:12 AM",56.1526
"2016-09-19:12 AM",52.8238
"2016-09-20:12 AM",52.1055
"2016-09-21:12 AM",52.4039
"2016-09-22:12 AM",51.9985
"2016-09-23:12 AM",51.0827
"2016-09-24:12 AM",52.7022
"2016-09-25:12 AM",58.0197
"2016-09-26:12 AM",62.7318
"2016-09-27:12 AM",60.6472
"2016-09-28:12 AM",58.6126
"2016-09-29:12 AM",57.4097
"2016-09-30:12 AM",54.9829
"2016-10-01:12 AM",51.409
"2016-10-02:12 AM",49.0928
"2016-10-03:12 AM",49.1632
"2016-10-04:12 AM",48.5749
"2016-10-05:12 AM",48.4005
"2016-10-06:12 AM",48.454
"2016-10-07:12 AM",50.6916
"2016-10-08:12 AM",50.8105
"2016-10-09:12 AM",52.4007
"2016-10-10:12 AM",46.3046
"2016-10-11:12 AM",42.82
"2016-10-12:12 AM",42.3199
"2016-10-13:12 AM",44.2989
"2016-10-14:12 AM",48.3624
"2016-10-15:12 AM",46.4648
"2016-10-16:12 AM",47.4629
"2016-10-17:12 AM",46.9085
"2016-10-18:12 AM",45.6469
"2016-10-19:12 AM",44.5699
"2016-10-20:12 AM",47.6929
"2016-10-21:12 AM",45.7446
"2016-10-22:12 AM",45.1962
"2016-10-23:12 AM",46.157
"2016-10-24:12 AM",48.3674
"2016-10-25:12 AM",48.2443
"2016-10-26:12 AM",46.0506
"2016-10-27:12 AM",47.8002
"2016-10-28:12 AM",45.621
"2016-10-29:12 AM",44.9965
"2016-10-30:12 AM",43.9547
"2016-10-31:12 AM",45.3517
"2016-11-01:12 AM",44.8975
"2016-11-02:12 AM",45.9644
"2016-11-03:12 AM",48.0141
"2016-11-04:12 AM",47.0194
"2016-11-05:12 AM",47.1598
"2016-11-06:12 AM",46.7152
"2016-11-07:12 AM",46.6439
"2016-11-08:12 AM",48.3836
"2016-11-09:12 AM",47.518
"2016-11-10:12 AM",47.1164
"2016-11-11:12 AM",47.134
"2016-11-12:12 AM",48.8161
"2016-11-13:12 AM",43.7576
"2016-11-14:12 AM",45.9414
"2016-11-15:12 AM",44.5442
"2016-11-16:12 AM",38.0196
"2016-11-17:12 AM",35.8965
"2016-11-18:12 AM",35.5357
"2016-11-19:12 AM",37.3527
"2016-11-20:12 AM",40.7514
"2016-11-21:12 AM",40.5743
"2016-11-22:12 AM",37.8761
"2016-11-23:12 AM",37.6808
"2016-11-24:12 AM",36.8299
"2016-11-25:12 AM",38.728
"2016-11-26:12 AM",39.4867
"2016-11-27:12 AM",37.9636
"2016-11-28:12 AM",36.5032
"2016-11-29:12 AM",35.8137
"2016-11-30:12 AM",36.0792
"2016-12-01:12 AM",34.88
"2016-12-02:12 AM",34.7862
"2016-12-03:12 AM",36.8418
"2016-12-04:12 AM",34.0961
"2016-12-05:12 AM",27.3196
"2016-12-06:12 AM",24.1252
"2016-12-07:12 AM",17.2562
"2016-12-08:12 AM",17.0166
"2016-12-09:12 AM",21.5209
"2016-12-10:12 AM",25.0619
"2016-12-11:12 AM",28.5051
"2016-12-12:12 AM",25.862
"2016-12-13:12 AM",20.1785
"2016-12-14:12 AM",15.4792
"2016-12-15:12 AM",18.842
"2016-12-16:12 AM",12.1413
"2016-12-17:12 AM",7.3391
"2016-12-18:12 AM",14.8505
"2016-12-19:12 AM",25.7907
"2016-12-20:12 AM",33.4414
"2016-12-21:12 AM",28.4041
"2016-12-22:12 AM",26.6902
"2016-12-23:12 AM",28.6453
"2016-12-24:12 AM",26.8925
"2016-12-25:12 AM",20.7496
"2016-12-26:12 AM",22.4566
"2016-12-27:12 AM",29.2932
"2016-12-28:12 AM",27.9059
"2016-12-29:12 AM",29.323
"2016-12-30:12 AM",29.2842
"2016-12-31:12 AM",23.637
"2017-01-01:12 AM",25.1474
"2017-01-02:12 AM",17.3412
"2017-01-03:12 AM",10.9953
"2017-01-04:12 AM",10.08
"2017-01-05:12 AM",9.3634
"2017-01-06:12 AM",10.5861
"2017-01-07:12 AM",12.5375
"2017-01-08:12 AM",21.1969
"2017-01-09:12 AM",27.0424
"2017-01-10:12 AM",21.8948
"2017-01-11:12 AM",13.903
"2017-01-12:12 AM",9.3565
"2017-01-13:12 AM",10.6851
"2017-01-14:12 AM",15.2847
"2017-01-15:12 AM",15.4794
"2017-01-16:12 AM",15.706
"2017-01-17:12 AM",23.4271
"2017-01-18:12 AM",32.4498
"2017-01-19:12 AM",34.8103
"2017-01-20:12 AM",33.5579
"2017-01-21:12 AM",33.4944
"2017-01-22:12 AM",33.2015
"2017-01-23:12 AM",29.478
"2017-01-24:12 AM",28.5071
"2017-01-25:12 AM",28.6333
"2017-01-26:12 AM",29.5345
"2017-01-27:12 AM",30.1606
"2017-01-28:12 AM",29.8758
"2017-01-29:12 AM",28.9949
"2017-01-30:12 AM",30.1712
"2017-01-31:12 AM",27.0327
"2017-02-01:12 AM",18.7232
"2017-02-02:12 AM",18.1953
"2017-02-03:12 AM",21.8314
"2017-02-04:12 AM",28.2137
"2017-02-05:12 AM",31.0154
"2017-02-06:12 AM",27.9671
"2017-02-07:12 AM",24.6051
"2017-02-08:12 AM",22.0366
"2017-02-09:12 AM",33.1529
"2017-02-10:12 AM",35.1322
"2017-02-11:12 AM",30.906
"2017-02-12:12 AM",29.6026
"2017-02-13:12 AM",29.309
"2017-02-14:12 AM",32.3053
"2017-02-15:12 AM",36.4363
"2017-02-16:12 AM",38.1366
"2017-02-17:12 AM",36.0046
"2017-02-18:12 AM",34.6413
"2017-02-19:12 AM",34.191
"2017-02-20:12 AM",34.369
"2017-02-21:12 AM",34.0646
"2017-02-22:12 AM",30.5469
"2017-02-23:12 AM",26.978
"2017-02-24:12 AM",25.7814
"2017-02-25:12 AM",23.7605
"2017-02-26:12 AM",28.6408
"2017-02-27:12 AM",25.1283
"2017-02-28:12 AM",27.8073
"2017-03-01:12 AM",33.2776
"2017-03-02:12 AM",34.6051
"2017-03-03:12 AM",35.3066
"2017-03-04:12 AM",33.5026
"2017-03-05:12 AM",29.4458
"2017-03-06:12 AM",29.1263
"2017-03-07:12 AM",27.5175
"2017-03-08:12 AM",33.1639
"2017-03-09:12 AM",33.107
"2017-03-10:12 AM",39.412
"2017-03-11:12 AM",36.99
"2017-03-12:12 AM",39.6478
"2017-03-13:12 AM",38.8474
"2017-03-14:12 AM",42.0843
"2017-03-15:12 AM",42.2917
"2017-03-16:12 AM",38.4854
"2017-03-17:12 AM",33.3522
"2017-03-18:12 AM",40.746
"2017-03-19:12 AM",33.3811
"2017-03-20:12 AM",34.5907
"2017-03-21:12 AM",40.2053
"2017-03-22:12 AM",40.2181
"2017-03-23:12 AM",37.7404
"2017-03-24:12 AM",38.4039
"2017-03-25:12 AM",38.1547
"2017-03-26:12 AM",36.0057
"2017-03-27:12 AM",39.1258
"2017-03-28:12 AM",38.788
"2017-03-29:12 AM",40.6785
"2017-03-30:12 AM",40.028
"2017-03-31:12 AM",38.6992
"2017-04-01:12 AM",41.1694
"2017-04-02:12 AM",39.8264
"2017-04-03:12 AM",37.0603
"2017-04-04:12 AM",38.0683
"2017-04-05:12 AM",42.796
"2017-04-06:12 AM",43.8732
"2017-04-07:12 AM",44.2153
"2017-04-08:12 AM",38.5873
"2017-04-09:12 AM",37.1959
"2017-04-10:12 AM",37.7238
"2017-04-11:12 AM",37.3483
"2017-04-12:12 AM",42.0996
"2017-04-13:12 AM",41.963
"2017-04-14:12 AM",38.6879
"2017-04-15:12 AM",39.2999
"2017-04-16:12 AM",41.1935
"2017-04-17:12 AM",45.2878
"2017-04-18:12 AM",45.0864
"2017-04-19:12 AM",43.0758
"2017-04-20:12 AM",44.3196
"2017-04-21:12 AM",43.9785
"2017-04-22:12 AM",46.1698
"2017-04-23:12 AM",44.2306
"2017-04-24:12 AM",42.6049
"2017-04-25:12 AM",43.3438
"2017-04-26:12 AM",44.2501
"2017-04-27:12 AM",40.8486
"2017-04-28:12 AM",41.9686
"2017-04-29:12 AM",42.5354
"2017-04-30:12 AM",45.1366
"2017-05-01:12 AM",40.6479
"2017-05-02:12 AM",44.2805
"2017-05-03:12 AM",52.9185
"2017-05-04:12 AM",58.14
"2017-05-05:12 AM",54.8562
"2017-05-06:12 AM",45.1841
"2017-05-07:12 AM",44.6824
"2017-05-08:12 AM",47.1603
"2017-05-09:12 AM",51.0667
"2017-05-10:12 AM",53.1138
"2017-05-11:12 AM",51.993
"2017-05-12:12 AM",44.6351
"2017-05-13:12 AM",41.4462
"2017-05-14:12 AM",42.4956
"2017-05-15:12 AM",42.5289
"2017-05-16:12 AM",43.0857
"2017-05-17:12 AM",44.6041
"2017-05-18:12 AM",49.3893
"2017-05-19:12 AM",51.544
"2017-05-20:12 AM",54.4597
"2017-05-21:12 AM",58.0642
"2017-05-22:12 AM",62.4355
"2017-05-23:12 AM",62.4193
"2017-05-24:12 AM",50.4025
"2017-05-25:12 AM",51.5772
"2017-05-26:12 AM",55.6821
"2017-05-27:12 AM",60.2791
"2017-05-28:12 AM",62.6623
"2017-05-29:12 AM",64.4155
"2017-05-30:12 AM",61.1771
"2017-05-31:12 AM",56.9622
"2017-06-01:12 AM",55.5438
"2017-06-02:12 AM",56.9343
"2017-06-03:12 AM",57.142
"2017-06-04:12 AM",53.735
"2017-06-05:12 AM",53.4054
"2017-06-06:12 AM",60.6135
"2017-06-07:12 AM",64.3397
"2017-06-08:12 AM",59.2714
"2017-06-09:12 AM",50.9049
"2017-06-10:12 AM",48.9992
"2017-06-11:12 AM",52.3494
"2017-06-12:12 AM",54.5022
"2017-06-13:12 AM",52.6599
"2017-06-14:12 AM",52.0831
"2017-06-15:12 AM",50.9709
"2017-06-16:12 AM",54.766
"2017-06-17:12 AM",54.178
"2017-06-18:12 AM",58.401
"2017-06-19:12 AM",64.8545
"2017-06-20:12 AM",64.0618
"2017-06-21:12 AM",57.8331
"2017-06-22:12 AM",57.5964
"2017-06-23:12 AM",61.8399
"2017-06-24:12 AM",67.1968
"2017-06-25:12 AM",71.5444
"2017-06-26:12 AM",69.1061
"2017-06-27:12 AM",62.7942
"2017-06-28:12 AM",59.5769
"2017-06-29:12 AM",61.7482
"2017-06-30:12 AM",64.8907
"2017-07-01:12 AM",65.4766
"2017-07-02:12 AM",65.1848
"2017-07-03:12 AM",64.6686
"2017-07-04:12 AM",63.795
"2017-07-05:12 AM",67.042
"2017-07-06:12 AM",70.5137
"2017-07-07:12 AM",69.2361
"2017-07-08:12 AM",67.6699
"2017-07-09:12 AM",66.6972
"2017-07-10:12 AM",64.4038
"2017-07-11:12 AM",62.469
"2017-07-12:12 AM",63.2563
"2017-07-13:12 AM",63.8139
"2017-07-14:12 AM",64.8507
"2017-07-15:12 AM",65.8954
"2017-07-16:12 AM",60.422
"2017-07-17:12 AM",60.5115
"2017-07-18:12 AM",63.9684
"2017-07-19:12 AM",64.6021
"2017-07-20:12 AM",61.9264
"2017-07-21:12 AM",61.8715
"2017-07-22:12 AM",66.8853
"2017-07-23:12 AM",69.3261
"2017-07-24:12 AM",67.131
"2017-07-25:12 AM",68.1449
"2017-07-26:12 AM",68.7304
"2017-07-27:12 AM",67.062
"2017-07-28:12 AM",65.6949
"2017-07-29:12 AM",66.8579
"2017-07-30:12 AM",68.0781
"2017-07-31:12 AM",69.0188
"2017-08-01:12 AM",72.4305
"2017-08-02:12 AM",75.5244
"2017-08-03:12 AM",76.6306
"2017-08-04:12 AM",74.0723
"2017-08-05:12 AM",71.1833
"2017-08-06:12 AM",71.1867
"2017-08-07:12 AM",72.952
"2017-08-08:12 AM",73.0033
"2017-08-09:12 AM",73.7631
"2017-08-10:12 AM",74.7432
"2017-08-11:12 AM",73.2682
"2017-08-12:12 AM",69.1304
"2017-08-13:12 AM",63.815
"2017-08-14:12 AM",59.8001
"2017-08-15:12 AM",61.2156
"2017-08-16:12 AM",63.3267
"2017-08-17:12 AM",65.5637
"2017-08-18:12 AM",63.765
"2017-08-19:12 AM",63.3099
"2017-08-20:12 AM",62.3572
"2017-08-21:12 AM",66.1788
"2017-08-22:12 AM",68.8676
"2017-08-23:12 AM",67.7304
"2017-08-24:12 AM",63.4896
"2017-08-25:12 AM",59.522
"2017-08-26:12 AM",63.6174
"2017-08-27:12 AM",69.226
"2017-08-28:12 AM",71.7071
"2017-08-29:12 AM",73.2074
"2017-08-30:12 AM",68.7997
"2017-08-31:12 AM",65.2206
"2017-09-01:12 AM",66.929
"2017-09-02:12 AM",71.5208
"2017-09-03:12 AM",73.7987
"2017-09-04:12 AM",74.3549
"2017-09-05:12 AM",75.7585
"2017-09-06:12 AM",72.1405
"2017-09-07:12 AM",70.4655
"2017-09-08:12 AM",66.1888
"2017-09-09:12 AM",62.4504
"2017-09-10:12 AM",61.664
"2017-09-11:12 AM",63.7362
"2017-09-12:12 AM",64.989
"2017-09-13:12 AM",60.1178
"2017-09-14:12 AM",57.3152
"2017-09-15:12 AM",55.7177
"2017-09-16:12 AM",54.5967
"2017-09-17:12 AM",52.6494
"2017-09-18:12 AM",51.3172
"2017-09-19:12 AM",47.8218
"2017-09-20:12 AM",46.4475
"2017-09-21:12 AM",46.3527
"2017-09-22:12 AM",48.3559
"2017-09-23:12 AM",51.9105
"2017-09-24:12 AM",53.1822
"2017-09-25:12 AM",54.9174
"2017-09-26:12 AM",57.6313
"2017-09-27:12 AM",60.7586
"2017-09-28:12 AM",62.359
"2017-09-29:12 AM",57.979
"2017-09-30:12 AM",51.6862
"2017-10-01:12 AM",48.9787
"2017-10-02:12 AM",46.9715
"2017-10-03:12 AM",48.9151
"2017-10-04:12 AM",50.1687
"2017-10-05:12 AM",50.779
"2017-10-06:12 AM",50.8525
"2017-10-07:12 AM",49.8052
"2017-10-08:12 AM",47.5002
"2017-10-09:12 AM",46.382
"2017-10-10:12 AM",47.1304
"2017-10-11:12 AM",42.5529
"2017-10-12:12 AM",39.7377
"2017-10-13:12 AM",40.3569
"2017-10-14:12 AM",39.2137
"2017-10-15:12 AM",44.0834
"2017-10-16:12 AM",46.105
"2017-10-17:12 AM",48.3789
"2017-10-18:12 AM",45.3155
"2017-10-19:12 AM",49.2629
"2017-10-20:12 AM",44.7267
"2017-10-21:12 AM",39.1811
"2017-10-22:12 AM",48.0222
"2017-10-23:12 AM",46.1467
"2017-10-24:12 AM",46.9409
"2017-10-25:12 AM",45.8173
"2017-10-26:12 AM",46.6786
"2017-10-27:12 AM",47.6051
"2017-10-28:12 AM",48.2504
"2017-10-29:12 AM",45.7668
"2017-10-30:12 AM",43.2928
"2017-10-31:12 AM",41.7322
"2017-11-01:12 AM",43.2491
"2017-11-02:12 AM",39.9571
"2017-11-03:12 AM",34.5232
"2017-11-04:12 AM",32.1825
"2017-11-05:12 AM",31.8065
"2017-11-06:12 AM",29.2977
"2017-11-07:12 AM",28.4958
"2017-11-08:12 AM",33.1878
"2017-11-09:12 AM",36.5995
"2017-11-10:12 AM",37.2326
"2017-11-11:12 AM",36.8908
"2017-11-12:12 AM",39.357
"2017-11-13:12 AM",40.5894
"2017-11-14:12 AM",39.0133
"2017-11-15:12 AM",37.9666
"2017-11-16:12 AM",36.6274
"2017-11-17:12 AM",35.6333
"2017-11-18:12 AM",36.1413
"2017-11-19:12 AM",35.2544
"2017-11-20:12 AM",39.1276
"2017-11-21:12 AM",37.7263
"2017-11-22:12 AM",46.0611
"2017-11-23:12 AM",49.0159
"2017-11-24:12 AM",40.4551
"2017-11-25:12 AM",37.9339
"2017-11-26:12 AM",41.0778
"2017-11-27:12 AM",36.8344
"2017-11-28:12 AM",35.0958
"2017-11-29:12 AM",35.7924
"2017-11-30:12 AM",34.8453
"2017-12-01:12 AM",35.1325
"2017-12-02:12 AM",34.9414
"2017-12-03:12 AM",32.9072
"2017-12-04:12 AM",29.008
"2017-12-05:12 AM",29.1177
"2017-12-06:12 AM",30.1719
"2017-12-07:12 AM",29.2473
"2017-12-08:12 AM",27.0972
"2017-12-09:12 AM",25.8867
"2017-12-10:12 AM",26.3449
"2017-12-11:12 AM",26.3313
"2017-12-12:12 AM",25.8688
"2017-12-13:12 AM",28.08
"2017-12-14:12 AM",28.953
"2017-12-15:12 AM",27.9541
"2017-12-16:12 AM",29.2401
"2017-12-17:12 AM",31.9253
"2017-12-18:12 AM",37.4898
"2017-12-19:12 AM",34.824
"2017-12-20:12 AM",29.2741
"2017-12-21:12 AM",23.6781
"2017-12-22:12 AM",27.1
"2017-12-23:12 AM",19.4342
"2017-12-24:12 AM",16.6665
"2017-12-25:12 AM",20.9754
"2017-12-26:12 AM",17.8277
"2017-12-27:12 AM",21.5404
"2017-12-28:12 AM",28.6524
"2017-12-29:12 AM",33.368
"2017-12-30:12 AM",33.4864
"2017-12-31:12 AM",25.4608
"2018-01-01:12 AM",24.1111
"2018-01-02:12 AM",24.498
"2018-01-03:12 AM",27.106
"2018-01-04:12 AM",28.2009
"2018-01-05:12 AM",32.8401
"2018-01-06:12 AM",34.8615
"2018-01-07:12 AM",32.4894
"2018-01-08:12 AM",34.4023
"2018-01-09:12 AM",35.5381
"2018-01-10:12 AM",33.5014
"2018-01-11:12 AM",33.5395
"2018-01-12:12 AM",36.6904
"2018-01-13:12 AM",38.1587
"2018-01-14:12 AM",37.7636
"2018-01-15:12 AM",37.8736
"2018-01-16:12 AM",38.928
"2018-01-17:12 AM",37.5156
"2018-01-18:12 AM",38.9172
"2018-01-19:12 AM",33.818
"2018-01-20:12 AM",34.3337
"2018-01-21:12 AM",34.4091
"2018-01-22:12 AM",33.9249
"2018-01-23:12 AM",32.6327
"2018-01-24:12 AM",36.2264
"2018-01-25:12 AM",32.7492
"2018-01-26:12 AM",31.8956
"2018-01-27:12 AM",34.2783
"2018-01-28:12 AM",37.8293
"2018-01-29:12 AM",39.5865
"2018-01-30:12 AM",36.7093
"2018-01-31:12 AM",32.9432
"2018-02-01:12 AM",34.0878
"2018-02-02:12 AM",38.8348
"2018-02-03:12 AM",41.9355
"2018-02-04:12 AM",43.1089
"2018-02-05:12 AM",40.9897
"2018-02-06:12 AM",38.4116
"2018-02-07:12 AM",40.9024
"2018-02-08:12 AM",42.5163
"2018-02-09:12 AM",36.1396
"2018-02-10:12 AM",30.5564
"2018-02-11:12 AM",30.1941
"2018-02-12:12 AM",26.8196
"2018-02-13:12 AM",28.1944
"2018-02-14:12 AM",31.7611
"2018-02-15:12 AM",30.4556
"2018-02-16:12 AM",33.5757
"2018-02-17:12 AM",35.2776
"2018-02-18:12 AM",28.1395
"2018-02-19:12 AM",18.9941
"2018-02-20:12 AM",17.6544
"2018-02-21:12 AM",17.8853
"2018-02-22:12 AM",21.0744
"2018-02-23:12 AM",18.9761
"2018-02-24:12 AM",28.6774
"2018-02-25:12 AM",30.936
"2018-02-26:12 AM",27.8913
"2018-02-27:12 AM",29.5218
"2018-02-28:12 AM",32.2981
"2018-03-01:12 AM",34.4424
"2018-03-02:12 AM",33.5827
"2018-03-03:12 AM",31.5356
"2018-03-04:12 AM",30.3733
"2018-03-05:12 AM",32.8386
"2018-03-06:12 AM",31.6099
"2018-03-07:12 AM",33.2262
"2018-03-08:12 AM",37.5973
"2018-03-09:12 AM",38.241
"2018-03-10:12 AM",34.5994
"2018-03-11:12 AM",39.2765
"2018-03-12:12 AM",42.1797
"2018-03-13:12 AM",42.8376
"2018-03-14:12 AM",40.9996
"2018-03-15:12 AM",37.6385
"2018-03-16:12 AM",37.5264
"2018-03-17:12 AM",36.2831
"2018-03-18:12 AM",38.1376
"2018-03-19:12 AM",37.3546
"2018-03-20:12 AM",37.9251
"2018-03-21:12 AM",38.7162
"2018-03-22:12 AM",40.3968
"2018-03-23:12 AM",34.1033
"2018-03-24:12 AM",33.2316
"2018-03-25:12 AM",32.8456
"2018-03-26:12 AM",34.3188
"2018-03-27:12 AM",39.9403
"2018-03-28:12 AM",40.3603
"2018-03-29:12 AM",40.0275
"2018-03-30:12 AM",42.5079
"2018-03-31:12 AM",41.2302
"2018-04-01:12 AM",38.6092
"2018-04-02:12 AM",34.9531
"2018-04-03:12 AM",35.9748
"2018-04-04:12 AM",38.158
"2018-04-05:12 AM",41.5593
"2018-04-06:12 AM",44.3925
"2018-04-07:12 AM",43.9156
"2018-04-08:12 AM",42.4796
"2018-04-09:12 AM",43.9596
"2018-04-10:12 AM",45.9759
"2018-04-11:12 AM",42.0822
"2018-04-12:12 AM",39.4479
"2018-04-13:12 AM",38.8447
"2018-04-14:12 AM",43.2487
"2018-04-15:12 AM",42.6877
"2018-04-16:12 AM",40.1081
"2018-04-17:12 AM",39.4045
"2018-04-18:12 AM",40.2732
"2018-04-19:12 AM",44.0013
"2018-04-20:12 AM",45.0104
"2018-04-21:12 AM",45.1049
"2018-04-22:12 AM",42.4578
"2018-04-23:12 AM",46.2803
"2018-04-24:12 AM",51.0591
"2018-04-25:12 AM",55.3784
"2018-04-26:12 AM",58.0624
"2018-04-27:12 AM",56.6501
"2018-04-28:12 AM",48.157
"2018-04-29:12 AM",45.7453
"2018-04-30:12 AM",46.0301
"2018-05-01:12 AM",47.7396
"2018-05-02:12 AM",51.0723
"2018-05-03:12 AM",54.6386
"2018-05-04:12 AM",55.7368
"2018-05-05:12 AM",54.6897
"2018-05-06:12 AM",57.6977
"2018-05-07:12 AM",56.8483
"2018-05-08:12 AM",57.3708
"2018-05-09:12 AM",55.861
"2018-05-10:12 AM",49.5937
"2018-05-11:12 AM",49.3246
"2018-05-12:12 AM",55.7094
"2018-05-13:12 AM",61.6149
"2018-05-14:12 AM",63.0604
"2018-05-15:12 AM",62.5249
"2018-05-16:12 AM",59.1784
"2018-05-17:12 AM",56.3675
"2018-05-18:12 AM",53.4555
"2018-05-19:12 AM",54.7974
"2018-05-20:12 AM",54.4937
"2018-05-21:12 AM",57.5069
"2018-05-22:12 AM",61.5542
"2018-05-23:12 AM",62.7791
"2018-05-24:12 AM",62.004
"2018-05-25:12 AM",58.0932
"2018-05-26:12 AM",54.7633
"2018-05-27:12 AM",56.8126
"2018-05-28:12 AM",57.3456
"2018-05-29:12 AM",53.7994
"2018-05-30:12 AM",50.7087
"2018-05-31:12 AM",49.302
"2018-06-01:12 AM",51.4089
"2018-06-02:12 AM",56.6483
"2018-06-03:12 AM",56.61
"2018-06-04:12 AM",53.0897
"2018-06-05:12 AM",52.0628
"2018-06-06:12 AM",56.7829
"2018-06-07:12 AM",58.2899
"2018-06-08:12 AM",57.1332
"2018-06-09:12 AM",51.1495
"2018-06-10:12 AM",47.433
"2018-06-11:12 AM",49.3248
"2018-06-12:12 AM",52.0675
"2018-06-13:12 AM",54.088
"2018-06-14:12 AM",53.8432
"2018-06-15:12 AM",55.7289
"2018-06-16:12 AM",56.3864
"2018-06-17:12 AM",62.636
"2018-06-18:12 AM",62.9983
"2018-06-19:12 AM",64.3519
"2018-06-20:12 AM",66.8052
"2018-06-21:12 AM",64.7681
"2018-06-22:12 AM",60.8841
"2018-06-23:12 AM",60.0566
"2018-06-24:12 AM",63.0811
"2018-06-25:12 AM",59.9659
"2018-06-26:12 AM",55.6059
"2018-06-27:12 AM",56.4874
"2018-06-28:12 AM",56.3684
"2018-06-29:12 AM",56.4561
"2018-06-30:12 AM",57.9259
"2018-07-01:12 AM",58.2692
"2018-07-02:12 AM",54.6913
"2018-07-03:12 AM",55.134
"2018-07-04:12 AM",60.1363
"2018-07-05:12 AM",67.6256
"2018-07-06:12 AM",64.9841
"2018-07-07:12 AM",62.3894
"2018-07-08:12 AM",63.5288
"2018-07-09:12 AM",64.8334
"2018-07-10:12 AM",62.0791
"2018-07-11:12 AM",64.596
"2018-07-12:12 AM",69.1045
"2018-07-13:12 AM",70.8222
"2018-07-14:12 AM",69.2631
"2018-07-15:12 AM",70.8625
"2018-07-16:12 AM",71.8468
"2018-07-17:12 AM",71.6085
"2018-07-18:12 AM",67.7887
"2018-07-19:12 AM",64.0377
"2018-07-20:12 AM",61.0034
"2018-07-21:12 AM",60.2805
"2018-07-22:12 AM",65.3148
"2018-07-23:12 AM",68.7949
"2018-07-24:12 AM",70.3132
"2018-07-25:12 AM",71.3934
"2018-07-26:12 AM",72.0298
"2018-07-27:12 AM",71.1768
"2018-07-28:12 AM",71.5422
"2018-07-29:12 AM",73.6979
"2018-07-30:12 AM",74.3004
"2018-07-31:12 AM",74.1832
"2018-08-01:12 AM",69.6204
"2018-08-02:12 AM",64.4049
"2018-08-03:12 AM",61.8224
"2018-08-04:12 AM",63.5956
"2018-08-05:12 AM",66.9972
"2018-08-06:12 AM",69.4821
"2018-08-07:12 AM",72.4545
"2018-08-08:12 AM",74.7919
"2018-08-09:12 AM",77.0036
"2018-08-10:12 AM",76.2802
"2018-08-11:12 AM",67.7187
"2018-08-12:12 AM",63.4338
"2018-08-13:12 AM",65.0399
"2018-08-14:12 AM",69.0512
"2018-08-15:12 AM",69.9114
"2018-08-16:12 AM",70.0322
"2018-08-17:12 AM",66.9303
"2018-08-18:12 AM",66.4101
"2018-08-19:12 AM",67.7818
"2018-08-20:12 AM",68.0398
"2018-08-21:12 AM",68.8262
"2018-08-22:12 AM",67.5097
"2018-08-23:12 AM",64.0348
"2018-08-24:12 AM",59.5888
"2018-08-25:12 AM",55.6965
"2018-08-26:12 AM",54.7781
"2018-08-27:12 AM",58.0948
"2018-08-28:12 AM",59.6667
"2018-08-29:12 AM",61.6928
"2018-08-30:12 AM",61.1481
"2018-08-31:12 AM",59.3848
"2018-09-01:12 AM",57.8901
"2018-09-02:12 AM",59.0283
"2018-09-03:12 AM",60.0615
"2018-09-04:12 AM",59.5731
"2018-09-05:12 AM",63.0702
"2018-09-06:12 AM",64.4997
"2018-09-07:12 AM",63.6058
"2018-09-08:12 AM",60.2362
"2018-09-09:12 AM",58.087
"2018-09-10:12 AM",57.5026
"2018-09-11:12 AM",55.0909
"2018-09-12:12 AM",53.0497
"2018-09-13:12 AM",52.2568
"2018-09-14:12 AM",52.9723
"2018-09-15:12 AM",53.0172
"2018-09-16:12 AM",52.1344
"2018-09-17:12 AM",50.8797
"2018-09-18:12 AM",52.2043
"2018-09-19:12 AM",53.2886
"2018-09-20:12 AM",52.5675
"2018-09-21:12 AM",56.9961
"2018-09-22:12 AM",56.7363
"2018-09-23:12 AM",51.208
"2018-09-24:12 AM",51.2625
"2018-09-25:12 AM",54.1792
"2018-09-26:12 AM",56.1153
"2018-09-27:12 AM",59.2896
"2018-09-28:12 AM",59.3544
"2018-09-29:12 AM",55.5343
"2018-09-30:12 AM",51.49
"2018-10-01:12 AM",53.627
"2018-10-02:12 AM",53.7366
"2018-10-03:12 AM",43.8564
"2018-10-04:12 AM",46.0647
"2018-10-05:12 AM",43.3576
"2018-10-06:12 AM",46.1485
"2018-10-07:12 AM",45.3457
"2018-10-08:12 AM",46.7015
"2018-10-09:12 AM",48.3249
"2018-10-10:12 AM",47.3302
"2018-10-11:12 AM",46.1143
"2018-10-12:12 AM",47.9401
"2018-10-13:12 AM",47.7057
"2018-10-14:12 AM",45.2543
"2018-10-15:12 AM",47.2903
"2018-10-16:12 AM",49.4071
"2018-10-17:12 AM",50.4498
"2018-10-18:12 AM",48.9121
"2018-10-19:12 AM",48.4887
"2018-10-20:12 AM",48.0279
"2018-10-21:12 AM",48.6718
"2018-10-22:12 AM",48.5044
"2018-10-23:12 AM",48.582
"2018-10-24:12 AM",47.8825
"2018-10-25:12 AM",47.228
"2018-10-26:12 AM",50.5267
"2018-10-27:12 AM",45.5826
"2018-10-28:12 AM",47.2825
"2018-10-29:12 AM",43.5783
"2018-10-30:12 AM",42.5566
"2018-10-31:12 AM",45.1483
"2018-11-01:12 AM",50.0092
"2018-11-02:12 AM",50.6709
"2018-11-03:12 AM",46.382
"2018-11-04:12 AM",47.1402
"2018-11-05:12 AM",43.882
"2018-11-06:12 AM",41.772
"2018-11-07:12 AM",38.1105
"2018-11-08:12 AM",34.8793
"2018-11-09:12 AM",34.263
"2018-11-10:12 AM",33.7431
"2018-11-11:12 AM",32.0997
"2018-11-12:12 AM",32.4372
"2018-11-13:12 AM",33.7413
"2018-11-14:12 AM",35.5172
"2018-11-15:12 AM",38.271
"2018-11-16:12 AM",40.9253
"2018-11-17:12 AM",35.281
"2018-11-18:12 AM",33.3108
"2018-11-19:12 AM",33.8148
"2018-11-20:12 AM",33.7581
"2018-11-21:12 AM",34.4331
"2018-11-22:12 AM",36.8506
"2018-11-23:12 AM",37.3546
"2018-11-24:12 AM",35.1176
"2018-11-25:12 AM",34.2696
"2018-11-26:12 AM",36.4734
"2018-11-27:12 AM",40.4983
"2018-11-28:12 AM",40.3687
"2018-11-29:12 AM",37.1853
"2018-11-30:12 AM",36.149
"2018-12-01:12 AM",33.8022
"2018-12-02:12 AM",32.2356
"2018-12-03:12 AM",29.1727
"2018-12-04:12 AM",26.5588
"2018-12-05:12 AM",25.2565
"2018-12-06:12 AM",23.2344
"2018-12-07:12 AM",22.5482
"2018-12-08:12 AM",26.2823
"2018-12-09:12 AM",28.8248
"2018-12-10:12 AM",32.5204
"2018-12-11:12 AM",33.4859
"2018-12-12:12 AM",35.0915
"2018-12-13:12 AM",35.6632
"2018-12-14:12 AM",36.113
"2018-12-15:12 AM",34.9914
"2018-12-16:12 AM",36.6404
"2018-12-17:12 AM",38.2915
"2018-12-18:12 AM",39.8102
"2018-12-19:12 AM",37.9904
"2018-12-20:12 AM",39.1086
"2018-12-21:12 AM",33.0894
"2018-12-22:12 AM",29.9768
"2018-12-23:12 AM",32.9427
"2018-12-24:12 AM",33.2101
"2018-12-25:12 AM",28.5607
"2018-12-26:12 AM",29.8693
"2018-12-27:12 AM",28.9837
"2018-12-28:12 AM",28.8806
"2018-12-29:12 AM",37.1462
"2018-12-30:12 AM",34.7902
"2018-12-31:12 AM",26.1466
"2019-01-01:12 AM",26.0677
"2019-01-02:12 AM",28.3429
"2019-01-03:12 AM",35.4025
"2019-01-04:12 AM",37.7929
"2019-01-05:12 AM",35.8507
"2019-01-06:12 AM",34.9572
"2019-01-07:12 AM",30.8484
"2019-01-08:12 AM",28.521
"2019-01-09:12 AM",34.0633
"2019-01-10:12 AM",37.9591
"2019-01-11:12 AM",36.7216
"2019-01-12:12 AM",35.4398
"2019-01-13:12 AM",31.9869
"2019-01-14:12 AM",28.7321
"2019-01-15:12 AM",26.9539
"2019-01-16:12 AM",29.3702
"2019-01-17:12 AM",34.3602
"2019-01-18:12 AM",36.5419
"2019-01-19:12 AM",36.6555
"2019-01-20:12 AM",34.1949
"2019-01-21:12 AM",30.2767
"2019-01-22:12 AM",32.2111
"2019-01-23:12 AM",37.2094
"2019-01-24:12 AM",35.3707
"2019-01-25:12 AM",34.2865
"2019-01-26:12 AM",34.1627
"2019-01-27:12 AM",35.3489
"2019-01-28:12 AM",31.422
"2019-01-29:12 AM",31.5716
"2019-01-30:12 AM",31.8749
"2019-01-31:12 AM",31.7638
"2019-02-01:12 AM",34.2783
"2019-02-02:12 AM",37.1586
"2019-02-03:12 AM",31.5082
"2019-02-04:12 AM",23.185
"2019-02-05:12 AM",19.7397
"2019-02-06:12 AM",16.7101
"2019-02-07:12 AM",17.4389
"2019-02-08:12 AM",21.3867
"2019-02-09:12 AM",19.3399
"2019-02-10:12 AM",15.9382
"2019-02-11:12 AM",20.6717
"2019-02-12:12 AM",25.7943
"2019-02-13:12 AM",26.8923
"2019-02-14:12 AM",24.1592
"2019-02-15:12 AM",29.9008
"2019-02-16:12 AM",28.4045
"2019-02-17:12 AM",27.5432
"2019-02-18:12 AM",23.0747
"2019-02-19:12 AM",26.6218
"2019-02-20:12 AM",27.9183
"2019-02-21:12 AM",24.379
"2019-02-22:12 AM",23.6151
"2019-02-23:12 AM",27.2462
"2019-02-24:12 AM",26.1396
"2019-02-25:12 AM",22.5266
"2019-02-26:12 AM",19.7107
"2019-02-27:12 AM",23.2756
"2019-02-28:12 AM",26.2548
"2019-03-01:12 AM",24.575
"2019-03-02:12 AM",25.0441
"2019-03-03:12 AM",19.6954
"2019-03-04:12 AM",18.721
"2019-03-05:12 AM",23.6116
"2019-03-06:12 AM",29.4301
"2019-03-07:12 AM",29.4199
"2019-03-08:12 AM",26.7132
"2019-03-09:12 AM",24.861
"2019-03-10:12 AM",25.4808
"2019-03-11:12 AM",27.2007
"2019-03-12:12 AM",32.468
"2019-03-13:12 AM",32.0945
"2019-03-14:12 AM",31.8394
"2019-03-15:12 AM",34.707