"DateTime","(deg F) Mean Temperature (CFSR) at West Virginia, 2010-01-01 to 2019-03-14"
"2010-01-01:12 AM",28.2909
"2010-01-02:12 AM",17.0548
"2010-01-03:12 AM",12.1687
"2010-01-04:12 AM",17.7453
"2010-01-05:12 AM",20.0035
"2010-01-06:12 AM",20.9563
"2010-01-07:12 AM",22.4083
"2010-01-08:12 AM",16.3557
"2010-01-09:12 AM",18.3236
"2010-01-10:12 AM",15.9255
"2010-01-11:12 AM",21.3136
"2010-01-12:12 AM",22.2886
"2010-01-13:12 AM",22.9307
"2010-01-14:12 AM",30.4002
"2010-01-15:12 AM",34.2183
"2010-01-16:12 AM",38.2586
"2010-01-17:12 AM",38.5363
"2010-01-18:12 AM",36.9194
"2010-01-19:12 AM",38.6065
"2010-01-20:12 AM",36.5902
"2010-01-21:12 AM",35.218
"2010-01-22:12 AM",35.976
"2010-01-23:12 AM",37.2607
"2010-01-24:12 AM",42.9426
"2010-01-25:12 AM",42.2157
"2010-01-26:12 AM",28.8666
"2010-01-27:12 AM",26.6202
"2010-01-28:12 AM",29.2631
"2010-01-29:12 AM",18.2124
"2010-01-30:12 AM",18.2968
"2010-01-31:12 AM",19.1887
"2010-02-01:12 AM",24.3937
"2010-02-02:12 AM",31.4173
"2010-02-03:12 AM",31.4055
"2010-02-04:12 AM",31.2807
"2010-02-05:12 AM",31.9338
"2010-02-06:12 AM",28.3104
"2010-02-07:12 AM",22.3938
"2010-02-08:12 AM",22.3974
"2010-02-09:12 AM",30.6837
"2010-02-10:12 AM",21.0974
"2010-02-11:12 AM",24.3725
"2010-02-12:12 AM",23.8705
"2010-02-13:12 AM",23.2507
"2010-02-14:12 AM",23.7375
"2010-02-15:12 AM",26.1014
"2010-02-16:12 AM",23.1656
"2010-02-17:12 AM",25.1238
"2010-02-18:12 AM",28.3775
"2010-02-19:12 AM",29.4499
"2010-02-20:12 AM",30.0387
"2010-02-21:12 AM",35.9107
"2010-02-22:12 AM",40.0248
"2010-02-23:12 AM",36.3211
"2010-02-24:12 AM",30.6849
"2010-02-25:12 AM",24.802
"2010-02-26:12 AM",25.2309
"2010-02-27:12 AM",28.5393
"2010-02-28:12 AM",30.0938
"2010-03-01:12 AM",31.9537
"2010-03-02:12 AM",31.4242
"2010-03-03:12 AM",30.9569
"2010-03-04:12 AM",29.7196
"2010-03-05:12 AM",28.7771
"2010-03-06:12 AM",29.8015
"2010-03-07:12 AM",30.9101
"2010-03-08:12 AM",36.4635
"2010-03-09:12 AM",44.1669
"2010-03-10:12 AM",51.0629
"2010-03-11:12 AM",51.9456
"2010-03-12:12 AM",53.6585
"2010-03-13:12 AM",45.5079
"2010-03-14:12 AM",41.4279
"2010-03-15:12 AM",39.3703
"2010-03-16:12 AM",41.459
"2010-03-17:12 AM",44.9906
"2010-03-18:12 AM",44.1468
"2010-03-19:12 AM",45.3022
"2010-03-20:12 AM",49.6481
"2010-03-21:12 AM",54.8199
"2010-03-22:12 AM",49.8758
"2010-03-23:12 AM",37.9665
"2010-03-24:12 AM",45.4219
"2010-03-25:12 AM",52.5528
"2010-03-26:12 AM",38.7108
"2010-03-27:12 AM",39.5791
"2010-03-28:12 AM",43.1578
"2010-03-29:12 AM",46.6218
"2010-03-30:12 AM",41.4171
"2010-03-31:12 AM",44.7073
"2010-04-01:12 AM",56.1218
"2010-04-02:12 AM",62.6491
"2010-04-03:12 AM",63.2219
"2010-04-04:12 AM",56.5099
"2010-04-05:12 AM",60.6515
"2010-04-06:12 AM",66.8413
"2010-04-07:12 AM",66.6325
"2010-04-08:12 AM",58.5813
"2010-04-09:12 AM",41.5873
"2010-04-10:12 AM",43.0768
"2010-04-11:12 AM",52.3533
"2010-04-12:12 AM",52.8852
"2010-04-13:12 AM",53.0969
"2010-04-14:12 AM",53.3259
"2010-04-15:12 AM",58.6027
"2010-04-16:12 AM",63.1684
"2010-04-17:12 AM",48.097
"2010-04-18:12 AM",41.3051
"2010-04-19:12 AM",44.1365
"2010-04-20:12 AM",50.1654
"2010-04-21:12 AM",51.2355
"2010-04-22:12 AM",53.3817
"2010-04-23:12 AM",54.441
"2010-04-24:12 AM",57.551
"2010-04-25:12 AM",62.2108
"2010-04-26:12 AM",51.5842
"2010-04-27:12 AM",46.2418
"2010-04-28:12 AM",41.8156
"2010-04-29:12 AM",47.4571
"2010-04-30:12 AM",62.2722
"2010-05-01:12 AM",69.1317
"2010-05-02:12 AM",72.3465
"2010-05-03:12 AM",68.6953
"2010-05-04:12 AM",60.9789
"2010-05-05:12 AM",63.4284
"2010-05-06:12 AM",63.5081
"2010-05-07:12 AM",64.1311
"2010-05-08:12 AM",57.3584
"2010-05-09:12 AM",45.756
"2010-05-10:12 AM",45.3699
"2010-05-11:12 AM",51.7465
"2010-05-12:12 AM",64.1021
"2010-05-13:12 AM",66.589
"2010-05-14:12 AM",71.2069
"2010-05-15:12 AM",64.6909
"2010-05-16:12 AM",60.6108
"2010-05-17:12 AM",57.3809
"2010-05-18:12 AM",56.757
"2010-05-19:12 AM",55.3206
"2010-05-20:12 AM",58.7219
"2010-05-21:12 AM",64.7001
"2010-05-22:12 AM",64.7746
"2010-05-23:12 AM",64.4171
"2010-05-24:12 AM",65.9581
"2010-05-25:12 AM",68.2651
"2010-05-26:12 AM",69.3736
"2010-05-27:12 AM",71.1797
"2010-05-28:12 AM",69.2928
"2010-05-29:12 AM",70.095
"2010-05-30:12 AM",72.1913
"2010-05-31:12 AM",71.0172
"2010-06-01:12 AM",69.0339
"2010-06-02:12 AM",71.1847
"2010-06-03:12 AM",71.7885
"2010-06-04:12 AM",73.6884
"2010-06-05:12 AM",74.0804
"2010-06-06:12 AM",70.4813
"2010-06-07:12 AM",62.298
"2010-06-08:12 AM",60.8203
"2010-06-09:12 AM",64.4185
"2010-06-10:12 AM",71.3458
"2010-06-11:12 AM",69.7919
"2010-06-12:12 AM",72.0822
"2010-06-13:12 AM",74.6605
"2010-06-14:12 AM",73.0965
"2010-06-15:12 AM",73.7015
"2010-06-16:12 AM",75.6279
"2010-06-17:12 AM",70.0579
"2010-06-18:12 AM",69.4924
"2010-06-19:12 AM",73.9674
"2010-06-20:12 AM",73.3627
"2010-06-21:12 AM",72.968
"2010-06-22:12 AM",76.1355
"2010-06-23:12 AM",77.5098
"2010-06-24:12 AM",76.3407
"2010-06-25:12 AM",72.6096
"2010-06-26:12 AM",72.8611
"2010-06-27:12 AM",77.344
"2010-06-28:12 AM",74.3329
"2010-06-29:12 AM",71.7337
"2010-06-30:12 AM",66.0798
"2010-07-01:12 AM",61.5488
"2010-07-02:12 AM",62.7615
"2010-07-03:12 AM",68.157
"2010-07-04:12 AM",72.6967
"2010-07-05:12 AM",75.9733
"2010-07-06:12 AM",78.4026
"2010-07-07:12 AM",78.7015
"2010-07-08:12 AM",78.7357
"2010-07-09:12 AM",74.0842
"2010-07-10:12 AM",71.6281
"2010-07-11:12 AM",71.2938
"2010-07-12:12 AM",70.4833
"2010-07-13:12 AM",70.5564
"2010-07-14:12 AM",72.4167
"2010-07-15:12 AM",74.7075
"2010-07-16:12 AM",77.0902
"2010-07-17:12 AM",76.8697
"2010-07-18:12 AM",74.5725
"2010-07-19:12 AM",75.864
"2010-07-20:12 AM",76.7415
"2010-07-21:12 AM",74.9903
"2010-07-22:12 AM",76.9017
"2010-07-23:12 AM",79.9201
"2010-07-24:12 AM",80.5312
"2010-07-25:12 AM",78.3052
"2010-07-26:12 AM",72.6741
"2010-07-27:12 AM",72.7299
"2010-07-28:12 AM",75.2772
"2010-07-29:12 AM",74.1358
"2010-07-30:12 AM",67.5765
"2010-07-31:12 AM",69.9008
"2010-08-01:12 AM",71.2578
"2010-08-02:12 AM",72.1598
"2010-08-03:12 AM",76.0942
"2010-08-04:12 AM",80.9571
"2010-08-05:12 AM",79.7022
"2010-08-06:12 AM",71.5089
"2010-08-07:12 AM",68.1496
"2010-08-08:12 AM",69.2427
"2010-08-09:12 AM",73.4135
"2010-08-10:12 AM",76.7264
"2010-08-11:12 AM",79.4952
"2010-08-12:12 AM",76.3579
"2010-08-13:12 AM",75.5371
"2010-08-14:12 AM",76.8362
"2010-08-15:12 AM",75.0076
"2010-08-16:12 AM",75.7746
"2010-08-17:12 AM",71.2794
"2010-08-18:12 AM",67.6177
"2010-08-19:12 AM",69.6056
"2010-08-20:12 AM",71.5096
"2010-08-21:12 AM",74.3205
"2010-08-22:12 AM",71.276
"2010-08-23:12 AM",67.8465
"2010-08-24:12 AM",65.2919
"2010-08-25:12 AM",66.5348
"2010-08-26:12 AM",66.596
"2010-08-27:12 AM",63.813
"2010-08-28:12 AM",65.6269
"2010-08-29:12 AM",71.4394
"2010-08-30:12 AM",72.5455
"2010-08-31:12 AM",72.4251
"2010-09-01:12 AM",71.452
"2010-09-02:12 AM",72.691
"2010-09-03:12 AM",71.386
"2010-09-04:12 AM",60.6821
"2010-09-05:12 AM",55.141
"2010-09-06:12 AM",60.298
"2010-09-07:12 AM",72.0046
"2010-09-08:12 AM",69.8002
"2010-09-09:12 AM",58.3849
"2010-09-10:12 AM",55.7022
"2010-09-11:12 AM",59.4496
"2010-09-12:12 AM",63.507
"2010-09-13:12 AM",62.3397
"2010-09-14:12 AM",64.2223
"2010-09-15:12 AM",64.5917
"2010-09-16:12 AM",67.7021
"2010-09-17:12 AM",61.2635
"2010-09-18:12 AM",59.211
"2010-09-19:12 AM",64.4373
"2010-09-20:12 AM",63.8425
"2010-09-21:12 AM",65.9912
"2010-09-22:12 AM",73.6336
"2010-09-23:12 AM",71.6092
"2010-09-24:12 AM",75.4507
"2010-09-25:12 AM",67.0042
"2010-09-26:12 AM",58.6884
"2010-09-27:12 AM",58.343
"2010-09-28:12 AM",56.2118
"2010-09-29:12 AM",55.2931
"2010-09-30:12 AM",58.6575
"2010-10-01:12 AM",53.6772
"2010-10-02:12 AM",50.0738
"2010-10-03:12 AM",47.6175
"2010-10-04:12 AM",46.5226
"2010-10-05:12 AM",44.854
"2010-10-06:12 AM",47.0003
"2010-10-07:12 AM",53.548
"2010-10-08:12 AM",52.2784
"2010-10-09:12 AM",55.5863
"2010-10-10:12 AM",60.314
"2010-10-11:12 AM",63.1744
"2010-10-12:12 AM",62.5042
"2010-10-13:12 AM",55.679
"2010-10-14:12 AM",51.4575
"2010-10-15:12 AM",48.4803
"2010-10-16:12 AM",45.9869
"2010-10-17:12 AM",52.7306
"2010-10-18:12 AM",54.6944
"2010-10-19:12 AM",51.2744
"2010-10-20:12 AM",47.8751
"2010-10-21:12 AM",50.6257
"2010-10-22:12 AM",41.8235
"2010-10-23:12 AM",52.2725
"2010-10-24:12 AM",61.3423
"2010-10-25:12 AM",61.6111
"2010-10-26:12 AM",65.1375
"2010-10-27:12 AM",60.5592
"2010-10-28:12 AM",53.9533
"2010-10-29:12 AM",38.9984
"2010-10-30:12 AM",43.9488
"2010-10-31:12 AM",46.6907
"2010-11-01:12 AM",38.6872
"2010-11-02:12 AM",39.8206
"2010-11-03:12 AM",43.792
"2010-11-04:12 AM",43.8917
"2010-11-05:12 AM",37.5474
"2010-11-06:12 AM",31.1808
"2010-11-07:12 AM",31.7133
"2010-11-08:12 AM",38.3436
"2010-11-09:12 AM",42.5489
"2010-11-10:12 AM",45.4307
"2010-11-11:12 AM",46.2942
"2010-11-12:12 AM",45.8755
"2010-11-13:12 AM",47.2449
"2010-11-14:12 AM",48.6484
"2010-11-15:12 AM",44.9159
"2010-11-16:12 AM",49.8798
"2010-11-17:12 AM",42.7424
"2010-11-18:12 AM",38.6134
"2010-11-19:12 AM",37.8894
"2010-11-20:12 AM",43.1445
"2010-11-21:12 AM",47.5704
"2010-11-22:12 AM",54.2248
"2010-11-23:12 AM",52.7311
"2010-11-24:12 AM",37.5627
"2010-11-25:12 AM",50.461
"2010-11-26:12 AM",39.7839
"2010-11-27:12 AM",29.376
"2010-11-28:12 AM",30.166
"2010-11-29:12 AM",36.3447
"2010-11-30:12 AM",52.3283
"2010-12-01:12 AM",34.0423
"2010-12-02:12 AM",28.3753
"2010-12-03:12 AM",27.8445
"2010-12-04:12 AM",27.0802
"2010-12-05:12 AM",25.2061
"2010-12-06:12 AM",20.9539
"2010-12-07:12 AM",17.222
"2010-12-08:12 AM",18.889
"2010-12-09:12 AM",19.9004
"2010-12-10:12 AM",30.8093
"2010-12-11:12 AM",33.3504
"2010-12-12:12 AM",32.873
"2010-12-13:12 AM",17.5627
"2010-12-14:12 AM",12.8588
"2010-12-15:12 AM",15.823
"2010-12-16:12 AM",22.1954
"2010-12-17:12 AM",25.5713
"2010-12-18:12 AM",23.8044
"2010-12-19:12 AM",20.7891
"2010-12-20:12 AM",22.0755
"2010-12-21:12 AM",26.7917
"2010-12-22:12 AM",28.9022
"2010-12-23:12 AM",26.582
"2010-12-24:12 AM",25.1278
"2010-12-25:12 AM",25.6123
"2010-12-26:12 AM",21.8689
"2010-12-27:12 AM",19.4895
"2010-12-28:12 AM",22.3405
"2010-12-29:12 AM",26.6635
"2010-12-30:12 AM",34.5924
"2010-12-31:12 AM",43.9828
"2011-01-01:12 AM",43.7839
"2011-01-02:12 AM",32.0581
"2011-01-03:12 AM",25.2127
"2011-01-04:12 AM",29.3653
"2011-01-05:12 AM",24.8934
"2011-01-06:12 AM",26.269
"2011-01-07:12 AM",24.9528
"2011-01-08:12 AM",19.083
"2011-01-09:12 AM",12.8257
"2011-01-10:12 AM",17.2661
"2011-01-11:12 AM",25.3247
"2011-01-12:12 AM",20.8337
"2011-01-13:12 AM",18.6361
"2011-01-14:12 AM",16.815
"2011-01-15:12 AM",26.173
"2011-01-16:12 AM",25.7029
"2011-01-17:12 AM",27.6289
"2011-01-18:12 AM",33.094
"2011-01-19:12 AM",32.6381
"2011-01-20:12 AM",27.9572
"2011-01-21:12 AM",16.5403
"2011-01-22:12 AM",11.2053
"2011-01-23:12 AM",13.8952
"2011-01-24:12 AM",20.7217
"2011-01-25:12 AM",31.0347
"2011-01-26:12 AM",30.8896
"2011-01-27:12 AM",23.049
"2011-01-28:12 AM",27.761
"2011-01-29:12 AM",28.5841
"2011-01-30:12 AM",31.0329
"2011-01-31:12 AM",29.716
"2011-02-01:12 AM",35.8446
"2011-02-02:12 AM",33.2204
"2011-02-03:12 AM",22.9525
"2011-02-04:12 AM",27.9001
"2011-02-05:12 AM",32.8833
"2011-02-06:12 AM",29.1785
"2011-02-07:12 AM",33.9328
"2011-02-08:12 AM",23.8024
"2011-02-09:12 AM",18.8535
"2011-02-10:12 AM",15.7912
"2011-02-11:12 AM",18.4195
"2011-02-12:12 AM",25.6496
"2011-02-13:12 AM",35.2036
"2011-02-14:12 AM",37.4403
"2011-02-15:12 AM",32.0295
"2011-02-16:12 AM",39.8268
"2011-02-17:12 AM",47.3092
"2011-02-18:12 AM",51.6499
"2011-02-19:12 AM",36.421
"2011-02-20:12 AM",34.2747
"2011-02-21:12 AM",46.611
"2011-02-22:12 AM",31.987
"2011-02-23:12 AM",31.2742
"2011-02-24:12 AM",36.9709
"2011-02-25:12 AM",37.9429
"2011-02-26:12 AM",33.9746
"2011-02-27:12 AM",43.6001
"2011-02-28:12 AM",51.4551
"2011-03-01:12 AM",33.1851
"2011-03-02:12 AM",35.9017
"2011-03-03:12 AM",32.7283
"2011-03-04:12 AM",38.1558
"2011-03-05:12 AM",45.1539
"2011-03-06:12 AM",37.1908
"2011-03-07:12 AM",30.8426
"2011-03-08:12 AM",34.9034
"2011-03-09:12 AM",38.2109
"2011-03-10:12 AM",42.2962
"2011-03-11:12 AM",31.4757
"2011-03-12:12 AM",40.9347
"2011-03-13:12 AM",40.7419
"2011-03-14:12 AM",36.7792
"2011-03-15:12 AM",39.558
"2011-03-16:12 AM",40.9903
"2011-03-17:12 AM",44.6751
"2011-03-18:12 AM",55.3334
"2011-03-19:12 AM",45.0963
"2011-03-20:12 AM",41.6188
"2011-03-21:12 AM",54.4838
"2011-03-22:12 AM",55.1386
"2011-03-23:12 AM",56.0329
"2011-03-24:12 AM",38.7142
"2011-03-25:12 AM",31.7599
"2011-03-26:12 AM",33.0386
"2011-03-27:12 AM",30.0697
"2011-03-28:12 AM",29.6726
"2011-03-29:12 AM",32.3784
"2011-03-30:12 AM",36.6669
"2011-03-31:12 AM",34.4458
"2011-04-01:12 AM",33.9946
"2011-04-02:12 AM",37.5348
"2011-04-03:12 AM",41.783
"2011-04-04:12 AM",58.5003
"2011-04-05:12 AM",41.3816
"2011-04-06:12 AM",42.845
"2011-04-07:12 AM",52.678
"2011-04-08:12 AM",53.1774
"2011-04-09:12 AM",55.1304
"2011-04-10:12 AM",60.7696
"2011-04-11:12 AM",65.4307
"2011-04-12:12 AM",52.2901
"2011-04-13:12 AM",43.9115
"2011-04-14:12 AM",48.2252
"2011-04-15:12 AM",53.6164
"2011-04-16:12 AM",50.1186
"2011-04-17:12 AM",44.7037
"2011-04-18:12 AM",55.7388
"2011-04-19:12 AM",62.2459
"2011-04-20:12 AM",59.3544
"2011-04-21:12 AM",45.6199
"2011-04-22:12 AM",45.5995
"2011-04-23:12 AM",57.8259
"2011-04-24:12 AM",63.4318
"2011-04-25:12 AM",66.8494
"2011-04-26:12 AM",65.9797
"2011-04-27:12 AM",66.5776
"2011-04-28:12 AM",56.0287
"2011-04-29:12 AM",49.516
"2011-04-30:12 AM",50.1663
"2011-05-01:12 AM",55.7407
"2011-05-02:12 AM",62.3557
"2011-05-03:12 AM",56.8405
"2011-05-04:12 AM",43.3792
"2011-05-05:12 AM",43.668
"2011-05-06:12 AM",49.5306
"2011-05-07:12 AM",51.5694
"2011-05-08:12 AM",54.6357
"2011-05-09:12 AM",55.2351
"2011-05-10:12 AM",59.7585
"2011-05-11:12 AM",66.4363
"2011-05-12:12 AM",67.0318
"2011-05-13:12 AM",67.5097
"2011-05-14:12 AM",63.7156
"2011-05-15:12 AM",56.8404
"2011-05-16:12 AM",52.3378
"2011-05-17:12 AM",49.5961
"2011-05-18:12 AM",52.7815
"2011-05-19:12 AM",52.3846
"2011-05-20:12 AM",57.5713
"2011-05-21:12 AM",62.0146
"2011-05-22:12 AM",67.8576
"2011-05-23:12 AM",69.3073
"2011-05-24:12 AM",68.7027
"2011-05-25:12 AM",69.6967
"2011-05-26:12 AM",71.5365
"2011-05-27:12 AM",64.9895
"2011-05-28:12 AM",66.7413
"2011-05-29:12 AM",72.8249
"2011-05-30:12 AM",75.3597
"2011-05-31:12 AM",75.8449
"2011-06-01:12 AM",75.2479
"2011-06-02:12 AM",66.609
"2011-06-03:12 AM",62.3203
"2011-06-04:12 AM",66.3503
"2011-06-05:12 AM",72.7504
"2011-06-06:12 AM",70.2792
"2011-06-07:12 AM",72.2662
"2011-06-08:12 AM",76.1711
"2011-06-09:12 AM",76.9759
"2011-06-10:12 AM",74.2338
"2011-06-11:12 AM",73.6011
"2011-06-12:12 AM",69.8446
"2011-06-13:12 AM",61.075
"2011-06-14:12 AM",59.5621
"2011-06-15:12 AM",60.4445
"2011-06-16:12 AM",64.5807
"2011-06-17:12 AM",68.4154
"2011-06-18:12 AM",68.2002
"2011-06-19:12 AM",68.8174
"2011-06-20:12 AM",70.1665
"2011-06-21:12 AM",74.7703
"2011-06-22:12 AM",72.8798
"2011-06-23:12 AM",71.5672
"2011-06-24:12 AM",67.6773
"2011-06-25:12 AM",63.0144
"2011-06-26:12 AM",60.498
"2011-06-27:12 AM",67.6143
"2011-06-28:12 AM",74.1747
"2011-06-29:12 AM",66.805
"2011-06-30:12 AM",65.5981
"2011-07-01:12 AM",69.1965
"2011-07-02:12 AM",69.1542
"2011-07-03:12 AM",74.8537
"2011-07-04:12 AM",69.7723
"2011-07-05:12 AM",71.2715
"2011-07-06:12 AM",72.8006
"2011-07-07:12 AM",74.5812
"2011-07-08:12 AM",69.1761
"2011-07-09:12 AM",70.3994
"2011-07-10:12 AM",73.8952
"2011-07-11:12 AM",78.706
"2011-07-12:12 AM",80.2369
"2011-07-13:12 AM",73.431
"2011-07-14:12 AM",68.3506
"2011-07-15:12 AM",69.4841
"2011-07-16:12 AM",68.7814
"2011-07-17:12 AM",71.6716
"2011-07-18:12 AM",75.1438
"2011-07-19:12 AM",75.4344
"2011-07-20:12 AM",77.9301
"2011-07-21:12 AM",80.9391
"2011-07-22:12 AM",80.992
"2011-07-23:12 AM",78.1828
"2011-07-24:12 AM",78.6324
"2011-07-25:12 AM",73.112
"2011-07-26:12 AM",74.615
"2011-07-27:12 AM",73.6515
"2011-07-28:12 AM",76.3234
"2011-07-29:12 AM",79.3672
"2011-07-30:12 AM",76.8022
"2011-07-31:12 AM",73.7706
"2011-08-01:12 AM",73.9339
"2011-08-02:12 AM",74.7158
"2011-08-03:12 AM",73.7758
"2011-08-04:12 AM",74.5992
"2011-08-05:12 AM",75.942
"2011-08-06:12 AM",72.8013
"2011-08-07:12 AM",74.4483
"2011-08-08:12 AM",74.5644
"2011-08-09:12 AM",73.5759
"2011-08-10:12 AM",70.6901
"2011-08-11:12 AM",65.1868
"2011-08-12:12 AM",65.1769
"2011-08-13:12 AM",69.5163
"2011-08-14:12 AM",68.5958
"2011-08-15:12 AM",61.2297
"2011-08-16:12 AM",64.9638
"2011-08-17:12 AM",66.7956
"2011-08-18:12 AM",69.5257
"2011-08-19:12 AM",68.8642
"2011-08-20:12 AM",70.2363
"2011-08-21:12 AM",72.7772
"2011-08-22:12 AM",64.6893
"2011-08-23:12 AM",61.5544
"2011-08-24:12 AM",69.3212
"2011-08-25:12 AM",73.2657
"2011-08-26:12 AM",69.9904
"2011-08-27:12 AM",70.2644
"2011-08-28:12 AM",65.1069
"2011-08-29:12 AM",61.4296
"2011-08-30:12 AM",63.6341
"2011-08-31:12 AM",68.34
"2011-09-01:12 AM",70.4052
"2011-09-02:12 AM",74.9925
"2011-09-03:12 AM",75.3901
"2011-09-04:12 AM",73.3636
"2011-09-05:12 AM",63.7279
"2011-09-06:12 AM",57.2011
"2011-09-07:12 AM",60.9769
"2011-09-08:12 AM",60.2332
"2011-09-09:12 AM",61.9675
"2011-09-10:12 AM",61.8827
"2011-09-11:12 AM",62.8122
"2011-09-12:12 AM",61.5438
"2011-09-13:12 AM",64.9684
"2011-09-14:12 AM",66.9265
"2011-09-15:12 AM",54.968
"2011-09-16:12 AM",47.7131
"2011-09-17:12 AM",51.9472
"2011-09-18:12 AM",54.9306
"2011-09-19:12 AM",59.2041
"2011-09-20:12 AM",61.0889
"2011-09-21:12 AM",63.3067
"2011-09-22:12 AM",65.1787
"2011-09-23:12 AM",62.9865
"2011-09-24:12 AM",57.7612
"2011-09-25:12 AM",64.6
"2011-09-26:12 AM",67.3615
"2011-09-27:12 AM",62.825
"2011-09-28:12 AM",59.2421
"2011-09-29:12 AM",58.7869
"2011-09-30:12 AM",54.9433
"2011-10-01:12 AM",41.6817
"2011-10-02:12 AM",41.1919
"2011-10-03:12 AM",42.7919
"2011-10-04:12 AM",48.9043
"2011-10-05:12 AM",49.6089
"2011-10-06:12 AM",54.0131
"2011-10-07:12 AM",56.5581
"2011-10-08:12 AM",57.2032
"2011-10-09:12 AM",56.7918
"2011-10-10:12 AM",60.5008
"2011-10-11:12 AM",59.0094
"2011-10-12:12 AM",56.8261
"2011-10-13:12 AM",58.1362
"2011-10-14:12 AM",54.2095
"2011-10-15:12 AM",50.0886
"2011-10-16:12 AM",54.8172
"2011-10-17:12 AM",55.8441
"2011-10-18:12 AM",57.6801
"2011-10-19:12 AM",55.9823
"2011-10-20:12 AM",41.4792
"2011-10-21:12 AM",42.1111
"2011-10-22:12 AM",43.4466
"2011-10-23:12 AM",43.8557
"2011-10-24:12 AM",50.4385
"2011-10-25:12 AM",48.2515
"2011-10-26:12 AM",55.8347
"2011-10-27:12 AM",51.3752
"2011-10-28:12 AM",36.1146
"2011-10-29:12 AM",34.2316
"2011-10-30:12 AM",33.9843
"2011-10-31:12 AM",39.0967
"2011-11-01:12 AM",37.9431
"2011-11-02:12 AM",43.4935
"2011-11-03:12 AM",47.9908
"2011-11-04:12 AM",45.1389
"2011-11-05:12 AM",37.8086
"2011-11-06:12 AM",38.9824
"2011-11-07:12 AM",43.6732
"2011-11-08:12 AM",45.7268
"2011-11-09:12 AM",50.6176
"2011-11-10:12 AM",42.3752
"2011-11-11:12 AM",32.5216
"2011-11-12:12 AM",42.0107
"2011-11-13:12 AM",49.8202
"2011-11-14:12 AM",58.6418
"2011-11-15:12 AM",56.2041
"2011-11-16:12 AM",51.3232
"2011-11-17:12 AM",35.9571
"2011-11-18:12 AM",31.4247
"2011-11-19:12 AM",38.8227
"2011-11-20:12 AM",51.1837
"2011-11-21:12 AM",54.851
"2011-11-22:12 AM",54.0208
"2011-11-23:12 AM",45.3079
"2011-11-24:12 AM",37.4873
"2011-11-25:12 AM",40.8727
"2011-11-26:12 AM",45.3171
"2011-11-27:12 AM",50.4219
"2011-11-28:12 AM",55.3701
"2011-11-29:12 AM",48.2794
"2011-11-30:12 AM",33.1639
"2011-12-01:12 AM",32.8302
"2011-12-02:12 AM",34.1449
"2011-12-03:12 AM",35.9589
"2011-12-04:12 AM",39.5056
"2011-12-05:12 AM",48.2794
"2011-12-06:12 AM",51.5125
"2011-12-07:12 AM",39.9108
"2011-12-08:12 AM",28.1278
"2011-12-09:12 AM",30.6662
"2011-12-10:12 AM",28.1057
"2011-12-11:12 AM",26.3183
"2011-12-12:12 AM",30.1287
"2011-12-13:12 AM",35.3766
"2011-12-14:12 AM",41.2639
"2011-12-15:12 AM",51.0976
"2011-12-16:12 AM",38.0367
"2011-12-17:12 AM",30.0952
"2011-12-18:12 AM",30.6595
"2011-12-19:12 AM",36.3202
"2011-12-20:12 AM",42.6501
"2011-12-21:12 AM",50.1775
"2011-12-22:12 AM",47.3909
"2011-12-23:12 AM",39.3031
"2011-12-24:12 AM",33.647
"2011-12-25:12 AM",34.5895
"2011-12-26:12 AM",34.0894
"2011-12-27:12 AM",36.2698
"2011-12-28:12 AM",30.5368
"2011-12-29:12 AM",33.7122
"2011-12-30:12 AM",41.2938
"2011-12-31:12 AM",41.6727
"2012-01-01:12 AM",38.8431
"2012-01-02:12 AM",25.968
"2012-01-03:12 AM",19.2684
"2012-01-04:12 AM",22.3525
"2012-01-05:12 AM",31.4937
"2012-01-06:12 AM",38.4334
"2012-01-07:12 AM",42.5647
"2012-01-08:12 AM",34.5092
"2012-01-09:12 AM",33.496
"2012-01-10:12 AM",33.6814
"2012-01-11:12 AM",36.8346
"2012-01-12:12 AM",41.9403
"2012-01-13:12 AM",20.6341
"2012-01-14:12 AM",21.0976
"2012-01-15:12 AM",20.0822
"2012-01-16:12 AM",30.9808
"2012-01-17:12 AM",46.2702
"2012-01-18:12 AM",27.8607
"2012-01-19:12 AM",29.2905
"2012-01-20:12 AM",29.5421
"2012-01-21:12 AM",31.8985
"2012-01-22:12 AM",31.3864
"2012-01-23:12 AM",40.8299
"2012-01-24:12 AM",39.9636
"2012-01-25:12 AM",36.4145
"2012-01-26:12 AM",46.0674
"2012-01-27:12 AM",42.9863
"2012-01-28:12 AM",34.3107
"2012-01-29:12 AM",31.6548
"2012-01-30:12 AM",31.7752
"2012-01-31:12 AM",42.5098
"2012-02-01:12 AM",47.1105
"2012-02-02:12 AM",43.6807
"2012-02-03:12 AM",37.2382
"2012-02-04:12 AM",37.2049
"2012-02-05:12 AM",35.2515
"2012-02-06:12 AM",33.3702
"2012-02-07:12 AM",33.8781
"2012-02-08:12 AM",32.2718
"2012-02-09:12 AM",27.1351
"2012-02-10:12 AM",28.7272
"2012-02-11:12 AM",23.1215
"2012-02-12:12 AM",16.2649
"2012-02-13:12 AM",22.3405
"2012-02-14:12 AM",33.5566
"2012-02-15:12 AM",35.4616
"2012-02-16:12 AM",41.0157
"2012-02-17:12 AM",36.7329
"2012-02-18:12 AM",37.5948
"2012-02-19:12 AM",32.8779
"2012-02-20:12 AM",29.068
"2012-02-21:12 AM",34.5119
"2012-02-22:12 AM",43.8202
"2012-02-23:12 AM",47.9097
"2012-02-24:12 AM",47.4053
"2012-02-25:12 AM",28.2272
"2012-02-26:12 AM",30.0506
"2012-02-27:12 AM",39.8592
"2012-02-28:12 AM",38.466
"2012-02-29:12 AM",50.4873
"2012-03-01:12 AM",46.4754
"2012-03-02:12 AM",44.271
"2012-03-03:12 AM",41.5049
"2012-03-04:12 AM",30.6345
"2012-03-05:12 AM",28.9207
"2012-03-06:12 AM",30.8165
"2012-03-07:12 AM",43.288
"2012-03-08:12 AM",52.2763
"2012-03-09:12 AM",38.1549
"2012-03-10:12 AM",33.3856
"2012-03-11:12 AM",41.8264
"2012-03-12:12 AM",49.503
"2012-03-13:12 AM",56.853
"2012-03-14:12 AM",56.9086
"2012-03-15:12 AM",58.4193
"2012-03-16:12 AM",57.7054
"2012-03-17:12 AM",58.0356
"2012-03-18:12 AM",59.3787
"2012-03-19:12 AM",59.9902
"2012-03-20:12 AM",63.5531
"2012-03-21:12 AM",63.0538
"2012-03-22:12 AM",63.6694
"2012-03-23:12 AM",64.1934
"2012-03-24:12 AM",60.5125
"2012-03-25:12 AM",53.6468
"2012-03-26:12 AM",46.4086
"2012-03-27:12 AM",40.7327
"2012-03-28:12 AM",57.3579
"2012-03-29:12 AM",50.4396
"2012-03-30:12 AM",51.8283
"2012-03-31:12 AM",52.7014
"2012-04-01:12 AM",51.1302
"2012-04-02:12 AM",50.9106
"2012-04-03:12 AM",53.4555
"2012-04-04:12 AM",58.1578
"2012-04-05:12 AM",45.8987
"2012-04-06:12 AM",42.3918
"2012-04-07:12 AM",41.7124
"2012-04-08:12 AM",47.4505
"2012-04-09:12 AM",46.5609
"2012-04-10:12 AM",44.2292
"2012-04-11:12 AM",35.8997
"2012-04-12:12 AM",39.3535
"2012-04-13:12 AM",46.2787
"2012-04-14:12 AM",53.2114
"2012-04-15:12 AM",63.1108
"2012-04-16:12 AM",66.2882
"2012-04-17:12 AM",54.0489
"2012-04-18:12 AM",48.8147
"2012-04-19:12 AM",52.3087
"2012-04-20:12 AM",57.2913
"2012-04-21:12 AM",53.2155
"2012-04-22:12 AM",42.2537
"2012-04-23:12 AM",37.5091
"2012-04-24:12 AM",41.0958
"2012-04-25:12 AM",48.3688
"2012-04-26:12 AM",57.2992
"2012-04-27:12 AM",47.4255
"2012-04-28:12 AM",50.0464
"2012-04-29:12 AM",53.7489
"2012-04-30:12 AM",63.064
"2012-05-01:12 AM",65.9638
"2012-05-02:12 AM",68.2794
"2012-05-03:12 AM",70.3148
"2012-05-04:12 AM",67.3988
"2012-05-05:12 AM",64.1917
"2012-05-06:12 AM",64.2722
"2012-05-07:12 AM",64.6309
"2012-05-08:12 AM",62.1786
"2012-05-09:12 AM",56.5275
"2012-05-10:12 AM",50.9833
"2012-05-11:12 AM",50.0232
"2012-05-12:12 AM",55.1991
"2012-05-13:12 AM",58.9699
"2012-05-14:12 AM",58.8771
"2012-05-15:12 AM",59.3577
"2012-05-16:12 AM",61.9219
"2012-05-17:12 AM",58.0726
"2012-05-18:12 AM",62.1896
"2012-05-19:12 AM",63.4935
"2012-05-20:12 AM",65.6778
"2012-05-21:12 AM",65.1855
"2012-05-22:12 AM",62.5069
"2012-05-23:12 AM",63.828
"2012-05-24:12 AM",66.3231
"2012-05-25:12 AM",71.0337
"2012-05-26:12 AM",74.0791
"2012-05-27:12 AM",74.8004
"2012-05-28:12 AM",74.5045
"2012-05-29:12 AM",71.8041
"2012-05-30:12 AM",69.5338
"2012-05-31:12 AM",65.509
"2012-06-01:12 AM",62.3282
"2012-06-02:12 AM",57.1251
"2012-06-03:12 AM",59.9734
"2012-06-04:12 AM",62.7069
"2012-06-05:12 AM",55.7384
"2012-06-06:12 AM",57.5499
"2012-06-07:12 AM",59.9007
"2012-06-08:12 AM",63.2431
"2012-06-09:12 AM",66.9841
"2012-06-10:12 AM",69.5662
"2012-06-11:12 AM",67.4451
"2012-06-12:12 AM",69.6384
"2012-06-13:12 AM",65.2791
"2012-06-14:12 AM",64.2488
"2012-06-15:12 AM",68.0446
"2012-06-16:12 AM",67.2487
"2012-06-17:12 AM",66.279
"2012-06-18:12 AM",68.0895
"2012-06-19:12 AM",74.428
"2012-06-20:12 AM",76.244
"2012-06-21:12 AM",76.1106
"2012-06-22:12 AM",74.6087
"2012-06-23:12 AM",69.7705
"2012-06-24:12 AM",70.5643
"2012-06-25:12 AM",68.0338
"2012-06-26:12 AM",59.9236
"2012-06-27:12 AM",63.9833
"2012-06-28:12 AM",74.0255
"2012-06-29:12 AM",82.3172
"2012-06-30:12 AM",80.0325
"2012-07-01:12 AM",79.237
"2012-07-02:12 AM",75.5478
"2012-07-03:12 AM",76.8054
"2012-07-04:12 AM",78.4735
"2012-07-05:12 AM",78.1486
"2012-07-06:12 AM",78.2955
"2012-07-07:12 AM",81.0745
"2012-07-08:12 AM",81.4779
"2012-07-09:12 AM",73.8235
"2012-07-10:12 AM",71.6473
"2012-07-11:12 AM",71.1905
"2012-07-12:12 AM",70.3654
"2012-07-13:12 AM",63.5209
"2012-07-14:12 AM",69.8927
"2012-07-15:12 AM",73.9107
"2012-07-16:12 AM",75.8273
"2012-07-17:12 AM",78.1385
"2012-07-18:12 AM",78.607
"2012-07-19:12 AM",76.2399
"2012-07-20:12 AM",74.0844
"2012-07-21:12 AM",68.5292
"2012-07-22:12 AM",70.8102
"2012-07-23:12 AM",75.1104
"2012-07-24:12 AM",74.2969
"2012-07-25:12 AM",72.5538
"2012-07-26:12 AM",81.5572
"2012-07-27:12 AM",77.2776
"2012-07-28:12 AM",72.8751
"2012-07-29:12 AM",69.4866
"2012-07-30:12 AM",71.0843
"2012-07-31:12 AM",72.7495
"2012-08-01:12 AM",72.7394
"2012-08-02:12 AM",73.3109
"2012-08-03:12 AM",73.8246
"2012-08-04:12 AM",77.1294
"2012-08-05:12 AM",75.2896
"2012-08-06:12 AM",72.5972
"2012-08-07:12 AM",71.4501
"2012-08-08:12 AM",72.2475
"2012-08-09:12 AM",74.6971
"2012-08-10:12 AM",71.521
"2012-08-11:12 AM",65.8764
"2012-08-12:12 AM",63.5913
"2012-08-13:12 AM",66.4441
"2012-08-14:12 AM",69.1439
"2012-08-15:12 AM",65.7889
"2012-08-16:12 AM",66.6621
"2012-08-17:12 AM",68.1325
"2012-08-18:12 AM",63.8263
"2012-08-19:12 AM",63.536
"2012-08-20:12 AM",62.7177
"2012-08-21:12 AM",61.5924
"2012-08-22:12 AM",64.0153
"2012-08-23:12 AM",66.5037
"2012-08-24:12 AM",68.0637
"2012-08-25:12 AM",68.1386
"2012-08-26:12 AM",66.8795
"2012-08-27:12 AM",71.2216
"2012-08-28:12 AM",71.1108
"2012-08-29:12 AM",64.5436
"2012-08-30:12 AM",63.9934
"2012-08-31:12 AM",72.8965
"2012-09-01:12 AM",74.2032
"2012-09-02:12 AM",74.0228
"2012-09-03:12 AM",72.7363
"2012-09-04:12 AM",71.44
"2012-09-05:12 AM",71.906
"2012-09-06:12 AM",71.8736
"2012-09-07:12 AM",70.7317
"2012-09-08:12 AM",64.5525
"2012-09-09:12 AM",58.096
"2012-09-10:12 AM",53.8056
"2012-09-11:12 AM",53.3683
"2012-09-12:12 AM",60.5941
"2012-09-13:12 AM",62.8813
"2012-09-14:12 AM",63.6568
"2012-09-15:12 AM",57.9168
"2012-09-16:12 AM",56.5174
"2012-09-17:12 AM",59.7499
"2012-09-18:12 AM",61.9065
"2012-09-19:12 AM",51.0064
"2012-09-20:12 AM",54.3083
"2012-09-21:12 AM",61.8447
"2012-09-22:12 AM",63.9725
"2012-09-23:12 AM",47.2433
"2012-09-24:12 AM",46.3618
"2012-09-25:12 AM",55.6169
"2012-09-26:12 AM",64.4594
"2012-09-27:12 AM",64.5773
"2012-09-28:12 AM",60.2501
"2012-09-29:12 AM",53.3185
"2012-09-30:12 AM",50.7922
"2012-10-01:12 AM",52.6492
"2012-10-02:12 AM",62.5707
"2012-10-03:12 AM",63.6751
"2012-10-04:12 AM",61.8508
"2012-10-05:12 AM",60.0854
"2012-10-06:12 AM",51.2436
"2012-10-07:12 AM",40.9699
"2012-10-08:12 AM",39.0765
"2012-10-09:12 AM",41.1705
"2012-10-10:12 AM",46.996
"2012-10-11:12 AM",40.361
"2012-10-12:12 AM",43.4829
"2012-10-13:12 AM",46.6338
"2012-10-14:12 AM",59.2189
"2012-10-15:12 AM",54.1947
"2012-10-16:12 AM",45.0279
"2012-10-17:12 AM",50.8055
"2012-10-18:12 AM",52.5641
"2012-10-19:12 AM",51.4137
"2012-10-20:12 AM",46.5633
"2012-10-21:12 AM",44.1235
"2012-10-22:12 AM",51.0649
"2012-10-23:12 AM",59.3361
"2012-10-24:12 AM",60.2042
"2012-10-25:12 AM",60.5397
"2012-10-26:12 AM",60.1309
"2012-10-27:12 AM",52.0344
"2012-10-28:12 AM",44.2998
"2012-10-29:12 AM",36.3436
"2012-10-30:12 AM",31.7158
"2012-10-31:12 AM",35.186
"2012-11-01:12 AM",36.952
"2012-11-02:12 AM",37.0956
"2012-11-03:12 AM",36.4066
"2012-11-04:12 AM",37.5692
"2012-11-05:12 AM",32.623
"2012-11-06:12 AM",34.0956
"2012-11-07:12 AM",34.8219
"2012-11-08:12 AM",32.086
"2012-11-09:12 AM",35.764
"2012-11-10:12 AM",45.3997
"2012-11-11:12 AM",50.9985
"2012-11-12:12 AM",53.548
"2012-11-13:12 AM",33.8495
"2012-11-14:12 AM",32.4507
"2012-11-15:12 AM",34.2034
"2012-11-16:12 AM",33.2775
"2012-11-17:12 AM",35.9202
"2012-11-18:12 AM",37.4007
"2012-11-19:12 AM",38.6676
"2012-11-20:12 AM",40.5216
"2012-11-21:12 AM",39.5676
"2012-11-22:12 AM",39.7211
"2012-11-23:12 AM",43.0882
"2012-11-24:12 AM",27.9885
"2012-11-25:12 AM",29.4485
"2012-11-26:12 AM",35.6958
"2012-11-27:12 AM",36.8051
"2012-11-28:12 AM",31.0282
"2012-11-29:12 AM",31.9069
"2012-11-30:12 AM",37.4626
"2012-12-01:12 AM",42.4713
"2012-12-02:12 AM",50.3521
"2012-12-03:12 AM",54.5065
"2012-12-04:12 AM",56.0266
"2012-12-05:12 AM",44.3478
"2012-12-06:12 AM",36.3297
"2012-12-07:12 AM",45.7713
"2012-12-08:12 AM",52.133
"2012-12-09:12 AM",52.745
"2012-12-10:12 AM",51.424
"2012-12-11:12 AM",33.688
"2012-12-12:12 AM",29.8632
"2012-12-13:12 AM",30.9997
"2012-12-14:12 AM",32.7205
"2012-12-15:12 AM",39.6093
"2012-12-16:12 AM",46.1818
"2012-12-17:12 AM",48.414
"2012-12-18:12 AM",41.0445
"2012-12-19:12 AM",39.0135
"2012-12-20:12 AM",39.8478
"2012-12-21:12 AM",27.9345
"2012-12-22:12 AM",25.0191
"2012-12-23:12 AM",28.4841
"2012-12-24:12 AM",34.6665
"2012-12-25:12 AM",35.9514
"2012-12-26:12 AM",33.5082
"2012-12-27:12 AM",27.4086
"2012-12-28:12 AM",29.2989
"2012-12-29:12 AM",30.7299
"2012-12-30:12 AM",23.4577
"2012-12-31:12 AM",26.8803
"2013-01-01:12 AM",31.5426
"2013-01-02:12 AM",24.5347
"2013-01-03:12 AM",24.5853
"2013-01-04:12 AM",26.103
"2013-01-05:12 AM",28.6491
"2013-01-06:12 AM",32.054
"2013-01-07:12 AM",27.8587
"2013-01-08:12 AM",32.0502
"2013-01-09:12 AM",38.8994
"2013-01-10:12 AM",38.8486
"2013-01-11:12 AM",45.9988
"2013-01-12:12 AM",55.2634
"2013-01-13:12 AM",56.57
"2013-01-14:12 AM",43.6606
"2013-01-15:12 AM",34.4143
"2013-01-16:12 AM",36.4874
"2013-01-17:12 AM",32.907
"2013-01-18:12 AM",26.7001
"2013-01-19:12 AM",35.4277
"2013-01-20:12 AM",33.6072
"2013-01-21:12 AM",26.8788
"2013-01-22:12 AM",11.7167
"2013-01-23:12 AM",13.6161
"2013-01-24:12 AM",17.3064
"2013-01-25:12 AM",17.7021
"2013-01-26:12 AM",22.4973
"2013-01-27:12 AM",22.0708
"2013-01-28:12 AM",38.9143
"2013-01-29:12 AM",51.5232
"2013-01-30:12 AM",57.4983
"2013-01-31:12 AM",29.6622
"2013-02-01:12 AM",15.0013
"2013-02-02:12 AM",16.9349
"2013-02-03:12 AM",23.7105
"2013-02-04:12 AM",22.134
"2013-02-05:12 AM",33.1641
"2013-02-06:12 AM",30.0056
"2013-02-07:12 AM",32.2893
"2013-02-08:12 AM",31.9872
"2013-02-09:12 AM",24.6022
"2013-02-10:12 AM",33.9825
"2013-02-11:12 AM",42.2501
"2013-02-12:12 AM",35.5339
"2013-02-13:12 AM",34.434
"2013-02-14:12 AM",32.4482
"2013-02-15:12 AM",35.2355
"2013-02-16:12 AM",27.1663
"2013-02-17:12 AM",19.0422
"2013-02-18:12 AM",26.7541
"2013-02-19:12 AM",33.3898
"2013-02-20:12 AM",22.7579
"2013-02-21:12 AM",23.7087
"2013-02-22:12 AM",32.6106
"2013-02-23:12 AM",36.2473
"2013-02-24:12 AM",32.8683
"2013-02-25:12 AM",30.2549
"2013-02-26:12 AM",34.9651
"2013-02-27:12 AM",36.6994
"2013-02-28:12 AM",31.246
"2013-03-01:12 AM",30.4194
"2013-03-02:12 AM",26.8637
"2013-03-03:12 AM",24.7384
"2013-03-04:12 AM",23.9493
"2013-03-05:12 AM",34.1542
"2013-03-06:12 AM",30.2351
"2013-03-07:12 AM",30.5811
"2013-03-08:12 AM",29.5486
"2013-03-09:12 AM",33.5689
"2013-03-10:12 AM",44.4218
"2013-03-11:12 AM",47.6062
"2013-03-12:12 AM",39.7747
"2013-03-13:12 AM",30.7155
"2013-03-14:12 AM",27.5007
"2013-03-15:12 AM",34.9565
"2013-03-16:12 AM",44.6459
"2013-03-17:12 AM",36.918
"2013-03-18:12 AM",36.0702
"2013-03-19:12 AM",36.8508
"2013-03-20:12 AM",31.712
"2013-03-21:12 AM",22.6989
"2013-03-22:12 AM",24.2919
"2013-03-23:12 AM",30.4245
"2013-03-24:12 AM",32.6896
"2013-03-25:12 AM",30.5614
"2013-03-26:12 AM",31.2919
"2013-03-27:12 AM",30.1271
"2013-03-28:12 AM",31.8497
"2013-03-29:12 AM",35.0888
"2013-03-30:12 AM",38.4579
"2013-03-31:12 AM",42.8104
"2013-04-01:12 AM",40.0291
"2013-04-02:12 AM",31.2327
"2013-04-03:12 AM",31.7376
"2013-04-04:12 AM",34.2181
"2013-04-05:12 AM",40.039
"2013-04-06:12 AM",42.1705
"2013-04-07:12 AM",51.334
"2013-04-08:12 AM",57.4565
"2013-04-09:12 AM",62.9719
"2013-04-10:12 AM",65.8834
"2013-04-11:12 AM",65.4197
"2013-04-12:12 AM",55.0423
"2013-04-13:12 AM",44.9701
"2013-04-14:12 AM",50.3825
"2013-04-15:12 AM",54.8722
"2013-04-16:12 AM",61.344
"2013-04-17:12 AM",63.6687
"2013-04-18:12 AM",65.662
"2013-04-19:12 AM",55.6759
"2013-04-20:12 AM",40.5873
"2013-04-21:12 AM",40.9372
"2013-04-22:12 AM",46.5712
"2013-04-23:12 AM",50.2014
"2013-04-24:12 AM",55.2488
"2013-04-25:12 AM",44.0418
"2013-04-26:12 AM",46.9229
"2013-04-27:12 AM",53.7573
"2013-04-28:12 AM",52.7065
"2013-04-29:12 AM",53.098
"2013-04-30:12 AM",57.2509
"2013-05-01:12 AM",59.2111
"2013-05-02:12 AM",58.5217
"2013-05-03:12 AM",56.4688
"2013-05-04:12 AM",53.4186
"2013-05-05:12 AM",52.3233
"2013-05-06:12 AM",52.5772
"2013-05-07:12 AM",56.0894
"2013-05-08:12 AM",54.4624
"2013-05-09:12 AM",58.9021
"2013-05-10:12 AM",62.8822
"2013-05-11:12 AM",57.6363
"2013-05-12:12 AM",47.6415
"2013-05-13:12 AM",42.5768
"2013-05-14:12 AM",49.3093
"2013-05-15:12 AM",67.0804
"2013-05-16:12 AM",65.9349
"2013-05-17:12 AM",66.3739
"2013-05-18:12 AM",65.0212
"2013-05-19:12 AM",65.0491
"2013-05-20:12 AM",68.5261
"2013-05-21:12 AM",72.4906
"2013-05-22:12 AM",72.127
"2013-05-23:12 AM",65.3016
"2013-05-24:12 AM",47.6947
"2013-05-25:12 AM",45.4041
"2013-05-26:12 AM",50.1319
"2013-05-27:12 AM",54.4537
"2013-05-28:12 AM",66.6054
"2013-05-29:12 AM",70.8271
"2013-05-30:12 AM",72.2413
"2013-05-31:12 AM",71.9575
"2013-06-01:12 AM",73.143
"2013-06-02:12 AM",67.5585
"2013-06-03:12 AM",62.9107
"2013-06-04:12 AM",60.5318
"2013-06-05:12 AM",65.2793
"2013-06-06:12 AM",63.9579
"2013-06-07:12 AM",62.4951
"2013-06-08:12 AM",63.633
"2013-06-09:12 AM",68.4169
"2013-06-10:12 AM",66.6928
"2013-06-11:12 AM",65.8659
"2013-06-12:12 AM",73.2438
"2013-06-13:12 AM",70.2662
"2013-06-14:12 AM",62.4994
"2013-06-15:12 AM",63.5126
"2013-06-16:12 AM",67.678
"2013-06-17:12 AM",69.0305
"2013-06-18:12 AM",65.8929
"2013-06-19:12 AM",65.9106
"2013-06-20:12 AM",66.385
"2013-06-21:12 AM",69.8139
"2013-06-22:12 AM",71.5339
"2013-06-23:12 AM",72.419
"2013-06-24:12 AM",71.9465
"2013-06-25:12 AM",75.0594
"2013-06-26:12 AM",73.3429
"2013-06-27:12 AM",69.3572
"2013-06-28:12 AM",71.9397
"2013-06-29:12 AM",68.9218
"2013-06-30:12 AM",69.9757
"2013-07-01:12 AM",70.9275
"2013-07-02:12 AM",71.3167
"2013-07-03:12 AM",70.4824
"2013-07-04:12 AM",72.3718
"2013-07-05:12 AM",72.784
"2013-07-06:12 AM",74.6595
"2013-07-07:12 AM",68.9196
"2013-07-08:12 AM",70.9815
"2013-07-09:12 AM",72.9945
"2013-07-10:12 AM",73.9033
"2013-07-11:12 AM",69.757
"2013-07-12:12 AM",63.5279
"2013-07-13:12 AM",69.2479
"2013-07-14:12 AM",74.6161
"2013-07-15:12 AM",75.4876
"2013-07-16:12 AM",75.8529
"2013-07-17:12 AM",76.0966
"2013-07-18:12 AM",78.3351
"2013-07-19:12 AM",77.3913
"2013-07-20:12 AM",76.6218
"2013-07-21:12 AM",71.9217
"2013-07-22:12 AM",69.9564
"2013-07-23:12 AM",71.422
"2013-07-24:12 AM",67.2645
"2013-07-25:12 AM",63.4314
"2013-07-26:12 AM",63.7808
"2013-07-27:12 AM",66.0276
"2013-07-28:12 AM",67.0951
"2013-07-29:12 AM",60.5646
"2013-07-30:12 AM",64.4837
"2013-07-31:12 AM",63.1587
"2013-08-01:12 AM",65.7729
"2013-08-02:12 AM",67.1776
"2013-08-03:12 AM",69.093
"2013-08-04:12 AM",63.9039
"2013-08-05:12 AM",62.7778
"2013-08-06:12 AM",67.9948
"2013-08-07:12 AM",69.3957
"2013-08-08:12 AM",70.2599
"2013-08-09:12 AM",71.4411
"2013-08-10:12 AM",72.4449
"2013-08-11:12 AM",68.7967
"2013-08-12:12 AM",71.7359
"2013-08-13:12 AM",69.5469
"2013-08-14:12 AM",59.0274
"2013-08-15:12 AM",57.3246
"2013-08-16:12 AM",61.8202
"2013-08-17:12 AM",62.4465
"2013-08-18:12 AM",63.577
"2013-08-19:12 AM",65.905
"2013-08-20:12 AM",66.7755
"2013-08-21:12 AM",67.3986
"2013-08-22:12 AM",69.4132
"2013-08-23:12 AM",67.1322
"2013-08-24:12 AM",64.2949
"2013-08-25:12 AM",63.6327
"2013-08-26:12 AM",66.3721
"2013-08-27:12 AM",71.5741
"2013-08-28:12 AM",71.3689
"2013-08-29:12 AM",71.7831
"2013-08-30:12 AM",70.7716
"2013-08-31:12 AM",72.9997
"2013-09-01:12 AM",69.206
"2013-09-02:12 AM",70.8507
"2013-09-03:12 AM",65.8486
"2013-09-04:12 AM",58.9984
"2013-09-05:12 AM",62.2756
"2013-09-06:12 AM",57.5746
"2013-09-07:12 AM",58.2953
"2013-09-08:12 AM",67.431
"2013-09-09:12 AM",69.7307
"2013-09-10:12 AM",73.6237
"2013-09-11:12 AM",72.5734
"2013-09-12:12 AM",71.7886
"2013-09-13:12 AM",59.1044
"2013-09-14:12 AM",50.5026
"2013-09-15:12 AM",53.6727
"2013-09-16:12 AM",59.8435
"2013-09-17:12 AM",56.2141
"2013-09-18:12 AM",54.6489
"2013-09-19:12 AM",61.2556
"2013-09-20:12 AM",65.9152
"2013-09-21:12 AM",62.1063
"2013-09-22:12 AM",53.1523
"2013-09-23:12 AM",48.4126
"2013-09-24:12 AM",50.0326
"2013-09-25:12 AM",54.435
"2013-09-26:12 AM",55.7033
"2013-09-27:12 AM",54.8629
"2013-09-28:12 AM",56.9941
"2013-09-29:12 AM",55.1127
"2013-09-30:12 AM",57.6669
"2013-10-01:12 AM",60.3635
"2013-10-02:12 AM",61.7455
"2013-10-03:12 AM",62.814
"2013-10-04:12 AM",65.5432
"2013-10-05:12 AM",66.5818
"2013-10-06:12 AM",69.7494
"2013-10-07:12 AM",56.1461
"2013-10-08:12 AM",48.799
"2013-10-09:12 AM",50.1204
"2013-10-10:12 AM",53.5827
"2013-10-11:12 AM",56.4539
"2013-10-12:12 AM",58.6018
"2013-10-13:12 AM",59.5677
"2013-10-14:12 AM",59.9833
"2013-10-15:12 AM",57.8507
"2013-10-16:12 AM",58.1779
"2013-10-17:12 AM",56.4942
"2013-10-18:12 AM",47.1704
"2013-10-19:12 AM",46.1813
"2013-10-20:12 AM",41.4878
"2013-10-21:12 AM",47.2379
"2013-10-22:12 AM",44.7503
"2013-10-23:12 AM",36.9662
"2013-10-24:12 AM",34.7461
"2013-10-25:12 AM",32.9351
"2013-10-26:12 AM",35.915
"2013-10-27:12 AM",40.5327
"2013-10-28:12 AM",45.4093
"2013-10-29:12 AM",47.4762
"2013-10-30:12 AM",54.3573
"2013-10-31:12 AM",59.2693
"2013-11-01:12 AM",55.9895
"2013-11-02:12 AM",46.7803
"2013-11-03:12 AM",40.1722
"2013-11-04:12 AM",37.805
"2013-11-05:12 AM",42.7316
"2013-11-06:12 AM",51.9532
"2013-11-07:12 AM",46.2735
"2013-11-08:12 AM",33.9215
"2013-11-09:12 AM",39.4111
"2013-11-10:12 AM",40.8895
"2013-11-11:12 AM",39.2286
"2013-11-12:12 AM",32.8176
"2013-11-13:12 AM",23.0799
"2013-11-14:12 AM",31.0622
"2013-11-15:12 AM",38.7059
"2013-11-16:12 AM",46.9931
"2013-11-17:12 AM",53.5683
"2013-11-18:12 AM",47.8542
"2013-11-19:12 AM",34.3891
"2013-11-20:12 AM",33.7381
"2013-11-21:12 AM",39.0171
"2013-11-22:12 AM",50.4131
"2013-11-23:12 AM",35.3817
"2013-11-24:12 AM",19.0922
"2013-11-25:12 AM",25.8048
"2013-11-26:12 AM",33.0894
"2013-11-27:12 AM",26.9357
"2013-11-28:12 AM",21.2859
"2013-11-29:12 AM",23.6106
"2013-11-30:12 AM",29.0001
"2013-12-01:12 AM",34.1928
"2013-12-02:12 AM",38.829
"2013-12-03:12 AM",42.4144
"2013-12-04:12 AM",48.1741
"2013-12-05:12 AM",55.7497
"2013-12-06:12 AM",41.4907
"2013-12-07:12 AM",29.2591
"2013-12-08:12 AM",26.6126
"2013-12-09:12 AM",34.4876
"2013-12-10:12 AM",26.305
"2013-12-11:12 AM",23.3766
"2013-12-12:12 AM",19.4013
"2013-12-13:12 AM",25.437
"2013-12-14:12 AM",32.7375
"2013-12-15:12 AM",29.9055
"2013-12-16:12 AM",28.9531
"2013-12-17:12 AM",33.8353
"2013-12-18:12 AM",26.5966
"2013-12-19:12 AM",36.81
"2013-12-20:12 AM",44.0796
"2013-12-21:12 AM",55.805
"2013-12-22:12 AM",57.9045
"2013-12-23:12 AM",41.2054
"2013-12-24:12 AM",24.3154
"2013-12-25:12 AM",22.1641
"2013-12-26:12 AM",28.378
"2013-12-27:12 AM",29.9242
"2013-12-28:12 AM",35.0686
"2013-12-29:12 AM",37.168
"2013-12-30:12 AM",31.3129
"2013-12-31:12 AM",26.3727
"2014-01-01:12 AM",30.9688
"2014-01-02:12 AM",30.4752
"2014-01-03:12 AM",10.8282
"2014-01-04:12 AM",19.8394
"2014-01-05:12 AM",34.0693
"2014-01-06:12 AM",16.677
"2014-01-07:12 AM",-1.3965
"2014-01-08:12 AM",14.1418
"2014-01-09:12 AM",26.8891
"2014-01-10:12 AM",35.9362
"2014-01-11:12 AM",43.8244
"2014-01-12:12 AM",33.9217
"2014-01-13:12 AM",39.8935
"2014-01-14:12 AM",39.3332
"2014-01-15:12 AM",31.1941
"2014-01-16:12 AM",26.0998
"2014-01-17:12 AM",31.3318
"2014-01-18:12 AM",17.8565
"2014-01-19:12 AM",27.1706
"2014-01-20:12 AM",31.0062
"2014-01-21:12 AM",23.8854
"2014-01-22:12 AM",5.8249
"2014-01-23:12 AM",8.6297
"2014-01-24:12 AM",5.029
"2014-01-25:12 AM",18.7965
"2014-01-26:12 AM",19.378
"2014-01-27:12 AM",23.2857
"2014-01-28:12 AM",6.579
"2014-01-29:12 AM",5.1082
"2014-01-30:12 AM",14.5296
"2014-01-31:12 AM",27.5904
"2014-02-01:12 AM",35.3491
"2014-02-02:12 AM",37.8664
"2014-02-03:12 AM",29.5308
"2014-02-04:12 AM",29.3356
"2014-02-05:12 AM",31.4377
"2014-02-06:12 AM",22.6089
"2014-02-07:12 AM",20.5452
"2014-02-08:12 AM",20.5678
"2014-02-09:12 AM",27.081
"2014-02-10:12 AM",19.0294
"2014-02-11:12 AM",13.4227
"2014-02-12:12 AM",19.7157
"2014-02-13:12 AM",26.1298
"2014-02-14:12 AM",29.0174
"2014-02-15:12 AM",24.7779
"2014-02-16:12 AM",22.3147
"2014-02-17:12 AM",21.7315
"2014-02-18:12 AM",33.9255
"2014-02-19:12 AM",40.2105
"2014-02-20:12 AM",40.8362
"2014-02-21:12 AM",43.3708
"2014-02-22:12 AM",37.9686
"2014-02-23:12 AM",40.0278
"2014-02-24:12 AM",27.4584
"2014-02-25:12 AM",25.9948
"2014-02-26:12 AM",20.3081
"2014-02-27:12 AM",17.6328
"2014-02-28:12 AM",17.092
"2014-03-01:12 AM",32.724
"2014-03-02:12 AM",36.3506
"2014-03-03:12 AM",14.5917
"2014-03-04:12 AM",16.9079
"2014-03-05:12 AM",25.3386
"2014-03-06:12 AM",30.0646
"2014-03-07:12 AM",33.0193
"2014-03-08:12 AM",39.1201
"2014-03-09:12 AM",34.3551
"2014-03-10:12 AM",40.6875
"2014-03-11:12 AM",49.0663
"2014-03-12:12 AM",45.3898
"2014-03-13:12 AM",21.0169
"2014-03-14:12 AM",36.5925
"2014-03-15:12 AM",42.606
"2014-03-16:12 AM",33.9989
"2014-03-17:12 AM",28.6398
"2014-03-18:12 AM",32.796
"2014-03-19:12 AM",42.3088
"2014-03-20:12 AM",38.6121
"2014-03-21:12 AM",42.0867
"2014-03-22:12 AM",46.2405
"2014-03-23:12 AM",34.644
"2014-03-24:12 AM",25.9378
"2014-03-25:12 AM",28.1755
"2014-03-26:12 AM",21.9871
"2014-03-27:12 AM",34.1404
"2014-03-28:12 AM",47.5498
"2014-03-29:12 AM",47.1724
"2014-03-30:12 AM",32.4019
"2014-03-31:12 AM",36.9799
"2014-04-01:12 AM",50.8809
"2014-04-02:12 AM",53.364
"2014-04-03:12 AM",56.8823
"2014-04-04:12 AM",57.0187
"2014-04-05:12 AM",38.2656
"2014-04-06:12 AM",41.2047
"2014-04-07:12 AM",46.5804
"2014-04-08:12 AM",46.3962
"2014-04-09:12 AM",43.1604
"2014-04-10:12 AM",49.6056
"2014-04-11:12 AM",55.8946
"2014-04-12:12 AM",57.3715
"2014-04-13:12 AM",63.1058
"2014-04-14:12 AM",61.5321
"2014-04-15:12 AM",41.9317
"2014-04-16:12 AM",33.4164
"2014-04-17:12 AM",41.7817
"2014-04-18:12 AM",46.8703
"2014-04-19:12 AM",51.6358
"2014-04-20:12 AM",51.2767
"2014-04-21:12 AM",55.5462
"2014-04-22:12 AM",57.5224
"2014-04-23:12 AM",44.2065
"2014-04-24:12 AM",45.9637
"2014-04-25:12 AM",52.7945
"2014-04-26:12 AM",54.5841
"2014-04-27:12 AM",54.0347
"2014-04-28:12 AM",55.2583
"2014-04-29:12 AM",53.5233
"2014-04-30:12 AM",56.4935
"2014-05-01:12 AM",52.1436
"2014-05-02:12 AM",49.406
"2014-05-03:12 AM",52.0968
"2014-05-04:12 AM",54.174
"2014-05-05:12 AM",49.1445
"2014-05-06:12 AM",55.3723
"2014-05-07:12 AM",62.7541
"2014-05-08:12 AM",67.5648
"2014-05-09:12 AM",68.3062
"2014-05-10:12 AM",63.3306
"2014-05-11:12 AM",63.6935
"2014-05-12:12 AM",65.6526
"2014-05-13:12 AM",72.4444
"2014-05-14:12 AM",70.0102
"2014-05-15:12 AM",60.3684
"2014-05-16:12 AM",49.9624
"2014-05-17:12 AM",46.7942
"2014-05-18:12 AM",47.7577
"2014-05-19:12 AM",49.8663
"2014-05-20:12 AM",58.9028
"2014-05-21:12 AM",67.2235
"2014-05-22:12 AM",64.9828
"2014-05-23:12 AM",59.2689
"2014-05-24:12 AM",55.8426
"2014-05-25:12 AM",60.0832
"2014-05-26:12 AM",65.6013
"2014-05-27:12 AM",70.4604
"2014-05-28:12 AM",70.0428
"2014-05-29:12 AM",66.4318
"2014-05-30:12 AM",65.172
"2014-05-31:12 AM",65.3227
"2014-06-01:12 AM",65.2543
"2014-06-02:12 AM",66.245
"2014-06-03:12 AM",69.0607
"2014-06-04:12 AM",69.9759
"2014-06-05:12 AM",64.6894
"2014-06-06:12 AM",61.2034
"2014-06-07:12 AM",63.9801
"2014-06-08:12 AM",66.812
"2014-06-09:12 AM",63.8764
"2014-06-10:12 AM",66.8446
"2014-06-11:12 AM",71.5802
"2014-06-12:12 AM",68.7133
"2014-06-13:12 AM",66.7861
"2014-06-14:12 AM",60.8549
"2014-06-15:12 AM",64.7589
"2014-06-16:12 AM",73.1138
"2014-06-17:12 AM",75.4993
"2014-06-18:12 AM",77.3463
"2014-06-19:12 AM",73.4126
"2014-06-20:12 AM",70.9678
"2014-06-21:12 AM",69.3327
"2014-06-22:12 AM",69.0449
"2014-06-23:12 AM",72.9129
"2014-06-24:12 AM",74.0566
"2014-06-25:12 AM",69.9865
"2014-06-26:12 AM",71.3014
"2014-06-27:12 AM",71.4587
"2014-06-28:12 AM",72.3439
"2014-06-29:12 AM",70.0482
"2014-06-30:12 AM",72.6186
"2014-07-01:12 AM",77.4655
"2014-07-02:12 AM",76.62
"2014-07-03:12 AM",70.826
"2014-07-04:12 AM",63.9091
"2014-07-05:12 AM",62.9175
"2014-07-06:12 AM",67.1454
"2014-07-07:12 AM",73.4047
"2014-07-08:12 AM",76.3092
"2014-07-09:12 AM",72.097
"2014-07-10:12 AM",69.5617
"2014-07-11:12 AM",70.356
"2014-07-12:12 AM",72.2053
"2014-07-13:12 AM",75.4234
"2014-07-14:12 AM",71.9933
"2014-07-15:12 AM",68.8746
"2014-07-16:12 AM",61.1602
"2014-07-17:12 AM",61.5391
"2014-07-18:12 AM",62.2872
"2014-07-19:12 AM",63.7975
"2014-07-20:12 AM",67.3885
"2014-07-21:12 AM",71.5419
"2014-07-22:12 AM",74.9435
"2014-07-23:12 AM",76.2217
"2014-07-24:12 AM",66.3868
"2014-07-25:12 AM",64.4895
"2014-07-26:12 AM",70.9183
"2014-07-27:12 AM",74.1304
"2014-07-28:12 AM",64.3753
"2014-07-29:12 AM",59.4901
"2014-07-30:12 AM",60.9888
"2014-07-31:12 AM",65.6168
"2014-08-01:12 AM",65.4512
"2014-08-02:12 AM",66.2387
"2014-08-03:12 AM",65.3
"2014-08-04:12 AM",65.7181
"2014-08-05:12 AM",68.9778
"2014-08-06:12 AM",68.3427
"2014-08-07:12 AM",66.3409
"2014-08-08:12 AM",64.2443
"2014-08-09:12 AM",67.5745
"2014-08-10:12 AM",67.1022
"2014-08-11:12 AM",66.0904
"2014-08-12:12 AM",69.6564
"2014-08-13:12 AM",61.4007
"2014-08-14:12 AM",62.2279
"2014-08-15:12 AM",60.4944
"2014-08-16:12 AM",61.0903
"2014-08-17:12 AM",68.8402
"2014-08-18:12 AM",66.3899
"2014-08-19:12 AM",69.1909
"2014-08-20:12 AM",71.4756
"2014-08-21:12 AM",70.5349
"2014-08-22:12 AM",71.5302
"2014-08-23:12 AM",70.0471
"2014-08-24:12 AM",69.3556
"2014-08-25:12 AM",65.626
"2014-08-26:12 AM",64.7946
"2014-08-27:12 AM",68.4387
"2014-08-28:12 AM",67.505
"2014-08-29:12 AM",66.7429
"2014-08-30:12 AM",73.3685
"2014-08-31:12 AM",71.2859
"2014-09-01:12 AM",73.1721
"2014-09-02:12 AM",72.4581
"2014-09-03:12 AM",69.9748
"2014-09-04:12 AM",70.9282
"2014-09-05:12 AM",72.523
"2014-09-06:12 AM",72.4757
"2014-09-07:12 AM",63.3231
"2014-09-08:12 AM",62.5095
"2014-09-09:12 AM",65.233
"2014-09-10:12 AM",69.2292
"2014-09-11:12 AM",67.6533
"2014-09-12:12 AM",61.5961
"2014-09-13:12 AM",57.3327
"2014-09-14:12 AM",51.8297
"2014-09-15:12 AM",54.5617
"2014-09-16:12 AM",56.7563
"2014-09-17:12 AM",54.9513
"2014-09-18:12 AM",57.0025
"2014-09-19:12 AM",58.0919
"2014-09-20:12 AM",61.5209
"2014-09-21:12 AM",65.8324
"2014-09-22:12 AM",52.0772
"2014-09-23:12 AM",49.8893
"2014-09-24:12 AM",55.3818
"2014-09-25:12 AM",59.5515
"2014-09-26:12 AM",60.5334
"2014-09-27:12 AM",58.9046
"2014-09-28:12 AM",57.8638
"2014-09-29:12 AM",61.1712
"2014-09-30:12 AM",61.164
"2014-10-01:12 AM",58.4204
"2014-10-02:12 AM",59.2533
"2014-10-03:12 AM",60.9323
"2014-10-04:12 AM",47.1351
"2014-10-05:12 AM",41.7906
"2014-10-06:12 AM",53.4391
"2014-10-07:12 AM",58.212
"2014-10-08:12 AM",56.6557
"2014-10-09:12 AM",51.1077
"2014-10-10:12 AM",54.968
"2014-10-11:12 AM",52.8336
"2014-10-12:12 AM",50.7762
"2014-10-13:12 AM",60.2577
"2014-10-14:12 AM",65.2982
"2014-10-15:12 AM",58.4238
"2014-10-16:12 AM",52.0605
"2014-10-17:12 AM",56.1567
"2014-10-18:12 AM",49.6699
"2014-10-19:12 AM",42.2337
"2014-10-20:12 AM",45.1636
"2014-10-21:12 AM",48.317
"2014-10-22:12 AM",44.2621
"2014-10-23:12 AM",45.5763
"2014-10-24:12 AM",46.7839
"2014-10-25:12 AM",49.9122
"2014-10-26:12 AM",50.6174
"2014-10-27:12 AM",53.6923
"2014-10-28:12 AM",63.7752
"2014-10-29:12 AM",51.8711
"2014-10-30:12 AM",39.9839
"2014-10-31:12 AM",37.4646
"2014-11-01:12 AM",36.567
"2014-11-02:12 AM",32.4694
"2014-11-03:12 AM",38.7997
"2014-11-04:12 AM",49.3072
"2014-11-05:12 AM",49.4733
"2014-11-06:12 AM",48.7557
"2014-11-07:12 AM",37.0254
"2014-11-08:12 AM",38.019
"2014-11-09:12 AM",40.7862
"2014-11-10:12 AM",45.349
"2014-11-11:12 AM",49.4843
"2014-11-12:12 AM",42.33
"2014-11-13:12 AM",30.9358
"2014-11-14:12 AM",24.0069
"2014-11-15:12 AM",24.6164
"2014-11-16:12 AM",32.5422
"2014-11-17:12 AM",32.9101
"2014-11-18:12 AM",17.28
"2014-11-19:12 AM",24.5768
"2014-11-20:12 AM",29.4114
"2014-11-21:12 AM",23.8183
"2014-11-22:12 AM",35.4051
"2014-11-23:12 AM",45.7237
"2014-11-24:12 AM",53.8961
"2014-11-25:12 AM",42.1545
"2014-11-26:12 AM",35.5334
"2014-11-27:12 AM",30.6831
"2014-11-28:12 AM",23.3373
"2014-11-29:12 AM",33.3329
"2014-11-30:12 AM",48.8608
"2014-12-01:12 AM",49.2514
"2014-12-02:12 AM",38.3076
"2014-12-03:12 AM",41.121
"2014-12-04:12 AM",34.1935
"2014-12-05:12 AM",40.1191
"2014-12-06:12 AM",44.7363
"2014-12-07:12 AM",33.2391
"2014-12-08:12 AM",33.0958
"2014-12-09:12 AM",34.8098
"2014-12-10:12 AM",31.9771
"2014-12-11:12 AM",27.6406
"2014-12-12:12 AM",29.2993
"2014-12-13:12 AM",30.0506
"2014-12-14:12 AM",34.5463
"2014-12-15:12 AM",36.9838
"2014-12-16:12 AM",41.4639
"2014-12-17:12 AM",34.8791
"2014-12-18:12 AM",29.1807
"2014-12-19:12 AM",27.3744
"2014-12-20:12 AM",28.7316
"2014-12-21:12 AM",29.4553
"2014-12-22:12 AM",33.0384
"2014-12-23:12 AM",42.8175
"2014-12-24:12 AM",48.5866
"2014-12-25:12 AM",36.9473
"2014-12-26:12 AM",35.8066
"2014-12-27:12 AM",42.6061
"2014-12-28:12 AM",43.6285
"2014-12-29:12 AM",35.5489
"2014-12-30:12 AM",28.5544
"2014-12-31:12 AM",23.2741
"2015-01-01:12 AM",26.4434
"2015-01-02:12 AM",29.5356
"2015-01-03:12 AM",38.381
"2015-01-04:12 AM",46.483
"2015-01-05:12 AM",22.9269
"2015-01-06:12 AM",23.2507
"2015-01-07:12 AM",12.6313
"2015-01-08:12 AM",6.9366
"2015-01-09:12 AM",19.1237
"2015-01-10:12 AM",11.3283
"2015-01-11:12 AM",26.3075
"2015-01-12:12 AM",35.3172
"2015-01-13:12 AM",25.8336
"2015-01-14:12 AM",27.954
"2015-01-15:12 AM",26.8741
"2015-01-16:12 AM",28.4837
"2015-01-17:12 AM",33.5104
"2015-01-18:12 AM",35.4238
"2015-01-19:12 AM",33.2704
"2015-01-20:12 AM",35.1993
"2015-01-21:12 AM",35.4292
"2015-01-22:12 AM",32.8951
"2015-01-23:12 AM",31.6333
"2015-01-24:12 AM",30.214
"2015-01-25:12 AM",34.3197
"2015-01-26:12 AM",30.2533
"2015-01-27:12 AM",19.3505
"2015-01-28:12 AM",19.0782
"2015-01-29:12 AM",29.2091
"2015-01-30:12 AM",24.0534
"2015-01-31:12 AM",19.7017
"2015-02-01:12 AM",30.362
"2015-02-02:12 AM",27.8863
"2015-02-03:12 AM",21.9558
"2015-02-04:12 AM",32.3935
"2015-02-05:12 AM",20.6411
"2015-02-06:12 AM",20.8418
"2015-02-07:12 AM",32.9432
"2015-02-08:12 AM",41.2362
"2015-02-09:12 AM",41.4347
"2015-02-10:12 AM",28.5463
"2015-02-11:12 AM",30.4502
"2015-02-12:12 AM",25.3224
"2015-02-13:12 AM",12.7796
"2015-02-14:12 AM",21.5829
"2015-02-15:12 AM",4.0856
"2015-02-16:12 AM",7.7925
"2015-02-17:12 AM",13.1553
"2015-02-18:12 AM",12.0204
"2015-02-19:12 AM",1.1667
"2015-02-20:12 AM",-0.2049
"2015-02-21:12 AM",22.4892
"2015-02-22:12 AM",31.5986
"2015-02-23:12 AM",17.206
"2015-02-24:12 AM",13.2199
"2015-02-25:12 AM",22.3801
"2015-02-26:12 AM",25.4394
"2015-02-27:12 AM",15.6866
"2015-02-28:12 AM",15.8304
"2015-03-01:12 AM",30.8741
"2015-03-02:12 AM",28.7721
"2015-03-03:12 AM",32.7508
"2015-03-04:12 AM",40.6614
"2015-03-05:12 AM",22.2841
"2015-03-06:12 AM",5.7227
"2015-03-07:12 AM",24.4648
"2015-03-08:12 AM",36.3846
"2015-03-09:12 AM",40.6767
"2015-03-10:12 AM",44.5878
"2015-03-11:12 AM",49.2375
"2015-03-12:12 AM",42.1117
"2015-03-13:12 AM",41.931
"2015-03-14:12 AM",46.4641
"2015-03-15:12 AM",42.1309
"2015-03-16:12 AM",48.0983
"2015-03-17:12 AM",46.8221
"2015-03-18:12 AM",32.6401
"2015-03-19:12 AM",36.5859
"2015-03-20:12 AM",37.8624
"2015-03-21:12 AM",43.2192
"2015-03-22:12 AM",40.5574
"2015-03-23:12 AM",36.6597
"2015-03-24:12 AM",39.8408
"2015-03-25:12 AM",48.3526
"2015-03-26:12 AM",51.6693
"2015-03-27:12 AM",35.3277
"2015-03-28:12 AM",23.1051
"2015-03-29:12 AM",29.6499
"2015-03-30:12 AM",39.9358
"2015-03-31:12 AM",45.0005
"2015-04-01:12 AM",41.2201
"2015-04-02:12 AM",52.3126
"2015-04-03:12 AM",58.0348
"2015-04-04:12 AM",40.6596
"2015-04-05:12 AM",41.8368
"2015-04-06:12 AM",51.5062
"2015-04-07:12 AM",57.2842
"2015-04-08:12 AM",59.4703
"2015-04-09:12 AM",61.7598
"2015-04-10:12 AM",57.7863
"2015-04-11:12 AM",46.4601
"2015-04-12:12 AM",49.5201
"2015-04-13:12 AM",59.4428
"2015-04-14:12 AM",55.1172
"2015-04-15:12 AM",51.5212
"2015-04-16:12 AM",50.9475
"2015-04-17:12 AM",55.9612
"2015-04-18:12 AM",59.6332
"2015-04-19:12 AM",57.3067
"2015-04-20:12 AM",56.8845
"2015-04-21:12 AM",47.7165
"2015-04-22:12 AM",45.1526
"2015-04-23:12 AM",40.2294
"2015-04-24:12 AM",39.2531
"2015-04-25:12 AM",42.4087
"2015-04-26:12 AM",43.9974
"2015-04-27:12 AM",42.1927
"2015-04-28:12 AM",43.6269
"2015-04-29:12 AM",50.5283
"2015-04-30:12 AM",51.5601
"2015-05-01:12 AM",49.8987
"2015-05-02:12 AM",52.318
"2015-05-03:12 AM",57.148
"2015-05-04:12 AM",62.7625
"2015-05-05:12 AM",65.2678
"2015-05-06:12 AM",67.2019
"2015-05-07:12 AM",67.6994
"2015-05-08:12 AM",70.0156
"2015-05-09:12 AM",69.3041
"2015-05-10:12 AM",69.3849
"2015-05-11:12 AM",70.9941
"2015-05-12:12 AM",66.4984
"2015-05-13:12 AM",52.704
"2015-05-14:12 AM",52.4687
"2015-05-15:12 AM",64.1876
"2015-05-16:12 AM",67.7237
"2015-05-17:12 AM",66.9142
"2015-05-18:12 AM",69.3153
"2015-05-19:12 AM",67.0215
"2015-05-20:12 AM",54.2496
"2015-05-21:12 AM",51.7469
"2015-05-22:12 AM",52.9628
"2015-05-23:12 AM",56.7325
"2015-05-24:12 AM",63.3324
"2015-05-25:12 AM",66.789
"2015-05-26:12 AM",70.261
"2015-05-27:12 AM",70.4919
"2015-05-28:12 AM",68.7934
"2015-05-29:12 AM",70.3855
"2015-05-30:12 AM",71.7499
"2015-05-31:12 AM",69.5349
"2015-06-01:12 AM",64.4679
"2015-06-02:12 AM",58.9496
"2015-06-03:12 AM",61.583
"2015-06-04:12 AM",64.6691
"2015-06-05:12 AM",66.6243
"2015-06-06:12 AM",66.1707
"2015-06-07:12 AM",68.5465
"2015-06-08:12 AM",73.7355
"2015-06-09:12 AM",68.4576
"2015-06-10:12 AM",69.1583
"2015-06-11:12 AM",74.7309
"2015-06-12:12 AM",76.2658
"2015-06-13:12 AM",75.9137
"2015-06-14:12 AM",75.855
"2015-06-15:12 AM",74.9057
"2015-06-16:12 AM",74.5275
"2015-06-17:12 AM",69.519
"2015-06-18:12 AM",75.2396
"2015-06-19:12 AM",70.2093
"2015-06-20:12 AM",70.9207
"2015-06-21:12 AM",73.9049
"2015-06-22:12 AM",73.0791
"2015-06-23:12 AM",76.2829
"2015-06-24:12 AM",70.7419
"2015-06-25:12 AM",68.4523
"2015-06-26:12 AM",69.544
"2015-06-27:12 AM",65.9077
"2015-06-28:12 AM",60.4251
"2015-06-29:12 AM",62.3584
"2015-06-30:12 AM",69.6819
"2015-07-01:12 AM",68.4342
"2015-07-02:12 AM",67.147
"2015-07-03:12 AM",64.755
"2015-07-04:12 AM",68.3899
"2015-07-05:12 AM",66.5328
"2015-07-06:12 AM",68.3985
"2015-07-07:12 AM",72.7741
"2015-07-08:12 AM",69.3066
"2015-07-09:12 AM",72.9441
"2015-07-10:12 AM",71.4522
"2015-07-11:12 AM",70.6293
"2015-07-12:12 AM",66.4925
"2015-07-13:12 AM",70.8667
"2015-07-14:12 AM",70.9977
"2015-07-15:12 AM",68.3533
"2015-07-16:12 AM",67.9123
"2015-07-17:12 AM",72.8163
"2015-07-18:12 AM",76.7763
"2015-07-19:12 AM",76.8013
"2015-07-20:12 AM",76.7799
"2015-07-21:12 AM",73.1331
"2015-07-22:12 AM",68.443
"2015-07-23:12 AM",67.5318
"2015-07-24:12 AM",67.9543
"2015-07-25:12 AM",70.3665
"2015-07-26:12 AM",72.9126
"2015-07-27:12 AM",74.0075
"2015-07-28:12 AM",75.0699
"2015-07-29:12 AM",75.1755
"2015-07-30:12 AM",74.5707
"2015-07-31:12 AM",69.0235
"2015-08-01:12 AM",69.1482
"2015-08-02:12 AM",67.4641
"2015-08-03:12 AM",71.8196
"2015-08-04:12 AM",73.0418
"2015-08-05:12 AM",70.167
"2015-08-06:12 AM",64.2794
"2015-08-07:12 AM",67.3853
"2015-08-08:12 AM",68.2907
"2015-08-09:12 AM",70.5166
"2015-08-10:12 AM",70.8948
"2015-08-11:12 AM",70.2738
"2015-08-12:12 AM",65.9476
"2015-08-13:12 AM",63.6381
"2015-08-14:12 AM",65.014
"2015-08-15:12 AM",68.3458
"2015-08-16:12 AM",69.802
"2015-08-17:12 AM",71.7559
"2015-08-18:12 AM",71.3275
"2015-08-19:12 AM",73.5291
"2015-08-20:12 AM",69.4252
"2015-08-21:12 AM",62.3514
"2015-08-22:12 AM",62.5312
"2015-08-23:12 AM",66.1172
"2015-08-24:12 AM",68.2187
"2015-08-25:12 AM",60.6018
"2015-08-26:12 AM",59.6763
"2015-08-27:12 AM",58.9636
"2015-08-28:12 AM",61.9932
"2015-08-29:12 AM",65.831
"2015-08-30:12 AM",69.7816
"2015-08-31:12 AM",69.4215
"2015-09-01:12 AM",70.1744
"2015-09-02:12 AM",70.2941
"2015-09-03:12 AM",70.0012
"2015-09-04:12 AM",71.0015
"2015-09-05:12 AM",70.2709
"2015-09-06:12 AM",69.1308
"2015-09-07:12 AM",68.8244
"2015-09-08:12 AM",70.5333
"2015-09-09:12 AM",71.584
"2015-09-10:12 AM",64.65
"2015-09-11:12 AM",62.812
"2015-09-12:12 AM",56.9313
"2015-09-13:12 AM",52.5389
"2015-09-14:12 AM",51.6339
"2015-09-15:12 AM",56.0512
"2015-09-16:12 AM",59.997
"2015-09-17:12 AM",61.2918
"2015-09-18:12 AM",62.0703
"2015-09-19:12 AM",66.2428
"2015-09-20:12 AM",61.2592
"2015-09-21:12 AM",56.3275
"2015-09-22:12 AM",59.1517
"2015-09-23:12 AM",59.3326
"2015-09-24:12 AM",60.6231
"2015-09-25:12 AM",59.0527
"2015-09-26:12 AM",58.6827
"2015-09-27:12 AM",59.7538
"2015-09-28:12 AM",66.4381
"2015-09-29:12 AM",67.0638
"2015-09-30:12 AM",62.5842
"2015-10-01:12 AM",56.1326
"2015-10-02:12 AM",49.3981
"2015-10-03:12 AM",48.702
"2015-10-04:12 AM",55.6086
"2015-10-05:12 AM",54.7948
"2015-10-06:12 AM",55.8372
"2015-10-07:12 AM",57.4304
"2015-10-08:12 AM",59.7007
"2015-10-09:12 AM",64.3125
"2015-10-10:12 AM",53.4706
"2015-10-11:12 AM",49.005
"2015-10-12:12 AM",54.876
"2015-10-13:12 AM",58.4677
"2015-10-14:12 AM",50.7816
"2015-10-15:12 AM",48.103
"2015-10-16:12 AM",47.7523
"2015-10-17:12 AM",38.8708
"2015-10-18:12 AM",34.6069
"2015-10-19:12 AM",38.5205
"2015-10-20:12 AM",46.4117
"2015-10-21:12 AM",47.5758
"2015-10-22:12 AM",55.3698
"2015-10-23:12 AM",56.0928
"2015-10-24:12 AM",57.1494
"2015-10-25:12 AM",54.2613
"2015-10-26:12 AM",47.6397
"2015-10-27:12 AM",45.8596
"2015-10-28:12 AM",58.6861
"2015-10-29:12 AM",53.7728
"2015-10-30:12 AM",39.8583
"2015-10-31:12 AM",44.2443
"2015-11-01:12 AM",51.8007
"2015-11-02:12 AM",51.8907
"2015-11-03:12 AM",54.9014
"2015-11-04:12 AM",59.2806
"2015-11-05:12 AM",61.6447
"2015-11-06:12 AM",63.75
"2015-11-07:12 AM",51.2355
"2015-11-08:12 AM",40.9143
"2015-11-09:12 AM",41.8082
"2015-11-10:12 AM",47.6717
"2015-11-11:12 AM",44.8558
"2015-11-12:12 AM",50.2848
"2015-11-13:12 AM",42.1826
"2015-11-14:12 AM",35.7562
"2015-11-15:12 AM",40.395
"2015-11-16:12 AM",43.3769
"2015-11-17:12 AM",50.1616
"2015-11-18:12 AM",55.6686
"2015-11-19:12 AM",56.4557
"2015-11-20:12 AM",38.599
"2015-11-21:12 AM",39.9364
"2015-11-22:12 AM",32.7654
"2015-11-23:12 AM",28.5192
"2015-11-24:12 AM",33.6267
"2015-11-25:12 AM",38.784
"2015-11-26:12 AM",43.8503
"2015-11-27:12 AM",49.681
"2015-11-28:12 AM",52.459
"2015-11-29:12 AM",48.4178
"2015-11-30:12 AM",43.6887
"2015-12-01:12 AM",47.8517
"2015-12-02:12 AM",48.0841
"2015-12-03:12 AM",33.3077
"2015-12-04:12 AM",32.9297
"2015-12-05:12 AM",34.4543
"2015-12-06:12 AM",35.7669
"2015-12-07:12 AM",38.9692
"2015-12-08:12 AM",40.3705
"2015-12-09:12 AM",43.3557
"2015-12-10:12 AM",48.6741
"2015-12-11:12 AM",54.0919
"2015-12-12:12 AM",58.9307
"2015-12-13:12 AM",57.1098
"2015-12-14:12 AM",56.7934
"2015-12-15:12 AM",46.5703
"2015-12-16:12 AM",45.0871
"2015-12-17:12 AM",46.8765
"2015-12-18:12 AM",31.7626
"2015-12-19:12 AM",27.3866
"2015-12-20:12 AM",31.467
"2015-12-21:12 AM",40.9113
"2015-12-22:12 AM",51.3912
"2015-12-23:12 AM",54.6503
"2015-12-24:12 AM",58.933
"2015-12-25:12 AM",56.212
"2015-12-26:12 AM",55.2414
"2015-12-27:12 AM",58.1761
"2015-12-28:12 AM",46.0787
"2015-12-29:12 AM",48.3503
"2015-12-30:12 AM",49.3839
"2015-12-31:12 AM",39.5755
"2016-01-01:12 AM",30.7085
"2016-01-02:12 AM",30.0265
"2016-01-03:12 AM",31.2789
"2016-01-04:12 AM",24.8718
"2016-01-05:12 AM",19.245
"2016-01-06:12 AM",25.6285
"2016-01-07:12 AM",30.5713
"2016-01-08:12 AM",35.748
"2016-01-09:12 AM",40.5405
"2016-01-10:12 AM",35.7352
"2016-01-11:12 AM",20.165
"2016-01-12:12 AM",25.7009
"2016-01-13:12 AM",15.5374
"2016-01-14:12 AM",31.1812
"2016-01-15:12 AM",36.2655
"2016-01-16:12 AM",34.8184
"2016-01-17:12 AM",28.0139
"2016-01-18:12 AM",9.8755
"2016-01-19:12 AM",7.7173
"2016-01-20:12 AM",15.7033
"2016-01-21:12 AM",17.7874
"2016-01-22:12 AM",20.0406
"2016-01-23:12 AM",18.6933
"2016-01-24:12 AM",14.1604
"2016-01-25:12 AM",24.9654
"2016-01-26:12 AM",35.2071
"2016-01-27:12 AM",25.7617
"2016-01-28:12 AM",26.5383
"2016-01-29:12 AM",28.1242
"2016-01-30:12 AM",31.6029
"2016-01-31:12 AM",43.6602
"2016-02-01:12 AM",46.5899
"2016-02-02:12 AM",40.2127
"2016-02-03:12 AM",48.8136
"2016-02-04:12 AM",36.7518
"2016-02-05:12 AM",26.7955
"2016-02-06:12 AM",31.1229
"2016-02-07:12 AM",31.8159
"2016-02-08:12 AM",32.6631
"2016-02-09:12 AM",24.7176
"2016-02-10:12 AM",17.6049
"2016-02-11:12 AM",13.0811
"2016-02-12:12 AM",16.8109
"2016-02-13:12 AM",11.093
"2016-02-14:12 AM",10.2702
"2016-02-15:12 AM",24.4121
"2016-02-16:12 AM",31.7237
"2016-02-17:12 AM",29.098
"2016-02-18:12 AM",26.6371
"2016-02-19:12 AM",34.4007
"2016-02-20:12 AM",48.83
"2016-02-21:12 AM",51.0609
"2016-02-22:12 AM",42.3401
"2016-02-23:12 AM",42.5028
"2016-02-24:12 AM",45.7268
"2016-02-25:12 AM",32.0081
"2016-02-26:12 AM",26.1446
"2016-02-27:12 AM",29.5338
"2016-02-28:12 AM",41.1357
"2016-02-29:12 AM",41.9911
"2016-03-01:12 AM",45.1848
"2016-03-02:12 AM",28.5523
"2016-03-03:12 AM",28.9855
"2016-03-04:12 AM",31.0321
"2016-03-05:12 AM",34.0794
"2016-03-06:12 AM",34.2518
"2016-03-07:12 AM",43.2135
"2016-03-08:12 AM",52.3533
"2016-03-09:12 AM",54.8654
"2016-03-10:12 AM",60.9888
"2016-03-11:12 AM",54.3583
"2016-03-12:12 AM",53.8414
"2016-03-13:12 AM",57.4641
"2016-03-14:12 AM",56.9462
"2016-03-15:12 AM",54.1366
"2016-03-16:12 AM",55.4047
"2016-03-17:12 AM",47.4174
"2016-03-18:12 AM",43.8519
"2016-03-19:12 AM",37.0659
"2016-03-20:12 AM",34.916
"2016-03-21:12 AM",32.2911
"2016-03-22:12 AM",41.5683
"2016-03-23:12 AM",49.8393
"2016-03-24:12 AM",55.6239
"2016-03-25:12 AM",48.2022
"2016-03-26:12 AM",44.3948
"2016-03-27:12 AM",53.4834
"2016-03-28:12 AM",46.8232
"2016-03-29:12 AM",41.7524
"2016-03-30:12 AM",46.6637
"2016-03-31:12 AM",55.7654
"2016-04-01:12 AM",56.6166
"2016-04-02:12 AM",44.3826
"2016-04-03:12 AM",34.0304
"2016-04-04:12 AM",46.0634
"2016-04-05:12 AM",29.6055
"2016-04-06:12 AM",41.0407
"2016-04-07:12 AM",41.5809
"2016-04-08:12 AM",35.2301
"2016-04-09:12 AM",29.3729
"2016-04-10:12 AM",34.0738
"2016-04-11:12 AM",51.4828
"2016-04-12:12 AM",45.7054
"2016-04-13:12 AM",42.9825
"2016-04-14:12 AM",48.8763
"2016-04-15:12 AM",51.0118
"2016-04-16:12 AM",51.9055
"2016-04-17:12 AM",56.2685
"2016-04-18:12 AM",59.2768
"2016-04-19:12 AM",60.8306
"2016-04-20:12 AM",59.8771
"2016-04-21:12 AM",62.3764
"2016-04-22:12 AM",59.3344
"2016-04-23:12 AM",50.6707
"2016-04-24:12 AM",50.4257
"2016-04-25:12 AM",60.3237
"2016-04-26:12 AM",63.9678
"2016-04-27:12 AM",59.5279
"2016-04-28:12 AM",61.1627
"2016-04-29:12 AM",57.1298
"2016-04-30:12 AM",55.2709
"2016-05-01:12 AM",59.7832
"2016-05-02:12 AM",63.5275
"2016-05-03:12 AM",55.0393
"2016-05-04:12 AM",51.1862
"2016-05-05:12 AM",45.4323
"2016-05-06:12 AM",51.0633
"2016-05-07:12 AM",53.8137
"2016-05-08:12 AM",54.84
"2016-05-09:12 AM",54.3501
"2016-05-10:12 AM",62.1345
"2016-05-11:12 AM",62.7796
"2016-05-12:12 AM",65.5828
"2016-05-13:12 AM",61.135
"2016-05-14:12 AM",49.7644
"2016-05-15:12 AM",42.8556
"2016-05-16:12 AM",45.4926
"2016-05-17:12 AM",48.3573
"2016-05-18:12 AM",51.0033
"2016-05-19:12 AM",52.3587
"2016-05-20:12 AM",56.901
"2016-05-21:12 AM",56.743
"2016-05-22:12 AM",53.9814
"2016-05-23:12 AM",55.7035
"2016-05-24:12 AM",60.3025
"2016-05-25:12 AM",65.5786
"2016-05-26:12 AM",67.4125
"2016-05-27:12 AM",71.3831
"2016-05-28:12 AM",72.8726
"2016-05-29:12 AM",66.4412
"2016-05-30:12 AM",67.415
"2016-05-31:12 AM",68.391
"2016-06-01:12 AM",70.9828
"2016-06-02:12 AM",69.1855
"2016-06-03:12 AM",69.6817
"2016-06-04:12 AM",69.4834
"2016-06-05:12 AM",66.1962
"2016-06-06:12 AM",68.2264
"2016-06-07:12 AM",65.5428
"2016-06-08:12 AM",57.335
"2016-06-09:12 AM",59.7607
"2016-06-10:12 AM",65.4733
"2016-06-11:12 AM",72.8739
"2016-06-12:12 AM",72.9799
"2016-06-13:12 AM",61.421
"2016-06-14:12 AM",67.3839
"2016-06-15:12 AM",71.3259
"2016-06-16:12 AM",73.0531
"2016-06-17:12 AM",68.3089
"2016-06-18:12 AM",68.7481
"2016-06-19:12 AM",68.5821
"2016-06-20:12 AM",69.9055
"2016-06-21:12 AM",70.4091
"2016-06-22:12 AM",69.5863
"2016-06-23:12 AM",71.5467
"2016-06-24:12 AM",71.2378
"2016-06-25:12 AM",71.1086
"2016-06-26:12 AM",73.2677
"2016-06-27:12 AM",71.7924
"2016-06-28:12 AM",72.4548
"2016-06-29:12 AM",64.9364
"2016-06-30:12 AM",64.3152
"2016-07-01:12 AM",68.2221
"2016-07-02:12 AM",66.5721
"2016-07-03:12 AM",62.5042
"2016-07-04:12 AM",67.2134
"2016-07-05:12 AM",72.2799
"2016-07-06:12 AM",74.8729
"2016-07-07:12 AM",73.3996
"2016-07-08:12 AM",73.306
"2016-07-09:12 AM",72.0336
"2016-07-10:12 AM",69.4717
"2016-07-11:12 AM",70.1685
"2016-07-12:12 AM",73.1858
"2016-07-13:12 AM",75.2286
"2016-07-14:12 AM",77.1242
"2016-07-15:12 AM",73.5544
"2016-07-16:12 AM",73.0733
"2016-07-17:12 AM",72.1049
"2016-07-18:12 AM",74.0669
"2016-07-19:12 AM",74.3995
"2016-07-20:12 AM",70.6748
"2016-07-21:12 AM",71.0064
"2016-07-22:12 AM",74.8207
"2016-07-23:12 AM",76.435
"2016-07-24:12 AM",78.3585
"2016-07-25:12 AM",78.4013
"2016-07-26:12 AM",77.4136
"2016-07-27:12 AM",76.7331
"2016-07-28:12 AM",73.1952
"2016-07-29:12 AM",72.7498
"2016-07-30:12 AM",72.7448
"2016-07-31:12 AM",72.9102
"2016-08-01:12 AM",73.3887
"2016-08-02:12 AM",70.5398
"2016-08-03:12 AM",68.986
"2016-08-04:12 AM",71.9388
"2016-08-05:12 AM",69.8986
"2016-08-06:12 AM",74.4206
"2016-08-07:12 AM",71.0519
"2016-08-08:12 AM",68.3836
"2016-08-09:12 AM",74.0849
"2016-08-10:12 AM",77.2158
"2016-08-11:12 AM",77.8393
"2016-08-12:12 AM",78.721
"2016-08-13:12 AM",79.7758
"2016-08-14:12 AM",76.9451
"2016-08-15:12 AM",75.8948
"2016-08-16:12 AM",78.0138
"2016-08-17:12 AM",72.9001
"2016-08-18:12 AM",72.3544
"2016-08-19:12 AM",70.2282
"2016-08-20:12 AM",71.9982
"2016-08-21:12 AM",68.2439
"2016-08-22:12 AM",62.7492
"2016-08-23:12 AM",62.9731
"2016-08-24:12 AM",68.9117
"2016-08-25:12 AM",74.4523
"2016-08-26:12 AM",75.4565
"2016-08-27:12 AM",75.9254
"2016-08-28:12 AM",75.0585
"2016-08-29:12 AM",73.4679
"2016-08-30:12 AM",71.8383
"2016-08-31:12 AM",71.2974
"2016-09-01:12 AM",67.5963
"2016-09-02:12 AM",63.3942
"2016-09-03:12 AM",61.8402
"2016-09-04:12 AM",63.8906
"2016-09-05:12 AM",64.3444
"2016-09-06:12 AM",67.6864
"2016-09-07:12 AM",73.0971
"2016-09-08:12 AM",74.7271
"2016-09-09:12 AM",74.9068
"2016-09-10:12 AM",76.1392
"2016-09-11:12 AM",65.5876
"2016-09-12:12 AM",63.693
"2016-09-13:12 AM",68.0776
"2016-09-14:12 AM",66.6786
"2016-09-15:12 AM",67.829
"2016-09-16:12 AM",67.6427
"2016-09-17:12 AM",70.8516
"2016-09-18:12 AM",68.6527
"2016-09-19:12 AM",67.9591
"2016-09-20:12 AM",65.3673
"2016-09-21:12 AM",65.7223
"2016-09-22:12 AM",65.7694
"2016-09-23:12 AM",66.3294
"2016-09-24:12 AM",66.6032
"2016-09-25:12 AM",62.8907
"2016-09-26:12 AM",65.8422
"2016-09-27:12 AM",56.8587
"2016-09-28:12 AM",57.3294
"2016-09-29:12 AM",59.3447
"2016-09-30:12 AM",58.5374
"2016-10-01:12 AM",58.3291
"2016-10-02:12 AM",56.9547
"2016-10-03:12 AM",56.5959
"2016-10-04:12 AM",60.4657
"2016-10-05:12 AM",59.0445
"2016-10-06:12 AM",56.925
"2016-10-07:12 AM",58.6114
"2016-10-08:12 AM",59.4977
"2016-10-09:12 AM",47.5808
"2016-10-10:12 AM",45.1112
"2016-10-11:12 AM",48.9423
"2016-10-12:12 AM",53.3635
"2016-10-13:12 AM",54.7272
"2016-10-14:12 AM",49.7669
"2016-10-15:12 AM",57.0198
"2016-10-16:12 AM",61.4813
"2016-10-17:12 AM",64.0409
"2016-10-18:12 AM",66.8242
"2016-10-19:12 AM",67.0321
"2016-10-20:12 AM",68.2783
"2016-10-21:12 AM",54.4127
"2016-10-22:12 AM",42.4713
"2016-10-23:12 AM",47.3428
"2016-10-24:12 AM",51.5293
"2016-10-25:12 AM",42.8567
"2016-10-26:12 AM",46.0013
"2016-10-27:12 AM",54.4609
"2016-10-28:12 AM",47.4636
"2016-10-29:12 AM",56.9968
"2016-10-30:12 AM",62.6725
"2016-10-31:12 AM",52.6525
"2016-11-01:12 AM",59.9198
"2016-11-02:12 AM",62.5318
"2016-11-03:12 AM",62.0245
"2016-11-04:12 AM",48.9607
"2016-11-05:12 AM",41.4975
"2016-11-06:12 AM",44.0017
"2016-11-07:12 AM",47.3878
"2016-11-08:12 AM",49.8117
"2016-11-09:12 AM",46.5211
"2016-11-10:12 AM",41.4705
"2016-11-11:12 AM",43.4836
"2016-11-12:12 AM",35.2879
"2016-11-13:12 AM",35.7823
"2016-11-14:12 AM",38.552
"2016-11-15:12 AM",42.2722
"2016-11-16:12 AM",45.237
"2016-11-17:12 AM",45.7036
"2016-11-18:12 AM",52.3809
"2016-11-19:12 AM",43.356
"2016-11-20:12 AM",29.0383
"2016-11-21:12 AM",27.0684
"2016-11-22:12 AM",27.5353
"2016-11-23:12 AM",34.0039
"2016-11-24:12 AM",45.4278
"2016-11-25:12 AM",46.0935
"2016-11-26:12 AM",36.3277
"2016-11-27:12 AM",35.8016
"2016-11-28:12 AM",42.433
"2016-11-29:12 AM",51.4078
"2016-11-30:12 AM",52.7859
"2016-12-01:12 AM",38.9302
"2016-12-02:12 AM",33.5682
"2016-12-03:12 AM",32.2261
"2016-12-04:12 AM",35.188
"2016-12-05:12 AM",39.209
"2016-12-06:12 AM",38.786
"2016-12-07:12 AM",34.538
"2016-12-08:12 AM",29.0498
"2016-12-09:12 AM",21.4331
"2016-12-10:12 AM",19.4079
"2016-12-11:12 AM",28.9776
"2016-12-12:12 AM",37.3134
"2016-12-13:12 AM",33.9251
"2016-12-14:12 AM",29.8179
"2016-12-15:12 AM",15.0319
"2016-12-16:12 AM",17.2657
"2016-12-17:12 AM",39.2806
"2016-12-18:12 AM",39.7285
"2016-12-19:12 AM",26.919
"2016-12-20:12 AM",27.4813
"2016-12-21:12 AM",30.8071
"2016-12-22:12 AM",32.4741
"2016-12-23:12 AM",33.4537
"2016-12-24:12 AM",39.6729
"2016-12-25:12 AM",43.6492
"2016-12-26:12 AM",48.214
"2016-12-27:12 AM",48.079
"2016-12-28:12 AM",34.4307
"2016-12-29:12 AM",36.4109
"2016-12-30:12 AM",27.7401
"2016-12-31:12 AM",32.8728
"2017-01-01:12 AM",37.9443
"2017-01-02:12 AM",43.2322
"2017-01-03:12 AM",45.6786
"2017-01-04:12 AM",36.3668
"2017-01-05:12 AM",24.7203
"2017-01-06:12 AM",17.8385
"2017-01-07:12 AM",11.6659
"2017-01-08:12 AM",7.32
"2017-01-09:12 AM",15.82
"2017-01-10:12 AM",28.906
"2017-01-11:12 AM",42.6826
"2017-01-12:12 AM",54.117
"2017-01-13:12 AM",42.3171
"2017-01-14:12 AM",38.4483
"2017-01-15:12 AM",37.3534
"2017-01-16:12 AM",41.9065
"2017-01-17:12 AM",50.7598
"2017-01-18:12 AM",42.1137
"2017-01-19:12 AM",40.1623
"2017-01-20:12 AM",47.3004
"2017-01-21:12 AM",51.8706
"2017-01-22:12 AM",50.0149
"2017-01-23:12 AM",42.1471
"2017-01-24:12 AM",36.6132
"2017-01-25:12 AM",43.0509
"2017-01-26:12 AM",39.2398
"2017-01-27:12 AM",28.3078
"2017-01-28:12 AM",29.8827
"2017-01-29:12 AM",29.5914
"2017-01-30:12 AM",23.5571
"2017-01-31:12 AM",34.3594
"2017-02-01:12 AM",35.913
"2017-02-02:12 AM",30.5062
"2017-02-03:12 AM",25.5355
"2017-02-04:12 AM",22.4037
"2017-02-05:12 AM",33.791
"2017-02-06:12 AM",41.1982
"2017-02-07:12 AM",53.8146
"2017-02-08:12 AM",50.0513
"2017-02-09:12 AM",24.9705
"2017-02-10:12 AM",23.6014
"2017-02-11:12 AM",43.21
"2017-02-12:12 AM",51.2947
"2017-02-13:12 AM",31.3304
"2017-02-14:12 AM",35.4466
"2017-02-15:12 AM",34.4179
"2017-02-16:12 AM",27.3553
"2017-02-17:12 AM",37.4662
"2017-02-18:12 AM",45.9156
"2017-02-19:12 AM",45.6764
"2017-02-20:12 AM",44.6893
"2017-02-21:12 AM",50.6138
"2017-02-22:12 AM",51.2415
"2017-02-23:12 AM",54.8692
"2017-02-24:12 AM",58.9528
"2017-02-25:12 AM",46.1032
"2017-02-26:12 AM",29.6674
"2017-02-27:12 AM",38.0205
"2017-02-28:12 AM",46.4416
"2017-03-01:12 AM",56.8294
"2017-03-02:12 AM",34.3594
"2017-03-03:12 AM",27.8953
"2017-03-04:12 AM",25.8582
"2017-03-05:12 AM",33.1972
"2017-03-06:12 AM",43.2534
"2017-03-07:12 AM",50.1168
"2017-03-08:12 AM",44.4949
"2017-03-09:12 AM",45.6645
"2017-03-10:12 AM",36.1526
"2017-03-11:12 AM",23.0995
"2017-03-12:12 AM",24.694
"2017-03-13:12 AM",31.4332
"2017-03-14:12 AM",25.7902
"2017-03-15:12 AM",17.6684
"2017-03-16:12 AM",23.1903
"2017-03-17:12 AM",29.7653
"2017-03-18:12 AM",39.2571
"2017-03-19:12 AM",34.5292
"2017-03-20:12 AM",39.5501
"2017-03-21:12 AM",46.432
"2017-03-22:12 AM",34.0128
"2017-03-23:12 AM",34.8877
"2017-03-24:12 AM",48.9567
"2017-03-25:12 AM",59.403
"2017-03-26:12 AM",55.8559
"2017-03-27:12 AM",57.9616
"2017-03-28:12 AM",56.8236
"2017-03-29:12 AM",51.1981
"2017-03-30:12 AM",52.7716
"2017-03-31:12 AM",52.0435
"2017-04-01:12 AM",43.2689
"2017-04-02:12 AM",45.2086
"2017-04-03:12 AM",53.5939
"2017-04-04:12 AM",55.7857
"2017-04-05:12 AM",56.2627
"2017-04-06:12 AM",47.3187
"2017-04-07:12 AM",33.8558
"2017-04-08:12 AM",38.0901
"2017-04-09:12 AM",48.8565
"2017-04-10:12 AM",57.6966
"2017-04-11:12 AM",61.5893
"2017-04-12:12 AM",56.7568
"2017-04-13:12 AM",54.1882
"2017-04-14:12 AM",58.3929
"2017-04-15:12 AM",63.8766
"2017-04-16:12 AM",63.0896
"2017-04-17:12 AM",59.9864
"2017-04-18:12 AM",57.3159
"2017-04-19:12 AM",58.0581
"2017-04-20:12 AM",64.0351
"2017-04-21:12 AM",63.2932
"2017-04-22:12 AM",49.4166
"2017-04-23:12 AM",47.7068
"2017-04-24:12 AM",49.9865
"2017-04-25:12 AM",52.8067
"2017-04-26:12 AM",60.6776
"2017-04-27:12 AM",64.6581
"2017-04-28:12 AM",62.6202
"2017-04-29:12 AM",69.7269
"2017-04-30:12 AM",70.4136
"2017-05-01:12 AM",65.3558
"2017-05-02:12 AM",54.6096
"2017-05-03:12 AM",48.8259
"2017-05-04:12 AM",54.6377
"2017-05-05:12 AM",58.7165
"2017-05-06:12 AM",44.6761
"2017-05-07:12 AM",45.6697
"2017-05-08:12 AM",43.8715
"2017-05-09:12 AM",45.9448
"2017-05-10:12 AM",59.4824
"2017-05-11:12 AM",60.6722
"2017-05-12:12 AM",54.307
"2017-05-13:12 AM",52.8195
"2017-05-14:12 AM",60.2418
"2017-05-15:12 AM",58.041
"2017-05-16:12 AM",63.6899
"2017-05-17:12 AM",71.5046
"2017-05-18:12 AM",71.9015
"2017-05-19:12 AM",72.0606
"2017-05-20:12 AM",69.0215
"2017-05-21:12 AM",64.2915
"2017-05-22:12 AM",60.7692
"2017-05-23:12 AM",56.4969
"2017-05-24:12 AM",59.0445
"2017-05-25:12 AM",55.803
"2017-05-26:12 AM",60.9674
"2017-05-27:12 AM",63.7756
"2017-05-28:12 AM",66.2436
"2017-05-29:12 AM",67.2019
"2017-05-30:12 AM",67.0397
"2017-05-31:12 AM",65.8119
"2017-06-01:12 AM",64.2159
"2017-06-02:12 AM",61.8818
"2017-06-03:12 AM",64.3015
"2017-06-04:12 AM",67.3948
"2017-06-05:12 AM",63.8656
"2017-06-06:12 AM",60.9705
"2017-06-07:12 AM",55.9832
"2017-06-08:12 AM",59.095
"2017-06-09:12 AM",61.2948
"2017-06-10:12 AM",67.807
"2017-06-11:12 AM",72.1999
"2017-06-12:12 AM",72.2388
"2017-06-13:12 AM",73.5294
"2017-06-14:12 AM",72.1544
"2017-06-15:12 AM",72.1692
"2017-06-16:12 AM",70.2219
"2017-06-17:12 AM",72.6076
"2017-06-18:12 AM",75.8332
"2017-06-19:12 AM",69.0541
"2017-06-20:12 AM",67.9386
"2017-06-21:12 AM",70.2138
"2017-06-22:12 AM",72.8024
"2017-06-23:12 AM",71.5003
"2017-06-24:12 AM",69.9843
"2017-06-25:12 AM",64.1298
"2017-06-26:12 AM",61.6581
"2017-06-27:12 AM",60.2308
"2017-06-28:12 AM",60.7014
"2017-06-29:12 AM",69.5255
"2017-06-30:12 AM",74.3558
"2017-07-01:12 AM",73.5989
"2017-07-02:12 AM",72.1672
"2017-07-03:12 AM",72.3789
"2017-07-04:12 AM",69.6391
"2017-07-05:12 AM",71.4816
"2017-07-06:12 AM",69.8794
"2017-07-07:12 AM",73.1239
"2017-07-08:12 AM",69.0309
"2017-07-09:12 AM",66.9025
"2017-07-10:12 AM",67.8582
"2017-07-11:12 AM",73.857
"2017-07-12:12 AM",75.171
"2017-07-13:12 AM",77.2502
"2017-07-14:12 AM",75.3494
"2017-07-15:12 AM",72.0277
"2017-07-16:12 AM",69.7068
"2017-07-17:12 AM",72.6861
"2017-07-18:12 AM",75.0083
"2017-07-19:12 AM",74.3632
"2017-07-20:12 AM",75.556
"2017-07-21:12 AM",76.8877
"2017-07-22:12 AM",77.6779
"2017-07-23:12 AM",73.3606
"2017-07-24:12 AM",73.8981
"2017-07-25:12 AM",67.0327
"2017-07-26:12 AM",67.9384
"2017-07-27:12 AM",71.4191
"2017-07-28:12 AM",69.0373
"2017-07-29:12 AM",64.7361
"2017-07-30:12 AM",65.0014
"2017-07-31:12 AM",68.4772
"2017-08-01:12 AM",69.2501
"2017-08-02:12 AM",69.7278
"2017-08-03:12 AM",70.7875
"2017-08-04:12 AM",71.9375
"2017-08-05:12 AM",62.4213
"2017-08-06:12 AM",63.0775
"2017-08-07:12 AM",63.7804
"2017-08-08:12 AM",66.0013
"2017-08-09:12 AM",63.7174
"2017-08-10:12 AM",64.96
"2017-08-11:12 AM",69.5469
"2017-08-12:12 AM",68.9869
"2017-08-13:12 AM",67.5903
"2017-08-14:12 AM",67.3374
"2017-08-15:12 AM",71.0316
"2017-08-16:12 AM",72.4167
"2017-08-17:12 AM",74.6992
"2017-08-18:12 AM",72.6773
"2017-08-19:12 AM",69.2503
"2017-08-20:12 AM",69.9379
"2017-08-21:12 AM",72.7909
"2017-08-22:12 AM",75.2142
"2017-08-23:12 AM",68.668
"2017-08-24:12 AM",60.8319
"2017-08-25:12 AM",59.6935
"2017-08-26:12 AM",61.2334
"2017-08-27:12 AM",63.3114
"2017-08-28:12 AM",63.7471
"2017-08-29:12 AM",62.6504
"2017-08-30:12 AM",63.2341
"2017-08-31:12 AM",66.3381
"2017-09-01:12 AM",61.6852
"2017-09-02:12 AM",55.7112
"2017-09-03:12 AM",60.37
"2017-09-04:12 AM",66.4801
"2017-09-05:12 AM",67.0158
"2017-09-06:12 AM",57.9936
"2017-09-07:12 AM",53.0163
"2017-09-08:12 AM",53.8587
"2017-09-09:12 AM",53.9065
"2017-09-10:12 AM",54.6487
"2017-09-11:12 AM",55.8657
"2017-09-12:12 AM",59.5629
"2017-09-13:12 AM",65.6587
"2017-09-14:12 AM",59.6545
"2017-09-15:12 AM",61.2342
"2017-09-16:12 AM",64.1057
"2017-09-17:12 AM",63.637
"2017-09-18:12 AM",64.3465
"2017-09-19:12 AM",65.7829
"2017-09-20:12 AM",65.745
"2017-09-21:12 AM",66.6563
"2017-09-22:12 AM",66.7299
"2017-09-23:12 AM",66.2518
"2017-09-24:12 AM",67.1524
"2017-09-25:12 AM",69.3955
"2017-09-26:12 AM",68.036
"2017-09-27:12 AM",66.7494
"2017-09-28:12 AM",62.2009
"2017-09-29:12 AM",54.8137
"2017-09-30:12 AM",51.2409
"2017-10-01:12 AM",48.9403
"2017-10-02:12 AM",52.8656
"2017-10-03:12 AM",55.6381
"2017-10-04:12 AM",57.5717
"2017-10-05:12 AM",61.3305
"2017-10-06:12 AM",60.5494
"2017-10-07:12 AM",66.85
"2017-10-08:12 AM",68.0119
"2017-10-09:12 AM",68.4894
"2017-10-10:12 AM",69.2429
"2017-10-11:12 AM",67.9635
"2017-10-12:12 AM",61.2505
"2017-10-13:12 AM",61.5569
"2017-10-14:12 AM",61.0104
"2017-10-15:12 AM",65.2842
"2017-10-16:12 AM",48.778
"2017-10-17:12 AM",42.2101
"2017-10-18:12 AM",46.5159
"2017-10-19:12 AM",50.8442
"2017-10-20:12 AM",51.6375
"2017-10-21:12 AM",56.0026
"2017-10-22:12 AM",59.5647
"2017-10-23:12 AM",60.0017
"2017-10-24:12 AM",50.2185
"2017-10-25:12 AM",40.8173
"2017-10-26:12 AM",38.5765
"2017-10-27:12 AM",49.2683
"2017-10-28:12 AM",47.7909
"2017-10-29:12 AM",36.3193
"2017-10-30:12 AM",36.7678
"2017-10-31:12 AM",37.6002
"2017-11-01:12 AM",44.8567
"2017-11-02:12 AM",55.3464
"2017-11-03:12 AM",58.9384
"2017-11-04:12 AM",52.4676
"2017-11-05:12 AM",56.7808
"2017-11-06:12 AM",56.4105
"2017-11-07:12 AM",45.1279
"2017-11-08:12 AM",40.1083
"2017-11-09:12 AM",41.6653
"2017-11-10:12 AM",31.4191
"2017-11-11:12 AM",29.968
"2017-11-12:12 AM",38.2309
"2017-11-13:12 AM",40.5873
"2017-11-14:12 AM",37.7683
"2017-11-15:12 AM",38.8688
"2017-11-16:12 AM",40.903
"2017-11-17:12 AM",36.6823
"2017-11-18:12 AM",47.4577
"2017-11-19:12 AM",37.9395
"2017-11-20:12 AM",31.8688
"2017-11-21:12 AM",41.1219
"2017-11-22:12 AM",37.8387
"2017-11-23:12 AM",30.4785
"2017-11-24:12 AM",36.0045
"2017-11-25:12 AM",43.4919
"2017-11-26:12 AM",37.2535
"2017-11-27:12 AM",37.0832
"2017-11-28:12 AM",43.2208
"2017-11-29:12 AM",43.9929
"2017-11-30:12 AM",46.467
"2017-12-01:12 AM",41.7828
"2017-12-02:12 AM",39.727
"2017-12-03:12 AM",38.7365
"2017-12-04:12 AM",41.0169
"2017-12-05:12 AM",45.9831
"2017-12-06:12 AM",33.4447
"2017-12-07:12 AM",31.5592
"2017-12-08:12 AM",26.9037
"2017-12-09:12 AM",28.6254
"2017-12-10:12 AM",26.4038
"2017-12-11:12 AM",31.8573
"2017-12-12:12 AM",30.0686
"2017-12-13:12 AM",22.53
"2017-12-14:12 AM",28.6648
"2017-12-15:12 AM",25.3548
"2017-12-16:12 AM",29.3976
"2017-12-17:12 AM",33.0057
"2017-12-18:12 AM",38.6766
"2017-12-19:12 AM",44.496
"2017-12-20:12 AM",39.6338
"2017-12-21:12 AM",37.0409
"2017-12-22:12 AM",45.7916
"2017-12-23:12 AM",46.7182
"2017-12-24:12 AM",35.6612
"2017-12-25:12 AM",22.5156
"2017-12-26:12 AM",21.3984
"2017-12-27:12 AM",17.3667
"2017-12-28:12 AM",11.1637
"2017-12-29:12 AM",17.5671
"2017-12-30:12 AM",21.1523
"2017-12-31:12 AM",9.3816
"2018-01-01:12 AM",7.5277
"2018-01-02:12 AM",6.1437
"2018-01-03:12 AM",13.4874
"2018-01-04:12 AM",11.95
"2018-01-05:12 AM",6.8745
"2018-01-06:12 AM",4.8706
"2018-01-07:12 AM",11.0066
"2018-01-08:12 AM",28.4536
"2018-01-09:12 AM",32.5868
"2018-01-10:12 AM",38.8359
"2018-01-11:12 AM",46.567
"2018-01-12:12 AM",54.2896
"2018-01-13:12 AM",19.9404
"2018-01-14:12 AM",11.1524
"2018-01-15:12 AM",18.9876
"2018-01-16:12 AM",23.409
"2018-01-17:12 AM",9.4352
"2018-01-18:12 AM",13.6594
"2018-01-19:12 AM",23.7475
"2018-01-20:12 AM",34.187
"2018-01-21:12 AM",43.0399
"2018-01-22:12 AM",48.8235
"2018-01-23:12 AM",42.4377
"2018-01-24:12 AM",30.9331
"2018-01-25:12 AM",27.0691
"2018-01-26:12 AM",34.5913
"2018-01-27:12 AM",40.608
"2018-01-28:12 AM",43.3566
"2018-01-29:12 AM",35.8831
"2018-01-30:12 AM",21.3879
"2018-01-31:12 AM",26.9917
"2018-02-01:12 AM",36.745
"2018-02-02:12 AM",16.6417
"2018-02-03:12 AM",20.5115
"2018-02-04:12 AM",30.7994
"2018-02-05:12 AM",21.1878
"2018-02-06:12 AM",26.9379
"2018-02-07:12 AM",31.6929
"2018-02-08:12 AM",21.9727
"2018-02-09:12 AM",30.7092
"2018-02-10:12 AM",39.4758
"2018-02-11:12 AM",48.1883
"2018-02-12:12 AM",33.3599
"2018-02-13:12 AM",32.3114
"2018-02-14:12 AM",47.4924
"2018-02-15:12 AM",59.0077
"2018-02-16:12 AM",49.5984
"2018-02-17:12 AM",33.1369
"2018-02-18:12 AM",35.0641
"2018-02-19:12 AM",47.883
"2018-02-20:12 AM",59.0101
"2018-02-21:12 AM",59.8361
"2018-02-22:12 AM",51.517
"2018-02-23:12 AM",55.4319
"2018-02-24:12 AM",55.5316
"2018-02-25:12 AM",53.8263
"2018-02-26:12 AM",41.1687
"2018-02-27:12 AM",38.8391
"2018-02-28:12 AM",46.1997
"2018-03-01:12 AM",48.765
"2018-03-02:12 AM",31.4688
"2018-03-03:12 AM",29.014
"2018-03-04:12 AM",29.925
"2018-03-05:12 AM",29.8848
"2018-03-06:12 AM",35.035
"2018-03-07:12 AM",33.0903
"2018-03-08:12 AM",26.8457
"2018-03-09:12 AM",27.0568
"2018-03-10:12 AM",30.8482
"2018-03-11:12 AM",32.8932
"2018-03-12:12 AM",31.6679
"2018-03-13:12 AM",28.0623
"2018-03-14:12 AM",24.4193
"2018-03-15:12 AM",31.1997
"2018-03-16:12 AM",27.7916
"2018-03-17:12 AM",33.4697
"2018-03-18:12 AM",35.335
"2018-03-19:12 AM",42.2229
"2018-03-20:12 AM",40.8256
"2018-03-21:12 AM",30.3433
"2018-03-22:12 AM",27.774
"2018-03-23:12 AM",28.9767
"2018-03-24:12 AM",31.5826
"2018-03-25:12 AM",31.9253
"2018-03-26:12 AM",34.862
"2018-03-27:12 AM",40.1117
"2018-03-28:12 AM",52.9385
"2018-03-29:12 AM",59.2335
"2018-03-30:12 AM",45.3418
"2018-03-31:12 AM",41.2106
"2018-04-01:12 AM",43.8296
"2018-04-02:12 AM",39.6316
"2018-04-03:12 AM",52.4385
"2018-04-04:12 AM",43.3659
"2018-04-05:12 AM",32.9954
"2018-04-06:12 AM",45.5283
"2018-04-07:12 AM",31.816
"2018-04-08:12 AM",28.5904
"2018-04-09:12 AM",34.959
"2018-04-10:12 AM",35.6401
"2018-04-11:12 AM",39.4932
"2018-04-12:12 AM",52.9578
"2018-04-13:12 AM",61.7144
"2018-04-14:12 AM",64.3136
"2018-04-15:12 AM",60.199
"2018-04-16:12 AM",37.8522
"2018-04-17:12 AM",32.823
"2018-04-18:12 AM",43.9489
"2018-04-19:12 AM",41.8024
"2018-04-20:12 AM",37.7285
"2018-04-21:12 AM",43.9561
"2018-04-22:12 AM",51.7417
"2018-04-23:12 AM",52.6599
"2018-04-24:12 AM",51.0568
"2018-04-25:12 AM",50.7409
"2018-04-26:12 AM",50.5083
"2018-04-27:12 AM",53.298
"2018-04-28:12 AM",50.3883
"2018-04-29:12 AM",40.3268
"2018-04-30:12 AM",44.2807
"2018-05-01:12 AM",54.9297
"2018-05-02:12 AM",64.1124
"2018-05-03:12 AM",69.8549
"2018-05-04:12 AM",69.0354
"2018-05-05:12 AM",60.6927
"2018-05-06:12 AM",56.3666
"2018-05-07:12 AM",55.5717
"2018-05-08:12 AM",59.6871
"2018-05-09:12 AM",63.6804
"2018-05-10:12 AM",64.4544
"2018-05-11:12 AM",66.0002
"2018-05-12:12 AM",69.7467
"2018-05-13:12 AM",69.8859
"2018-05-14:12 AM",71.5815
"2018-05-15:12 AM",73.0864
"2018-05-16:12 AM",65.7208
"2018-05-17:12 AM",66.1663
"2018-05-18:12 AM",65.3133
"2018-05-19:12 AM",66.5011
"2018-05-20:12 AM",69.562
"2018-05-21:12 AM",69.271
"2018-05-22:12 AM",69.2496
"2018-05-23:12 AM",65.2066
"2018-05-24:12 AM",64.7105
"2018-05-25:12 AM",69.2658
"2018-05-26:12 AM",70.0858
"2018-05-27:12 AM",71.0528
"2018-05-28:12 AM",71.2864
"2018-05-29:12 AM",71.785
"2018-05-30:12 AM",71.6225
"2018-05-31:12 AM",73.0566
"2018-06-01:12 AM",69.3806
"2018-06-02:12 AM",68.0072
"2018-06-03:12 AM",67.1014
"2018-06-04:12 AM",63.0709
"2018-06-05:12 AM",60.1653
"2018-06-06:12 AM",59.9571
"2018-06-07:12 AM",60.962
"2018-06-08:12 AM",68.866
"2018-06-09:12 AM",71.26
"2018-06-10:12 AM",71.2171
"2018-06-11:12 AM",65.5475
"2018-06-12:12 AM",66.3235
"2018-06-13:12 AM",69.0867
"2018-06-14:12 AM",70.5162
"2018-06-15:12 AM",66.7441
"2018-06-16:12 AM",69.4134
"2018-06-17:12 AM",75.1487
"2018-06-18:12 AM",77.0225
"2018-06-19:12 AM",76.026
"2018-06-20:12 AM",73.695
"2018-06-21:12 AM",70.1641
"2018-06-22:12 AM",69.0109
"2018-06-23:12 AM",68.6039
"2018-06-24:12 AM",69.715
"2018-06-25:12 AM",66.3516
"2018-06-26:12 AM",68.6635
"2018-06-27:12 AM",68.5476
"2018-06-28:12 AM",72.2457
"2018-06-29:12 AM",72.8514
"2018-06-30:12 AM",74.9671
"2018-07-01:12 AM",77.5474
"2018-07-02:12 AM",77.2552
"2018-07-03:12 AM",78.3907
"2018-07-04:12 AM",79.16
"2018-07-05:12 AM",77.7526
"2018-07-06:12 AM",70.4462
"2018-07-07:12 AM",67.5126
"2018-07-08:12 AM",66.2936
"2018-07-09:12 AM",68.7051
"2018-07-10:12 AM",72.5878
"2018-07-11:12 AM",72.2511
"2018-07-12:12 AM",70.2325
"2018-07-13:12 AM",72.2172
"2018-07-14:12 AM",74.7525
"2018-07-15:12 AM",75.2977
"2018-07-16:12 AM",74.838
"2018-07-17:12 AM",73.0294
"2018-07-18:12 AM",67.6006
"2018-07-19:12 AM",68.5116
"2018-07-20:12 AM",69.1041
"2018-07-21:12 AM",69.1101
"2018-07-22:12 AM",66.7854
"2018-07-23:12 AM",70.9214
"2018-07-24:12 AM",72.5405
"2018-07-25:12 AM",70.8172
"2018-07-26:12 AM",72.0556
"2018-07-27:12 AM",70.329
"2018-07-28:12 AM",66.6066
"2018-07-29:12 AM",67.3147
"2018-07-30:12 AM",69.7678
"2018-07-31:12 AM",70.6645
"2018-08-01:12 AM",70.2232
"2018-08-02:12 AM",69.5851
"2018-08-03:12 AM",68.8167
"2018-08-04:12 AM",71.0832
"2018-08-05:12 AM",73.0211
"2018-08-06:12 AM",74.3513
"2018-08-07:12 AM",74.5929
"2018-08-08:12 AM",74.0572
"2018-08-09:12 AM",71.6832
"2018-08-10:12 AM",70.4428
"2018-08-11:12 AM",68.4151
"2018-08-12:12 AM",67.0701
"2018-08-13:12 AM",65.433
"2018-08-14:12 AM",67.7233
"2018-08-15:12 AM",71.0695
"2018-08-16:12 AM",72.7515
"2018-08-17:12 AM",75.79
"2018-08-18:12 AM",69.5098
"2018-08-19:12 AM",68.9702
"2018-08-20:12 AM",70.358
"2018-08-21:12 AM",70.5191
"2018-08-22:12 AM",68.3229
"2018-08-23:12 AM",59.4984
"2018-08-24:12 AM",62.7273
"2018-08-25:12 AM",66.6651
"2018-08-26:12 AM",71.0874
"2018-08-27:12 AM",73.5994
"2018-08-28:12 AM",75.846
"2018-08-29:12 AM",75.8196
"2018-08-30:12 AM",71.8322
"2018-08-31:12 AM",71.406
"2018-09-01:12 AM",71.9091
"2018-09-02:12 AM",72.5236
"2018-09-03:12 AM",74.9196
"2018-09-04:12 AM",75.7629
"2018-09-05:12 AM",75.168
"2018-09-06:12 AM",74.8503
"2018-09-07:12 AM",72.7491
"2018-09-08:12 AM",67.4807
"2018-09-09:12 AM",63.6748
"2018-09-10:12 AM",63.3956
"2018-09-11:12 AM",64.3156
"2018-09-12:12 AM",68.6404
"2018-09-13:12 AM",72.1535
"2018-09-14:12 AM",72.0903
"2018-09-15:12 AM",71.3802
"2018-09-16:12 AM",68.743
"2018-09-17:12 AM",69.9303
"2018-09-18:12 AM",68.477
"2018-09-19:12 AM",68.8462
"2018-09-20:12 AM",69.5746
"2018-09-21:12 AM",73.3402
"2018-09-22:12 AM",65.5941
"2018-09-23:12 AM",60.5493
"2018-09-24:12 AM",61.7934
"2018-09-25:12 AM",64.5937
"2018-09-26:12 AM",66.5602
"2018-09-27:12 AM",58.5568
"2018-09-28:12 AM",58.2354
"2018-09-29:12 AM",55.7989
"2018-09-30:12 AM",59.1931
"2018-10-01:12 AM",65.7064
"2018-10-02:12 AM",67.4875
"2018-10-03:12 AM",67.3617
"2018-10-04:12 AM",69.1295
"2018-10-05:12 AM",65.9127
"2018-10-06:12 AM",69.433
"2018-10-07:12 AM",71.1675
"2018-10-08:12 AM",70.795
"2018-10-09:12 AM",68.8892
"2018-10-10:12 AM",67.8202
"2018-10-11:12 AM",63.7819
"2018-10-12:12 AM",46.8448
"2018-10-13:12 AM",40.5406
"2018-10-14:12 AM",46.5141
"2018-10-15:12 AM",57.1033
"2018-10-16:12 AM",48.6081
"2018-10-17:12 AM",46.2436
"2018-10-18:12 AM",39.7366
"2018-10-19:12 AM",44.7645
"2018-10-20:12 AM",49.5898
"2018-10-21:12 AM",34.7176
"2018-10-22:12 AM",40.2024
"2018-10-23:12 AM",45.0073
"2018-10-24:12 AM",38.3499
"2018-10-25:12 AM",38.1866
"2018-10-26:12 AM",40.6618
"2018-10-27:12 AM",44.0215
"2018-10-28:12 AM",45.5457
"2018-10-29:12 AM",43.4487
"2018-10-30:12 AM",44.3412
"2018-10-31:12 AM",54.3227
"2018-11-01:12 AM",59.4466
"2018-11-02:12 AM",51.1696
"2018-11-03:12 AM",39.6824
"2018-11-04:12 AM",41.9121
"2018-11-05:12 AM",50.7823
"2018-11-06:12 AM",54.3594
"2018-11-07:12 AM",47.2082
"2018-11-08:12 AM",41.522
"2018-11-09:12 AM",42.5748
"2018-11-10:12 AM",28.1707
"2018-11-11:12 AM",29.8859
"2018-11-12:12 AM",34.6937
"2018-11-13:12 AM",34.9533
"2018-11-14:12 AM",31.5687
"2018-11-15:12 AM",32.2345
"2018-11-16:12 AM",31.3943
"2018-11-17:12 AM",35.6623
"2018-11-18:12 AM",40.8713
"2018-11-19:12 AM",46.6828
"2018-11-20:12 AM",38.1468
"2018-11-21:12 AM",32.8118
"2018-11-22:12 AM",32.0889
"2018-11-23:12 AM",33.8488
"2018-11-24:12 AM",38.8499
"2018-11-25:12 AM",46.1586
"2018-11-26:12 AM",39.5199
"2018-11-27:12 AM",26.6387
"2018-11-28:12 AM",21.033
"2018-11-29:12 AM",27.4608
"2018-11-30:12 AM",39.5474
"2018-12-01:12 AM",43.561
"2018-12-02:12 AM",50.621
"2018-12-03:12 AM",42.0409
"2018-12-04:12 AM",33.0991
"2018-12-05:12 AM",28.8081
"2018-12-06:12 AM",28.0285
"2018-12-07:12 AM",27.0219
"2018-12-08:12 AM",25.1704
"2018-12-09:12 AM",27.2107
"2018-12-10:12 AM",24.7438
"2018-12-11:12 AM",23.9137
"2018-12-12:12 AM",30.8795
"2018-12-13:12 AM",38.6694
"2018-12-14:12 AM",39.3397
"2018-12-15:12 AM",45.5232
"2018-12-16:12 AM",42.5109
"2018-12-17:12 AM",38.2366
"2018-12-18:12 AM",32.7821
"2018-12-19:12 AM",36.1708
"2018-12-20:12 AM",40.7485
"2018-12-21:12 AM",42.8189
"2018-12-22:12 AM",32.9085
"2018-12-23:12 AM",34.2694
"2018-12-24:12 AM",31.4679
"2018-12-25:12 AM",29.8841
"2018-12-26:12 AM",31.4211
"2018-12-27:12 AM",35.6713
"2018-12-28:12 AM",47.2593
"2018-12-29:12 AM",38.6658
"2018-12-30:12 AM",35.7989
"2018-12-31:12 AM",44.3932
"2019-01-01:12 AM",46.4007
"2019-01-02:12 AM",40.5025
"2019-01-03:12 AM",38.0556
"2019-01-04:12 AM",38.0845
"2019-01-05:12 AM",39.1039
"2019-01-06:12 AM",41.0362
"2019-01-07:12 AM",38.9986
"2019-01-08:12 AM",46.9004
"2019-01-09:12 AM",30.1921
"2019-01-10:12 AM",21.0945
"2019-01-11:12 AM",22.1702
"2019-01-12:12 AM",28.8396
"2019-01-13:12 AM",29.4415
"2019-01-14:12 AM",27.8564
"2019-01-15:12 AM",24.7748
"2019-01-16:12 AM",27.9437
"2019-01-17:12 AM",28.4659
"2019-01-18:12 AM",33.5718
"2019-01-19:12 AM",35.2825
"2019-01-20:12 AM",22.3797
"2019-01-21:12 AM",6.9463
"2019-01-22:12 AM",18.7075
"2019-01-23:12 AM",38.334
"2019-01-24:12 AM",33.6108
"2019-01-25:12 AM",22.332
"2019-01-26:12 AM",22.9311
"2019-01-27:12 AM",28.7875
"2019-01-28:12 AM",29.1592
"2019-01-29:12 AM",25.7547
"2019-01-30:12 AM",10.7046
"2019-01-31:12 AM",5.2257
"2019-02-01:12 AM",20.2258
"2019-02-02:12 AM",30.9474
"2019-02-03:12 AM",40.2624
"2019-02-04:12 AM",43.7122
"2019-02-05:12 AM",51.2467
"2019-02-06:12 AM",51.9723
"2019-02-07:12 AM",56.0813
"2019-02-08:12 AM",36.4028
"2019-02-09:12 AM",22.5093
"2019-02-10:12 AM",28.708
"2019-02-11:12 AM",36.2061
"2019-02-12:12 AM",40.4787
"2019-02-13:12 AM",29.6692
"2019-02-14:12 AM",36.3011
"2019-02-15:12 AM",40.986
"2019-02-16:12 AM",30.9259
"2019-02-17:12 AM",32.913
"2019-02-18:12 AM",31.7698
"2019-02-19:12 AM",28.6963
"2019-02-20:12 AM",33.4342
"2019-02-21:12 AM",39.4138
"2019-02-22:12 AM",37.8867
"2019-02-23:12 AM",38.9214
"2019-02-24:12 AM",40.231
"2019-02-25:12 AM",28.7733
"2019-02-26:12 AM",31.9991
"2019-02-27:12 AM",38.6791
"2019-02-28:12 AM",38.0406
"2019-03-01:12 AM",35.1529
"2019-03-02:12 AM",35.2076
"2019-03-03:12 AM",33.1248
"2019-03-04:12 AM",22.4994
"2019-03-05:12 AM",16.0682
"2019-03-06:12 AM",15.9093
"2019-03-07:12 AM",22.2217
"2019-03-08:12 AM",29.7851
"2019-03-09:12 AM",34.3661
"2019-03-10:12 AM",44.9346
"2019-03-11:12 AM",39.7087
"2019-03-12:12 AM",33.1714
"2019-03-13:12 AM",42.7309
"2019-03-14:12 AM",54.0801
"2019-03-15:12 AM",52.1119