"DateTime","(deg F) Mean Temperature (CFSR) at Wyoming, 2010-01-01 to 2019-03-14"
"2010-01-01:12 AM",20.2588
"2010-01-02:12 AM",25.6732
"2010-01-03:12 AM",20.1452
"2010-01-04:12 AM",17.0026
"2010-01-05:12 AM",23.596
"2010-01-06:12 AM",14.9995
"2010-01-07:12 AM",-3.1729
"2010-01-08:12 AM",6.7764
"2010-01-09:12 AM",16.6627
"2010-01-10:12 AM",20.0944
"2010-01-11:12 AM",22.1446
"2010-01-12:12 AM",24.962
"2010-01-13:12 AM",26.0074
"2010-01-14:12 AM",24.6958
"2010-01-15:12 AM",23.5254
"2010-01-16:12 AM",26.1342
"2010-01-17:12 AM",26.2395
"2010-01-18:12 AM",26.1257
"2010-01-19:12 AM",26.9339
"2010-01-20:12 AM",22.9188
"2010-01-21:12 AM",23.4964
"2010-01-22:12 AM",25.374
"2010-01-23:12 AM",21.8379
"2010-01-24:12 AM",18.3373
"2010-01-25:12 AM",16.0272
"2010-01-26:12 AM",18.9655
"2010-01-27:12 AM",19.6709
"2010-01-28:12 AM",17.8012
"2010-01-29:12 AM",17.3687
"2010-01-30:12 AM",19.989
"2010-01-31:12 AM",20.2651
"2010-02-01:12 AM",22.2195
"2010-02-02:12 AM",19.3721
"2010-02-03:12 AM",21.7542
"2010-02-04:12 AM",24.3918
"2010-02-05:12 AM",22.3677
"2010-02-06:12 AM",24.1574
"2010-02-07:12 AM",21.0425
"2010-02-08:12 AM",12.8498
"2010-02-09:12 AM",10.9936
"2010-02-10:12 AM",15.9456
"2010-02-11:12 AM",19.6956
"2010-02-12:12 AM",23.8779
"2010-02-13:12 AM",25.9698
"2010-02-14:12 AM",15.8524
"2010-02-15:12 AM",17.5399
"2010-02-16:12 AM",21.6432
"2010-02-17:12 AM",25.6996
"2010-02-18:12 AM",23.288
"2010-02-19:12 AM",17.7505
"2010-02-20:12 AM",14.9967
"2010-02-21:12 AM",14.4063
"2010-02-22:12 AM",11.561
"2010-02-23:12 AM",17.9397
"2010-02-24:12 AM",22.9231
"2010-02-25:12 AM",26.7183
"2010-02-26:12 AM",23.9131
"2010-02-27:12 AM",26.2908
"2010-02-28:12 AM",28.2427
"2010-03-01:12 AM",28.6605
"2010-03-02:12 AM",29.4316
"2010-03-03:12 AM",32.0637
"2010-03-04:12 AM",32.5161
"2010-03-05:12 AM",31.7343
"2010-03-06:12 AM",31.899
"2010-03-07:12 AM",31.6828
"2010-03-08:12 AM",33.2949
"2010-03-09:12 AM",31.4377
"2010-03-10:12 AM",26.6967
"2010-03-11:12 AM",25.7625
"2010-03-12:12 AM",28.4241
"2010-03-13:12 AM",33.0573
"2010-03-14:12 AM",31.5617
"2010-03-15:12 AM",33.1385
"2010-03-16:12 AM",36.0928
"2010-03-17:12 AM",38.9554
"2010-03-18:12 AM",36.1461
"2010-03-19:12 AM",24.7327
"2010-03-20:12 AM",24.6043
"2010-03-21:12 AM",30.8388
"2010-03-22:12 AM",35.2269
"2010-03-23:12 AM",30.555
"2010-03-24:12 AM",29.7774
"2010-03-25:12 AM",31.7502
"2010-03-26:12 AM",31.3565
"2010-03-27:12 AM",31.2913
"2010-03-28:12 AM",33.4855
"2010-03-29:12 AM",39.4441
"2010-03-30:12 AM",42.0656
"2010-03-31:12 AM",34.2633
"2010-04-01:12 AM",30.3588
"2010-04-02:12 AM",26.9643
"2010-04-03:12 AM",27.9779
"2010-04-04:12 AM",26.985
"2010-04-05:12 AM",32.9772
"2010-04-06:12 AM",29.7914
"2010-04-07:12 AM",30.1933
"2010-04-08:12 AM",32.5411
"2010-04-09:12 AM",33.0033
"2010-04-10:12 AM",32.8078
"2010-04-11:12 AM",41.817
"2010-04-12:12 AM",46.2727
"2010-04-13:12 AM",40.2676
"2010-04-14:12 AM",38.6735
"2010-04-15:12 AM",42.0955
"2010-04-16:12 AM",43.5119
"2010-04-17:12 AM",46.0303
"2010-04-18:12 AM",48.3649
"2010-04-19:12 AM",50.6415
"2010-04-20:12 AM",51.6304
"2010-04-21:12 AM",50.175
"2010-04-22:12 AM",44.694
"2010-04-23:12 AM",40.1128
"2010-04-24:12 AM",40.3817
"2010-04-25:12 AM",37.5147
"2010-04-26:12 AM",36.165
"2010-04-27:12 AM",44.4958
"2010-04-28:12 AM",44.0134
"2010-04-29:12 AM",34.8273
"2010-04-30:12 AM",32.8323
"2010-05-01:12 AM",35.6538
"2010-05-02:12 AM",36.9356
"2010-05-03:12 AM",41.1472
"2010-05-04:12 AM",39.2713
"2010-05-05:12 AM",35.5597
"2010-05-06:12 AM",33.0368
"2010-05-07:12 AM",30.976
"2010-05-08:12 AM",36.2104
"2010-05-09:12 AM",44.2134
"2010-05-10:12 AM",40.4811
"2010-05-11:12 AM",36.3398
"2010-05-12:12 AM",34.0772
"2010-05-13:12 AM",37.3021
"2010-05-14:12 AM",42.8023
"2010-05-15:12 AM",45.7687
"2010-05-16:12 AM",49.2139
"2010-05-17:12 AM",54.6147
"2010-05-18:12 AM",54.0405
"2010-05-19:12 AM",48.0501
"2010-05-20:12 AM",49.4681
"2010-05-21:12 AM",46.9951
"2010-05-22:12 AM",46.85
"2010-05-23:12 AM",44.1966
"2010-05-24:12 AM",43.3191
"2010-05-25:12 AM",44.267
"2010-05-26:12 AM",52.3387
"2010-05-27:12 AM",60.1554
"2010-05-28:12 AM",63.0034
"2010-05-29:12 AM",49.9687
"2010-05-30:12 AM",46.6705
"2010-05-31:12 AM",51.6486
"2010-06-01:12 AM",52.1413
"2010-06-02:12 AM",53.121
"2010-06-03:12 AM",57.2005
"2010-06-04:12 AM",57.7546
"2010-06-05:12 AM",57.7256
"2010-06-06:12 AM",58.9779
"2010-06-07:12 AM",59.6966
"2010-06-08:12 AM",56.7471
"2010-06-09:12 AM",57.6876
"2010-06-10:12 AM",57.3073
"2010-06-11:12 AM",48.5587
"2010-06-12:12 AM",41.8982
"2010-06-13:12 AM",43.4334
"2010-06-14:12 AM",49.2456
"2010-06-15:12 AM",56.19
"2010-06-16:12 AM",61.1346
"2010-06-17:12 AM",51.5091
"2010-06-18:12 AM",53.5881
"2010-06-19:12 AM",59.7049
"2010-06-20:12 AM",62.0785
"2010-06-21:12 AM",61.7995
"2010-06-22:12 AM",59.0283
"2010-06-23:12 AM",58.8065
"2010-06-24:12 AM",66.8521
"2010-06-25:12 AM",69.525
"2010-06-26:12 AM",66.6626
"2010-06-27:12 AM",63.4044
"2010-06-28:12 AM",66.9468
"2010-06-29:12 AM",72.1454
"2010-06-30:12 AM",72.963
"2010-07-01:12 AM",71.8686
"2010-07-02:12 AM",72.3382
"2010-07-03:12 AM",65.9428
"2010-07-04:12 AM",57.1496
"2010-07-05:12 AM",58.8238
"2010-07-06:12 AM",56.7613
"2010-07-07:12 AM",55.1343
"2010-07-08:12 AM",61.3386
"2010-07-09:12 AM",66.1073
"2010-07-10:12 AM",67.401
"2010-07-11:12 AM",64.155
"2010-07-12:12 AM",67.6098
"2010-07-13:12 AM",70.9974
"2010-07-14:12 AM",66.6975
"2010-07-15:12 AM",65.8153
"2010-07-16:12 AM",70.8501
"2010-07-17:12 AM",74.1191
"2010-07-18:12 AM",72.5828
"2010-07-19:12 AM",72.0379
"2010-07-20:12 AM",66.5154
"2010-07-21:12 AM",68.4415
"2010-07-22:12 AM",68.1555
"2010-07-23:12 AM",68.5036
"2010-07-24:12 AM",65.7552
"2010-07-25:12 AM",71.6968
"2010-07-26:12 AM",75.0382
"2010-07-27:12 AM",71.5204
"2010-07-28:12 AM",70.3035
"2010-07-29:12 AM",71.7418
"2010-07-30:12 AM",71.6198
"2010-07-31:12 AM",74.0188
"2010-08-01:12 AM",71.82
"2010-08-02:12 AM",71.2206
"2010-08-03:12 AM",70.2586
"2010-08-04:12 AM",67.5851
"2010-08-05:12 AM",67.4865
"2010-08-06:12 AM",69.4537
"2010-08-07:12 AM",70.2522
"2010-08-08:12 AM",69.6929
"2010-08-09:12 AM",68.0842
"2010-08-10:12 AM",67.7629
"2010-08-11:12 AM",70.2768
"2010-08-12:12 AM",67.2409
"2010-08-13:12 AM",61.7286
"2010-08-14:12 AM",58.4802
"2010-08-15:12 AM",60.7534
"2010-08-16:12 AM",63.6282
"2010-08-17:12 AM",67.1392
"2010-08-18:12 AM",72.2444
"2010-08-19:12 AM",68.3548
"2010-08-20:12 AM",67.1083
"2010-08-21:12 AM",71.7156
"2010-08-22:12 AM",73.8133
"2010-08-23:12 AM",62.8367
"2010-08-24:12 AM",59.3206
"2010-08-25:12 AM",66.0031
"2010-08-26:12 AM",71.4096
"2010-08-27:12 AM",72.0772
"2010-08-28:12 AM",67.3259
"2010-08-29:12 AM",64.9688
"2010-08-30:12 AM",58.887
"2010-08-31:12 AM",53.3241
"2010-09-01:12 AM",56.3524
"2010-09-02:12 AM",53.9521
"2010-09-03:12 AM",57.5676
"2010-09-04:12 AM",65.7927
"2010-09-05:12 AM",64.5415
"2010-09-06:12 AM",49.8913
"2010-09-07:12 AM",53.4151
"2010-09-08:12 AM",62.9789
"2010-09-09:12 AM",60.1794
"2010-09-10:12 AM",50.8861
"2010-09-11:12 AM",52.2507
"2010-09-12:12 AM",57.5076
"2010-09-13:12 AM",61.5488
"2010-09-14:12 AM",61.9048
"2010-09-15:12 AM",58.9948
"2010-09-16:12 AM",59.4896
"2010-09-17:12 AM",60.6423
"2010-09-18:12 AM",57.366
"2010-09-19:12 AM",63.6697
"2010-09-20:12 AM",63.5074
"2010-09-21:12 AM",56.3313
"2010-09-22:12 AM",57.8896
"2010-09-23:12 AM",53.1982
"2010-09-24:12 AM",55.4274
"2010-09-25:12 AM",58.528
"2010-09-26:12 AM",64.3973
"2010-09-27:12 AM",64.0263
"2010-09-28:12 AM",65.0772
"2010-09-29:12 AM",62.7894
"2010-09-30:12 AM",59.509
"2010-10-01:12 AM",58.6845
"2010-10-02:12 AM",58.2991
"2010-10-03:12 AM",60.8947
"2010-10-04:12 AM",60.1614
"2010-10-05:12 AM",58.1346
"2010-10-06:12 AM",56.203
"2010-10-07:12 AM",56.8281
"2010-10-08:12 AM",51.1331
"2010-10-09:12 AM",46.4758
"2010-10-10:12 AM",48.7018
"2010-10-11:12 AM",49.8267
"2010-10-12:12 AM",45.8659
"2010-10-13:12 AM",44.4015
"2010-10-14:12 AM",50.2534
"2010-10-15:12 AM",52.7218
"2010-10-16:12 AM",49.2138
"2010-10-17:12 AM",49.2705
"2010-10-18:12 AM",44.6898
"2010-10-19:12 AM",44.7804
"2010-10-20:12 AM",46.8837
"2010-10-21:12 AM",48.351
"2010-10-22:12 AM",47.3689
"2010-10-23:12 AM",45.4694
"2010-10-24:12 AM",42.9998
"2010-10-25:12 AM",38.7158
"2010-10-26:12 AM",31.7745
"2010-10-27:12 AM",30.1748
"2010-10-28:12 AM",33.3021
"2010-10-29:12 AM",42.3849
"2010-10-30:12 AM",43.628
"2010-10-31:12 AM",42.4524
"2010-11-01:12 AM",39.6975
"2010-11-02:12 AM",43.7124
"2010-11-03:12 AM",41.9313
"2010-11-04:12 AM",38.8281
"2010-11-05:12 AM",44.0226
"2010-11-06:12 AM",48.1667
"2010-11-07:12 AM",47.5039
"2010-11-08:12 AM",44.3345
"2010-11-09:12 AM",32.7816
"2010-11-10:12 AM",25.5465
"2010-11-11:12 AM",23.3658
"2010-11-12:12 AM",24.6355
"2010-11-13:12 AM",25.5591
"2010-11-14:12 AM",25.4059
"2010-11-15:12 AM",30.5474
"2010-11-16:12 AM",31.6386
"2010-11-17:12 AM",26.1385
"2010-11-18:12 AM",34.6242
"2010-11-19:12 AM",33.9053
"2010-11-20:12 AM",31.9676
"2010-11-21:12 AM",25.6096
"2010-11-22:12 AM",20.5696
"2010-11-23:12 AM",24.1691
"2010-11-24:12 AM",9.3067
"2010-11-25:12 AM",8.9589
"2010-11-26:12 AM",19.2643
"2010-11-27:12 AM",26.3124
"2010-11-28:12 AM",24.8909
"2010-11-29:12 AM",18.6805
"2010-11-30:12 AM",15.7903
"2010-12-01:12 AM",25.5891
"2010-12-02:12 AM",30.0151
"2010-12-03:12 AM",33.3995
"2010-12-04:12 AM",25.7036
"2010-12-05:12 AM",25.4113
"2010-12-06:12 AM",27.4608
"2010-12-07:12 AM",29.6238
"2010-12-08:12 AM",29.9059
"2010-12-09:12 AM",32.8314
"2010-12-10:12 AM",31.5619
"2010-12-11:12 AM",23.1193
"2010-12-12:12 AM",28.4464
"2010-12-13:12 AM",35.7661
"2010-12-14:12 AM",36.2428
"2010-12-15:12 AM",28.7859
"2010-12-16:12 AM",13.4501
"2010-12-17:12 AM",7.7124
"2010-12-18:12 AM",13.2744
"2010-12-19:12 AM",26.0461
"2010-12-20:12 AM",27.2579
"2010-12-21:12 AM",21.18
"2010-12-22:12 AM",24.363
"2010-12-23:12 AM",28.5721
"2010-12-24:12 AM",24.112
"2010-12-25:12 AM",22.9941
"2010-12-26:12 AM",25.747
"2010-12-27:12 AM",23.3332
"2010-12-28:12 AM",20.4004
"2010-12-29:12 AM",25.732
"2010-12-30:12 AM",11.3146
"2010-12-31:12 AM",-1.3983
"2011-01-01:12 AM",-4.2558
"2011-01-02:12 AM",4.8265
"2011-01-03:12 AM",7.8962
"2011-01-04:12 AM",8.3008
"2011-01-05:12 AM",15.17
"2011-01-06:12 AM",19.6126
"2011-01-07:12 AM",22.2373
"2011-01-08:12 AM",24.766
"2011-01-09:12 AM",12.2889
"2011-01-10:12 AM",-1.0147
"2011-01-11:12 AM",-3.3086
"2011-01-12:12 AM",7.1395
"2011-01-13:12 AM",24.7986
"2011-01-14:12 AM",27.0061
"2011-01-15:12 AM",27.664
"2011-01-16:12 AM",29.1744
"2011-01-17:12 AM",33.2604
"2011-01-18:12 AM",26.897
"2011-01-19:12 AM",21.6032
"2011-01-20:12 AM",11.6469
"2011-01-21:12 AM",20.2059
"2011-01-22:12 AM",23.6091
"2011-01-23:12 AM",17.8259
"2011-01-24:12 AM",18.4521
"2011-01-25:12 AM",20.4964
"2011-01-26:12 AM",21.8147
"2011-01-27:12 AM",23.4759
"2011-01-28:12 AM",25.7538
"2011-01-29:12 AM",25.5294
"2011-01-30:12 AM",24.2656
"2011-01-31:12 AM",8.7719
"2011-02-01:12 AM",-10.0075
"2011-02-02:12 AM",-9.9265
"2011-02-03:12 AM",9.3515
"2011-02-04:12 AM",20.7354
"2011-02-05:12 AM",25.3517
"2011-02-06:12 AM",15.6034
"2011-02-07:12 AM",18.4957
"2011-02-08:12 AM",4.4649
"2011-02-09:12 AM",-0.8151
"2011-02-10:12 AM",10.9398
"2011-02-11:12 AM",17.0985
"2011-02-12:12 AM",25.0097
"2011-02-13:12 AM",28.3228
"2011-02-14:12 AM",27.2835
"2011-02-15:12 AM",30.33
"2011-02-16:12 AM",31.3882
"2011-02-17:12 AM",24.9732
"2011-02-18:12 AM",22.6936
"2011-02-19:12 AM",24.8515
"2011-02-20:12 AM",17.897
"2011-02-21:12 AM",14.3992
"2011-02-22:12 AM",17.0897
"2011-02-23:12 AM",17.8137
"2011-02-24:12 AM",12.8595
"2011-02-25:12 AM",10.1469
"2011-02-26:12 AM",14.8669
"2011-02-27:12 AM",14.9236
"2011-02-28:12 AM",16.3544
"2011-03-01:12 AM",23.5755
"2011-03-02:12 AM",24.4357
"2011-03-03:12 AM",30.6054
"2011-03-04:12 AM",24.9656
"2011-03-05:12 AM",22.6087
"2011-03-06:12 AM",25.9045
"2011-03-07:12 AM",18.716
"2011-03-08:12 AM",20.1907
"2011-03-09:12 AM",23.2547
"2011-03-10:12 AM",29.8965
"2011-03-11:12 AM",31.2606
"2011-03-12:12 AM",27.2955
"2011-03-13:12 AM",30.2918
"2011-03-14:12 AM",32.9725
"2011-03-15:12 AM",32.8748
"2011-03-16:12 AM",39.7247
"2011-03-17:12 AM",30.8489
"2011-03-18:12 AM",27.7781
"2011-03-19:12 AM",33.9354
"2011-03-20:12 AM",32.4264
"2011-03-21:12 AM",37.6909
"2011-03-22:12 AM",31.4838
"2011-03-23:12 AM",27.9819
"2011-03-24:12 AM",28.4722
"2011-03-25:12 AM",30.3017
"2011-03-26:12 AM",29.1695
"2011-03-27:12 AM",29.4269
"2011-03-28:12 AM",27.799
"2011-03-29:12 AM",27.1427
"2011-03-30:12 AM",31.2517
"2011-03-31:12 AM",39.0225
"2011-04-01:12 AM",40.303
"2011-04-02:12 AM",44.2429
"2011-04-03:12 AM",31.3381
"2011-04-04:12 AM",26.1455
"2011-04-05:12 AM",35.8045
"2011-04-06:12 AM",33.6123
"2011-04-07:12 AM",37.432
"2011-04-08:12 AM",38.0363
"2011-04-09:12 AM",36.3844
"2011-04-10:12 AM",33.1198
"2011-04-11:12 AM",36.1378
"2011-04-12:12 AM",37.3993
"2011-04-13:12 AM",35.8966
"2011-04-14:12 AM",33.2379
"2011-04-15:12 AM",31.5736
"2011-04-16:12 AM",37.4576
"2011-04-17:12 AM",40.3245
"2011-04-18:12 AM",36.3411
"2011-04-19:12 AM",30.6513
"2011-04-20:12 AM",30.0785
"2011-04-21:12 AM",38.6737
"2011-04-22:12 AM",31.5846
"2011-04-23:12 AM",29.4183
"2011-04-24:12 AM",32.9479
"2011-04-25:12 AM",36.1922
"2011-04-26:12 AM",33.8094
"2011-04-27:12 AM",32.4988
"2011-04-28:12 AM",37.0386
"2011-04-29:12 AM",34.0414
"2011-04-30:12 AM",28.0292
"2011-05-01:12 AM",28.7307
"2011-05-02:12 AM",32.6529
"2011-05-03:12 AM",38.4111
"2011-05-04:12 AM",37.0504
"2011-05-05:12 AM",39.7047
"2011-05-06:12 AM",45.8726
"2011-05-07:12 AM",49.0726
"2011-05-08:12 AM",50.9423
"2011-05-09:12 AM",45.9117
"2011-05-10:12 AM",39.9382
"2011-05-11:12 AM",37.4268
"2011-05-12:12 AM",41.0783
"2011-05-13:12 AM",44.9708
"2011-05-14:12 AM",40.6452
"2011-05-15:12 AM",40.838
"2011-05-16:12 AM",45.2307
"2011-05-17:12 AM",42.5309
"2011-05-18:12 AM",39.3003
"2011-05-19:12 AM",38.8054
"2011-05-20:12 AM",39.7501
"2011-05-21:12 AM",43.4986
"2011-05-22:12 AM",47.5689
"2011-05-23:12 AM",47.4969
"2011-05-24:12 AM",45.8478
"2011-05-25:12 AM",45.7048
"2011-05-26:12 AM",46.3172
"2011-05-27:12 AM",41.329
"2011-05-28:12 AM",41.628
"2011-05-29:12 AM",41.385
"2011-05-30:12 AM",41.335
"2011-05-31:12 AM",44.4718
"2011-06-01:12 AM",52.9477
"2011-06-02:12 AM",54.381
"2011-06-03:12 AM",46.4511
"2011-06-04:12 AM",51.0741
"2011-06-05:12 AM",60.9093
"2011-06-06:12 AM",63.145
"2011-06-07:12 AM",54.5837
"2011-06-08:12 AM",51.2049
"2011-06-09:12 AM",48.2902
"2011-06-10:12 AM",48.1285
"2011-06-11:12 AM",53.02
"2011-06-12:12 AM",55.7587
"2011-06-13:12 AM",55.3955
"2011-06-14:12 AM",54.9588
"2011-06-15:12 AM",56.0775
"2011-06-16:12 AM",54.4903
"2011-06-17:12 AM",50.4703
"2011-06-18:12 AM",53.7732
"2011-06-19:12 AM",51.9816
"2011-06-20:12 AM",50.5441
"2011-06-21:12 AM",54.3724
"2011-06-22:12 AM",59.3055
"2011-06-23:12 AM",62.7231
"2011-06-24:12 AM",63.0768
"2011-06-25:12 AM",62.0096
"2011-06-26:12 AM",59.9025
"2011-06-27:12 AM",57.2135
"2011-06-28:12 AM",66.6201
"2011-06-29:12 AM",71.1237
"2011-06-30:12 AM",66.1725
"2011-07-01:12 AM",61.6991
"2011-07-02:12 AM",64.8495
"2011-07-03:12 AM",70.5013
"2011-07-04:12 AM",68.9212
"2011-07-05:12 AM",66.3211
"2011-07-06:12 AM",67.0532
"2011-07-07:12 AM",66.8876
"2011-07-08:12 AM",66.4315
"2011-07-09:12 AM",65.2764
"2011-07-10:12 AM",66.8921
"2011-07-11:12 AM",67.116
"2011-07-12:12 AM",63.8586
"2011-07-13:12 AM",65.5185
"2011-07-14:12 AM",67.7845
"2011-07-15:12 AM",67.7192
"2011-07-16:12 AM",70.0567
"2011-07-17:12 AM",72.9178
"2011-07-18:12 AM",72.8206
"2011-07-19:12 AM",71.1583
"2011-07-20:12 AM",67.5817
"2011-07-21:12 AM",67.5205
"2011-07-22:12 AM",69.6083
"2011-07-23:12 AM",67.3716
"2011-07-24:12 AM",69.7215
"2011-07-25:12 AM",72.1204
"2011-07-26:12 AM",70.3963
"2011-07-27:12 AM",67.0968
"2011-07-28:12 AM",67.1382
"2011-07-29:12 AM",68.8707
"2011-07-30:12 AM",70.9443
"2011-07-31:12 AM",71.3406
"2011-08-01:12 AM",68.3577
"2011-08-02:12 AM",66.4259
"2011-08-03:12 AM",67.5934
"2011-08-04:12 AM",67.2112
"2011-08-05:12 AM",67.9719
"2011-08-06:12 AM",66.3852
"2011-08-07:12 AM",67.0285
"2011-08-08:12 AM",65.3718
"2011-08-09:12 AM",63.0435
"2011-08-10:12 AM",62.7892
"2011-08-11:12 AM",66.1939
"2011-08-12:12 AM",63.9347
"2011-08-13:12 AM",65.1436
"2011-08-14:12 AM",68.7371
"2011-08-15:12 AM",68.4235
"2011-08-16:12 AM",64.6527
"2011-08-17:12 AM",66.2922
"2011-08-18:12 AM",69.1576
"2011-08-19:12 AM",66.4329
"2011-08-20:12 AM",64.9983
"2011-08-21:12 AM",68.9394
"2011-08-22:12 AM",71.6963
"2011-08-23:12 AM",72.7192
"2011-08-24:12 AM",71.1919
"2011-08-25:12 AM",72.1567
"2011-08-26:12 AM",71.35
"2011-08-27:12 AM",73.0506
"2011-08-28:12 AM",70.6525
"2011-08-29:12 AM",65.8265
"2011-08-30:12 AM",65.9408
"2011-08-31:12 AM",68.8897
"2011-09-01:12 AM",64.9267
"2011-09-02:12 AM",60.9354
"2011-09-03:12 AM",55.101
"2011-09-04:12 AM",55.9897
"2011-09-05:12 AM",61.9848
"2011-09-06:12 AM",59.754
"2011-09-07:12 AM",58.9401
"2011-09-08:12 AM",59.5551
"2011-09-09:12 AM",60.0987
"2011-09-10:12 AM",60.4287
"2011-09-11:12 AM",61.3927
"2011-09-12:12 AM",61.002
"2011-09-13:12 AM",58.8445
"2011-09-14:12 AM",50.8109
"2011-09-15:12 AM",50.6422
"2011-09-16:12 AM",55.1323
"2011-09-17:12 AM",52.84
"2011-09-18:12 AM",51.0228
"2011-09-19:12 AM",54.6897
"2011-09-20:12 AM",49.8762
"2011-09-21:12 AM",47.6726
"2011-09-22:12 AM",53.2004
"2011-09-23:12 AM",59.6638
"2011-09-24:12 AM",62.1149
"2011-09-25:12 AM",62.5816
"2011-09-26:12 AM",61.3868
"2011-09-27:12 AM",60.2103
"2011-09-28:12 AM",61.5807
"2011-09-29:12 AM",54.6444
"2011-09-30:12 AM",57.6631
"2011-10-01:12 AM",61.7706
"2011-10-02:12 AM",61.5349
"2011-10-03:12 AM",59.545
"2011-10-04:12 AM",59.2968
"2011-10-05:12 AM",54.7187
"2011-10-06:12 AM",47.3563
"2011-10-07:12 AM",38.9311
"2011-10-08:12 AM",37.8167
"2011-10-09:12 AM",37.8945
"2011-10-10:12 AM",39.5699
"2011-10-11:12 AM",43.9891
"2011-10-12:12 AM",42.0922
"2011-10-13:12 AM",43.0072
"2011-10-14:12 AM",45.0433
"2011-10-15:12 AM",50.2493
"2011-10-16:12 AM",46.1237
"2011-10-17:12 AM",40.2656
"2011-10-18:12 AM",37.0625
"2011-10-19:12 AM",39.5206
"2011-10-20:12 AM",43.3454
"2011-10-21:12 AM",43.6213
"2011-10-22:12 AM",44.6247
"2011-10-23:12 AM",45.3569
"2011-10-24:12 AM",46.4205
"2011-10-25:12 AM",37.7818
"2011-10-26:12 AM",27.2714
"2011-10-27:12 AM",28.071
"2011-10-28:12 AM",29.394
"2011-10-29:12 AM",36.3875
"2011-10-30:12 AM",36.9808
"2011-10-31:12 AM",41.1141
"2011-11-01:12 AM",32.5359
"2011-11-02:12 AM",23.7288
"2011-11-03:12 AM",25.6928
"2011-11-04:12 AM",31.4281
"2011-11-05:12 AM",29.9424
"2011-11-06:12 AM",21.6093
"2011-11-07:12 AM",18.4712
"2011-11-08:12 AM",18.2899
"2011-11-09:12 AM",17.6326
"2011-11-10:12 AM",22.7858
"2011-11-11:12 AM",26.8662
"2011-11-12:12 AM",30.1975
"2011-11-13:12 AM",27.1553
"2011-11-14:12 AM",27.8064
"2011-11-15:12 AM",23.8455
"2011-11-16:12 AM",15.5185
"2011-11-17:12 AM",24.3756
"2011-11-18:12 AM",29.0948
"2011-11-19:12 AM",16.8202
"2011-11-20:12 AM",16.5474
"2011-11-21:12 AM",24.4931
"2011-11-22:12 AM",26.3041
"2011-11-23:12 AM",29.5322
"2011-11-24:12 AM",31.1184
"2011-11-25:12 AM",30.1269
"2011-11-26:12 AM",16.5088
"2011-11-27:12 AM",23.3658
"2011-11-28:12 AM",29.062
"2011-11-29:12 AM",27.3497
"2011-11-30:12 AM",29.0678
"2011-12-01:12 AM",17.2195
"2011-12-02:12 AM",15.3477
"2011-12-03:12 AM",12.9519
"2011-12-04:12 AM",10.2418
"2011-12-05:12 AM",-1.5702
"2011-12-06:12 AM",7.5195
"2011-12-07:12 AM",14.5042
"2011-12-08:12 AM",14.2601
"2011-12-09:12 AM",14.4322
"2011-12-10:12 AM",16.1841
"2011-12-11:12 AM",17.213
"2011-12-12:12 AM",15.0638
"2011-12-13:12 AM",17.5275
"2011-12-14:12 AM",19.3046
"2011-12-15:12 AM",15.98
"2011-12-16:12 AM",15.5116
"2011-12-17:12 AM",19.7524
"2011-12-18:12 AM",21.9639
"2011-12-19:12 AM",19.429
"2011-12-20:12 AM",18.3799
"2011-12-21:12 AM",20.219
"2011-12-22:12 AM",10.1284
"2011-12-23:12 AM",11.1243
"2011-12-24:12 AM",15.3453
"2011-12-25:12 AM",20.0761
"2011-12-26:12 AM",20.6006
"2011-12-27:12 AM",19.9182
"2011-12-28:12 AM",26.3817
"2011-12-29:12 AM",32.3647
"2011-12-30:12 AM",30.7069
"2011-12-31:12 AM",25.3954
"2012-01-01:12 AM",16.8355
"2012-01-02:12 AM",22.8261
"2012-01-03:12 AM",29.5641
"2012-01-04:12 AM",28.3662
"2012-01-05:12 AM",31.4944
"2012-01-06:12 AM",26.3719
"2012-01-07:12 AM",22.6071
"2012-01-08:12 AM",19.7481
"2012-01-09:12 AM",24.4981
"2012-01-10:12 AM",26.2324
"2012-01-11:12 AM",14.9007
"2012-01-12:12 AM",10.1062
"2012-01-13:12 AM",17.1991
"2012-01-14:12 AM",22.3835
"2012-01-15:12 AM",27.025
"2012-01-16:12 AM",16.6095
"2012-01-17:12 AM",6.4409
"2012-01-18:12 AM",17.7474
"2012-01-19:12 AM",27.5009
"2012-01-20:12 AM",28.962
"2012-01-21:12 AM",31.3173
"2012-01-22:12 AM",24.0867
"2012-01-23:12 AM",20.4418
"2012-01-24:12 AM",21.4029
"2012-01-25:12 AM",23.4531
"2012-01-26:12 AM",28.0974
"2012-01-27:12 AM",19.8009
"2012-01-28:12 AM",15.5403
"2012-01-29:12 AM",24.4351
"2012-01-30:12 AM",27.6199
"2012-01-31:12 AM",24.1542
"2012-02-01:12 AM",23.3424
"2012-02-02:12 AM",24.9553
"2012-02-03:12 AM",21.3989
"2012-02-04:12 AM",17.285
"2012-02-05:12 AM",17.8551
"2012-02-06:12 AM",17.9811
"2012-02-07:12 AM",16.8064
"2012-02-08:12 AM",17.6391
"2012-02-09:12 AM",23.5519
"2012-02-10:12 AM",22.0678
"2012-02-11:12 AM",20.0269
"2012-02-12:12 AM",21.9443
"2012-02-13:12 AM",24.2269
"2012-02-14:12 AM",21.2504
"2012-02-15:12 AM",18.6651
"2012-02-16:12 AM",18.2181
"2012-02-17:12 AM",21.1017
"2012-02-18:12 AM",21.2117
"2012-02-19:12 AM",22.4679
"2012-02-20:12 AM",17.1927
"2012-02-21:12 AM",23.2048
"2012-02-22:12 AM",32.637
"2012-02-23:12 AM",21.4225
"2012-02-24:12 AM",18.2568
"2012-02-25:12 AM",22.7296
"2012-02-26:12 AM",17.4292
"2012-02-27:12 AM",18.4053
"2012-02-28:12 AM",22.3898
"2012-02-29:12 AM",19.7699
"2012-03-01:12 AM",18.005
"2012-03-02:12 AM",13.4771
"2012-03-03:12 AM",20.057
"2012-03-04:12 AM",29.8083
"2012-03-05:12 AM",30.5625
"2012-03-06:12 AM",34.5731
"2012-03-07:12 AM",23.367
"2012-03-08:12 AM",23.4696
"2012-03-09:12 AM",30.1302
"2012-03-10:12 AM",34.257
"2012-03-11:12 AM",35.3115
"2012-03-12:12 AM",37.9141
"2012-03-13:12 AM",39.7177
"2012-03-14:12 AM",40.8866
"2012-03-15:12 AM",42.764
"2012-03-16:12 AM",45.5121
"2012-03-17:12 AM",45.316
"2012-03-18:12 AM",43.3938
"2012-03-19:12 AM",30.7018
"2012-03-20:12 AM",26.5003
"2012-03-21:12 AM",35.83
"2012-03-22:12 AM",40.6283
"2012-03-23:12 AM",46.4527
"2012-03-24:12 AM",45.7606
"2012-03-25:12 AM",47.8211
"2012-03-26:12 AM",46.5237
"2012-03-27:12 AM",39.9043
"2012-03-28:12 AM",43.851
"2012-03-29:12 AM",43.6078
"2012-03-30:12 AM",45.6053
"2012-03-31:12 AM",52.1172
"2012-04-01:12 AM",50.5094
"2012-04-02:12 AM",35.5372
"2012-04-03:12 AM",36.4438
"2012-04-04:12 AM",43.1199
"2012-04-05:12 AM",45.8555
"2012-04-06:12 AM",39.385
"2012-04-07:12 AM",31.7674
"2012-04-08:12 AM",38.7959
"2012-04-09:12 AM",41.6651
"2012-04-10:12 AM",46.7118
"2012-04-11:12 AM",50.4298
"2012-04-12:12 AM",45.6463
"2012-04-13:12 AM",39.4198
"2012-04-14:12 AM",37.281
"2012-04-15:12 AM",35.0812
"2012-04-16:12 AM",35.2321
"2012-04-17:12 AM",41.1775
"2012-04-18:12 AM",41.5999
"2012-04-19:12 AM",40.5804
"2012-04-20:12 AM",43.5214
"2012-04-21:12 AM",49.3747
"2012-04-22:12 AM",51.7392
"2012-04-23:12 AM",57.7017
"2012-04-24:12 AM",60.0458
"2012-04-25:12 AM",56.442
"2012-04-26:12 AM",56.6742
"2012-04-27:12 AM",43.016
"2012-04-28:12 AM",35.145
"2012-04-29:12 AM",38.7482
"2012-04-30:12 AM",44.9326
"2012-05-01:12 AM",48.6774
"2012-05-02:12 AM",47.3576
"2012-05-03:12 AM",48.0459
"2012-05-04:12 AM",51.5795
"2012-05-05:12 AM",46.755
"2012-05-06:12 AM",39.1361
"2012-05-07:12 AM",41.0281
"2012-05-08:12 AM",45.2892
"2012-05-09:12 AM",53.8399
"2012-05-10:12 AM",53.8788
"2012-05-11:12 AM",43.7817
"2012-05-12:12 AM",45.7396
"2012-05-13:12 AM",50.1573
"2012-05-14:12 AM",55.3033
"2012-05-15:12 AM",58.8587
"2012-05-16:12 AM",60.622
"2012-05-17:12 AM",59.643
"2012-05-18:12 AM",52.7398
"2012-05-19:12 AM",46.4027
"2012-05-20:12 AM",51.04
"2012-05-21:12 AM",58.9689
"2012-05-22:12 AM",62.3464
"2012-05-23:12 AM",49.3821
"2012-05-24:12 AM",42.0813
"2012-05-25:12 AM",42.2794
"2012-05-26:12 AM",46.8532
"2012-05-27:12 AM",44.2864
"2012-05-28:12 AM",45.1414
"2012-05-29:12 AM",49.244
"2012-05-30:12 AM",51.6465
"2012-05-31:12 AM",53.3206
"2012-06-01:12 AM",57.4144
"2012-06-02:12 AM",59.4192
"2012-06-03:12 AM",62.3595
"2012-06-04:12 AM",65.7871
"2012-06-05:12 AM",67.536
"2012-06-06:12 AM",56.3931
"2012-06-07:12 AM",56.2122
"2012-06-08:12 AM",62.0618
"2012-06-09:12 AM",60.1797
"2012-06-10:12 AM",47.2735
"2012-06-11:12 AM",52.3342
"2012-06-12:12 AM",56.3679
"2012-06-13:12 AM",62.4688
"2012-06-14:12 AM",60.2082
"2012-06-15:12 AM",60.8495
"2012-06-16:12 AM",60.9438
"2012-06-17:12 AM",66.6793
"2012-06-18:12 AM",67.269
"2012-06-19:12 AM",60.8239
"2012-06-20:12 AM",53.5739
"2012-06-21:12 AM",59.0774
"2012-06-22:12 AM",67.9975
"2012-06-23:12 AM",71.3764
"2012-06-24:12 AM",74.253
"2012-06-25:12 AM",75.9915
"2012-06-26:12 AM",74.5777
"2012-06-27:12 AM",68.2693
"2012-06-28:12 AM",69.0494
"2012-06-29:12 AM",72.138
"2012-06-30:12 AM",71.3505
"2012-07-01:12 AM",74.012
"2012-07-02:12 AM",72.9644
"2012-07-03:12 AM",73.6169
"2012-07-04:12 AM",71.5824
"2012-07-05:12 AM",67.8234
"2012-07-06:12 AM",64.3246
"2012-07-07:12 AM",63.7138
"2012-07-08:12 AM",65.2402
"2012-07-09:12 AM",67.7379
"2012-07-10:12 AM",71.1147
"2012-07-11:12 AM",72.6942
"2012-07-12:12 AM",72.0516
"2012-07-13:12 AM",73.2213
"2012-07-14:12 AM",70.7875
"2012-07-15:12 AM",70.1978
"2012-07-16:12 AM",68.7177
"2012-07-17:12 AM",67.6719
"2012-07-18:12 AM",70.4507
"2012-07-19:12 AM",74.3263
"2012-07-20:12 AM",73.9661
"2012-07-21:12 AM",72.2903
"2012-07-22:12 AM",70.5583
"2012-07-23:12 AM",69.8887
"2012-07-24:12 AM",69.3423
"2012-07-25:12 AM",66.1404
"2012-07-26:12 AM",67.1662
"2012-07-27:12 AM",69.0685
"2012-07-28:12 AM",70.3621
"2012-07-29:12 AM",71.9071
"2012-07-30:12 AM",71.8072
"2012-07-31:12 AM",72.9855
"2012-08-01:12 AM",72.8823
"2012-08-02:12 AM",70.5531
"2012-08-03:12 AM",65.1978
"2012-08-04:12 AM",60.9672
"2012-08-05:12 AM",68.3202
"2012-08-06:12 AM",70.3755
"2012-08-07:12 AM",70.8935
"2012-08-08:12 AM",72.2392
"2012-08-09:12 AM",71.1932
"2012-08-10:12 AM",70.5214
"2012-08-11:12 AM",66.6732
"2012-08-12:12 AM",65.4521
"2012-08-13:12 AM",67.7295
"2012-08-14:12 AM",69.0375
"2012-08-15:12 AM",65.4584
"2012-08-16:12 AM",60.0984
"2012-08-17:12 AM",64.0605
"2012-08-18:12 AM",63.5281
"2012-08-19:12 AM",63.7065
"2012-08-20:12 AM",65.8254
"2012-08-21:12 AM",67.0505
"2012-08-22:12 AM",69.5622
"2012-08-23:12 AM",68.4302
"2012-08-24:12 AM",68.8856
"2012-08-25:12 AM",63.8193
"2012-08-26:12 AM",65.4393
"2012-08-27:12 AM",70.7128
"2012-08-28:12 AM",72.865
"2012-08-29:12 AM",74.1889
"2012-08-30:12 AM",68.6579
"2012-08-31:12 AM",67.1385
"2012-09-01:12 AM",66.2713
"2012-09-02:12 AM",64.0035
"2012-09-03:12 AM",63.3043
"2012-09-04:12 AM",63.3389
"2012-09-05:12 AM",60.2622
"2012-09-06:12 AM",60.4729
"2012-09-07:12 AM",56.3347
"2012-09-08:12 AM",57.9135
"2012-09-09:12 AM",63.0057
"2012-09-10:12 AM",67.1891
"2012-09-11:12 AM",60.8587
"2012-09-12:12 AM",53.4564
"2012-09-13:12 AM",53.6272
"2012-09-14:12 AM",58.7799
"2012-09-15:12 AM",62.4639
"2012-09-16:12 AM",59.3982
"2012-09-17:12 AM",53.3973
"2012-09-18:12 AM",56.5488
"2012-09-19:12 AM",58.7748
"2012-09-20:12 AM",58.2816
"2012-09-21:12 AM",58.4879
"2012-09-22:12 AM",58.4528
"2012-09-23:12 AM",59.2115
"2012-09-24:12 AM",57.5852
"2012-09-25:12 AM",54.9288
"2012-09-26:12 AM",53.7042
"2012-09-27:12 AM",53.5032
"2012-09-28:12 AM",54.16
"2012-09-29:12 AM",55.9179
"2012-09-30:12 AM",55.3167
"2012-10-01:12 AM",53.4823
"2012-10-02:12 AM",56.8848
"2012-10-03:12 AM",48.3381
"2012-10-04:12 AM",35.8975
"2012-10-05:12 AM",33.6045
"2012-10-06:12 AM",29.1943
"2012-10-07:12 AM",31.5378
"2012-10-08:12 AM",41.0655
"2012-10-09:12 AM",40.7046
"2012-10-10:12 AM",43.273
"2012-10-11:12 AM",45.444
"2012-10-12:12 AM",48.3732
"2012-10-13:12 AM",48.1343
"2012-10-14:12 AM",46.7503
"2012-10-15:12 AM",49.6398
"2012-10-16:12 AM",48.4354
"2012-10-17:12 AM",36.5016
"2012-10-18:12 AM",35.5626
"2012-10-19:12 AM",42.5703
"2012-10-20:12 AM",49.6425
"2012-10-21:12 AM",44.8178
"2012-10-22:12 AM",43.4539
"2012-10-23:12 AM",41.1445
"2012-10-24:12 AM",31.2489
"2012-10-25:12 AM",23.2052
"2012-10-26:12 AM",21.3431
"2012-10-27:12 AM",26.276
"2012-10-28:12 AM",34.1242
"2012-10-29:12 AM",42.2566
"2012-10-30:12 AM",43.1017
"2012-10-31:12 AM",44.4274
"2012-11-01:12 AM",45.6105
"2012-11-02:12 AM",40.7748
"2012-11-03:12 AM",36.0156
"2012-11-04:12 AM",39.7513
"2012-11-05:12 AM",41.5371
"2012-11-06:12 AM",43.0835
"2012-11-07:12 AM",44.3048
"2012-11-08:12 AM",41.8255
"2012-11-09:12 AM",37.9908
"2012-11-10:12 AM",23.6395
"2012-11-11:12 AM",11.1724
"2012-11-12:12 AM",17.2287
"2012-11-13:12 AM",24.4083
"2012-11-14:12 AM",27.2347
"2012-11-15:12 AM",27.2579
"2012-11-16:12 AM",31.2973
"2012-11-17:12 AM",33.6331
"2012-11-18:12 AM",35.8336
"2012-11-19:12 AM",35.2843
"2012-11-20:12 AM",37.9843
"2012-11-21:12 AM",39.5791
"2012-11-22:12 AM",31.4339
"2012-11-23:12 AM",27.1873
"2012-11-24:12 AM",35.0796
"2012-11-25:12 AM",33.4591
"2012-11-26:12 AM",23.2205
"2012-11-27:12 AM",24.9071
"2012-11-28:12 AM",30.0087
"2012-11-29:12 AM",33.0544
"2012-11-30:12 AM",36.0892
"2012-12-01:12 AM",38.4665
"2012-12-02:12 AM",39.2806
"2012-12-03:12 AM",33.3351
"2012-12-04:12 AM",29.2615
"2012-12-05:12 AM",37.7375
"2012-12-06:12 AM",32.3847
"2012-12-07:12 AM",26.2396
"2012-12-08:12 AM",21.5238
"2012-12-09:12 AM",7.7097
"2012-12-10:12 AM",13.8994
"2012-12-11:12 AM",19.033
"2012-12-12:12 AM",26.7544
"2012-12-13:12 AM",26.9922
"2012-12-14:12 AM",26.3439
"2012-12-15:12 AM",25.0507
"2012-12-16:12 AM",20.5104
"2012-12-17:12 AM",24.93
"2012-12-18:12 AM",19.225
"2012-12-19:12 AM",10.9078
"2012-12-20:12 AM",11.4438
"2012-12-21:12 AM",18.0826
"2012-12-22:12 AM",20.0138
"2012-12-23:12 AM",21.7427
"2012-12-24:12 AM",20.8033
"2012-12-25:12 AM",8.3808
"2012-12-26:12 AM",10.4448
"2012-12-27:12 AM",12.6408
"2012-12-28:12 AM",10.0965
"2012-12-29:12 AM",7.5204
"2012-12-30:12 AM",6.7879
"2012-12-31:12 AM",3.6129
"2013-01-01:12 AM",7.0169
"2013-01-02:12 AM",5.9126
"2013-01-03:12 AM",6.0543
"2013-01-04:12 AM",11.0898
"2013-01-05:12 AM",10.5312
"2013-01-06:12 AM",16.2671
"2013-01-07:12 AM",17.1441
"2013-01-08:12 AM",22.2184
"2013-01-09:12 AM",24.6344
"2013-01-10:12 AM",26.2818
"2013-01-11:12 AM",14.2453
"2013-01-12:12 AM",0.342
"2013-01-13:12 AM",-3.8186
"2013-01-14:12 AM",-5.8209
"2013-01-15:12 AM",5.5101
"2013-01-16:12 AM",14.9011
"2013-01-17:12 AM",14.7931
"2013-01-18:12 AM",19.6108
"2013-01-19:12 AM",20.1576
"2013-01-20:12 AM",18.0345
"2013-01-21:12 AM",18.3425
"2013-01-22:12 AM",21.6775
"2013-01-23:12 AM",24.8054
"2013-01-24:12 AM",28.4153
"2013-01-25:12 AM",28.7773
"2013-01-26:12 AM",30.6367
"2013-01-27:12 AM",30.7056
"2013-01-28:12 AM",22.0275
"2013-01-29:12 AM",13.7982
"2013-01-30:12 AM",14.7996
"2013-01-31:12 AM",21.6752
"2013-02-01:12 AM",25.6413
"2013-02-02:12 AM",23.3096
"2013-02-03:12 AM",22.8772
"2013-02-04:12 AM",23.3719
"2013-02-05:12 AM",26.7688
"2013-02-06:12 AM",26.5797
"2013-02-07:12 AM",21.3055
"2013-02-08:12 AM",23.293
"2013-02-09:12 AM",23.4342
"2013-02-10:12 AM",18.1992
"2013-02-11:12 AM",9.1123
"2013-02-12:12 AM",11.9035
"2013-02-13:12 AM",20.17
"2013-02-14:12 AM",20.6809
"2013-02-15:12 AM",17.9888
"2013-02-16:12 AM",23.5409
"2013-02-17:12 AM",24.1101
"2013-02-18:12 AM",18.3898
"2013-02-19:12 AM",18.3835
"2013-02-20:12 AM",20.1891
"2013-02-21:12 AM",18.9727
"2013-02-22:12 AM",15.9953
"2013-02-23:12 AM",20.4546
"2013-02-24:12 AM",18.8056
"2013-02-25:12 AM",14.2437
"2013-02-26:12 AM",18.5086
"2013-02-27:12 AM",13.6425
"2013-02-28:12 AM",17.6344
"2013-03-01:12 AM",24.9372
"2013-03-02:12 AM",30.3352
"2013-03-03:12 AM",32.8078
"2013-03-04:12 AM",19.5123
"2013-03-05:12 AM",16.8553
"2013-03-06:12 AM",27.0313
"2013-03-07:12 AM",32.0938
"2013-03-08:12 AM",31.5669
"2013-03-09:12 AM",28.2574
"2013-03-10:12 AM",25.6816
"2013-03-11:12 AM",29.4937
"2013-03-12:12 AM",26.8765
"2013-03-13:12 AM",35.4709
"2013-03-14:12 AM",39.5209
"2013-03-15:12 AM",42.3563
"2013-03-16:12 AM",35.9308
"2013-03-17:12 AM",29.9435
"2013-03-18:12 AM",23.8026
"2013-03-19:12 AM",24.8623
"2013-03-20:12 AM",28.3714
"2013-03-21:12 AM",29.8949
"2013-03-22:12 AM",20.2186
"2013-03-23:12 AM",15.2886
"2013-03-24:12 AM",12.4862
"2013-03-25:12 AM",15.3082
"2013-03-26:12 AM",26.0643
"2013-03-27:12 AM",31.2078
"2013-03-28:12 AM",36.5556
"2013-03-29:12 AM",39.4788
"2013-03-30:12 AM",38.2449
"2013-03-31:12 AM",37.7251
"2013-04-01:12 AM",36.6759
"2013-04-02:12 AM",37.072
"2013-04-03:12 AM",40.2469
"2013-04-04:12 AM",43.1267
"2013-04-05:12 AM",45.0606
"2013-04-06:12 AM",40.3146
"2013-04-07:12 AM",39.844
"2013-04-08:12 AM",30.5042
"2013-04-09:12 AM",13.8675
"2013-04-10:12 AM",17.7256
"2013-04-11:12 AM",29.6796
"2013-04-12:12 AM",31.6558
"2013-04-13:12 AM",34.2381
"2013-04-14:12 AM",26.3797
"2013-04-15:12 AM",22.6488
"2013-04-16:12 AM",19.3627
"2013-04-17:12 AM",17.3831
"2013-04-18:12 AM",18.581
"2013-04-19:12 AM",28.8667
"2013-04-20:12 AM",35.8104
"2013-04-21:12 AM",35.1833
"2013-04-22:12 AM",26.1025
"2013-04-23:12 AM",19.5553
"2013-04-24:12 AM",26.7618
"2013-04-25:12 AM",35.2796
"2013-04-26:12 AM",41.6795
"2013-04-27:12 AM",47.1362
"2013-04-28:12 AM",48.0787
"2013-04-29:12 AM",46.3764
"2013-04-30:12 AM",37.9791
"2013-05-01:12 AM",27.8105
"2013-05-02:12 AM",29.3733
"2013-05-03:12 AM",39.3933
"2013-05-04:12 AM",41.5125
"2013-05-05:12 AM",42.5487
"2013-05-06:12 AM",46.5926
"2013-05-07:12 AM",48.7998
"2013-05-08:12 AM",48.6561
"2013-05-09:12 AM",48.2866
"2013-05-10:12 AM",49.1495
"2013-05-11:12 AM",49.3738
"2013-05-12:12 AM",55.972
"2013-05-13:12 AM",61.5889
"2013-05-14:12 AM",61.9115
"2013-05-15:12 AM",57.6118
"2013-05-16:12 AM",56.6742
"2013-05-17:12 AM",55.2897
"2013-05-18:12 AM",50.7956
"2013-05-19:12 AM",43.5843
"2013-05-20:12 AM",43.4044
"2013-05-21:12 AM",46.425
"2013-05-22:12 AM",49.8711
"2013-05-23:12 AM",52.5425
"2013-05-24:12 AM",53.919
"2013-05-25:12 AM",56.6949
"2013-05-26:12 AM",58.1086
"2013-05-27:12 AM",55.3316
"2013-05-28:12 AM",50.2873
"2013-05-29:12 AM",47.2723
"2013-05-30:12 AM",45.0603
"2013-05-31:12 AM",43.9628
"2013-06-01:12 AM",47.7549
"2013-06-02:12 AM",55.1723
"2013-06-03:12 AM",56.2937
"2013-06-04:12 AM",48.312
"2013-06-05:12 AM",49.2456
"2013-06-06:12 AM",55.6381
"2013-06-07:12 AM",59.9045
"2013-06-08:12 AM",59.5535
"2013-06-09:12 AM",61.8795
"2013-06-10:12 AM",69.2755
"2013-06-11:12 AM",66.4034
"2013-06-12:12 AM",63.9768
"2013-06-13:12 AM",65.3481
"2013-06-14:12 AM",60.1021
"2013-06-15:12 AM",56.7658
"2013-06-16:12 AM",60.7734
"2013-06-17:12 AM",63.0142
"2013-06-18:12 AM",64.9319
"2013-06-19:12 AM",66.436
"2013-06-20:12 AM",59.7772
"2013-06-21:12 AM",59.245
"2013-06-22:12 AM",57.6628
"2013-06-23:12 AM",57.0866
"2013-06-24:12 AM",65.0275
"2013-06-25:12 AM",63.9979
"2013-06-26:12 AM",66.3195
"2013-06-27:12 AM",69.7604
"2013-06-28:12 AM",70.6856
"2013-06-29:12 AM",69.438
"2013-06-30:12 AM",68.4041
"2013-07-01:12 AM",68.0691
"2013-07-02:12 AM",68.7537
"2013-07-03:12 AM",69.6978
"2013-07-04:12 AM",69.66
"2013-07-05:12 AM",67.6261
"2013-07-06:12 AM",66.0088
"2013-07-07:12 AM",68.2327
"2013-07-08:12 AM",69.5979
"2013-07-09:12 AM",69.5874
"2013-07-10:12 AM",71.535
"2013-07-11:12 AM",72.7417
"2013-07-12:12 AM",67.8153
"2013-07-13:12 AM",67.7134
"2013-07-14:12 AM",65.0656
"2013-07-15:12 AM",68.797
"2013-07-16:12 AM",69.0643
"2013-07-17:12 AM",70.0354
"2013-07-18:12 AM",71.8432
"2013-07-19:12 AM",70.1397
"2013-07-20:12 AM",70.6608
"2013-07-21:12 AM",71.0614
"2013-07-22:12 AM",71.0074
"2013-07-23:12 AM",69.9843
"2013-07-24:12 AM",68.7726
"2013-07-25:12 AM",67.0134
"2013-07-26:12 AM",67.116
"2013-07-27:12 AM",65.1747
"2013-07-28:12 AM",64.0774
"2013-07-29:12 AM",62.9179
"2013-07-30:12 AM",64.2893
"2013-07-31:12 AM",65.3727
"2013-08-01:12 AM",68.2714
"2013-08-02:12 AM",67.3992
"2013-08-03:12 AM",66.891
"2013-08-04:12 AM",68.3692
"2013-08-05:12 AM",69.3354
"2013-08-06:12 AM",67.2926
"2013-08-07:12 AM",65.647
"2013-08-08:12 AM",64.3908
"2013-08-09:12 AM",63.0124
"2013-08-10:12 AM",63.747
"2013-08-11:12 AM",65.2239
"2013-08-12:12 AM",64.1665
"2013-08-13:12 AM",63.9495
"2013-08-14:12 AM",64.5883
"2013-08-15:12 AM",66.9033
"2013-08-16:12 AM",70.0754
"2013-08-17:12 AM",72.435
"2013-08-18:12 AM",71.7658
"2013-08-19:12 AM",72.1832
"2013-08-20:12 AM",71.7699
"2013-08-21:12 AM",68.1148
"2013-08-22:12 AM",65.6992
"2013-08-23:12 AM",65.588
"2013-08-24:12 AM",65.6667
"2013-08-25:12 AM",66.3231
"2013-08-26:12 AM",67.1599
"2013-08-27:12 AM",67.4591
"2013-08-28:12 AM",68.4057
"2013-08-29:12 AM",69.3626
"2013-08-30:12 AM",70.2399
"2013-08-31:12 AM",68.5992
"2013-09-01:12 AM",66.4079
"2013-09-02:12 AM",66.7002
"2013-09-03:12 AM",68.5877
"2013-09-04:12 AM",68.7706
"2013-09-05:12 AM",69.9544
"2013-09-06:12 AM",69.8243
"2013-09-07:12 AM",67.8537
"2013-09-08:12 AM",64.6884
"2013-09-09:12 AM",59.5
"2013-09-10:12 AM",57.3958
"2013-09-11:12 AM",58.5903
"2013-09-12:12 AM",58.3642
"2013-09-13:12 AM",58.1257
"2013-09-14:12 AM",56.509
"2013-09-15:12 AM",55.0929
"2013-09-16:12 AM",57.6129
"2013-09-17:12 AM",61.2212
"2013-09-18:12 AM",57.8314
"2013-09-19:12 AM",47.9507
"2013-09-20:12 AM",49.9347
"2013-09-21:12 AM",57.2151
"2013-09-22:12 AM",58.6364
"2013-09-23:12 AM",50.4871
"2013-09-24:12 AM",50.8977
"2013-09-25:12 AM",51.4972
"2013-09-26:12 AM",43.8436
"2013-09-27:12 AM",37.2727
"2013-09-28:12 AM",39.1136
"2013-09-29:12 AM",46.8829
"2013-09-30:12 AM",51.548
"2013-10-01:12 AM",50.1438
"2013-10-02:12 AM",48.1768
"2013-10-03:12 AM",40.1074
"2013-10-04:12 AM",28.8041
"2013-10-05:12 AM",29.2771
"2013-10-06:12 AM",37.8306
"2013-10-07:12 AM",43.8667
"2013-10-08:12 AM",47.2559
"2013-10-09:12 AM",42.9348
"2013-10-10:12 AM",43.2034
"2013-10-11:12 AM",39.0051
"2013-10-12:12 AM",36.5364
"2013-10-13:12 AM",39.2007
"2013-10-14:12 AM",35.3399
"2013-10-15:12 AM",29.1524
"2013-10-16:12 AM",30.3562
"2013-10-17:12 AM",31.764
"2013-10-18:12 AM",29.3621
"2013-10-19:12 AM",34.8143
"2013-10-20:12 AM",36.2575
"2013-10-21:12 AM",35.8214
"2013-10-22:12 AM",39.9681
"2013-10-23:12 AM",40.303
"2013-10-24:12 AM",38.7334
"2013-10-25:12 AM",41.716
"2013-10-26:12 AM",41.1307
"2013-10-27:12 AM",41.6406
"2013-10-28:12 AM",34.4469
"2013-10-29:12 AM",29.392
"2013-10-30:12 AM",29.743
"2013-10-31:12 AM",30.8705
"2013-11-01:12 AM",31.9719
"2013-11-02:12 AM",33.7602
"2013-11-03:12 AM",33.7867
"2013-11-04:12 AM",24.6655
"2013-11-05:12 AM",21.9706
"2013-11-06:12 AM",26.0026
"2013-11-07:12 AM",31.507
"2013-11-08:12 AM",36.0831
"2013-11-09:12 AM",33.3676
"2013-11-10:12 AM",35.2965
"2013-11-11:12 AM",35.0434
"2013-11-12:12 AM",34.3798
"2013-11-13:12 AM",38.6566
"2013-11-14:12 AM",34.4115
"2013-11-15:12 AM",31.6218
"2013-11-16:12 AM",28.6567
"2013-11-17:12 AM",25.6442
"2013-11-18:12 AM",29.1787
"2013-11-19:12 AM",34.934
"2013-11-20:12 AM",33.6814
"2013-11-21:12 AM",15.3711
"2013-11-22:12 AM",12.7188
"2013-11-23:12 AM",16.0687
"2013-11-24:12 AM",20.0428
"2013-11-25:12 AM",22.6341
"2013-11-26:12 AM",23.6095
"2013-11-27:12 AM",28.3577
"2013-11-28:12 AM",27.1733
"2013-11-29:12 AM",28.9789
"2013-11-30:12 AM",29.6247
"2013-12-01:12 AM",30.9697
"2013-12-02:12 AM",35.4657
"2013-12-03:12 AM",20.1907
"2013-12-04:12 AM",-0.5321
"2013-12-05:12 AM",-5.8724
"2013-12-06:12 AM",-7.7195
"2013-12-07:12 AM",-3.5644
"2013-12-08:12 AM",-1.0633
"2013-12-09:12 AM",-1.161
"2013-12-10:12 AM",8.535
"2013-12-11:12 AM",9.7201
"2013-12-12:12 AM",17.865
"2013-12-13:12 AM",19.0638
"2013-12-14:12 AM",19.4731
"2013-12-15:12 AM",23.3465
"2013-12-16:12 AM",26.0526
"2013-12-17:12 AM",26.3889
"2013-12-18:12 AM",30.016
"2013-12-19:12 AM",22.0091
"2013-12-20:12 AM",10.756
"2013-12-21:12 AM",15.6448
"2013-12-22:12 AM",15.6171
"2013-12-23:12 AM",18.5189
"2013-12-24:12 AM",25.286
"2013-12-25:12 AM",16.5128
"2013-12-26:12 AM",20.2239
"2013-12-27:12 AM",24.9453
"2013-12-28:12 AM",22.5945
"2013-12-29:12 AM",12.6819
"2013-12-30:12 AM",19.148
"2013-12-31:12 AM",26.0827
"2014-01-01:12 AM",22.6571
"2014-01-02:12 AM",19.4571
"2014-01-03:12 AM",25.6386
"2014-01-04:12 AM",14.3631
"2014-01-05:12 AM",2.5623
"2014-01-06:12 AM",6.5235
"2014-01-07:12 AM",19.3041
"2014-01-08:12 AM",20.3311
"2014-01-09:12 AM",22.1464
"2014-01-10:12 AM",20.7534
"2014-01-11:12 AM",27.8289
"2014-01-12:12 AM",25.6156
"2014-01-13:12 AM",24.7237
"2014-01-14:12 AM",23.6251
"2014-01-15:12 AM",24.8351
"2014-01-16:12 AM",22.2393
"2014-01-17:12 AM",22.5018
"2014-01-18:12 AM",22.8189
"2014-01-19:12 AM",25.6195
"2014-01-20:12 AM",22.2111
"2014-01-21:12 AM",23.0034
"2014-01-22:12 AM",21.1379
"2014-01-23:12 AM",13.9689
"2014-01-24:12 AM",20.0505
"2014-01-25:12 AM",25.6437
"2014-01-26:12 AM",23.2074
"2014-01-27:12 AM",12.8347
"2014-01-28:12 AM",8.5015
"2014-01-29:12 AM",21.8392
"2014-01-30:12 AM",24.3322
"2014-01-31:12 AM",14.9788
"2014-02-01:12 AM",10.4538
"2014-02-02:12 AM",9.1708
"2014-02-03:12 AM",10.5775
"2014-02-04:12 AM",4.4188
"2014-02-05:12 AM",-6.8004
"2014-02-06:12 AM",-5.7327
"2014-02-07:12 AM",9.9127
"2014-02-08:12 AM",18.9421
"2014-02-09:12 AM",17.6007
"2014-02-10:12 AM",18.4824
"2014-02-11:12 AM",20.602
"2014-02-12:12 AM",24.4272
"2014-02-13:12 AM",30.6361
"2014-02-14:12 AM",26.442
"2014-02-15:12 AM",32.3641
"2014-02-16:12 AM",33.6412
"2014-02-17:12 AM",26.1835
"2014-02-18:12 AM",28.6486
"2014-02-19:12 AM",27.4507
"2014-02-20:12 AM",19.4013
"2014-02-21:12 AM",22.8848
"2014-02-22:12 AM",20.4247
"2014-02-23:12 AM",19.9031
"2014-02-24:12 AM",23.5985
"2014-02-25:12 AM",18.5369
"2014-02-26:12 AM",17.2508
"2014-02-27:12 AM",25.1418
"2014-02-28:12 AM",25.1787
"2014-03-01:12 AM",13.0244
"2014-03-02:12 AM",16.3011
"2014-03-03:12 AM",28.9029
"2014-03-04:12 AM",31.4659
"2014-03-05:12 AM",29.7687
"2014-03-06:12 AM",34.8746
"2014-03-07:12 AM",31.7165
"2014-03-08:12 AM",30.0193
"2014-03-09:12 AM",34.3674
"2014-03-10:12 AM",38.8076
"2014-03-11:12 AM",28.447
"2014-03-12:12 AM",23.8518
"2014-03-13:12 AM",29.7576
"2014-03-14:12 AM",31.276
"2014-03-15:12 AM",30.9913
"2014-03-16:12 AM",32.1168
"2014-03-17:12 AM",35.0994
"2014-03-18:12 AM",25.9419
"2014-03-19:12 AM",25.1998
"2014-03-20:12 AM",29.5169
"2014-03-21:12 AM",25.1224
"2014-03-22:12 AM",22.1157
"2014-03-23:12 AM",23.1166
"2014-03-24:12 AM",25.0882
"2014-03-25:12 AM",30.4106
"2014-03-26:12 AM",34.817
"2014-03-27:12 AM",30.5532
"2014-03-28:12 AM",29.4091
"2014-03-29:12 AM",35.8291
"2014-03-30:12 AM",37.7206
"2014-03-31:12 AM",29.1574
"2014-04-01:12 AM",27.5571
"2014-04-02:12 AM",28.6079
"2014-04-03:12 AM",25.9326
"2014-04-04:12 AM",28.5724
"2014-04-05:12 AM",32.938
"2014-04-06:12 AM",33.2654
"2014-04-07:12 AM",33.584
"2014-04-08:12 AM",40.2838
"2014-04-09:12 AM",45.6467
"2014-04-10:12 AM",41.5011
"2014-04-11:12 AM",43.2311
"2014-04-12:12 AM",41.8703
"2014-04-13:12 AM",26.1228
"2014-04-14:12 AM",21.6181
"2014-04-15:12 AM",32.6997
"2014-04-16:12 AM",32.531
"2014-04-17:12 AM",35.9479
"2014-04-18:12 AM",45.4818
"2014-04-19:12 AM",43.9444
"2014-04-20:12 AM",46.2632
"2014-04-21:12 AM",44.6086
"2014-04-22:12 AM",50.0533
"2014-04-23:12 AM",41.473
"2014-04-24:12 AM",37.4549
"2014-04-25:12 AM",43.8433
"2014-04-26:12 AM",46.4963
"2014-04-27:12 AM",36.7218
"2014-04-28:12 AM",32.6278
"2014-04-29:12 AM",31.2692
"2014-04-30:12 AM",33.6529
"2014-05-01:12 AM",38.4618
"2014-05-02:12 AM",47.8346
"2014-05-03:12 AM",51.3901
"2014-05-04:12 AM",52.2621
"2014-05-05:12 AM",52.1186
"2014-05-06:12 AM",49.3918
"2014-05-07:12 AM",39.4763
"2014-05-08:12 AM",35.9049
"2014-05-09:12 AM",39.9022
"2014-05-10:12 AM",40.0091
"2014-05-11:12 AM",30.673
"2014-05-12:12 AM",30.4981
"2014-05-13:12 AM",31.9222
"2014-05-14:12 AM",38.2327
"2014-05-15:12 AM",43.8667
"2014-05-16:12 AM",45.7092
"2014-05-17:12 AM",48.238
"2014-05-18:12 AM",53.0422
"2014-05-19:12 AM",50.2657
"2014-05-20:12 AM",48.8363
"2014-05-21:12 AM",52.3611
"2014-05-22:12 AM",55.2711
"2014-05-23:12 AM",56.4836
"2014-05-24:12 AM",55.9702
"2014-05-25:12 AM",54.1981
"2014-05-26:12 AM",57.4772
"2014-05-27:12 AM",59.9621
"2014-05-28:12 AM",63.4316
"2014-05-29:12 AM",62.0974
"2014-05-30:12 AM",56.7696
"2014-05-31:12 AM",58.4794
"2014-06-01:12 AM",54.7309
"2014-06-02:12 AM",54.8818
"2014-06-03:12 AM",60.1153
"2014-06-04:12 AM",57.6477
"2014-06-05:12 AM",56.806
"2014-06-06:12 AM",54.9487
"2014-06-07:12 AM",52.5108
"2014-06-08:12 AM",48.4281
"2014-06-09:12 AM",51.9075
"2014-06-10:12 AM",59.3033
"2014-06-11:12 AM",55.1665
"2014-06-12:12 AM",55.1167
"2014-06-13:12 AM",62.7044
"2014-06-14:12 AM",52.4664
"2014-06-15:12 AM",50.1289
"2014-06-16:12 AM",55.5919
"2014-06-17:12 AM",54.9831
"2014-06-18:12 AM",48.1854
"2014-06-19:12 AM",50.2637
"2014-06-20:12 AM",58.5721
"2014-06-21:12 AM",61.7767
"2014-06-22:12 AM",57.6862
"2014-06-23:12 AM",56.2123
"2014-06-24:12 AM",58.9084
"2014-06-25:12 AM",63.2923
"2014-06-26:12 AM",63.6112
"2014-06-27:12 AM",57.0103
"2014-06-28:12 AM",55.3982
"2014-06-29:12 AM",58.3898
"2014-06-30:12 AM",57.522
"2014-07-01:12 AM",55.7071
"2014-07-02:12 AM",60.5372
"2014-07-03:12 AM",65.9125
"2014-07-04:12 AM",69.1198
"2014-07-05:12 AM",71.2915
"2014-07-06:12 AM",71.2429
"2014-07-07:12 AM",68.0875
"2014-07-08:12 AM",65.9025
"2014-07-09:12 AM",69.5014
"2014-07-10:12 AM",68.4455
"2014-07-11:12 AM",66.1176
"2014-07-12:12 AM",65.165
"2014-07-13:12 AM",66.1827
"2014-07-14:12 AM",64.1502
"2014-07-15:12 AM",63.9196
"2014-07-16:12 AM",60.6742
"2014-07-17:12 AM",62.6385
"2014-07-18:12 AM",67.7718
"2014-07-19:12 AM",68.9148
"2014-07-20:12 AM",69.5286
"2014-07-21:12 AM",70.8766
"2014-07-22:12 AM",70.4255
"2014-07-23:12 AM",72.9883
"2014-07-24:12 AM",73.3797
"2014-07-25:12 AM",69.0373
"2014-07-26:12 AM",67.3518
"2014-07-27:12 AM",66.1631
"2014-07-28:12 AM",68.6453
"2014-07-29:12 AM",62.2823
"2014-07-30:12 AM",60.0516
"2014-07-31:12 AM",63.151
"2014-08-01:12 AM",65.6263
"2014-08-02:12 AM",66.9875
"2014-08-03:12 AM",68.4469
"2014-08-04:12 AM",65.1794
"2014-08-05:12 AM",63.2665
"2014-08-06:12 AM",61.9648
"2014-08-07:12 AM",62.5617
"2014-08-08:12 AM",62.1388
"2014-08-09:12 AM",61.5002
"2014-08-10:12 AM",62.1673
"2014-08-11:12 AM",65.9658
"2014-08-12:12 AM",68.7601
"2014-08-13:12 AM",69.211
"2014-08-14:12 AM",65.6758
"2014-08-15:12 AM",64.9778
"2014-08-16:12 AM",65.862
"2014-08-17:12 AM",66.2859
"2014-08-18:12 AM",65.3558
"2014-08-19:12 AM",63.138
"2014-08-20:12 AM",62.46
"2014-08-21:12 AM",60.0438
"2014-08-22:12 AM",58.0073
"2014-08-23:12 AM",54.8938
"2014-08-24:12 AM",51.5971
"2014-08-25:12 AM",53.4389
"2014-08-26:12 AM",58.2343
"2014-08-27:12 AM",57.3762
"2014-08-28:12 AM",58.5613
"2014-08-29:12 AM",60.1014
"2014-08-30:12 AM",60.9917
"2014-08-31:12 AM",54.7248
"2014-09-01:12 AM",52.0511
"2014-09-02:12 AM",56.7678
"2014-09-03:12 AM",62.8111
"2014-09-04:12 AM",54.6883
"2014-09-05:12 AM",52.1699
"2014-09-06:12 AM",56.0215
"2014-09-07:12 AM",60.8131
"2014-09-08:12 AM",61.9689
"2014-09-09:12 AM",57.3638
"2014-09-10:12 AM",49.327
"2014-09-11:12 AM",38.7225
"2014-09-12:12 AM",37.4641
"2014-09-13:12 AM",47.1861
"2014-09-14:12 AM",53.337
"2014-09-15:12 AM",55.3698
"2014-09-16:12 AM",60.8302
"2014-09-17:12 AM",63.1155
"2014-09-18:12 AM",64.4122
"2014-09-19:12 AM",63.0752
"2014-09-20:12 AM",59.4203
"2014-09-21:12 AM",57.2176
"2014-09-22:12 AM",57.9969
"2014-09-23:12 AM",59.0612
"2014-09-24:12 AM",61.6541
"2014-09-25:12 AM",64.9872
"2014-09-26:12 AM",65.8758
"2014-09-27:12 AM",58.8022
"2014-09-28:12 AM",50.3474
"2014-09-29:12 AM",48.2922
"2014-09-30:12 AM",46.2029
"2014-10-01:12 AM",41.2981
"2014-10-02:12 AM",39.187
"2014-10-03:12 AM",37.7605
"2014-10-04:12 AM",45.2925
"2014-10-05:12 AM",48.2905
"2014-10-06:12 AM",50.742
"2014-10-07:12 AM",53.0402
"2014-10-08:12 AM",52.4212
"2014-10-09:12 AM",50.1179
"2014-10-10:12 AM",49.6371
"2014-10-11:12 AM",49.0201
"2014-10-12:12 AM",42.7658
"2014-10-13:12 AM",38.2863
"2014-10-14:12 AM",45.8296
"2014-10-15:12 AM",50.9657
"2014-10-16:12 AM",46.6245
"2014-10-17:12 AM",43.4379
"2014-10-18:12 AM",47.3934
"2014-10-19:12 AM",48.4493
"2014-10-20:12 AM",50.3791
"2014-10-21:12 AM",50.9916
"2014-10-22:12 AM",43.1091
"2014-10-23:12 AM",45.2588
"2014-10-24:12 AM",50.2997
"2014-10-25:12 AM",50.6748
"2014-10-26:12 AM",48.6298
"2014-10-27:12 AM",35.3977
"2014-10-28:12 AM",32.2331
"2014-10-29:12 AM",38.3023
"2014-10-30:12 AM",40.0492
"2014-10-31:12 AM",42.694
"2014-11-01:12 AM",47.257
"2014-11-02:12 AM",42.5725
"2014-11-03:12 AM",33.5007
"2014-11-04:12 AM",32.5564
"2014-11-05:12 AM",36.7108
"2014-11-06:12 AM",39.8863
"2014-11-07:12 AM",42.9375
"2014-11-08:12 AM",38.7172
"2014-11-09:12 AM",43.2572
"2014-11-10:12 AM",26.8961
"2014-11-11:12 AM",7.3683
"2014-11-12:12 AM",-5.2692
"2014-11-13:12 AM",-0.6531
"2014-11-14:12 AM",17.5165
"2014-11-15:12 AM",8.721
"2014-11-16:12 AM",4.1205
"2014-11-17:12 AM",8.7024
"2014-11-18:12 AM",16.8229
"2014-11-19:12 AM",19.7076
"2014-11-20:12 AM",23.7612
"2014-11-21:12 AM",26.9938
"2014-11-22:12 AM",30.2157
"2014-11-23:12 AM",23.7724
"2014-11-24:12 AM",21.8381
"2014-11-25:12 AM",24.296
"2014-11-26:12 AM",28.9431
"2014-11-27:12 AM",33.4234
"2014-11-28:12 AM",36.1873
"2014-11-29:12 AM",35.4763
"2014-11-30:12 AM",20.8949
"2014-12-01:12 AM",20.9269
"2014-12-02:12 AM",29.034
"2014-12-03:12 AM",26.2247
"2014-12-04:12 AM",31.9896
"2014-12-05:12 AM",31.6497
"2014-12-06:12 AM",32.0236
"2014-12-07:12 AM",32.3802
"2014-12-08:12 AM",29.8022
"2014-12-09:12 AM",31.2683
"2014-12-10:12 AM",32.6847
"2014-12-11:12 AM",33.7372
"2014-12-12:12 AM",36.8667
"2014-12-13:12 AM",37.7978
"2014-12-14:12 AM",28.7391
"2014-12-15:12 AM",20.8463
"2014-12-16:12 AM",17.7253
"2014-12-17:12 AM",19.6389
"2014-12-18:12 AM",19.8694
"2014-12-19:12 AM",21.5294
"2014-12-20:12 AM",25.6392
"2014-12-21:12 AM",29.3965
"2014-12-22:12 AM",24.6061
"2014-12-23:12 AM",17.2337
"2014-12-24:12 AM",19.6221
"2014-12-25:12 AM",21.7119
"2014-12-26:12 AM",10.4587
"2014-12-27:12 AM",6.847
"2014-12-28:12 AM",12.614
"2014-12-29:12 AM",5.3199
"2014-12-30:12 AM",-10.3698
"2014-12-31:12 AM",-4.5643
"2015-01-01:12 AM",8.0578
"2015-01-02:12 AM",15.2323
"2015-01-03:12 AM",12.6156
"2015-01-04:12 AM",8.7915
"2015-01-05:12 AM",24.0795
"2015-01-06:12 AM",27.7988
"2015-01-07:12 AM",19.71
"2015-01-08:12 AM",26.8113
"2015-01-09:12 AM",15.3556
"2015-01-10:12 AM",25.1532
"2015-01-11:12 AM",25.776
"2015-01-12:12 AM",21.3397
"2015-01-13:12 AM",17.1082
"2015-01-14:12 AM",15.0415
"2015-01-15:12 AM",19.8739
"2015-01-16:12 AM",25.5072
"2015-01-17:12 AM",24.091
"2015-01-18:12 AM",29.0026
"2015-01-19:12 AM",29.0449
"2015-01-20:12 AM",21.0344
"2015-01-21:12 AM",12.7697
"2015-01-22:12 AM",13.4334
"2015-01-23:12 AM",21.5364
"2015-01-24:12 AM",24.8542
"2015-01-25:12 AM",29.6467
"2015-01-26:12 AM",32.1388
"2015-01-27:12 AM",33.8688
"2015-01-28:12 AM",34.0887
"2015-01-29:12 AM",27.7907
"2015-01-30:12 AM",27.8816
"2015-01-31:12 AM",26.9728
"2015-02-01:12 AM",19.3289
"2015-02-02:12 AM",26.5143
"2015-02-03:12 AM",32.025
"2015-02-04:12 AM",25.7317
"2015-02-05:12 AM",30.7072
"2015-02-06:12 AM",35.5467
"2015-02-07:12 AM",37.8198
"2015-02-08:12 AM",36.3072
"2015-02-09:12 AM",35.8578
"2015-02-10:12 AM",34.342
"2015-02-11:12 AM",29.8515
"2015-02-12:12 AM",32.2731
"2015-02-13:12 AM",34.5234
"2015-02-14:12 AM",35.7804
"2015-02-15:12 AM",30.3109
"2015-02-16:12 AM",22.2501
"2015-02-17:12 AM",18.0009
"2015-02-18:12 AM",23.3451
"2015-02-19:12 AM",30.6801
"2015-02-20:12 AM",29.8281
"2015-02-21:12 AM",20.9993
"2015-02-22:12 AM",9.2788
"2015-02-23:12 AM",8.8129
"2015-02-24:12 AM",21.5022
"2015-02-25:12 AM",25.4048
"2015-02-26:12 AM",11.9903
"2015-02-27:12 AM",10.4004
"2015-02-28:12 AM",13.3713
"2015-03-01:12 AM",14.9099
"2015-03-02:12 AM",21.9011
"2015-03-03:12 AM",15.6202
"2015-03-04:12 AM",5.4342
"2015-03-05:12 AM",17.5581
"2015-03-06:12 AM",26.2132
"2015-03-07:12 AM",30.7423
"2015-03-08:12 AM",30.1392
"2015-03-09:12 AM",31.7948
"2015-03-10:12 AM",34.4919
"2015-03-11:12 AM",36.9041
"2015-03-12:12 AM",39.6646
"2015-03-13:12 AM",38.3864
"2015-03-14:12 AM",40.2138
"2015-03-15:12 AM",46.9193
"2015-03-16:12 AM",46.7865
"2015-03-17:12 AM",39.2409
"2015-03-18:12 AM",39.9313
"2015-03-19:12 AM",36.6157
"2015-03-20:12 AM",39.8572
"2015-03-21:12 AM",43.6741
"2015-03-22:12 AM",42.4456
"2015-03-23:12 AM",39.2736
"2015-03-24:12 AM",34.1526
"2015-03-25:12 AM",31.183
"2015-03-26:12 AM",34.3825
"2015-03-27:12 AM",43.1001
"2015-03-28:12 AM",47.7864
"2015-03-29:12 AM",41.5346
"2015-03-30:12 AM",44.1885
"2015-03-31:12 AM",47.9889
"2015-04-01:12 AM",41.0886
"2015-04-02:12 AM",28.6745
"2015-04-03:12 AM",28.0348
"2015-04-04:12 AM",34.5187
"2015-04-05:12 AM",40.7079
"2015-04-06:12 AM",40.4062
"2015-04-07:12 AM",37.1421
"2015-04-08:12 AM",36.7212
"2015-04-09:12 AM",33.8688
"2015-04-10:12 AM",37.4131
"2015-04-11:12 AM",43.1542
"2015-04-12:12 AM",40.0404
"2015-04-13:12 AM",40.0527
"2015-04-14:12 AM",48.189
"2015-04-15:12 AM",35.5332
"2015-04-16:12 AM",32.0911
"2015-04-17:12 AM",35.4114
"2015-04-18:12 AM",39.4057
"2015-04-19:12 AM",36.7563
"2015-04-20:12 AM",36.3508
"2015-04-21:12 AM",41.4133
"2015-04-22:12 AM",45.2244
"2015-04-23:12 AM",46.8039
"2015-04-24:12 AM",45.6159
"2015-04-25:12 AM",43.036
"2015-04-26:12 AM",37.4022
"2015-04-27:12 AM",38.7118
"2015-04-28:12 AM",43.4037
"2015-04-29:12 AM",50.9443
"2015-04-30:12 AM",49.6242
"2015-05-01:12 AM",48.7017
"2015-05-02:12 AM",52.5243
"2015-05-03:12 AM",50.5341
"2015-05-04:12 AM",49.132
"2015-05-05:12 AM",50.3195
"2015-05-06:12 AM",45.918
"2015-05-07:12 AM",40.8682
"2015-05-08:12 AM",40.9761
"2015-05-09:12 AM",35.7598
"2015-05-10:12 AM",31.8144
"2015-05-11:12 AM",35.0316
"2015-05-12:12 AM",45.7837
"2015-05-13:12 AM",48.9522
"2015-05-14:12 AM",48.1431
"2015-05-15:12 AM",45.2113
"2015-05-16:12 AM",43.7817
"2015-05-17:12 AM",42.3023
"2015-05-18:12 AM",41.1121
"2015-05-19:12 AM",39.8127
"2015-05-20:12 AM",38.8029
"2015-05-21:12 AM",43.8125
"2015-05-22:12 AM",45.1576
"2015-05-23:12 AM",45.2293
"2015-05-24:12 AM",43.266
"2015-05-25:12 AM",45.2183
"2015-05-26:12 AM",48.6702
"2015-05-27:12 AM",50.6395
"2015-05-28:12 AM",49.3534
"2015-05-29:12 AM",46.9546
"2015-05-30:12 AM",51.8648
"2015-05-31:12 AM",58.145
"2015-06-01:12 AM",60.4396
"2015-06-02:12 AM",58.586
"2015-06-03:12 AM",56.223
"2015-06-04:12 AM",57.1851
"2015-06-05:12 AM",57.7947
"2015-06-06:12 AM",57.1251
"2015-06-07:12 AM",56.745
"2015-06-08:12 AM",60.8175
"2015-06-09:12 AM",65.0872
"2015-06-10:12 AM",62.4762
"2015-06-11:12 AM",58.1034
"2015-06-12:12 AM",60.5559
"2015-06-13:12 AM",60.7264
"2015-06-14:12 AM",58.6112
"2015-06-15:12 AM",57.1163
"2015-06-16:12 AM",60.2852
"2015-06-17:12 AM",61.4709
"2015-06-18:12 AM",64.7166
"2015-06-19:12 AM",67.6173
"2015-06-20:12 AM",63.8193
"2015-06-21:12 AM",66.8273
"2015-06-22:12 AM",63.6829
"2015-06-23:12 AM",64.8676
"2015-06-24:12 AM",66.6558
"2015-06-25:12 AM",65.6802
"2015-06-26:12 AM",65.3178
"2015-06-27:12 AM",69.3635
"2015-06-28:12 AM",71.1194
"2015-06-29:12 AM",71.5107
"2015-06-30:12 AM",71.0859
"2015-07-01:12 AM",69.1797
"2015-07-02:12 AM",67.3192
"2015-07-03:12 AM",67.6175
"2015-07-04:12 AM",70.7277
"2015-07-05:12 AM",66.8401
"2015-07-06:12 AM",59.0464
"2015-07-07:12 AM",60.071
"2015-07-08:12 AM",58.1122
"2015-07-09:12 AM",59.2986
"2015-07-10:12 AM",61.3899
"2015-07-11:12 AM",62.4848
"2015-07-12:12 AM",64.8482
"2015-07-13:12 AM",66.0342
"2015-07-14:12 AM",66.4475
"2015-07-15:12 AM",64.31
"2015-07-16:12 AM",63.0948
"2015-07-17:12 AM",61.5079
"2015-07-18:12 AM",57.4088
"2015-07-19:12 AM",59.823
"2015-07-20:12 AM",61.1605
"2015-07-21:12 AM",63.147
"2015-07-22:12 AM",65.1771
"2015-07-23:12 AM",65.6447
"2015-07-24:12 AM",66.1021
"2015-07-25:12 AM",66.547
"2015-07-26:12 AM",69.2688
"2015-07-27:12 AM",67.3567
"2015-07-28:12 AM",56.3895
"2015-07-29:12 AM",58.6557
"2015-07-30:12 AM",63.9694
"2015-07-31:12 AM",68.1427
"2015-08-01:12 AM",70.0516
"2015-08-02:12 AM",71.3379
"2015-08-03:12 AM",66.2396
"2015-08-04:12 AM",63.9441
"2015-08-05:12 AM",64.5487
"2015-08-06:12 AM",63.9374
"2015-08-07:12 AM",63.6564
"2015-08-08:12 AM",61.8683
"2015-08-09:12 AM",60.9733
"2015-08-10:12 AM",64.5822
"2015-08-11:12 AM",68.754
"2015-08-12:12 AM",69.0841
"2015-08-13:12 AM",69.4796
"2015-08-14:12 AM",70.9734
"2015-08-15:12 AM",72.0887
"2015-08-16:12 AM",65.4582
"2015-08-17:12 AM",59.8203
"2015-08-18:12 AM",52.6014
"2015-08-19:12 AM",53.3862
"2015-08-20:12 AM",61.2284
"2015-08-21:12 AM",65.8418
"2015-08-22:12 AM",59.0835
"2015-08-23:12 AM",56.152
"2015-08-24:12 AM",63.7621
"2015-08-25:12 AM",70.371
"2015-08-26:12 AM",67.4578
"2015-08-27:12 AM",64.2522
"2015-08-28:12 AM",64.189
"2015-08-29:12 AM",67.8821
"2015-08-30:12 AM",70.0241
"2015-08-31:12 AM",64.0384
"2015-09-01:12 AM",65.1256
"2015-09-02:12 AM",68.0572
"2015-09-03:12 AM",67.7413
"2015-09-04:12 AM",65.3178
"2015-09-05:12 AM",62.6394
"2015-09-06:12 AM",56.0766
"2015-09-07:12 AM",56.5617
"2015-09-08:12 AM",55.0933
"2015-09-09:12 AM",59.0887
"2015-09-10:12 AM",59.7943
"2015-09-11:12 AM",59.6817
"2015-09-12:12 AM",62.4009
"2015-09-13:12 AM",64.4551
"2015-09-14:12 AM",64.243
"2015-09-15:12 AM",60.6987
"2015-09-16:12 AM",55.1656
"2015-09-17:12 AM",50.457
"2015-09-18:12 AM",49.1644
"2015-09-19:12 AM",50.7187
"2015-09-20:12 AM",55.1199
"2015-09-21:12 AM",60.2042
"2015-09-22:12 AM",60.2083
"2015-09-23:12 AM",61.8226
"2015-09-24:12 AM",61.8998
"2015-09-25:12 AM",63.9631
"2015-09-26:12 AM",65.6618
"2015-09-27:12 AM",64.9348
"2015-09-28:12 AM",58.5766
"2015-09-29:12 AM",57.2535
"2015-09-30:12 AM",58.4771
"2015-10-01:12 AM",59.7718
"2015-10-02:12 AM",55.6086
"2015-10-03:12 AM",48.0423
"2015-10-04:12 AM",44.9411
"2015-10-05:12 AM",48.2369
"2015-10-06:12 AM",50.1541
"2015-10-07:12 AM",52.677
"2015-10-08:12 AM",52.3047
"2015-10-09:12 AM",53.0485
"2015-10-10:12 AM",57.3811
"2015-10-11:12 AM",56.9863
"2015-10-12:12 AM",49.8612
"2015-10-13:12 AM",53.4304
"2015-10-14:12 AM",53.773
"2015-10-15:12 AM",49.1925
"2015-10-16:12 AM",47.7666
"2015-10-17:12 AM",50.8035
"2015-10-18:12 AM",53.758
"2015-10-19:12 AM",51.5901
"2015-10-20:12 AM",46.5964
"2015-10-21:12 AM",43.511
"2015-10-22:12 AM",43.5553
"2015-10-23:12 AM",42.2148
"2015-10-24:12 AM",40.2908
"2015-10-25:12 AM",43.7086
"2015-10-26:12 AM",44.5629
"2015-10-27:12 AM",38.3214
"2015-10-28:12 AM",35.249
"2015-10-29:12 AM",36.2858
"2015-10-30:12 AM",36.8436
"2015-10-31:12 AM",41.5078
"2015-11-01:12 AM",46.2394
"2015-11-02:12 AM",43.9882
"2015-11-03:12 AM",44.0809
"2015-11-04:12 AM",36.9513
"2015-11-05:12 AM",29.7198
"2015-11-06:12 AM",26.5226
"2015-11-07:12 AM",27.5252
"2015-11-08:12 AM",30.9799
"2015-11-09:12 AM",33.9138
"2015-11-10:12 AM",33.2686
"2015-11-11:12 AM",27.0946
"2015-11-12:12 AM",26.4659
"2015-11-13:12 AM",28.74
"2015-11-14:12 AM",33.9474
"2015-11-15:12 AM",33.7172
"2015-11-16:12 AM",31.9509
"2015-11-17:12 AM",26.1052
"2015-11-18:12 AM",28.373
"2015-11-19:12 AM",24.8247
"2015-11-20:12 AM",24.3415
"2015-11-21:12 AM",15.3079
"2015-11-22:12 AM",23.403
"2015-11-23:12 AM",27.0732
"2015-11-24:12 AM",30.2846
"2015-11-25:12 AM",23.9614
"2015-11-26:12 AM",12.6406
"2015-11-27:12 AM",6.4825
"2015-11-28:12 AM",10.6536
"2015-11-29:12 AM",9.6427
"2015-11-30:12 AM",11.2269
"2015-12-01:12 AM",13.8031
"2015-12-02:12 AM",17.0488
"2015-12-03:12 AM",21.3498
"2015-12-04:12 AM",26.9409
"2015-12-05:12 AM",23.3766
"2015-12-06:12 AM",23.4007
"2015-12-07:12 AM",28.7838
"2015-12-08:12 AM",35.4285
"2015-12-09:12 AM",37.0965
"2015-12-10:12 AM",32.3955
"2015-12-11:12 AM",27.8535
"2015-12-12:12 AM",22.0392
"2015-12-13:12 AM",22.7698
"2015-12-14:12 AM",24.3649
"2015-12-15:12 AM",18.1589
"2015-12-16:12 AM",13.5945
"2015-12-17:12 AM",9.9725
"2015-12-18:12 AM",19.3073
"2015-12-19:12 AM",25.4795
"2015-12-20:12 AM",23.9427
"2015-12-21:12 AM",21.9893
"2015-12-22:12 AM",24.7401
"2015-12-23:12 AM",16.0432
"2015-12-24:12 AM",12.9133
"2015-12-25:12 AM",12.2279
"2015-12-26:12 AM",4.2395
"2015-12-27:12 AM",3.528
"2015-12-28:12 AM",5.0821
"2015-12-29:12 AM",6.5124
"2015-12-30:12 AM",5.3991
"2015-12-31:12 AM",3.2938
"2016-01-01:12 AM",5.6269
"2016-01-02:12 AM",10.4686
"2016-01-03:12 AM",15.3772
"2016-01-04:12 AM",20.8495
"2016-01-05:12 AM",22.2202
"2016-01-06:12 AM",22.181
"2016-01-07:12 AM",22.2777
"2016-01-08:12 AM",17.0568
"2016-01-09:12 AM",12.6334
"2016-01-10:12 AM",11.5743
"2016-01-11:12 AM",12.7342
"2016-01-12:12 AM",14.9722
"2016-01-13:12 AM",20.7765
"2016-01-14:12 AM",22.5289
"2016-01-15:12 AM",17.2126
"2016-01-16:12 AM",14.8595
"2016-01-17:12 AM",19.1811
"2016-01-18:12 AM",24.7413
"2016-01-19:12 AM",22.1106
"2016-01-20:12 AM",23.6028
"2016-01-21:12 AM",19.4563
"2016-01-22:12 AM",22.811
"2016-01-23:12 AM",24.5887
"2016-01-24:12 AM",24.9287
"2016-01-25:12 AM",20.3862
"2016-01-26:12 AM",16.0729
"2016-01-27:12 AM",21.8383
"2016-01-28:12 AM",25.8046
"2016-01-29:12 AM",28.2191
"2016-01-30:12 AM",29.0129
"2016-01-31:12 AM",15.8144
"2016-02-01:12 AM",15.071
"2016-02-02:12 AM",13.6533
"2016-02-03:12 AM",8.2087
"2016-02-04:12 AM",12.0159
"2016-02-05:12 AM",16.7067
"2016-02-06:12 AM",21.3991
"2016-02-07:12 AM",22.3979
"2016-02-08:12 AM",22.8774
"2016-02-09:12 AM",26.3509
"2016-02-10:12 AM",27.8985
"2016-02-11:12 AM",28.9767
"2016-02-12:12 AM",31.4236
"2016-02-13:12 AM",30.8271
"2016-02-14:12 AM",28.1998
"2016-02-15:12 AM",32.1679
"2016-02-16:12 AM",33.1135
"2016-02-17:12 AM",33.9471
"2016-02-18:12 AM",37.4544
"2016-02-19:12 AM",32.349
"2016-02-20:12 AM",32.157
"2016-02-21:12 AM",26.326
"2016-02-22:12 AM",26.5208
"2016-02-23:12 AM",23.4196
"2016-02-24:12 AM",23.2948
"2016-02-25:12 AM",26.3694
"2016-02-26:12 AM",31.0179
"2016-02-27:12 AM",35.9184
"2016-02-28:12 AM",34.3423
"2016-02-29:12 AM",32.8449
"2016-03-01:12 AM",29.3326
"2016-03-02:12 AM",35.1741
"2016-03-03:12 AM",34.7391
"2016-03-04:12 AM",37.5881
"2016-03-05:12 AM",39.2288
"2016-03-06:12 AM",41.3112
"2016-03-07:12 AM",35.1829
"2016-03-08:12 AM",30.1908
"2016-03-09:12 AM",30.5726
"2016-03-10:12 AM",35.4034
"2016-03-11:12 AM",41.8336
"2016-03-12:12 AM",44.307
"2016-03-13:12 AM",40.0055
"2016-03-14:12 AM",36.9048
"2016-03-15:12 AM",26.9335
"2016-03-16:12 AM",24.8515
"2016-03-17:12 AM",24.7075
"2016-03-18:12 AM",20.5376
"2016-03-19:12 AM",19.9872
"2016-03-20:12 AM",30.193
"2016-03-21:12 AM",40.7824
"2016-03-22:12 AM",38.4658
"2016-03-23:12 AM",29.086
"2016-03-24:12 AM",29.5057
"2016-03-25:12 AM",27.4905
"2016-03-26:12 AM",24.5925
"2016-03-27:12 AM",28.4392
"2016-03-28:12 AM",35.6472
"2016-03-29:12 AM",33.624
"2016-03-30:12 AM",29.4613
"2016-03-31:12 AM",28.8264
"2016-04-01:12 AM",26.6344
"2016-04-02:12 AM",34.6845
"2016-04-03:12 AM",40.6848
"2016-04-04:12 AM",42.4263
"2016-04-05:12 AM",37.0524
"2016-04-06:12 AM",38.6427
"2016-04-07:12 AM",42.3714
"2016-04-08:12 AM",43.378
"2016-04-09:12 AM",47.4019
"2016-04-10:12 AM",42.8153
"2016-04-11:12 AM",41.1129
"2016-04-12:12 AM",47.1427
"2016-04-13:12 AM",48.0767
"2016-04-14:12 AM",45.5814
"2016-04-15:12 AM",37.2909
"2016-04-16:12 AM",32.6887
"2016-04-17:12 AM",29.458
"2016-04-18:12 AM",30.8185
"2016-04-19:12 AM",34.9642
"2016-04-20:12 AM",41.5834
"2016-04-21:12 AM",45.3637
"2016-04-22:12 AM",50.1793
"2016-04-23:12 AM",50.7018
"2016-04-24:12 AM",40.8621
"2016-04-25:12 AM",38.1636
"2016-04-26:12 AM",33.7372
"2016-04-27:12 AM",30.4425
"2016-04-28:12 AM",29.3146
"2016-04-29:12 AM",31.2341
"2016-04-30:12 AM",32.3231
"2016-05-01:12 AM",34.2084
"2016-05-02:12 AM",36.3258
"2016-05-03:12 AM",44.2848
"2016-05-04:12 AM",49.8776
"2016-05-05:12 AM",55.4095
"2016-05-06:12 AM",52.5745
"2016-05-07:12 AM",45.316
"2016-05-08:12 AM",43.4579
"2016-05-09:12 AM",44.9308
"2016-05-10:12 AM",37.5492
"2016-05-11:12 AM",35.1034
"2016-05-12:12 AM",42.7006
"2016-05-13:12 AM",45.1855
"2016-05-14:12 AM",43.7625
"2016-05-15:12 AM",43.1181
"2016-05-16:12 AM",41.1998
"2016-05-17:12 AM",41.9173
"2016-05-18:12 AM",47.1978
"2016-05-19:12 AM",52.4871
"2016-05-20:12 AM",55.1489
"2016-05-21:12 AM",54.244
"2016-05-22:12 AM",46.8484
"2016-05-23:12 AM",44.7339
"2016-05-24:12 AM",47.2654
"2016-05-25:12 AM",47.2381
"2016-05-26:12 AM",47.6386
"2016-05-27:12 AM",48.0776
"2016-05-28:12 AM",49.0831
"2016-05-29:12 AM",51.9058
"2016-05-30:12 AM",52.6291
"2016-05-31:12 AM",48.4057
"2016-06-01:12 AM",51.6297
"2016-06-02:12 AM",58.946
"2016-06-03:12 AM",58.5529
"2016-06-04:12 AM",59.4266
"2016-06-05:12 AM",63.081
"2016-06-06:12 AM",62.3111
"2016-06-07:12 AM",65.4195
"2016-06-08:12 AM",65.5596
"2016-06-09:12 AM",68.3283
"2016-06-10:12 AM",68.1507
"2016-06-11:12 AM",68.3668
"2016-06-12:12 AM",61.5682
"2016-06-13:12 AM",58.4073
"2016-06-14:12 AM",57.9333
"2016-06-15:12 AM",62.6031
"2016-06-16:12 AM",64.92
"2016-06-17:12 AM",62.8918
"2016-06-18:12 AM",67.9656
"2016-06-19:12 AM",67.5565
"2016-06-20:12 AM",65.9293
"2016-06-21:12 AM",72.6712
"2016-06-22:12 AM",67.0728
"2016-06-23:12 AM",69.4681
"2016-06-24:12 AM",70.2273
"2016-06-25:12 AM",61.5508
"2016-06-26:12 AM",61.8867
"2016-06-27:12 AM",65.3254
"2016-06-28:12 AM",69.6726
"2016-06-29:12 AM",67.8124
"2016-06-30:12 AM",64.4032
"2016-07-01:12 AM",62.2783
"2016-07-02:12 AM",64.8919
"2016-07-03:12 AM",66.3192
"2016-07-04:12 AM",67.246
"2016-07-05:12 AM",65.6038
"2016-07-06:12 AM",65.4998
"2016-07-07:12 AM",62.6954
"2016-07-08:12 AM",67.4222
"2016-07-09:12 AM",72.0588
"2016-07-10:12 AM",68.8761
"2016-07-11:12 AM",56.8834
"2016-07-12:12 AM",58.4802
"2016-07-13:12 AM",61.2313
"2016-07-14:12 AM",62.3406
"2016-07-15:12 AM",64.8388
"2016-07-16:12 AM",68.3341
"2016-07-17:12 AM",66.3314
"2016-07-18:12 AM",69.5268
"2016-07-19:12 AM",73.1214
"2016-07-20:12 AM",74.4399
"2016-07-21:12 AM",73.9638
"2016-07-22:12 AM",74.4816
"2016-07-23:12 AM",70.3944
"2016-07-24:12 AM",67.914
"2016-07-25:12 AM",70.579
"2016-07-26:12 AM",72.3497
"2016-07-27:12 AM",71.0449
"2016-07-28:12 AM",67.7511
"2016-07-29:12 AM",67.235
"2016-07-30:12 AM",70.4556
"2016-07-31:12 AM",72.7066
"2016-08-01:12 AM",71.4142
"2016-08-02:12 AM",71.9784
"2016-08-03:12 AM",73.197
"2016-08-04:12 AM",64.2749
"2016-08-05:12 AM",65.2818
"2016-08-06:12 AM",67.4935
"2016-08-07:12 AM",67.8983
"2016-08-08:12 AM",68.6086
"2016-08-09:12 AM",70.9752
"2016-08-10:12 AM",69.5539
"2016-08-11:12 AM",65.0458
"2016-08-12:12 AM",62.0112
"2016-08-13:12 AM",63.6742
"2016-08-14:12 AM",66.1915
"2016-08-15:12 AM",66.2058
"2016-08-16:12 AM",67.2071
"2016-08-17:12 AM",69.7647
"2016-08-18:12 AM",63.0943
"2016-08-19:12 AM",52.9862
"2016-08-20:12 AM",54.6955
"2016-08-21:12 AM",63.3814
"2016-08-22:12 AM",68.2581
"2016-08-23:12 AM",64.0409
"2016-08-24:12 AM",57.3508
"2016-08-25:12 AM",53.1871
"2016-08-26:12 AM",55.8333
"2016-08-27:12 AM",59.6395
"2016-08-28:12 AM",65.2968
"2016-08-29:12 AM",66.223
"2016-08-30:12 AM",67.559
"2016-08-31:12 AM",68.3868
"2016-09-01:12 AM",67.9672
"2016-09-02:12 AM",67.9426
"2016-09-03:12 AM",64.6585
"2016-09-04:12 AM",60.1394
"2016-09-05:12 AM",56.0529
"2016-09-06:12 AM",54.2206
"2016-09-07:12 AM",57.7927
"2016-09-08:12 AM",57.9258
"2016-09-09:12 AM",51.5102
"2016-09-10:12 AM",53.3426
"2016-09-11:12 AM",61.1654
"2016-09-12:12 AM",50.3179
"2016-09-13:12 AM",47.5117
"2016-09-14:12 AM",52.3551
"2016-09-15:12 AM",49.5696
"2016-09-16:12 AM",50.1634
"2016-09-17:12 AM",53.8642
"2016-09-18:12 AM",59.4255
"2016-09-19:12 AM",61.3092
"2016-09-20:12 AM",63.5738
"2016-09-21:12 AM",59.9554
"2016-09-22:12 AM",56.2793
"2016-09-23:12 AM",50.9576
"2016-09-24:12 AM",43.5819
"2016-09-25:12 AM",45.0347
"2016-09-26:12 AM",51.1993
"2016-09-27:12 AM",55.7776
"2016-09-28:12 AM",57.0452
"2016-09-29:12 AM",57.7818
"2016-09-30:12 AM",57.4637
"2016-10-01:12 AM",56.8085
"2016-10-02:12 AM",55.3316
"2016-10-03:12 AM",49.0795
"2016-10-04:12 AM",39.4241
"2016-10-05:12 AM",38.2582
"2016-10-06:12 AM",36.826
"2016-10-07:12 AM",38.4064
"2016-10-08:12 AM",45.5481
"2016-10-09:12 AM",49.8427
"2016-10-10:12 AM",52.0966
"2016-10-11:12 AM",44.6877
"2016-10-12:12 AM",36.8222
"2016-10-13:12 AM",43.6321
"2016-10-14:12 AM",53.3181
"2016-10-15:12 AM",50.8815
"2016-10-16:12 AM",49.7799
"2016-10-17:12 AM",42.3475
"2016-10-18:12 AM",37.3901
"2016-10-19:12 AM",35.5474
"2016-10-20:12 AM",33.3642
"2016-10-21:12 AM",41.4109
"2016-10-22:12 AM",45.8602
"2016-10-23:12 AM",45.556
"2016-10-24:12 AM",47.2498
"2016-10-25:12 AM",48.4745
"2016-10-26:12 AM",46.7314
"2016-10-27:12 AM",50.3596
"2016-10-28:12 AM",52.8064
"2016-10-29:12 AM",47.4078
"2016-10-30:12 AM",47.4575
"2016-10-31:12 AM",45.7311
"2016-11-01:12 AM",39.7746
"2016-11-02:12 AM",37.9686
"2016-11-03:12 AM",40.2447
"2016-11-04:12 AM",42.6081
"2016-11-05:12 AM",43.2169
"2016-11-06:12 AM",43.3353
"2016-11-07:12 AM",40.5964
"2016-11-08:12 AM",41.3191
"2016-11-09:12 AM",44.17
"2016-11-10:12 AM",44.323
"2016-11-11:12 AM",41.4952
"2016-11-12:12 AM",43.3002
"2016-11-13:12 AM",42.0141
"2016-11-14:12 AM",42.6769
"2016-11-15:12 AM",45.7878
"2016-11-16:12 AM",44.3253
"2016-11-17:12 AM",27.7479
"2016-11-18:12 AM",16.8553
"2016-11-19:12 AM",22.9194
"2016-11-20:12 AM",31.2471
"2016-11-21:12 AM",35.344
"2016-11-22:12 AM",31.5977
"2016-11-23:12 AM",27.9063
"2016-11-24:12 AM",25.5195
"2016-11-25:12 AM",24.0507
"2016-11-26:12 AM",27.0354
"2016-11-27:12 AM",29.3801
"2016-11-28:12 AM",24.6844
"2016-11-29:12 AM",19.8331
"2016-11-30:12 AM",15.9949
"2016-12-01:12 AM",19.0594
"2016-12-02:12 AM",15.9669
"2016-12-03:12 AM",16.9909
"2016-12-04:12 AM",22.0174
"2016-12-05:12 AM",18.0568
"2016-12-06:12 AM",2.9649
"2016-12-07:12 AM",-1.6125
"2016-12-08:12 AM",-4.2304
"2016-12-09:12 AM",14.9403
"2016-12-10:12 AM",25.7256
"2016-12-11:12 AM",21.3561
"2016-12-12:12 AM",17.0809
"2016-12-13:12 AM",10.09
"2016-12-14:12 AM",11.307
"2016-12-15:12 AM",25.8337
"2016-12-16:12 AM",19.0022
"2016-12-17:12 AM",-6.7556
"2016-12-18:12 AM",-2.2581
"2016-12-19:12 AM",9.2671
"2016-12-20:12 AM",21.9223
"2016-12-21:12 AM",20.9862
"2016-12-22:12 AM",14.7459
"2016-12-23:12 AM",18.0955
"2016-12-24:12 AM",24.1034
"2016-12-25:12 AM",18.374
"2016-12-26:12 AM",10.9512
"2016-12-27:12 AM",12.3609
"2016-12-28:12 AM",17.227
"2016-12-29:12 AM",11.5309
"2016-12-30:12 AM",21.6021
"2016-12-31:12 AM",16.4811
"2017-01-01:12 AM",14.5933
"2017-01-02:12 AM",10.6034
"2017-01-03:12 AM",2.46
"2017-01-04:12 AM",5.0418
"2017-01-05:12 AM",-8.8769
"2017-01-06:12 AM",-7.8038
"2017-01-07:12 AM",3.2121
"2017-01-08:12 AM",19.4752
"2017-01-09:12 AM",30.9261
"2017-01-10:12 AM",23.7722
"2017-01-11:12 AM",20.1243
"2017-01-12:12 AM",12.1451
"2017-01-13:12 AM",9.9352
"2017-01-14:12 AM",12.4815
"2017-01-15:12 AM",10.4814
"2017-01-16:12 AM",8.8466
"2017-01-17:12 AM",13.4895
"2017-01-18:12 AM",20.631
"2017-01-19:12 AM",23.2869
"2017-01-20:12 AM",21.7771
"2017-01-21:12 AM",17.1369
"2017-01-22:12 AM",18.3214
"2017-01-23:12 AM",21.5096
"2017-01-24:12 AM",16.61
"2017-01-25:12 AM",8.7661
"2017-01-26:12 AM",6.0876
"2017-01-27:12 AM",8.3408
"2017-01-28:12 AM",15.9498
"2017-01-29:12 AM",21.5343
"2017-01-30:12 AM",22.8974
"2017-01-31:12 AM",23.1453
"2017-02-01:12 AM",16.9363
"2017-02-02:12 AM",13.602
"2017-02-03:12 AM",15.3475
"2017-02-04:12 AM",28.9526
"2017-02-05:12 AM",29.7174
"2017-02-06:12 AM",31.7417
"2017-02-07:12 AM",27.6368
"2017-02-08:12 AM",23.5148
"2017-02-09:12 AM",33.0665
"2017-02-10:12 AM",37.4864
"2017-02-11:12 AM",30.1838
"2017-02-12:12 AM",18.2424
"2017-02-13:12 AM",20.1632
"2017-02-14:12 AM",22.629
"2017-02-15:12 AM",26.5545
"2017-02-16:12 AM",29.385
"2017-02-17:12 AM",32.3697
"2017-02-18:12 AM",34.3963
"2017-02-19:12 AM",34.5229
"2017-02-20:12 AM",31.1457
"2017-02-21:12 AM",37.256
"2017-02-22:12 AM",29.9478
"2017-02-23:12 AM",21.2225
"2017-02-24:12 AM",14.3973
"2017-02-25:12 AM",9.7565
"2017-02-26:12 AM",10.5237
"2017-02-27:12 AM",17.2657
"2017-02-28:12 AM",12.855
"2017-03-01:12 AM",16.1978
"2017-03-02:12 AM",21.022
"2017-03-03:12 AM",25.2752
"2017-03-04:12 AM",30.4822
"2017-03-05:12 AM",32.722
"2017-03-06:12 AM",22.4249
"2017-03-07:12 AM",19.434
"2017-03-08:12 AM",29.435
"2017-03-09:12 AM",34.2622
"2017-03-10:12 AM",34.4275
"2017-03-11:12 AM",33.375
"2017-03-12:12 AM",33.8805
"2017-03-13:12 AM",32.1845
"2017-03-14:12 AM",39.0313
"2017-03-15:12 AM",42.2325
"2017-03-16:12 AM",42.8194
"2017-03-17:12 AM",38.3828
"2017-03-18:12 AM",44.0636
"2017-03-19:12 AM",46.2533
"2017-03-20:12 AM",42.2587
"2017-03-21:12 AM",40.7086
"2017-03-22:12 AM",43.799
"2017-03-23:12 AM",40.0433
"2017-03-24:12 AM",36.7939
"2017-03-25:12 AM",38.586
"2017-03-26:12 AM",36.9687
"2017-03-27:12 AM",37.5737
"2017-03-28:12 AM",35.7631
"2017-03-29:12 AM",35.353
"2017-03-30:12 AM",39.979
"2017-03-31:12 AM",36.68
"2017-04-01:12 AM",35.1982
"2017-04-02:12 AM",36.0885
"2017-04-03:12 AM",30.7396
"2017-04-04:12 AM",26.7755
"2017-04-05:12 AM",28.7499
"2017-04-06:12 AM",37.1905
"2017-04-07:12 AM",44.7669
"2017-04-08:12 AM",43.6768
"2017-04-09:12 AM",33.5226
"2017-04-10:12 AM",28.359
"2017-04-11:12 AM",35.1867
"2017-04-12:12 AM",42.6902
"2017-04-13:12 AM",47.0271
"2017-04-14:12 AM",44.4501
"2017-04-15:12 AM",35.7818
"2017-04-16:12 AM",37.5741
"2017-04-17:12 AM",43.1877
"2017-04-18:12 AM",43.4743
"2017-04-19:12 AM",42.0296
"2017-04-20:12 AM",37.382
"2017-04-21:12 AM",36.7371
"2017-04-22:12 AM",35.9944
"2017-04-23:12 AM",43.2086
"2017-04-24:12 AM",42.224
"2017-04-25:12 AM",34.1125
"2017-04-26:12 AM",33.2566
"2017-04-27:12 AM",34.0673
"2017-04-28:12 AM",29.5048
"2017-04-29:12 AM",27.3533
"2017-04-30:12 AM",30.2945
"2017-05-01:12 AM",37.0666
"2017-05-02:12 AM",37.7623
"2017-05-03:12 AM",38.6937
"2017-05-04:12 AM",46.3919
"2017-05-05:12 AM",51.8538
"2017-05-06:12 AM",56.2586
"2017-05-07:12 AM",55.8169
"2017-05-08:12 AM",47.7747
"2017-05-09:12 AM",48.2299
"2017-05-10:12 AM",46.7028
"2017-05-11:12 AM",49.851
"2017-05-12:12 AM",55.3593
"2017-05-13:12 AM",54.3621
"2017-05-14:12 AM",46.5237
"2017-05-15:12 AM",50.2534
"2017-05-16:12 AM",46.8849
"2017-05-17:12 AM",41.5751
"2017-05-18:12 AM",34.32
"2017-05-19:12 AM",34.7365
"2017-05-20:12 AM",37.4904
"2017-05-21:12 AM",42.0476
"2017-05-22:12 AM",41.4597
"2017-05-23:12 AM",45.6712
"2017-05-24:12 AM",53.8479
"2017-05-25:12 AM",48.6675
"2017-05-26:12 AM",43.6086
"2017-05-27:12 AM",45.1177
"2017-05-28:12 AM",49.0879
"2017-05-29:12 AM",50.6061
"2017-05-30:12 AM",53.0971
"2017-05-31:12 AM",57.7569
"2017-06-01:12 AM",60.4627
"2017-06-02:12 AM",57.8237
"2017-06-03:12 AM",58.3758
"2017-06-04:12 AM",62.9886
"2017-06-05:12 AM",63.6526
"2017-06-06:12 AM",59.389
"2017-06-07:12 AM",62.7663
"2017-06-08:12 AM",66.0328
"2017-06-09:12 AM",64.4851
"2017-06-10:12 AM",59.8939
"2017-06-11:12 AM",57.4315
"2017-06-12:12 AM",58.156
"2017-06-13:12 AM",48.4677
"2017-06-14:12 AM",52.4097
"2017-06-15:12 AM",57.2783
"2017-06-16:12 AM",59.871
"2017-06-17:12 AM",57.8458
"2017-06-18:12 AM",56.143
"2017-06-19:12 AM",60.5863
"2017-06-20:12 AM",66.7756
"2017-06-21:12 AM",69.4809
"2017-06-22:12 AM",63.0072
"2017-06-23:12 AM",55.3375
"2017-06-24:12 AM",54.9282
"2017-06-25:12 AM",58.6891
"2017-06-26:12 AM",63.8299
"2017-06-27:12 AM",66.4682
"2017-06-28:12 AM",60.8718
"2017-06-29:12 AM",55.9459
"2017-06-30:12 AM",55.4106
"2017-07-01:12 AM",62.0146
"2017-07-02:12 AM",65.2482
"2017-07-03:12 AM",67.4326
"2017-07-04:12 AM",70.1708
"2017-07-05:12 AM",72.9347
"2017-07-06:12 AM",74.0192
"2017-07-07:12 AM",71.0926
"2017-07-08:12 AM",71.3653
"2017-07-09:12 AM",72.5833
"2017-07-10:12 AM",69.7901
"2017-07-11:12 AM",69.8738
"2017-07-12:12 AM",68.1328
"2017-07-13:12 AM",70.2685
"2017-07-14:12 AM",72.6296
"2017-07-15:12 AM",71.0384
"2017-07-16:12 AM",72.3702
"2017-07-17:12 AM",70.6737
"2017-07-18:12 AM",71.1239
"2017-07-19:12 AM",72.9234
"2017-07-20:12 AM",71.0008
"2017-07-21:12 AM",69.6596
"2017-07-22:12 AM",68.533
"2017-07-23:12 AM",70.392
"2017-07-24:12 AM",72.9066
"2017-07-25:12 AM",67.1673
"2017-07-26:12 AM",63.9723
"2017-07-27:12 AM",66.2736
"2017-07-28:12 AM",67.1112
"2017-07-29:12 AM",66.6748
"2017-07-30:12 AM",66.9027
"2017-07-31:12 AM",69.2542
"2017-08-01:12 AM",70.4404
"2017-08-02:12 AM",66.787
"2017-08-03:12 AM",61.5616
"2017-08-04:12 AM",65.9998
"2017-08-05:12 AM",65.3385
"2017-08-06:12 AM",60.3225
"2017-08-07:12 AM",59.8471
"2017-08-08:12 AM",61.2703
"2017-08-09:12 AM",60.4922
"2017-08-10:12 AM",60.15
"2017-08-11:12 AM",62.5336
"2017-08-12:12 AM",64.1106
"2017-08-13:12 AM",63.4075
"2017-08-14:12 AM",62.0103
"2017-08-15:12 AM",58.1668
"2017-08-16:12 AM",58.7865
"2017-08-17:12 AM",62.6126
"2017-08-18:12 AM",63.9266
"2017-08-19:12 AM",66.8201
"2017-08-20:12 AM",66.4416
"2017-08-21:12 AM",65.05
"2017-08-22:12 AM",64.6698
"2017-08-23:12 AM",65.9671
"2017-08-24:12 AM",66.4821
"2017-08-25:12 AM",65.7426
"2017-08-26:12 AM",67.2928
"2017-08-27:12 AM",67.2737
"2017-08-28:12 AM",69.1747
"2017-08-29:12 AM",70.2273
"2017-08-30:12 AM",69.4825
"2017-08-31:12 AM",65.8985
"2017-09-01:12 AM",65.199
"2017-09-02:12 AM",67.3038
"2017-09-03:12 AM",70.7047
"2017-09-04:12 AM",65.1479
"2017-09-05:12 AM",58.6209
"2017-09-06:12 AM",60.8826
"2017-09-07:12 AM",64.1901
"2017-09-08:12 AM",65.2078
"2017-09-09:12 AM",67.1338
"2017-09-10:12 AM",65.5914
"2017-09-11:12 AM",65.1256
"2017-09-12:12 AM",67.4357
"2017-09-13:12 AM",65.4057
"2017-09-14:12 AM",60.2127
"2017-09-15:12 AM",49.2795
"2017-09-16:12 AM",43.1798
"2017-09-17:12 AM",46.1084
"2017-09-18:12 AM",52.4178
"2017-09-19:12 AM",48.9691
"2017-09-20:12 AM",44.3705
"2017-09-21:12 AM",51.5358
"2017-09-22:12 AM",45.8125
"2017-09-23:12 AM",40.3624
"2017-09-24:12 AM",38.1371
"2017-09-25:12 AM",39.5904
"2017-09-26:12 AM",41.3928
"2017-09-27:12 AM",44.2837
"2017-09-28:12 AM",45.8899
"2017-09-29:12 AM",46.9452
"2017-09-30:12 AM",48.9819
"2017-10-01:12 AM",42.5723
"2017-10-02:12 AM",35.0172
"2017-10-03:12 AM",35.1914
"2017-10-04:12 AM",41.7855
"2017-10-05:12 AM",42.9274
"2017-10-06:12 AM",42.7123
"2017-10-07:12 AM",45.7768
"2017-10-08:12 AM",39.0313
"2017-10-09:12 AM",31.7174
"2017-10-10:12 AM",35.3914
"2017-10-11:12 AM",41.9401
"2017-10-12:12 AM",41.8429
"2017-10-13:12 AM",37.7393
"2017-10-14:12 AM",33.4344
"2017-10-15:12 AM",35.3462
"2017-10-16:12 AM",42.6598
"2017-10-17:12 AM",45.9813
"2017-10-18:12 AM",48.3328
"2017-10-19:12 AM",49.4778
"2017-10-20:12 AM",49.4526
"2017-10-21:12 AM",35.4371
"2017-10-22:12 AM",40.0703
"2017-10-23:12 AM",41.3888
"2017-10-24:12 AM",39.4218
"2017-10-25:12 AM",46.6615
"2017-10-26:12 AM",36.2642
"2017-10-27:12 AM",29.7637
"2017-10-28:12 AM",39.1194
"2017-10-29:12 AM",41.2738
"2017-10-30:12 AM",28.1478
"2017-10-31:12 AM",29.2066
"2017-11-01:12 AM",38.534
"2017-11-02:12 AM",34.2808
"2017-11-03:12 AM",36.8692
"2017-11-04:12 AM",36.3101
"2017-11-05:12 AM",29.4627
"2017-11-06:12 AM",27.3492
"2017-11-07:12 AM",20.9525
"2017-11-08:12 AM",24.5998
"2017-11-09:12 AM",28.666
"2017-11-10:12 AM",32.7312
"2017-11-11:12 AM",31.2269
"2017-11-12:12 AM",29.1049
"2017-11-13:12 AM",34.6483
"2017-11-14:12 AM",36.2361
"2017-11-15:12 AM",30.8127
"2017-11-16:12 AM",39.5235
"2017-11-17:12 AM",35.8198
"2017-11-18:12 AM",24.2283
"2017-11-19:12 AM",25.5443
"2017-11-20:12 AM",31.0215
"2017-11-21:12 AM",33.328
"2017-11-22:12 AM",39.5746
"2017-11-23:12 AM",42.3423
"2017-11-24:12 AM",40.6582
"2017-11-25:12 AM",35.0688
"2017-11-26:12 AM",39.5301
"2017-11-27:12 AM",41.7486
"2017-11-28:12 AM",30.0574
"2017-11-29:12 AM",30.236
"2017-11-30:12 AM",27.2624
"2017-12-01:12 AM",30.007
"2017-12-02:12 AM",31.0809
"2017-12-03:12 AM",35.9994
"2017-12-04:12 AM",21.668
"2017-12-05:12 AM",17.3745
"2017-12-06:12 AM",15.0841
"2017-12-07:12 AM",17.3338
"2017-12-08:12 AM",23.8048
"2017-12-09:12 AM",24.2814
"2017-12-10:12 AM",25.1877
"2017-12-11:12 AM",26.7312
"2017-12-12:12 AM",30.0049
"2017-12-13:12 AM",28.9053
"2017-12-14:12 AM",23.5026
"2017-12-15:12 AM",25.432
"2017-12-16:12 AM",27.2289
"2017-12-17:12 AM",20.3083
"2017-12-18:12 AM",23.9014
"2017-12-19:12 AM",27.1855
"2017-12-20:12 AM",30.2648
"2017-12-21:12 AM",14.0128
"2017-12-22:12 AM",13.2316
"2017-12-23:12 AM",13.2147
"2017-12-24:12 AM",3.6599
"2017-12-25:12 AM",12.2022
"2017-12-26:12 AM",8.661
"2017-12-27:12 AM",17.1264
"2017-12-28:12 AM",22.0161
"2017-12-29:12 AM",23.918
"2017-12-30:12 AM",19.5082
"2017-12-31:12 AM",7.4687
"2018-01-01:12 AM",8.9265
"2018-01-02:12 AM",10.1237
"2018-01-03:12 AM",18.3852
"2018-01-04:12 AM",20.5293
"2018-01-05:12 AM",24.7631
"2018-01-06:12 AM",27.6852
"2018-01-07:12 AM",25.5654
"2018-01-08:12 AM",25.7493
"2018-01-09:12 AM",30.5434
"2018-01-10:12 AM",28.7031
"2018-01-11:12 AM",17.3916
"2018-01-12:12 AM",24.678
"2018-01-13:12 AM",25.7337
"2018-01-14:12 AM",25.4403
"2018-01-15:12 AM",14.5382
"2018-01-16:12 AM",13.334
"2018-01-17:12 AM",21.243
"2018-01-18:12 AM",28.1604
"2018-01-19:12 AM",32.7569
"2018-01-20:12 AM",25.3249
"2018-01-21:12 AM",17.7368
"2018-01-22:12 AM",14.4844
"2018-01-23:12 AM",17.7735
"2018-01-24:12 AM",20.8454
"2018-01-25:12 AM",25.0875
"2018-01-26:12 AM",19.4067
"2018-01-27:12 AM",18.8931
"2018-01-28:12 AM",24.4675
"2018-01-29:12 AM",28.6561
"2018-01-30:12 AM",31.7316
"2018-01-31:12 AM",25.8413
"2018-02-01:12 AM",20.7867
"2018-02-02:12 AM",26.9766
"2018-02-03:12 AM",31.3414
"2018-02-04:12 AM",25.0558
"2018-02-05:12 AM",27.7194
"2018-02-06:12 AM",22.8625
"2018-02-07:12 AM",25.2752
"2018-02-08:12 AM",32.3107
"2018-02-09:12 AM",22.5239
"2018-02-10:12 AM",13.7457
"2018-02-11:12 AM",16.3872
"2018-02-12:12 AM",13.3124
"2018-02-13:12 AM",19.6457
"2018-02-14:12 AM",25.7779
"2018-02-15:12 AM",21.0551
"2018-02-16:12 AM",15.7741
"2018-02-17:12 AM",23.2201
"2018-02-18:12 AM",26.4474
"2018-02-19:12 AM",5.3667
"2018-02-20:12 AM",-1.8661
"2018-02-21:12 AM",2.4096
"2018-02-22:12 AM",7.3778
"2018-02-23:12 AM",8.2065
"2018-02-24:12 AM",10.6252
"2018-02-25:12 AM",13.7556
"2018-02-26:12 AM",20.5855
"2018-02-27:12 AM",21.2455
"2018-02-28:12 AM",17.3484
"2018-03-01:12 AM",19.4367
"2018-03-02:12 AM",27.5554
"2018-03-03:12 AM",29.6578
"2018-03-04:12 AM",25.0043
"2018-03-05:12 AM",17.776
"2018-03-06:12 AM",20.0826
"2018-03-07:12 AM",21.6925
"2018-03-08:12 AM",28.0276
"2018-03-09:12 AM",31.8511
"2018-03-10:12 AM",28.391
"2018-03-11:12 AM",26.4537
"2018-03-12:12 AM",31.1641
"2018-03-13:12 AM",32.8102
"2018-03-14:12 AM",37.9879
"2018-03-15:12 AM",38.5992
"2018-03-16:12 AM",31.8673
"2018-03-17:12 AM",30.9141
"2018-03-18:12 AM",28.1671
"2018-03-19:12 AM",26.4015
"2018-03-20:12 AM",27.7642
"2018-03-21:12 AM",32.0958
"2018-03-22:12 AM",38.7275
"2018-03-23:12 AM",40.7561
"2018-03-24:12 AM",36.4476
"2018-03-25:12 AM",33.7752
"2018-03-26:12 AM",28.3725
"2018-03-27:12 AM",27.6215
"2018-03-28:12 AM",31.7161
"2018-03-29:12 AM",29.1016
"2018-03-30:12 AM",33.4281
"2018-03-31:12 AM",31.0406
"2018-04-01:12 AM",31.1603
"2018-04-02:12 AM",33.944
"2018-04-03:12 AM",22.0833
"2018-04-04:12 AM",31.354
"2018-04-05:12 AM",35.3419
"2018-04-06:12 AM",28.3568
"2018-04-07:12 AM",31.6954
"2018-04-08:12 AM",35.3734
"2018-04-09:12 AM",33.8101
"2018-04-10:12 AM",39.3409
"2018-04-11:12 AM",46.0281
"2018-04-12:12 AM",41.6448
"2018-04-13:12 AM",29.512
"2018-04-14:12 AM",31.1718
"2018-04-15:12 AM",38.2757
"2018-04-16:12 AM",44.5802
"2018-04-17:12 AM",36.5214
"2018-04-18:12 AM",31.8205
"2018-04-19:12 AM",38.4269
"2018-04-20:12 AM",40.6288
"2018-04-21:12 AM",41.7169
"2018-04-22:12 AM",46.8772
"2018-04-23:12 AM",43.4671
"2018-04-24:12 AM",34.6593
"2018-04-25:12 AM",40.6398
"2018-04-26:12 AM",44.0244
"2018-04-27:12 AM",48.0927
"2018-04-28:12 AM",53.3374
"2018-04-29:12 AM",53.253
"2018-04-30:12 AM",41.3782
"2018-05-01:12 AM",39.1582
"2018-05-02:12 AM",38.6164
"2018-05-03:12 AM",42.6884
"2018-05-04:12 AM",47.4417
"2018-05-05:12 AM",52.358
"2018-05-06:12 AM",55.4229
"2018-05-07:12 AM",58.0447
"2018-05-08:12 AM",53.1037
"2018-05-09:12 AM",55.0006
"2018-05-10:12 AM",54.1731
"2018-05-11:12 AM",46.8023
"2018-05-12:12 AM",42.2148
"2018-05-13:12 AM",45.5124
"2018-05-14:12 AM",47.6688
"2018-05-15:12 AM",51.4211
"2018-05-16:12 AM",55.7647
"2018-05-17:12 AM",57.0499
"2018-05-18:12 AM",51.3275
"2018-05-19:12 AM",44.7624
"2018-05-20:12 AM",48.4698
"2018-05-21:12 AM",54.4064
"2018-05-22:12 AM",55.1284
"2018-05-23:12 AM",54.0912
"2018-05-24:12 AM",56.6211
"2018-05-25:12 AM",60.6695
"2018-05-26:12 AM",63.2392
"2018-05-27:12 AM",59.8986
"2018-05-28:12 AM",54.8402
"2018-05-29:12 AM",52.9956
"2018-05-30:12 AM",57.2567
"2018-05-31:12 AM",61.0349
"2018-06-01:12 AM",56.1524
"2018-06-02:12 AM",51.6096
"2018-06-03:12 AM",57.7033
"2018-06-04:12 AM",63.6163
"2018-06-05:12 AM",66.5447
"2018-06-06:12 AM",64.5811
"2018-06-07:12 AM",65.869
"2018-06-08:12 AM",65.0019
"2018-06-09:12 AM",66.8435
"2018-06-10:12 AM",62.661
"2018-06-11:12 AM",53.4843
"2018-06-12:12 AM",54.5176
"2018-06-13:12 AM",62.5824
"2018-06-14:12 AM",69.1417
"2018-06-15:12 AM",63.0669
"2018-06-16:12 AM",59.9711
"2018-06-17:12 AM",53.9182
"2018-06-18:12 AM",54.7354
"2018-06-19:12 AM",53.5327
"2018-06-20:12 AM",54.2089
"2018-06-21:12 AM",60.028
"2018-06-22:12 AM",58.5979
"2018-06-23:12 AM",57.0295
"2018-06-24:12 AM",53.7798
"2018-06-25:12 AM",59.6957
"2018-06-26:12 AM",66.6192
"2018-06-27:12 AM",68.0445
"2018-06-28:12 AM",71.7244
"2018-06-29:12 AM",63.6957
"2018-06-30:12 AM",54.4294
"2018-07-01:12 AM",57.8973
"2018-07-02:12 AM",64.6864
"2018-07-03:12 AM",65.1322
"2018-07-04:12 AM",63.6888
"2018-07-05:12 AM",66.3858
"2018-07-06:12 AM",72.5954
"2018-07-07:12 AM",75.4891
"2018-07-08:12 AM",74.5968
"2018-07-09:12 AM",73.0996
"2018-07-10:12 AM",73.2628
"2018-07-11:12 AM",70.8314
"2018-07-12:12 AM",67.4541
"2018-07-13:12 AM",68.6026
"2018-07-14:12 AM",71.0683
"2018-07-15:12 AM",67.0039
"2018-07-16:12 AM",68.0173
"2018-07-17:12 AM",67.5009
"2018-07-18:12 AM",67.8398
"2018-07-19:12 AM",69.2294
"2018-07-20:12 AM",70.2415
"2018-07-21:12 AM",72.066
"2018-07-22:12 AM",68.8168
"2018-07-23:12 AM",65.8389
"2018-07-24:12 AM",69.345
"2018-07-25:12 AM",67.2422
"2018-07-26:12 AM",65.4805
"2018-07-27:12 AM",65.2449
"2018-07-28:12 AM",64.2841
"2018-07-29:12 AM",62.3287
"2018-07-30:12 AM",62.236
"2018-07-31:12 AM",66.4086
"2018-08-01:12 AM",68.9322
"2018-08-02:12 AM",70.6348
"2018-08-03:12 AM",70.5241
"2018-08-04:12 AM",66.2191
"2018-08-05:12 AM",63.0387
"2018-08-06:12 AM",60.6702
"2018-08-07:12 AM",64.5706
"2018-08-08:12 AM",67.7923
"2018-08-09:12 AM",70.5859
"2018-08-10:12 AM",72.3448
"2018-08-11:12 AM",74.3221
"2018-08-12:12 AM",74.5282
"2018-08-13:12 AM",70.0342
"2018-08-14:12 AM",67.0132
"2018-08-15:12 AM",65.2978
"2018-08-16:12 AM",67.6391
"2018-08-17:12 AM",69.0561
"2018-08-18:12 AM",64.8968
"2018-08-19:12 AM",58.5891
"2018-08-20:12 AM",59.0587
"2018-08-21:12 AM",58.539
"2018-08-22:12 AM",60.6614
"2018-08-23:12 AM",62.6387
"2018-08-24:12 AM",64.3892
"2018-08-25:12 AM",66.0358
"2018-08-26:12 AM",64.9879
"2018-08-27:12 AM",58.5765
"2018-08-28:12 AM",52.6384
"2018-08-29:12 AM",58.1284
"2018-08-30:12 AM",64.9162
"2018-08-31:12 AM",64.3815
"2018-09-01:12 AM",61.9907
"2018-09-02:12 AM",60.5187
"2018-09-03:12 AM",62.7267
"2018-09-04:12 AM",60.8772
"2018-09-05:12 AM",60.6702
"2018-09-06:12 AM",64.245
"2018-09-07:12 AM",64.706
"2018-09-08:12 AM",64.0558
"2018-09-09:12 AM",62.3946
"2018-09-10:12 AM",63.4473
"2018-09-11:12 AM",65.3419
"2018-09-12:12 AM",64.85
"2018-09-13:12 AM",62.0116
"2018-09-14:12 AM",61.3895
"2018-09-15:12 AM",64.8487
"2018-09-16:12 AM",66.5179
"2018-09-17:12 AM",64.0576
"2018-09-18:12 AM",62.2371
"2018-09-19:12 AM",58.9339
"2018-09-20:12 AM",53.6848
"2018-09-21:12 AM",51.5532
"2018-09-22:12 AM",58.8659
"2018-09-23:12 AM",60.2818
"2018-09-24:12 AM",51.6349
"2018-09-25:12 AM",43.7488
"2018-09-26:12 AM",46.3145
"2018-09-27:12 AM",50.0833
"2018-09-28:12 AM",46.4878
"2018-09-29:12 AM",50.4396
"2018-09-30:12 AM",49.2017
"2018-10-01:12 AM",50.3996
"2018-10-02:12 AM",57.2016
"2018-10-03:12 AM",54.4055
"2018-10-04:12 AM",47.3337
"2018-10-05:12 AM",42.4584
"2018-10-06:12 AM",38.7932
"2018-10-07:12 AM",37.292
"2018-10-08:12 AM",34.2687
"2018-10-09:12 AM",33.3435
"2018-10-10:12 AM",30.0409
"2018-10-11:12 AM",30.8404
"2018-10-12:12 AM",35.0213
"2018-10-13:12 AM",33.9769
"2018-10-14:12 AM",22.1846
"2018-10-15:12 AM",24.472
"2018-10-16:12 AM",33.2811
"2018-10-17:12 AM",38.1366
"2018-10-18:12 AM",41.3227
"2018-10-19:12 AM",42.5048
"2018-10-20:12 AM",43.6386
"2018-10-21:12 AM",46.1662
"2018-10-22:12 AM",45.2291
"2018-10-23:12 AM",45.2566
"2018-10-24:12 AM",44.7809
"2018-10-25:12 AM",43.2045
"2018-10-26:12 AM",42.8776
"2018-10-27:12 AM",46.1025
"2018-10-28:12 AM",45.5259
"2018-10-29:12 AM",45.6562
"2018-10-30:12 AM",33.5547
"2018-10-31:12 AM",29.2275
"2018-11-01:12 AM",34.2387
"2018-11-02:12 AM",39.2668
"2018-11-03:12 AM",35.2085
"2018-11-04:12 AM",32.531
"2018-11-05:12 AM",32.4799
"2018-11-06:12 AM",27.3214
"2018-11-07:12 AM",23.524
"2018-11-08:12 AM",20.3612
"2018-11-09:12 AM",19.98
"2018-11-10:12 AM",26.1378
"2018-11-11:12 AM",20.2251
"2018-11-12:12 AM",15.4411
"2018-11-13:12 AM",22.2033
"2018-11-14:12 AM",29.7379
"2018-11-15:12 AM",30.8464
"2018-11-16:12 AM",31.9667
"2018-11-17:12 AM",21.5373
"2018-11-18:12 AM",17.337
"2018-11-19:12 AM",21.7393
"2018-11-20:12 AM",24.5197
"2018-11-21:12 AM",27.4622
"2018-11-22:12 AM",30.0445
"2018-11-23:12 AM",28.8286
"2018-11-24:12 AM",27.2329
"2018-11-25:12 AM",18.7736
"2018-11-26:12 AM",18.2237
"2018-11-27:12 AM",24.9044
"2018-11-28:12 AM",29.0908
"2018-11-29:12 AM",25.8537
"2018-11-30:12 AM",26.0456
"2018-12-01:12 AM",21.5899
"2018-12-02:12 AM",15.2026
"2018-12-03:12 AM",15.1583
"2018-12-04:12 AM",11.7225
"2018-12-05:12 AM",11.6177
"2018-12-06:12 AM",11.4391
"2018-12-07:12 AM",13.5702
"2018-12-08:12 AM",19.508
"2018-12-09:12 AM",15.4398
"2018-12-10:12 AM",17.1568
"2018-12-11:12 AM",20.4271
"2018-12-12:12 AM",22.5113
"2018-12-13:12 AM",16.7079
"2018-12-14:12 AM",19.9081
"2018-12-15:12 AM",25.2761
"2018-12-16:12 AM",24.5448
"2018-12-17:12 AM",26.4751
"2018-12-18:12 AM",26.8453
"2018-12-19:12 AM",28.2193
"2018-12-20:12 AM",23.7016
"2018-12-21:12 AM",27.5743
"2018-12-22:12 AM",19.4218
"2018-12-23:12 AM",17.6398
"2018-12-24:12 AM",23.0374
"2018-12-25:12 AM",21.8451
"2018-12-26:12 AM",20.2777
"2018-12-27:12 AM",10.2196
"2018-12-28:12 AM",5.7483
"2018-12-29:12 AM",9.5374
"2018-12-30:12 AM",20.4597
"2018-12-31:12 AM",7.3326
"2019-01-01:12 AM",-4.4957
"2019-01-02:12 AM",8.276
"2019-01-03:12 AM",17.5942
"2019-01-04:12 AM",23.1526
"2019-01-05:12 AM",24.5622
"2019-01-06:12 AM",27.3169
"2019-01-07:12 AM",21.0087
"2019-01-08:12 AM",16.5497
"2019-01-09:12 AM",23.5173
"2019-01-10:12 AM",25.8679
"2019-01-11:12 AM",24.4717
"2019-01-12:12 AM",17.1081
"2019-01-13:12 AM",12.6333
"2019-01-14:12 AM",14.0733
"2019-01-15:12 AM",17.488
"2019-01-16:12 AM",23.6197
"2019-01-17:12 AM",27.2313
"2019-01-18:12 AM",24.9226
"2019-01-19:12 AM",22.9147
"2019-01-20:12 AM",29.5081
"2019-01-21:12 AM",25.5526
"2019-01-22:12 AM",15.2861
"2019-01-23:12 AM",16.1058
"2019-01-24:12 AM",16.9434
"2019-01-25:12 AM",17.5797
"2019-01-26:12 AM",21.0168
"2019-01-27:12 AM",25.4944
"2019-01-28:12 AM",16.356
"2019-01-29:12 AM",8.7289
"2019-01-30:12 AM",12.7998
"2019-01-31:12 AM",20.5111
"2019-02-01:12 AM",25.1803
"2019-02-02:12 AM",27.829
"2019-02-03:12 AM",29.6578
"2019-02-04:12 AM",22.4852
"2019-02-05:12 AM",21.5434
"2019-02-06:12 AM",8.1183
"2019-02-07:12 AM",-1.5363
"2019-02-08:12 AM",5.3467
"2019-02-09:12 AM",9.7668
"2019-02-10:12 AM",10.9432
"2019-02-11:12 AM",11.9847
"2019-02-12:12 AM",15.323
"2019-02-13:12 AM",24.8023
"2019-02-14:12 AM",26.3349
"2019-02-15:12 AM",26.0209
"2019-02-16:12 AM",19.852
"2019-02-17:12 AM",9.0777
"2019-02-18:12 AM",2.862
"2019-02-19:12 AM",5.4833
"2019-02-20:12 AM",7.182
"2019-02-21:12 AM",7.4939
"2019-02-22:12 AM",10.5865
"2019-02-23:12 AM",9.6143
"2019-02-24:12 AM",14.0281
"2019-02-25:12 AM",18.5185
"2019-02-26:12 AM",23.6044
"2019-02-27:12 AM",22.1196
"2019-02-28:12 AM",25.7383
"2019-03-01:12 AM",21.7033
"2019-03-02:12 AM",12.33
"2019-03-03:12 AM",0.878
"2019-03-04:12 AM",1.8765
"2019-03-05:12 AM",9.9952
"2019-03-06:12 AM",23.4145
"2019-03-07:12 AM",26.2533
"2019-03-08:12 AM",25.1757
"2019-03-09:12 AM",20.0905
"2019-03-10:12 AM",15.7728
"2019-03-11:12 AM",19.0425
"2019-03-12:12 AM",26.4729
"2019-03-13:12 AM",24.3385
"2019-03-14:12 AM",19.7665
"2019-03-15:12 AM",19.2137